date,open,high,low,adjClose,value,volume,count,yesterday,close,rsi,macd,macd_signal,bb_upper,bb_lower,sma_20,sma_50,future_return,signal
2013-06-29,9870.0,10020.0,9770.0,9916.0,101526115133,10238979,1549,9675.0,9850.0,56.587890128136,97.32126102090842,151.9856658899748,10289.17911745592,9238.920882544078,9764.05,9209.04,0.03675126903553294,0
2013-06-30,9950.0,10010.0,9750.0,9933.0,142752609618,14371785,1828,9916.0,9950.0,58.35836240520541,114.03592286528692,144.39571728503722,10299.791327229277,9239.008672770722,9769.4,9258.04,0.06180904522613062,1
2013-07-01,9950.0,10300.0,9862.0,10103.0,119735996486,11851191,1834,9933.0,10029.0,59.75474583433169,132.13389527481013,141.9433528829918,10278.58714325125,9248.012856748748,9763.3,9302.62,0.022135806162129734,0
2013-07-02,10052.0,10057.0,9740.0,9879.0,74928452029,7584617,1234,10103.0,9797.0,54.02521612028724,126.30029650421056,138.81474160723556,10281.898784569197,9251.401215430802,9766.65,9346.48,0.03541900581810764,0
2013-07-03,9750.0,9949.0,9711.0,9820.0,152071282187,15485412,2297,9879.0,9773.0,53.454215639275105,118.37596360411953,134.72698600661235,10279.195558504429,9249.704441495573,9764.45,9385.14,-0.09035096694975953,0
2013-07-06,9900.0,10212.0,9880.0,10159.0,132797212207,13072342,1276,9820.0,10212.0,61.475057017568396,145.83836986639471,136.94926277856882,10279.642409185026,9249.457590814973,9764.55,9428.96,-0.13924794359576964,0
2013-07-07,10565.0,10565.0,10159.0,10515.0,385530040273,36665305,3688,10159.0,10565.0,66.47738669515971,193.8520685634321,148.3298239355415,10365.837404949578,9193.76259505042,9779.8,9473.8,-0.19432087079981064,0
2013-07-08,10580.0,10580.0,10240.0,10405.0,92299125530,8871000,1261,10515.0,10251.0,59.12330221411069,204.21206533674194,159.5062722157816,10420.86336876465,9179.33663123535,9800.1,9511.3,-0.17549507365135109,0
2013-07-09,10300.0,10390.0,10054.0,10180.0,113563809046,11155213,1464,10405.0,10144.0,56.81671638284718,201.46605636612549,167.89822904585037,10458.912038965569,9189.68796103443,9824.3,9545.58,-0.1398856466876972,0
2013-07-29,8700.0,9000.0,8700.0,8860.0,277944277919,31372446,2061,10180.0,8890.0,38.07095309141772,96.98452732799524,153.71548870227934,10538.366612416603,9043.233387583396,9790.8,9554.34,0.013723284589426399,0
2013-07-31,8810.0,9098.0,8700.0,8863.0,138556807188,15634029,2337,8860.0,8790.0,37.02195782957445,6.0433347502203105,124.18105791186754,10613.08650597401,8902.71349402599,9757.9,9559.98,0.023663253697383313,0
2013-08-03,8850.0,8850.0,8509.0,8603.0,176163064180,20476274,2248,8863.0,8512.0,34.20069115316366,-87.45239544319338,81.85436724085535,10703.625622451325,8680.374377548675,9692.0,9559.74,0.10021146616541343,1
2013-08-04,8402.0,8510.0,8321.0,8390.0,129168581907,15395336,1262,8603.0,8452.0,33.60545988344626,-164.4937521993652,32.584743352811245,10750.773577599562,8479.526422400437,9615.15,9557.76,0.10624704212020819,1
2013-08-05,8533.0,8725.0,8533.0,8666.0,58456206202,6722424,492,8390.0,8725.0,38.82266033363256,-201.2014390915283,-14.172493136056662,10751.396965629012,8365.403034370987,9558.4,9560.52,0.03885386819484249,0
2013-08-06,8990.0,9012.0,8870.0,8986.0,136285766634,15166794,1462,8666.0,9012.0,43.82054902537848,-204.77354205158372,-52.29270291916208,10732.396418545635,8308.803581454365,9520.6,9568.42,0.03750554815801155,0
2013-08-07,9200.0,9300.0,8902.0,9012.0,112294498445,12460440,1579,8986.0,8998.0,43.633289134306494,-206.355405714854,-83.10524347830047,10713.459373565596,8255.740626434404,9484.6,9575.4,0.0170037786174706,0
2013-08-11,9285.0,9372.0,9150.0,9321.0,87160077842,9350627,1251,9012.0,9365.0,49.701300930992105,-175.96677575628019,-101.67754993389642,10713.459373565596,8255.740626434404,9484.6,9582.82,-0.015589962626801901,0
2013-08-12,9370.0,9569.0,9290.0,9396.0,114740242348,12211486,1158,9321.0,9350.0,49.46690592845041,-151.34928190547362,-111.61189632821187,10714.836309762724,8260.363690237276,9487.6,9586.4,-0.03433155080213901,0
2013-08-13,9355.0,9450.0,9021.0,9109.0,71215236033,7818385,923,9396.0,9064.0,45.09960803371228,-153.1521082969448,-119.91993872195846,10712.57982326571,8232.020176734288,9472.3,9573.94,0.003971756398940762,0
2013-08-17,9473.0,9473.0,9330.0,9463.0,156607143160,16548816,1046,9109.0,9350.0,49.866254125167345,-130.0044411301842,-121.93683920360363,10690.058000944913,8217.841999055088,9453.95,9564.32,-0.03743315508021394,0
2013-08-18,9378.0,9378.0,9086.0,9295.0,36452528444,3984045,596,9463.0,9151.0,46.820168139026485,-126.26191624306193,-122.8018546114953,10647.84563717337,8190.15436282663,9419.0,9547.34,-0.02524314282592066,0
2013-08-19,9250.0,9399.0,9130.0,9248.0,36908352546,4008184,533,9295.0,9219.0,47.989313520385096,-116.46635496405543,-121.53475468200733,10589.23324068576,8175.666759314241,9382.45,9537.54,-0.007484542792059901,0
2013-08-20,9250.0,9250.0,8880.0,9122.0,30315021686,3379022,572,9248.0,9029.0,45.01164843771515,-122.62121316467346,-121.75204637854057,10510.459248690358,8154.440751309643,9332.45,9524.32,-0.014287296489090662,0
2013-08-21,9037.0,9200.0,8935.0,9092.0,42274247802,4658628,453,9122.0,9100.0,46.351264156447584,-120.38218510915249,-121.47807412466297,10459.707120707906,8135.492879292095,9297.6,9516.5,-0.04175824175824172,0
2013-08-24,9100.0,9199.0,8970.0,9077.0,51676985377,5696162,536,9092.0,9000.0,44.69953485672278,-125.23329207295501,-122.22911771432139,10406.569183353093,8111.330816646909,9258.95,9507.5,-0.005555555555555536,0
2013-08-25,9040.0,9040.0,8900.0,8975.0,81261131925,9053940,735,9077.0,8920.0,43.368092763404064,-133.98862326028757,-124.58101882351463,10262.831965219822,8125.868034780178,9194.35,9502.88,0.01917040358744404,0
2013-08-26,8900.0,9199.0,8853.0,9020.0,84449834632,9362683,867,8975.0,9150.0,48.14989339589596,-120.9736989966841,-123.85955485814853,9987.479945362787,8259.720054637213,9123.6,9506.8,0.01333333333333342,0
2013-08-27,9200.0,9260.0,8880.0,9052.0,90163961665,9960360,768,9020.0,8900.0,43.8188901727233,-129.3412233030176,-124.95588854712236,9751.628744643629,8360.47125535637,9056.05,9502.0,-0.013258426966292092,0
2013-08-28,8700.0,8869.0,8690.0,8707.0,116349499986,13362506,924,9052.0,8720.0,40.96201251452058,-148.78197626891233,-129.72110609148035,9484.260562563513,8485.439437436487,8984.85,9490.92,0.01066513761467891,0
2013-08-31,8726.0,8980.0,8726.0,8742.0,14699882983,1658130,296,8707.0,8950.0,45.82259669387143,-143.97023598556734,-132.57093207029777,9485.663730224474,8490.036269775526,8987.85,9482.28,0.010949720670391017,0
2013-09-01,9078.0,9091.0,8833.0,9088.0,86514338494,9519926,503,8742.0,9091.0,48.61555562182693,-127.31180429935011,-131.51910651610825,9494.032935161149,8511.76706483885,9002.9,9474.8,-0.019249807501924954,0
2013-09-03,9350.0,9351.0,9001.0,9147.0,34240046039,3719282,513,9088.0,9272.0,52.033966894467476,-98.37073327112375,-124.88943186711137,9490.034679133116,8591.765320866883,9040.9,9463.38,-0.002157031924072461,0
2013-09-04,9099.0,9099.0,8782.0,8812.0,145102637414,16465858,1048,9147.0,8782.0,43.58127942849604,-113.66339006358248,-122.64422350640561,9437.765823911675,8677.034176088324,9057.4,9436.0,0.0839216579366886,1
2013-09-07,8602.0,9090.0,8602.0,8822.0,15350694057,1733860,378,8812.0,8813.0,44.198870715661215,-121.87657256407147,-122.49069331793879,9428.472933279794,8695.127066720204,9061.8,9417.66,0.10745489617610349,1
2013-09-08,8899.0,9050.0,8851.0,8857.0,13012824569,1445168,307,8822.0,9048.0,48.77647493841494,-108.1760566021876,-119.62776597478856,9429.630271972153,8697.569728027847,9063.6,9402.28,0.07427055702917773,1
2013-09-09,9050.0,9100.0,8916.0,8897.0,15076834480,1669020,262,8857.0,8916.0,46.47045564741032,-106.73917308102864,-117.05004739603659,9430.185041510995,8688.814958489005,9059.5,9376.4,0.10251233737101839,1
2013-09-10,9130.0,9252.0,9130.0,9153.0,50082955311,5415193,561,8897.0,9252.0,52.61191665020556,-77.59359000227414,-109.1587559172841,9408.849873239426,8698.850126760575,9053.85,9356.24,0.10365326415910081,1
2013-09-11,9519.0,9519.0,9452.0,9518.0,96934152091,10183867,865,9153.0,9519.0,56.84863290056136,-32.57532872971933,-93.84207047977115,9451.493062630885,8673.106937369113,9062.3,9349.72,0.10053577056413499,1
2013-09-14,9663.0,9798.0,9364.0,9569.0,29677995956,3078556,669,9518.0,9760.0,60.29890381927143,22.291688834015076,-70.61531861701391,9591.046920225252,8603.15307977475,9097.1,9351.72,0.11424180327868849,1
2013-09-15,9750.0,9916.0,9720.0,9830.0,73279761521,7454742,796,9569.0,9720.0,59.449268060480286,61.833748875871606,-44.12550511843681,9670.05807776604,8561.141922233961,9115.6,9354.92,0.09197530864197523,1
2013-09-16,9720.0,9917.0,9652.0,9819.0,38016080524,3875988,488,9830.0,9830.0,61.073636620091804,100.88426601549327,-15.123550891650797,9785.660202716488,8513.43979728351,9149.55,9362.56,0.11403865717192274,1
2013-09-17,9900.0,10211.0,9900.0,10074.0,52370260937,5140778,522,9819.0,10211.0,66.1338484611793,160.72288467456383,20.04573622159213,9986.02108855264,8412.27891144736,9199.15,9370.18,0.0907844481441582,1
2013-09-18,10476.0,10476.0,10476.0,10457.0,74274902856,7090006,277,10074.0,10476.0,69.13883647135398,226.91299462483767,61.41918790224125,10229.887708602328,8313.112291397672,9271.5,9379.92,0.10471554028255059,1
2013-09-21,10875.0,10875.0,10875.0,10712.0,49326553125,4535775,179,10457.0,10875.0,73.02053602925744,308.01449963288906,110.7382502483708,10541.503888882498,8178.996111117502,9360.25,9400.22,0.09609195402298853,1
2013-09-22,10700.0,10700.0,10284.0,10530.0,272791459691,25905626,1932,10712.0,10614.0,67.07711756460918,347.2249152416698,158.03558324703062,10728.479646260634,8153.420353739368,9440.95,9417.14,0.130864895421142,1
2013-09-23,10730.0,10951.0,10699.0,10710.0,37159392139,3401744,347,10530.0,10951.0,70.42444552214273,400.8715381232905,206.60277422228262,10963.153159641732,8121.846840358268,9542.5,9441.8,0.1398958999178157,1
2013-09-24,11138.0,11138.0,10925.0,11128.0,296059364857,26605760,1589,10710.0,11138.0,72.11844691944106,453.2514103168869,255.9325014412035,11209.396972883853,8074.403027116146,9641.9,9477.26,0.1593643383013108,1
2013-09-25,11350.0,11573.0,11129.0,11462.0,121806784694,10627432,930,11128.0,11573.0,75.61708365003493,523.8253681857514,309.51107479011307,11513.751308824743,8037.348691175255,9775.55,9522.92,0.12226734640974679,1
2013-09-28,11920.0,11920.0,11920.0,11542.0,15402880960,1292188,70,11462.0,11920.0,77.98972581260172,600.8297469355948,367.77480921920943,11837.086165840677,8034.013834159321,9935.55,9573.92,0.0511744966442953,1
2013-09-29,12003.0,12003.0,12003.0,12003.0,119012565705,9915235,326,11542.0,12003.0,78.52793814580316,660.934832885634,426.4068139524944,12133.497005327119,8042.902994672882,10088.2,9619.64,0.04973756560859788,0
2013-09-30,12250.0,12483.0,12200.0,12417.0,484600553742,39028743,2740,12003.0,12483.0,81.36577461298288,738.784289594234,488.88230908084233,12497.513160206032,8018.086839793967,10257.8,9672.3,0.0448610109749259,0
2013-10-01,12550.0,12913.0,12303.0,12815.0,255612312953,19946636,2563,12417.0,12913.0,83.47303681350448,825.6602538007537,556.2378980248246,12909.547007731942,7970.152992268058,10439.85,9731.56,0.040424378533260974,0
2013-10-02,13000.0,13298.0,12801.0,13011.0,134613897610,10346135,2064,12815.0,12988.0,83.8167920625454,890.2991402440275,623.0501464686652,13233.05907892634,8067.240921073659,10650.15,9790.74,0.07568524792115805,1
2013-10-05,12950.0,12990.0,12491.0,12692.0,155148202325,12224058,1958,13011.0,12530.0,73.73130048906451,894.2606707594823,677.2922513268286,13398.225907292355,8273.774092707645,10836.0,9845.4,0.15107741420590592,1
2013-10-06,12690.0,12690.0,12340.0,12542.0,130279526321,10387521,1523,12692.0,12600.0,74.24145831493135,892.7574747729068,720.3852960160442,13547.72410114425,8479.475898855751,11013.6,9901.94,0.15500000000000003,1
2013-10-07,12697.0,13043.0,12506.0,12919.0,113098187210,8754115,997,12542.0,13043.0,77.25233625678013,916.7449141022535,759.6572196332861,13708.96012251862,8730.939877481382,11219.95,9958.56,0.1498888292570728,1
2013-10-08,13435.0,13435.0,13100.0,13434.0,171363174891,12755637,905,12919.0,13435.0,79.53220554945372,956.3619117067028,798.9981580479696,13924.479802755519,8933.720197244482,11429.1,10015.96,0.15898771864532946,1
2013-10-09,13899.0,13971.0,13751.0,13869.0,87857347602,6299052,521,13434.0,13971.0,82.16443332589357,1019.259993457119,843.0505251297994,14219.047276859947,9084.352723140055,11651.7,10090.36,0.07866294467110446,1
2013-10-12,14423.0,14423.0,14423.0,13994.0,24264735972,1682364,91,13869.0,14423.0,84.02963421042408,1092.9805988916942,893.0365398821784,14567.04151255092,9202.65848744908,11884.85,10175.94,0.05733897247451991,1
2013-10-13,14553.0,14553.0,14423.0,14551.0,1034570078820,71097309,4221,13994.0,14553.0,84.53070470602087,1148.6536590026371,944.1599637062702,14855.43059640589,9397.56940359411,12126.5,10289.2,-0.007077578506149984,0
2013-10-14,14555.0,15133.0,14450.0,14973.0,467184382833,31201990,3845,14551.0,14998.0,86.13440702420509,1214.6806587020637,998.264102705429,15173.143167300912,9596.656832699087,12384.9,10413.36,-0.06267502333644481,0
2013-10-15,15133.0,15571.0,15101.0,15541.0,429206668155,27617372,2977,14973.0,15571.0,87.87716372545958,1298.2781011024472,1058.2669023848327,15580.711872371623,9725.088127628376,12652.9,10554.54,-0.10538822169417505,0
2013-10-19,16000.0,16157.0,15000.0,15716.0,323426909961,20579555,4958,15541.0,15070.0,78.57755622017936,1309.0136687824925,1108.4162556643648,15812.058953458856,9953.141046541145,12882.6,10686.9,-0.03988055739880558,0
2013-10-20,15120.0,15400.0,15088.0,15163.0,463537745965,30570752,3324,15716.0,15250.0,79.42020965726158,1316.8661657536668,1150.1062376822254,16051.7988658508,10150.9011341492,13101.35,10817.4,-0.01993442622950825,0
2013-10-26,15052.0,15080.0,14450.0,14643.0,219314558544,14977108,5028,15090.0,14450.0,66.83681308751805,1244.1937213207857,1168.9237344099374,16065.223034752202,10521.076965247797,13293.15,10926.16,0.05757785467128018,1
2013-10-27,14299.0,14500.0,14058.0,14079.0,103318488595,7342146,1987,14643.0,14058.0,61.679883926356105,1141.8071198839589,1163.5004115047418,16019.048618486002,10877.951381513998,13448.5,11027.36,0.11324512732963443,1
2013-10-28,13802.0,14190.0,13580.0,13923.0,147588401639,10600411,1616,14079.0,13930.0,60.05058321301726,1038.3668239447488,1138.4736939927432,15935.109578165437,11241.090421834564,13588.1,11118.66,0.13352476669059588,1
2013-10-29,14000.0,14479.0,13999.0,14372.0,143996750461,10019493,1353,13923.0,14469.0,64.32419404883566,988.4877678790454,1108.4765087700036,15916.39654453592,11549.403455464078,13732.9,11221.04,0.14499965443361673,1
2013-10-30,14799.0,14946.0,14700.0,14695.0,66005393605,4425753,492,14372.0,14946.0,67.62492143499293,976.1951995326508,1082.0202469225333,15960.99836286538,11807.40163713462,13884.2,11338.68,0.14579151612471564,1
2013-11-02,15282.0,15282.0,14900.0,15249.0,255399644407,16748746,2249,14695.0,15282.0,69.74813462863625,982.2429571013417,1062.0647889582951,16020.093029096006,12076.206970903993,14048.15,11457.32,0.1484098939929328,1
2013-11-03,15577.0,15858.0,15440.0,15822.0,282327444664,17844198,1991,15249.0,15650.0,71.92018661291294,1005.143702124089,1050.680571591454,16158.807916287886,12254.192083712114,14206.5,11587.3,0.10223642172523961,1
2013-11-04,15351.0,16391.0,15351.0,15930.0,227116013171,14257244,1942,15822.0,15790.0,72.72257803728839,1022.7993433570227,1045.1043259445678,16324.07766865147,12376.622331348532,14350.35,11718.72,0.06542115262824577,1
2013-11-05,16005.0,16567.0,16005.0,16467.0,134511933132,8168779,1213,15930.0,16567.0,76.70175251180723,1086.9591837149383,1053.475297498642,16621.90995887919,12436.690041120808,14529.3,11869.48,0.05631677431037607,1
2013-11-06,17124.0,17125.0,17000.0,17116.0,125862899823,7350299,545,16467.0,17125.0,79.0637841513364,1169.3526861752434,1076.6507752339623,16930.677912419713,12587.422087580288,14759.05,12029.98,0.047474452554744584,0
2013-11-09,17800.0,17800.0,17250.0,17725.0,525320489515,29636929,3498,17116.0,17550.0,80.67112659385985,1254.483177434171,1112.217255674004,17264.098181102767,12749.001818897232,15006.55,12200.98,0.0034188034188034067,0
2013-11-10,17300.0,17990.0,17062.0,17501.0,185774820198,10615007,2187,17725.0,17250.0,76.22265031676687,1282.9531272531676,1146.364429989837,17487.37201260012,12946.427987399878,15216.9,12367.58,0.02098550724637671,0
2013-11-11,17010.0,17350.0,16811.0,17107.0,134869201738,7883838,1769,17501.0,16823.0,70.28206832504027,1256.5754169717184,1168.4066273862131,17604.66327953752,13167.93672046248,15386.3,12521.04,0.04618676811508049,0
2013-11-12,17000.0,17630.0,16810.0,17249.0,111078165551,6431431,1715,17107.0,17500.0,73.7722743092865,1275.5948699766031,1189.8442759042912,17862.647378145484,13262.852621854516,15562.75,12693.04,-0.014857142857142902,0
2013-11-16,17800.0,17938.0,17601.0,17674.0,85128047065,4752018,635,17249.0,17938.0,75.75610666301196,1310.899628086112,1214.0553463406554,18195.028485485258,13281.971514514742,15738.5,12877.4,-0.06349648790277618,0
2013-11-17,18200.0,18379.0,17529.0,18000.0,181496306086,10083291,2217,17674.0,17610.0,71.40067626696205,1297.4557818404428,1230.735433440613,18413.353193891813,13369.346806108188,15891.35,13050.6,-0.01817149346961955,0
2013-11-18,17787.0,18400.0,17600.0,18006.0,119110517354,6614595,1607,18000.0,17612.0,71.41146936447103,1272.2965771540585,1239.0476621833022,18615.249296236314,13428.850703763685,16022.05,13221.02,-0.05626845332727681,0
2013-11-19,17750.0,18190.0,17505.0,17829.0,88919624321,5011537,1504,18006.0,17600.0,71.23775469540624,1237.1285783011463,1238.6638454068711,18795.729443741784,13451.270556258216,16123.5,13387.58,-0.07187500000000002,0
2013-11-20,17401.0,17800.0,17130.0,17412.0,112816579490,6501428,1861,17829.0,17240.0,66.04703266201673,1166.7590227519868,1224.2828808758943,18900.53203091148,13563.467969088522,16232.0,13556.74,-0.058526682134570795,0
2013-11-23,17510.0,17888.0,16750.0,17087.0,167504316293,9802945,2243,17412.0,16799.0,60.25499500355332,1063.1502937860969,1192.0563634579348,18949.242073251327,13669.657926748672,16309.45,13716.46,0.015179474968748163,0
2013-11-24,17490.0,17545.0,16800.0,17313.0,291266919781,16823414,3949,17087.0,17290.0,64.03652304422107,1009.0277819890489,1155.4506471641578,18979.02413145501,13923.875868544988,16451.45,13881.3,-0.05147484094852517,0
2013-11-25,17000.0,17400.0,16621.0,16788.0,377641914491,22494468,3786,17313.0,16621.0,56.19165089783926,901.7576911852193,1104.7120559683701,18856.21374853104,14302.986251468956,16579.6,14035.4,-0.01437939955478007,0
2013-11-26,16600.0,17350.0,16251.0,16712.0,207405315743,12410280,3144,16788.0,16335.0,53.19161859277366,784.6229170091683,1040.6942281765298,18631.952406706376,14767.747593293621,16699.85,14177.06,-0.015120906029996939,0
2013-11-27,16801.0,16899.0,16180.0,16399.0,324321865643,19776334,2525,16712.0,16231.0,52.10228007952979,675.6127900392221,967.6779405490684,18446.442987624785,15129.457012375216,16787.95,14311.3,-0.0019099254512968677,0
2013-11-30,16700.0,17054.0,16301.0,16924.0,204448281683,12080461,1345,16399.0,17054.0,59.219681281760856,648.1591260024925,903.7741776397532,18322.252694377956,15464.447305622041,16893.35,14457.18,-0.01723935733552251,0
2013-12-01,17500.0,17599.0,16248.0,17064.0,222742597204,13052982,2635,16924.0,16400.0,52.538587113110765,567.0924761047427,836.4378373327512,18197.710151546933,15700.789848453067,16949.25,14590.78,0.053292682926829205,1
2013-12-02,16590.0,16800.0,16382.0,16434.0,133074537947,8097461,1696,17064.0,16382.0,52.36348575414256,495.68022930616644,768.2863157274344,18117.23804572109,15854.461954278908,16985.85,14721.82,0.037724331583445236,0
2013-12-03,16000.0,16598.0,15777.0,16008.0,199226103169,12445792,2035,16434.0,16088.0,49.46375472448581,410.6286943009418,696.7547914421359,18075.16442190646,15926.33557809354,17000.75,14839.36,0.05171556439582292,1
2013-12-04,16300.0,16400.0,16000.0,16116.0,119153465240,7393123,1515,16008.0,16200.0,50.58637089472612,348.2478199315974,627.0533971400282,18097.582388670387,15867.217611329614,16982.4,14953.84,0.030864197530864113,0
2013-12-07,16390.0,16760.0,16201.0,16610.0,101598101234,6076064,1241,16116.0,16760.0,55.86548846123972,340.0776440589598,569.6582465238146,18081.34510829604,15846.954891703966,16964.15,15071.54,-0.017899761336515496,0
2013-12-08,16998.0,17274.0,16760.0,17231.0,252630113479,14661103,2404,16610.0,17274.0,60.081032739463346,370.80382941163407,529.8873631013785,18044.845550470895,15855.854449529103,16950.35,15204.74,-0.027440083362278544,0
2013-12-09,17700.0,17746.0,16970.0,17244.0,97742629686,5667005,1781,17231.0,17000.0,56.95782511695039,368.79381703083345,497.6686538872695,18024.050032222694,15851.649967777303,16937.85,15325.72,-0.020588235294117685,0
2013-12-10,16900.0,16920.0,16610.0,16882.0,111310357676,6611167,1394,17244.0,16920.0,56.0418160457009,356.63447608255956,469.46181832632755,18027.67098578745,15857.729014212553,16942.7,15441.36,-0.030732860520094607,0
2013-12-11,16850.0,17000.0,16621.0,16770.0,89488624764,5350013,1076,16882.0,16700.0,53.49399575036954,325.49385880306,440.6682264216741,17961.201790268013,15844.198209731989,16902.7,15543.9,-0.041916167664670656,0
2013-12-14,16160.0,16650.0,16160.0,16545.0,86760417713,5273422,1050,16770.0,16460.0,50.781699829338784,278.2413084125292,408.1828428198451,17789.7415382845,15867.858461715501,16828.8,15634.7,-0.037120291616038914,0
2013-12-15,16500.0,16949.0,16406.0,16731.0,96098570845,5724557,1046,16545.0,16800.0,54.31558519022415,265.17174547507966,379.5806233508921,17679.904643326052,15896.695356673948,16788.3,15730.64,-0.023809523809523836,0
2013-12-16,16820.0,17200.0,16500.0,16839.0,95006908974,5630707,1200,16731.0,16650.0,52.52382765602875,239.9443472138264,351.65336812347897,17548.799678456882,15931.600321543121,16740.2,15813.98,0.007747747747747669,0
2013-12-17,16800.0,16800.0,16283.0,16510.0,113142222715,6864282,1086,16839.0,16400.0,49.58778143842039,197.50186313775703,320.8230671263346,17397.646471871292,15962.75352812871,16680.2,15883.72,0.02731707317073173,0
2013-12-18,16310.0,16600.0,15900.0,16329.0,176951556935,10836672,1660,16510.0,16000.0,45.23116834788553,130.08963928171943,282.67638155741156,17345.670026874344,15890.729973125659,16618.2,15943.96,0.04643749999999991,0
2013-12-21,15802.0,16150.0,15800.0,16018.0,90717956545,5697269,1247,16329.0,15849.0,43.671355042618096,63.74570732291977,238.8902467105132,17365.67398699615,15775.726013003852,16570.7,16010.34,0.06631333207142398,1
2013-12-22,15800.0,16499.0,15800.0,16134.0,49465207796,3034033,761,16018.0,16400.0,50.393838911433576,54.994812399952934,202.11115984840114,17251.742445347307,15800.657554652696,16526.2,16086.34,0.027439024390243816,0
2013-12-24,16759.0,16779.0,16580.0,16605.0,91423659927,5449484,382,16134.0,16779.0,54.42303293262638,77.74559486885846,177.23804685249263,17267.002694769602,15801.197305230395,16534.1,16161.06,0.025090887418797392,0
2013-12-25,17269.0,17269.0,16700.0,17148.0,268475727447,15656492,2012,16605.0,16848.0,55.13746499387722,100.18856580752617,161.82815064349933,17298.866465789088,15820.633534210914,16559.75,16229.32,0.03905508072174735,0
2013-12-28,16899.0,16899.0,16511.0,16855.0,78062511337,4679519,775,17148.0,16743.0,53.75653496589646,108.25427163346467,151.11337484149243,17312.51745664293,15858.182543357065,16585.35,16284.76,0.05620259212805356,1
2013-12-29,16842.0,17074.0,16601.0,16775.0,108457495889,6470049,882,16855.0,16900.0,55.549201384324746,125.86410643574345,146.06352116034265,17287.868072144433,15867.43192785557,16577.65,16334.3,0.040828402366863914,0
2013-12-30,16550.0,16950.0,16400.0,16749.0,94657617549,5654299,1044,16775.0,16850.0,54.820338454582,134.2380327744395,143.69842348316203,17314.928084443385,15885.371915556618,16600.15,16380.24,0.022195845697329464,0
2014-01-01,16770.0,17299.0,16770.0,17190.0,122352591876,7109300,1242,16749.0,17200.0,58.886931026547224,167.18925104237132,148.3965889950039,17393.81994493707,15888.28005506293,16641.05,16424.28,-0.00558139534883717,0
2014-01-04,17249.0,17699.0,17180.0,17423.0,95976532909,5482552,1088,17190.0,17506.0,62.09894246651693,215.51069839140473,161.81941087428407,17508.82526627482,15915.074733725181,16711.95,16462.98,-0.026048212041585694,0
2014-01-05,17595.0,17750.0,17521.0,17607.0,94673964766,5355232,1430,17423.0,17684.0,63.86734186230106,265.1128500364721,182.4780987067217,17651.9128485911,15920.387151408904,16786.15,16515.26,-0.055304229812259686,0
2014-01-06,17701.0,17930.0,17502.0,17672.0,92131708851,5205041,1172,17607.0,17590.0,62.21641976488183,293.45513009985734,204.67350498534884,17761.32794768891,15893.97205231109,16827.65,16562.06,-0.017623649801023267,0
2014-01-07,17480.0,17512.0,17100.0,17464.0,104734407070,6014101,775,17672.0,17224.0,56.13229067804631,283.1198209745926,220.3627681831976,17754.290737456162,15896.009262543841,16825.15,16617.54,-0.06351602415234558,0
2014-01-08,17152.0,17399.0,17005.0,17196.0,92207929196,5394036,709,17464.0,17104.0,54.25881294367643,262.223270281298,228.7348686028177,17764.4973706009,15896.202629399098,16830.35,16678.46,-0.04700654817586525,0
2014-01-11,17780.0,17780.0,17050.0,17248.0,89334273910,5172478,675,17196.0,17050.0,53.395168606234996,238.55533717080834,230.69896231641584,17775.201805028675,15898.49819497132,16836.85,16740.86,-0.010439882697947267,0
2014-01-12,17175.0,17180.0,16559.0,16616.0,178024595742,10714208,922,17248.0,16706.0,48.13854405872554,189.8519099512414,222.52955184338097,17775.330425078555,15898.969574921446,16837.15,16785.6,-0.02939063809409792,0
2014-01-13,17199.0,17280.0,17000.0,17013.0,78816780445,4565637,447,16616.0,17280.0,55.934079897070795,195.3195734122528,217.08755615715535,17818.48680668183,15937.813193318172,16878.15,16832.28,-0.033622685185185186,0
2014-01-21,16790.0,16790.0,16119.0,16485.0,131567900855,7980834,816,17013.0,16130.0,42.236119436795846,105.63959950378921,194.79796482648214,17839.87284439244,15849.427155607562,16844.65,16849.24,0.03230006199628033,0
2014-01-22,16120.0,16700.0,16002.0,16430.0,77411894839,4720737,1039,16485.0,16300.0,44.403631864352455,47.73489516520567,165.38535089422686,17847.44138485071,15806.858615149293,16827.15,16862.24,0.04779141104294471,0
2014-01-25,16500.0,17000.0,16500.0,16806.0,99856245587,5907423,982,16430.0,16872.0,51.058160714106116,47.45360378694022,141.79900147276953,17852.08788003879,15849.41211996121,16850.75,16883.88,0.009068278805120844,0
2014-01-26,16998.0,16998.0,16137.0,16709.0,25855848582,1581601,470,16806.0,16215.0,44.47359480282056,-5.717819415825943,112.29563729505044,17830.156698733135,15892.843301266863,16861.5,16876.84,0.029540548874498862,0
2014-01-27,17000.0,17001.0,16170.0,16653.0,54300744048,3274681,552,16709.0,16699.0,49.62732493543557,-8.701494923225255,88.09621085139531,17759.17296496123,16048.82703503877,16904.0,16868.32,-0.014851188693933759,0
2014-01-28,16850.0,16998.0,16500.0,16672.0,47349040902,2834926,640,16653.0,16651.0,49.14020085159397,-14.769029922776099,67.52316269656103,17748.829634498274,16084.270365501725,16916.55,16850.34,-0.02168037955678337,0
2014-01-29,16798.0,17139.0,16600.0,16834.0,67372816488,3968779,719,16672.0,17079.0,53.52108651043634,14.787961515441566,56.97612246033714,17764.186409245107,16098.913590754893,16931.55,16846.92,-0.06142045787224082,0
2014-02-01,17002.0,17200.0,16900.0,16949.0,72055090787,4229334,681,16834.0,17025.0,52.901939829885556,33.46893245404135,52.27468445907798,17773.058729612912,16107.741270387092,16940.4,16850.96,-0.06613803230543314,0
2014-02-02,16950.0,16990.0,16691.0,16890.0,37179204430,2219267,452,16949.0,16694.0,49.14875408698531,21.31905005603039,46.083557578468465,17773.201932054388,16102.698067945616,16937.95,16834.84,-0.01994728645022159,0
2014-02-03,16550.0,16860.0,16300.0,16809.0,23001704822,1397441,312,16890.0,16451.0,46.538380365720776,-7.827656096895225,35.30131484339573,17777.33861598363,16053.661384016368,16915.5,16805.1,-0.003829554434380933,0
2014-02-04,16600.0,16776.0,16179.0,16697.0,33605455475,2048769,399,16809.0,16290.0,44.839151612200524,-43.41749532101676,19.557552810513236,17791.392582113924,15983.607417886074,16887.5,16778.7,-0.005709023941068092,0
2014-02-05,16030.0,16030.0,16030.0,16561.0,24377895010,1520767,260,16697.0,16030.0,42.16187841399893,-91.54722696018871,-2.6634031436271517,17793.81231335456,15864.187686645442,16829.0,16747.06,0.015533374922021226,0
2014-02-08,15899.0,15899.0,15899.0,16300.0,46606503489,2931411,183,16561.0,15899.0,40.8387842924347,-138.66257537309866,-29.863237589521454,17741.802813015485,15755.49718698452,16748.65,16713.04,-0.00622680671740361,0
2014-02-19,16952.0,16952.0,16253.0,16380.0,270742141601,16528735,935,16300.0,16361.0,47.13907916120737,-137.14140874078657,-51.318871819774486,17590.20468766034,15774.795312339658,16682.5,16695.46,-0.009229264714870733,0
2014-02-22,16251.0,16666.0,16251.0,16389.0,31078216868,1893157,489,16380.0,16388.0,47.491015311415836,-132.23290031101715,-67.50167751802303,17436.10422144693,15808.695778553072,16622.4,16687.24,0.0068342689773004395,0
2014-02-23,16360.0,16389.0,16010.0,16362.0,18628248640,1148746,413,16389.0,16197.0,45.1985240221487,-142.11674242090157,-82.42469049859875,17355.50891543187,15786.591084568128,16571.05,16665.38,0.009446193739581332,0
2014-02-24,16000.0,16380.0,15763.0,16278.0,29006592836,1810858,515,16362.0,16279.0,46.39489955408735,-141.6996188041885,-94.27967615971671,17284.00225404101,15775.597745958989,16529.8,16658.54,-0.017138644879906573,0
2014-02-25,15999.0,16000.0,15726.0,16206.0,19386926885,1223976,346,16278.0,15800.0,40.79263775490381,-177.96882829190326,-111.01750658615404,17245.500514006853,15689.099485993143,16467.3,16647.84,0.0151898734177216,0
2014-02-26,15840.0,16750.0,15700.0,16165.0,76195831096,4720388,778,16206.0,16210.0,46.722812343592835,-171.65018810943366,-123.14404289080997,17220.305245547064,15664.694754452934,16442.5,16647.42,0.015422578655151176,0
2014-03-01,16739.0,16811.0,16500.0,16472.0,63504655281,3787098,792,16165.0,16500.0,50.499411994780445,-141.6096559082489,-126.83716549429775,17081.199786041376,15725.800213958624,16403.5,16636.34,-0.018787878787878798,0
2014-03-02,16500.0,16500.0,16201.0,16448.0,19298700476,1182365,314,16472.0,16350.0,48.581160749747085,-128.42565311918952,-127.1548630192761,17081.13708267732,15747.86291732268,16414.5,16635.34,-0.021529051987767556,0
2014-03-03,16100.0,16100.0,15867.0,16311.0,30264895012,1901753,335,16448.0,16000.0,44.348089740420576,-144.5529939184271,-130.63448919910633,17088.880156372757,15710.119843627243,16399.5,16627.7,-0.007499999999999951,0
2014-03-04,15660.0,16050.0,15660.0,16255.0,18583057156,1164944,292,16311.0,16040.0,44.93857860932267,-152.3501641295843,-134.97762418520193,17028.362198785675,15687.437801214324,16357.9,16626.74,-0.021384039900249396,0
2014-03-05,16200.0,16700.0,16041.0,16519.0,341842714483,20693335,414,16255.0,16460.0,50.83709946441358,-123.21860045878566,-132.6258194399187,17038.67083737197,15701.629162628027,16370.15,16631.94,-0.01773997569866348,0
2014-03-08,16500.0,16800.0,16168.0,16487.0,13693712334,843199,212,16519.0,16190.0,47.327117294436796,-120.52898675136566,-130.2064529022081,16999.827193757457,15689.572806242544,16344.7,16620.54,-0.001235330450895633,0
2014-03-09,16000.0,16100.0,15901.0,16420.0,16330547154,1020836,196,16487.0,15998.0,44.95038789481335,-132.36442915436965,-130.6380481526404,16967.949222442378,15656.150777557621,16312.05,16595.02,0.00793849231153887,0
2014-03-10,15900.0,16000.0,15854.0,16350.0,15979588031,1004722,261,16420.0,15880.0,43.50438816039759,-149.5418905338811,-134.41881662888855,16831.33981216808,15672.860187831922,16252.1,16572.62,0.020340050377833707,0
2014-03-11,15999.0,16000.0,15696.0,16217.0,24997168394,1589305,284,16350.0,15697.0,41.28622392368409,-175.89412505590553,-142.71387831429195,16695.63650585196,15675.763494148043,16185.7,16548.16,0.03835127731413657,0
2014-03-12,15780.0,16218.0,15569.0,16167.0,215171838378,13309425,421,16217.0,16168.0,48.55642285268193,-156.96332161810642,-145.56376697505485,16612.894608568284,15705.905391431716,16159.4,16537.52,0.007545769421078763,0
2014-03-15,16100.0,16400.0,15670.0,16174.0,15306873584,943702,425,16167.0,16170.0,48.58553574598848,-140.18319560139207,-144.4876527003223,16578.80600699552,15711.89399300448,16145.35,16531.72,0.0,0
2014-03-16,16000.0,16250.0,16000.0,16144.0,78434808955,4863446,484,16174.0,16125.0,47.92831155548603,-129.02858751876556,-141.39583966401096,16565.480625146025,15708.719374853976,16137.1,16518.22,-0.007751937984496138,0
2014-03-17,16151.0,16534.0,16151.0,16235.0,72757392579,4464879,568,16144.0,16203.0,49.21077473385057,-112.59658873586704,-135.63598947838219,16572.112697712288,15719.38730228771,16145.75,16509.28,-0.025057088193544352,0
2014-03-18,16500.0,16700.0,16201.0,16261.0,92836609961,5706216,562,16235.0,16299.0,50.81633082643282,-90.78124394885526,-126.66504037247681,16581.32809133844,15750.171908661558,16165.75,16507.26,-0.019080925210135602,0
2014-03-19,16499.0,16500.0,16220.0,16318.0,77193153701,4720888,699,16261.0,16290.0,50.654660890284006,-73.37285422742025,-116.00660314346551,16572.221755520975,15752.178244479026,16162.2,16513.06,-0.011663597298956385,0
2014-03-25,16650.0,16650.0,16168.0,16310.0,11448679441,705286,179,16318.0,16170.0,48.44172426679706,-68.4702941410851,-106.49934134298944,16548.109324487847,15754.490675512154,16151.3,16519.48,-0.0157081014223871,0
2014-03-26,16099.0,16230.0,15900.0,16221.0,38346001923,2391647,260,16310.0,16000.0,45.41481454807047,-77.41022234533739,-100.68151754345904,16542.98479301363,15739.915206986369,16141.45,16511.48,-0.013437499999999991,0
2014-03-29,16280.0,16280.0,15650.0,16097.0,34115185088,2159773,280,16221.0,15797.0,42.036945377172096,-99.72600401710042,-100.49041483818732,16540.259103709646,15694.440896290353,16117.35,16491.84,0.006520225359245346,0
2014-03-30,16000.0,16097.0,15855.0,16076.0,131329535666,8169506,294,16097.0,15988.0,46.099159657381556,-100.83693263153327,-100.55971839685652,16528.872804626273,15724.627195373729,16126.75,16474.64,-0.030522892169126847,0
2014-03-31,15800.0,16105.0,15800.0,16078.0,50462476822,3137930,339,16076.0,16100.0,48.38354354908184,-91.6237065302339,-98.772516023532,16521.67321361342,15720.82678638658,16121.25,16461.78,-0.013354037267080732,0
2014-04-05,16120.0,16219.0,15899.0,16087.0,56611631087,3516721,247,16078.0,15916.0,45.008693773712956,-98.03928486647601,-98.62586979212081,16461.730118481497,15722.3698815185,16092.05,16442.1,-0.046996732847449096,0
2014-04-06,15900.0,15900.0,15733.0,15938.0,60208363005,3811766,308,16087.0,15785.0,42.72380604957941,-112.39862077246107,-101.38041998818888,16436.653107805865,15690.946892194135,16063.8,16420.8,-0.04897054165346848,0
2014-04-07,15990.0,15997.0,15750.0,15934.0,12342521974,776296,285,15938.0,15900.0,45.34678841459949,-113.19412758458566,-103.74316150746824,16437.57624001578,15680.02375998422,16058.8,16394.8,-0.03270440251572326,0
2014-04-08,15900.0,15900.0,15450.0,15887.0,22521456623,1435147,398,15934.0,15500.0,38.70695659179077,-144.43625824839182,-111.88178085565296,16482.284450342613,15581.315549657384,16031.8,16354.68,-0.012903225806451646,0
2014-04-09,15652.0,15885.0,15355.0,15800.0,24475388575,1581253,379,15887.0,15885.0,46.78377034188818,-136.55546309042256,-116.8165173026069,16412.035317585465,15594.064682414531,16003.05,16318.7,-0.05571293673276678,0
2014-04-12,15500.0,15800.0,15168.0,15637.0,31230030718,2053368,341,15800.0,15168.0,37.00414235515968,-186.02144451263484,-130.6575027446125,16489.81224072757,15414.087759272434,15951.95,16270.26,-0.045754219409282704,0
2014-04-13,15012.0,15095.0,15012.0,15012.0,120750728245,8043612,689,15637.0,15012.0,35.27631458963617,-235.10138500567882,-151.54627919682576,16577.817320003327,15227.482679996674,15902.65,16226.02,0.03743671729283249,0
2014-04-14,14430.0,15400.0,14430.0,14981.0,24408535287,1641163,432,15012.0,15380.0,42.13970428410633,-241.5189864175427,-169.54082064096917,16590.307638702114,15164.992361297887,15877.65,16191.54,0.022106631989596837,0
2014-04-15,15000.0,15300.0,14925.0,14995.0,20439709580,1357297,351,14981.0,15300.0,41.11889707424895,-250.17643497193785,-185.66794350716293,16610.47113668618,15105.128863313817,15857.8,16156.54,0.045751633986928164,0
2014-04-16,15399.0,15400.0,15000.0,15004.0,14400259392,955840,280,14995.0,15000.0,37.45473308110378,-278.0399466886629,-204.14234414346294,16624.500575687875,14974.299424312125,15799.4,16122.42,0.06666666666666665,1
2014-04-19,15000.0,15004.0,14421.0,14975.0,7145109216,490794,237,15004.0,14474.0,32.06025332145522,-338.6619009204169,-231.04625549885375,16702.473959572,14726.726040428004,15714.6,16066.3,0.10543042697250238,1
2014-04-28,15574.0,15574.0,15574.0,15574.0,215628773542,13845433,634,14975.0,15574.0,48.70014872129933,-294.5490513764016,-243.74681467436335,16658.197254539933,14715.902745460065,15687.05,16055.18,0.029279568511621834,0
2014-04-29,16196.0,16196.0,15720.0,16150.0,346079041180,21428827,1962,15574.0,15720.0,50.4353257089599,-244.98429402565853,-243.9943105446224,16605.11566533382,14720.68433466618,15662.9,16043.58,0.01978371501272269,0
2014-04-30,15990.0,16239.0,15856.0,16121.0,65074455888,4042774,696,16150.0,16000.0,53.67173589879984,-181.02348078475916,-231.40014459264975,16558.268070786497,14737.631929213505,15647.95,16026.14,0.015249999999999986,0
2014-05-03,16120.0,16120.0,15715.0,16068.0,24966012282,1573244,409,16121.0,16000.0,53.67173589879984,-128.84878686912634,-210.88987304794506,16511.04910551484,14755.850894485162,15633.45,16021.84,0.016874999999999973,0
2014-05-04,15999.0,16000.0,15701.0,16021.0,27145743529,1710957,362,16068.0,16000.0,53.67173589879984,-86.50281543244273,-186.0124615248446,16484.709146505837,14765.190853494163,15624.95,16007.86,0.01287499999999997,0
2014-05-05,16020.0,16089.0,15910.0,16021.0,44430413155,2773431,668,16021.0,16030.0,54.073042453310315,-49.94682282042777,-158.79933378396123,16488.92167489747,14763.978325102531,15626.45,15995.44,0.008109794135995108,0
2014-05-06,16061.0,16170.0,16027.0,16047.0,37747375624,2343830,565,16021.0,16031.0,54.08731910310839,-20.657121226166055,-131.1708912724022,16515.774355861005,14760.525644138994,15638.15,15974.48,0.012413448942673488,0
2014-05-07,16400.0,16400.0,16182.0,16201.0,108329332813,6679478,555,16047.0,16244.0,57.14324094424307,19.517512458525744,-101.0332105262166,16555.66044539148,14746.239554608523,15650.95,15958.86,-0.008495444471804947,0
2014-05-10,16320.0,16400.0,16021.0,16219.0,42785215035,2632683,497,16201.0,16270.0,57.514967826613606,52.84501734016703,-70.25756495293987,16583.856506900753,14735.043493099249,15659.45,15950.38,-0.028887523048555575,0
2014-05-11,16349.0,16350.0,16141.0,16227.0,25268698246,1554441,364,16219.0,16206.0,56.22224872704025,73.2486748133615,-41.556316999679595,16622.773582127073,14725.126417872929,15673.95,15945.48,-0.045600394915463416,0
2014-05-12,16235.0,16287.0,16112.0,16227.0,51362706798,3165076,310,16227.0,16160.0,55.260850340873084,84.73018793551091,-16.299016012641495,16664.11260028911,14721.287399710889,15692.7,15942.88,-0.04950495049504955,0
2014-05-14,16229.0,16300.0,16161.0,16237.0,66023612622,4064037,388,16227.0,16230.0,56.480414953206555,98.34413482112177,6.629614154111158,16705.039866645464,14713.360133354538,15709.2,15946.88,-0.07886629698089953,0
2014-05-17,16245.0,16400.0,16000.0,16221.0,47191017281,2913889,438,16237.0,16106.0,53.6884724832429,97.99786375063195,24.90326407341532,16744.86650033729,14734.133499662707,15739.5,15951.02,-0.0812119706941512,0
2014-05-18,16200.0,16200.0,15601.0,16111.0,41169672695,2588394,581,16221.0,15800.0,47.45442981344559,72.19952757004103,34.36251677274046,16738.837340494316,14731.662659505682,15735.25,15939.8,-0.069620253164557,0
2014-05-19,15900.0,15900.0,15467.0,15705.0,76570080585,4939899,483,16111.0,15467.0,41.77030207566069,24.600266715502585,32.41006676129289,16728.121591949202,14772.2784080508,15750.2,15921.38,-0.04571022176246198,0
2014-05-31,15890.0,15890.0,15300.0,15544.0,93493465491,6014832,640,15705.0,15360.0,40.10788107794205,-21.508558930820072,21.6263416228703,16703.860092068684,14831.339907931317,15767.6,15904.64,-0.033203125,0
2014-06-01,15350.0,15440.0,14923.0,15149.0,73579521073,4922700,670,15544.0,14950.0,34.45007191182172,-90.09514815308648,-0.7179563323210552,16735.231518050285,14756.968481949718,15746.1,15878.06,-0.014715719063545185,0
2014-06-02,15150.0,15240.0,14544.0,15039.0,52009672634,3487313,533,15149.0,14798.0,32.61328996274872,-154.92971067021244,-31.560307199899334,16777.332712738014,14664.667287261984,15721.0,15858.02,-0.006825246654953321,0
2014-06-03,14990.0,15200.0,14685.0,15020.0,13150213290,883586,302,15039.0,14700.0,31.449050854135564,-211.7781034039108,-67.60386644070164,16810.29108481435,14601.708915185649,15706.0,15827.82,-0.012653061224489837,0
2014-06-07,15090.0,15399.0,14741.0,15300.0,105917617419,6912988,371,15020.0,14760.0,33.02545370066156,-249.1176919741447,-103.90663154739025,16766.272867717158,14674.32713228284,15720.3,15793.02,-0.02886178861788613,0
2014-06-08,15030.0,15030.0,14700.0,15278.0,4739354686,320615,224,15300.0,14850.0,35.424280724671206,-268.35392014769786,-136.79608926745178,16795.8648852165,14572.335114783502,15684.1,15763.02,-0.03535353535353536,0
2014-06-09,14898.0,14898.0,14669.0,15231.0,9892871792,670501,310,15278.0,14730.0,33.691540560840735,-289.9395243275758,-167.4247762794766,16821.201769761217,14447.998230238783,15634.6,15737.62,-0.028445349626612382,0
2014-06-10,14666.0,14790.0,14622.0,15118.0,20656403874,1411376,433,15231.0,14697.0,33.21045250830409,-306.17964698328797,-195.1757504202389,16810.482227623623,14328.417772376379,15569.45,15710.76,-0.026808192148057408,0
2014-06-11,14797.0,14797.0,14514.0,14931.0,37627178563,2580864,179,15118.0,14514.0,30.600934908840912,-330.01245365676004,-222.14309106754314,16800.446636784316,14189.853363215685,15495.15,15671.84,0.019705112305360428,0
2014-06-14,14334.0,14334.0,14334.0,14921.0,1750812096,122144,20,14931.0,14334.0,28.24965324423526,-359.2830292139606,-249.57107869682665,16788.339342494317,14035.360657505682,15411.85,15634.72,0.014580717175945335,0
2014-06-15,14325.0,14325.0,14325.0,14907.0,2587281225,180613,31,14921.0,14325.0,28.133255479616025,-378.83937155405874,-275.4247372682731,16749.793367044844,13903.406632955157,15326.6,15601.26,-0.0003490401396160081,0
2014-06-16,14311.0,14311.0,14311.0,14898.0,1568829064,109624,46,14907.0,14311.0,27.940398957239594,-390.96084351221,-298.5319585170605,16690.754529696896,13790.445470303102,15240.6,15569.88,0.03975962546293066,0
2014-06-17,14303.0,14303.0,14303.0,14895.0,452532617,31639,15,14898.0,14303.0,27.8230267291826,-396.6405056616186,-318.15366794597213,16571.741090155803,13715.358909844195,15143.55,15542.0,0.008739425295392511,0
2014-07-05,15490.0,15490.0,14800.0,15148.0,237674600907,15690675,2382,14895.0,14800.0,43.657964579556136,-356.9235400446396,-325.9076423657056,16407.191798763473,13732.908201236525,15070.05,15514.64,-0.020270270270270285,0
2014-07-06,14640.0,14700.0,14543.0,14797.0,63398221148,4357605,794,15148.0,14543.0,38.904805363701115,-342.24017906216795,-329.1741497049981,16235.007511394917,13738.792488605082,14986.9,15482.1,-0.04022553805954754,0
2014-07-07,14341.0,14599.0,14207.0,14482.0,67010144749,4686966,971,14797.0,14320.0,35.31227085936611,-344.6251221207767,-332.26434418815387,16051.461610983351,13738.338389016648,14894.9,15446.0,-0.022276536312849204,0
2014-07-08,14599.0,14900.0,14300.0,14552.0,60341011047,4130896,917,14482.0,14880.0,48.23851313163063,-297.8939507607611,-325.39026550267533,15808.703092831365,13846.096907168634,14827.4,15419.54,-0.0356182795698925,0
2014-07-09,14750.0,15030.0,14400.0,14554.0,61737037801,4241274,746,14552.0,14428.0,41.09972639761608,-293.94338686603805,-319.1008897753479,15543.337108416705,13943.662891583295,14743.5,15382.12,-0.01580260604380368,0
2014-07-12,14558.0,14560.0,14300.0,14539.0,12601756391,873490,355,14554.0,14500.0,42.5579992740524,-281.75484379335467,-311.6316805789493,15319.951011379973,14037.048988620027,14678.5,15346.32,0.0013793103448276334,0
2014-07-13,14399.0,14399.0,13958.0,14248.0,54797495986,3917671,634,14539.0,13958.0,35.44397447845466,-312.2310012857706,-311.7515447203136,15209.816998114089,13996.28300188591,14603.05,15302.08,0.053159478435305996,1
2014-07-14,13701.0,14100.0,13701.0,14203.0,17763386243,1270159,297,14248.0,14001.0,36.35297912789072,-329.1199451754328,-315.22522481133745,15089.712982178004,13980.487017821997,14535.1,15262.1,0.06406685236768794,1
2014-07-15,14000.0,14355.0,13879.0,14140.0,32913469155,2350425,376,14203.0,14350.0,43.327914235967675,-310.76091323513356,-314.3323624960967,15030.856179231758,13979.343820768243,14505.1,15233.16,0.059233449477351874,1
2014-07-16,14298.0,14338.0,14033.0,14195.0,112058959748,7894045,471,14140.0,14200.0,41.236250918191125,-304.80143335900175,-312.4261766686777,14998.939095352232,13951.460904647769,14475.2,15197.4,0.05633802816901401,1
2014-07-20,14011.0,14520.0,14011.0,14198.0,14941523625,1050762,317,14195.0,14520.0,47.1030112825748,-271.13173905879376,-304.1672891467009,14980.274936172125,13952.125063827876,14466.2,15165.8,0.05303030303030298,1
2014-07-21,14420.0,14700.0,14133.0,14325.0,83814838749,5837005,560,14198.0,14700.0,50.11966477121148,-227.30355419043917,-288.79454215544854,14971.04430685041,13955.355693149591,14463.2,15141.48,0.0212244897959184,0
2014-07-22,14750.0,14898.0,14750.0,14898.0,117268366884,7871660,488,14325.0,14898.0,53.27619565574942,-174.58000702360368,-265.9516351290796,14981.129009853348,13950.070990146653,14465.6,15123.74,-0.0029534165659820255,0
2014-07-23,15390.0,15429.0,15050.0,15219.0,133362067805,8762634,1260,14898.0,15200.0,57.67563712989328,-107.19170075871989,-234.19964825500765,15086.969852058435,13891.230147941566,14489.1,15109.74,-0.023026315789473673,0
2014-07-26,15200.0,15200.0,14901.0,15201.0,12460728964,827638,215,15219.0,15000.0,54.04625505086908,-69.12745282174728,-201.18520916835558,15136.7763235632,13871.7236764368,14504.25,15099.74,-0.005933333333333346,0
2014-07-27,15200.0,15294.0,14850.0,15217.0,100989950387,6635816,443,15201.0,15290.0,58.15782106588219,-15.383355972873687,-164.02483852925923,15262.445155669247,13823.654844330751,14543.05,15087.84,-0.010725964682799183,0
2014-07-28,15300.0,15400.0,15000.0,15211.0,17577925410,1158100,255,15217.0,15012.0,53.240174528441884,4.722513136333873,-130.2753681961406,15317.338404825727,13836.561595174275,14576.95,15084.72,-0.005995203836930418,0
2014-08-02,15267.0,15267.0,14854.0,15174.0,19749733463,1316502,186,15211.0,14854.0,50.62035517819497,7.817168271623814,-102.65686090258771,15343.691942412172,13863.108057587828,14603.4,15081.56,-0.003635384408240183,0
2014-08-03,14900.0,14940.0,14800.0,15102.0,29393731419,1972487,155,15174.0,14850.0,50.55253445808989,9.83358277053594,-80.15877216796298,15365.325992805472,13895.374007194529,14630.35,15070.96,0.0033670033670034627,0
2014-08-04,14880.0,15197.0,14802.0,15088.0,72570501155,4812301,276,15102.0,14911.0,51.617126927462316,16.16742794466336,-60.89353214543771,15389.320072127855,13932.179927872145,14660.75,15063.18,0.0026825833277446254,0
2014-08-05,14911.0,15188.0,14800.0,15119.0,68983429802,4557011,439,15088.0,15126.0,55.27230997663621,38.096595212773536,-41.09550667379546,15431.48024197098,13922.619758029019,14677.05,15065.7,-0.02485786063731321,0
2014-08-06,15130.0,15130.0,14840.0,15112.0,5005422451,334275,97,15119.0,14922.0,51.31129196107392,38.5699132124264,-25.162422696551094,15455.035440543057,13936.964559456943,14696.0,15074.66,-0.008108832596166682,0
2014-08-09,15001.0,15001.0,14761.0,15090.0,11065243484,742974,269,15112.0,14800.0,49.047530336369206,28.769009500334505,-14.376136257173975,15460.080265917417,13979.919734082583,14720.0,15059.18,-0.0033783783783783994,0
2014-08-10,14680.0,15100.0,14680.0,15071.0,21074434032,1405913,250,15090.0,14900.0,50.957452285055204,28.739594802822467,-5.752990045174688,15461.995816452694,13980.004183547306,14721.0,15042.78,-0.006711409395973145,0
2014-08-11,14877.0,15020.0,14877.0,15055.0,17607751416,1176324,277,15071.0,14951.0,51.946752231610326,32.45740841812767,1.8890896474857843,15481.826602322679,14012.47339767732,14747.15,15021.8,-0.014781619958531222,0
2014-08-12,15039.0,15039.0,14750.0,15042.0,5509959135,372372,142,15055.0,14750.0,47.84993248302128,18.96615232279146,5.304502182546919,15485.53546617245,14033.764533827549,14759.65,14996.8,-0.004745762711864443,0
2014-08-13,14705.0,15100.0,14705.0,15048.0,102585388778,6817079,285,15042.0,14801.0,48.95005867727507,12.248317463792773,6.693265238796091,15427.592809163223,14176.007190836775,14801.8,14972.82,-0.008783190324978096,0
2014-08-16,14992.0,14992.0,14610.0,14977.0,19789073179,1350229,152,15048.0,14750.0,47.86270811951605,2.777098500602733,5.91003189115742,15347.469588367472,14331.030411632528,14839.25,14947.22,-0.002305084745762742,0
2014-08-17,14711.0,15098.0,14700.0,15042.0,182504718093,12133200,336,14977.0,14800.0,49.05747007682074,-0.686416054610163,4.590742302003903,15318.583831934988,14404.916168065012,14861.75,14922.6,-0.006824324324324338,0
2014-08-18,14800.0,14800.0,14700.0,15030.0,4187697879,284466,86,15042.0,14730.0,47.41914764081973,-8.976219013200534,1.8773500389630158,15237.215829273306,14539.284170726694,14888.25,14892.32,-0.0020366598778004397,0
2014-08-19,14620.0,14749.0,14620.0,15019.0,3583368452,243844,121,15030.0,14680.0,46.23149665940789,-19.357389775477714,-2.36959792392513,15217.300073976641,14575.199926023359,14896.25,14860.52,0.0013623978201635634,0
2014-08-20,14820.0,14820.0,14650.0,15002.0,6003136012,408327,147,15019.0,14671.0,46.00812564434138,-27.98813735531803,-7.493305810203711,15219.6221667319,14569.977833268098,14894.8,14829.82,-0.009678958489537148,0
2014-08-23,14650.0,15270.0,14635.0,15132.0,83694418461,5514583,199,15002.0,14716.0,47.377170717553845,-30.841422355419127,-12.162929119246794,15219.721017303413,14551.678982696589,14885.7,14800.94,-0.022764338135362827,0
2014-08-24,14681.0,14900.0,14643.0,15106.0,6314536353,429955,99,15132.0,14699.0,46.893419207820145,-34.08155821184482,-16.5466549377664,15170.931340077685,14550.368659922315,14860.65,14770.32,-0.031090550377576687,0
2014-08-25,14640.0,14720.0,14630.0,15096.0,2606926018,177518,88,15106.0,14700.0,46.92774783935413,-36.151960284980305,-20.467716007209184,15156.539867960348,14534.760132039652,14845.65,14742.2,-0.03476190476190477,0
2014-08-26,14666.0,14750.0,14651.0,15081.0,4122910146,280355,135,15096.0,14700.0,46.92774783935413,-37.362082019943045,-23.846589209755958,15056.825943958676,14575.474056041323,14816.15,14720.2,-0.042857142857142816,0
2014-08-27,14680.0,14700.0,14496.0,14980.0,19864073478,1366994,389,15081.0,14529.0,41.59539498227848,-51.52543002289349,-29.382357372383463,15045.794404982455,14538.205595017545,14792.0,14701.44,-0.024020923669901606,0
2014-08-30,14700.0,14700.0,14381.0,14832.0,27304245971,1896185,260,14980.0,14381.0,37.61189622728298,-73.84115361468685,-38.27411662084414,15076.878296920066,14459.821703079935,14768.35,14681.86,-0.047354147833947535,0
2014-08-31,14301.0,14500.0,14242.0,14779.0,9930597684,696158,163,14832.0,14242.0,34.29042796642986,-101.5718070998264,-50.93365471664059,15119.484520063905,14356.415479936097,14737.95,14667.7,-0.009970509759865243,0
2014-09-01,14300.0,14480.0,14188.0,14198.0,104070027780,7333911,386,14779.0,14189.0,33.09050324139692,-126.36850932208836,-66.02062563773015,15143.025373293196,14260.674626706805,14701.85,14655.52,-0.013249700472196757,0
2014-09-02,14359.0,14359.0,14040.0,14189.0,7926011706,563107,151,14198.0,14070.0,30.509042909988082,-153.84890554383855,-83.58628161895183,15125.86295074734,14172.237049252659,14649.05,14642.92,-0.005614783226723485,0
2014-09-03,14140.0,14186.0,14020.0,14168.0,15856863694,1128324,173,14189.0,14180.0,35.51675525078058,-164.85093784813034,-99.83921286478753,15112.89529641507,14111.004703584931,14611.95,14631.32,-0.019393511988716527,0
2014-09-06,14050.0,14200.0,13700.0,14146.0,9126878166,655560,161,14168.0,13700.0,26.53187553644119,-209.8827188517971,-121.84791406218946,15187.904982546597,13925.995017453404,14556.95,14608.32,0.04686131386861314,0
2014-09-07,14149.0,14200.0,14020.0,14144.0,117748642881,8324729,582,14146.0,14100.0,40.12522077785994,-210.86337099026423,-139.65100544780444,15157.206347098858,13876.693652901144,14516.95,14595.72,-0.019007092198581543,0
2014-09-08,14200.0,14200.0,14001.0,14181.0,76805433967,5410929,174,14144.0,14001.0,38.239408551135945,-217.1261227113955,-155.14602890052265,15114.790367558368,13824.109632441634,14469.45,14581.8,-0.002214127562316981,0
2014-09-09,14199.0,14199.0,13851.0,14174.0,3211984883,230162,96,14181.0,13991.0,38.04490523611952,-220.35618605175114,-168.18806033076837,15095.385984187318,13767.614015812682,14431.5,14571.34,-0.009220212994067611,0
2014-09-10,14129.0,14190.0,13883.0,14166.0,8968219694,637042,120,14174.0,13905.0,36.333299193808095,-227.236079710985,-179.9976642068117,15065.559956103143,13707.840043896858,14386.7,14562.76,0.006832074793239773,0
2014-09-13,13975.0,14732.0,13650.0,14229.0,88584292724,6220425,363,14166.0,14342.0,48.9110259292837,-195.1763259715135,-183.03339655975205,15024.470525016397,13708.129474983602,14366.3,14563.1,-0.03779110305396738,0
2014-09-14,13999.0,14048.0,13763.0,14222.0,2189792813,157345,77,14229.0,13832.0,39.182350451301886,-208.51781434119948,-188.13028011604155,14983.703544598822,13652.096455401177,14317.9,14553.52,-0.0023134759976864983,0
2014-09-15,14070.0,14070.0,13806.0,14220.0,670161691,48270,50,14222.0,13970.0,42.51431410673174,-205.58572899731917,-191.62136989229708,14933.933607699446,13625.866392300553,14279.9,14546.86,-0.01846814602720115,0
2014-09-16,14080.0,14080.0,13801.0,14208.0,3425272395,247047,79,14220.0,13862.0,40.6378894922916,-209.5610384401807,-195.2093036018738,14890.138080594546,13587.861919405454,14239.0,14528.1,-0.008079642187274527,0
2014-09-17,13990.0,14057.0,13833.0,14201.0,2828153132,202692,84,14208.0,14000.0,44.0367909134122,-199.27889012971173,-196.0232209074414,14832.807784681396,13578.092215318606,14205.45,14517.24,-0.024428571428571466,0
2014-09-20,14055.0,14055.0,13770.0,14161.0,11281931064,815236,184,14201.0,13800.0,40.42429562236506,-204.90650737786564,-197.79987820152627,14764.573887774606,13554.726112225393,14159.65,14506.84,-0.01340579710144929,0
2014-09-21,13999.0,14020.0,13783.0,14116.0,14047295237,1015699,200,14161.0,13800.0,40.42429562236506,-206.98049231727055,-199.63600102467512,14685.261863429674,13544.138136570327,14114.7,14485.24,-0.00036231884057968955,0
2014-09-22,14017.0,14017.0,13712.0,14107.0,2780664365,201774,94,14116.0,13712.0,38.80007064052211,-213.2666002633341,-202.36212087240693,14594.164481696718,13536.43551830328,14065.3,14470.92,0.017357059509918393,0
2014-09-23,13720.0,13780.0,13720.0,14099.0,2356146877,171383,114,14107.0,13750.0,39.92260698556881,-212.72988597305812,-204.43567389253718,14476.042992309032,13559.557007690966,14017.8,14455.92,0.018181818181818077,0
2014-09-24,13711.0,13752.0,13600.0,14057.0,10263046451,749845,178,14099.0,13658.0,38.10051919345676,-217.22414245819346,-206.99336760566845,14393.804942767134,13554.695057232866,13974.25,14449.92,0.0425391711817249,0
2014-09-27,13651.0,13652.0,13547.0,14022.0,7554055941,555671,163,14057.0,13615.0,37.24489612712885,-221.699994206283,-209.93469292579138,14339.536161804803,13532.363838195199,13935.95,14442.2,0.027543150936467198,0
2014-09-28,13600.0,13995.0,13551.0,14002.0,7773131122,565060,221,14022.0,13795.0,43.01400166832394,-208.32124564189326,-209.61200346901177,14295.861376547946,13531.338623452055,13913.6,14431.1,0.00036245016310254563,0
2014-09-29,13613.0,13950.0,13613.0,13994.0,4704069669,340068,139,14002.0,13950.0,47.49052624940615,-183.1006164744449,-204.3097260700984,14263.103330321259,13540.19666967874,13901.65,14426.1,-0.014193548387096744,0
2014-09-30,13780.0,14050.0,13780.0,13996.0,48169577394,3441310,248,13994.0,14000.0,48.885418343448585,-157.26564357716052,-194.90090957151085,14254.332130377605,13541.967869622395,13898.15,14415.7,-0.021428571428571463,0
2014-10-01,14000.0,14295.0,13900.0,14049.0,34384972917,2428722,484,13996.0,14239.0,55.03430935454418,-116.16683981345341,-179.15409561989938,14267.404190530671,13534.79580946933,13901.1,14406.48,-0.02591474120373627,0
2014-10-04,14261.0,14262.0,13851.0,14043.0,9590432058,685805,135,14049.0,13990.0,48.48964845000406,-102.5063315676598,-163.8245428094515,14271.732222636945,13559.467777363056,13915.6,14388.32,-0.012151536812008534,0
2014-10-06,14020.0,14020.0,13751.0,14032.0,4932536058,356923,75,14043.0,13800.0,44.17297482434016,-105.79218600109562,-152.21807144778035,14249.601661887633,13551.598338112368,13900.6,14360.32,-0.021884057971014448,0
2014-10-07,13885.0,13885.0,13752.0,14004.0,12773553874,925340,125,14032.0,13752.0,43.12840871150151,-110.9900242495005,-143.97246200812438,14239.693041461964,13536.606958538036,13888.15,14335.36,-0.04741128563118091,0
2014-10-08,14004.0,14009.0,13700.0,13991.0,38009460807,2721108,284,14004.0,13700.0,41.97051064770325,-117.94570921051127,-138.76711144860178,14230.951591573801,13516.2484084262,13873.6,14303.56,-0.05262773722627734,0
2014-10-11,13998.0,13998.0,13650.0,13980.0,4306455223,313543,147,13991.0,13870.0,46.98193340326357,-108.48995572741842,-132.71168030436513,14228.912053430953,13514.787946569048,13871.85,14280.72,-0.052631578947368474,0
2014-10-12,13889.0,13889.0,13700.0,13972.0,4111080095,298108,138,13980.0,13820.0,45.731015232826465,-103.8338530756846,-126.93611485862903,14130.527018033983,13560.972981966017,13845.75,14260.04,-0.06801736613603471,0
2014-10-14,13631.0,13788.0,13414.0,13906.0,18708642966,1373916,360,13972.0,13498.0,38.60270898609237,-124.68922731633938,-126.4867373501711,14151.742717612788,13506.357282387211,13829.05,14233.0,-0.055415617128463435,0
2014-10-20,13000.0,13190.0,12854.0,12950.0,37421224989,2889569,414,13906.0,13100.0,31.969505640338284,-171.3572358830479,-135.46083705674647,14231.521961002398,13339.5780389976,13785.55,14196.78,-0.0415267175572519,0
2014-10-21,13000.0,13468.0,12900.0,13122.0,51475233124,3876206,640,12950.0,12979.0,30.266727832631176,-215.62012309761303,-151.49269426491978,14307.111728710235,13175.688271289764,13741.4,14153.84,-0.03690577086062097,0
2014-10-22,13200.0,13364.0,12850.0,13118.0,88498105241,6746691,535,13122.0,13140.0,35.211488246738085,-234.99850911361136,-168.19385723465808,14307.986220316963,13088.813779683036,13698.4,14118.2,-0.03546423135464227,0
2014-10-25,13100.0,13100.0,12860.0,13104.0,6097068985,472924,153,13118.0,12880.0,31.34588006236322,-268.24370033282867,-188.20382585429223,14355.978396484941,12948.821603515058,13652.4,14079.8,-0.013198757763975166,0
2014-10-26,12850.0,12850.0,12670.0,13079.0,6653669499,522127,229,13104.0,12750.0,29.596331424532394,-301.60396467457576,-210.88385361834895,14401.464445319476,12798.335554680523,13599.9,14036.8,-0.0047843137254901524,0
2014-10-27,12712.0,12790.0,12556.0,12975.0,20528289287,1628825,397,13079.0,12556.0,27.160092598532586,-339.7796251739546,-236.6630079294701,14461.107268741831,12623.09273125817,13542.1,13988.9,0.030582988212806583,0
2014-10-28,12870.0,12870.0,12456.0,12860.0,21759969538,1742884,429,12975.0,12500.0,26.482434146071327,-370.28443468003206,-263.38729327958254,14498.177125209631,12461.02287479037,13479.6,13943.9,0.040000000000000036,0
2014-10-29,12510.0,12700.0,12401.0,12660.0,66042551756,5251236,536,12860.0,12674.0,32.147336378671426,-376.0841066898647,-285.92665596163897,14503.363074854076,12357.436925145923,13430.4,13901.36,0.025721950449739683,0
2014-11-01,12660.0,12986.0,12660.0,12681.0,21146811400,1658145,290,12660.0,12710.0,33.29262017974017,-373.47035562418023,-303.43539589414723,14498.720523137315,12271.579476862684,13385.15,13860.56,0.04327301337529499,0
2014-11-02,12750.0,12790.0,12646.0,12697.0,42388695181,3333446,478,12681.0,12689.0,32.94330706695733,-368.8416862066297,-316.5166539566437,14466.131879640925,12193.568120359076,13329.85,13818.34,0.03711876428402561,0
2014-11-05,12948.0,13000.0,12600.0,12757.0,36492407049,2839054,546,12697.0,12940.0,40.92200090786007,-340.9891197261386,-321.41114711054274,14390.392262922664,12168.307737077337,13279.35,13782.54,0.016228748068006116,0
2014-11-08,12822.0,13045.0,12822.0,12801.0,22978629263,1775429,419,12757.0,13000.0,42.677799652876985,-310.4950677003835,-319.22793122851095,14295.255675939627,12163.444324060374,13229.35,13748.94,0.0,0
2014-11-09,13050.0,13090.0,12900.0,12839.0,17853096135,1372772,304,12801.0,13000.0,42.677799652876985,-283.06531106823604,-311.995407196456,14130.439646120712,12204.360353879287,13167.4,13715.52,-0.012230769230769267,0
2014-11-10,13149.0,13298.0,12950.0,12969.0,39640914562,3012355,403,12839.0,13260.0,50.12694417157697,-237.60820474882348,-297.11796670692945,14018.873625734632,12242.926374265367,13130.9,13686.4,-0.04977375565610864,0
2014-11-11,13100.0,13298.0,13060.0,13028.0,35294048971,2687351,262,12969.0,13160.0,47.566607588222006,-207.2630849287816,-279.1469903512999,13932.585528242098,12265.214471757901,13098.9,13655.62,-0.05319148936170215,0
2014-11-12,13113.0,13200.0,13020.0,13042.0,14611158286,1113373,256,13028.0,13150.0,47.3063937687312,-181.92416672300897,-259.70242562564175,13847.659319774955,12289.940680225043,13068.8,13624.62,-0.041825095057034245,0
2014-11-15,13003.0,13004.0,12895.0,13023.0,18005227792,1391156,249,13042.0,13000.0,43.46536587879793,-171.96434001793932,-242.15480850410128,13756.977599210806,12310.622400789192,13033.8,13590.62,-0.03076923076923077,0
2014-11-16,13067.0,13067.0,12800.0,13012.0,7964510177,617924,212,13023.0,12841.0,39.778428288654844,-174.88511009211106,-228.70086882170327,13598.779809467636,12365.920190532364,12982.35,13556.86,-0.03044934195156146,0
2014-11-17,12700.0,12890.0,12596.0,12979.0,10158716210,799654,291,13012.0,12600.0,34.94053192856046,-194.4055412317939,-221.8418033037214,13425.342569389972,12417.357430610029,12921.35,13521.24,-0.032539682539682535,0
2014-11-18,12600.0,12600.0,12460.0,12771.0,37910464808,3040302,399,12979.0,12460.0,32.470018845207335,-218.6519697175081,-221.20383658647876,13337.74241932825,12401.157580671752,12869.45,13485.6,-0.03242375601926162,0
2014-11-19,12650.0,12771.0,12436.0,12724.0,39356563170,3109194,566,12771.0,12600.0,37.24826038095527,-223.9886077650899,-221.76079082220102,13314.224190436538,12374.675809563463,12844.45,13453.82,-0.04761904761904767,0
2014-11-22,12570.0,12646.0,12495.0,12692.0,24059727493,1909840,323,12724.0,12600.0,37.24826038095527,-225.61715771387935,-222.5320642005367,13302.55534270177,12348.44465729823,12825.5,13424.42,-0.06388888888888888,0
2014-11-23,12600.0,12720.0,12400.0,12638.0,29421367967,2349526,483,12692.0,12450.0,34.237946573079284,-236.2877634263059,-225.28320404569055,13271.872956195608,12310.127043804392,12791.0,13389.82,-0.07325301204819279,0
2014-11-24,12701.0,12997.0,12182.0,12558.0,23230464413,1885140,610,12638.0,12190.0,29.749893681705785,-262.6959272930071,-232.7657486951539,13301.599807375038,12211.400192624962,12756.5,13359.62,-0.01968826907301069,0
2014-11-25,12395.0,12395.0,12056.0,12352.0,38010948656,3148983,491,12558.0,12056.0,27.732219575890568,-291.08185707696794,-244.4289703715167,13346.659216144166,12096.940783855833,12721.8,13318.74,0.011944260119442607,0
2014-11-26,12100.0,12400.0,12000.0,12286.0,22273271291,1842970,279,12352.0,12000.0,26.91080904027234,-314.47160996096136,-258.43749828940565,13391.179173527367,11996.820826472633,12694.0,13278.72,0.005333333333333412,0
2014-11-29,12199.0,12199.0,11795.0,12018.0,54238425310,4576847,363,12286.0,11795.0,24.097031831826683,-345.5664692294922,-275.863292477423,13455.745326209822,11861.754673790178,12658.75,13234.8,0.012293344637558379,0
2014-11-30,11612.0,11869.0,11538.0,11840.0,32694098354,2830559,237,12018.0,11538.0,21.116168783687186,-386.4918835369772,-297.98901068933384,13536.54413116085,11667.355868839151,12601.95,13187.46,0.02374761657132951,0
2014-12-01,11367.0,12313.0,11367.0,12218.0,107030324891,8760262,499,11840.0,11950.0,34.99818984753405,-381.28539180025473,-314.648286911518,13538.815626638003,11589.084373361999,12563.95,13139.62,-0.030125523012552335,0
2014-12-02,11940.0,12689.0,11940.0,12566.0,141998920280,11300621,417,12218.0,12200.0,41.70233405096266,-352.91807899456035,-322.3022453281265,13525.063899501347,11553.936100498653,12539.5,13106.98,-0.05549180327868852,0
2014-12-03,12064.0,12399.0,12064.0,12437.0,23000247671,1906405,234,12566.0,12064.0,39.326135376561645,-337.52012076793653,-325.3458204160885,13484.033162450954,11507.366837549047,12495.7,13068.86,-0.08297413793103448,0
2014-12-06,11941.0,11998.0,11940.0,12304.0,23733745307,1987725,220,12437.0,11940.0,37.24246841916643,-331.50154813148765,-326.5769659591683,13430.86154549765,11454.538454502352,12442.7,13030.42,-0.07864321608040203,0
2014-12-07,11990.0,11990.0,11812.0,12072.0,41781332220,3535835,232,12304.0,11812.0,35.17088106747167,-333.2191730102677,-327.9054073693882,13373.143240114465,11393.456759885534,12383.3,12986.66,-0.07297663393159504,0
2014-12-24,11590.0,11590.0,11590.0,12003.0,12412832050,1070995,36,12072.0,11590.0,31.860727317185905,-348.4769227242923,-332.019710440369,13261.072614818659,11338.52738518134,12299.8,12942.46,-0.059534081104400394,0
2014-12-27,11523.0,11523.0,11523.0,11523.0,145963765341,12667167,393,12003.0,11523.0,30.915053357359312,-361.80448249768233,-337.9766648518317,13150.656915381409,11285.243084618593,12217.95,12896.92,-0.06456651913564171,0
2014-12-28,11063.0,11063.0,11063.0,11459.0,11534892265,1042655,172,11523.0,11063.0,25.351448940547186,-404.8183315224451,-351.3449981859544,13072.4664974856,11154.7335025144,12113.6,12843.94,-0.0327216848955979,0
2014-12-29,11001.0,11900.0,11001.0,11390.0,556316724701,48843626,32136,11459.0,11001.0,24.706079178947675,-438.85119521395427,-368.8462375915544,12998.484864330208,11028.81513566979,12013.65,12788.96,-0.027361148986455808,0
2014-12-30,11300.0,11389.0,10940.0,11354.0,10333468412,930426,311,11390.0,10950.0,24.161215601468356,-464.58234260514837,-387.99345859427325,12930.786492941515,10907.413507058485,11919.1,12734.8,-0.022831050228310557,0
2014-12-31,11200.0,11200.0,10900.0,11228.0,24135812767,2208540,390,11354.0,10900.0,23.611433230207453,-483.4362917850849,-407.0820252324356,12887.47436839915,10780.725631600852,11834.1,12680.5,-0.05761467889908256,0
2015-01-03,10811.0,10950.0,10779.0,11146.0,14925622331,1383956,167,11228.0,10779.0,22.289606643040273,-502.351080552442,-426.13583629643693,12857.13490640976,10642.96509359024,11750.05,12620.18,-0.07227015493088418,0
2015-01-04,10701.0,10701.0,10701.0,11145.0,225812502,21102,28,11146.0,10701.0,21.45575303823631,-517.6677830846729,-444.44222565408415,12779.908054736588,10530.291945263412,11655.1,12555.2,-0.05335949911223248,0
2015-01-05,10700.0,10700.0,10700.0,11145.0,32667100,3053,11,11145.0,10700.0,21.444676680094176,-523.848472725771,-460.32347506842154,12670.491444491676,10449.708555508325,11560.1,12489.2,-0.04485981308411213,0
2015-01-06,10700.0,10700.0,10700.0,10700.0,310683809000,29035870,1066,11145.0,10700.0,21.444676680094176,-522.7211102197853,-472.8030020986943,12564.348212730532,10380.851787269468,11472.6,12418.42,-0.06542056074766356,0
2015-01-07,10312.0,10630.0,10272.0,10300.0,72554474894,7058825,587,10700.0,10272.0,17.07036943509496,-550.0233634105971,-488.2470743610749,12534.492053868187,10218.907946131814,11376.7,12344.06,0.002725856697819218,0
2015-01-10,10190.0,10200.0,9888.0,10145.0,28121742180,2842162,319,10300.0,10000.0,14.97920424012878,-586.8439508004267,-507.9664496489453,12532.860666581888,10014.939333418111,11273.9,12268.06,0.05410000000000004,1
2015-01-11,9990.0,10130.0,9740.0,10110.0,8976419496,910541,231,10145.0,10130.0,20.02204056760533,-598.6339386323416,-526.0999474456246,12486.642764573384,9874.157235426615,11180.4,12195.62,0.04343534057255671,0
2015-01-12,10198.0,10446.0,10160.0,10117.0,4326451872,422830,179,10110.0,10220.0,23.40900965499968,-593.8695822199406,-539.6538744004879,12439.70489797703,9763.59510202297,11101.65,12126.02,0.045988258317025466,0
2015-01-13,10360.0,10360.0,9713.0,10012.0,51185134940,5136445,816,10117.0,10000.0,21.06107355501409,-600.9189373701101,-551.9068869944124,12428.809382647443,9620.690617352557,11024.75,12048.62,0.06889999999999996,1
2015-01-14,10180.0,10358.0,10110.0,10136.0,39302081676,3833586,646,10012.0,10300.0,31.195584571869347,-575.662233429417,-556.6579562814134,12312.648755837265,9571.851244162735,10942.25,11978.22,0.0,0
2015-01-17,10398.0,10541.0,10306.0,10382.0,47963328886,4551365,248,10136.0,10541.0,38.073667601512355,-530.0888929239791,-551.3441436099265,12110.812381081514,9607.787618918484,10859.3,11919.08,0.033867754482497014,0
2015-01-18,10797.0,10797.0,10355.0,10648.0,60431244716,5630176,410,10382.0,10570.0,38.86562571960687,-486.0289948878217,-538.2811138655055,11911.738571782691,9657.46142821731,10784.6,11868.48,0.017029328287606393,0
2015-01-19,10325.0,10690.0,10242.0,10639.0,3818261724,364799,123,10648.0,10690.0,42.16179561474326,-436.3976902168979,-517.904429135784,11716.894632072532,9727.305367927469,10722.1,11822.7,-0.003741814780168329,0
2015-01-20,10329.0,10700.0,10301.0,10634.0,15630731392,1472559,435,10639.0,10689.0,42.14140470687967,-392.6193439337858,-492.84741209538436,11525.977784435088,9805.922215564913,10665.95,11773.68,-0.02806623631770977,0
2015-01-21,10635.0,10690.0,10300.0,10624.0,15896630024,1501641,364,10634.0,10300.0,35.041745813002024,-384.87711429392766,-471.25335253509303,11362.381659218045,9840.518340781957,10601.45,11722.08,0.028155339805825186,0
2015-01-24,10624.0,10898.0,10200.0,10827.0,102774087340,9492485,203,10624.0,10898.0,49.20812817496426,-326.721497176728,-442.34698146342004,11220.467821747568,9919.932178252433,10570.2,11685.04,-0.013580473481372701,0
2015-01-25,10828.0,10828.0,10502.0,10825.0,6130764778,567468,117,10827.0,10750.0,46.504983297284966,-289.2409253934311,-411.7257702494223,11170.799778904891,9938.300221095107,10554.55,11648.92,-0.03339534883720929,0
2015-01-26,10825.0,10825.0,10392.0,10820.0,6545466200,607874,107,10825.0,10650.0,44.71753574176931,-264.55682014562444,-382.29198022866274,11120.515552492243,9953.484447507757,10537.0,11611.92,0.0,0
2015-01-27,10818.0,10818.0,10388.0,10784.0,9784603148,928748,172,10820.0,10389.0,40.357561500103294,-263.02304173044104,-358.43819252901847,11063.576171398654,9954.323828601347,10508.95,11566.22,0.01838483010876879,0
2015-01-28,10680.0,10680.0,10360.0,10761.0,9905190371,934139,124,10784.0,10590.0,44.819579328369734,-242.78976186976797,-335.30850639716834,11020.117817509605,9966.782182490397,10493.45,11523.82,-0.014164305949008527,0
2015-01-31,10689.0,10790.0,10393.0,10742.0,8419120366,795317,293,10761.0,10750.0,48.14520554765503,-211.4071094220053,-310.5282270021358,11015.666305962422,9968.333694037578,10492.0,11485.04,-0.04204651162790696,0
2015-02-01,10742.0,10742.0,10323.0,10721.0,7871066359,746935,201,10742.0,10391.0,42.02513172082442,-213.0485400179532,-291.0322896052993,10992.803592860178,9960.196407139822,10476.5,11434.06,-0.010008661341545544,0
2015-02-02,10350.0,10840.0,10350.0,10725.0,17394015184,1619954,447,10721.0,10650.0,47.23623185081359,-191.24568888921567,-271.0749694620826,10986.420140119735,9961.579859880265,10474.0,11387.06,-0.043380281690140854,0
2015-02-03,10680.0,10750.0,10450.0,10711.0,6730259159,637519,159,10725.0,10580.0,46.031939627852935,-177.56829055314847,-252.3736336802958,10972.442662748037,9963.557337251963,10468.0,11338.66,-0.018998109640831706,0
2015-02-04,10695.0,10748.0,10402.0,10695.0,6118640177,582022,272,10711.0,10440.0,43.63578882786872,-175.9969010812656,-237.09828716048978,10973.042487107507,9979.757512892493,10476.4,11282.26,-0.022701149425287337,0
2015-02-07,10589.0,10589.0,10268.0,10672.0,4426464090,429983,218,10695.0,10298.0,41.28818066918796,-184.08772812088864,-226.49617535256957,10945.986309448974,10036.613690551025,10491.3,11225.02,-0.010681685764226012,0
2015-02-08,10458.0,10458.0,10246.0,10612.0,13446517083,1301981,140,10672.0,10287.0,41.10369921562507,-189.2063222046836,-219.0382047229924,10933.584471468745,10064.715528531255,10499.15,11167.76,-0.010401477593078634,0
2015-02-09,10349.0,10400.0,10188.0,10579.0,6826789691,666701,188,10612.0,10188.0,39.39752604100882,-198.9578552081748,-215.0221348200289,10936.299347578237,10058.800652421762,10497.55,11111.52,-0.0007852375343541107,0
2015-02-10,10156.0,10790.0,10156.0,10628.0,49002722175,4597567,313,10579.0,10379.0,44.20911283286978,-189.0941519464286,-209.83653824530884,10896.452891817298,10136.547108182702,10516.5,11062.28,-0.034300028904518776,0
2015-02-14,10300.0,10349.0,10203.0,10612.0,3095388732,302785,115,10628.0,10203.0,40.98033985353454,-193.25114623484478,-206.51945984321605,10904.781161319384,10118.518838680615,10511.65,11014.34,-0.0051945506223659565,0
2015-02-15,10221.0,10221.0,10188.0,10604.0,1416078876,138977,45,10612.0,10188.0,40.707465294931815,-195.50233952366216,-204.31603577930528,10911.233268089121,10076.766731910879,10494.0,10968.9,-0.02031802120141346,0
2015-02-16,10180.0,10180.0,10180.0,10599.0,939247520,92264,32,10604.0,10180.0,40.55237408422526,-195.67632469839373,-202.58809356312298,10911.680283178839,10037.319716821161,10474.5,10920.5,0.0216110019646365,0
2015-02-17,10176.0,10500.0,10176.0,10440.0,29188667976,2865340,478,10599.0,10180.0,40.55237408422526,-193.58270824328793,-200.78701649915598,10892.37749153552,10005.62250846448,10449.0,10872.1,-0.017878192534381165,0
2015-02-18,10100.0,10100.0,10023.0,10412.0,5211509195,519336,107,10440.0,10023.0,37.316490079937275,-202.26055622583044,-201.0817244444909,10881.45019055319,9949.94980944681,10415.7,10823.56,-0.006285543250523773,0
2015-02-21,10100.0,10500.0,10100.0,10389.0,1988732746,193082,95,10412.0,10150.0,41.39059952555954,-196.6234222380699,-200.19006400320671,10885.840283058636,9930.559716941365,10408.2,10782.76,-0.014778325123152691,0
2015-02-22,10125.0,10250.0,9981.0,10325.0,1702428546,169753,70,10389.0,9981.0,37.86387075210106,-203.4476229913853,-200.84157580084246,10818.69472715299,9906.005272847011,10362.35,10741.26,0.021941689209498128,0
2015-02-23,10000.0,10400.0,9912.0,10316.0,102055621289,9893003,228,10325.0,10400.0,49.37995584977246,-173.0512261685817,-195.28350587439033,10765.866044825298,9923.833955174703,10344.85,10709.26,-0.04221153846153847,0
2015-02-24,10000.0,10200.0,9997.0,10265.0,1555122786,155478,53,10316.0,9998.0,41.443696250154076,-179.33266767586065,-192.0933382346844,10734.672951554881,9889.827048445119,10312.25,10673.32,0.0002000400080015563,0
2015-02-25,10005.0,10200.0,9855.0,10226.0,1627937485,162227,127,10265.0,9960.0,40.77655480008521,-185.24168688895952,-190.72300796553944,10738.280323590143,9843.319676409856,10290.8,10641.76,0.0028112449799195804,0
2015-02-28,9900.0,10289.0,9900.0,10267.0,33003721284,3214538,87,10226.0,10000.0,41.83790945460338,-184.5693607808298,-189.49227852859752,10703.755014662893,9818.844985337106,10261.3,10602.76,-0.020000000000000018,0
2015-03-01,9950.0,10200.0,9950.0,10217.0,3039256649,300740,72,10267.0,10200.0,46.956535804951436,-165.98483906328147,-184.79079063553434,10615.542635816779,9852.05736418322,10233.8,10562.76,-0.019607843137254943,0
2015-03-02,10182.0,10217.0,9951.0,10185.0,1920811732,191072,49,10217.0,9961.0,42.17941167353514,-168.59827829810092,-181.55228816804765,10604.498980111299,9820.1010198887,10212.3,10520.7,0.013954422246762466,0
2015-03-03,10178.0,10185.0,9961.0,10180.0,105229226168,10337283,53,10185.0,10000.0,43.19497870361579,-165.6133856382221,-178.36450766208253,10526.632870415053,9832.967129584946,10179.8,10481.9,0.0031000000000001027,0
2015-03-04,10000.0,10020.0,9801.0,10031.0,6709634924,673453,121,10180.0,9988.0,42.94503604736503,-162.34472745013227,-175.1605516196925,10453.702619429136,9846.697380570866,10150.2,10445.42,0.05126151381657995,1
2015-03-07,9831.0,9999.0,9630.0,9923.0,3214938967,331209,186,10031.0,9800.0,39.12535824814575,-172.93088154835095,-174.71461760542422,10427.633417717527,9808.766582282475,10118.2,10409.62,0.07653061224489788,1
2015-03-08,9900.0,10200.0,9600.0,9962.0,6385183938,639542,179,9923.0,10000.0,44.75479775268281,-163.29973867318404,-172.43164181897617,10405.276224230236,9801.323775769763,10103.3,10379.16,0.02540000000000009,0
2015-03-09,10000.0,10150.0,10000.0,9992.0,2466618174,244575,144,9962.0,10100.0,47.37523403033888,-145.91579780320353,-167.12847301582167,10383.937913541842,9803.96208645816,10093.95,10359.9,0.008316831683168324,0
2015-03-10,10133.0,10380.0,9994.0,10177.0,7087513961,690888,282,9992.0,10031.0,45.76228547628552,-136.13731651984745,-160.93024171662685,10373.971429635438,9798.228570364563,10086.1,10340.5,0.04476124015551797,0
2015-03-11,10294.0,10500.0,10179.0,10320.0,7008467376,674636,138,10177.0,10500.0,56.58263012022107,-89.51158541158111,-146.64651045561772,10408.105867171906,9776.194132828094,10092.15,10331.5,0.004666666666666597,0
2015-03-14,10011.0,10729.0,10011.0,10542.0,6872116504,645056,154,10320.0,10550.0,57.55481746537348,-47.972775165371786,-126.91176339756854,10481.107050525618,9737.892949474382,10109.5,10324.5,0.0,0
2015-03-15,10700.0,10730.0,10202.0,10548.0,3412519138,323192,104,10542.0,10254.0,50.36494471832558,-38.493960583122316,-109.2282028346793,10488.288801431347,9737.311198568652,10112.8,10314.0,0.019114491905597886,0
2015-03-16,10236.0,10698.0,10170.0,10565.0,8945818970,846536,159,10548.0,10184.0,48.811996042573455,-36.21290687243709,-94.62514364223085,10488.635994015947,9737.364005984053,10113.0,10303.66,0.03093087195600952,0
2015-03-17,10320.0,10480.0,10151.0,10540.0,1334970395,128653,57,10565.0,10480.0,55.11450045623814,-10.400538217369103,-77.78022255725851,10535.728340933456,9720.271659066544,10128.0,10299.26,-0.010496183206106902,0
2015-03-18,10448.0,10600.0,10280.0,10517.0,5249255438,500121,135,10540.0,10549.0,56.460276200215915,15.445625694348564,-59.1350529069371,10597.829976439412,9710.770023560586,10154.3,10296.24,-0.009763958669068207,0
2015-03-25,10202.0,10595.0,10202.0,10514.0,337141890,32335,31,10517.0,10550.0,56.480641214260544,35.59922276826728,-40.18819777189622,10650.147496578835,9698.452503421164,10174.3,10301.8,0.033649289099526136,0
2015-03-28,10260.0,10511.0,10260.0,10503.0,4924595734,469414,109,10514.0,10450.0,53.77206866823582,43.006180900045365,-23.549322037507906,10679.372621977356,9716.127378022644,10197.75,10310.8,0.08526315789473693,1
2015-03-29,10400.0,10732.0,10400.0,10650.0,10268286150,964143,209,10503.0,10499.0,54.91303446151324,52.2280862067073,-8.393840388664865,10694.46380509381,9710.936194906191,10202.7,10318.18,0.04771883036479663,0
2015-03-30,10307.0,10587.0,10307.0,10610.0,1668749921,160276,76,10650.0,10370.0,51.32176446193122,48.56743553578235,2.998414796224579,10708.809220425974,9733.790779574025,10221.3,10321.18,0.05689488910318219,1
2015-03-31,10310.0,10600.0,10310.0,10486.0,31662616016,3019539,148,10610.0,10446.0,53.26112877343481,51.208607397187734,12.640453316417211,10726.999792272847,9764.200207727154,10245.6,10330.1,0.012349224583572571,0
2015-04-04,10905.0,10905.0,10905.0,10905.0,10345170015,948663,30,10486.0,10905.0,62.87986288847643,89.30971233250966,27.9743051196357,10837.158804615428,9744.541195384572,10290.85,10342.2,-0.0433745988078863,0
2015-04-05,11341.0,11341.0,11100.0,11339.0,44471477563,3922010,673,10905.0,11341.0,69.33543817903218,152.923857654112,52.964215626530965,11058.07375338739,9637.726246612609,10347.9,10358.2,-0.0796226082356053,0
2015-04-06,11500.0,11500.0,10886.0,11000.0,23381003243,2125613,383,11339.0,11000.0,60.476803708660576,173.81899877327305,77.13517225587938,11140.56594420556,9659.13405579444,10399.85,10366.8,-0.045454545454545414,0
2015-04-07,10800.0,10995.0,10610.0,10941.0,4574472495,420920,396,11000.0,10960.0,59.51621578411878,185.01810935069443,98.7117596748424,11202.980260286484,9692.719739713517,10447.85,10372.2,-0.02372262773722633,0
2015-04-08,10600.0,10959.0,10573.0,10854.0,3451212309,322922,140,10941.0,10575.0,51.10269921461184,160.97162208969166,111.16373215781226,11203.641353448667,9750.758646551334,10477.2,10369.92,-0.007092198581560294,0
2015-04-11,10600.0,10800.0,10430.0,10767.0,3006298549,284386,153,10854.0,10432.0,48.36769722136078,128.8899397958612,114.70897368542205,11166.379987530283,9851.220012469716,10508.8,10372.56,-0.01466641104294475,0
2015-04-12,10420.0,10730.0,10337.0,10652.0,2774803788,267525,113,10767.0,10438.0,48.49225940223513,102.76451988136978,112.3200829246116,11146.914280912353,9914.485719087648,10530.7,10363.36,-0.047710289327457356,0
2015-04-13,10400.0,10669.0,10300.0,10610.0,4841467757,458178,174,10652.0,10500.0,49.838915640786716,86.07064935142625,107.07019620997453,11134.83015672907,9966.569843270932,10550.7,10358.36,-0.04800000000000004,0
2015-04-14,10400.0,10700.0,10400.0,10623.0,6289558530,591652,135,10610.0,10700.0,54.01547750059893,87.96495991227675,103.24914895043497,11120.035164937717,10048.264835062282,10584.15,10359.36,-0.034672897196261654,0
2015-04-15,10504.0,10800.0,10500.0,10618.0,2457069114,231756,105,10623.0,10500.0,49.57059000229167,72.4922407230606,97.09776730496012,11120.035164937717,10048.264835062282,10584.15,10361.58,-0.0195238095238095,0
2015-04-18,10500.0,10980.0,10194.0,10335.0,9746451307,943017,173,10618.0,10279.0,45.14937849741578,41.91398790275707,86.0610114245195,11122.71281455906,10018.487185440941,10570.6,10355.36,-0.0028212861173265713,0
2015-04-19,10677.0,10700.0,9940.0,10281.0,14999078988,1458881,389,10335.0,9940.0,39.351482628856324,-9.563720009477038,66.9360651377202,11157.665924717321,9952.134075282678,10554.9,10339.16,0.03621730382293764,0
2015-04-20,9960.0,10290.0,9888.0,10210.0,2053784640,206296,142,10281.0,9996.0,40.70605432866042,-45.319032818099004,44.48504554655637,11176.319942614631,9914.680057385369,10545.5,10331.26,0.02621048419367744,0
2015-04-21,9950.0,10380.0,9950.0,10225.0,8528240996,833914,138,10210.0,10329.0,48.12557718250387,-46.25189575570221,26.33765728610466,11175.305622867116,9900.594377132886,10537.95,10324.84,0.010843256849646599,0
2015-04-22,10326.0,10385.0,10151.0,10225.0,5828343529,569980,121,10225.0,10295.0,47.47240715685132,-49.16793485774724,11.23653885733428,11171.28215864253,9879.21784135747,10525.25,10319.14,0.040116561437591125,0
2015-04-25,10145.0,10277.0,10004.0,10212.0,3879919357,380745,72,10225.0,10250.0,46.57148216342507,-54.48200612165601,-1.9071701384637798,11167.127119406918,9853.372880593082,10510.25,10315.34,0.05463414634146346,1
2015-04-26,10200.0,10300.0,10001.0,10203.0,3754213944,368514,123,10212.0,10300.0,47.7578265833775,-54.03597071735021,-12.332930254241067,11165.605602677031,9839.894397322969,10502.75,10315.38,0.005436893203883519,0
2015-04-27,10317.0,10379.0,10200.0,10275.0,5450913279,527374,126,10203.0,10258.0,46.81743390159497,-56.421145591841196,-21.150573321761094,11162.097378606986,9819.302621393015,10490.7,10314.8,0.023688828231624104,0
2015-04-28,10300.0,10686.0,10100.0,10515.0,14531456869,1381962,353,10275.0,10441.0,51.315652178052396,-43.048605728927214,-25.53017980319432,11163.805337519112,9824.694662480888,10494.25,10319.86,0.017143951728761708,0
2015-04-29,10613.0,10850.0,10613.0,10719.0,17361284366,1619722,251,10515.0,10708.0,57.0266884009309,-10.78181688215409,-22.580507218986273,11182.842494407103,9831.857505592898,10507.35,10326.44,-0.045853567426223374,0
2015-05-03,10900.0,10900.0,10350.0,10708.0,3254941386,304605,127,10719.0,10810.0,59.005153599980844,22.758052634628257,-13.512795248263368,11168.102937634636,9837.097062365365,10502.6,10338.58,-0.06318223866790007,0
2015-05-04,11100.0,11100.0,10320.0,10740.0,4460262875,413743,204,10708.0,10356.0,48.33779704855616,12.559852938265976,-8.2982656109575,10998.24201682566,9908.457983174341,10453.35,10341.94,-0.0054074932406334986,0
2015-05-05,10376.0,10900.0,10320.0,10704.0,2349851178,221896,98,10740.0,10501.0,51.362186679614446,15.993629780850824,-3.4398865325958354,10913.277469058252,9943.522530941747,10428.4,10348.36,-0.019236263213027294,0
2015-05-06,10520.0,10925.0,10380.0,10642.0,5721405689,539890,151,10704.0,10620.0,53.75491842529752,27.994524688507227,2.846995711624777,10841.251788411235,9981.548211588764,10411.4,10357.16,-0.03389830508474578,0
2015-05-09,10455.0,10510.0,10217.0,10548.0,2549660288,247842,143,10642.0,10217.0,45.57754761440817,4.92976115816964,3.26354880093375,10824.424819429489,9962.575180570511,10393.5,10361.04,-0.0026426543995301532,0
2015-05-10,10150.0,10500.0,10127.0,10421.0,3234643565,317933,89,10548.0,10127.0,43.968891735982155,-20.376589313269506,-1.464478821906901,10823.978560898153,9932.521439101847,10378.25,10360.58,0.01046706823343535,0
2015-05-11,10200.0,10499.0,10055.0,10418.0,1772466632,170401,84,10421.0,10300.0,47.783977134284854,-26.170720431198788,-6.405727143765279,10817.4375586702,9925.2624413298,10371.35,10366.96,0.011456310679611725,0
2015-05-12,10418.0,10600.0,10040.0,10355.0,3252458748,317914,129,10418.0,10299.0,47.763732408995494,-30.49181209987546,-11.222944134987316,10804.387846820853,9918.212153179145,10361.3,10364.94,0.019516457908534734,0
2015-05-13,10341.0,10429.0,10188.0,10355.0,1632147365,157621,90,10355.0,10260.0,46.92867340703591,-36.64090885339829,-16.30653707866951,10755.83287985505,9922.767120144948,10339.3,10370.18,0.012670565302144166,0
2015-05-17,10300.0,10550.0,10177.0,10356.0,3235316694,312387,141,10355.0,10190.0,45.39461683167418,-46.62506261922499,-22.370242186780608,10738.326042608112,9909.273957391886,10323.8,10374.78,0.012757605495583801,0
2015-05-18,10370.0,10449.0,10233.0,10400.0,6740913768,646843,129,10356.0,10233.0,46.55046849082455,-50.48586613810039,-27.993366977044566,10737.502644222777,9905.497355777223,10321.5,10379.44,0.014267565718752984,0
2015-05-19,10330.0,10429.0,10221.0,10404.0,16592716625,1594877,172,10400.0,10418.0,51.324297168462216,-38.17753993621773,-30.0302015688792,10724.25004949233,9966.54995050767,10345.4,10383.8,0.010750623920138258,0
2015-05-20,10427.0,10550.0,10100.0,10431.0,27507107090,2637173,420,10404.0,10500.0,53.31465123763515,-21.5578822004245,-28.335737695188264,10718.955221003418,10022.244778996583,10370.6,10394.58,-0.0020000000000000018,0
2015-05-23,10435.0,10580.0,10146.0,10436.0,8613930161,825356,146,10431.0,10390.0,50.340913150620295,-17.066037738473824,-26.08179770384538,10721.562790797263,10025.737209202736,10373.65,10402.38,-0.018286814244465877,0
2015-05-24,10420.0,10495.0,10100.0,10394.0,17671480140,1700196,294,10436.0,10320.0,48.48748465403106,-18.93634720289083,-24.65270760365447,10721.851812216537,10027.948187783462,10374.9,10409.02,-0.01531007751937985,0
2015-05-25,10410.0,10549.0,10302.0,10437.0,8792657806,841939,195,10394.0,10379.0,50.15331096922133,-15.479337840790322,-22.81803365108164,10723.53782853915,10039.16217146085,10381.35,10420.6,0.0009634839579921728,0
2015-05-26,10450.0,10530.0,10441.0,10457.0,6421753487,613434,319,10437.0,10530.0,54.232585720212256,-0.5488679663139919,-18.36420051412811,10738.768068334597,10046.931931665404,10392.85,10431.2,-0.013295346628679927,0
2015-05-27,10500.0,10550.0,10451.0,10489.0,6985914424,665104,408,10457.0,10479.0,52.66494621968429,7.08667245347533,-13.274025920607425,10745.979464452834,10061.820535547165,10403.9,10438.78,-0.0008588605782994252,0
2015-05-30,10550.0,10550.0,10169.0,10434.0,6467493674,621555,413,10489.0,10200.0,45.00138731680913,-9.268236590318338,-12.47286805454961,10744.66342094702,10039.036579052981,10391.85,10442.16,0.03921568627450989,0
2015-05-31,10495.0,10495.0,10152.0,10348.0,15572908832,1504867,293,10434.0,10162.0,44.0609564993886,-25.00762986861446,-14.97982041736258,10699.32184768188,10029.778152318118,10364.55,10435.4,0.04310175162369623,0
2015-06-01,10201.0,10477.0,10200.0,10381.0,7574746023,728938,703,10348.0,10389.0,50.69016183003436,-18.945814005530337,-15.773019134996133,10609.459019400249,10077.540980599751,10343.5,10432.18,-0.01337953604774278,0
2015-06-02,10400.0,10400.0,10390.0,10382.0,507846225,48848,54,10381.0,10390.0,50.71786916393025,-13.90084928082797,-15.398585164162501,10611.890532266036,10078.509467733966,10345.2,10434.9,0.023002887391722737,0
2015-06-06,10398.0,10477.0,10212.0,10385.0,1320486661,126871,65,10382.0,10470.0,52.99345970341885,-3.4080609719494532,-13.000480325719892,10607.040413645489,10080.25958635451,10343.65,10440.62,0.006876790830945501,0
2015-06-07,10448.0,10904.0,10230.0,10602.0,6868796585,641283,178,10385.0,10600.0,56.50787678126526,15.221993241239034,-7.355985612328107,10601.956208950618,10083.343791049381,10342.65,10443.02,-0.020849056603773564,0
2015-06-08,10600.0,10690.0,10480.0,10597.0,1549236169,146612,133,10602.0,10600.0,56.50787678126526,29.64471955366571,0.04415542087065649,10637.228829283247,10086.371170716751,10361.8,10444.04,-0.031132075471698162,0
2015-06-09,10401.0,10500.0,10250.0,10499.0,3013025815,293204,47,10597.0,10250.0,45.81295971189379,12.686516869058323,2.57262771050819,10627.147588724009,10108.752411275993,10367.95,10438.04,0.005853658536585371,0
2015-06-10,10290.0,10629.0,10217.0,10525.0,4966895498,470734,174,10499.0,10629.0,55.610268550382976,29.489218277198233,7.9559458238462,10665.125773665937,10103.674226334062,10384.4,10441.62,0.004798193621224911,0
2015-06-13,10538.0,10549.0,10351.0,10524.0,2402212752,228317,39,10525.0,10542.0,53.23101439511884,35.37749751973388,13.440256163023736,10682.426529292521,10110.673470707477,10396.55,10442.48,0.016315689622462548,0
2015-06-14,10540.0,10600.0,10379.0,10524.0,887127344,84256,29,10524.0,10379.0,49.000982273939165,26.584810344857033,16.069166999390397,10681.634734492749,10123.365265507251,10402.5,10442.66,0.026110415261585862,0
2015-06-15,10379.0,10600.0,10270.0,10515.0,848921382,81517,47,10524.0,10270.0,46.348582650110785,10.697835374854549,14.99490067448323,10675.4464630746,10137.5535369254,10406.5,10439.14,0.05978578383641664,1
2015-06-16,10576.0,10576.0,10281.0,10507.0,663568646,63851,42,10515.0,10310.0,47.47225857466957,1.3197457502101315,12.259869689628612,10671.338333073218,10149.361666926783,10410.35,10427.24,0.047526673132880726,0
2015-06-17,10400.0,10910.0,10400.0,10692.0,11725338860,1096659,165,10507.0,10680.0,56.539600734661235,23.47286931209601,14.502469614122091,10709.734805744798,10137.165194255203,10423.45,10414.02,0.011235955056179803,0
2015-06-20,10995.0,11226.0,10692.0,10899.0,6339847321,574807,112,10692.0,10714.0,57.269546602053424,43.27405877725505,20.256787446748685,10745.93984909765,10122.36015090235,10434.15,10408.3,-0.0013067015120403758,0
2015-06-21,10850.0,10850.0,10645.0,10879.0,864657238,81055,38,10899.0,10650.0,55.383875166491684,53.18924643483297,26.84327924436554,10771.904230150023,10122.395769849976,10447.15,10402.1,-0.0046948356807511304,0
2015-06-22,10650.0,11226.0,10650.0,10914.0,4568380532,416960,117,10879.0,10884.0,60.504369558792426,79.01807726131301,37.278238847755034,10845.780168858224,10104.919831141777,10475.35,10408.28,-0.015527379639838301,0
2015-06-23,10800.0,10900.0,10751.0,10881.0,3583158164,331178,147,10914.0,10800.0,57.93396539616083,91.65299511953708,48.153190102111445,10889.679747762746,10103.120252237253,10496.4,10415.64,-0.00564814814814818,0
2015-06-24,10800.0,10800.0,10500.0,10831.0,3437473567,320210,104,10881.0,10800.0,57.93396539616082,100.50766871079941,58.62408582384904,10924.808134410894,10094.991865589105,10509.9,10422.88,-0.0092592592592593,0
2015-06-27,10800.0,10800.0,10700.0,10826.0,1028374282,95405,156,10831.0,10700.0,54.72412399234622,98.32249652491191,66.56376796406163,10943.675667543772,10098.22433245623,10520.95,10426.88,-9.345794392523477e-05,0
2015-06-28,10504.0,10650.0,10500.0,10772.0,1682569277,159984,40,10826.0,10600.0,51.642750332037124,87.51277476645555,70.75356932454042,10938.121235111917,10143.778764888084,10540.95,10424.88,-0.009245283018867956,0
2015-06-29,10508.0,10720.0,10508.0,10754.0,1899570290,177919,190,10772.0,10715.0,54.795094568355154,87.22011213784754,74.04687788720184,10931.952390937948,10205.247609062053,10568.6,10429.18,-0.00345310312645819,0
2015-06-30,10752.0,10798.0,10690.0,10747.0,7295242366,678954,110,10754.0,10739.0,55.44783267118594,87.91138657825104,76.81977962541168,10946.871340325588,10225.328659674413,10586.1,10438.38,-0.0036316230561505014,0
2015-07-01,10798.0,10798.0,10650.0,10738.0,1693857219,158384,66,10747.0,10700.0,54.08124306320466,84.34003308764659,78.32383031785866,10953.876255232055,10249.323744767946,10601.6,10453.58,0.0,0
2015-07-04,10797.0,10798.0,10660.0,10737.0,2260400753,210589,113,10738.0,10699.0,54.044461954810025,80.50105205554792,78.75927466539652,10962.34613510647,10263.753864893528,10613.05,10467.64,0.002056266940835494,0
2015-07-05,10800.0,10900.0,10502.0,10684.0,11586295866,1084477,310,10737.0,10502.0,47.229788400013405,60.860812761962734,75.17958228470977,10960.774602091686,10255.525397908314,10608.15,10471.1,0.009331555894115384,0
2015-07-06,10712.0,10790.0,10552.0,10691.0,5035286347,470643,102,10684.0,10678.0,52.93911718836865,58.81947641784427,71.90756111133668,10965.95081944002,10258.149180559978,10612.05,10478.76,0.0001873009926953717,0
2015-07-07,10683.0,10700.0,10450.0,10592.0,10558714593,996830,253,10691.0,10700.0,53.61468879623092,58.30481715772112,69.18701232061358,10948.479594018016,10320.620405981983,10634.55,10487.76,0.017570093457943914,0
2015-07-11,10888.0,10900.0,10570.0,10693.0,8411231265,785108,112,10592.0,10700.0,53.61468879623092,57.23715172989978,66.79704020247082,10953.301459387987,10322.898540612014,10638.1,10495.76,0.009345794392523255,0
2015-07-12,11000.0,11080.0,10703.0,10820.0,5871670837,537911,79,10693.0,10721.0,54.34031048302485,57.42360016417297,64.92235219481125,10960.99106134801,10333.108938651989,10647.05,10505.02,0.01949445014457596,0
2015-07-13,10950.0,10950.0,10600.0,10910.0,33241233783,3046908,406,10820.0,10600.0,49.532263397634686,47.26285634300257,61.39045302444952,10948.174404248832,10368.025595751169,10658.1,10508.2,0.03471698113207555,0
2015-07-14,10890.0,11000.0,10680.0,10823.0,12116823310,1119500,180,10910.0,10680.0,52.52326561919729,45.14531794928553,58.14142600941672,10907.584191594773,10449.615808405228,10678.6,10507.64,0.04101123595505607,0
2015-07-15,11000.0,11000.0,10700.0,10912.0,22187060968,2033306,286,10823.0,10888.0,59.28042517318226,59.564393931994346,58.426019593932246,10882.683903371026,10532.316096628974,10707.5,10509.2,0.01763409257898596,0
2015-07-20,10651.0,11000.0,10600.0,10938.0,7375669721,673730,105,10912.0,10800.0,55.67038854899345,63.1626512525545,59.37334592565669,10892.67979796927,10534.32020203073,10713.5,10518.08,0.0185185185185186,0
2015-07-21,10900.0,11000.0,10800.0,10990.0,29840464115,2715164,83,10938.0,10930.0,59.58581842185636,75.63236680282353,62.62515010109006,10926.817258524568,10521.78274147543,10724.3,10526.66,-0.005946935041171053,0
2015-07-22,10980.0,11200.0,10931.0,11073.0,15226629660,1375075,133,10990.0,10968.0,60.67910458578376,87.5715186806392,67.61442381699989,10965.534950685209,10514.865049314792,10740.2,10533.62,0.0006382202771699763,0
2015-07-25,10969.0,11250.0,10900.0,11084.0,16434503770,1482751,282,11073.0,11118.0,64.73457746223322,107.8934009931072,75.67021925222136,11025.101683743536,10478.698316256463,10751.9,10551.64,-0.01870840079150926,0
2015-07-26,11000.0,11199.0,10936.0,11093.0,8056359380,726137,192,11084.0,11080.0,62.9629191028838,119.55421020095855,84.4470174419688,11073.994725693741,10457.805274306258,10765.9,10570.7,-0.003790613718411606,0
2015-07-27,10960.0,11147.0,10910.0,11077.0,4200832758,380034,104,11093.0,11000.0,59.28438287694767,120.94596430738602,91.74680681505225,11100.323118782093,10451.476881217906,10775.9,10584.7,-0.009090909090909038,0
2015-07-28,10900.0,11019.0,10857.0,11066.0,1288288185,117216,30,11077.0,10865.0,53.59407899873554,109.88883758954216,95.37521296995024,11108.82477573766,10459.47522426234,10784.15,10596.02,0.005982512655315242,0
2015-07-29,10851.0,10975.0,10800.0,11057.0,425811402,39233,27,11066.0,10975.0,57.198976421391095,108.74848090075466,98.04986655611113,11126.180002475094,10479.619997524906,10802.9,10610.32,-0.01649202733485189,0
2015-08-01,10751.0,10910.0,10750.0,11039.0,765153690,70712,26,11057.0,10910.0,54.50460143458452,101.43055493773682,98.72600423243627,11136.499517523642,10488.800482476358,10812.65,10624.72,-0.0010999083409716226,0
2015-08-02,10900.0,11049.0,10886.0,10973.0,9859149321,898505,120,11039.0,11038.0,58.636661806315885,104.75205961129359,99.93121530820774,11163.838248865733,10491.361751134267,10827.6,10640.82,-0.03333937307483237,0
2015-08-03,10990.0,11119.0,10880.0,11007.0,14640478905,1330115,69,10973.0,10900.0,53.04317642220832,95.15207541409472,98.97538732938514,11169.937418898764,10505.262581101237,10837.6,10650.46,-0.015596330275229331,0
2015-08-04,11000.0,11018.0,10700.0,10977.0,4139189328,378506,58,11007.0,10930.0,54.06893841807927,88.93952853122755,96.96821556975362,11177.448812060433,10520.851187939566,10849.15,10659.06,0.015553522415370447,0
2015-08-05,10900.0,10900.0,10700.0,10957.0,783136794,72957,51,10977.0,10794.0,48.858325531075124,72.20958976509428,92.01649040882177,11152.597970393232,10574.902029606768,10863.75,10667.14,-0.008893829905503026,0
2015-08-08,10653.0,10949.0,10411.0,10814.0,18592722496,1719244,171,10957.0,10898.0,52.618667572836706,66.575482871227,86.92828890130282,11150.944044107197,10598.555955892803,10874.75,10678.7,-0.03184070471646172,0
2015-08-09,10949.0,10950.0,10522.0,10815.0,1201269641,110976,40,10814.0,10670.0,44.835435341375316,43.214567408836956,78.18554460280966,11153.519780747565,10592.980219252435,10873.25,10684.52,0.012089971883786355,0
2015-08-10,10795.0,10880.0,10553.0,10803.0,47623726986,4408549,507,10815.0,10730.0,47.05489395722871,29.205706947888757,68.38957707182549,11151.59499273111,10597.90500726889,10874.75,10688.52,-0.010997204100652413,0
2015-08-12,10749.0,11100.0,10531.0,10887.0,17791748936,1634145,209,10803.0,11100.0,58.218531216258825,47.41294496910814,64.19425065128202,11177.647952977806,10609.752047022195,10893.7,10700.94,-0.039099099099099144,0
2015-08-15,10626.0,10752.0,10626.0,10864.0,1018968207,95509,42,10887.0,10698.0,46.69768759340257,29.06918051315006,57.16923662365563,11164.942185919326,10632.257814080675,10898.6,10710.9,0.00018695083193120965,0
2015-08-16,10610.0,10999.0,10500.0,10850.0,61607912058,5678216,160,10864.0,10551.0,43.321673670976665,2.639516845229082,46.26329266797032,11184.348066386972,10599.951933613027,10892.15,10718.68,0.00748744194863038,0
2015-08-17,10840.0,10850.0,10600.0,10848.0,75267284835,6938200,63,10850.0,10799.0,49.902011248307964,1.6859112154306786,37.34781637746239,11182.712609900469,10592.687390099532,10887.7,10726.88,-0.018427632188165566,0
2015-08-18,10652.0,10848.0,10550.0,10841.0,64281375951,5929628,109,10848.0,10612.0,45.602723201370004,-13.997807283307338,27.078691645308442,11195.069379833794,10561.530620166204,10878.3,10731.32,-0.005465510742555635,0
2015-08-19,10780.0,10780.0,10608.0,10838.0,207697934,19439,20,10841.0,10666.0,47.022139365791,-21.818409442908887,17.29927142766498,11193.924512468717,10536.275487531284,10865.1,10735.24,0.012375773485842956,0
2015-08-22,10810.0,10837.0,10600.0,10835.0,91552984854,8450066,61,10838.0,10700.0,47.9431826517986,-24.98476829224819,8.842463483682348,11184.478064181356,10518.921935818646,10851.7,10737.24,-0.004766355140186862,0
2015-08-23,10606.0,10840.0,10606.0,10826.0,9144825353,844806,85,10835.0,10630.0,46.16371466652149,-32.76485265235897,0.5210002564740845,11149.800914727839,10504.79908527216,10827.3,10737.84,0.004515522107243708,0
2015-08-24,10628.0,10680.0,10580.0,10745.0,3761438119,354324,113,10826.0,10600.0,45.386223851677514,-40.88013410085114,-7.7592266149909594,11118.362596955423,10488.237403044575,10803.3,10744.84,-0.008396226415094299,0
2015-08-25,10770.0,10770.0,10454.0,10637.0,4969737695,471772,121,10745.0,10554.0,44.15814404266049,-50.44190578726739,-16.295762449446244,11100.323033933191,10461.676966066809,10781.0,10743.34,-0.006443054765965517,0
2015-08-26,10679.0,10798.0,10355.0,10629.0,8460922017,796109,173,10637.0,10798.0,51.6339771139518,-37.8940983531229,-20.615429630181577,11094.77601596258,10460.52398403742,10777.65,10748.46,-0.03037599555473236,0
2015-08-29,10645.0,10649.0,10451.0,10628.0,56777070082,5342084,147,10629.0,10649.0,47.45594739606775,-39.517393402118614,-24.395822384568987,11069.614350842423,10453.085649157578,10761.35,10753.86,-0.004507465489717366,0
2015-08-30,10680.0,10701.0,10400.0,10674.0,50634739167,4743776,201,10628.0,10678.0,48.33224564887177,-38.02547478350425,-27.12175286435604,11052.171477412405,10447.328522587595,10749.75,10762.02,-0.03352687769245177,0
2015-08-31,10476.0,10511.0,10476.0,10672.0,89156700,8492,6,10674.0,10511.0,43.80196478125505,-49.74519125286679,-31.646440542058194,11012.30164416338,10434.498355836618,10723.4,10766.04,-0.016173532489772602,0
2015-09-01,10520.0,10605.0,10486.0,10669.0,198252690,18879,14,10672.0,10486.0,43.149921558173304,-60.35471052370485,-37.38809453838753,10997.291989029414,10408.108010970587,10702.7,10762.16,-0.010967003623879479,0
2015-09-02,10660.0,10660.0,10450.0,10657.0,737501234,70165,49,10669.0,10470.0,42.711699430781614,-69.25556225414584,-43.761588081539195,10971.530841413838,10387.869158586163,10679.7,10757.28,-0.006399235912129875,0
2015-09-05,10470.0,10601.0,10453.0,10605.0,3591418094,341546,85,10657.0,10601.0,47.42006657588065,-64.98978441042709,-48.00722734731678,10958.872765723738,10381.22723427626,10670.05,10756.3,-0.013300632015847524,0
2015-09-06,10478.0,10500.0,10320.0,10558.0,2675375024,256439,88,10605.0,10320.0,39.853621546451684,-83.3229808643755,-55.07037805072853,10948.057982953054,10334.242017046945,10641.15,10745.02,0.036821705426356655,0
2015-09-07,10351.0,10400.0,10313.0,10537.0,905903528,87702,51,10558.0,10341.0,40.61621878372278,-95.06183300505472,-63.06866904159377,10957.809051213433,10291.590948786568,10624.7,10735.84,0.03432936853302393,0
2015-09-08,10540.0,10588.0,10370.0,10533.0,1086592958,103454,59,10537.0,10371.0,41.75240723349425,-100.78245125766625,-70.61142548480828,10953.633193597376,10259.866806402624,10606.75,10727.26,0.027866165268537246,0
2015-09-09,10535.0,10539.0,10352.0,10516.0,3799228448,362216,35,10533.0,10403.0,43.005064313644255,-101.56319260934106,-76.80177890971484,10845.968531576169,10297.83146842383,10571.9,10721.32,-0.006055945400365248,0
2015-09-12,10311.0,10494.0,10311.0,10508.0,1462731047,139804,25,10516.0,10460.0,45.26316577720114,-96.4704607041349,-80.73551526859886,10831.79256796373,10288.20743203627,10560.0,10718.52,-0.006692160611854736,0
2015-09-13,10342.0,10899.0,10303.0,10657.0,24351657399,2285042,297,10508.0,10700.0,53.5991061661773,-72.2357509698104,-79.03556240884117,10845.933374728758,10288.966625271243,10567.45,10718.22,-0.03635514018691588,0
2015-09-14,10697.0,10700.0,10500.0,10676.0,10667731461,999197,73,10657.0,10696.0,53.452996008427874,-52.7443316512381,-73.77731625732056,10826.929627971469,10297.67037202853,10562.3,10717.36,0.00972326103216159,0
2015-09-15,10693.0,10792.0,10453.0,10683.0,5511893867,515665,66,10676.0,10660.0,52.077065318244415,-39.743996496788895,-66.97065230521423,10831.946777343186,10297.453222656815,10564.7,10716.56,-0.00018761726078797558,0
2015-09-16,10406.0,10600.0,10300.0,10637.0,2901693434,275671,87,10683.0,10340.0,41.78168076615894,-54.63269121627309,-64.50306008742601,10828.406714205785,10268.393285794215,10548.4,10709.38,0.02030947775628622,0
2015-09-19,10302.0,10400.0,10300.0,10617.0,686219638,66274,43,10637.0,10390.0,43.65602043867332,-61.68642421625191,-63.939732913191186,10811.94186065951,10253.85813934049,10532.9,10707.14,0.006352261790182778,0
2015-09-20,10349.0,10617.0,10249.0,10578.0,2762791103,263673,68,10617.0,10311.0,41.38870352697784,-72.81186831348896,-65.71415999325075,10808.169831056066,10225.730168943935,10516.95,10699.8,0.018232955096498804,0
2015-09-21,10561.0,10800.0,10200.0,10659.0,26110081408,2449630,211,10578.0,10800.0,56.46186511748187,-41.69007245447392,-60.90934248549539,10841.676849824293,10212.223150175709,10526.95,10701.8,-0.031481481481481444,0
2015-09-22,10698.0,10698.0,10401.0,10661.0,8734717787,819258,31,10659.0,10658.0,52.25897457764263,-28.159433847500623,-54.35936075789644,10851.88944079566,10212.41055920434,10532.15,10700.96,-0.021861512478889122,0
2015-09-23,10760.0,10760.0,10550.0,10661.0,355767104,33343,15,10661.0,10550.0,49.25586679308709,-25.852985550329322,-48.65808571638302,10815.633000526092,10223.866999473908,10519.75,10697.54,-0.012796208530805653,0
2015-09-26,10435.0,10654.0,10435.0,10657.0,239268178,22801,16,10661.0,10456.0,46.73835100261704,-31.24989374427969,-45.17644732196236,10801.039787585549,10219.160212414452,10510.1,10694.66,0.004303749043611305,0
2015-09-27,10455.0,10500.0,10450.0,10651.0,320268199,30620,24,10657.0,10499.0,48.046491538808226,-31.691917044448928,-42.47954126645968,10781.706785696451,10220.593214303548,10501.15,10691.04,-0.006191065815791985,0
2015-09-28,10500.0,10500.0,10460.0,10650.0,67831350,6463,6,10651.0,10460.0,46.920884448437874,-34.78818125917496,-40.94126926500273,10779.678921302051,10217.52107869795,10498.6,10682.48,-0.003824091778202643,0
2015-09-29,10600.0,10600.0,10403.0,10645.0,231741853,22192,17,10650.0,10425.0,45.88202723626718,-39.60960557260114,-40.674936526522416,10778.427694419912,10212.672305580087,10495.55,10674.98,0.025227817745803405,0
2015-09-30,10599.0,10599.0,10410.0,10642.0,136986915,13140,14,10645.0,10415.0,45.57157105639431,-43.733404045258794,-41.28663003026969,10777.680044931765,10207.919955068233,10492.8,10664.68,0.024867978876620178,0
2015-10-03,10400.0,10700.0,10400.0,10670.0,14021123544,1314065,64,10642.0,10501.0,48.78130722105624,-39.60551505323565,-40.950407034862884,10768.386243426732,10207.213756573266,10487.8,10655.34,0.003904390058089735,0
2015-10-04,10680.0,10680.0,10434.0,10667.0,387736320,36610,23,10670.0,10434.0,46.481533942947195,-41.26479843494417,-41.01328531487914,10764.694026483485,10222.305973516515,10493.5,10641.66,0.025397738163695616,0
2015-10-05,10435.0,10500.0,10412.0,10657.0,399901542,38350,20,10667.0,10420.0,45.99359346438762,-43.21136178602683,-41.45290060910868,10761.860646533616,10233.039353466385,10497.45,10628.46,0.015930902111324308,0
2015-10-06,10426.0,10749.0,10420.0,10674.0,20561834943,1926302,102,10657.0,10688.0,55.60181584046118,-22.86509248233415,-37.73533898375378,10783.433374465878,10243.16662553412,10513.3,10622.22,-0.01010479041916168,0
2015-10-07,10650.0,10680.0,10439.0,10673.0,403270637,37905,31,10674.0,10674.0,55.05083110202172,-7.780521461123499,-31.744375479227724,10800.655241002289,10253.044758997712,10526.85,10618.4,-0.008806445568671495,0
2015-10-10,10511.0,10673.0,10511.0,10670.0,10840236326,1015944,70,10673.0,10542.0,50.01805117410221,-6.403372980561471,-26.676174979494476,10803.078995148113,10258.821004851889,10530.95,10609.74,0.006165812938721205,0
2015-10-11,10570.0,10849.0,10550.0,10763.0,53984447187,5015708,107,10670.0,10699.0,55.25738237837657,7.272778939886848,-19.886384195618213,10802.905073482685,10258.894926517314,10530.9,10605.52,-0.018039069071875913,0
2015-10-12,10601.0,10650.0,10530.0,10600.0,16490879528,1555780,42,10763.0,10586.0,51.10506901301854,8.890587094769216,-14.130989937540727,10788.11916565093,10262.680834349068,10525.4,10596.48,-0.006045720763272255,0
2015-10-13,10581.0,10599.0,10531.0,10597.0,669995189,63474,44,10600.0,10580.0,50.886414144453866,9.578150895946237,-9.389161770843334,10778.168689680657,10264.631310319342,10521.4,10590.08,0.020793950850661602,0
2015-10-14,10580.0,10649.0,10545.0,10602.0,2601634781,245080,81,10597.0,10580.0,50.886414144453866,10.00768776699988,-5.509791863274691,10777.243720444716,10289.556279555283,10533.4,10583.08,-0.007372400756143649,0
2015-10-17,10573.0,10718.0,10573.0,10616.0,2752086511,258337,94,10602.0,10607.0,51.9591377725781,12.38401793358571,-1.9310299039026106,10780.807709661553,10307.692290338447,10544.25,10579.34,-0.019515414349014826,0
2015-10-18,10750.0,10750.0,10504.0,10607.0,2160496644,204315,101,10616.0,10506.0,47.757042277543434,6.047706606170323,-0.33528260188802395,10766.11034864032,10341.88965135968,10554.0,10571.5,-0.0007614696363982265,0
2015-10-19,10689.0,10949.0,10522.0,10819.0,33275887829,3075678,306,10607.0,10522.0,48.468033097905646,2.290793667525577,0.18993265199469622,10719.876416696741,10360.32358330326,10540.1,10568.54,-0.00684280555027561,0
2015-10-28,10850.0,10920.0,10700.0,10846.0,4615966568,424319,77,10819.0,10800.0,58.927256642656,21.49787562536767,4.451521246669291,10754.196231850532,10340.20376814947,10547.2,10569.94,-0.02824074074074079,0
2015-10-31,10792.0,10800.0,10502.0,10827.0,865540602,81391,62,10846.0,10502.0,47.741300278089945,12.529089402876707,6.067034877910775,10752.721716038319,10336.87828396168,10544.8,10557.98,0.025423728813559254,0
2015-11-01,10450.0,10890.0,10400.0,10780.0,16467878355,1527686,200,10827.0,10400.0,44.619197176209894,-2.777271191986074,4.298173663931405,10756.047658245354,10327.952341754646,10542.0,10552.02,0.027788461538461595,0
2015-11-02,10763.0,10763.0,10450.0,10748.0,1129736954,107570,48,10780.0,10498.0,48.129041529517075,-6.920120419390514,2.0545148472670216,10756.038276186064,10327.861723813938,10541.95,10550.96,-0.004572299485616327,0
2015-11-03,10500.0,10590.0,10415.0,10706.0,1422081394,135898,53,10748.0,10450.0,46.57216253167697,-13.916140521552734,-1.1396162264969298,10756.346696113085,10326.553303886916,10541.45,10543.98,-0.502488038277512,0
2015-11-04,10590.0,10590.0,10445.0,10658.0,1826308599,174750,84,10706.0,10495.0,48.261880590884886,-15.649020766590183,-4.041497134515581,10754.356279753783,10335.543720246218,10544.95,10541.64,-0.5045259647451168,0
2015-11-07,10639.0,10797.0,10500.0,10767.0,11411784171,1059855,83,10658.0,10769.0,57.148480170633555,5.029195802300819,-2.227358547152301,10784.596187172288,10340.70381282771,10562.65,10543.7,-0.5125824124802674,0
2015-11-08,10551.0,10745.0,10551.0,10760.0,849451408,79526,35,10767.0,10689.0,54.22021555057584,14.79099857505389,1.1763128772889373,10798.63197192256,10345.46802807744,10572.05,10543.48,-0.4948077462812237,0
2015-11-09,10720.0,10869.0,10450.0,10735.0,20831714678,1940627,268,10760.0,10450.0,46.546809948584134,3.2050491967238486,1.5820601411759196,10797.582084937412,10348.117915062589,10572.85,10539.88,-0.4978947368421053,0
2015-11-22,5200.0,5237.0,5190.0,5207.0,4693794878,901386,79,5074.0,5199.0,10.704004427666007,-424.79197723013385,-83.69274733308603,12667.409526216166,7956.190473783832,10311.8,10431.86,-0.003654548951721459,0
2015-11-23,5197.0,5245.0,5020.0,5223.0,22394256613,4287552,305,5207.0,5200.0,10.71810439612328,-755.1965765420009,-217.993513174869,13269.351323890938,6805.448676109061,10037.4,10324.78,0.0,0
2015-11-24,5200.0,5249.0,5110.0,5243.0,20420602303,3894661,54,5223.0,5249.0,11.455883970390289,-1001.5455181505349,-374.70391417000224,13594.453293888877,5937.846706111122,9766.15,10213.8,-0.008001524099828572,0
2015-11-25,5199.0,5400.0,5135.0,5253.0,9063372399,1725098,139,5243.0,5400.0,13.81929267007439,-1171.0947400016603,-533.9820793363339,13761.551497942177,5256.548502057822,9509.05,10108.82,-0.025925925925925908,0
2015-11-28,5299.0,5299.0,5200.0,5272.0,5026947848,950205,61,5253.0,5247.0,13.428185636182477,-1302.7917686314395,-687.744017195355,13833.877953758547,4639.022046241454,9236.45,10000.2,0.004192872117400492,0
2015-11-29,5191.0,5298.0,5119.0,5290.0,11564517883,2186051,53,5272.0,5180.0,13.25132259277467,-1396.4713008213657,-829.4894739205572,13841.6803003879,4090.619699612099,8966.15,9893.58,0.03339768339768345,0
2015-11-30,5286.0,5286.0,5156.0,5285.0,430150098,83152,20,5290.0,5200.0,13.617075290352844,-1452.3573012457082,-954.0630393855874,13776.247017187265,3618.0529828127346,8697.15,9787.86,0.022115384615384537,0
2015-12-01,5200.0,5380.0,5170.0,5327.0,10421138648,1956218,123,5285.0,5207.0,13.754136852217073,-1479.0331442990164,-1059.0570603682734,13647.287196274687,3209.7128037253133,8428.5,9682.6,0.00979450739389276,0
2015-12-05,5300.0,5300.0,5260.0,5326.0,280929400,53069,20,5327.0,5260.0,14.85569115142016,-1478.8500225396529,-1143.0156528025493,13453.459676313418,2868.8403236865806,8161.15,9575.78,0.0076045627376426506,0
2015-12-06,5240.0,5269.0,5240.0,5324.0,311726622,59315,24,5326.0,5269.0,15.054100157390124,-1461.1356106479625,-1206.639644371632,13219.781372958718,2578.8186270412825,7899.3,9474.76,0.003985576010628211,0
2015-12-07,5260.0,5353.0,5217.0,5339.0,45114935030,8449781,66,5324.0,5353.0,16.998183214416443,-1423.9048251413897,-1250.0926805255835,12928.699667870742,2353.000332129259,7640.85,9375.0,-0.016439379787035358,0
2015-12-08,5314.0,5315.0,5220.0,5339.0,156015782,29381,28,5339.0,5315.0,16.810749178624533,-1381.5399097144018,-1276.3821263633472,12538.28944929998,2194.9105507000195,7366.6,9273.88,-0.019755409219190945,0
2015-12-09,5300.0,5309.0,5225.0,5338.0,324548165,61239,31,5339.0,5258.0,16.516550150797485,-1337.1509884002162,-1288.5358987707211,12143.692466209992,2065.1075337900083,7104.4,9170.98,0.0007607455306199995,0
2015-12-13,5235.0,5300.0,5226.0,5336.0,234725298,44774,24,5338.0,5300.0,17.660018240490572,-1283.784728243515,-1287.58566466528,11708.756393597901,1990.0436064020978,6849.4,9067.78,-0.020188679245283003,0
2015-12-14,5300.0,5300.0,5250.0,5336.0,72998615,13830,13,5336.0,5290.0,17.59821267039659,-1228.1412511607032,-1275.6967819643646,11189.652258104368,1988.3477418956309,6589.0,8959.58,-0.020037807183364786,0
2015-12-15,5290.0,5295.0,5265.0,5335.0,131655760,24876,13,5336.0,5265.0,17.433943225977472,-1172.5443246580935,-1255.0662905031104,10603.65804182786,2055.841958172139,6329.75,8850.96,-0.016334283000949634,0
2015-12-16,5298.0,5298.0,5200.0,5327.0,787026070,150456,48,5335.0,5210.0,17.056726215202616,-1120.0106150089478,-1228.055155404278,9908.400493117262,2222.5995068827383,6065.5,8741.96,-0.005566218809980761,0
2015-12-19,5210.0,5262.0,5210.0,5324.0,302106576,57662,19,5327.0,5262.0,18.8446062254896,-1061.9399238022497,-1194.8321090838722,8979.06105394944,2601.23894605056,5790.15,8640.4,-0.021284682630178686,0
2015-12-20,5249.0,5249.0,5193.0,5318.0,431709098,83121,13,5324.0,5193.0,18.281488523010637,-1009.8453375428462,-1157.834754775667,7782.212349151567,3248.4876508484344,5515.35,8536.46,-0.013864818024263426,0
2015-12-21,5171.0,5250.0,5171.0,5315.0,208273969,40161,28,5318.0,5184.0,18.205072815973452,-958.2402305015139,-1117.9158499208365,5366.774844741618,5137.325155258382,5252.05,8433.92,-0.012345679012345734,0
2015-12-22,5200.0,5200.0,5175.0,5311.0,255621969,49337,19,5315.0,5179.0,18.159658691948948,-907.2876226429044,-1075.79020446525,5367.935371201825,5134.164628798176,5251.05,8321.5,-0.009654373431164265,0
2015-12-23,5180.0,5210.0,5176.0,5304.0,536567846,103507,27,5311.0,5181.0,18.247509182224206,-856.868484034103,-1032.0058603790208,5368.922388466941,5131.27761153306,5250.1,8211.96,-0.013703918162516926,0
2015-12-26,5178.0,5199.0,5150.0,5303.0,71752418,13878,15,5304.0,5150.0,17.926303017068975,-810.0743613743962,-987.619560578096,5371.737953617195,5118.5620463828045,5245.15,8103.96,0.0001941747572815622,0
2015-12-27,5066.0,5185.0,5066.0,5294.0,427379867,83688,27,5303.0,5121.0,17.613941291385984,-766.4940731210718,-943.3944630866912,5347.5315950246995,5114.8684049753,5231.2,7997.26,0.00956844366334697,0
2015-12-28,5120.0,5170.0,5120.0,5292.0,90449360,17653,19,5294.0,5120.0,17.602551143036763,-723.6947695252065,-899.4545243743943,5350.527802339919,5099.172197660082,5224.85,7889.68,0.005859375,0
2015-12-30,5087.0,5190.0,5087.0,5289.0,197770859,38373,22,5292.0,5129.0,18.115767291043284,-681.197369049527,-855.8030933094208,5353.46417194109,5091.13582805891,5222.3,7783.06,0.029635406511990592,0
2016-01-02,5151.0,5250.0,5092.0,5282.0,868231665,166618,37,5289.0,5110.0,17.862818672584638,-641.6544214512069,-812.9733589377781,5357.606437623567,5077.993562376433,5217.8,7676.76,-0.00195694716242667,0
2016-01-03,5240.0,5240.0,5090.0,5282.0,37657648,7257,16,5282.0,5151.0,20.444258726525106,-600.0905232308587,-770.3967917963943,5357.771145547666,5072.228854452334,5215.0,7571.48,0.008347893612890678,0
2016-01-04,5150.0,5200.0,5106.0,5274.0,853573150,164331,16,5282.0,5170.0,21.672798683127965,-559.1719075513156,-728.1518149473786,5352.987192410382,5068.012807589618,5210.5,7464.86,-0.0019342359767892114,0
2016-01-05,5111.0,5215.0,5111.0,5272.0,228070144,43959,24,5274.0,5150.0,21.299929068018955,-522.3362752376997,-686.988707005443,5346.706920341551,5062.393079658449,5204.55,7359.18,-0.021359223300970842,0
2016-01-06,5121.0,5310.0,5121.0,5281.0,23327988108,4417712,261,5272.0,5281.0,29.817168684268182,-477.07375675566163,-645.0057169554868,5331.019942726959,5070.880057273041,5200.95,7256.4,-0.02935050179890175,0
2016-01-09,5312.0,5312.0,5065.0,5176.0,6741353731,1314088,176,5281.0,5100.0,25.681579137995627,-450.61367809588046,-606.1273091835656,5316.266014456695,5064.133985543304,5190.2,7144.64,0.03921568627450989,0
2016-01-10,5101.0,5194.0,5044.0,5166.0,855402471,168739,53,5176.0,5194.0,31.031596159805815,-417.249073127723,-568.3516619723971,5309.209655923729,5064.790344076271,5187.0,7035.04,-0.006160954948016939,0
2016-01-11,5100.0,5166.0,5100.0,5165.0,607151662,117796,44,5166.0,5160.0,30.185171921694135,-389.0659886298481,-532.4945273038874,5291.045936445225,5068.954063554775,5180.0,6927.4,0.0281007751937985,0
2016-01-12,5150.0,5165.0,5040.0,5111.0,5520972658,1088589,153,5165.0,5040.0,27.349710620104958,-372.12407355453433,-500.42043655401676,5282.418231804178,5052.581768195822,5167.5,6814.22,0.025595238095238004,0
2016-01-13,5048.0,5286.0,5047.0,5212.0,11222540415,2153360,184,5111.0,5126.0,32.2607386814513,-347.7493643239659,-469.8862221080066,5267.583592862239,5053.516407137761,5160.55,6705.02,0.008973858759266484,0
2016-01-16,5299.0,5309.0,5100.0,5202.0,24518728120,4713634,455,5212.0,5300.0,40.9571113874749,-310.80907231341826,-438.07079214908896,5286.604062050591,5043.495937949409,5165.05,6599.42,-0.02849056603773581,0
2016-01-17,5315.0,5315.0,5161.0,5202.0,3466760132,666354,139,5202.0,5162.0,36.9099068062327,-289.3338113671107,-408.3233959926933,5273.17554972684,5046.924450273161,5160.05,6491.06,0.00019372336303757898,0
2016-01-18,5182.0,5350.0,5105.0,5280.0,10088242497,1910362,157,5202.0,5305.0,43.176031515174415,-257.8038056528558,-378.2194779247258,5294.711651938129,5036.58834806187,5165.65,6385.02,-0.01979264844486328,0
2016-01-19,5280.0,5280.0,5164.0,5276.0,1061207782,202326,66,5280.0,5169.0,39.18950049835322,-241.0118774647326,-350.7779578327272,5293.700465841544,5036.099534158455,5164.9,6278.28,0.05416908492938677,1
2016-01-20,5276.0,5276.0,5170.0,5272.0,405276951,78122,41,5276.0,5172.0,39.32259082285443,-224.86991802999546,-325.5963498721809,5293.233293402831,5035.8667065971695,5164.55,6171.28,0.06747873163186391,1
2016-01-23,5180.0,5199.0,5120.0,5250.0,1551381765,302047,95,5272.0,5149.0,38.62464189602154,-211.4952214012992,-302.7761241780046,5291.571110246332,5034.328889753668,5162.95,6058.26,0.09924257137308223,1
2016-01-24,5200.0,5249.0,5120.0,5237.0,1902589547,367266,105,5250.0,5163.0,39.330531190064825,-197.4894594112784,-281.71879122465936,5292.0840846214005,5035.1159153786,5163.6,5951.48,0.11136935889986432,1
2016-01-25,5131.0,5260.0,5131.0,5235.0,5225434351,998619,153,5237.0,5200.0,41.25354581195588,-181.3141249813625,-261.637857976,5295.408476453455,5039.691523546546,5167.55,5847.48,0.12019230769230771,1
2016-01-26,5276.0,5496.0,5270.0,5398.0,35897196698,6650594,445,5235.0,5449.0,52.22769575654016,-146.71163646810783,-238.6526136744216,5359.088549028761,5008.911450971239,5184.0,5746.5,0.07359148467608745,1
2016-01-27,5500.0,5600.0,5480.0,5531.0,11307204445,2044403,345,5398.0,5521.0,54.853893167643896,-112.18590744526591,-213.35927242859046,5429.936386824997,4977.263613175004,5203.6,5647.92,0.05741713457706932,1
2016-01-30,5666.0,5807.0,5534.0,5761.0,31983539084,5552184,437,5531.0,5660.0,59.48451398212984,-72.76904388098592,-185.24122671906954,5527.935240497134,4934.264759502867,5231.1,5551.22,0.026501766784452263,0
2016-01-31,5700.0,5900.0,5570.0,5742.0,5780628898,1009508,146,5761.0,5738.0,61.84926955665945,-34.83538674223655,-155.16005872370295,5627.5627755894475,4893.337224410552,5260.45,5450.6,0.010805158591843833,0
2016-02-01,5739.0,6028.0,5702.0,5912.0,65154916006,11021311,695,5742.0,5825.0,64.34874761634543,2.221870409116491,-123.68367289713906,5732.049222399886,4854.350777600113,5293.2,5353.32,0.033304721030043005,0
2016-02-02,6010.0,6010.0,5820.0,5906.0,3757376450,637332,166,5912.0,5850.0,65.05719831711892,33.22431552303624,-92.302075213104,5823.7730420442385,4832.626957955761,5328.2,5261.32,0.029059829059828957,0
2016-02-03,5940.0,5940.0,5823.0,5897.0,3365833756,572748,112,5906.0,5838.0,64.39571675134613,56.17809086273883,-62.60604199793544,5898.289605710407,4813.810394289593,5356.05,5274.1,0.023809523809523725,0
2016-02-06,5800.0,5926.0,5782.0,5872.0,3591698098,616173,113,5897.0,5810.0,62.791421950891646,71.2879935834444,-35.82723488165947,5954.652646061066,4828.447353938935,5391.55,5286.3,0.0070567986230636315,0
2016-02-07,5896.0,5899.0,5700.0,5817.0,4821585122,836884,184,5872.0,5800.0,62.195468158571096,81.51611687079549,-12.35856453116848,6004.0641444528555,4839.635855547145,5421.85,5297.32,0.014655172413793105,0
2016-02-08,5799.0,6020.0,5702.0,5912.0,11283320511,1908529,268,5817.0,6019.0,69.10995050396144,106.07073065010627,11.32729450508647,6088.658189014912,4840.9418109850885,5464.8,5309.7,-0.030237580993520474,0
2016-02-09,6098.0,6100.0,5960.0,6058.0,22223135474,3668423,369,5912.0,6020.0,69.13770827240126,124.17966474329751,33.89776855272868,6150.316645501875,4877.283354498125,5513.8,5325.16,-0.0053156146179401675,0
2016-02-10,6080.0,6080.0,5860.0,5987.0,5207818972,879402,128,6058.0,5977.0,66.37568032460277,133.52222376510508,53.82265959520396,6197.243524698882,4915.456475301119,5556.35,5341.1,0.011376944955663326,0
2016-02-13,5857.0,5979.0,5831.0,5946.0,5039075789,853162,113,5987.0,5851.0,58.94472260774592,129.26898967945272,68.91192561205371,6225.717076744576,4942.082923255423,5583.9,5354.12,0.0037600410186293676,0
2016-02-14,5800.0,6080.0,5800.0,5993.0,16755662929,2796016,144,5946.0,5885.0,60.2383040022032,127.17578360460357,80.56469721056368,6243.936359845244,4996.163640154757,5620.05,5367.68,-0.011045029736618472,0
2016-02-15,6000.0,6000.0,5806.0,5871.0,9762813333,1663088,196,5993.0,5837.0,57.48456350545357,120.25745082682079,88.5032479338151,6259.810753800295,5033.489246199704,5646.65,5379.22,0.00222717149220486,0
2016-02-16,5975.0,5997.0,5870.0,5961.0,32182103562,5398479,343,5871.0,5988.0,63.18599301444849,125.51223339890748,95.90504502683358,6276.609813161837,5098.590186838163,5687.6,5393.6,-0.0030060120240480437,0
2016-02-17,6000.0,6170.0,5988.0,6081.0,30241326136,4972740,378,5961.0,6045.0,65.08917293246911,132.745897996424,103.27321562075166,6289.5416352596885,5172.9583647403115,5731.25,5407.44,0.008767576509512098,0
2016-02-20,6148.0,6148.0,5862.0,6004.0,5276147422,888559,155,6081.0,5873.0,55.727110079161555,123.17972754722541,107.25451800604641,6260.058759565777,5274.8412404342225,5767.45,5418.6,-0.0039162268006129874,0
2016-02-21,5926.0,5926.0,5803.0,5951.0,3900755149,664310,126,6004.0,5820.0,53.18840711722536,110.05318685287057,107.81425177541125,6207.518909188818,5393.081090811183,5800.3,5429.84,-0.0029209621993127044,0
2016-02-22,5855.0,5914.0,5812.0,5897.0,76965321471,13051593,95,5951.0,5850.0,54.45323936873605,100.90785511965441,106.43297244425989,6132.840397281645,5532.759602718355,5832.8,5440.84,0.05982905982905984,1
2016-02-23,5850.0,5970.0,5814.0,5918.0,12465172412,2106361,199,5897.0,5970.0,59.20183135428006,102.16541168058575,105.57946029152507,6107.071896699152,5610.628103300849,5858.85,5454.44,-0.0006700167504187782,0
2016-02-24,5853.0,6098.0,5853.0,6019.0,14129159282,2347381,200,5918.0,6098.0,63.56533684081183,112.1972248074635,106.90301319471276,6104.252164618415,5671.147835381585,5887.7,5471.1,0.010167267956707082,0
2016-02-27,5885.0,6098.0,5850.0,5987.0,6972920189,1167417,176,6019.0,5850.0,51.96802218089896,98.99483082074312,105.32137671991883,6088.115269166508,5706.284730833491,5897.2,5483.9,0.0410256410256411,0
2016-02-28,5906.0,5987.0,5800.0,5952.0,20371722017,3422626,142,5987.0,5803.0,50.102388479185095,83.77364087877413,101.01182955168989,6082.417552055085,5718.482447944914,5900.45,5494.72,0.015336894709632842,0
2016-02-29,5805.0,6200.0,5800.0,6001.0,20881037202,3479758,242,5952.0,6200.0,62.385807453899616,102.56303746693266,101.32207113473845,6139.457667292011,5698.9423327079885,5919.2,5514.86,-0.0532258064516129,0
2016-03-01,6189.0,6300.0,5922.0,6154.0,10068788319,1635554,208,6001.0,5966.0,53.95479738522164,97.44859846942836,100.54737660167645,6143.767456448434,5706.232543551566,5925.0,5530.5,-0.026148172980221207,0
2016-03-02,5961.0,6200.0,5901.0,6154.0,52535385781,8536177,259,6154.0,6160.0,58.91243489043408,107.80681750591884,101.99926478252493,6178.4890477695135,5703.710952230487,5941.1,5550.12,-0.06477272727272732,0
2016-03-05,6183.0,6319.0,5996.0,6118.0,16902184724,2762818,244,6154.0,6090.0,56.54663430841627,109.10961797603613,103.42133542122717,6192.936834827818,5717.263165172183,5955.1,5568.3,-0.06338259441707716,0
2016-03-06,6000.0,6118.0,5892.0,6111.0,223945846091,36647640,163,6118.0,5892.0,50.38337739260575,93.09204435033371,101.35547720704848,6188.75641226762,5730.643587732379,5959.7,5583.14,-0.04039375424304137,0
2016-03-07,5904.0,6000.0,5870.0,5994.0,5266271067,892959,118,6111.0,5870.0,49.73473475767097,77.72679955127478,96.62974167589375,6182.794464259966,5721.705535740034,5952.25,5598.12,-0.05110732538330498,0
2016-03-08,5860.0,5999.0,5700.0,5968.0,52798381042,8846336,218,5994.0,5810.0,47.922674984238995,60.01640206424872,89.30707375356475,6178.052242902847,5705.447757097153,5941.75,5611.92,-0.054216867469879526,0
2016-03-09,5720.0,5820.0,5720.0,5852.0,5151235436,894814,216,5968.0,5761.0,46.4347357193265,41.54795500672935,79.75525000419766,6179.259866902056,5682.640133097943,5930.95,5624.56,-0.04530463461204648,0
2016-03-12,5750.0,5849.0,5704.0,5816.0,21590764313,3712547,197,5852.0,5704.0,44.696220825483024,22.05788446301267,68.21577689596067,6189.051615178581,5658.148384821419,5923.6,5636.44,-0.026998597475455854,0
2016-03-14,5838.0,5838.0,5640.0,5745.0,6523023003,1142565,254,5816.0,5654.0,43.16938911012313,2.54791028245927,55.082203573260394,6202.170302634819,5621.929697365182,5912.05,5646.5,-0.030951538733639872,0
2016-03-15,5751.0,5798.0,5500.0,5697.0,10342515658,1815451,227,5745.0,5570.0,40.656658036294,-19.467572739711613,40.17224831066599,6223.861559845133,5573.538440154866,5898.7,5654.5,-0.021543985637342944,0
2016-03-16,5690.0,5690.0,5450.0,5553.0,6774343731,1232376,292,5697.0,5495.0,38.501804049647816,-42.47722385121688,23.64235387828942,6240.5188117711,5507.5811882289,5874.05,5661.4,-0.00218380345768876,0
2016-03-26,5496.0,5669.0,5420.0,5558.0,3514395651,631326,111,5553.0,5500.0,38.734931021119095,-59.62179695736813,6.98952371115791,6238.548694957526,5455.051305042474,5846.8,5665.78,0.036363636363636376,0
2016-03-27,5500.0,5608.0,5485.0,5555.0,1907375319,344213,97,5558.0,5550.0,41.137912849683374,-68.38610013788639,-8.08560105865095,6242.8447476629535,5418.455252337046,5830.65,5674.78,0.02522522522522519,0
2016-03-28,5480.0,5549.0,5453.0,5543.0,2940972602,533228,105,5555.0,5479.0,38.810063145724484,-80.13720832618037,-22.495922512156834,6253.430149035884,5373.769850964117,5813.6,5680.48,0.045811279430552965,0
2016-03-29,5435.0,5529.0,5410.0,5533.0,1718354541,313387,83,5543.0,5450.0,37.867514410345976,-90.74406279477262,-36.145550568679994,6260.533142966881,5326.666857033119,5793.6,5686.28,0.02880733944954139,0
2016-03-30,5470.0,5500.0,5468.0,5522.0,2554937395,465316,123,5533.0,5483.0,39.66324845220169,-95.38767740355888,-47.99397593565577,6247.503018810056,5290.996981189944,5769.25,5695.14,0.001276673354003277,0
2016-04-02,5483.0,5720.0,5480.0,5610.0,11452081202,2041398,300,5522.0,5700.0,49.914282282119885,-80.62825662806608,-54.52083207413783,6203.756987183224,5294.943012816777,5749.35,5706.62,-0.014210526315789451,0
2016-04-03,5570.0,5885.0,5555.0,5754.0,85252624090,14816076,508,5610.0,5690.0,49.49694318665348,-68.943488138686,-57.405363287047464,6194.017770004597,5288.682229995404,5741.35,5714.42,-0.04200351493848853,0
2016-04-04,5800.0,5800.0,5611.0,5737.0,3302641498,579376,140,5754.0,5730.0,51.25268094976147,-55.8121910243417,-57.08672883450632,6189.496901274162,5285.9030987258375,5737.7,5725.78,-0.0570680628272251,0
2016-04-05,5651.0,5690.0,5606.0,5711.0,2990980758,529702,129,5737.0,5607.0,45.961353944027515,-54.70006717664364,-56.609396502933784,6109.642069145966,5306.457930854034,5708.05,5731.82,-0.015516318887105363,0
2016-04-06,5610.0,5610.0,5490.0,5622.0,5205439591,939842,247,5711.0,5490.0,41.56547068160622,-62.53871581817202,-57.795260365981434,6078.21947851444,5290.28052148556,5684.25,5738.24,-0.012204007285974483,0
2016-04-09,5551.0,5622.0,5470.0,5599.0,36384139836,6498749,246,5622.0,5619.0,47.524782572776324,-57.67681699523109,-57.77157169183137,5985.634224771023,5328.765775228977,5657.2,5747.18,-0.02117814557750486,0
2016-04-10,5502.0,5525.0,5451.0,5576.0,1929067390,351818,99,5599.0,5451.0,41.57785199034001,-66.61206074369238,-59.53966950220358,5898.794054954491,5351.705945045509,5625.25,5753.22,0.031003485598972702,0
2016-04-11,5475.0,5500.0,5403.0,5523.0,3687043756,678186,167,5576.0,5403.0,40.03635083095172,-76.68255586577925,-62.96824677491872,5861.727269561747,5339.872730438254,5600.8,5758.02,0.03368498982047008,0
2016-04-12,5440.0,5597.0,5403.0,5572.0,29264170016,5251632,88,5523.0,5520.0,45.35455584088368,-74.36533630769009,-65.247664681473,5814.967952036854,5351.632047963147,5583.3,5764.42,-0.005797101449275366,0
2016-04-13,5455.0,5569.0,5417.0,5548.0,4486367831,812941,111,5572.0,5423.0,42.02664063163545,-79.44027441679191,-68.08618662853678,5780.820906303616,5347.079093696384,5563.95,5763.9,0.014014383182740175,0
2016-04-16,5423.0,5698.0,5410.0,5661.0,43659607604,7711851,167,5548.0,5500.0,45.448496652572125,-76.36861311290522,-69.74267192541048,5749.4043072604545,5352.395692739545,5550.9,5763.48,-0.0072727272727273196,0
2016-04-17,5660.0,5689.0,5511.0,5651.0,3612837257,641376,195,5661.0,5620.0,50.365413640859394,-63.51909370828889,-68.49795628198616,5735.3807886377235,5358.019211362276,5546.7,5762.68,-0.03345195729537365,0
2016-04-18,5640.0,5640.0,5561.0,5638.0,2387238560,426744,100,5651.0,5585.0,48.978767998627056,-55.51996490172769,-65.90235800593447,5726.398983073764,5360.101016926236,5543.25,5759.62,-0.029543419874664245,0
2016-04-19,5600.0,5607.0,5450.0,5615.0,1453756656,265046,85,5638.0,5488.0,45.25970782355894,-56.35802677804895,-63.99349176035737,5723.38818822642,5354.911811773579,5539.15,5752.88,-0.010386297376093312,0
2016-04-20,5570.0,5599.0,5435.0,5588.0,2181625979,397283,99,5615.0,5499.0,45.76266306715726,-55.49487837028937,-62.29376908234378,5723.404638629278,5355.295361370722,5539.35,5745.86,0.03637024913620657,0
2016-04-23,5550.0,5594.0,5456.0,5587.0,223112226,40367,38,5588.0,5460.0,44.211649651683516,-57.29731334004737,-61.2944779338845,5723.92360478094,5350.776395219061,5537.35,5738.3,-0.0012820512820512775,0
2016-04-24,5529.0,5529.0,5413.0,5555.0,2093931301,385183,92,5587.0,5432.0,43.08267286640234,-60.29013488797682,-61.09360932470297,5723.434869197952,5339.4651308020475,5531.45,5730.74,0.009572901325478611,0
2016-04-25,5420.0,5500.0,5415.0,5530.0,2197656385,403827,118,5555.0,5420.0,42.58082707915803,-62.905135988058646,-61.45591465737411,5725.368991974245,5331.631008025755,5528.5,5723.14,0.01162361623616226,0
2016-04-26,5420.0,5599.0,5410.0,5583.0,15200831719,2722715,106,5530.0,5431.0,43.23358958183286,-63.35956549965431,-61.83664482583015,5726.1012276490765,5328.998772350924,5527.55,5711.38,0.0034984349106979007,0
2016-04-27,5425.0,5700.0,5410.0,5642.0,33285988996,5899808,424,5583.0,5699.0,56.27570118444794,-41.61463630788876,-57.79224312224188,5749.153486690696,5327.546513309305,5538.35,5704.96,-0.03895420249166526,0
2016-04-30,5466.0,5599.0,5452.0,5617.0,1531237043,279406,85,5642.0,5453.0,45.86025379291517,-43.72770162707093,-54.979334823207694,5726.146946019557,5325.853053980443,5526.0,5694.48,-0.009352649917476641,0
2016-05-01,5446.0,5670.0,5440.0,5654.0,35565203629,6289763,107,5617.0,5484.0,47.186765392454895,-42.41198127455573,-52.4658641134773,5701.732362778514,5329.667637221486,5515.7,5687.14,-0.008023340627279385,0
2016-05-02,5599.0,5599.0,5450.0,5635.0,1137148843,207042,63,5654.0,5483.0,47.146635450520805,-40.977590898372,-50.16820947045625,5661.548957016024,5345.151042983976,5503.35,5679.1,-0.008207185847163956,0
2016-05-03,5459.0,5546.0,5450.0,5606.0,1576118178,288889,76,5635.0,5450.0,45.76349546810686,-42.01927831420198,-48.5384232392054,5647.818744745874,5343.181255254126,5495.5,5671.36,-0.008440366972477076,0
2016-05-04,5451.0,5490.0,5440.0,5587.0,1223446313,224344,57,5606.0,5477.0,47.13014776164959,-40.20271685008811,-46.871281961381946,5647.367900591894,5342.332099408107,5494.85,5661.14,-0.017893007120686533,0
2016-05-07,5435.0,5498.0,5402.0,5543.0,2722531315,501455,111,5587.0,5402.0,43.82655957432532,-44.30424029729238,-46.357873628564036,5630.398087422479,5337.601912577521,5484.0,5648.28,-0.004072565716401355,0
2016-05-08,5403.0,5615.0,5401.0,5598.0,58431696125,10438856,168,5543.0,5440.0,45.8958649145295,-43.9814539348763,-45.882589689826496,5630.42139177731,5336.478608222689,5483.45,5639.62,-0.011029411764705843,0
2016-05-09,5470.0,5470.0,5406.0,5583.0,797001549,147259,83,5598.0,5438.0,45.80023531290776,-43.386889645976225,-45.38344968105644,5629.099409314144,5341.300590685855,5485.2,5631.98,-0.010665685913938905,0
2016-05-10,5412.0,5420.0,5400.0,5552.0,1696632863,313880,68,5583.0,5404.0,44.11732278816997,-45.13887614731084,-45.33453497430732,5626.535855592579,5332.264144407421,5479.4,5623.06,-0.004441154700222105,0
2016-05-11,5402.0,5410.0,5379.0,5527.0,1530422842,283560,98,5552.0,5379.0,42.86996027159361,-47.99141399140717,-45.865910777727294,5628.88862844973,5325.511371550269,5477.2,5611.24,-0.001487265290946227,0
2016-05-14,5390.0,5400.0,5340.0,5510.0,1042362596,194243,81,5527.0,5380.0,42.93945696065979,-49.59962553317564,-46.612653728816966,5628.20649668393,5314.19350331607,5471.2,5596.88,-0.008550185873605898,0
2016-05-15,5380.0,5500.0,5321.0,5486.0,2155264103,399101,73,5510.0,5380.0,42.9394569606598,-50.29438243304412,-47.348999469662395,5605.180272643128,5313.219727356872,5459.2,5587.48,-0.020260223048327086,0
2016-05-16,5331.0,5418.0,5330.0,5477.0,814894723,151573,36,5486.0,5380.0,42.9394569606598,-50.265552284130536,-47.93231003255603,5586.715706911999,5311.184293088,5448.95,5579.02,-0.027881040892193343,0
2016-05-17,5330.0,5409.0,5330.0,5473.0,435935645,80928,37,5477.0,5380.0,42.9394569606598,-49.67013775396663,-48.27987557683815,5583.223154188497,5303.876845811504,5443.55,5562.62,-0.02527881040892188,0
2016-05-18,5380.0,5400.0,5370.0,5447.0,2673966767,497253,83,5473.0,5371.0,42.31631262960829,-49.355552150517724,-48.49501089157407,5577.800311058895,5296.499688941104,5437.15,5550.72,-0.022156023086948418,0
2016-05-21,5370.0,5399.0,5324.0,5443.0,386799187,72215,32,5447.0,5334.0,39.76161218386225,-51.49819246518837,-49.09564720629693,5577.980248422834,5283.719751577167,5430.85,5534.2,-0.019310086239220148,0
2016-05-23,5371.0,5438.0,5271.0,5432.0,1090815236,204097,44,5443.0,5271.0,35.79863030977742,-57.61566630186462,-50.79965102541047,5585.582800077175,5260.017199922825,5422.8,5517.82,-0.007968127490039834,0
2016-05-24,5300.0,5312.0,5202.0,5383.0,2597165374,494574,106,5432.0,5230.0,33.46125567944458,-65.02262538983814,-53.644245898296006,5596.521286975521,5230.078713024479,5413.3,5504.58,-0.007648183556405397,0
2016-05-25,5171.0,5330.0,5171.0,5371.0,1292983424,244233,70,5383.0,5244.0,35.02138720716586,-68.96799076771094,-56.708994872179,5601.155958330288,5206.744041669712,5403.95,5492.06,-0.008390541571319576,0
2016-05-28,5304.0,5449.0,5200.0,5415.0,14781199151,2729699,103,5371.0,5252.0,35.94562147965799,-70.63495235131268,-59.494186368005735,5536.8383973151285,5226.361602684872,5381.6,5480.9,-0.01713632901751716,0
2016-05-29,5350.0,5350.0,5220.0,5393.0,1247725015,238123,69,5415.0,5231.0,34.55614588387694,-72.81123333731102,-62.157595761866794,5535.18940464089,5205.81059535911,5370.5,5470.3,-0.01529344293634105,0
2016-05-30,5211.0,5252.0,5200.0,5381.0,644691036,123664,79,5393.0,5229.0,34.41968530593074,-73.84608330255378,-64.4952932700042,5524.78397858212,5190.71602141788,5357.75,5460.8,-0.013004398546567209,0
2016-05-31,5200.0,5201.0,5186.0,5351.0,1539680213,296360,50,5381.0,5190.0,31.783909217063112,-76.92642349409653,-66.98151931482266,5514.949818158105,5171.250181841896,5343.1,5451.52,-0.005780346820809301,0
2016-06-01,5250.0,5297.0,5180.0,5344.0,459299205,88325,59,5351.0,5200.0,33.196514472365294,-77.6654202425234,-69.11829950036281,5505.863687057458,5155.3363129425425,5330.6,5444.12,-0.011538461538461497,0
2016-06-05,5176.0,5348.0,5160.0,5321.0,22002151397,4135259,142,5344.0,5162.0,30.603123335726423,-80.39066931616162,-71.37277346352258,5491.26913161836,5138.430868381641,5314.85,5437.46,0.005230530802014632,0
2016-06-06,5169.0,5298.0,5150.0,5303.0,1466334603,281855,56,5321.0,5151.0,29.8755361927727,-82.48719586313109,-73.59565794344428,5487.621450461023,5116.978549538977,5302.3,5430.48,-0.011842360706658894,0
2016-06-07,5200.0,5200.0,5155.0,5299.0,261697103,50644,29,5303.0,5161.0,31.47063636075393,-82.39202782029406,-75.35493191881424,5472.106659745923,5104.593340254078,5288.35,5422.7,-0.0021313698895563116,0
2016-06-08,5179.0,5299.0,5158.0,5291.0,19009659043,3592640,98,5299.0,5160.0,31.393732870763827,-81.45829755516115,-76.57560504608364,5452.801871313368,5096.098128686632,5274.45,5416.32,-0.0025193798449612004,0
2016-06-11,5140.0,5140.0,5060.0,5228.0,3162778008,620170,121,5291.0,5140.0,29.82401599610131,-81.39388441233496,-77.53926091933391,5438.369027777881,5084.130972222119,5261.25,5410.12,-0.01478599221789878,0
2016-06-12,5050.0,5332.0,5050.0,5315.0,36777648156,6919562,132,5228.0,5189.0,38.00300752261642,-76.50702073163211,-77.33281288179356,5422.867357392471,5080.632642607529,5251.75,5404.24,-0.021969550973212515,0
2016-06-13,5180.0,5180.0,5080.0,5258.0,2533208517,496908,88,5315.0,5090.0,30.315299106992526,-79.7038423979584,-77.80701878502653,5411.557630357894,5062.942369642106,5237.25,5392.04,0.005893909626718985,0
2016-06-14,5080.0,5150.0,5065.0,5227.0,2270453185,442780,82,5258.0,5150.0,38.44282489045562,-76.513844075017,-77.54838384302462,5390.980596443229,5060.519403556771,5225.75,5381.24,-0.009708737864077666,0
2016-06-15,5150.0,5180.0,5050.0,5196.0,1932714472,380957,71,5227.0,5147.0,38.202901850216215,-73.3819212399485,-76.7150913224094,5366.546580811071,5061.65341918893,5214.1,5369.58,-0.005245774237419898,0
2016-06-18,5100.0,5150.0,5064.0,5182.0,1219044109,239625,63,5196.0,5064.0,32.212887770626295,-76.71295695332901,-76.71466444859334,5344.049236708081,5052.55076329192,5198.3,5358.72,0.009873617693522796,0
2016-06-19,5126.0,5179.0,5042.0,5167.0,1997103548,390992,87,5182.0,5075.0,33.696656439520936,-77.57102815950111,-76.8859371907749,5315.568921404657,5051.431078595343,5183.5,5350.42,0.0049261083743843415,0
2016-06-20,5035.0,5120.0,5000.0,5153.0,1384967968,273292,75,5167.0,5120.0,39.52811362658027,-73.76956225938557,-76.26266220449703,5287.954852268545,5057.645147731455,5172.8,5340.44,0.0001953125000000444,0
2016-06-21,5139.0,5139.0,4933.0,5148.0,586457252,115793,64,5153.0,5100.0,37.93134472246854,-71.54596860819038,-75.31932348523571,5274.247954530943,5054.252045469057,5164.25,5333.42,0.0,0
2016-06-22,5001.0,5146.0,5001.0,5145.0,721337928,141344,53,5148.0,5120.0,40.51895718684504,-67.39305656114902,-73.73407010041838,5266.013926839325,5051.486073160675,5158.75,5327.76,-0.00390625,0
2016-06-25,5130.0,5148.0,5060.0,5147.0,16316431688,3169808,29,5145.0,5114.0,39.98046344541119,-63.849970979436875,-71.75725027622208,5253.657839938502,5050.842160061498,5152.25,5319.64,-0.02229174814235435,0
2016-06-26,5002.0,5101.0,5000.0,5138.0,1508512522,296365,58,5147.0,5100.0,38.68845527797941,-61.463223347274834,-69.69844489043264,5237.432056460252,5051.867943539747,5144.65,5313.18,-0.019607843137254943,0
2016-06-28,5100.0,5129.0,5050.0,5128.0,3360224884,657770,81,5138.0,5121.0,41.730294134507616,-57.21761510729357,-67.20227893380483,5223.459607999291,5054.840392000709,5139.15,5305.6,-0.023823471978129285,0
2016-06-29,5040.0,5100.0,5040.0,5124.0,563508810,111574,38,5128.0,5100.0,39.61376269434616,-54.91444494654115,-64.7447121363521,5207.757577905197,5057.642422094803,5132.7,5295.2,-0.02352941176470591,0
2016-07-02,5090.0,5100.0,5015.0,5122.0,174994373,34826,29,5124.0,5100.0,39.61376269434614,-52.48416125995118,-62.292601961071924,5199.683144873426,5056.716855126574,5128.2,5285.5,-0.025490196078431393,0
2016-07-03,5021.0,5051.0,4990.0,5113.0,744028683,148607,45,5122.0,5000.0,30.945674781018866,-57.95919072191191,-61.42591971323992,5201.6616079463865,5034.738392053613,5118.2,5275.74,-0.0050000000000000044,0
2016-07-04,5002.0,5080.0,4955.0,5087.0,2357727757,470977,90,5113.0,5000.0,30.94567478101888,-61.58824012120385,-61.45838379483271,5205.567062388015,5014.632937611986,5110.1,5265.76,0.0034000000000000696,0
2016-07-05,5000.0,5146.0,4977.0,5123.0,12879370577,2514263,142,5087.0,4999.0,30.86734159215972,-63.809424236076666,-61.92859188308151,5207.461897853449,4997.538102146551,5102.5,5256.54,-0.009801960392078368,0
2016-07-09,5050.0,5050.0,4980.0,5069.0,5495459476,1093127,133,5123.0,4980.0,29.347310602154238,-66.33816479062352,-62.81050646458992,5207.494684229467,4979.405315770533,5093.45,5247.5,-0.013052208835341417,0
2016-07-10,4970.0,5098.0,4820.0,5050.0,19252202624,3812420,215,5069.0,4970.0,28.550423404208487,-68.36110209357958,-63.92062559038786,5205.635619532465,4962.2643804675345,5083.95,5238.5,-0.010060362173038184,0
2016-07-11,4979.0,5041.0,4900.0,5019.0,8568305203,1708530,159,5050.0,4975.0,29.580048105889844,-68.76812018457349,-64.89012450922499,5203.296394937321,4948.103605062679,5075.7,5229.38,-0.015075376884422065,0
2016-07-12,5099.0,5099.0,5014.0,5084.0,22666410871,4458652,290,5019.0,5017.0,37.7012878610239,-64.95289937056987,-64.90267948149396,5185.871882198615,4948.328117801386,5067.1,5215.74,-0.03328682479569467,0
2016-07-13,5001.0,5001.0,4902.0,5079.0,408914027,82383,46,5084.0,4950.0,31.46693659242962,-66.56829161748465,-65.23580190869211,5188.740429107657,4931.459570892343,5060.1,5205.68,-0.02020202020202022,0
2016-07-16,4900.0,4950.0,4900.0,5068.0,646419389,131422,50,5079.0,4915.0,28.788778296394185,-69.86732210589344,-66.16210594813238,5184.697020506513,4912.002979493488,5048.35,5194.3,-0.010986775178026487,0
2016-07-17,4900.0,4925.0,4900.0,5056.0,811696129,165012,70,5068.0,4920.0,29.709158280409255,-71.25696340472223,-67.18107743945035,5176.368576088746,4897.631423911254,5037.0,5183.04,-0.023170731707317094,0
2016-07-18,4924.0,4924.0,4892.0,5049.0,439143200,89569,42,5056.0,4900.0,28.142322984078007,-73.12911013850771,-68.37068397926183,5179.672926666799,4877.927073333201,5028.8,5172.04,0.0,0
2016-07-19,4910.0,4910.0,4850.0,5022.0,1584760154,324431,76,5049.0,4850.0,24.643231144151784,-77.75111558362732,-70.24677030013493,5185.548184516996,4849.551815483004,5017.55,5159.5,-0.010309278350515427,0
2016-07-20,4899.0,4900.0,4850.0,5014.0,579647936,118717,52,5022.0,4850.0,24.643231144151784,-80.4862923217288,-72.2946747044537,5180.145968156593,4827.954031843407,5004.05,5148.46,0.004123711340206171,0
2016-07-23,4824.0,4909.0,4820.0,4973.0,2946708971,604179,129,5014.0,4861.0,26.96033871654737,-80.8345214775427,-74.0026440590715,5172.903650408417,4811.296349591584,4992.1,5136.88,0.002262908866488278,0
2016-07-24,4871.0,4890.0,4800.0,4932.0,2525182708,524282,128,4973.0,4806.0,23.130627472565507,-84.57362384773933,-76.11684001680507,5164.43978302745,4788.360216972549,4976.4,5124.24,0.018102372034956238,0
2016-07-25,4850.0,4932.0,4782.0,4920.0,1444716161,297862,78,4932.0,4900.0,39.062742635904314,-79.04074252697774,-76.7016205188396,5145.37092141193,4786.02907858807,4965.7,5114.16,0.003061224489795844,0
2016-07-26,4871.0,4978.0,4800.0,4944.0,6610563347,1333957,108,4920.0,4800.0,31.567061728505877,-81.78232277393818,-77.71776096985931,5133.088705793461,4768.311294206539,4950.7,5102.58,0.013749999999999929,0
2016-07-27,4889.0,4944.0,4821.0,4941.0,6359027372,1287326,92,4944.0,4870.0,40.215186732258324,-77.41424663951693,-77.65705810379083,5105.892987933966,4770.4070120660335,4938.15,5092.38,0.01396303901437368,0
2016-07-31,4862.0,4920.0,4850.0,4935.0,1153571389,235970,73,4941.0,4872.0,40.4467548905142,-72.95020697135806,-76.71568787730428,5079.242458833269,4774.257541166731,4926.75,5082.22,0.005747126436781658,0
2016-08-01,4900.0,4929.0,4891.0,4932.0,959255786,195694,62,4935.0,4893.0,42.94566478323373,-66.94618492967948,-74.76178728777933,5046.976261246128,4785.823738753871,4916.4,5072.48,-0.012466789290823677,0
2016-08-02,4889.0,4930.0,4828.0,4927.0,657778236,135382,58,4932.0,4915.0,45.52456161210038,-59.72427381520538,-71.75428459326454,5036.971913144357,4787.328086855642,4912.15,5063.18,-0.015055951169888115,0
2016-08-03,4910.0,4927.0,4866.0,4926.0,22329028956,4532727,45,4927.0,4866.0,41.07163633740085,-57.29429475041525,-68.86228662469469,5024.963137357439,4785.93686264256,4905.45,5053.08,-0.013563501849568449,0
2016-08-06,4900.0,4938.0,4860.0,4924.0,25711104522,5221391,121,4926.0,4938.0,48.970144529754855,-48.99394881930766,-64.88861906361728,5015.128700875236,4789.671299124763,4902.4,5045.16,-0.029971648440664245,0
2016-08-07,4873.0,4924.0,4873.0,4923.0,20817402725,4228429,64,4924.0,4900.0,45.50355958800217,-44.9638322200708,-60.90366169490799,5005.360553481267,4791.439446518732,4898.4,5037.74,-0.013877551020408219,0
2016-08-08,4900.0,4923.0,4825.0,4919.0,3551140253,723162,81,4923.0,4832.0,40.04111967153596,-46.718426540099244,-58.06661466394625,4996.887855092604,4786.112144907396,4891.5,5029.78,-0.010968543046357637,0
2016-08-09,4828.0,4900.0,4828.0,4917.0,320566993,65797,27,4919.0,4841.0,41.04978016444118,-46.84275626046201,-55.821842983249404,4985.012973217146,4784.587026782854,4884.8,5021.72,0.012187564552778252,0
2016-08-10,4881.0,4899.0,4672.0,4900.0,1135451190,237744,83,4917.0,4800.0,37.92018624780833,-49.67700027202318,-54.59287444100416,4960.636734861923,4787.263265138076,4873.95,5012.68,0.02083333333333326,0
2016-08-13,4800.0,4895.0,4750.0,4885.0,1104361276,231632,64,4900.0,4790.0,37.17573284658024,-52.12916295604282,-54.100132144011894,4952.618275631988,4779.281724368012,4865.95,5003.86,0.022546972860125303,0
2016-08-14,4752.0,4847.0,4752.0,4883.0,251417799,52330,38,4885.0,4832.0,42.299404882069254,-50.10588115057726,-53.301281945324966,4946.604716855978,4776.995283144022,4861.8,4995.92,0.023178807947019875,0
2016-08-15,4850.0,4850.0,4771.0,4860.0,2236738561,467862,52,4883.0,4779.0,38.07902998645823,-52.17760188816828,-53.076545933893634,4942.42411249065,4767.07588750935,4854.75,4987.7,0.03159656831973212,0
2016-08-16,4761.0,4900.0,4761.0,4877.0,6425533673,1315010,123,4860.0,4900.0,50.27656516690106,-43.55370671803939,-51.17197809072279,4942.42411249065,4767.07588750935,4854.75,4981.7,0.0173469387755103,0
2016-08-17,4877.0,4911.0,4850.0,4883.0,4037839420,825469,61,4877.0,4900.0,50.27656516690106,-36.30075515491262,-48.19773350356076,4947.065087825058,4767.434912174942,4857.25,4976.46,0.0,0
2016-08-20,4920.0,4999.0,4898.0,4937.0,10971659084,2222530,150,4883.0,4898.0,50.087427925329564,-30.364103586594865,-44.631007520167586,4951.112068646093,4768.187931353907,4859.65,4971.4,-0.0018374846876275663,0
2016-08-21,4988.0,4988.0,4900.0,4950.0,8954633127,1808421,177,4937.0,4944.0,54.34186530445346,-21.697335507866228,-40.04427311770732,4962.38519159094,4765.21480840906,4863.8,4967.06,-0.022046925566343023,0
2016-08-22,4950.0,4990.0,4929.0,4954.0,3251925642,655501,52,4950.0,4930.0,52.86495229056156,-15.776678631280447,-35.19075422042195,4968.861519313743,4771.138480686257,4870.0,4962.46,-0.006085192697768749,0
2016-08-23,4950.0,4987.0,4930.0,4956.0,4533959717,914430,79,4954.0,4985.0,57.725831076111945,-6.570731749267907,-29.466749726191143,4984.55117860214,4763.94882139786,4874.25,4959.36,-0.004212637913741268,0
2016-08-24,4980.0,5136.0,4900.0,5051.0,41424850030,8201796,441,4956.0,4900.0,49.269368092959766,-6.0638419499782685,-24.786168170948567,4984.589213975712,4773.910786024288,4879.25,4953.58,-0.037142857142857144,0
2016-08-27,4821.0,5030.0,4821.0,5016.0,3597016859,725779,147,5051.0,4889.0,48.283595801917066,-6.475095332872115,-21.123953603333277,4985.531097027519,4774.868902972481,4880.2,4949.56,0.018613213336060586,0
2016-08-28,4950.0,4997.0,4835.0,4980.0,2912486453,594666,110,5016.0,4835.0,43.664914593776444,-11.031204446730044,-19.105403772012632,4985.476607343931,4771.223392656069,4878.35,4943.26,0.008686659772492167,0
2016-08-29,4950.0,4950.0,4900.0,4969.0,1982181346,402486,75,4980.0,4900.0,49.87982968894583,-9.289908687538627,-17.14230475511783,4986.061259311824,4771.338740688176,4878.7,4938.32,-0.006122448979591799,0
2016-08-30,4950.0,4969.0,4890.0,4966.0,64267804833,12942696,82,4969.0,4964.0,55.12881202528013,-2.7143646176591574,-14.256716727626097,4993.818141020523,4768.481858979476,4881.15,4936.32,-0.031023368251410166,0
2016-08-31,4950.0,4950.0,4718.0,4955.0,651124552,135581,55,4966.0,4718.0,38.45713424334096,-17.155583769546865,-14.836490136010251,5006.98944611496,4740.51055388504,4873.75,4929.18,0.03730394234845269,0
2016-09-03,4882.0,4980.0,4759.0,4951.0,17440023035,3522198,176,4955.0,4980.0,54.306339565194655,-7.374139130490221,-13.344019934906246,5014.296054479791,4737.40394552021,4875.85,4926.38,-0.03554216867469884,0
2016-09-04,4900.0,4900.0,4875.0,4945.0,960207311,196342,51,4951.0,4877.0,48.967373028233666,-7.843102571337113,-12.24383646219242,5012.705941904765,4736.694058095235,4874.7,4921.92,-0.019889276194381744,0
2016-09-05,4865.0,4905.0,4865.0,4943.0,306334085,62876,13,4945.0,4870.0,48.61755252615495,-8.679548542698285,-11.530978878293594,5013.24172130437,4739.958278695631,4876.6,4916.92,0.006160164271047153,0
2016-09-06,4880.0,4933.0,4800.0,4907.0,13565280590,2764633,174,4943.0,4810.0,45.60984928527806,-14.022296257665403,-12.029242354167955,5013.956407343295,4736.143592656706,4875.05,4910.84,-0.022245322245322274,0
2016-09-07,4800.0,4907.0,4750.0,4903.0,33399608446,6812610,74,4907.0,4894.0,50.25015254562611,-11.34755676075656,-11.892905235485678,5014.4791727912725,4745.0208272087275,4879.75,4906.72,0.001225991009399241,0
2016-09-10,4803.0,4895.0,4800.0,4896.0,1378348868,284234,36,4903.0,4803.0,45.701303939181116,-16.38190551091975,-12.790705290572493,5013.506573846,4747.2934261539995,4880.4,4900.36,0.02019571101394968,0
2016-09-11,4801.0,4850.0,4780.0,4883.0,1153855139,240890,34,4896.0,4780.0,44.60231671729215,-21.974265295110854,-14.627417291480167,5016.500540738027,4739.099459261974,4877.8,4893.96,0.014644351464435212,0
2016-09-13,4714.0,4900.0,4700.0,4877.0,10333853193,2118843,158,4883.0,4900.0,51.1963943257888,-16.532675208136425,-15.00846887481142,5015.1424598026115,4752.557540197389,4883.85,4889.96,0.007959183673469372,0
2016-09-14,4875.0,4877.0,4700.0,4870.0,843908906,175981,42,4877.0,4703.0,42.29562473468791,-27.796014311411454,-17.565977962131427,5026.77041598759,4721.22958401241,4874.0,4884.02,0.06421433127790777,1
2016-09-17,4705.0,4900.0,4702.0,4863.0,19291725604,3966723,279,4870.0,4900.0,51.395745451721886,-20.588704328947642,-18.17052323549467,5026.77041598759,4721.22958401241,4874.0,4882.02,0.040612244897959116,0
2016-09-18,4850.0,4900.0,4790.0,4865.0,50077997940,10293567,47,4863.0,4900.0,51.395745451721886,-14.707322384520921,-17.47788306529992,5026.93572881045,4721.2642711895505,4874.1,4880.04,0.03469387755102038,0
2016-09-19,4870.0,4919.0,4800.0,4895.0,18989997974,3879287,199,4865.0,4850.0,49.11575825615814,-13.920401232796394,-16.766386698799217,5019.097561773803,4719.702438226196,4869.4,4877.44,0.05752577319587626,1
2016-09-21,4850.0,5000.0,4813.0,4930.0,34608191215,7020284,363,4895.0,4939.0,53.10369744434192,-6.04551541611454,-14.622212442262283,5020.325612645444,4719.374387354556,4869.85,4876.82,0.03259769184045358,0
2016-09-24,4817.0,5005.0,4817.0,4982.0,22180203474,4452309,197,4930.0,5005.0,55.86603518263745,5.4581189464261115,-10.606146164524604,5024.603406469651,4717.096593530349,4870.85,4877.42,0.0133866133866134,0
2016-09-25,4980.0,5099.0,4980.0,5078.0,38473104988,7576265,422,4982.0,5099.0,59.522956055950644,21.90731260429766,-4.103454410760153,5063.788087046727,4697.811912953273,4880.8,4879.06,-0.0037262208276132025,0
2016-09-26,5078.0,5147.0,5002.0,5134.0,23571595206,4591340,225,5078.0,5070.0,57.928224227687465,32.23181119545825,3.1635987104835275,5090.605846741806,4689.094153258195,4889.85,4881.46,-0.00591715976331364,0
2016-09-27,5099.0,5194.0,5032.0,5185.0,21018732216,4053646,192,5134.0,5129.0,60.26092798713775,44.66004443701786,11.462887855790395,5128.771742926546,4680.328257073455,4904.55,4885.74,-0.03255995320725291,0
2016-09-28,5180.0,5180.0,5062.0,5177.0,741330596,146119,50,5185.0,5100.0,58.542733149106425,51.57492752442795,19.485295789517906,5154.365324783503,4674.734675216498,4914.55,4889.34,-0.012745098039215641,0
2016-10-01,5052.0,5125.0,5051.0,5175.0,174807509,34387,15,5177.0,5072.0,56.85708886924174,54.1712042735453,26.422477486323388,5168.674325310204,4671.225674689796,4919.95,4892.78,0.015378548895899069,0
2016-10-02,5100.0,5115.0,5049.0,5161.0,1191670785,235552,38,5175.0,5080.0,57.23595722331064,56.22616521061991,32.383215031182694,5177.882837620319,4698.217162379681,4938.05,4897.38,0.01751968503937018,0
2016-10-03,5100.0,5100.0,5040.0,5151.0,894107160,177025,38,5161.0,5040.0,54.65169142391566,54.00454013042872,36.7074800510319,5184.3822625568055,4697.717737443195,4941.05,4901.18,0.025396825396825307,0
2016-10-04,5001.0,5194.0,4908.0,5175.0,18584217788,3591476,204,5151.0,4962.0,49.91854995018264,45.426292103151354,38.45124246145579,5186.972588435291,4703.627411564709,4945.3,4903.2,0.04091092301491339,0
2016-10-05,5071.0,5071.0,5033.0,5164.0,843404652,166967,36,5175.0,5035.0,53.93914909236102,44.0111257900071,39.56321912716605,5195.642110571602,4711.457889428399,4953.55,4907.78,0.009930486593842991,0
2016-10-08,5099.0,5180.0,5050.0,5150.0,3671369686,716185,81,5164.0,5150.0,59.46057365907272,51.574615136802095,41.965498329093265,5217.632557055351,4723.4674429446495,4970.55,4912.78,-0.007766990291262155,0
2016-10-09,5148.0,5180.0,5110.0,5160.0,4464824953,863321,93,5150.0,5169.0,60.307161043888335,58.42835049241967,45.258068761758544,5243.13979601485,4725.460203985151,4984.3,4920.16,-0.032694911975236995,0
2016-10-10,5175.0,5180.0,5106.0,5166.0,5061919063,978756,95,5160.0,5168.0,60.23586254115232,63.052463942062786,48.816947797819395,5259.144992158864,4745.955007841137,5002.55,4926.12,-0.05185758513931893,0
2016-10-15,5140.0,5177.0,5070.0,5175.0,15032549222,2904970,139,5166.0,5165.0,60.0066613199449,65.71748201295759,52.197054640847036,5266.199345336695,4777.400654663305,5021.8,4931.98,-0.055179090029041644,0
2016-10-16,5160.0,5160.0,5085.0,5174.0,383572596,74660,44,5175.0,5085.0,54.095456601278926,60.67477557832444,53.89259882834252,5270.258256548565,4791.841743451435,5031.05,4935.82,-0.026548672566371723,0
2016-10-17,5140.0,5149.0,5011.0,5166.0,1014661029,199029,111,5174.0,5110.0,55.56845625292207,58.026788763973855,54.7194368154688,5239.249301305599,4863.5506986944,5051.4,4939.72,-0.04207436399217224,0
2016-10-24,4900.0,5000.0,4881.0,4910.0,3438568796,700385,111,4866.0,5000.0,48.234444327967644,46.51595249900947,53.07873995217693,5232.840811608316,4879.959188391684,5056.4,4942.4,-0.022399999999999975,0
2016-10-25,4900.0,4918.0,4880.0,4909.0,996261925,203381,110,4910.0,4900.0,42.71510881301153,28.990186735873067,48.261029308916164,5232.840811608316,4879.959188391684,5056.4,4941.64,-0.022448979591836782,0
2016-10-26,4900.0,4960.0,4850.0,4905.0,991464970,203712,92,4909.0,4880.0,41.68767958403184,13.333359579729404,41.27549536307882,5227.680917658614,4888.119082341385,5057.9,4941.24,-0.01659836065573772,0
2016-10-29,4800.0,5080.0,4800.0,4962.0,8339679570,1676547,157,4905.0,4950.0,46.53490759432814,6.498713123152811,34.320138915093615,5226.75148543908,4890.1485145609195,5058.45,4943.6,-0.05353535353535355,0
2016-10-30,4950.0,5039.0,4895.0,4953.0,2455274627,498309,91,4962.0,4895.0,43.476883756660726,-3.3175906604683405,26.792592999981228,5234.543474555121,4871.356525444879,5052.95,4944.68,-0.04800817160367721,0
2016-10-31,5000.0,5000.0,4795.0,4932.0,1812818317,374778,120,4953.0,4888.0,43.08878142079698,-11.529024215607933,19.128269556863398,5236.174508129947,4848.625491870052,5042.4,4946.44,-0.06608019639934537,0
2016-11-01,4802.0,4802.0,4734.0,4906.0,1638939320,343101,97,4932.0,4790.0,37.97752959782149,-25.64876247999746,10.172863149491226,5250.5561612942665,4806.243838705733,5028.4,4946.44,-0.034446764091857984,0
2016-11-02,4783.0,4893.0,4780.0,4879.0,2310955153,482209,112,4906.0,4799.0,38.69672656737476,-35.70099317169934,0.998091885253114,5250.15440185022,4773.645598149779,5011.9,4945.78,-0.043550739737445276,0
2016-11-05,4877.0,4877.0,4683.0,4827.0,2752880080,585925,174,4879.0,4685.0,33.41172929439308,-52.26384065754428,-9.654294623306365,5264.761604287918,4717.538395712081,4991.15,4943.9,-0.039274279615795105,0
2016-11-06,4765.0,4826.0,4626.0,4804.0,1682977774,358592,100,4827.0,4660.0,32.36772437111196,-66.63913323867473,-21.05126234638004,5276.802493869048,4664.297506130953,4970.55,4939.1,-0.04935622317596566,0
2016-11-07,4784.0,4790.0,4565.0,4737.0,5098333477,1089763,187,4804.0,4565.0,28.698074484765144,-84.72075411290916,-33.78516069968586,5293.564447730863,4596.035552269137,4944.8,4932.4,-0.013362541073384415,0
2016-11-08,4730.0,4730.0,4613.0,4733.0,360550125,77859,59,4737.0,4625.0,33.80271289396478,-93.13546272818712,-45.65522110538612,5296.281366224041,4551.818633775959,4924.05,4926.94,-0.03156756756756762,0
2016-11-09,4614.0,4733.0,4530.0,4699.0,3007456100,650175,110,4733.0,4590.0,32.347886685439335,-101.45883315066294,-56.815943514441486,5304.45149122656,4506.448508773439,4905.45,4919.86,-0.02178649237472763,0
2016-11-12,4720.0,4720.0,4497.0,4635.0,9110435212,1967931,221,4699.0,4501.0,28.937334285278794,-113.92348139447495,-68.23745109044819,5309.690773193976,4447.809226806024,4878.75,4911.28,-0.03776938458120416,0
2016-11-13,4590.0,4590.0,4415.0,4549.0,4133819882,931425,252,4635.0,4430.0,26.533896576154532,-128.05477581461855,-80.20091603528226,5296.716904081153,4388.783095918847,4842.75,4900.18,-0.011286681715575675,0
2016-11-14,4539.0,4539.0,4431.0,4542.0,1003985320,223845,88,4549.0,4504.0,32.79873470451946,-131.76385519433734,-90.51350386709329,5260.41706554646,4358.58293445354,4809.5,4892.26,-0.04063055062166965,0
2016-11-15,4538.0,4538.0,4420.0,4533.0,1569499060,349910,94,4542.0,4479.0,31.811765519902266,-135.1625486662606,-99.44331282692676,5216.321560380946,4333.778439619055,4775.05,4884.06,-0.0399642777405671,0
2016-11-16,4500.0,4500.0,4446.0,4528.0,922057145,205781,55,4533.0,4490.0,32.77038116380338,-135.4075358745622,-106.63615743645386,5160.826924047837,4321.773075952164,4741.3,4877.16,-0.020044543429844075,0
2016-11-19,4491.0,4491.0,4331.0,4389.0,15212078584,3465793,302,4528.0,4331.0,26.88656039310402,-146.74013228135573,-114.65695240543424,5128.2892511013715,4278.910748898629,4703.6,4865.78,0.04248441468483022,0
2016-11-21,4389.0,4475.0,4360.0,4389.0,13516247932,3079825,211,4389.0,4380.0,30.99826219138592,-150.0378630014202,-121.73313452463144,5070.762185498033,4263.437814501967,4667.1,4854.1,0.06552511415525109,1
2016-11-22,4365.0,4370.0,4300.0,4375.0,2643970430,609552,126,4389.0,4321.0,28.891411454384738,-155.618274670971,-128.51016255389936,5033.306606844186,4232.9933931558135,4633.15,4846.16,0.052996991437167296,1
2016-11-23,4375.0,4375.0,4300.0,4369.0,1487422758,342771,93,4375.0,4300.0,28.157831272950773,-159.89217811952494,-134.7865656670245,5008.712954423916,4197.587045576083,4603.15,4832.56,0.058139534883721034,1
2016-11-26,4409.0,4409.0,4305.0,4397.0,24276496715,5521578,173,4369.0,4400.0,36.434670540154016,-153.44133691119077,-138.51751991585775,4972.980052181215,4185.319947818784,4579.15,4823.02,0.047272727272727355,0
2016-11-27,4419.0,4595.0,4390.0,4445.0,17766076950,3996450,323,4397.0,4515.0,44.37178647755861,-137.4648506435642,-138.30698606139904,4913.10628333087,4201.69371666913,4557.4,4815.92,0.006866002214839462,0
2016-11-29,4560.0,4667.0,4500.0,4657.0,71735587563,15403461,672,4445.0,4667.0,52.766780670589824,-111.25575341800413,-132.89673953272006,4870.9843073150805,4221.0156926849195,4546.0,4813.06,-0.014356117420184278,0
2016-12-03,4700.0,4700.0,4521.0,4659.0,21297329452,4571561,349,4657.0,4550.0,46.89969700666364,-98.78702193452591,-126.07479601308124,4813.850346797094,4244.349653202907,4529.1,4806.18,0.009890109890109855,0
2016-12-04,4540.0,4648.0,4539.0,4646.0,1214369292,266701,61,4659.0,4550.0,46.899697006663644,-87.8922947388146,-118.43829575822792,4775.905641362522,4258.294358637479,4517.1,4801.12,0.01098901098901095,0
2016-12-05,4600.0,4608.0,4530.0,4550.0,27964952389,6145775,305,4646.0,4608.0,50.09019899531258,-73.72813759415385,-109.49626412541312,4736.404954067129,4278.695045932871,4507.55,4797.68,-0.00499131944444442,0
2016-12-06,4520.0,4629.0,4520.0,4557.0,1205826939,261781,57,4550.0,4546.0,46.849662852469415,-66.73652572760602,-100.94431644585171,4715.49383425559,4285.706165744411,4500.6,4790.6,0.025076990761108586,0
2016-12-07,4700.0,4700.0,4588.0,4600.0,3801618916,813897,128,4557.0,4600.0,49.89035328218685,-56.190544627289455,-91.99356208213926,4705.055441001361,4290.14455899864,4497.6,4788.54,0.003478260869565153,0
2016-12-10,4690.0,4699.0,4510.0,4592.0,10109278526,2201737,159,4600.0,4595.0,49.60736187856859,-47.686536134137896,-83.13215689253899,4708.903622468891,4289.29637753111,4499.1,4782.44,-0.009575625680087074,0
2016-12-11,4521.0,4600.0,4521.0,4589.0,1646943528,360129,56,4592.0,4600.0,49.91332112527032,-40.081554709199736,-74.52203645587115,4704.918370354018,4290.781629645982,4497.85,4776.44,-0.008695652173912993,0
2016-12-12,4600.0,4691.0,4571.0,4624.0,4762272446,1021001,95,4589.0,4585.0,48.953075346650074,-34.86304727132301,-66.59023861896152,4704.234363069333,4290.965636930668,4497.6,4771.14,-0.018102508178844068,0
2016-12-13,4585.0,4680.0,4556.0,4631.0,2020932670,433990,65,4624.0,4660.0,53.74469337935454,-24.394267400948593,-58.151044375358936,4723.993104723102,4287.106895276898,4505.55,4765.56,-0.03175965665236047,0
2016-12-14,4600.0,4616.0,4570.0,4626.0,1308871623,284879,72,4631.0,4616.0,50.73582342625434,-19.42420605064399,-50.405676710415946,4735.462125689108,4294.237874310893,4514.85,4757.78,-0.0034662045060658286,0
2016-12-18,4537.0,4600.0,4534.0,4624.0,319281374,70099,34,4626.0,4551.0,46.58653520527762,-20.494110051966345,-44.42336337872603,4738.3005201284395,4296.09947987156,4517.2,4746.82,-0.009009009009009028,0
2016-12-19,4510.0,4590.0,4510.0,4619.0,675333912,148411,52,4624.0,4560.0,47.23005127766816,-20.380854097992597,-39.61486152257934,4742.37066841674,4300.12933158326,4521.25,4736.62,-0.01074561403508767,0
2016-12-20,4466.0,4582.0,4466.0,4611.0,644768016,143181,30,4619.0,4502.0,43.5856797976479,-24.6866409819404,-36.62921741445155,4742.693179657117,4301.006820342884,4521.85,4724.08,0.013771657041314889,0
2016-12-21,4578.0,4614.0,4501.0,4608.0,1301875707,283935,47,4611.0,4512.0,44.38252177674498,-26.981070694640948,-34.69958807048943,4733.825503574746,4327.974496425253,4530.9,4712.32,0.037234042553191404,0
2016-12-24,4549.0,4600.0,4539.0,4600.0,1318055006,289624,65,4608.0,4600.0,50.94854075406668,-21.45128120237223,-32.049926696865995,4734.50207683476,4349.297923165239,4541.9,4702.88,-0.017391304347826098,0
2016-12-25,4578.0,4597.0,4510.0,4598.0,511286184,112232,29,4600.0,4510.0,45.08610520790016,-24.05385318190747,-30.450711993874293,4716.221192150302,4386.478807849699,4551.35,4691.48,0.0022172949002217113,0
2016-12-26,4679.0,4699.0,4501.0,4604.0,3913284657,848289,98,4598.0,4511.0,45.161609771694856,-25.7390152378739,-29.508372642674214,4682.014778445702,4441.785221554297,4561.9,4680.9,0.0414542230104189,0
2016-12-27,4522.0,4565.0,4522.0,4600.0,814788170,178936,46,4604.0,4564.0,49.15208533143497,-22.53805656106306,-28.114309426351987,4664.530715347599,4475.669284652402,4570.1,4672.94,0.023882559158632688,0
2016-12-28,4580.0,4680.0,4390.0,4588.0,113159105749,24662155,883,4600.0,4680.0,56.59651399158262,-10.519777750901085,-24.595403091261808,4680.591429963876,4476.108570036125,4578.35,4665.84,-0.02841880341880343,0
2016-12-31,4658.0,4695.0,4471.0,4599.0,1740885228,374058,69,4588.0,4520.0,46.486882504847046,-13.747396600478169,-22.425801793105084,4667.676781085528,4474.323218914472,4571.0,4653.24,0.00022123893805314765,0
2017-01-01,4505.0,4560.0,4483.0,4593.0,591710693,131523,27,4599.0,4520.0,46.48688250484704,-16.11949231908784,-21.164539898301637,4668.340275197205,4470.659724802795,4569.5,4640.26,-0.004203539823008806,0
2017-01-02,4481.0,4698.0,4442.0,4676.0,62349238951,13334760,194,4593.0,4698.0,56.5100303054311,-3.594843753108762,-17.650600669263063,4689.9343310727245,4463.865668927275,4576.9,4630.86,-0.031077054065559828,0
2017-01-03,4500.0,4685.0,4500.0,4629.0,6285324289,1366233,95,4676.0,4673.0,54.95319901700532,4.264579980956114,-13.267564539219228,4700.1004481069485,4460.199551893051,4580.15,4621.02,-0.015621656323560829,0
2017-01-04,4650.0,4650.0,4541.0,4642.0,7116808722,1531088,72,4629.0,4547.0,47.804886627284866,0.32236689532601304,-10.54957825231018,4700.094286774049,4460.305713225951,4580.2,4610.26,-0.0059379810864306215,0
2017-01-07,4532.0,4629.0,4500.0,4621.0,1786439771,394495,70,4642.0,4521.0,46.4618299471314,-4.844009361451754,-9.408464474138496,4698.457814811732,4454.042185188268,4576.25,4598.48,-0.011280690112806857,0
2017-01-08,4579.0,4579.0,4495.0,4613.0,658961940,146374,33,4621.0,4501.0,45.405090486001534,-10.431979256519298,-9.613167430614656,4697.679259099778,4445.420740900222,4571.55,4588.5,-0.00910908686958456,0
2017-01-09,4484.0,4552.0,4484.0,4599.0,1186557286,263766,54,4613.0,4552.0,48.614582974680104,-10.622759325228799,-9.815085809537486,4694.848488459724,4443.4515115402755,4569.15,4581.54,0.02921792618629171,0
2017-01-11,4570.0,4600.0,4487.0,4595.0,773251532,170169,60,4599.0,4600.0,51.50422385097249,-6.822113973646083,-9.216491442359205,4696.145633592054,4443.654366407945,4569.9,4575.94,-0.02869565217391301,0
2017-01-14,4520.0,4520.0,4486.0,4594.0,124259055,27612,23,4595.0,4520.0,46.782299899301755,-10.14842187227896,-9.402877528343156,4683.798138947876,4442.001861052123,4562.9,4567.34,-0.00022123893805314765,0
2017-01-15,4500.0,4511.0,4463.0,4581.0,977550685,218789,55,4594.0,4470.0,44.06324887406214,-16.627456016538417,-10.847793225982208,4680.361211925267,4430.838788074734,4555.6,4558.84,0.003355704697986628,0
2017-01-16,4461.0,4510.0,4453.0,4576.0,404666678,90513,36,4581.0,4460.0,43.51846525698414,-22.311856488347985,-13.140605878455364,4682.602993128479,4419.497006871521,4551.05,4550.28,0.0053811659192826156,0
2017-01-17,4448.0,4685.0,4348.0,4526.0,24243425140,5355972,412,4576.0,4685.0,56.53866824127864,-8.562462482063893,-12.22497719917707,4701.252908970472,4413.347091029528,4557.3,4548.18,-0.05272145144076845,0
2017-01-18,4640.0,4640.0,4450.0,4546.0,2511557964,545511,61,4526.0,4468.0,45.61677872786286,-15.003108631190116,-12.78060348557968,4702.8893750447105,4408.31062495529,4555.6,4541.56,-0.017457475380483478,0
2017-01-21,4468.0,4640.0,4460.0,4555.0,1675867063,364270,61,4546.0,4519.0,48.1517966925404,-15.80984725365579,-13.386452239194904,4702.8560584219085,4409.043941578091,4555.95,4538.24,-0.03518477539278597,0
2017-01-22,4500.0,4500.0,4480.0,4553.0,304041550,67807,25,4555.0,4485.0,46.5925111403277,-18.973988940730123,-14.503959579501949,4698.752482312017,4401.647517687983,4550.2,4534.74,-0.022742474916387923,0
2017-01-23,4478.0,4553.0,4472.0,4544.0,1324537958,295092,60,4553.0,4484.0,46.544770326702235,-21.316561613613885,-15.866479986324338,4699.280716852468,4398.5192831475315,4548.9,4533.12,-0.02096342551293484,0
2017-01-24,4467.0,4588.0,4434.0,4498.0,9193636536,2045304,157,4544.0,4438.0,44.29631722123983,-26.578502464294615,-18.008884481918393,4702.519037006852,4387.980962993148,4545.25,4529.38,-0.009689049121225812,0
2017-01-25,4439.0,4565.0,4390.0,4492.0,13078314417,2911738,119,4498.0,4390.0,42.01549957976515,-34.22727660697274,-21.252562906929263,4707.374442048156,4365.725557951844,4536.55,4525.38,-0.013667425968109326,0
2017-01-28,4400.0,4400.0,4357.0,4468.0,1982074824,452973,78,4492.0,4360.0,40.6081535692663,-42.223013879931386,-25.44665310152969,4694.5482471206715,4346.551752879329,4520.55,4522.56,-0.013761467889908285,0
2017-01-29,4370.0,4489.0,4359.0,4478.0,7404941244,1652260,123,4468.0,4383.0,42.20646669417225,-46.17154862222196,-29.591632205668148,4697.742495095744,4329.657504904256,4513.7,4521.62,-0.021218343600273748,0
2017-01-30,4480.0,4480.0,4381.0,4471.0,1042714684,236249,56,4478.0,4390.0,42.711773679945814,-48.18055392034512,-33.309416548603544,4698.916040020306,4315.483959979693,4507.2,4519.34,0.0002277904328018554,0
2017-01-31,4400.0,4400.0,4388.0,4466.0,650960143,148027,48,4471.0,4395.0,43.09449878969589,-48.80663437989642,-36.40886011486212,4668.327593587699,4315.772406412301,4492.05,4517.66,-0.026166097838452806,0
2017-02-01,4383.0,4399.0,4330.0,4436.0,2556443196,587539,101,4466.0,4330.0,39.40862160405125,-53.92613748205258,-39.91231558830022,4644.017592228225,4305.782407771774,4474.9,4514.46,-0.006928406466512715,0
2017-02-04,4310.0,4330.0,4300.0,4409.0,2111606714,489802,99,4436.0,4300.0,37.80159973457164,-59.7157637018945,-43.87300521101908,4644.398810832169,4280.701189167831,4462.55,4513.84,0.0023255813953488857,0
2017-02-05,4300.0,4305.0,4281.0,4401.0,648067092,151039,63,4409.0,4290.0,37.25622771793969,-64.36899491457007,-47.972203151729275,4645.439707881584,4256.560292118416,4451.0,4512.04,-0.0002331002331001919,0
2017-02-06,4303.0,4401.0,4260.0,4368.0,6894809498,1583336,118,4401.0,4391.0,45.7667185960798,-59.22415902803914,-50.222594326991256,4640.194119071625,4250.805880928375,4445.5,4513.44,-0.023001594169893003,0
2017-02-07,4391.0,4475.0,4270.0,4361.0,3838354573,882552,80,4368.0,4280.0,39.43587286331988,-63.37308636448324,-52.85269273448966,4632.836706455236,4230.9632935447635,4431.9,4513.04,-0.002803738317757043,0
2017-02-08,4300.0,4300.0,4254.0,4348.0,1595568468,372614,78,4361.0,4300.0,41.01899997941409,-64.30602845013527,-55.143359877618785,4610.041295431815,4223.758704568184,4416.9,4511.04,-0.013953488372092981,0
2017-02-11,4300.0,4310.0,4245.0,4301.0,4796338355,1127915,89,4348.0,4310.0,41.83764754875964,-63.50641295085825,-56.81597049226668,4598.811434174482,4213.988565825517,4406.4,4506.94,-0.006032482598607891,0
2017-02-12,4260.0,4340.0,4236.0,4308.0,2942984472,680766,58,4301.0,4289.0,40.56434021747965,-63.83142744058932,-58.21906188193121,4593.9259649628675,4200.774035037133,4397.35,4499.38,0.00023315458148753798,0
2017-02-13,4298.0,4299.0,4233.0,4304.0,627117214,147541,66,4308.0,4290.0,40.65695944739022,-63.27887266826292,-59.23102403919756,4588.53202222805,4189.167977771951,4388.85,4494.18,-0.012587412587412583,0
2017-02-14,4290.0,4299.0,4268.0,4301.0,2094203105,488325,115,4304.0,4268.0,39.209351042028736,-63.87981838603355,-60.16078290856476,4521.3427533373715,4214.6572466626285,4368.0,4488.54,0.0004686035613870043,0
2017-02-15,4262.0,4265.0,4239.0,4294.0,1236639794,291143,73,4301.0,4240.0,37.384899027071185,-65.85628789840575,-61.29988390653297,4512.391398995861,4200.80860100414,4356.6,4481.18,0.014150943396226356,0
2017-02-18,4290.0,4290.0,4283.0,4293.0,2210109730,515336,95,4294.0,4284.0,41.95559645252991,-63.14433338076651,-61.66877380137968,4484.485632992046,4205.214367007955,4344.85,4475.94,-0.0032679738562091387,0
2017-02-19,4290.0,4384.0,4214.0,4346.0,14849684431,3417101,202,4293.0,4290.0,42.57122141889696,-59.821356668875524,-61.29929037487885,4460.76288235231,4209.437117647691,4335.1,4469.74,-0.01631701631701632,0
2017-02-20,4290.0,4290.0,4221.0,4345.0,97244422,22933,25,4346.0,4236.0,38.60293186002646,-60.84385233142348,-61.20820276618778,4435.421071681793,4209.978928318206,4322.7,4462.56,-0.00401322001888571,0
2017-02-21,4227.0,4289.0,4225.0,4339.0,644584538,151819,47,4345.0,4270.0,42.25288569115217,-58.239324974942065,-60.61442720793865,4415.889566398786,4212.710433601214,4314.3,4455.96,-0.016393442622950838,0
2017-02-22,4235.0,4300.0,4235.0,4323.0,1742650099,409989,76,4339.0,4300.0,45.34056304674947,-53.141882459465705,-59.11991825824406,4405.373218011606,4214.226781988395,4309.8,4450.26,-0.023255813953488413,0
2017-02-25,4280.0,4320.0,4255.0,4318.0,2007953358,467121,67,4323.0,4270.0,42.87191491984172,-50.93571658597921,-57.48307792379109,4399.459651661922,4211.140348338078,4305.3,4442.46,-0.021077283372365363,0
2017-02-26,4253.0,4254.0,4210.0,4304.0,1394911791,330287,102,4318.0,4220.0,39.055241158327014,-52.61537903169756,-56.50953814537239,4391.214392843922,4203.0856071560775,4297.15,4434.54,-0.004739336492891044,0
2017-02-27,4250.0,4252.0,4218.0,4299.0,690357278,163148,62,4304.0,4219.0,38.98049752349982,-53.411520503053,-55.88993461690851,4378.338286149764,4198.861713850237,4288.6,4427.9,0.004740459824603027,0
2017-02-28,4202.0,4211.0,4190.0,4283.0,1648018420,391969,70,4299.0,4200.0,37.51157635492944,-54.94226928542048,-55.700401550610906,4362.3874766263525,4195.312523373648,4278.85,4420.7,0.0014285714285713347,0
2017-03-01,4286.0,4290.0,4160.0,4243.0,8473143012,1999691,132,4283.0,4200.0,37.51157635492944,-55.51545116009038,-55.6634114725068,4359.12390161275,4185.576098387251,4272.35,4414.66,-0.010238095238095268,0
2017-03-04,4200.0,4208.0,4166.0,4232.0,1710677851,409022,87,4243.0,4180.0,35.861785900518,-56.927312159788016,-55.91619160996305,4360.8936936083,4171.806306391701,4266.35,4408.02,0.028708133971291794,0
2017-03-05,4197.0,4269.0,4135.0,4246.0,13080342438,3080674,200,4232.0,4200.0,38.76224927297355,-55.78928516912583,-55.89081032179561,4359.9627412780865,4163.737258721914,4261.85,4400.02,0.0,0
2017-03-06,4200.0,4289.0,4194.0,4283.0,12267374605,2863956,170,4246.0,4239.0,44.07339562478062,-51.150782140326555,-54.942804685501805,4332.758279825135,4175.741720174865,4254.25,4394.6,-0.009200283085633365,0
2017-03-07,4153.0,4206.0,4153.0,4280.0,301139949,72066,22,4283.0,4206.0,40.845308586906924,-49.566191081976285,-53.8674819647967,4330.810762525049,4170.289237474952,4250.55,4388.5,0.003804089396100885,0
2017-03-08,4230.0,4230.0,4155.0,4266.0,1170022409,281035,67,4280.0,4157.0,36.563005205197356,-51.66867739145073,-53.42772105012751,4329.994226141835,4156.805773858165,4243.4,4380.36,0.03295645898484478,0
2017-03-11,4135.0,4398.0,4135.0,4286.0,32112394385,7491866,433,4266.0,4300.0,52.28519526566338,-41.3197002562365,-51.006116891349315,4328.053743318208,4157.746256681791,4242.9,4372.76,-0.015116279069767424,0
2017-03-12,4220.0,4338.0,4200.0,4288.0,21261905060,4958581,251,4286.0,4200.0,44.061318785723486,-40.71785548925891,-48.94846461093124,4322.800400124148,4154.099599875852,4238.45,4366.36,0.004999999999999893,0
2017-03-13,4300.0,4300.0,4200.0,4287.0,162789596,38553,25,4288.0,4200.0,44.061318785723486,-39.78230354374409,-47.11523239749381,4316.401137051616,4151.498862948383,4233.95,4359.96,0.01619047619047609,0
2017-03-14,4200.0,4299.0,4190.0,4285.0,344581530,81704,26,4287.0,4222.0,46.219628139058834,-36.84097591071986,-45.060381100139026,4312.72841883698,4150.571581163019,4231.65,4350.44,0.014448128848886688,0
2017-03-15,4220.0,4296.0,4201.0,4284.0,709628469,166189,39,4285.0,4294.0,52.657563001444174,-28.373087014068915,-41.72292228292501,4319.837484470561,4148.862515529439,4234.35,4342.86,-0.010246856078248712,0
2017-03-18,4294.0,4294.0,4200.0,4279.0,722801298,171224,31,4284.0,4235.0,47.62633353633521,-26.12191380997956,-38.60272058833592,4314.308494714469,4149.49150528553,4231.9,4336.62,0.008264462809917328,0
2017-03-25,4221.0,4250.0,4203.0,4278.0,103100744,24406,19,4279.0,4221.0,46.49120541432953,-25.177297609510788,-35.917635992570894,4306.502482350693,4150.397517649307,4228.45,4330.62,0.0009476427386874153,0
2017-03-26,4222.0,4275.0,4222.0,4277.0,264477193,62458,17,4278.0,4268.0,50.736227064283014,-20.401005171997895,-32.814309828456295,4309.946120062898,4150.153879937102,4230.05,4325.96,-0.006560449859418949,0
2017-03-27,4290.0,4294.0,4240.0,4277.0,529620265,123698,21,4277.0,4283.0,52.04383419292801,-15.229824428396569,-29.29741274844435,4312.083290675082,4149.316709324918,4230.7,4320.58,-0.012374503852439878,0
2017-03-28,4242.0,4278.0,4226.0,4275.0,443029121,104525,37,4277.0,4250.0,48.96462358575942,-13.637248923541847,-26.16537998346385,4303.779362269771,4152.620637730229,4228.2,4313.58,-0.0117647058823529,0
2017-03-29,4244.0,4294.0,4244.0,4275.0,542058319,126979,35,4275.0,4270.0,50.86214650339527,-10.638652742547492,-23.06003453528058,4303.779362269771,4152.620637730229,4228.2,4308.58,-0.025761124121779888,0
2017-04-03,4274.0,4274.0,4225.0,4274.0,439939729,103704,33,4275.0,4225.0,46.65861104297404,-11.757830632166588,-20.79959375465778,4303.952251629374,4152.947748370626,4228.45,4303.68,-0.009230769230769265,0
2017-04-04,4226.0,4267.0,4226.0,4273.0,193764504,45686,29,4274.0,4240.0,48.195529061950346,-11.304105837626594,-18.900496171251543,4305.031450410443,4153.968549589557,4229.5,4299.28,-0.01650943396226412,0
2017-04-05,4260.0,4260.0,4230.0,4269.0,1206566918,284596,43,4273.0,4230.0,47.21875451505635,-11.617522527516485,-17.443901442504533,4305.310160820071,4156.689839179929,4231.0,4290.18,-0.026004728132387744,0
2017-04-08,4264.0,4268.0,4190.0,4247.0,10532626862,2479934,151,4269.0,4200.0,44.31697990284753,-14.123845888226242,-16.779890331648875,4305.310160820071,4156.689839179929,4231.0,4284.82,-0.00023809523809525945,0
2017-04-09,4205.0,4210.0,4160.0,4190.0,7074616243,1697332,167,4247.0,4160.0,40.723481406758104,-19.11741722908755,-17.247395711136612,4307.498387087119,4152.501612912881,4230.0,4277.64,0.02644230769230771,0
2017-04-10,4190.0,4200.0,4147.0,4185.0,2132257640,511502,129,4190.0,4186.0,43.90732345710291,-20.737823069032856,-17.945481182715863,4308.111420499222,4150.4885795007785,4229.3,4271.66,0.017677974199713287,0
2017-04-12,4151.0,4219.0,4120.0,4174.0,2486765050,600545,140,4185.0,4170.0,42.398123517138735,-23.047396612362718,-18.965864268645234,4308.603308097657,4143.096691902344,4225.85,4265.38,0.04916067146282965,0
2017-04-15,4121.0,4169.0,4117.0,4153.0,4545943712,1101204,149,4174.0,4120.0,38.00217158422813,-28.582847147878056,-20.889260844491798,4316.0814233528,4127.0185766472005,4221.55,4259.02,0.06796116504854366,1
2017-04-16,4150.0,4275.0,4135.0,4199.0,14259903422,3396308,222,4153.0,4199.0,47.29958431202363,-26.292013839261017,-21.969811443445643,4314.131545085757,4133.168454914242,4223.65,4255.2,0.0716837342224339,1
2017-04-17,4170.0,4294.0,4170.0,4236.0,11041158882,2606733,182,4199.0,4270.0,53.97925723378327,-18.533759664825993,-21.282601087721716,4308.4153464672,4135.884653532799,4222.15,4253.4,0.050819672131147575,1
2017-04-18,4183.0,4300.0,4183.0,4240.0,56989430018,13440612,266,4236.0,4260.0,52.96107783370099,-13.04186525847581,-19.634453921872534,4312.294190862648,4138.005809137351,4225.15,4250.94,0.04624413145539896,0
2017-04-19,4260.0,4400.0,4240.0,4302.0,78549889436,18260006,1069,4240.0,4375.0,61.86869584381393,0.5833154332058257,-15.590900050856863,4341.846097665013,4125.953902334986,4233.9,4250.64,0.0507428571428572,1
2017-04-22,4400.0,4490.0,4380.0,4426.0,11645288912,2630897,289,4302.0,4400.0,63.4874226706107,13.245969075597714,-9.82352622556595,4372.511371903559,4113.088628096441,4242.8,4250.74,0.011363636363636465,0
2017-04-23,4480.0,4500.0,4363.0,4467.0,8580608411,1916992,197,4426.0,4500.0,69.13214992244693,30.993108321624277,-1.6601993161279038,4423.707033855882,4082.492966144119,4253.1,4254.14,-0.0004444444444444695,0
2017-04-24,4499.0,4550.0,4422.0,4487.0,5572823815,1237321,113,4467.0,4487.0,67.66758316176438,43.50732729419087,7.373306005935852,4464.063403885647,4067.3365961143527,4265.7,4257.88,0.0006685981724983137,0
2017-04-26,4550.0,4649.0,4450.0,4538.0,7776632257,1706824,161,4487.0,4457.0,64.28312850016317,50.42294241749278,15.983233288247238,4491.30037418372,4063.69962581628,4277.5,4261.22,0.016378730087502902,0
2017-04-29,4452.0,4599.0,4435.0,4534.0,7117087030,1570440,127,4538.0,4597.0,71.4576009642427,66.43463013612018,26.073512657821826,4548.952333324808,4038.9476666751916,4293.95,4265.34,-0.038285838590385035,0
2017-04-30,4590.0,4640.0,4445.0,4553.0,6707718377,1470345,191,4534.0,4450.0,58.231085843453435,66.49581418762409,34.157972963782285,4566.106065133264,4038.4939348667367,4302.3,4268.74,-0.0022471910112359383,0
2017-05-01,4450.0,4627.0,4450.0,4568.0,7973075341,1743943,123,4553.0,4498.0,60.78362842663208,69.6150231831034,41.249383007646514,4590.546406540114,4038.8535934598854,4314.7,4272.7,-0.009115162294353052,0
2017-05-02,4605.0,4605.0,4461.0,4596.0,9918289678,2157923,96,4568.0,4490.0,60.12414759647791,70.6273376589561,47.124973937908436,4610.925594926354,4040.474405073646,4325.7,4276.3,-0.007795100222717122,0
2017-05-03,4508.0,4579.0,4489.0,4562.0,4982943983,1100707,121,4596.0,4530.0,62.32515602064546,73.80647478209994,52.461274106746735,4635.471629088749,4046.4283709112506,4340.95,4281.12,-0.016777041942604876,0
2017-05-06,4451.0,4575.0,4417.0,4560.0,3598646609,789712,62,4562.0,4421.0,53.63700374078437,66.76099560755938,55.32121840690927,4642.6752466490625,4057.3247533509375,4350.0,4283.74,0.026012214431124114,0
2017-05-07,4557.0,4557.0,4426.0,4556.0,4780940548,1050379,46,4560.0,4440.0,54.81930656909669,61.99589374024072,56.65615347357556,4650.254723863285,4070.7452761367153,4360.5,4287.18,0.005855855855855907,0
2017-05-08,4527.0,4527.0,4456.0,4551.0,544814439,122114,49,4556.0,4457.0,55.9028534961994,58.91217126595802,57.10735703205205,4656.206341631379,4090.4936583686226,4373.35,4291.52,0.0022436616558223488,0
2017-05-09,4440.0,4577.0,4440.0,4543.0,42336640071,9319146,431,4551.0,4455.0,55.73350670979027,55.6652414497421,56.818933915590065,4655.246326946647,4120.953673053354,4388.1,4294.94,0.018181818181818077,0
2017-05-10,4580.0,4580.0,4391.0,4534.0,16720071053,3687368,204,4543.0,4454.0,55.64274425951181,52.407216762395365,55.93659048495113,4653.191477807818,4149.808522192182,4401.5,4298.22,0.01526717557251911,0
2017-05-13,4540.0,4579.0,4536.0,4555.0,9172560870,2012849,167,4534.0,4536.0,61.21972632415123,55.798710619747,55.90901451191031,4654.125926864871,4185.474073135129,4419.8,4304.22,0.014109347442680775,0
2017-05-14,4582.0,4582.0,4462.0,4559.0,7060712575,1548034,113,4555.0,4466.0,54.87676647340395,52.235935600637276,55.17439872965571,4627.264034457305,4246.935965542696,4437.1,4308.14,0.023734885803851302,0
2017-05-15,4465.0,4469.0,4453.0,4556.0,354382705,79347,26,4559.0,4467.0,54.9485782585872,48.92907841357828,53.92533466644023,4606.335169333104,4294.664830666896,4450.5,4311.48,0.03201253637788226,0
2017-05-16,4572.0,4572.0,4455.0,4563.0,10019510401,2195801,81,4556.0,4536.0,59.71284317824923,51.28491305718126,53.397250344588436,4599.8993754617395,4327.700624538261,4463.8,4316.8,0.012345679012345734,0
2017-05-17,4569.0,4670.0,4481.0,4612.0,55666168351,12069759,509,4563.0,4522.0,58.36419846127775,51.42939987986574,53.0036802516439,4577.930490452507,4375.869509547492,4476.9,4322.84,0.0095090667846085,0
2017-05-20,4767.0,4767.0,4600.0,4731.0,18565141281,3923867,224,4612.0,4600.0,63.33304819661531,57.178734001570774,53.83869100162928,4591.37262349443,4384.92737650557,4488.15,4330.46,-0.010869565217391353,0
2017-05-21,4595.0,4645.0,4552.0,4726.0,352367882,76997,28,4731.0,4572.0,60.53999365403251,58.79797031912767,54.830546865128966,4597.800235037193,4395.699764962807,4496.75,4337.9,-0.007217847769028896,0
2017-05-22,4738.0,4738.0,4600.0,4724.0,10859722438,2298941,75,4726.0,4610.0,62.9293941947394,62.42787945317832,56.350013382738844,4614.736221383204,4389.763778616796,4502.25,4346.1,-0.024078091106290667,0
2017-05-23,4650.0,4690.0,4570.0,4695.0,3515979855,757443,68,4724.0,4592.0,61.04380536106877,63.12449909434963,57.704910525061,4626.2745764087185,4388.7254235912815,4507.5,4354.34,0.015897212543553918,0
2017-05-24,4595.0,4595.0,4565.0,4691.0,301764106,65991,37,4695.0,4565.0,58.22553361632128,60.797070048609385,58.32334242977068,4631.8199730956485,4393.980026904351,4512.9,4361.64,0.0010952902519167917,0
2017-05-27,4550.0,4690.0,4522.0,4684.0,17434799750,3721976,185,4691.0,4550.0,56.66046430760524,57.08416045381273,58.0755060345791,4624.482392237986,4396.617607762015,4510.55,4367.86,0.01098901098901095,0
2017-05-28,4535.0,4550.0,4450.0,4670.0,910607892,200864,67,4684.0,4539.0,55.48268564523881,52.64716107949971,56.98983704356323,4626.040533144747,4403.959466855253,4515.0,4374.52,-0.008592200925313986,0
2017-05-29,4449.0,4550.0,4449.0,4666.0,225833038,50350,25,4670.0,4499.0,51.30624980644356,45.380028679915085,54.6678753708336,4626.060765248555,4404.039234751445,4515.05,4381.36,-0.019337630584574383,0
2017-05-30,4451.0,4679.0,4436.0,4671.0,69538417233,14887493,293,4666.0,4665.0,63.56402209021374,52.41142034770564,54.21658436620801,4651.818123721092,4395.781876278908,4523.8,4388.66,-0.01393354769560562,0
2017-05-31,4570.0,4570.0,4496.0,4666.0,301387032,66956,30,4671.0,4570.0,55.026864587386655,49.74471672164145,53.322210837294705,4655.383332265645,4396.216667734356,4525.8,4396.06,0.004376367614879584,0
2017-06-03,4590.0,4600.0,4500.0,4650.0,1339819459,294445,45,4666.0,4600.0,56.99131218900922,49.48169004342435,52.55410667852064,4658.749798391237,4410.750201608763,4534.75,4404.06,-0.02782608695652178,0
2017-06-06,4640.0,4649.0,4500.0,4644.0,20806818145,4480488,217,4650.0,4500.0,49.26627716470626,40.73451312979614,50.190187968775746,4655.163585249184,4420.336414750816,4537.75,4409.62,0.008444444444444477,0
2017-06-07,4570.0,4580.0,4412.0,4600.0,2674101075,596028,58,4644.0,4412.0,43.65807410617409,26.397157848409734,45.43158194470254,4660.496799963309,4410.503200036691,4535.5,4411.98,0.0446509519492293,0
2017-06-10,4567.0,4634.0,4548.0,4630.0,21346193225,4610214,208,4600.0,4600.0,55.351477594963654,29.860515871841926,42.31736873013042,4665.019988145361,4420.480011854639,4542.75,4419.28,0.004347826086956497,0
2017-06-11,4550.0,4638.0,4539.0,4630.0,39492052002,8528850,405,4630.0,4590.0,54.70114947348553,31.43596143582181,40.1410872712687,4666.324098159934,4432.775901840067,4549.55,4426.66,-0.018300653594771288,0
2017-06-12,4500.0,4625.0,4472.0,4609.0,4502166430,982270,101,4630.0,4472.0,47.595042726556265,22.898934895511957,36.692656796117355,4667.84613163005,4424.853868369951,4546.35,4430.74,0.01073345259391778,0
2017-06-13,4620.0,4626.0,4538.0,4611.0,7666491896,1662330,112,4609.0,4538.0,51.39811841777724,21.214382080220275,33.597001852937936,4665.847325254148,4434.052674745852,4549.95,4435.84,0.009255178492728167,0
2017-06-14,4610.0,4624.0,4499.0,4605.0,8084590961,1756015,107,4611.0,4609.0,55.16737628528749,25.31663406732514,31.94092829581538,4669.084771392926,4445.015228607074,4557.05,4443.02,-0.01692341071816017,0
2017-06-17,4600.0,4645.0,4544.0,4615.0,7104164555,1538126,108,4605.0,4620.0,55.74008313929145,29.119633384088957,31.376669313470096,4676.076608419236,4446.423391580764,4561.25,4450.02,-0.012987012987012991,0
2017-06-18,4507.0,4609.0,4503.0,4607.0,2933860269,639625,32,4615.0,4506.0,48.784732868769225,22.673326485440157,29.63600074786411,4676.574889670839,4444.32511032916,4560.45,4455.64,0.020861074123391,0
2017-06-19,4507.0,4649.0,4507.0,4634.0,33071219558,7137383,367,4607.0,4520.0,49.6162095962423,18.48122476729077,27.405045551749446,4672.361129754934,4440.5388702450655,4556.45,4461.24,-0.0015486725663717005,0
2017-06-20,4628.0,4649.0,4551.0,4636.0,4727957375,1019500,56,4634.0,4580.0,53.12832687878451,19.772527127518515,25.878541866903262,4673.027923897207,4440.672076102794,4556.85,4468.24,-0.01462882096069873,0
2017-06-21,4550.0,4550.0,4526.0,4632.0,381473293,84098,26,4636.0,4531.0,50.05935481938136,16.65007140259695,24.032847774042,4666.933153078679,4438.86684692132,4552.9,4474.86,-0.015449128227764342,0
2017-06-24,4599.0,4599.0,4527.0,4631.0,98436600,21732,6,4632.0,4560.0,51.83274891520948,16.327348867088403,22.491747992651284,4663.983805407281,4438.61619459272,4551.3,4482.86,-0.022368421052631593,0
2017-06-25,4531.0,4600.0,4510.0,4630.0,217645886,47691,23,4631.0,4600.0,54.24612849917144,19.07932011286175,21.80926241669338,4667.6021278766375,4438.497872123363,4553.05,4491.14,-0.00021739130434783593,0
2017-06-28,4520.0,4520.0,4513.0,4629.0,67780149,15012,14,4630.0,4513.0,48.54850698796051,14.077823851141147,20.262974703582934,4667.076831165966,4435.323168834034,4551.2,4498.0,-0.005096388211832448,0
2017-07-01,4515.0,4540.0,4513.0,4627.0,219815939,48652,38,4629.0,4513.0,48.54850698796051,9.998841607900431,18.210148084446434,4666.87333029826,4432.926669701739,4549.9,4505.86,-0.002880567250166166,0
2017-07-02,4513.0,4513.0,4453.0,4619.0,463410286,103897,30,4627.0,4461.0,45.25368288347628,2.5409627380349775,15.076311015164144,4669.370507130299,4426.629492869701,4548.0,4511.1,0.00896659941717104,0
2017-07-03,4460.0,4596.0,4453.0,4580.0,2446569480,548027,43,4619.0,4458.0,45.06366892828308,-3.5703778322367725,11.346973245683962,4652.473821574912,4422.826178425087,4537.65,4514.86,0.009421265141319024,0
2017-07-04,4500.0,4610.0,4495.0,4586.0,9053573650,1974004,147,4580.0,4599.0,54.6926945877958,2.9300861407100456,9.663595824689178,4656.230525487881,4421.96947451212,4539.1,4521.64,-0.03848662752772347,0
2017-07-05,4501.0,4599.0,4486.0,4588.0,3138678465,683637,50,4586.0,4490.0,47.7281970376336,-0.7055057453362679,7.589775510684089,4649.094415454029,4418.105584545971,4533.6,4523.94,-0.00222717149220486,0
2017-07-08,4539.0,4598.0,4490.0,4586.0,5031326853,1097559,74,4588.0,4500.0,48.37766288359381,-2.748143197420177,5.522191769063236,4649.094415454029,4418.105584545971,4533.6,4525.94,-0.022222222222222254,0
2017-07-09,4500.0,4501.0,4500.0,4585.0,101189500,22485,9,4586.0,4501.0,48.446644038694615,-4.237410224582163,3.570271370334156,4640.5926252885465,4435.507374711454,4538.05,4525.96,-0.03132637191735166,0
2017-07-10,4520.0,4585.0,4463.0,4581.0,445109099,99023,28,4585.0,4500.0,48.37702682187168,-5.43569738005408,1.7690776202565093,4632.734452153121,4433.365547846879,4533.05,4526.22,-0.037111111111111095,0
2017-07-11,4481.0,4488.0,4422.0,4575.0,474196468,106296,46,4581.0,4422.0,43.16652734410688,-12.534803300951353,-1.0916985639850632,4631.759803477874,4417.540196522125,4524.65,4525.52,-0.014020805065581232,0
2017-07-12,4430.0,4480.0,4395.0,4514.0,4677471473,1051267,91,4575.0,4480.0,47.67918853633306,-13.327153486258794,-3.5387895484398095,4631.427582229851,4418.672417770149,4525.05,4523.18,0.013169642857142838,0
2017-07-15,4488.0,4488.0,4400.0,4512.0,236944182,53567,23,4514.0,4400.0,42.64900205934099,-20.17783065724052,-6.866597770199952,4637.396425527433,4398.903574472566,4518.15,4522.18,0.03590909090909089,0
2017-07-16,4450.0,4450.0,4333.0,4512.0,35058980,7972,9,4512.0,4360.0,40.35643168193518,-28.506106723881203,-11.194499560936203,4635.896927771246,4375.503072228754,4505.7,4519.42,0.04357798165137616,0
2017-07-17,4343.0,4370.0,4320.0,4509.0,145493476,33553,24,4512.0,4333.0,38.83879435695596,-36.86009957695933,-16.32761956414083,4630.919731679447,4351.780268320554,4491.35,4516.28,0.05123471036233562,1
2017-07-18,4447.0,4447.0,4284.0,4476.0,1656489911,383730,91,4509.0,4360.0,41.21932877322255,-40.83134640399203,-21.22836493211107,4634.629513882446,4333.470486117554,4484.05,4512.88,0.04357798165137616,0
2017-07-19,4300.0,4546.0,4300.0,4503.0,24387708880,5415769,269,4476.0,4539.0,54.00176292591221,-29.198205355041864,-22.82233301669723,4636.710250151641,4333.289749848359,4485.0,4515.24,-0.012557832121612655,0
2017-07-22,4350.0,4560.0,4350.0,4520.0,6137842673,1354654,71,4503.0,4558.0,55.11744849176218,-18.235508460792516,-21.90496810551629,4633.137930838891,4334.662069161108,4483.9,4517.6,-0.017332163229486608,0
2017-07-23,4555.0,4559.0,4501.0,4530.0,2773792630,608823,46,4520.0,4550.0,54.51785015671273,-10.076865498508596,-19.53934758411475,4635.5102469169415,4334.189753083059,4484.85,4519.46,0.0,0
2017-07-24,4558.0,4559.0,4495.0,4537.0,3376110236,741957,56,4530.0,4555.0,54.84845456023215,-3.1710698386168588,-16.265692035015174,4634.776429578925,4334.423570421076,4484.6,4521.46,-0.001097694840834218,0
2017-07-25,4540.0,4570.0,4500.0,4549.0,7854959317,1725470,70,4537.0,4550.0,54.42243425811428,1.8767309756995019,-12.63720743287224,4626.044294784733,4338.1557052152675,4482.1,4523.38,-0.01098901098901095,0
2017-07-26,4420.0,4595.0,4420.0,4570.0,8103779802,1771239,93,4549.0,4482.0,48.86370081539799,0.38567200143734226,-10.032631546010323,4623.795907449652,4337.304092550348,4480.55,4522.3,0.015171798304328465,0
2017-07-29,4592.0,4592.0,4430.0,4572.0,2579119161,563406,36,4570.0,4479.0,48.62771885321865,-1.0262479584707762,-8.231354828502415,4621.320031940315,4336.379968059686,4478.85,4522.56,0.0013395847287340779,0
2017-07-30,4550.0,4550.0,4475.0,4561.0,2057308775,455285,64,4572.0,4550.0,54.25799188294521,3.5430597419817786,-5.876471914405577,4628.789655993386,4337.810344006614,4483.3,4524.22,-0.011648351648351651,0
2017-07-31,4412.0,4550.0,4412.0,4558.0,1235289984,272059,28,4561.0,4550.0,54.25799188294521,7.082624923339608,-3.2846525468565395,4635.698376178742,4340.101623821257,4487.9,4524.5,-0.01098901098901095,0
2017-08-01,4500.0,4500.0,4454.0,4549.0,1526599022,339455,38,4558.0,4500.0,49.800266652235415,5.786470864024523,-1.470427864680327,4621.899595181396,4344.000404818604,4482.95,4524.06,-0.0024444444444444713,0
2017-08-02,4410.0,4550.0,4400.0,4542.0,1452386617,322413,48,4549.0,4550.0,53.88079220077083,8.693626847591986,0.5623830777741357,4627.936583877046,4343.963416122953,4485.95,4523.06,-0.012087912087912045,0
2017-08-06,4500.0,4547.0,4485.0,4536.0,1176756732,261788,44,4542.0,4485.0,48.37563863343725,5.687055303690613,1.5873175229574312,4627.040191769024,4343.359808230975,4485.2,4521.32,0.0020066889632106566,0
2017-08-07,4451.0,4589.0,4400.0,4542.0,3074371685,674741,55,4536.0,4497.0,49.403439625200136,4.22393451797052,2.1146409219600493,4626.761772001741,4343.238227998259,4485.0,4519.06,-0.006004002668445585,0
2017-08-08,4450.0,4500.0,4400.0,4527.0,2741769704,610754,37,4542.0,4500.0,49.673200119175334,3.2687950474728495,2.3454717470626094,4626.761772001741,4343.238227998259,4485.0,4517.22,0.004222222222222127,0
2017-08-09,4500.0,4559.0,4489.0,4533.0,5497321286,1211467,93,4527.0,4489.0,48.64899407867837,1.6057222993913456,2.197521857528357,4627.133680600687,4349.566319399314,4488.35,4515.7,0.006683002895967904,0
2017-08-12,4490.0,4496.0,4413.0,4532.0,103620165,23396,19,4533.0,4495.0,49.26350401841353,0.7630787241205326,1.9106332308467922,4627.857198015357,4350.342801984643,4489.1,4514.6,0.005561735261401468,0
2017-08-13,4493.0,4494.0,4411.0,4527.0,900830043,201040,29,4532.0,4494.0,49.1579178890976,0.01441975518628169,1.53139053571469,4626.3980392052335,4361.201960794767,4493.8,4513.7,0.0033377837116155273,0
2017-08-14,4430.0,4470.0,4430.0,4526.0,114926340,25894,15,4527.0,4470.0,46.577704769764885,-2.486830659280713,0.7277462967156094,4617.5964073886935,4381.003592611307,4499.3,4513.12,-0.008724832214765055,0
2017-08-15,4421.0,4519.0,4421.0,4522.0,1537518273,341735,18,4526.0,4519.0,52.105104248994785,-0.509327928059065,0.4803314517606745,4599.123809028734,4418.076190971266,4508.6,4510.2,-0.019030759017481746,0
2017-08-16,4520.0,4522.0,4420.0,4522.0,33894628031,7495870,396,4522.0,4519.0,52.10510424899479,1.0458018804820313,0.5934255375049459,4576.106611732616,4456.993388267384,4516.55,4509.18,-0.014383713210887383,0
2017-08-19,4499.0,4520.0,4420.0,4516.0,2287343461,508739,37,4522.0,4520.0,52.222107676524864,2.3320625352598654,0.9411529370559298,4574.293781621819,4456.906218378182,4515.6,4507.58,-0.004424778761061954,0
2017-08-20,4508.0,4509.0,4441.0,4515.0,608072275,135128,21,4516.0,4509.0,50.75334577848751,2.435747520795303,1.2400718538038045,4568.558573353498,4457.741426646501,4513.15,4507.76,0.019516522510534484,0
2017-08-21,4500.0,4500.0,4431.0,4514.0,227603150,50970,22,4515.0,4431.0,41.780040222011834,-3.732997832655201,0.24545791651200344,4570.498025254116,4443.901974745883,4507.2,4508.14,0.015572105619499066,0
2017-08-22,4450.0,4511.0,4420.0,4514.0,506517051,112369,17,4514.0,4433.0,42.062895730404406,-8.363974986125868,-1.4764286640155708,4568.196646720024,4434.003353279977,4501.1,4504.8,0.02413715316941123,0
2017-08-23,4510.0,4510.0,4450.0,4514.0,228531610,50820,20,4514.0,4454.0,45.080045644915096,-10.221703810228064,-3.2254836932580693,4562.445596989311,4430.15440301069,4496.3,4502.08,0.022676246070947537,0
2017-08-26,4450.0,4502.0,4450.0,4513.0,532635464,118605,28,4514.0,4500.0,51.08864219548252,-7.891187033552342,-4.1586243613169245,4563.03190716569,4431.368092834309,4497.2,4502.64,0.04888888888888898,0
2017-08-27,4500.0,4597.0,4500.0,4558.0,12711627555,2789042,141,4513.0,4597.0,60.82237763772254,1.7625362192111425,-2.9743922452113116,4581.33272973041,4424.86727026959,4503.1,4503.82,0.0659125516641288,1
2017-08-28,4594.0,4594.0,4452.0,4555.0,449219242,99829,16,4558.0,4500.0,50.08776951661923,1.5680169873967316,-2.065910398689703,4575.81542395727,4425.384576042731,4500.6,4501.64,0.07800000000000007,1
2017-08-29,4500.0,4540.0,4445.0,4552.0,646182469,143452,29,4555.0,4540.0,53.715471369929205,4.588629931274227,-0.7350023326969172,4574.11864630667,4426.081353693331,4500.1,4500.04,0.06519823788546253,1
2017-08-30,4560.0,4560.0,4503.0,4551.0,515505737,113534,23,4552.0,4555.0,55.03528439720482,8.09949614164816,1.0318973621720984,4580.640166480549,4425.059833519452,4502.85,4501.02,0.050933040614709046,1
2017-09-02,4589.0,4778.0,4513.0,4685.0,12653403762,2700595,405,4551.0,4720.0,66.38894834241734,23.920266008560247,5.6095710914497285,4632.793443631472,4389.906556368529,4511.35,4505.02,-0.0031779661016949623,0
2017-09-03,4919.0,4919.0,4800.0,4899.0,10759160550,2195913,375,4685.0,4900.0,74.07845274372079,50.40183481017539,14.568023835194861,4739.698554910838,4324.501445089163,4532.1,4511.42,0.030408163265306154,0
2017-09-04,4922.0,4923.0,4840.0,4893.0,1512989238,311665,98,4899.0,4851.0,69.4223373153359,66.66629088197988,24.987677244551865,4798.671533127165,4300.928466872835,4549.8,4517.82,0.030303030303030276,0
2017-09-05,4851.0,4899.0,4836.0,4886.0,1586553735,327404,82,4893.0,4836.0,68.01303599323373,77.45278733844225,35.48069926332994,4843.537104774827,4289.662895225174,4566.6,4523.34,0.02171215880893307,0
2017-09-06,4899.0,4899.0,4784.0,4878.0,963299552,200866,60,4886.0,4787.0,63.47959195847902,81.11226134463413,44.607011679590784,4871.8738969002925,4291.1261030997075,4581.5,4527.08,0.034259452684353375,0
2017-09-10,4715.0,4815.0,4705.0,4872.0,381351628,80835,39,4878.0,4705.0,56.67181001586309,76.51370381279503,50.988350106231636,4884.284108362155,4299.715891637845,4592.0,4530.92,0.05185972369819347,1
2017-09-11,4666.0,5094.0,4656.0,4942.0,10442160426,2112750,242,4872.0,5049.0,70.81309398356748,99.48048974867197,60.68677803471971,4969.319377951011,4270.180622048989,4619.75,4541.64,-0.029510794216676572,0
2017-09-12,5050.0,5090.0,4891.0,4984.0,4101135784,812371,110,4942.0,4998.0,67.30583812050364,112.27235349047078,71.00389312586992,5025.017404247255,4267.282595752744,4646.15,4552.38,-0.019807923169267716,0
2017-09-13,4900.0,5135.0,4848.0,5002.0,6508140425,1298538,133,4984.0,4941.0,63.51924558777536,116.46800339084893,80.09671517886574,5062.1088988500205,4272.3911011499795,4667.25,4562.04,-0.006678809957498477,0
2017-09-16,4950.0,5100.0,4949.0,5007.0,2570251163,512024,89,5002.0,4951.0,63.90293302566153,119.22564358754698,87.92250086060199,5095.979598532272,4281.720401467729,4688.85,4569.08,-0.010300949303171048,0
2017-09-17,5000.0,5000.0,4903.0,4999.0,1012733474,205635,61,5007.0,4949.0,63.75849998984387,119.8679469486342,94.31159007820843,5124.724468390858,4295.875531609142,4710.3,4578.26,-0.00990099009900991,0
2017-09-18,4950.0,4985.0,4900.0,4994.0,688587417,139853,85,4999.0,4900.0,60.17028400237515,115.0963276794173,98.46853759845021,5141.325041771726,4318.374958228274,4729.85,4586.26,0.0077551020408164195,0
2017-09-19,4930.0,4950.0,4899.0,4983.0,1229632448,250619,97,4994.0,4899.0,60.09595226045184,109.96646839237292,100.76812375723476,5146.926961481162,4359.573038518838,4753.25,4594.22,0.0002041232904674839,0
2017-09-20,4940.0,4949.0,4895.0,4980.0,455870959,92711,54,4983.0,4908.0,60.568088430816395,105.41211745930468,101.69692249764876,5147.138892851099,4406.861107148901,4777.0,4602.38,-0.012428687856560705,0
2017-09-23,4899.0,4900.0,4825.0,4974.0,445521455,91946,46,4980.0,4900.0,59.88976766763214,100.00443946377527,101.35842589087407,5141.60635401791,4456.99364598209,4799.3,4611.94,0.014081632653061282,0
2017-09-24,4837.0,4912.0,4830.0,4959.0,1249360693,257182,37,4974.0,4900.0,59.88976766763214,94.62800297766262,100.0123413082318,5135.030327971565,4503.569672028435,4819.3,4620.34,-0.010204081632653073,0
2017-09-25,4853.0,4938.0,4820.0,4941.0,2359062853,483078,72,4959.0,4938.0,62.220591115725576,92.36865242042131,98.48360353066971,5138.7690966209475,4533.930903379053,4836.35,4631.1,-0.017820980153908428,0
2017-09-26,4813.0,4933.0,4813.0,4937.0,387333063,80091,55,4941.0,4900.0,58.556121004207604,86.51453272548406,96.0897893696326,5117.19729249319,4595.502707506811,4856.35,4641.9,0.0038775510204080987,0
2017-09-27,4937.0,4937.0,4801.0,4928.0,1259199710,258627,61,4937.0,4847.0,53.79714781054229,76.71413088215013,92.21465767213611,5088.727279393687,4654.672720606312,4871.7,4652.18,0.027439653393851904,0
2017-10-02,4930.0,4999.0,4770.0,4936.0,9923807842,2010458,98,4928.0,4969.0,61.54471925343069,77.89371199199286,89.35046853610747,5057.386544909041,4727.413455090958,4892.4,4664.36,0.018313543972630297,0
2017-10-03,4840.0,4860.0,4839.0,4934.0,190482322,39298,24,4936.0,4850.0,52.32752371784535,68.437330103784,85.16784084964279,5045.41539168641,4752.3846083135895,4898.9,4670.58,0.0509278350515463,1
2017-10-04,4827.0,4900.0,4827.0,4934.0,36864985,7603,10,4934.0,4850.0,52.32752371784535,60.24857130129749,80.18398693997372,5044.453233672968,4748.346766327031,4896.4,4676.42,0.030927835051546282,0
2017-10-07,4990.0,5055.0,4780.0,4979.0,11777598354,2365615,152,4934.0,4919.0,56.68940327464701,58.650557181956174,75.87730098837022,5046.6449522490375,4752.955047750963,4899.8,4683.8,0.03679609676763573,0
2017-10-08,5180.0,5180.0,4934.0,5115.0,22953139479,4487072,232,4979.0,4980.0,60.15990122435018,61.59626626586942,73.02109404387006,5054.7443738388065,4759.2556261611935,4907.0,4692.3,0.02148594377510049,0
2017-10-09,5090.0,5111.0,5047.0,5092.0,7261907467,1428866,215,5115.0,5060.0,64.21032291476743,69.58397262772905,72.33366976064187,5071.92759252784,4769.3724074721595,4920.65,4702.5,0.0019762845849802257,0
2017-10-10,5100.0,5100.0,5055.0,5092.0,2632713186,517122,105,5092.0,5097.0,65.93529051991328,78.00073433428224,73.46708267536994,5075.4060209573245,4805.0939790426755,4940.25,4714.8,0.0001961938395134144,0
2017-10-11,5098.0,5098.0,5000.0,5083.0,2136113892,423049,109,5092.0,5000.0,58.037805036091264,75.96827431139081,73.96732100257411,5066.609316437194,4808.990683562806,4937.8,4725.22,0.0,0
2017-10-14,5083.0,5110.0,5050.0,5087.0,6650935367,1306970,118,5083.0,5100.0,62.962962325463124,81.48736375999306,75.4713295540579,5087.899172414936,4797.900827585063,4942.9,4736.22,-0.08254901960784311,0
2017-10-15,5107.0,5107.0,5050.0,5087.0,368370453,72409,35,5087.0,5087.0,61.94508187258626,83.84576872673279,77.14621738859287,5108.199493673289,4792.200506326711,4950.2,4746.96,-0.08590524867308824,0
2017-10-16,5099.0,5099.0,5006.0,5083.0,1375164551,271754,66,5087.0,5070.0,60.56618404956739,83.38188921375968,78.39335175362623,5122.560666728473,4789.739333271526,4956.15,4758.36,-0.07297830374753456,0
2017-10-17,5050.0,5140.0,5021.0,5091.0,10374543026,2038002,284,5083.0,5098.0,62.064040257636556,84.30184812281186,79.57505102746336,5141.038890892088,4786.161109107913,4963.6,4769.32,-0.08473911337779516,0
2017-10-18,5059.0,5118.0,4958.0,5041.0,19489100503,3865920,463,5091.0,5000.0,54.29114136949909,76.2442450102717,78.90888982402502,5144.214805756843,4792.985194243158,4968.6,4779.62,-0.06799999999999995,0
2017-10-25,4641.0,4688.0,4620.0,4651.0,2607489358,560651,125,4641.0,4679.0,37.65561998452834,43.455590206882334,71.81822990059649,5172.451949027732,4742.748050972269,4957.6,4783.26,-0.0019234879247702619,0
2017-10-28,4689.0,4700.0,4650.0,4658.0,2635146696,563138,179,4651.0,4650.0,36.56554312014303,14.95786248107106,60.44615641669141,5197.538367343677,4691.861632656322,4944.7,4786.26,0.010752688172043001,0
2017-10-29,4698.0,4700.0,4650.0,4666.0,3823225025,817070,195,4658.0,4700.0,39.80126633822782,-3.551273058877996,47.64667052157753,5208.749703522951,4660.650296477049,4934.7,4790.48,-0.0014893617021276562,0
2017-10-30,4697.0,4700.0,4646.0,4672.0,4863608918,1039739,192,4666.0,4666.0,38.36805727710796,-20.724512891501035,33.97243383896183,5220.917438229149,4625.082561770851,4923.0,4793.9,0.005143591941705994,0
2017-10-31,4685.0,4697.0,4650.0,4672.0,1500226313,321166,138,4672.0,4660.0,38.10727530250606,-34.4217861177267,20.293589847624123,5228.115297440453,4590.084702559548,4909.1,4797.22,0.023605150214592197,0
2017-11-01,4660.0,4700.0,4660.0,4673.0,1402786087,299770,123,4672.0,4670.0,38.85323383574614,-43.96327612553705,7.442216652991888,5233.247076556644,4561.952923443357,4897.6,4801.22,0.02719486081370448,0
2017-11-04,4699.0,4722.0,4660.0,4679.0,3290814930,701259,150,4673.0,4700.0,41.144969947836096,-48.544634096036134,-3.7551534968137172,5236.284608097258,4544.215391902742,4890.25,4804.84,0.014893617021276562,0
2017-11-05,4699.0,4850.0,4683.0,4710.0,3802481428,798498,135,4679.0,4693.0,40.76108742104617,-52.13920647638861,-13.431964092728697,5230.737157544588,4522.162842455412,4876.45,4808.32,0.016620498614958512,0
2017-11-06,4710.0,4850.0,4688.0,4725.0,3894991130,820333,126,4710.0,4690.0,40.586316517569095,-54.60060413647807,-21.66569210147857,5231.872880403841,4505.027119596159,4868.45,4811.72,0.021321961620469176,0
2017-11-07,4750.0,4840.0,4699.0,4731.0,1695498959,355980,61,4725.0,4770.0,47.10007753705161,-49.525054107925826,-27.23756450276802,5230.34969937269,4498.550300627309,4864.45,4816.94,0.004192872117400492,0
2017-11-08,4731.0,4860.0,4728.0,4757.0,2900986825,601499,103,4731.0,4797.0,49.127242457416045,-42.830249337888745,-30.35610146979217,5224.476357970887,4492.223642029114,4858.35,4824.26,-0.00416927246195542,0
2017-11-11,4750.0,4850.0,4745.0,4779.0,3768592079,782605,89,4757.0,4770.0,47.180186713931015,-39.25078406976354,-32.13503798978644,5211.45543175402,4484.244568245981,4847.85,4831.0,-0.00020964360587005793,0
2017-11-12,4779.0,4869.0,4771.0,4791.0,2767605854,573745,71,4779.0,4771.0,47.263552488191415,-35.919285252061854,-32.891887442241526,5184.901578945285,4481.898421054714,4833.4,4837.34,-0.0020959966464053625,0
2017-11-13,4800.0,4870.0,4788.0,4802.0,3639614435,754677,90,4791.0,4790.0,48.91337204761589,-31.384130505975918,-32.590336054988406,5148.338646491263,4487.761353508738,4818.05,4843.14,-0.002296450939457184,0
2017-11-14,4800.0,4870.0,4770.0,4814.0,3690533843,763267,66,4802.0,4790.0,48.91337204761589,-27.47329267920213,-31.566927379831153,5127.215121652382,4487.884878347619,4807.55,4847.0,-0.004592901878914368,0
2017-11-15,4781.0,4810.0,4773.0,4812.0,535842550,112046,50,4814.0,4777.0,47.72852388836405,-25.133197029402254,-30.280181309745377,5081.613300868574,4501.1866991314255,4791.4,4852.54,0.0008373456144024072,0
2017-11-18,4780.0,4780.0,4769.0,4810.0,440505286,92245,51,4812.0,4769.0,46.974425709854195,-23.651547195177955,-28.954454486831892,5032.087217142701,4518.912782857299,4775.5,4857.12,0.0002096875655273056,0
2017-11-20,4770.0,4799.0,4761.0,4808.0,538990741,113048,52,4810.0,4761.0,46.1885232480438,-22.85935376728048,-27.73543434292161,4978.174253582763,4541.925746417237,4760.05,4861.24,0.006931316950220534,0
2017-11-21,4770.0,4790.0,4767.0,4807.0,407507732,85353,50,4808.0,4779.0,48.285003941325805,-20.54228650875848,-26.296804776088987,4898.341239624944,4589.858760375057,4744.1,4862.42,-0.01653065494873407,0
2017-11-22,4799.0,4799.0,4768.0,4803.0,1431341794,299291,70,4807.0,4768.0,47.077918334850146,-19.370313169360998,-24.91150645474339,4833.838048141065,4631.161951858935,4732.5,4859.78,0.00251677852348986,0
2017-11-25,4779.0,4800.0,4766.0,4796.0,2559643565,535915,77,4803.0,4781.0,48.7098250558371,-17.19431909240393,-23.3680689822755,4837.916299777455,4637.283700222546,4737.6,4858.38,-0.01589625601338629,0
2017-11-26,4780.0,4867.0,4760.0,4825.0,8523909605,1764760,140,4796.0,4770.0,47.37853092012508,-16.17102664929098,-21.928660515678594,4836.30684980647,4650.89315019353,4743.6,4857.06,-0.018867924528301883,0
2017-11-28,4780.0,4797.0,4750.0,4813.0,2858106363,597699,120,4825.0,4794.0,50.553889834794404,-13.270486682188675,-20.19702574898061,4841.21953508837,4655.38046491163,4748.3,4857.2,-0.01126408010012514,0
2017-11-29,4780.0,4780.0,4700.0,4790.0,3198477342,674695,184,4813.0,4700.0,40.29722266093989,-18.345328740074365,-19.826686347199363,4837.94543763629,4662.05456236371,4750.0,4857.1,-0.0021276595744680327,0
2017-12-02,4788.0,4800.0,4740.0,4788.0,1190454853,249515,42,4790.0,4780.0,49.65830992370642,-15.730514640240472,-19.007452005807586,4834.424485978793,4677.575514021207,4756.0,4851.72,-0.03242677824267781,0
2017-12-03,4738.0,4788.0,4700.0,4785.0,836271008,176163,32,4788.0,4705.0,42.87162531378648,-19.485511973529356,-19.103063999351942,4829.716311570329,4685.783688429671,4757.75,4845.86,-0.0012752391073326264,0
2017-12-04,4707.0,4816.0,4680.0,4763.0,3559772729,753331,88,4785.0,4680.0,40.866697660248064,-24.199706328972752,-20.122392465276107,4832.361837704409,4681.138162295591,4756.75,4840.64,0.008547008547008517,0
2017-12-05,4681.0,4790.0,4681.0,4762.0,136464342,29090,13,4763.0,4740.0,47.243469907639955,-22.831058529630354,-20.66412567814696,4829.373465839089,4688.826534160912,4759.1,4836.42,-0.00421940928270037,0
2017-12-09,4700.0,4702.0,4688.0,4757.0,776720881,165411,54,4762.0,4690.0,43.074817743458524,-25.487177108155265,-21.62873596414862,4829.373465839089,4688.826534160912,4759.1,4831.24,0.05415778251599157,1
2017-12-10,4688.0,4702.0,4625.0,4720.0,3423336166,735816,162,4757.0,4625.0,38.33873107549773,-32.462914716878004,-23.7955717146945,4842.959329934088,4660.740670065913,4751.85,4825.74,0.11351351351351346,1
2017-12-11,4670.0,4700.0,4622.0,4701.0,2592611848,557640,117,4720.0,4699.0,45.66345498421604,-31.655154555998706,-25.367488282955343,4838.360010398419,4655.539989601581,4746.95,4821.74,0.11938710363907212,1
2017-12-12,4670.0,4720.0,4640.0,4675.0,9733980261,2082362,160,4701.0,4720.0,47.566968766626054,-28.98633785381662,-26.0912581971276,4835.9365563951305,4652.963443604869,4744.45,4817.98,0.0847457627118644,1
2017-12-13,4703.0,4739.0,4680.0,4709.0,9105711824,1932663,183,4675.0,4720.0,47.566968766626054,-26.565055960611062,-26.186017749824295,4833.126969702164,4650.673030297835,4741.9,4814.38,0.08559322033898309,1
2017-12-16,4750.0,4944.0,4750.0,4928.0,10437321987,2117657,139,4709.0,4944.0,63.41983399831177,-6.496358682908067,-22.24808593644105,4875.263678129517,4623.936321870484,4749.6,4815.26,0.047734627831715226,0
2017-12-17,5174.0,5174.0,5021.0,5168.0,40477911339,7832125,418,4928.0,5150.0,71.84923760214825,25.73406065071049,-12.651656619010744,4982.618510833455,4552.581489166546,4767.6,4819.5,0.03106796116504862,0
2017-12-18,5270.0,5270.0,5115.0,5204.0,11768243502,2261574,242,5168.0,5260.0,75.14311900237773,59.46747681635861,1.7721700680631276,5095.6808309484795,4487.8191690515205,4791.75,4826.7,0.03593155893536126,0
2017-12-19,5298.0,5298.0,5050.0,5192.0,1450363542,283796,56,5204.0,5120.0,64.75759235979895,74.05100826447142,16.227937707344786,5144.8414132428825,4473.758586757118,4809.3,4832.16,0.10000000000000009,1
2017-12-20,5120.0,5150.0,5120.0,5183.0,1461500047,285118,53,5192.0,5124.0,64.90683005908028,84.95205417664602,29.972761001205033,5188.851425012448,4466.048574987552,4827.45,4835.26,0.10772833723653386,1
2017-12-23,5101.0,5300.0,5101.0,5240.0,10348754997,1973161,203,5183.0,5180.0,67.01288651309298,96.99188155311731,43.37658511158749,5239.1526522328495,4455.8473477671505,4847.5,4841.86,0.08223938223938232,1
2017-12-24,5199.0,5400.0,5199.0,5303.0,13794755272,2601286,220,5240.0,5310.0,71.31638196460034,115.6898445226816,57.83923699380632,5312.7453640072235,4436.454635992777,4874.6,4851.06,0.06779661016949157,1
2017-12-25,5300.0,5449.0,5300.0,5364.0,21071449542,3928230,219,5303.0,5449.0,75.06253465196423,140.10916201139753,74.29322199732457,5409.740969027861,4406.259030972139,4908.0,4861.66,0.054321893925490805,1
2017-12-26,5451.0,5632.0,5445.0,5626.0,297228812684,52829329,1769,5364.0,5632.0,78.95875833009724,172.2427109041364,93.88311977868693,5538.756328138319,4363.443671861682,4951.1,4874.7,0.011896306818181879,0
2017-12-27,5907.0,5907.0,5673.0,5765.0,40415230251,7010413,509,5626.0,5676.0,79.77689467396323,198.96565991236093,114.89962780542174,5656.804594906205,4333.595405093794,4995.2,4887.02,0.005813953488372103,0
2017-12-30,5700.0,5871.0,5598.0,5737.0,36935832808,6438053,398,5765.0,5606.0,74.79432892826772,212.05098281154096,134.3298988066456,5738.138158360764,4342.861841639236,5040.5,4897.2,0.0024973242953978403,0
2017-12-31,5747.0,5747.0,5501.0,5677.0,47744738454,8409561,546,5737.0,5670.0,76.2545636870385,224.99189411076713,152.46229786746989,5822.875328223537,4347.124671776463,5085.0,4910.6,0.0,0
2018-01-01,5720.0,5750.0,5680.0,5707.0,17137536316,3003012,178,5677.0,5745.0,77.87236571421468,238.54968052342883,169.67977439866166,5906.339976863926,4367.660023136074,5137.0,4923.5,-0.011314186248912117,0
2018-01-02,5739.0,5739.0,5660.0,5709.0,14488516297,2537704,188,5707.0,5699.0,74.51890710855334,242.78384730801008,184.30058898053136,5964.415961907525,4411.484038092474,5187.95,4935.74,-0.010352693454992123,0
2018-01-03,5715.0,5715.0,5620.0,5666.0,29621805212,5227789,173,5709.0,5709.0,74.77323732136101,244.13216775395904,196.2669047352169,6015.936118471089,4456.8638815289105,5236.4,4948.52,-0.019092660711157783,0
2018-01-06,5723.0,5750.0,5620.0,5683.0,32033318732,5636602,352,5666.0,5620.0,68.24459529639705,235.30669610615314,204.07486300940417,6037.0530083484155,4528.746991651584,5282.9,4958.96,-0.000355871886120962,0
2018-01-07,5622.0,5719.0,5610.0,5666.0,17442654337,3078605,190,5683.0,5670.0,69.83791425455141,229.69919899056458,209.19973020563629,6043.125500989235,4627.1744990107645,5335.15,4972.36,-0.015873015873015928,0
2018-01-08,5699.0,5714.0,5662.0,5682.0,6083249347,1068527,75,5666.0,5680.0,70.1603869426825,223.48592690296118,212.05696954510128,6043.330214753467,4725.069785246533,5384.2,4992.38,-0.02411971830985915,0
2018-01-09,5660.0,5688.0,5502.0,5633.0,26713221752,4741927,262,5682.0,5640.0,67.07141671702615,212.8802473254609,212.22162510117323,6022.520048623162,4837.879951376837,5430.2,5012.18,-0.007092198581560294,0
2018-01-10,5680.0,5680.0,5590.0,5626.0,13688760422,2433257,120,5633.0,5600.0,64.03525050554558,198.9540852937953,209.56811713969768,5972.184578075405,4976.215421924595,5474.2,5030.18,-0.0017857142857142794,0
2018-01-13,5640.0,5650.0,5551.0,5608.0,10060474147,1793915,163,5626.0,5618.0,64.80728730942144,187.21188899783192,205.09687151132454,5945.346179547763,5070.453820452236,5507.9,5049.22,-0.003203987184051238,0
2018-01-14,5600.0,5687.0,5560.0,5593.0,13207062508,2361233,143,5608.0,5580.0,61.7916008492638,172.84735470329815,198.64696814971927,5935.517421444749,5123.28257855525,5529.4,5067.62,0.0035842293906809264,0
2018-01-15,5560.0,5599.0,5540.0,5568.0,16574318234,2976806,200,5593.0,5543.0,58.91682183891665,156.67175256708742,190.25192503319292,5930.399053250658,5156.700946749343,5543.55,5085.08,0.021107703409706025,0
2018-01-16,5569.0,5650.0,5559.0,5601.0,31424096682,5610267,310,5568.0,5600.0,61.860610137316606,146.7601354795488,181.5535671224641,5902.373222015628,5232.726777984372,5567.55,5103.08,0.01678571428571418,0
2018-01-17,5530.0,5660.0,5530.0,5597.0,7445634898,1330677,85,5601.0,5590.0,61.03433143053333,136.52442254225116,172.54773820642154,5856.72310883375,5324.97689116625,5590.85,5121.02,0.03220035778175312,0
2018-01-20,5571.0,5630.0,5540.0,5599.0,12980955533,2318347,208,5597.0,5600.0,61.58688773803762,127.7468762518638,163.58756581551,5799.4178810482235,5424.282118951777,5611.85,5139.22,0.035357142857142865,0
2018-01-21,5766.0,5766.0,5565.0,5634.0,20558753691,3649187,230,5599.0,5600.0,61.58688773803761,119.41407643743605,154.75286793989522,5753.417344352978,5499.282655647023,5626.35,5155.82,0.03499999999999992,0
2018-01-22,5700.0,5735.0,5600.0,5694.0,58569456992,10286998,397,5634.0,5660.0,65.03693123157387,116.31101018468053,147.0644963888523,5735.067000570032,5538.732999429967,5636.9,5173.08,0.016077738515900997,0
2018-01-23,5798.0,5798.0,5692.0,5707.0,30500369414,5344500,368,5694.0,5694.0,66.85367154875036,115.26660203583015,140.70491751824787,5741.220551277477,5538.779448722523,5640.0,5191.56,-0.006146821215314402,0
2018-01-24,5750.0,5850.0,5700.0,5799.0,820667600549,141525416,5008,5707.0,5770.0,70.5388035463729,119.19743209543867,136.40342043368605,5759.930377943126,5529.469622056874,5644.7,5211.54,-0.02357019064124788,0
2018-01-27,5803.0,5803.0,5750.0,5793.0,75606416559,13051403,745,5799.0,5798.0,71.78346275639197,123.15238519518425,133.7532133859857,5785.867625200557,5522.732374799443,5654.3,5231.7,-0.0415660572611245,0
2018-01-28,5777.0,5849.0,5777.0,5813.0,94036153693,16176392,993,5793.0,5796.0,71.55093647465715,124.68800502894283,131.94017171457713,5805.919510049111,5515.28048995089,5660.6,5251.82,-0.03795721187025536,0
2018-01-29,5800.0,5848.0,5751.0,5781.0,46151380754,7983592,427,5813.0,5751.0,66.34361959767841,120.88043646531878,129.72822466472547,5806.938214180102,5514.861785819898,5660.9,5271.3,-0.026951834463571522,0
2018-01-30,5760.0,5777.0,5653.0,5703.0,17537231750,3075228,265,5781.0,5659.0,57.18116782411118,109.18071253125072,125.61872223803053,5803.888137448943,5513.911862551056,5658.9,5289.1,-0.010602579961123904,0
2018-01-31,5650.0,5680.0,5600.0,5656.0,46196176973,8168350,380,5703.0,5634.0,54.95992746857699,96.77573551702335,119.8501248938291,5798.6327864272025,5511.667213572797,5655.15,5306.56,-0.006034788782392608,0
2018-02-03,5623.0,5623.0,5557.0,5592.0,28615792185,5117549,390,5656.0,5557.0,48.686735346074876,79.81142890454339,111.84238569597196,5801.087893542415,5502.912106457585,5652.0,5322.12,0.007737988123087902,0
2018-02-04,5600.0,5610.0,5510.0,5588.0,59157550445,10586267,486,5592.0,5576.0,50.19731204008444,67.1264430525489,102.89919716728735,5799.711416898195,5494.888583101805,5647.3,5338.28,0.004124820659971329,0
2018-02-05,5580.0,5643.0,5580.0,5606.0,33114767164,5907460,338,5588.0,5596.0,51.805625009934396,58.01853170921913,93.92306407567372,5796.303002584532,5489.896997415469,5643.1,5354.58,-0.0017869907076483171,0
2018-02-06,5659.0,5659.0,5581.0,5600.0,37960964521,6778222,330,5606.0,5599.0,52.05573462738902,50.46084012445317,85.23061928542963,5795.4565736972245,5486.643426302776,5641.05,5371.16,0.0,0
2018-02-07,5600.0,5688.0,5590.0,5600.0,80039869714,14292817,632,5600.0,5600.0,52.14488554700003,44.044291559472185,76.99335374023815,5795.4565736972245,5486.643426302776,5641.05,5387.28,-0.008750000000000036,0
2018-02-10,5590.0,5600.0,5513.0,5595.0,69287228106,12383624,570,5600.0,5600.0,52.14488554700003,38.515151896773204,69.29771337154516,5795.291580502831,5485.008419497169,5640.15,5405.28,-0.03374999999999995,0
2018-02-12,5599.0,5600.0,5550.0,5585.0,17889857178,3203307,202,5595.0,5599.0,52.03267474226195,33.664513677885225,62.171073432813174,5794.984242211203,5487.215757788797,5641.1,5421.66,-0.01946776210037504,0
2018-02-13,5590.0,5618.0,5580.0,5599.0,45613949065,8146146,303,5585.0,5586.0,50.51094854145631,28.44347788043342,55.42555432233723,5792.730266259182,5493.769733740818,5643.25,5439.28,-0.020050125313283207,0
2018-02-14,5590.0,5650.0,5580.0,5597.0,17141559851,3062372,175,5599.0,5599.0,52.022026768956536,25.065817607438476,49.35360697935748,5792.738757520971,5493.661242479028,5643.2,5457.66,-0.021253795320593016,0
2018-02-17,5620.0,5648.0,5551.0,5596.0,10869737088,1942268,182,5597.0,5551.0,46.38976814674636,18.30479240657405,43.143844064800795,5794.484297730359,5488.015702269641,5641.25,5473.88,-0.005404431633939777,0
2018-02-18,5579.0,5600.0,5411.0,5551.0,8843064533,1594739,189,5596.0,5411.0,34.617452322217815,1.631000099268931,34.84127527169442,5814.519019264329,5449.080980735672,5631.8,5488.3,0.007207540195897311,0
2018-02-19,5550.0,5551.0,5484.0,5507.0,26503277778,4812846,308,5551.0,5490.0,43.35317807211678,-5.149104985932354,26.84319922016907,5818.873206861492,5433.726793138509,5626.3,5505.6,-0.007285974499089298,0
2018-02-21,5540.0,5587.0,5474.0,5514.0,19021479136,3449548,238,5507.0,5474.0,42.12556785283027,-11.678827146864023,19.13879394676245,5819.855613678597,5414.144386321403,5617.0,5521.1,-0.0009134088417975805,0
2018-02-24,5574.0,5574.0,5446.0,5507.0,10522616135,1910835,147,5514.0,5480.0,42.779908731358205,-16.182981806888165,12.074438796032329,5814.291442133858,5398.308557866142,5606.3,5536.3,-0.02718978102189784,0
2018-02-25,5499.0,5545.0,5460.0,5517.0,7440449459,1347836,88,5507.0,5521.0,47.17505799330979,-16.256801192298553,6.408190798366153,5790.664913055196,5397.035086944805,5593.85,5552.32,-0.012859989132403604,0
2018-02-26,5543.0,5548.0,5450.0,5517.0,5884794248,1066749,112,5517.0,5450.0,41.26411473843991,-21.793191865285735,0.7679142656357758,5759.010099695763,5393.889900304237,5576.45,5562.44,-0.00532110091743121,0
2018-02-27,5515.0,5520.0,5449.0,5492.0,7327229116,1336247,140,5517.0,5450.0,41.26411473843991,-25.882464422580597,-4.5621614720074986,5719.4263550899805,5398.873644910019,5559.15,5568.44,-0.016513761467889854,0
2018-02-28,5490.0,5490.0,5401.0,5472.0,6075914285,1112762,103,5492.0,5469.0,43.462703501339675,-27.275684068067676,-9.104865991219533,5683.460223614197,5406.639776385803,5545.05,5572.62,-0.01810202962150298,0
2018-03-03,5450.0,5499.0,5318.0,5427.0,13740451354,2531939,223,5472.0,5331.0,33.6194046226652,-39.064950923442666,-15.096882977664162,5685.647165582485,5371.652834417514,5528.65,5576.84,-0.0001875820671544126,0
2018-03-04,5469.0,5480.0,5341.0,5430.0,6467783793,1190708,104,5427.0,5450.0,45.15441888180108,-38.363493890776226,-19.750205160286576,5672.181758324639,5366.71824167536,5519.45,5583.36,-0.02752293577981646,0
2018-03-05,5429.0,5485.0,5356.0,5451.0,38984780539,7151479,188,5430.0,5421.0,43.18496730425598,-39.69011879235404,-23.73818788670007,5670.1254266574215,5355.174573342578,5512.65,5588.18,-0.01863124884707623,0
2018-03-06,5447.0,5490.0,5360.0,5424.0,19553969719,3605139,286,5451.0,5360.0,39.3018983843022,-45.1432850965266,-28.019207328665374,5669.747915415704,5333.952084584297,5501.85,5589.18,0.007276119402985115,0
2018-03-07,5435.0,5487.0,5314.0,5415.0,18460491178,3409340,188,5424.0,5370.0,40.25038770118802,-48.10353464997661,-32.03607279292763,5661.964672653598,5319.135327346402,5490.55,5587.6,0.005586592178770999,0
2018-03-10,5330.0,5450.0,5330.0,5404.0,12995992470,2405070,160,5415.0,5330.0,37.71187064630421,-53.065513249974174,-36.24196088433694,5654.476323112592,5299.723676887409,5477.1,5581.56,-0.0056285178236398226,0
2018-03-11,5321.0,5433.0,5290.0,5359.0,19926688116,3718449,210,5404.0,5300.0,35.88395452957829,-58.74153052062775,-40.7418748115951,5645.986813015356,5278.213186984644,5462.1,5574.04,0.018679245283018897,0
2018-03-12,5310.0,5390.0,5310.0,5356.0,10786812338,2013917,128,5359.0,5320.0,38.04012044127561,-60.923691852101,-44.778238219696284,5630.48848648132,5265.7115135186805,5448.1,5568.32,0.015037593984962516,0
2018-03-14,5448.0,5448.0,5349.0,5397.0,34170591030,6331746,339,5356.0,5399.0,45.79439887886587,-55.63708102231976,-46.95000678022098,5607.786652394784,5268.413347605217,5438.1,5562.9,-0.0053713650676051605,0
2018-03-17,5400.0,5430.0,5360.0,5410.0,15272003211,2822837,103,5397.0,5400.0,45.88671813414911,-50.78133657138278,-47.71627273845334,5584.886642609,5272.7133573910005,5428.8,5556.0,-0.003148148148148122,0
2018-03-18,5420.0,5424.0,5300.0,5388.0,31906749901,5922338,178,5410.0,5300.0,38.77486049137903,-54.37548167026125,-49.04811452481493,5558.740682933555,5268.959317066446,5413.85,5548.02,0.018867924528301883,0
2018-03-19,5400.0,5400.0,5330.0,5352.0,55510876669,10372351,513,5388.0,5399.0,47.457069327011055,-48.6743078113177,-48.97335318211548,5536.804011814854,5275.695988185146,5406.25,5541.82,-0.0016669753658085096,0
2018-03-25,5398.0,5410.0,5398.0,5364.0,2448002409,453287,34,5352.0,5400.0,47.53799658107469,-43.57311110916817,-47.893304767526026,5536.262015919459,5275.13798408054,5405.7,5537.42,0.002962962962963056,0
2018-03-26,5425.0,5430.0,5370.0,5379.0,4122798123,763487,61,5364.0,5370.0,45.28460318815786,-41.473049748688936,-46.60925376375861,5525.143373682925,5274.256626317075,5399.7,5531.42,0.005772811918063336,0
2018-03-27,5365.0,5410.0,5365.0,5390.0,6567191658,1217234,81,5379.0,5383.0,46.46876269004505,-38.31803814434079,-44.951010639875044,5516.000775756528,5274.299224243471,5395.15,5525.48,0.0068734906186140865,0
2018-03-28,5430.0,5430.0,5370.0,5386.0,11710435649,2174204,139,5390.0,5400.0,48.0520485366328,-34.05336480025744,-42.771481471951525,5505.630172960016,5276.669827039983,5391.15,5520.68,0.040740740740740744,0
2018-04-03,5430.0,5430.0,5365.0,5382.0,2232872355,415792,58,5386.0,5390.0,47.16828137091387,-31.121744775117804,-40.44153413258478,5482.386297613503,5286.813702386497,5384.6,5516.48,0.011131725417439675,0
2018-04-04,5420.0,5420.0,5352.0,5401.0,15194716039,2813439,139,5382.0,5416.0,49.75572315103993,-26.396153646873245,-37.63245803544247,5477.199310713052,5288.600689286947,5382.9,5512.44,0.015140324963072382,0
2018-04-07,5400.0,5409.0,5353.0,5401.0,2476877457,458742,42,5401.0,5401.0,48.28644613477883,-23.58953776409635,-34.82387398117325,5470.0791805215085,5290.820819478491,5380.45,5508.86,-0.01870024069616738,0
2018-04-08,5400.0,5450.0,5391.0,5413.0,12699585927,2346130,139,5401.0,5420.0,50.28889344808589,-19.60612602956553,-31.780324390851707,5460.182723251043,5295.817276748957,5378.0,5506.4,-0.022140221402214055,0
2018-04-09,5450.0,5683.0,5440.0,5560.0,32850186286,5908634,408,5413.0,5620.0,65.45327430793066,-0.30737180986761814,-25.48573387465489,5523.559839451336,5261.340160548663,5392.45,5506.8,-0.06548042704626333,0
2018-04-10,5580.0,5580.0,5430.0,5511.0,9858867540,1789470,206,5560.0,5450.0,51.165821385334034,1.2549840239107652,-20.13759029494176,5523.559839451336,5261.340160548663,5392.45,5504.0,-0.04550458715596328,0
2018-04-11,5490.0,5510.0,5251.0,5468.0,34852000569,6373299,303,5511.0,5498.0,54.20540869203165,6.293810001670863,-14.851310235619234,5534.848330920854,5257.751669079146,5396.3,5501.96,-0.05420152782830123,0
2018-04-15,5286.0,5438.0,5286.0,5421.0,4454542302,830523,79,5468.0,5300.0,42.463998576523856,-5.624987992981005,-13.006045787091589,5537.351518565252,5249.248481434748,5393.3,5495.96,-0.019056603773584868,0
2018-04-16,5395.0,5434.0,5240.0,5383.0,14839845878,2756979,100,5421.0,5300.0,42.463998576523856,-14.898975162659553,-13.384631662205182,5539.246445260353,5240.353554739648,5389.8,5488.76,-0.020566037735849085,0
2018-04-17,5300.0,5350.0,5252.0,5373.0,1044134789,197496,39,5383.0,5252.0,40.0263608919318,-25.82419046468567,-15.87254342270128,5545.135548797862,5226.664451202138,5385.9,5479.92,0.0013328255902513853,0
2018-04-18,5355.0,5377.0,5202.0,5354.0,3176358298,597621,59,5373.0,5202.0,37.604749667854136,-38.078143302856915,-20.31366339873241,5555.779861542906,5206.220138457094,5381.0,5468.56,0.007881584006151465,0
2018-04-21,5369.0,5369.0,5199.0,5335.0,3103166282,586171,59,5354.0,5200.0,37.50699999396609,-47.40442380794502,-25.73181548057493,5565.294508593806,5184.705491406194,5375.0,5456.6,-0.025000000000000022,0
2018-04-22,5200.0,5240.0,5150.0,5274.0,4020849843,774984,60,5335.0,5199.0,37.454575748907324,-54.25088945941843,-31.43563027634363,5569.675352695335,5160.324647304665,5365.0,5444.66,-0.022696672437007126,0
2018-04-23,5199.0,5299.0,5056.0,5248.0,18132985143,3454897,201,5274.0,5191.0,37.00891855468093,-59.634862383400105,-37.07547669775492,5571.956048676116,5137.143951323885,5354.55,5433.46,-0.019456752070891925,0
2018-04-24,5283.0,5289.0,5152.0,5242.0,4689811366,895637,106,5248.0,5259.0,43.195906659502946,-57.748973792407014,-41.210176116685346,5572.680380599548,5132.319619400452,5352.5,5425.46,-0.04202319832667811,0
2018-04-25,5280.0,5280.0,5189.0,5239.0,2056105416,393474,70,5242.0,5243.0,42.14693921261753,-56.889671063937385,-44.34607510613576,5568.757224835449,5120.642775164551,5344.7,5417.64,-0.053976730879267576,0
2018-04-28,5240.0,5240.0,5070.0,5228.0,854466074,167002,49,5239.0,5070.0,32.85624529101784,-69.36868264631721,-49.35059661417205,5580.37660478515,5076.023395214849,5328.2,5407.9,-0.02189349112426031,0
2018-04-29,5085.0,5238.0,5062.0,5158.0,32881722161,6375361,249,5228.0,5081.0,33.85466375902152,-77.47766684736962,-54.97601066081157,5586.934827545324,5040.565172454676,5313.75,5398.0,-0.012989568982483712,0
2018-04-30,5158.0,5170.0,5070.0,5119.0,12824811031,2505353,165,5158.0,5090.0,34.71009970409409,-82.22997450520415,-60.42680342969008,5586.893606601972,5011.306393398028,5299.1,5387.88,-0.0043222003929273,0
2018-05-01,5051.0,5123.0,5038.0,5112.0,2421751931,475544,76,5119.0,5038.0,32.12500207879725,-89.16434689233665,-66.1743121222194,5586.14455590912,4975.85544409088,5281.0,5376.66,0.017864231838030875,0
2018-05-05,5125.0,5125.0,4916.0,4989.0,27985248717,5609789,303,5112.0,4960.0,28.67513401538119,-99.80336404017726,-72.90012250581098,5590.402100327238,4928.597899672762,5259.5,5363.86,0.009475806451612945,0
2018-05-06,5000.0,5088.0,4957.0,4999.0,16398635433,3280421,215,4989.0,4959.0,28.63268071945447,-107.08118814130376,-79.73633563290954,5583.8809174036505,4889.419082596349,5236.65,5351.04,0.00826779592659821,0
2018-05-07,5000.0,5110.0,5000.0,5066.0,9221065257,1818169,50,4999.0,5015.0,34.482420055655,-107.09565217333966,-85.20819894099557,5568.779808071235,4865.920191928766,5217.35,5339.36,0.006979062811565351,0
2018-05-08,5060.0,5069.0,5009.0,5060.0,11872228561,2346350,126,5066.0,5068.0,39.53393200324848,-101.65860089162015,-88.4982793311205,5544.005065323645,4855.494934676355,5199.75,5329.0,0.00019731649565901677,0
2018-05-09,5079.0,5220.0,5000.0,5091.0,62482971458,12274149,426,5060.0,5128.0,44.72932461986371,-91.45397551828864,-89.08941856855414,5461.154388079958,4889.145611920041,5175.15,5319.58,-0.015405616224648977,0
2018-05-12,5128.0,5135.0,5000.0,5082.0,5807203555,1144072,98,5091.0,5007.0,37.69518032121439,-92.0691097640456,-89.68535680765243,5418.296814909254,4887.703185090746,5153.0,5308.7,-0.0013980427401637519,0
2018-05-13,5082.0,5082.0,5000.0,5061.0,4262492622,846780,88,5082.0,5000.0,37.32944423784763,-92.06023648349583,-90.16033274282111,5348.960046185361,4907.23995381464,5128.1,5300.48,0.00019999999999997797,0
2018-05-14,5076.0,5076.0,5010.0,5058.0,3732930116,738815,101,5061.0,5050.0,41.6819711835011,-87.01556099037498,-89.53137839233189,5324.080598620115,4907.119401379886,5115.6,5291.68,-0.009306930693069315,0
2018-05-15,5050.0,5080.0,5008.0,5062.0,5506019811,1087029,94,5058.0,5069.0,43.2936478305045,-80.55588006567541,-87.7362787270006,5295.267650861534,4912.832349138466,5104.05,5283.58,0.0017754981258630842,0
2018-05-16,5060.0,5060.0,5005.0,5050.0,10438801431,2067216,79,5062.0,5049.0,41.97853377172484,-76.17230236039086,-85.42348345367864,5273.8454361772065,4913.954563822793,5093.9,5274.96,-0.0039611804317686294,0
2018-05-19,5080.0,5080.0,4983.0,5036.0,5398852840,1074610,112,5050.0,5000.0,38.86370479150972,-75.77864686638804,-83.49451613622053,5260.9966139659755,4906.603386034025,5083.8,5264.54,-0.0043999999999999595,0
2018-05-20,4986.0,5018.0,4970.0,5013.0,6119530113,1224274,87,5036.0,5001.0,38.963242353647146,-74.52688091676919,-81.70098909233026,5246.1094264503645,4901.590573549636,5073.85,5255.56,-0.004199160167966398,0
2018-05-21,4980.0,5090.0,4939.0,5030.0,7166180103,1422754,81,5013.0,5003.0,39.17653394106863,-72.53729926488177,-79.86825112684056,5228.854702605872,4899.245297394128,5064.05,5246.62,-0.01639016590045972,0
2018-05-22,5050.0,5079.0,4990.0,5043.0,5378684862,1064064,94,5030.0,5078.0,46.698595377834984,-64.16896834941599,-76.72839457135565,5212.829789875564,4903.970210124436,5058.4,5238.8,-0.03505317053958257,0
2018-05-23,5069.0,5080.0,4999.0,5042.0,20442331347,4054569,243,5043.0,5029.0,42.96046705773528,-60.790145343287804,-73.54074472574209,5171.17533947253,4922.624660527469,5046.9,5232.76,-0.03499701729966198,0
2018-05-26,4970.0,5080.0,4970.0,5025.0,3631643234,726865,81,5042.0,4978.0,39.42325089332474,-61.51853022061459,-71.13630182471658,5123.095570046899,4944.2044299531,5033.65,5223.32,-0.02169546002410605,0
2018-05-27,4960.0,5000.0,4943.0,4996.0,4692777709,945455,101,5025.0,4980.0,39.6331620575934,-61.228592102046605,-69.1547598801826,5119.874362775472,4938.425637224527,5029.15,5214.5,-0.026305220883534153,0
2018-05-28,4979.0,4988.0,4921.0,4974.0,21235262971,4268962,197,4996.0,4921.0,35.70275114687122,-65.01022358063801,-68.32585262027368,5120.026235774916,4922.273764225083,5021.15,5205.72,-0.004267425320056861,0
2018-05-29,4970.0,4970.0,4899.0,4925.0,40326380927,8188237,455,4974.0,4900.0,34.395285987244165,-68.90739669257437,-68.44216143473382,5118.434408979112,4904.865591020887,5011.65,5196.32,-0.010204081632653073,0
2018-05-30,4974.0,4974.0,4833.0,4911.0,9190347083,1871893,128,4925.0,4853.0,31.60559759707293,-74.92475572110015,-69.73868029200709,5128.716111407135,4876.083888592864,5002.4,5186.78,-0.0016484648670924695,0
2018-06-02,4988.0,4988.0,4820.0,4907.0,6066162651,1237055,93,4911.0,4870.0,33.700214670670334,-77.42924207426313,-71.2767926484583,5135.817221553439,4859.982778446561,4997.9,5178.18,-0.004106776180698102,0
2018-06-03,4926.0,4950.0,4820.0,4897.0,15554996992,3176254,138,4907.0,4849.0,32.3809593682617,-80.18427563216301,-73.05828924519925,5144.1621823809255,4840.637817619074,4992.4,5168.76,0.057537636626108446,1
2018-06-09,4875.0,4944.0,4850.0,4920.0,10673502850,2169539,95,4897.0,4900.0,38.66107848976751,-77.36062072017921,-73.91875554019525,5143.190442062178,4830.109557937822,4986.65,5158.78,0.0853061224489795,1
2018-06-10,4949.0,4998.0,4850.0,4911.0,7243878357,1476047,102,4920.0,4850.0,35.20859157673149,-78.25535694902192,-74.78607582196058,5138.3561191991985,4813.1438808008015,4975.75,5147.78,0.09319587628865977,1
2018-06-11,4957.0,4957.0,4845.0,4910.0,7637558136,1555764,98,4911.0,4845.0,34.87321345548814,-78.46342257618926,-75.52154517280633,5117.878469409661,4805.3215305903395,4961.6,5138.68,0.12487100103199178,1
2018-06-12,4939.0,4939.0,4811.0,4884.0,10794520108,2210044,162,4910.0,4850.0,35.53451270235658,-77.33340649973889,-75.88391743819284,5115.784409928964,4791.715590071036,4953.75,5127.7,0.17278350515463914,1
2018-06-13,4849.0,5128.0,4823.0,5065.0,95104587274,18775105,779,4884.0,5128.0,59.90932295942938,-53.390135710500545,-71.38516109265439,5138.296316271279,4782.003683728721,4960.15,5122.26,0.10335413416536654,1
2018-06-17,5318.0,5318.0,5200.0,5318.0,347094212970,65273227,2350,5065.0,5318.0,68.63741494014586,-18.86603311824183,-60.88133549777187,5208.101891915253,4738.998108084747,4973.55,5121.22,0.11320045129748024,1
2018-06-18,5570.0,5570.0,5300.0,5408.0,55648532613,10290540,712,5318.0,5302.0,67.30850084863354,7.1214094610850225,-47.280786506000496,5257.643462026569,4712.756537973431,4985.2,5119.6,0.15767634854771795,1
2018-06-19,5400.0,5498.0,5320.0,5418.0,106227313388,19605405,967,5408.0,5450.0,72.59422497374396,39.207053539348635,-29.983218496930668,5344.382938537411,4666.117061462589,5005.25,5120.6,0.10825688073394502,1
2018-06-20,5425.0,5688.0,5425.0,5687.0,762351070459,134060248,4380,5418.0,5688.0,78.58936281580759,82.88432962870775,-7.409708871802984,5490.761638068687,4588.5383619313125,5039.65,5126.56,0.016877637130801704,0
2018-06-23,5849.0,5900.0,5641.0,5733.0,80287527780,14003921,944,5687.0,5658.0,76.32293886738708,113.76670457474484,16.82557381750658,5597.2454621061615,4547.7545378938385,5072.5,5131.4,0.06398020501944157,1
2018-06-24,5716.0,5945.0,5680.0,5846.0,226311793812,38711103,1913,5733.0,5920.0,81.37472353833559,157.56609571964873,44.97367819793501,5758.37664788351,4478.323352116491,5118.35,5141.78,-0.020270270270270285,0
2018-06-25,6000.0,6138.0,5981.0,6133.0,145715144027,23760740,683,5846.0,6138.0,84.36409534597604,207.47654638053154,77.47425183445432,5949.816254889056,4392.883745110945,5171.35,5156.14,-0.00944933202997722,0
2018-06-26,6250.0,6300.0,5920.0,6088.0,315080527169,51755514,2806,6133.0,6040.0,78.28147809449052,236.39810691107414,109.25902284977829,6083.669319482298,4360.130680517701,5221.9,5164.54,0.04768211920529808,0
2018-06-27,6040.0,6170.0,5784.0,5913.0,206093459711,34855146,1662,6088.0,5784.0,65.081101957933,235.94180126507763,134.59557853283818,6149.580324326034,4374.819675673965,5262.2,5171.22,0.08921161825726132,1
2018-06-30,5995.0,6140.0,5810.0,6015.0,121236645178,20155540,1272,5913.0,6020.0,70.08859962965141,251.7217122117736,158.02080526862528,6249.909698571608,4378.490301428392,5314.2,5181.66,0.017109634551494945,0
2018-07-01,6000.0,6100.0,5780.0,5866.0,69632478592,11869637,785,6015.0,5800.0,61.268156567972085,243.6664092530691,175.14992606551405,6298.418743498879,4417.88125650112,5358.15,5191.66,0.0818965517241379,1
2018-07-02,6030.0,6130.0,5900.0,6027.0,63554364857,10545157,736,5866.0,6080.0,66.96615335655345,256.91463161587217,191.5028671755857,6382.766129733214,4451.533870266785,5417.15,5207.26,0.0664473684210527,1
2018-07-03,6310.0,6328.0,6130.0,6316.0,218554629233,34603115,1864,6027.0,6328.0,71.03117814648093,284.14996672501,210.03228708547056,6497.346600670368,4484.453399329631,5490.9,5228.78,0.00821744627054355,0
2018-07-04,6575.0,6575.0,6291.0,6421.0,49187141297,7659809,624,6316.0,6300.0,69.98406348783232,300.01639774527393,228.02910921743123,6585.293425534121,4539.506574465879,5562.4,5250.74,-0.0031746031746031633,0
2018-07-07,6346.0,6346.0,6121.0,6203.0,61426865649,9903095,656,6421.0,6123.0,63.601268207673364,294.9087138124869,241.40503013644238,6621.663538906944,4630.5364610930565,5626.1,5269.2,-0.007675975828842052,0
2018-07-08,6428.0,6428.0,6261.0,6330.0,79474715526,12555824,645,6203.0,6275.0,66.4325621414348,299.67154020346516,253.05833214984693,6670.047677397207,4719.652322602794,5694.85,5290.72,-0.027569721115537904,0
2018-07-10,6530.0,6536.0,6400.0,6487.0,110293788064,17001260,903,6330.0,6484.0,69.89959835863002,316.66040372684165,265.7787464652459,6728.447153058509,4824.652846941492,5776.55,5316.58,-0.04858112276372606,0
2018-07-11,6489.0,6536.0,6300.0,6425.0,77559674096,12071967,785,6487.0,6380.0,66.23361586838203,318.0658050203501,276.23615817626677,6737.505428619888,4969.094571380112,5853.3,5339.0,-0.03714733542319748,0
2018-07-15,6350.0,6350.0,6210.0,6312.0,62026546591,9826021,557,6425.0,6280.0,62.82186079359191,307.5650133839781,282.50192921780905,6697.10993778461,5152.49006221539,5924.8,5359.74,-0.008280254777070062,0
2018-07-16,6200.0,6353.0,6076.0,6206.0,45154282465,7275370,582,6312.0,6076.0,56.4353261639277,279.55937875851214,281.9134191259497,6654.160292099811,5290.2397079001885,5972.2,5379.86,0.018268597761685212,0
2018-07-17,6099.0,6197.0,6000.0,6106.0,48010123756,7863126,562,6206.0,6102.0,57.03483940375665,256.5058544364683,276.83190618805344,6625.156759637605,5397.643240362394,6011.4,5400.28,-0.022615535889872196,0
2018-07-18,6100.0,6169.0,5930.0,6088.0,54925490302,9021370,548,6106.0,6169.0,58.615323095140944,240.86556211080642,269.638637372604,6577.720697076658,5531.779302923342,6054.75,5421.86,-0.025774031447560408,0
2018-07-21,6290.0,6290.0,6119.0,6244.0,29068341825,4655539,369,6088.0,6143.0,57.727876172078886,223.79279106237118,260.4694681105575,6533.369548506246,5645.430451493753,6089.4,5443.96,0.02832492267621678,0
2018-07-22,6300.0,6300.0,6170.0,6276.0,61277681061,9763755,327,6244.0,6228.0,59.8671271304811,214.6469699724321,251.30496848293242,6523.598428288759,5709.20157171124,6116.4,5469.32,0.017180475272960738,0
2018-07-23,6200.0,6200.0,6051.0,6150.0,15837573876,2575048,208,6276.0,6187.0,58.33365299485143,201.76466604188136,241.39690799472223,6492.110518812006,5793.589481187994,6142.85,5493.88,0.06739938580895433,1
2018-07-24,6198.0,6198.0,5964.0,6100.0,29200452908,4786572,321,6150.0,5964.0,50.72335445451323,171.5832066542216,227.43416772662212,6489.184552175209,5800.915447824791,6145.05,5512.86,0.15677397719651243,1
2018-07-25,6090.0,6100.0,5960.0,6017.0,30945388313,5143312,325,6100.0,6010.0,52.11124034505921,149.65091560515157,211.87751730232804,6487.795399512627,5789.504600487372,6138.65,5531.7,0.20515806988352736,1
2018-07-28,6309.0,6317.0,6102.0,6315.0,184311922023,29185555,1200,6017.0,6317.0,60.17339521125572,155.25210164243163,200.55243417034876,6506.831200998205,5798.168799001795,6152.5,5555.48,0.16036093082159253,1
2018-07-29,6400.0,6400.0,6030.0,6290.0,81722301062,12992035,818,6315.0,6335.0,60.59230202702583,159.3071379777084,192.3033749318207,6499.451612395471,5860.6483876045295,6180.05,5582.04,0.21262825572217836,1
2018-07-30,6500.0,6604.0,6335.0,6571.0,131674368834,20037732,928,6290.0,6604.0,66.29749998315717,182.12738424634063,190.26817679472472,6569.014297840714,5849.485702159286,6209.25,5614.12,0.22107813446396118,1
2018-07-31,6899.0,6899.0,6899.0,6899.0,17851562642,2587558,95,6571.0,6899.0,71.2185399546593,221.46373235713418,196.5072879072066,6687.291290386382,5841.108709613618,6264.2,5651.1,0.14799246267575006,1
2018-08-01,7243.0,7243.0,7243.0,7243.0,61342792236,8469252,196,6899.0,7243.0,75.67828542066604,277.20060073616514,212.64595047299832,6914.215280279901,5730.4847197201,6322.35,5694.58,0.0670992682590088,1
2018-08-04,7370.0,7440.0,7060.0,7317.0,143403576823,19597696,1193,7243.0,7330.0,76.66316841081749,324.6502770931138,235.04681579702145,7109.55907605374,5635.34092394626,6372.45,5740.2,0.02155525238744893,0
2018-08-05,7682.0,7682.0,7523.0,7681.0,304915571719,39695784,1437,7317.0,7682.0,80.16318762862267,386.2060032748468,265.27865329258657,7372.229853655804,5510.870146344197,6441.55,5793.84,-0.02108825826607652,0
2018-08-06,8065.0,8065.0,8050.0,8065.0,591301828435,73317043,2158,7681.0,8064.0,83.12163758598592,460.5051505309084,304.32395274025095,7693.87665950662,5383.323340493381,6538.6,5855.1,-0.07378472222222221,0
2018-08-07,8180.0,8255.0,7900.0,8119.0,236234665123,29097454,1736,8065.0,7920.0,78.3763638960503,501.9816317083814,343.85548853387706,7915.207025708426,5326.492974291575,6620.85,5913.44,-0.05593434343434345,0
2018-08-08,8200.0,8200.0,7714.0,7773.0,264992157722,34091341,1627,8119.0,7729.0,72.46697128973139,513.5203946627162,377.78846975964495,8062.1263086688205,5304.07369133118,6683.1,5966.46,-0.02212446629576914,0
2018-08-11,7663.0,7849.0,7390.0,7552.0,64028401750,8478471,704,7773.0,7488.0,65.73246151609575,497.4835805139728,401.72749191051054,8152.938333756811,5324.061666243189,6738.5,6015.64,0.019631410256410353,0
2018-08-12,7560.0,7799.0,7450.0,7620.0,61698045858,8097262,555,7552.0,7520.0,66.18186164492181,481.80250298417195,417.74249412524284,8237.63736295482,5363.362637045179,6800.5,6066.48,0.02207446808510638,0
2018-08-13,7520.0,7520.0,7400.0,7476.0,34965105312,4676998,361,7620.0,7469.0,64.72497075564928,459.95775559775575,426.18554641974544,8295.056210948891,5445.243789051109,6870.15,6116.26,0.05127861828892755,1
2018-08-14,7580.0,7750.0,7451.0,7585.0,51364021035,6772040,643,7476.0,7477.0,64.85566242465424,438.23941783805276,428.59632070340695,8341.431268813894,5536.368731186105,6938.9,6167.38,0.0551023137622042,1
2018-08-15,7752.0,7752.0,7440.0,7624.0,32273289402,4233329,316,7585.0,7558.0,66.22029607313868,422.6909832076526,427.4152532042561,8388.89645340195,5627.80354659805,7008.35,6220.54,0.001587721619475957,0
2018-08-18,7600.0,7692.0,7501.0,7613.0,58015160234,7620525,435,7624.0,7635.0,67.51174572372406,411.83462008460265,424.2991265803254,8429.211412208155,5736.688587791846,7082.95,6276.18,-0.0005239030779305986,0
2018-08-19,7661.0,7989.0,7661.0,7803.0,46700068957,5984699,568,7613.0,7686.0,68.3741830172834,402.70402652569464,419.98010656939925,8466.463638720688,5845.236361279312,7155.85,6332.5,0.021337496747332763,0
2018-08-20,8193.0,8193.0,7852.0,7992.0,56701661933,7094387,707,7803.0,7852.0,71.06649165846945,404.2033731501879,416.824759885557,8503.685608015792,5974.514391984208,7239.1,6392.56,-0.048522669383596506,0
2018-08-21,7833.0,7998.0,7821.0,7904.0,48651754577,6155218,430,7992.0,7889.0,71.6458902396118,403.72333562635504,414.2044750337166,8484.879690786915,6185.820309213086,7335.35,6452.34,-0.02395740905057675,0
2018-08-25,8137.0,8137.0,7509.0,7811.0,61710543178,7900323,793,7904.0,7570.0,60.41324296403778,373.29910867034596,406.02340176104246,8391.503418437336,6435.196581562664,7413.35,6506.74,0.003963011889035695,0
2018-08-26,7600.0,7750.0,7555.0,7673.0,31952873260,4164347,447,7811.0,7631.0,61.65136812161172,350.07443958891054,394.8336093266161,8320.831319584035,6637.268680415966,7479.05,6562.46,-0.02057397457738175,0
2018-08-27,7650.0,7900.0,7555.0,7729.0,157638481478,20395144,1160,7673.0,7850.0,65.78838388706546,345.359106951445,384.9387088515819,8226.658794688756,6882.941205311245,7554.8,6622.46,-0.03439490445859872,0
2018-08-28,7711.0,7726.0,7450.0,7542.0,35594043477,4719631,445,7729.0,7471.0,54.77544996279982,307.4954234668048,369.45005177462656,8112.42396395367,7083.876036046329,7598.15,6669.32,0.021416142417347128,0
2018-08-29,7560.0,7910.0,7560.0,7780.0,85866336458,11036235,661,7542.0,7700.0,59.21773216131721,292.59372930115387,354.07878727993204,8041.1568711420805,7235.243128857919,7638.2,6716.96,-0.014285714285714235,0
2018-09-01,7770.0,7900.0,7500.0,7680.0,34441465233,4484443,445,7780.0,7600.0,56.60303837647016,269.6070033388787,337.1844304917214,8016.819995981668,7295.280004018332,7656.05,6762.92,-0.001315789473684159,0
2018-09-02,7599.0,7750.0,7400.0,7574.0,45341372933,5986475,556,7680.0,7474.0,53.403453504912164,238.47373367226555,317.4422911278303,8002.829666647772,7323.670333352228,7663.25,6803.4,0.051110516457051114,1
2018-09-03,7420.0,7598.0,7420.0,7521.0,25169707497,3346585,409,7574.0,7580.0,55.67351284096022,219.8197618973154,297.91778528172733,7999.509209632042,7316.790790367957,7658.15,6841.24,0.02770448548812654,0
2018-09-04,7850.0,7850.0,7564.0,7764.0,37558632179,4837649,366,7521.0,7631.0,56.76487573733954,206.76813430272705,279.6878550859273,7922.604526354645,7350.395473645355,7636.5,6880.7,0.01690473070370846,0
2018-09-05,7799.0,7799.0,7521.0,7692.0,40747761762,5297184,486,7764.0,7590.0,55.58013364049153,190.91551286192134,261.9333866411261,7875.1956112487405,7364.8043887512595,7620.0,6914.1,0.08063241106719365,1
2018-09-08,7650.0,7740.0,7545.0,7647.0,34946067682,4570174,515,7692.0,7590.0,55.58013364049153,176.31969249819122,244.81064781253914,7863.520337566386,7362.579662433614,7613.05,6943.14,0.10013175230566529,1
2018-09-09,7638.0,8010.0,7426.0,7775.0,117634052112,15129169,1436,7647.0,7856.0,61.60906050623715,184.09425269756866,232.66736878954507,7896.135832640541,7366.764167359459,7631.45,6979.46,0.06339103869653773,1
2018-09-10,7880.0,7980.0,7790.0,7894.0,65096480876,8246384,906,7775.0,7790.0,59.45289182204914,182.82253487431808,222.6984020064997,7913.041383674698,7376.858616325301,7644.95,7019.58,0.06546854942233638,1
2018-09-11,7800.0,7989.0,7660.0,7812.0,53712754858,6875314,648,7894.0,7760.0,58.451518655082765,177.3495646723477,213.6286345396693,7919.272592858855,7399.727407141145,7659.5,7054.38,0.05399484536082477,1
2018-09-12,8090.0,8202.0,8080.0,8196.0,345402004412,42144052,2540,7812.0,8202.0,67.21352224801257,206.29980665459425,212.1628689626543,8034.018458477298,7357.481541522702,7695.75,7102.42,-0.006096074128261408,0
2018-09-15,8605.0,8605.0,8335.0,8572.0,498707370698,58181560,3224,8196.0,8350.0,69.5305786648411,238.43689303208612,217.41767377654065,8171.201476997156,7299.498523002845,7735.35,7147.82,0.021556886227544814,0
2018-09-16,8400.0,8570.0,8200.0,8348.0,102772811311,12311181,1075,8572.0,8354.0,69.59312424197306,261.2173807291856,226.17761516706966,8280.54300682542,7262.056993174579,7771.3,7188.34,0.029327268374431448,0
2018-09-17,8470.0,8535.0,8300.0,8406.0,154671799727,18399750,1383,8348.0,8300.0,67.57640278242064,271.78081262031264,235.29825465771827,8358.783620449265,7245.216379550735,7802.0,7228.34,0.09060240963855426,1
2018-09-18,8350.0,8450.0,8100.0,8233.0,169233282053,20554996,1216,8406.0,8179.0,63.15972125917332,267.30736680714654,241.70007708760394,8398.750301516626,7237.949698483376,7818.35,7269.46,0.15625382076048422,1
2018-09-22,8181.0,8299.0,8150.0,8228.0,53762953804,6534421,871,8233.0,8152.0,62.183077224298856,258.6024463916201,245.08055094840716,8429.362024216782,7233.637975783219,7831.5,7307.0,0.2109911678115799,1
2018-09-23,8500.0,8550.0,8255.0,8463.0,69619540667,8226362,1237,8228.0,8530.0,69.3327164134729,278.98916177670344,251.86227311406643,8536.863674080474,7222.136325919527,7879.5,7347.92,0.2114888628370457,1
2018-09-24,8750.0,8750.0,8500.0,8621.0,69914621860,8110151,1301,8463.0,8599.0,70.4316391590391,297.28656942283214,260.9471323758196,8644.797733292951,7211.002266707048,7927.9,7392.3,0.10245377369461561,1
2018-09-25,8697.0,9052.0,8621.0,9007.0,246742913262,27395386,1890,8621.0,9052.0,76.40858848957406,344.3710162176867,277.631909144193,8854.603023304535,7121.396976695464,7988.0,7447.74,-0.03479893946089263,0
2018-09-26,9446.0,9457.0,9302.0,9402.0,153903279221,16369365,1850,9007.0,9457.0,80.25200045380933,409.6437763422291,304.03428258380023,9131.183729157872,7043.416270842128,8087.3,7515.36,-0.07211589298932009,0
2018-09-29,9872.0,9872.0,9610.0,9846.0,233438661020,23708716,2359,9402.0,9872.0,83.26128281819098,489.2205111823441,341.071528303509,9480.247289482299,6911.552710517701,8195.9,7590.76,-0.10889384116693679,0
2018-09-30,10338.0,10338.0,10300.0,10337.0,18874322633,1825845,206,9846.0,10334.0,85.8469289142443,582.84649419175,389.42652148115724,9887.616192841897,6777.583807158104,8332.6,7674.06,-0.13489452293400428,0
2018-10-01,9821.0,9949.0,9400.0,9679.0,198799571109,20538393,2193,10337.0,9480.0,65.65722279831283,581.4327031684461,427.82775781861505,10012.045832404498,6853.754167595502,8432.9,7740.8,-0.10464135021097043,0
2018-10-07,9196.0,9196.0,8737.0,8738.0,62680431456,7173401,236,9679.0,8737.0,53.80178614471953,514.428363156816,445.1478788862553,10024.804350406297,6956.695649593703,8490.75,7790.98,-0.0037770401739727344,0
2018-10-08,8302.0,8777.0,8302.0,8405.0,248626906791,29579074,2142,8738.0,8775.0,54.25671331697319,459.10099291229744,447.9385016914638,10034.072804481675,7061.827195518326,8547.95,7842.74,0.02985754985754996,0
2018-10-09,8501.0,8825.0,8501.0,8798.0,139340355157,15837496,1417,8405.0,8797.0,54.53584528724324,412.2764037701545,440.806082107202,10030.574249222162,7186.025750777837,8608.3,7899.4,0.025349550983289726,0
2018-10-10,8904.0,9197.0,8770.0,8879.0,139108949660,15666359,1326,8798.0,8940.0,56.39829159567362,382.2995729178183,429.10478026932526,10024.598368919704,7327.001631080294,8675.8,7958.0,0.014541387024608499,0
2018-10-13,9147.0,9190.0,8436.0,8666.0,114586792588,13223114,1242,8879.0,8488.0,49.49629957460394,318.3997815330222,406.96378052206467,10006.592887911742,7408.207112088257,8707.4,8001.42,-0.41682375117813386,0
2018-10-14,8666.0,8890.0,8664.0,8710.0,45087397788,5176283,328,8666.0,8704.0,52.48860737273427,281.9381241058127,381.9586492388143,9982.419307584667,7523.780692415334,8753.1,8048.8,-0.41555606617647056,0
2018-10-15,8748.0,9037.0,8737.0,8962.0,110284526118,12305244,1278,8710.0,9037.0,56.74368733321521,276.7224309750254,360.9114055860565,9963.156347042466,7670.743652957534,8816.95,8097.46,-0.41518202943454685,0
2018-10-16,9108.0,9145.0,8962.0,9057.0,116127734513,12821893,1097,8962.0,9020.0,56.46566238813389,268.1264043799638,342.35440534483797,9971.273059757803,7744.426940242198,8857.85,8139.88,-0.4038802660753881,0
2018-10-17,9090.0,9200.0,8910.0,9091.0,235593245712,25913972,2057,9057.0,9070.0,57.13095965267554,262.3246581373387,326.34845590333816,9985.612845127283,7802.087154872717,8893.85,8176.42,-0.4046306504961411,0
2018-10-24,4799.0,4998.0,4799.0,4891.0,52443041586,10721696,1086,4733.0,4950.0,24.247977000206845,-73.87129300018569,246.3045061226334,10755.539984718771,6691.760015281228,8723.65,8128.82,0.0888888888888888,1
2018-10-27,5135.0,5135.0,5000.0,5110.0,80424132254,15738414,2445,4891.0,5087.0,25.777801227902486,-325.50206619340133,131.94319165942647,11138.750764340462,5987.249235659538,8563.0,8076.92,0.08020444269707094,1
2018-10-28,5125.0,5320.0,5125.0,5285.0,82328856602,15578879,1762,5110.0,5285.0,28.03968185223549,-503.144386316937,4.925676064153777,11362.838204880436,5473.7617951195625,8418.3,8021.34,0.023651844843897818,0
2018-10-29,5487.0,5487.0,5339.0,5409.0,35465940905,6556416,1333,5285.0,5377.0,29.12052745991042,-629.2499717548417,-121.90945349964532,11508.948858921041,5050.151141078957,8279.55,7970.48,0.0014878184861446542,0
2018-10-31,5440.0,5549.0,5200.0,5389.0,60333098940,11196451,1232,5409.0,5400.0,29.40599916893059,-719.0449464226604,-241.33655208424835,11583.810695280816,4662.289304719185,8123.05,7923.9,0.007407407407407307,0
2018-11-03,5500.0,5549.0,5266.0,5444.0,48592711720,8925688,960,5389.0,5390.0,29.350649228538387,-782.0006109467613,-349.469363856751,11612.599254794524,4312.600745205476,7962.6,7881.94,-0.0037105751391465214,0
2018-11-04,5490.0,5570.0,5300.0,5478.0,63122132448,11522120,1020,5444.0,5495.0,30.823018706253862,-814.037093283915,-442.38290974218387,11549.90916662239,4019.59083337761,7784.75,7841.44,-0.02292993630573248,0
2018-11-05,5496.0,5520.0,5400.0,5469.0,34178723829,6250105,793,5478.0,5410.0,30.272998829069508,-836.6407521716119,-521.2344782280695,11400.939637086492,3763.8603629135073,7582.4,7800.26,-0.01663585951940849,0
2018-11-06,5490.0,5499.0,5370.0,5441.0,47887215399,8801858,1024,5469.0,5385.0,30.102854818620813,-846.8101059762557,-586.3496037777068,11139.210270340398,3576.8897296596015,7358.05,7758.42,0.0022284122562674646,0
2018-11-10,5441.0,5540.0,5270.0,5432.0,62506694141,11506558,952,5441.0,5440.0,31.02136334426571,-840.7398264103631,-637.2276483042381,10721.976900914075,3504.7230990859257,7113.35,7716.06,-0.01158088235294119,0
2018-11-11,5444.0,5480.0,5255.0,5327.0,57442449364,10783128,791,5432.0,5370.0,30.472515336861775,-831.9868743127518,-676.1794935059409,10420.813778634894,3394.886221365107,6907.85,7670.76,-0.003724394785847296,0
2018-11-12,5370.0,5399.0,5302.0,5355.0,55844830885,10428879,1047,5327.0,5369.0,30.464223171333444,-815.7275884891224,-704.0891125025772,10208.157855960311,3270.742144039689,6739.45,7624.42,-0.013037809647979182,0
2018-11-13,5370.0,5444.0,5300.0,5401.0,48762074592,9027814,772,5355.0,5320.0,30.03296373230424,-797.6016228040662,-722.7916145628751,9955.92392886643,3177.476071133569,6566.7,7573.78,0.005639097744360999,0
2018-11-14,5401.0,5491.0,5349.0,5419.0,64482420055,11900302,1017,5401.0,5397.0,31.669929887343457,-768.1684403123081,-731.8669797127617,9660.138499497245,3133.261500502754,6396.7,7523.94,-0.025384472855289997,0
2018-11-17,5309.0,5420.0,5200.0,5330.0,21981427392,4123896,715,5419.0,5377.0,31.46401661572844,-737.9496398949796,-733.0835117492053,9290.579262556083,3146.5207374439183,6218.55,7480.08,-0.06918355960572808,0
2018-11-18,5200.0,5388.0,5064.0,5237.0,59912719189,11440640,913,5330.0,5350.0,31.16938192545686,-708.0181052102353,-728.0704304414113,8970.20436772306,3153.0956322769393,6061.65,7434.46,-0.0968224299065421,0
2018-11-19,5290.0,5340.0,5266.0,5287.0,26824900267,5074090,445,5237.0,5299.0,30.58675017498662,-680.5672662952893,-718.569797612187,8549.157054360108,3233.642945639892,5891.4,7383.44,-0.06963578033591244,0
2018-11-20,5335.0,5350.0,5250.0,5322.0,23462958716,4408344,375,5287.0,5350.0,31.956487730967908,-647.2360703785062,-704.3030521654509,7944.77111533161,3469.3288846683895,5707.05,7341.02,-0.09981308411214951,0
2018-11-21,5320.0,5388.0,5180.0,5268.0,30303254308,5752817,482,5322.0,5260.0,30.801380803514434,-620.9254630889627,-687.6275343501533,7165.519856997382,3872.5801430026186,5519.05,7292.22,-0.07794676806083645,0
2018-11-24,5194.0,5299.0,5005.0,5086.0,35127321523,6907038,574,5268.0,5005.0,27.74168444687656,-613.5775461175099,-672.8175367036246,5592.605057759085,5038.994942240915,5315.8,7240.32,-0.005994005994006013,0
2018-11-26,5100.0,5200.0,4832.0,4920.0,41736076951,8483161,732,5086.0,4832.0,25.864516565354947,-614.6288642040636,-661.1798022037124,5620.596572238914,4999.203427761086,5309.9,7187.48,0.011796357615894149,0
2018-11-27,4951.0,5010.0,4919.0,4971.0,33254557307,6689782,943,4920.0,4930.0,28.803476924972045,-600.630565107158,-649.0699547844015,5641.481568951699,4962.618431048301,5302.05,7134.48,-0.016024340770791068,0
2018-11-28,4986.0,5000.0,4780.0,4915.0,23256510036,4732148,454,4971.0,4816.0,27.4406955816101,-591.9124610841445,-637.6384560443502,5678.8561180057295,4878.343881994271,5278.6,7078.18,0.019518272425249172,0
2018-12-01,4900.0,4985.0,4725.0,4849.0,48489630222,10000550,701,4915.0,4850.0,28.52682872210795,-575.6243458400841,-625.235634003497,5690.691273149575,4813.808726850425,5252.25,7023.38,0.01628865979381433,0
2018-12-02,4870.0,4980.0,4863.0,4935.0,34189163716,6928408,674,4849.0,4975.0,32.52575821445332,-546.331670411374,-609.4548412850725,5679.811764552829,4782.188235447171,5231.0,6971.08,0.0008040201005026226,0
2018-12-03,5040.0,5050.0,4862.0,4927.0,15519278109,3150021,698,4935.0,4889.0,31.231082923009453,-524.0159654981535,-592.3670661276886,5672.060062110901,4739.839937889099,5205.95,6911.74,0.002454489670689286,0
2018-12-04,4920.0,5005.0,4790.0,4912.0,46937558890,9556211,654,4927.0,4851.0,30.650530745512754,-503.5917982242827,-574.6120125470075,5644.493189011836,4703.006810988164,5173.75,6852.96,0.005978148835291686,0
2018-12-05,4810.0,4950.0,4810.0,4931.0,19250105336,3903986,435,4912.0,4910.0,32.741065053496555,-477.1444671894924,-555.1185034755044,5619.758651726311,4677.741348273689,5148.75,6795.96,0.018329938900203624,0
2018-12-08,4949.0,4949.0,4850.0,4908.0,15125980530,3081801,559,4931.0,4929.0,33.43694397728487,-449.47041048486244,-533.9888848773761,5593.13838812736,4658.76161187264,5125.95,6730.5,-0.009941164536417135,0
2018-12-09,4850.0,5128.0,4810.0,4939.0,34345980798,6953666,831,4908.0,4979.0,35.33306927512352,-418.67768331759,-510.92664456541894,5550.932543462017,4654.867456537982,5102.9,6663.08,-0.016670014059048,0
2018-12-10,4978.0,5002.0,4862.0,4984.0,17864825891,3584689,582,4939.0,4901.0,33.71937032173339,-396.0032938467348,-487.9419744216821,5518.104522376149,4640.79547762385,5079.45,6594.02,-0.02754539889818408,0
2018-12-11,4994.0,5021.0,4880.0,4965.0,6261611986,1263881,413,4984.0,4880.0,33.27869691774474,-375.40081441689927,-465.43374242072554,5480.693316838603,4629.306683161397,5055.0,6525.62,-0.018647540983606548,0
2018-12-12,4872.0,5149.0,4852.0,5010.0,41334924447,8251192,877,4965.0,5000.0,38.24524264737934,-345.40854917224806,-441.4287037710301,5447.351319333065,4630.648680666935,5039.0,6462.04,-0.06000000000000005,0
2018-12-15,5000.0,5100.0,4852.0,4977.0,26218387592,5267557,724,5010.0,4880.0,35.40691401249602,-327.54670547148453,-418.652304111121,5391.96566757601,4634.3343324239895,5013.15,6396.6,-0.052254098360655754,0
2018-12-16,4929.0,4977.0,4800.0,4890.0,22023767311,4503435,657,4977.0,4896.0,36.08798314980088,-308.54330421907434,-396.6305041327117,5331.817317918226,4646.382682081775,4989.1,6323.92,-0.05882352941176472,0
2018-12-17,4898.0,4970.0,4762.0,4874.0,19043845457,3907095,671,4890.0,4766.0,33.039738493650404,-300.5088068934647,-377.40616468486235,5272.868944147925,4646.931055852075,4959.9,6247.26,-0.030843474611833788,0
2018-12-18,4873.0,4898.0,4741.0,4848.0,19795018071,4083426,625,4874.0,4789.0,34.10030950362918,-288.95461318373145,-359.7158543846362,5214.028610841364,4654.771389158635,4934.4,6162.0,-0.04176237210273548,0
2018-12-19,4737.0,4839.0,4653.0,4766.0,6414963381,1356849,557,4848.0,4700.0,31.988916879115095,-283.70896724951035,-344.514476957611,5126.424297128566,4677.3757028714335,4901.9,6066.86,-0.012127659574468042,0
2018-12-22,4581.0,4699.0,4581.0,4624.0,11231855419,2428965,566,4766.0,4625.0,30.287057391996782,-282.3488860503385,-332.08135877615655,5060.061847974479,4680.23815202552,4870.15,5961.92,-0.00540540540540535,0
2018-12-23,4624.0,4685.0,4599.0,4632.0,10208038718,2203959,696,4624.0,4608.0,29.898773054361314,-279.42176960027155,-321.54944094097954,5061.482480336521,4639.1175196634795,4850.3,5847.4,-0.01280381944444442,0
2018-12-24,4630.0,4631.0,4457.0,4566.0,8052582487,1768268,678,4632.0,4619.0,30.519476733701737,-273.0666581980795,-311.8528843923996,5073.695529760957,4605.604470239043,4839.65,5750.18,-0.01082485386447285,0
2018-12-25,4500.0,4693.0,4470.0,4602.0,16582143206,3603380,641,4566.0,4589.0,29.745907521173663,-267.36887395763824,-302.9560823054473,5076.660937574216,4568.539062425784,4822.6,5667.22,-0.01503595554587056,0
2018-12-26,4569.0,4649.0,4569.0,4603.0,10454408307,2271053,476,4602.0,4643.0,33.03609072800397,-255.5501669435307,-293.474899233064,5079.826268217175,4548.073731782824,4813.95,5584.58,-0.03510661210424293,0
2018-12-29,4678.0,4680.0,4596.0,4609.0,12050348732,2614268,649,4603.0,4600.0,31.760545717118788,-246.80844302144033,-284.14160799073926,5082.44855871711,4520.451441282889,4801.45,5500.64,-0.017391304347826098,0
2018-12-30,4609.0,4643.0,4526.0,4597.0,13212932318,2874442,607,4609.0,4549.0,30.267837459747582,-241.21525826172183,-275.5563380449358,5069.7492230671505,4490.550776932849,4780.15,5412.82,0.002418113871180516,0
2018-12-31,4600.0,4618.0,4525.0,4581.0,10226136482,2232510,589,4597.0,4569.0,31.624990677674404,-232.4888000224937,-266.9428304404474,5063.133126616034,4465.166873383965,4764.15,5334.44,-0.02582622017947034,0
2019-01-01,4618.0,4618.0,4510.0,4564.0,5893140027,1294570,499,4581.0,4520.0,30.080343463348257,-226.91121821087563,-258.93650799453303,5061.779184544589,4433.420815455412,4747.6,5250.76,-0.026327433628318575,0
2019-01-02,4600.0,4600.0,4436.0,4533.0,5647797165,1252390,534,4564.0,4480.0,28.841913191043133,-223.1463182933885,-251.77847005430414,5051.53318822933,4400.66681177067,4726.1,5159.62,-0.008928571428571397,0
2019-01-05,4500.0,4620.0,4462.0,4565.0,14685301574,3216593,343,4533.0,4520.0,31.86295507520053,-214.46274920369342,-244.31532588418202,5028.907962007294,4382.392037992705,4705.65,5069.62,-0.005088495575221286,0
2019-01-06,4522.0,4650.0,4500.0,4584.0,11788098047,2571733,305,4565.0,4560.0,34.842051556808855,-202.02447998294974,-235.85715670393557,4988.079036851779,4381.3209631482205,4684.7,4979.42,-0.028728070175438547,0
2019-01-07,4590.0,4590.0,4451.0,4498.0,10316836706,2293769,530,4584.0,4451.0,30.87992210961022,-198.6722806791431,-228.4201814989771,4964.821611920095,4359.5783880799045,4662.2,4969.44,-0.004718040889687747,0
2019-01-08,4462.0,4520.0,4400.0,4467.0,9767393881,2186528,488,4498.0,4401.0,29.237469266273635,-197.77044611713882,-222.29023442260944,4943.934723205333,4332.565276794667,4638.25,4955.72,-0.00022722108611683556,0
2019-01-09,4479.0,4480.0,4407.0,4461.0,4155928783,933294,407,4467.0,4440.0,32.263802934493526,-191.69897520825089,-216.17198257973774,4878.569119708465,4341.930880291535,4610.25,4938.82,-0.005630630630630629,0
2019-01-12,4460.0,4510.0,4415.0,4467.0,5976170576,1336478,314,4461.0,4497.0,36.53585759412767,-180.21051252797406,-208.97968856938502,4833.051152097131,4349.148847902869,4591.1,4921.22,-0.05492550589281742,0
2019-01-13,4470.0,4500.0,4416.0,4452.0,9896017807,2223069,353,4467.0,4429.0,33.79732998985202,-174.5804005986629,-202.09983097524062,4775.167332933226,4360.332667066774,4567.75,4901.8,-0.06299390381575976,0
2019-01-14,4449.0,4449.0,4405.0,4434.0,5067147706,1147183,340,4452.0,4430.0,33.87582352049007,-168.10005192927474,-195.29987516604746,4745.442647678867,4356.457352321133,4550.95,4882.6,-0.073589164785553,0
2019-01-15,4440.0,4440.0,4400.0,4425.0,4706492824,1066102,292,4434.0,4400.0,32.62605699676432,-163.50034796403634,-188.93996972564526,4703.365645203277,4359.634354796723,4531.5,4860.7,-0.0752272727272727,0
2019-01-16,4400.0,4501.0,4300.0,4400.0,20039284808,4554166,615,4425.0,4415.0,33.93838649311739,-156.83675827088337,-182.51932743469288,4677.754049796699,4356.745950203301,4517.25,4840.8,-0.08267270668176674,0
2019-01-19,4350.0,4350.0,4226.0,4265.0,41568941114,9746610,1615,4400.0,4250.0,27.575529595619642,-162.99107679310418,-178.61367730637517,4689.072295995888,4307.927704004112,4498.5,4818.1,-0.05411764705882349,0
2019-01-20,4220.0,4249.0,4140.0,4181.0,37711313141,9020623,1382,4265.0,4150.0,24.569100531047795,-173.93259612768634,-177.6774610706374,4712.480898345874,4238.7191016541265,4475.6,4792.3,-0.04795180722891568,0
2019-01-21,4260.0,4280.0,3980.0,4095.0,42116212656,10284294,1156,4181.0,4104.0,23.31013345062283,-184.19238938266972,-178.98044673304386,4727.275503516084,4172.424496483916,4449.85,4766.98,-0.05677387914230014,0
2019-01-22,4100.0,4160.0,4003.0,4073.0,22156755040,5440324,825,4095.0,4069.0,22.37083790256787,-192.9236531649767,-181.76908801943046,4739.124023670136,4108.575976329865,4423.85,4740.98,-0.03932170066355367,0
2019-01-23,4070.0,4098.0,4010.0,4051.0,33322951202,8226213,973,4073.0,4050.0,21.855967670023446,-199.08149626319482,-185.23156966818334,4732.177277344443,4056.2227226555574,4394.2,4715.58,-0.032098765432098775,0
2019-01-26,4078.0,4080.0,4009.0,4031.0,14623777722,3627704,623,4051.0,4020.0,21.032842577496737,-204.03044460210458,-188.99134465496758,4726.308072467464,4004.091927532536,4365.2,4688.04,-0.030348258706467623,0
2019-01-27,4020.0,4060.0,3942.0,3985.0,17211432274,4318538,793,4031.0,3951.0,19.238219695306967,-211.0869660117678,-193.4104689263276,4728.210727775627,3942.389272224374,4335.3,4659.52,-0.02809415337889143,0
2019-01-28,3990.0,3990.0,3850.0,3909.0,14077009037,3601159,796,3985.0,3871.0,17.385969217265284,-220.59179656336346,-198.84673445373477,4726.661140618257,3874.138859381742,4300.4,4629.94,0.00232498062516151,0
2019-01-29,3890.0,3950.0,3814.0,3892.0,23044900884,5921375,781,3909.0,3909.0,21.263789155240957,-222.49339546773808,-203.57606665653546,4715.898551170367,3823.801448829634,4269.85,4602.14,-0.013814274750575617,0
2019-01-30,3954.0,3954.0,3892.0,3922.0,12029212630,3067105,760,3892.0,3920.0,22.399305028954643,-220.570222011419,-206.9748977275122,4701.70835862925,3781.9916413707506,4241.85,4573.54,-0.017857142857142905,0
2019-02-02,3954.0,3990.0,3855.0,3916.0,11697306805,2987151,454,3922.0,3898.0,21.724492680019665,-218.30482717229233,-209.24088361646824,4675.264746807023,3746.235253192977,4210.75,4546.3,-0.007183170856849719,0
2019-02-03,3900.0,3970.0,3800.0,3892.0,15908200491,4087552,698,3916.0,3840.0,20.01272543874954,-218.66892150434705,-211.126491194044,4637.011776487304,3712.4882235126956,4174.75,4523.0,0.00911458333333326,0
2019-02-04,3909.0,3939.0,3831.0,3877.0,13910665198,3588358,612,3892.0,3880.0,24.434872373477035,-213.27134388411196,-211.5554617320576,4607.21869810367,3685.1813018963294,4146.2,4503.96,-0.006958762886597913,0
2019-02-05,3900.0,3934.0,3835.0,3878.0,9450838893,2437250,425,3877.0,3855.0,23.558235509598234,-208.60633185818278,-210.96563575728266,4580.995185001107,3656.804814998892,4118.9,4482.46,-0.014267185473411104,0
2019-02-06,3852.0,3930.0,3812.0,3867.0,11605885129,3001180,648,3878.0,3850.0,23.37759127932779,-202.97298816996863,-209.36710623981986,4540.943309109119,3637.856690890882,4089.4,4463.14,-0.012467532467532516,0
2019-02-10,3813.0,3890.0,3813.0,3867.0,13922316998,3600638,555,3867.0,3870.0,25.82760388828609,-194.65087572854736,-206.42386013756538,4478.002128225609,3638.0978717743915,4058.05,4443.54,-0.024289405684754573,0
2019-02-12,3869.0,3886.0,3820.0,3861.0,13559979976,3511729,943,3867.0,3875.0,26.460681292777707,-185.5135981664248,-202.2418077433373,4420.825748288191,3639.8742517118085,4030.35,4421.54,-0.024516129032258083,0
2019-02-13,3822.0,3890.0,3802.0,3852.0,6742236948,1752066,513,3861.0,3853.0,25.43211032252104,-177.99563314577154,-197.39257282382417,4352.909447797335,3650.090552202665,4001.5,4400.82,-0.021541655852582386,0
2019-02-16,3860.0,3860.0,3800.0,3825.0,7424134770,1945340,666,3852.0,3800.0,23.102271895610386,-174.304969575222,-192.77505217410373,4281.739584839254,3661.2604151607457,3971.5,4379.8,0.013157894736842035,0
2019-02-17,3825.0,3845.0,3740.0,3803.0,9250965626,2433700,596,3825.0,3802.0,23.387493151436374,-169.26749846353596,-188.0735414319902,4183.540152254347,3698.1598477456528,3940.85,4357.64,0.025775907417148858,0
2019-02-18,3800.0,3829.0,3750.0,3783.0,12271065178,3243390,370,3803.0,3776.0,22.23299211191913,-165.4658615701801,-183.5520054596282,4124.447153866719,3709.8528461332803,3917.15,4334.58,0.03972457627118642,0
2019-02-19,3769.0,3809.0,3751.0,3784.0,6616592737,1748681,424,3783.0,3780.0,22.863862106794755,-160.28263196347507,-178.89813076039758,4084.4491119495615,3712.8508880504387,3898.65,4310.6,0.023280423280423346,0
2019-02-20,3798.0,3809.0,3745.0,3774.0,17670689345,4682467,790,3784.0,3770.0,22.37516978664948,-155.19283518370912,-174.1570716450599,4050.1230953549007,3713.776904645099,3881.95,4287.98,0.025198938992042397,0
2019-02-23,3780.0,3939.0,3760.0,3852.0,63981545197,16609764,1211,3774.0,3850.0,34.446531600415796,-143.0547569638502,-167.93660870881794,4015.945507006083,3726.054492993917,3871.0,4267.38,-0.004415584415584428,0
2019-02-24,3900.0,3959.0,3840.0,3884.0,25268590361,6506073,829,3852.0,3900.0,40.657847272971644,-127.92600899143827,-159.934488765342,3984.099336653449,3742.900663346551,3863.5,4245.38,-0.02051282051282055,0
2019-02-25,3910.0,4000.0,3895.0,3928.0,30028127803,7645406,798,3884.0,3926.0,43.64794715096254,-112.5410809903583,-150.45580721034526,3960.479103070654,3757.120896929346,3858.8,4226.3,-0.028782475802343388,0
2019-02-26,3900.0,3900.0,3840.0,3898.0,5232365292,1352561,266,3928.0,3868.0,38.934909619934636,-103.83162365628868,-141.13097049953393,3947.3134232113916,3761.9865767886085,3854.65,4205.74,-0.022750775594622574,0
2019-02-27,3910.0,3910.0,3849.0,3887.0,4753106648,1226792,305,3898.0,3865.0,38.70212737198817,-96.06402462069218,-132.1175813237656,3946.8384317158284,3761.8615682841714,3854.35,4187.72,-0.0209573091849935,0
2019-03-02,3800.0,3892.0,3800.0,3858.0,5210754991,1359929,298,3887.0,3833.0,36.21492199479794,-91.43625871393533,-123.98131680179954,3939.9378627177884,3761.162137282212,3850.55,4168.6,-0.01669710409600833,0
2019-03-03,3865.0,3879.0,3800.0,3843.0,6056862316,1580019,301,3858.0,3820.0,35.22454563057448,-87.80554458512097,-116.74616235846383,3929.883801060163,3761.2161989398373,3845.55,4151.0,-0.011780104712041939,0
2019-03-04,3820.0,3848.0,3800.0,3836.0,17144962300,4469921,695,3843.0,3813.0,34.67467006517114,-84.5187395601506,-110.3006777988012,3923.163545007872,3759.4364549921283,3841.3,4134.76,-0.011277209546288969,0
2019-03-05,3899.0,3899.0,3777.0,3846.0,21839409915,5678521,538,3836.0,3780.0,32.12837697269585,-83.61290953135449,-104.96312414531187,3924.4210775667398,3752.1789224332606,3838.3,4118.2,-0.0007936507936507908,0
2019-03-06,3800.0,3800.0,3769.0,3779.0,10422411402,2757873,413,3846.0,3784.0,32.77280111984108,-81.6312716508869,-100.29675364642688,3920.486205810216,3746.513794189784,3833.5,4101.5,0.001585623678646897,0
2019-03-09,3838.0,3838.0,3760.0,3770.0,20975450186,5563577,512,3779.0,3769.0,31.562560434140508,-80.34501665449852,-96.30640624804121,3919.9316923751453,3738.4683076248543,3829.2,4085.1,0.005571769700185802,0
2019-03-10,3810.0,3810.0,3740.0,3766.0,26780064938,7111344,725,3770.0,3775.0,32.634184437965885,-77.9430218094135,-92.63372936031568,3918.600362324892,3732.2996376751075,3825.45,4067.74,0.03231788079470199,0
2019-03-11,3775.0,3820.0,3750.0,3777.0,44609917363,11810110,1021,3766.0,3770.0,32.181949135381075,-75.57173785033638,-89.22133105831983,3914.2316080116966,3726.668391988303,3820.45,4051.14,0.0851458885941645,1
2019-03-12,3788.0,3804.0,3771.0,3784.0,37102955852,9804673,834,3777.0,3777.0,33.56988507150575,-72.29427334849152,-85.83591951635418,3907.6444623810817,3723.4555376189187,3815.55,4035.7,0.11993645750595716,1
2019-03-13,3770.0,3807.0,3750.0,3795.0,107117612877,28223175,1619,3784.0,3790.0,36.182029011822515,-67.86555588011197,-82.24184678910574,3903.4591016936856,3721.3408983063146,3812.4,4020.12,0.09841688654353553,1
2019-03-16,3802.0,3830.0,3770.0,3794.0,95880746444,25271407,1871,3795.0,3790.0,36.182029011822515,-63.62236634357441,-78.51795069999947,3903.335004244879,3720.464995755121,3811.9,4005.52,0.10817941952506605,1
2019-03-17,3793.0,3927.0,3793.0,3897.0,85958591706,22056774,2102,3794.0,3897.0,53.598901002178046,-51.03727634949428,-73.02181582989844,3915.1330442322956,3718.1669557677046,3816.65,3993.86,0.10905824993584812,1
2019-03-18,3932.0,4091.0,3930.0,4087.0,331089423001,81018798,3827,3897.0,4091.0,69.72947341858365,-25.11975824758474,-63.44140431343571,3985.467828106554,3679.3321718934462,3832.4,3985.28,0.10119775116108531,1
2019-03-19,4200.0,4291.0,4158.0,4255.0,101401806881,23831068,2699,4087.0,4230.0,76.13181291111344,6.560573692629987,-49.441008712222576,4083.9693344846787,3625.8306655153215,3854.9,3978.68,0.04018912529550822,0
2019-03-25,4274.0,4274.0,4101.0,4172.0,27025424560,6478135,1171,4255.0,4163.0,68.60018749960742,25.96185286296759,-34.36043639718454,4136.2211485839625,3612.878851416038,3874.55,3972.92,0.0569300984866683,1
2019-03-26,4177.0,4234.0,4111.0,4178.0,30940491021,7405606,1234,4172.0,4200.0,70.34493667173328,43.81799064185907,-18.72475098937582,4189.219631694167,3594.880368305833,3892.05,3968.9,0.04714285714285715,0
2019-03-27,4240.0,4386.0,4182.0,4321.0,41689729968,9647716,1397,4178.0,4322.0,75.23192207196736,67.04068558951622,-1.5716636735974134,4264.558181466003,3561.741818533997,3913.15,3966.54,0.041416011105969375,0
2019-03-30,4380.0,4505.0,4350.0,4428.0,60900598877,13754920,2043,4321.0,4505.0,80.43914302267845,99.06939888936722,18.556548838995514,4378.172883817875,3506.0271161821247,3942.1,3966.7,-0.009988901220865709,0
2019-03-31,4590.0,4590.0,4311.0,4417.0,26608411420,6024654,1447,4428.0,4400.0,71.19086526544578,114.65805576088178,37.77685022337277,4446.366871366681,3491.0331286333185,3968.7,3966.12,0.021590909090908994,0
2019-04-06,4448.0,4448.0,4285.0,4382.0,24247839736,5533189,1214,4417.0,4400.0,71.19086526544578,125.56474640653141,55.3344294600045,4505.701496814295,3485.198503185705,3995.45,3965.52,0.022727272727272707,0
2019-04-07,4381.0,4498.0,4351.0,4422.0,29563481049,6685736,935,4382.0,4398.0,71.01051111898724,132.51939296472892,70.77142216094938,4556.893810917966,3490.506189082034,4023.7,3965.48,0.029558890404729476,0
2019-04-08,4331.0,4580.0,4210.0,4431.0,49129484209,11088025,1501,4422.0,4501.0,74.58189793949023,144.6745218298165,85.55204209472282,4620.708568636465,3494.7914313635347,4057.75,3967.2,0.01977338369251269,0
2019-04-09,4360.0,4580.0,4360.0,4481.0,52620773282,11742958,1403,4431.0,4460.0,70.84070158601062,149.2784031704996,98.29731430987817,4667.262680707278,3512.9373192927214,4090.1,3971.4,0.03139013452914807,0
2019-04-10,4498.0,4608.0,4420.0,4529.0,38603574041,8523748,953,4481.0,4495.0,72.12611675029564,153.9762771192336,109.43310687174927,4710.282126085832,3541.4178739141685,4125.85,3978.3,0.06340378197997776,1
2019-04-13,4503.0,4650.0,4490.0,4564.0,58153261319,12741131,1620,4529.0,4500.0,72.31388193059453,156.30109258198263,118.80670401379595,4745.6531763622515,3577.6468236377477,4161.65,3986.22,0.10733333333333328,1
2019-04-14,4564.0,4564.0,4434.0,4502.0,47064527239,10454182,1369,4564.0,4528.0,73.39471400477966,158.57493839944163,126.7603508909251,4775.192355752917,3624.0076442470836,4199.6,3995.4,0.09253533568904593,1
2019-04-15,4489.0,4709.0,4489.0,4601.0,86819201707,18869941,1905,4502.0,4590.0,75.66053466673267,163.49518867352526,134.10731844744512,4805.230261649481,3675.46973835052,4240.35,4006.2,0.05206971677559902,1
2019-04-16,4650.0,4777.0,4561.0,4703.0,84451173976,17955349,1944,4601.0,4600.0,76.01533518737745,166.28461337631416,140.54277743321893,4823.905818160066,3739.794181839935,4281.85,4017.8,0.05869565217391304,1
2019-04-17,4599.0,4855.0,4553.0,4746.0,131460907815,27698383,1840,4703.0,4780.0,81.29956893850257,180.9340530907357,148.6210325647223,4863.432403981135,3800.567596018864,4332.0,4034.38,0.014644351464435212,0
2019-04-20,4810.0,4983.0,4810.0,4943.0,201972325148,40864103,1811,4746.0,4983.0,85.24716042085673,206.54334001125608,160.20549405402906,4934.04774151554,3849.2522584844596,4391.65,4056.62,-0.03331326510134458,0
2019-04-22,5080.0,5080.0,4885.0,4982.0,89902496484,18046294,1770,4943.0,4947.0,81.943566968971,221.3820310172341,172.4408014466701,4969.206648024776,3929.793351975224,4449.5,4077.38,0.026076409945421375,0
2019-04-23,4911.0,5089.0,4826.0,4911.0,71742767843,14609201,1599,4982.0,4829.0,72.08296342850868,221.0718085174476,182.1670028608256,4974.808220110267,4017.3917798897337,4496.1,4095.56,0.037274798094843575,0
2019-04-24,4900.0,4978.0,4831.0,4876.0,37078360375,7603784,1110,4911.0,4870.0,73.28582839778727,221.58007512282893,190.04961731322626,5002.203283196353,4067.896716803647,4535.05,4115.0,0.05154004106776178,1
2019-04-27,4879.0,4879.0,4761.0,4804.0,48886325081,10175381,1052,4876.0,4850.0,71.66372781742885,217.8577190430242,195.61123765918586,5030.394473425847,4101.705526574154,4566.05,4135.2,0.07195876288659786,1
2019-04-28,4813.0,4949.0,4770.0,4835.0,56749039148,11736490,1036,4804.0,4817.0,68.95183672108347,209.8261555156214,198.45422123047297,5036.2930835942,4161.2069164058,4598.75,4153.94,0.07120614490346688,1
2019-04-29,4895.0,5076.0,4793.0,5040.0,253115185395,50218122,2175,4835.0,5076.0,76.47595164811499,221.8034073899853,203.12405846237544,5086.986035893932,4198.113964106068,4642.55,4178.36,-0.03447596532702912,0
2019-04-30,5140.0,5290.0,4970.0,5082.0,110429646378,21727502,1532,5040.0,5009.0,71.63944862539766,223.3148906831193,207.16222490652422,5123.117839178473,4230.682160821526,4676.9,4201.54,-0.06168895987223,0
2019-05-01,5099.0,5180.0,5000.0,5136.0,66703343832,12986166,928,5082.0,5121.0,74.5382755759742,230.8886751357686,211.9075149523731,5186.08356995313,4229.31643004687,4707.7,4226.56,-0.05838703378246435,0
2019-05-04,5150.0,5255.0,5131.0,5200.0,56796880704,10921722,1138,5136.0,5199.0,76.35119337886249,240.4135640928489,217.60872478046826,5249.452859698003,4245.847140301997,4747.65,4253.04,-0.11482977495672242,0
2019-05-05,5259.0,5269.0,5012.0,5158.0,78143195083,15151099,1039,5200.0,5160.0,73.53202188193485,242.0252171037473,222.49202324512407,5291.480515094816,4279.819484905183,4785.65,4279.18,-0.1027131782945736,0
2019-05-06,5140.0,5270.0,4901.0,4928.0,97754821054,19837588,989,5158.0,4901.0,58.170666220584856,219.86881741594698,221.96738207928868,5286.132557270257,4335.467442729743,4810.8,4301.2,-0.0410120383595185,0
2019-05-07,4750.0,4955.0,4682.0,4752.0,94328076078,19849212,1577,4928.0,4700.0,49.52398247790796,183.9699992284577,214.36790550912252,5277.70202155268,4363.79797844732,4820.75,4319.16,0.015106382978723465,0
2019-05-08,4573.0,4901.0,4573.0,4818.0,52980433322,10996390,913,4752.0,4822.0,53.99399289987434,163.4798140476223,204.1902872168225,5264.839330853576,4412.860669146425,4838.85,4340.08,-0.025300705101617638,0
2019-05-11,4800.0,4850.0,4590.0,4729.0,31369884263,6633408,797,4818.0,4602.0,46.07085431275936,128.0133747857417,188.95490473060636,5255.20540142567,4433.19459857433,4844.2,4356.52,0.02564102564102555,0
2019-05-12,4580.0,4769.0,4510.0,4635.0,37935072458,8184846,700,4729.0,4630.0,47.13413321950027,101.00105485366112,171.36413475521732,5243.431511342132,4457.968488657868,4850.7,4373.72,0.020734341252699684,0
2019-05-13,4640.0,4749.0,4630.0,4703.0,13651466811,2902483,327,4635.0,4700.0,49.798913853994904,84.27059274329986,153.94542635283383,5230.321886148343,4488.2781138516575,4859.3,4390.72,-0.018723404255319154,0
2019-05-14,4711.0,4849.0,4711.0,4792.0,15421921024,3217995,584,4703.0,4771.0,52.41870892374418,75.86614986203858,138.3295710546748,5221.031882155963,4515.668117844038,4868.35,4408.14,-0.019283169146929402,0
2019-05-15,4800.0,4850.0,4680.0,4711.0,29926697693,6352163,789,4792.0,4700.0,49.6295137172544,62.75308321874854,123.21427348748955,5213.277212798669,4533.422787201332,4873.35,4423.62,0.020851063829787186,0
2019-05-18,4701.0,4790.0,4603.0,4676.0,13912817456,2975135,850,4711.0,4720.0,50.429662585859965,53.359619800572546,109.24334275010615,5214.551844854254,4526.148155145746,4870.35,4440.66,0.016949152542372836,0
2019-05-19,4621.0,4756.0,4564.0,4611.0,29806109926,6464680,987,4676.0,4726.0,50.68276675222668,45.87061433276358,96.56879706663764,5203.106423552968,4511.893576447032,4857.5,4457.88,0.019889970376639754,0
2019-05-20,4652.0,4750.0,4607.0,4638.0,26676504312,5751920,821,4611.0,4612.0,45.88852627940143,30.386400768722524,83.33231780705464,5199.600316986173,4481.899683013827,4840.75,4473.46,0.08412836079791841,1
2019-05-21,4614.0,4718.0,4614.0,4686.0,22059666354,4707972,659,4638.0,4679.0,48.94521082340983,23.253339990415043,71.31652224372672,5198.973324387546,4467.526675612454,4833.25,4490.64,0.06454370592006842,1
2019-05-22,4700.0,4815.0,4691.0,4747.0,16961180346,3573318,822,4686.0,4798.0,53.923680663780345,26.89264177390214,62.43174614976181,5195.272906833091,4464.027093166908,4829.65,4510.34,0.04210087536473539,0
2019-05-25,4819.0,4834.0,4720.0,4794.0,29443265148,6141839,804,4747.0,4800.0,54.00485879838479,29.597021897443483,55.86480129929814,5192.865886995738,4461.434113004261,4827.15,4530.74,0.027083333333333348,0
2019-05-26,4849.0,4869.0,4798.0,4822.0,34782280396,7213752,844,4794.0,4820.0,54.86129509655505,32.97399183016114,51.286639405470744,5193.00157232514,4461.59842767486,4827.3,4551.46,0.04149377593361003,0
2019-05-28,4868.0,5001.0,4820.0,4962.0,83900352171,16907916,1253,4822.0,5000.0,61.76216172583815,49.60296836627822,50.94990519763224,5180.2556586812325,4466.7443413187675,4823.5,4576.08,0.016000000000000014,0
2019-05-29,5000.0,5098.0,4930.0,4990.0,33644614941,6742196,736,4962.0,4981.0,60.707143130515,60.550423277864866,52.87000881367877,5176.142313856805,4468.0576861431955,4822.1,4600.2,0.008833567556715494,0
2019-06-01,4999.0,5099.0,4840.0,4984.0,38545899555,7734385,780,4990.0,5000.0,61.41691576444298,69.95312529374769,56.286632109692555,5153.186456054639,4478.913543945361,4816.05,4624.8,-0.0026000000000000467,0
2019-06-02,5000.0,5070.0,4911.0,4980.0,27125162013,5446730,432,4984.0,4930.0,57.30956424108352,70.93868242535063,59.21704217282417,5096.205449542553,4508.994550457448,4802.6,4647.86,0.0040567951318457585,0
2019-06-03,4981.0,5150.0,4905.0,5056.0,40227055506,7955654,736,4980.0,5020.0,60.927601952431615,78.08191171734325,62.990016081727994,5060.012102599494,4531.187897400507,4795.6,4672.46,-0.021513944223107595,0
2019-06-08,4820.0,5090.0,4820.0,4942.0,68576175237,13874985,1155,5056.0,5080.0,63.16866165231314,87.57496131400603,67.90700512818361,5093.597037696434,4515.502962303566,4804.55,4698.26,-0.0019685039370078705,0
2019-06-09,5098.0,5100.0,4701.0,4971.0,41331043272,8314139,859,4942.0,5025.0,59.78363716128902,89.62706613972205,72.2510173304913,5120.8423970059575,4520.757602994043,4820.8,4720.82,0.044975124378109355,0
2019-06-10,5049.0,5049.0,4880.0,4939.0,45876642394,9288874,691,4971.0,4987.0,57.49135398535288,87.18211047736531,75.2372359598661,5137.72035815102,4520.37964184898,4829.05,4738.74,0.0946460798074995,1
2019-06-11,5035.0,5035.0,4890.0,4956.0,13203059841,2664107,1059,4939.0,4950.0,55.26921095742228,81.3214516481421,76.4540790975213,5140.8677134635,4552.0322865365,4846.45,4753.14,0.07070707070707072,1
2019-06-12,4999.0,5000.0,4902.0,4976.0,38326137763,7702657,939,4956.0,4912.0,53.003319523708015,72.77168815916957,75.71760090985096,5138.715040939858,4582.384959060142,4860.55,4768.12,0.056596091205211696,1
2019-06-15,4901.0,5079.0,4891.0,5001.0,54665620630,10930247,932,4976.0,5070.0,60.29261129252522,77.84783712753506,76.14364815338779,5161.229712242162,4596.870287757838,4879.05,4785.52,0.00591715976331364,0
2019-06-16,5100.0,5251.0,5100.0,5249.0,451271397243,85966299,2481,5001.0,5251.0,66.67020642877513,95.37646851725094,79.99021222616042,5223.449422597895,4582.650577402105,4903.05,4804.1,-0.028946867263378362,0
2019-06-17,5302.0,5511.0,5227.0,5434.0,222251738897,40901078,2852,5249.0,5459.0,72.1967184555987,124.61540799902559,88.91525138073347,5328.8984403178965,4553.1015596821035,4941.0,4823.18,-0.05678695731819017,0
2019-06-18,5488.0,5494.0,5261.0,5342.0,48934827971,9159881,855,5434.0,5300.0,63.52541334062664,133.41952972407398,97.81610704940157,5373.867800153777,4566.132199846223,4970.0,4841.18,0.010754716981132173,0
2019-06-19,5369.0,5369.0,5131.0,5184.0,48792565156,9411509,984,5342.0,5190.0,58.30777775179708,130.02196663430732,104.25727896638271,5391.608132448431,4594.791867551568,4993.2,4856.98,0.07803468208092479,1
2019-06-22,5177.0,5177.0,5072.0,5100.0,68763472173,13482771,992,5184.0,5100.0,54.372798574026106,118.69883923766065,107.1455910206383,5377.552996932992,4657.647003067009,5017.6,4871.02,0.084313725490196,1
2019-06-23,5111.0,5257.0,5078.0,5115.0,63267917981,12368289,1014,5100.0,5099.0,54.328926390919975,108.39497772475897,107.39546836146243,5364.479364184108,4712.720635815893,5038.6,4882.98,0.11786624828397718,1
2019-06-24,5150.0,5151.0,5070.0,5102.0,85888789033,16832700,1375,5115.0,5149.0,56.230586824841986,103.07548534029411,106.53147175722879,5365.706634561488,4746.593365438512,5056.15,4896.76,0.15536997475237913,1
2019-06-25,5155.0,5357.0,5090.0,5329.0,272549552392,51144498,2051,5102.0,5357.0,63.11169604883161,114.32573506368772,108.09032441852057,5396.573831279954,4771.426168720046,5084.0,4914.0,0.1368303154750794,1
2019-06-26,5570.0,5595.0,5460.0,5589.0,531360083191,95072183,3598,5329.0,5595.0,69.09816000990728,140.82293088613278,114.63684571204301,5483.278986353416,4762.221013646584,5122.75,4935.9,0.05451295799821265,1
2019-06-30,5710.0,5710.0,5451.0,5574.0,71724678446,12867234,956,5589.0,5530.0,65.950271410041,154.79283723265144,122.66804401616471,5545.897387487951,4752.602612512049,5149.25,4955.94,0.06329113924050622,1
2019-07-01,5578.0,5760.0,5462.0,5666.0,64334753694,11354556,970,5574.0,5700.0,69.82246358260076,177.5351531767028,133.64146584827233,5640.351667030903,4730.048332969097,5185.2,4978.14,0.05263157894736836,1
2019-07-02,5799.0,5949.0,5703.0,5931.0,215692312806,36368331,1768,5666.0,5949.0,74.41241111907459,213.19326221347637,149.55182512131313,5787.605232429609,4677.6947675703905,5232.65,5005.12,0.007396201042191963,0
2019-07-03,6049.0,6181.0,6003.0,6074.0,89250693264,14694440,1352,5931.0,6090.0,76.58429053205148,249.9488375304527,169.63122760314104,5941.195701700495,4640.104298299504,5290.65,5031.32,-0.019704433497536922,0
2019-07-06,6100.0,6100.0,5775.0,5882.0,73332382653,12467543,1036,6074.0,5900.0,68.18548630034923,260.74082574141175,187.85314723079517,6023.908231725223,4645.391768274776,5334.65,5049.66,0.008474576271186418,0
2019-07-07,5900.0,5991.0,5800.0,5883.0,20514035076,3486881,510,5882.0,5880.0,67.34821742260856,264.62924014325836,203.20836581328783,6092.416612486938,4656.883387513061,5374.65,5068.32,0.022278911564625803,0
2019-07-08,5883.0,6020.0,5883.0,5976.0,24941960150,4173599,496,5883.0,6000.0,69.74846661779725,274.23265039948274,217.41322273052683,6171.35999893107,4675.44000106893,5423.4,5091.74,-0.01649999999999996,0
2019-07-09,6080.0,6080.0,5970.0,5993.0,31723599768,5293666,730,5976.0,5993.0,69.42785102715882,278.07312680650193,229.54520354572188,6232.728089072438,4714.671910927562,5473.7,5114.2,-0.03387285166027032,0
2019-07-10,5972.0,5999.0,5920.0,5954.0,37138689306,6237908,659,5993.0,5970.0,68.31665407885983,276.0783647116423,238.85183577890598,6273.118358941673,4776.281641058326,5524.7,5136.6,-0.028475711892797295,0
2019-07-13,5909.0,5999.0,5850.0,5954.0,50306177596,8449097,1161,5954.0,5950.0,67.3078430226529,269.77388313063693,245.0362452492522,6291.058788175314,4862.141211824687,5576.6,5159.26,-0.028907563025210137,0
2019-07-14,5987.0,6070.0,5987.0,6009.0,24009529621,3995512,417,5954.0,6011.0,68.82015609027756,266.6262251041435,249.35424122023048,6322.22605885181,4925.073941148189,5623.65,5177.96,-0.014972550324405254,0
2019-07-15,6090.0,6090.0,5852.0,6004.0,53386294801,8892021,740,6009.0,5901.0,63.147315792403404,252.34670699103208,249.95273437439081,6342.731757695995,4969.568242304004,5656.15,5195.8,0.02016607354685651,0
2019-07-16,5900.0,5900.0,5704.0,5737.0,90135741635,15711323,986,6004.0,5790.0,57.955771401088676,229.42860354638833,245.84790820879033,6355.421348722097,4989.978651277903,5672.7,5209.18,0.04404145077720201,0
2019-07-17,5700.0,5833.0,5700.0,5795.0,101404009583,17498459,867,5737.0,5800.0,58.288476482994405,209.65597431145216,238.6095214293227,6360.322396241566,5035.077603758434,5697.7,5221.2,0.055517241379310356,1
2019-07-20,5820.0,5900.0,5770.0,5791.0,47415162034,8187316,574,5795.0,5778.0,57.21578151246545,190.0203705027534,228.89169124400888,6347.864657499853,5106.335342500148,5727.1,5233.56,0.07113187954309441,1
2019-07-21,5771.0,5989.0,5771.0,5918.0,54454526240,9201943,732,5791.0,5921.0,62.09836347844696,183.87828352439828,219.88900970008677,6322.656005378572,5213.643994621427,5768.15,5253.96,0.03124472217530827,0
2019-07-22,5990.0,6050.0,5940.0,6013.0,58380529910,9709257,963,5918.0,6020.0,65.07033220438102,184.8680639997665,212.88482056002272,6285.504402696276,5342.895597303724,5814.2,5280.36,0.011794019933554889,0
2019-07-23,6040.0,6189.0,6014.0,6056.0,25518373447,4213795,911,6013.0,6045.0,65.79963275200461,185.53107646337776,207.41407174069374,6228.127620208629,5489.872379791371,5859.0,5304.82,0.0,0
2019-07-24,6119.0,6149.0,6062.0,6134.0,35868002586,5847408,779,6056.0,6122.0,68.014752457274,190.0786665535179,203.9469907032586,6203.576541456791,5590.923458543209,5897.25,5335.22,0.0014701078079060181,0
2019-07-27,6122.0,6189.0,6105.0,6131.0,27527343286,4490066,735,6134.0,6189.0,69.84493918064067,196.82018395686555,202.52162935398,6225.379539424089,5628.520460575911,5926.95,5366.4,-0.0066246566488932235,0
2019-07-28,6160.0,6190.0,6100.0,6113.0,26505573558,4335946,457,6131.0,6106.0,64.89134490690405,193.2379519058477,200.66489386435356,6202.0026142010865,5709.4973857989135,5955.75,5394.52,0.0027841467409106535,0
2019-07-29,6115.0,6150.0,6000.0,6106.0,18263562117,2990937,386,6113.0,6091.0,64.00782485954251,187.03263674444224,197.93844244037132,6198.209039746856,5752.390960253144,5975.3,5420.92,0.0014775898867180892,0
2019-07-30,6138.0,6138.0,6016.0,6046.0,16430128527,2717582,318,6106.0,6045.0,61.25352041509131,176.36998085736468,193.62475012376999,6204.665268910544,5755.534731089457,5980.1,5447.82,-0.007444168734491274,0
2019-07-31,6069.0,6199.0,6015.0,6131.0,18706591994,3051131,432,6046.0,6131.0,64.34276202779195,172.86653273093816,189.47310664520364,6211.390725005101,5752.909274994899,5982.15,5476.04,-0.025281357038003605,0
2019-08-03,6131.0,6148.0,6046.0,6100.0,19238201660,3153912,393,6131.0,6148.0,64.93786637212865,169.50780234435388,185.4800457850337,6231.378608915525,5757.721391084476,5994.55,5504.48,-0.026675341574495803,0
2019-08-04,6210.0,6210.0,6073.0,6105.0,23201961233,3800356,498,6100.0,6123.0,63.26566239744296,162.9503035817097,180.97409734436891,6243.708101129181,5769.6918988708185,6006.7,5534.7,-0.04295280091458431,0
2019-08-05,6077.0,6150.0,6050.0,6095.0,13934697241,2286222,330,6105.0,6100.0,61.691713668629085,154.12092074964767,175.60346202542468,6252.126371267504,5771.273628732496,6011.7,5563.12,-0.047213114754098395,0
2019-08-06,5951.0,6060.0,5904.0,5972.0,25507183341,4270894,416,6095.0,6000.0,55.25517572966805,137.4697413712547,167.9767178945907,6252.386826143767,5771.713173856233,6012.05,5587.16,-0.033333333333333326,0
2019-08-07,5999.0,5999.0,5836.0,5915.0,31366398708,5302573,556,5972.0,5976.0,53.80427334427172,120.94280890816844,158.56993609730625,6252.49102107066,5772.20897892934,6012.35,5610.68,-0.004685408299866078,0
2019-08-10,5902.0,6190.0,5843.0,5984.0,26900191363,4495039,750,5915.0,5984.0,54.23564932897163,107.2542685577946,148.30680258940393,6252.879206758426,5775.220793241574,6014.05,5633.96,-0.03074866310160429,0
2019-08-11,5984.0,5984.0,5860.0,5894.0,10801823144,1832588,449,5984.0,5860.0,46.921811699021134,85.41561992365223,135.72856605625358,6254.6044135054035,5758.3955864945965,6006.5,5651.16,-0.009044368600682584,0
2019-08-13,5865.0,5894.0,5602.0,5816.0,22761046108,3913832,534,5894.0,5812.0,44.42442104152479,63.503110367857516,121.28347491857438,6260.539051994202,5743.560948005798,6002.05,5667.78,0.015141087405368125,0
2019-08-14,5830.0,5900.0,5783.0,5820.0,43626986357,7495652,732,5816.0,5800.0,43.796826660100464,44.6542426490123,105.95762846466198,6259.430108223391,5745.66989177661,6002.55,5683.78,0.01724137931034475,0
2019-08-17,5800.0,5949.0,5772.0,5820.0,78106724280,13421530,817,5820.0,5948.0,52.67653943538867,41.183998793517276,93.00290253043305,6251.1100920568315,5768.789907943168,6009.95,5704.14,-0.00806993947545398,0
2019-08-18,5910.0,5910.0,5780.0,5807.0,50822964032,8752179,907,5820.0,5800.0,45.01705038101157,26.189545644129794,79.64023115317241,6248.134352079296,5773.965647920704,6011.05,5719.74,0.0672413793103448,1
2019-08-19,5820.0,5820.0,5785.0,5798.0,43135928881,7439684,881,5807.0,5807.0,45.42127887780439,14.70170291291015,66.65252550511995,6255.918373903932,5754.781626096069,6005.35,5734.28,0.08145341828827268,1
2019-08-21,5830.0,6030.0,5822.0,5925.0,24678927232,4164911,751,5798.0,5900.0,50.61591894477507,12.952518973487713,55.912524198793506,6253.94243900961,5744.757560990391,5999.35,5751.78,0.07118644067796609,1
2019-08-24,5926.0,5999.0,5900.0,5946.0,61062561916,10270049,1068,5925.0,5900.0,50.61591894477507,11.434468662276231,47.01691309149005,6249.324337885946,5734.875662114055,5992.1,5770.04,0.0847457627118644,1
2019-08-25,5920.0,5978.0,5840.0,5903.0,48588833827,8231411,720,5946.0,5900.0,50.61591894477507,10.114805670161331,39.63649160722431,6233.968772778114,5728.031227221886,5981.0,5789.04,0.10338983050847461,1
2019-08-28,6200.0,6500.0,6060.0,6181.0,110174169793,17823494,1469,5903.0,6190.0,63.97115447364295,32.099516366708485,38.129096559121145,6234.183541832894,5727.916458167107,5981.05,5814.6,0.09644588045234248,1
2019-08-31,6300.0,6390.0,6250.0,6308.0,75945208331,12040178,1296,6181.0,6280.0,66.95766783683919,56.13768552934016,41.73081435316495,6269.974106744698,5709.525893255302,5989.75,5838.8,0.07484076433121012,1
2019-09-01,6350.0,6360.0,6232.0,6312.0,44282935640,7015358,710,6308.0,6320.0,68.21859325064628,77.5221464342012,48.88908076937221,6313.872096613787,5688.5279033862125,6001.2,5860.18,0.06803797468354422,1
2019-09-02,6320.0,6400.0,6285.0,6305.0,78278709986,12416116,1160,6312.0,6400.0,70.63239662700633,99.77467681340386,59.06619997817854,6376.6205047957665,5661.279495204233,6018.95,5879.0,0.0635937499999999,1
2019-09-03,6400.0,6549.0,6382.0,6467.0,38761287848,5993708,1002,6305.0,6510.0,73.60131617926895,124.84689090749816,72.22233816404247,6452.878023515528,5622.921976484471,6037.9,5903.2,0.04009216589861753,0
2019-09-04,6500.0,6790.0,6470.0,6787.0,486072531513,71614709,2562,6467.0,6787.0,79.28147546911585,165.1644729936679,90.81076512996756,6597.040013183909,5542.659986816092,6069.85,5935.14,-0.014586709886547866,0
2019-09-07,6895.0,6898.0,6605.0,6754.0,207573701997,30731712,2066,6787.0,6750.0,76.90124904315407,191.91853903846095,111.03231991166625,6706.141187224711,5496.258812775289,6101.2,5968.14,-0.00029629629629635,0
2019-09-08,6711.0,6790.0,6700.0,6749.0,61897157254,9171242,946,6754.0,6750.0,76.90124904315407,210.69259603607952,130.9643751365489,6801.470050242475,5465.929949757525,6133.7,6001.16,-0.011851851851851891,0
2019-09-11,6750.0,6897.0,6750.0,6801.0,45663957892,6714002,791,6749.0,6807.0,78.07718935797423,227.54756837283458,150.28101378380603,6899.650296307016,5448.449703692984,6174.05,6034.32,-0.03922432789775232,0
2019-09-14,6890.0,6890.0,6730.0,6814.0,79841516216,11717322,1193,6801.0,6771.0,75.46412763941707,235.28810147572858,167.28243132219055,6977.73758907441,5449.862410925591,6213.8,6062.6,0.019642593413085274,0
2019-09-15,6790.0,6799.0,6550.0,6683.0,110410624281,16520810,1661,6814.0,6688.0,69.6743892323646,232.0501932061943,180.2359836989913,7031.978926920013,5466.021073079987,6249.0,6084.46,0.0388755980861244,0
2019-09-16,6950.0,6950.0,6690.0,6719.0,171019660008,25451868,3985,6683.0,6748.0,71.38358367735947,231.65524862799793,190.51983668479264,7083.783805502622,5503.016194497377,6293.4,6108.82,0.026822762299940628,0
2019-09-17,6770.0,6770.0,6611.0,6659.0,29180373947,4381860,652,6719.0,6670.0,66.1629322612115,222.4836510396326,196.91259955576064,7110.484241638125,5562.115758361875,6336.3,6128.22,0.03883058470764622,0
2019-09-18,6650.0,6800.0,6490.0,6561.0,53051377795,8085848,1137,6659.0,6540.0,58.485625075558254,202.39212984031928,198.00850561267237,7111.311138127869,5635.288861872132,6373.3,6140.04,0.06330275229357807,1
2019-09-23,6889.0,7080.0,6889.0,6986.0,142583110807,20410076,1282,6561.0,6904.0,69.24620363943787,213.38148354637997,201.0831011994139,7166.535148085186,5675.664851914815,6421.1,6156.32,0.02404403244495934,0
2019-09-24,7000.0,7000.0,6841.0,6918.0,60629149751,8764427,1092,6986.0,6948.0,70.25003230679826,223.06964974290804,205.48041090811276,7200.210606822964,5756.789393177036,6478.5,6177.28,0.013097294185377084,0
2019-09-25,6993.0,6994.0,6830.0,6910.0,70884999994,10258076,791,6918.0,6929.0,69.19964292925133,226.6023195579337,209.70479263807698,7211.862844101728,5857.337155898273,6534.6,6198.26,0.01746283735026699,0
2019-09-28,6930.0,7040.0,6851.0,6924.0,88672982236,12806038,1022,6910.0,6929.0,69.19964292925133,226.78771819297708,213.12137774905702,7217.447964837353,5954.652035162648,6586.05,6216.84,0.0015875306682060497,0
2019-09-29,7000.0,7040.0,6820.0,6922.0,77285594087,11165454,824,6924.0,6954.0,69.88673883083537,226.34280010712246,215.76566222067012,7204.876090196116,6072.623909803884,6638.75,6236.06,-0.0005752085130860118,0
2019-09-30,7230.0,7230.0,6982.0,7040.0,189367287005,26900484,1343,6922.0,7070.0,72.9068552720169,232.66837368536017,219.14620451360815,7181.868148649769,6212.631851350231,6697.25,6258.06,-0.00990099009900991,0
2019-10-01,7180.0,7180.0,6891.0,7062.0,61708862604,8738165,909,7040.0,7039.0,70.86151889782943,232.4998814895589,221.81693990879833,7186.40442129077,6292.995578709229,6739.7,6279.84,-0.01790026992470517,0
2019-10-02,7074.0,7194.0,6885.0,7082.0,61378425539,8666313,962,7062.0,7050.0,71.17058253948912,230.59579351291177,223.57271062962104,7191.247503322214,6365.152496677786,6778.2,6300.62,0.0017021276595745594,0
2019-10-05,6940.0,7195.0,6901.0,7023.0,69187229512,9851607,753,7082.0,6940.0,63.874447734801315,217.70118562792595,222.39840562928202,7169.7698822707025,6448.630117729297,6809.2,6321.4,0.05922190201729105,1
2019-10-06,7200.0,7200.0,6700.0,6971.0,124725758234,17891783,1002,7023.0,6950.0,64.23342069270699,205.915368218004,219.10179814702644,7148.888468718341,6524.511531281659,6836.7,6344.6,0.08546762589928059,1
2019-10-07,6830.0,7149.0,6830.0,7021.0,76951295135,10960923,771,6971.0,7000.0,66.04994974382288,198.32345579464072,214.9461296765493,7142.3537657594115,6580.046234240588,6861.2,6368.6,0.06714285714285717,1
2019-10-08,7154.0,7154.0,6850.0,6973.0,48260952352,6921159,1239,7021.0,6913.0,60.31024001324357,183.17510895816395,208.59192553287224,7147.364610125497,6587.635389874503,6867.5,6391.3,0.05453493418197608,1
2019-10-09,6973.0,7062.0,6920.0,7001.0,97288173645,13896319,1240,6973.0,7062.0,65.7928356013775,181.10532030897866,203.09460448809355,7169.727912110272,6596.472087889729,6883.1,6414.12,0.04233928065703774,0
2019-10-12,7140.0,7351.0,7090.0,7282.0,190414849521,26148731,1922,7001.0,7351.0,73.45274480811152,200.4739437854414,202.57047234756314,7257.804189007892,6568.495810992107,6913.15,6440.74,-0.034145014283770925,0
2019-10-13,7500.0,7643.0,7453.0,7571.0,50513670480,6672049,751,7282.0,7544.0,77.13505856223452,228.76019928653932,207.80841773535838,7386.687073315299,6513.312926684701,6950.0,6470.72,-0.060180275715800646,0
2019-10-14,7799.0,7799.0,7420.0,7603.0,150830234821,19839039,2304,7571.0,7470.0,72.95652040719017,242.41170773570138,214.729075735427,7468.149120446918,6501.750879553082,6984.95,6497.68,-0.07135207496653284,0
2019-10-15,7740.0,7744.0,7223.0,7348.0,85838899738,11681622,1278,7603.0,7290.0,63.890177845798654,235.98583307067747,218.98042720247707,7495.500403268297,6534.599596731703,7015.05,6519.7,-0.04814814814814816,0
2019-10-16,7440.0,7550.0,7315.0,7406.0,118178742673,15956346,1782,7348.0,7361.0,65.70077900957722,233.92583630382796,221.96950902274727,7532.267610924385,6559.132389075615,7045.7,6544.8,-0.0680614047004483,0
2019-10-22,7080.0,7199.0,6803.0,7103.0,70016118671,9857851,994,7046.0,7100.0,54.81909418730444,208.82554440610966,219.34071609941975,7522.45667485569,6611.94332514431,7067.2,6564.98,-0.03563380281690143,0
2019-10-23,7135.0,7350.0,7070.0,7146.0,25102051396,3512960,1126,7103.0,7090.0,54.44700776962431,185.98257446452317,212.66908777244046,7480.380748807423,6709.019251192577,7094.7,6585.88,-0.020028208744710896,0
2019-10-26,7120.0,7148.0,6890.0,7029.0,30587992792,4351544,765,7146.0,6937.0,48.970285564610585,153.76107294943904,200.8874848078402,7479.023895112607,6713.676104887394,7096.35,6602.0,-0.021190716448032276,0
2019-10-28,6910.0,6980.0,6822.0,6876.0,18696498087,2718913,707,7029.0,6939.0,49.04244257749985,126.9235880250917,186.0947054512905,7479.2911318753395,6712.50886812466,7095.9,6617.82,-0.01988759187202771,0
2019-10-30,6876.0,6939.0,6848.0,6865.0,22165062551,3228581,562,6876.0,6860.0,46.259899647138205,98.14865153991923,168.5054946690163,7482.962214918631,6701.937785081369,7092.45,6632.56,-0.003061224489795955,0
2019-11-02,6980.0,6980.0,6804.0,6901.0,19914379062,2885863,549,6865.0,6847.0,45.799398727176715,73.44864544424308,149.49412482406166,7487.271684044194,6689.428315955806,7088.35,6647.5,-0.011245801080765339,0
2019-11-03,6847.0,6948.0,6800.0,6865.0,18827732112,2742733,534,6901.0,6948.0,49.96663596024445,61.31674727305199,131.85864931385973,7487.384183361074,6688.715816638926,7088.05,6666.46,-0.021445020149683414,0
2019-11-04,6865.0,6980.0,6770.0,6843.0,25009515285,3654508,630,6865.0,6790.0,44.23672954715703,38.50894389365203,113.18870822981819,7494.032606783493,6654.067393216507,7074.05,6682.74,0.008689248895434432,0
2019-11-05,6750.0,6940.0,6723.0,6869.0,25974320949,3781301,546,6843.0,6801.0,44.712084382702216,21.07822678564662,94.76661194098388,7498.595311580569,6625.704688419431,7062.15,6699.08,0.007792971621820355,0
2019-11-09,6823.0,6899.0,6790.0,6826.0,30364949298,4448546,604,6869.0,6839.0,46.41156550263117,10.212813361589724,77.85585222510505,7498.778890379077,6604.421109620924,7051.6,6718.66,-0.007457230589267394,0
2019-11-10,6899.0,6899.0,6720.0,6799.0,20827149448,3063451,426,6826.0,6770.0,43.78001213316759,-3.9206337753385014,61.50055502501634,7504.672052880874,6581.527947119127,7043.1,6737.82,0.003397341211226035,0
2019-11-11,6750.0,6879.0,6690.0,6779.0,12919305363,1905855,380,6799.0,6799.0,45.18672451454044,-12.63577744358372,46.67328853129633,7507.783194513754,6563.316805486246,7035.55,6757.8,-0.00911898808648326,0
2019-11-12,6850.0,6944.0,6700.0,6830.0,27131650279,3972288,628,6779.0,6849.0,47.620243438999346,-15.331280004817017,34.27237482407366,7507.044465577745,6548.955534422255,7028.0,6775.82,-0.008614396262228041,0
2019-11-13,6800.0,6880.0,6750.0,6854.0,18594273150,2712888,382,6830.0,6854.0,47.86948797525247,-16.869565145329034,24.04398683019312,7507.604649755514,6542.495350244486,7025.05,6796.9,-0.020134228187919434,0
2019-11-16,6850.0,6850.0,6703.0,6793.0,8992715929,1324974,366,6854.0,6788.0,44.836619042659585,-23.147485809317004,14.605692302291096,7504.375060215675,6518.324939784326,7011.35,6816.52,-0.0026517383618149815,0
2019-11-17,6830.0,6895.0,6690.0,6798.0,37214153012,5473901,536,6793.0,6793.0,45.12029165431382,-27.403435209202144,6.203866799992449,7459.2892480666915,6507.610751933308,6983.45,6834.38,0.0001472103636095401,0
2019-11-18,6801.0,6880.0,6710.0,6814.0,25811596666,3787843,456,6798.0,6737.0,42.48513613496189,-34.89281510701221,-2.0154695814084835,7354.457217027588,6531.742782972413,6943.1,6851.12,0.006679530948493495,0
2019-11-19,6855.0,6869.0,6733.0,6796.0,16674254552,2453680,251,6814.0,6790.0,45.71642174481348,-36.13500374367777,-8.839376413862341,7246.3743097253155,6571.825690274685,6909.1,6868.92,-0.00589101620029453,0
2019-11-20,6729.0,6874.0,6710.0,6766.0,6873349643,1017718,272,6796.0,6716.0,42.155291327894986,-42.59956744769079,-15.591414620628033,7178.56062785132,6582.23937214868,6880.4,6879.44,0.007593805836807688,0
2019-11-23,6830.0,6840.0,6715.0,6772.0,28402543591,4194025,402,6766.0,6770.0,45.4920313411356,-42.87123909673028,-21.047379515848483,7054.931625828242,6646.768374171758,6850.85,6889.24,0.0019202363367798458,0
2019-11-24,6800.0,6849.0,6723.0,6795.0,22709979846,3342046,386,6772.0,6794.0,46.95654261801203,-40.6809962109719,-24.974102854873166,7005.679920944851,6665.4200790551495,6835.55,6898.72,0.00044156608772438766,0
2019-11-25,6835.0,6888.0,6710.0,6814.0,16593961115,2435178,511,6795.0,6782.0,46.28689632152129,-39.45865781089469,-27.871013846077474,6945.130438472203,6695.169561527796,6820.15,6906.36,0.009879091713358878,0
2019-11-26,6800.0,6852.0,6701.0,6794.0,28651567421,4216950,499,6814.0,6750.0,44.46581624385556,-40.60402051384335,-30.41761517963065,6927.092046162694,6694.507953837307,6810.8,6911.16,0.004444444444444473,0
2019-11-27,6847.0,6847.0,6746.0,6783.0,31356652022,4622903,604,6794.0,6767.0,45.68831351243259,-39.68253521827501,-32.27059918735952,6903.810235708355,6700.589764291644,6802.2,6910.76,0.011378749815279976,0
2019-11-30,6838.0,6839.0,6750.0,6795.0,39326779057,5787580,799,6783.0,6783.0,46.873680902944784,-37.23199790444414,-33.262878930776445,6896.690785031991,6700.0092149680095,6798.35,6911.42,0.010762199616688672,0
2019-12-01,6795.0,6936.0,6753.0,6839.0,38647999873,5651433,900,6795.0,6797.0,47.94426552721311,-33.77095587333042,-33.36449431928724,6891.625309974485,6700.074690025515,6795.85,6912.36,0.013241135795203807,0
2019-12-02,6948.0,6995.0,6821.0,6903.0,21539902169,3120480,523,6839.0,6849.0,51.827308348075746,-26.52631091022522,-31.996857637474836,6861.6810709209,6720.118929079099,6790.9,6913.2,0.022047014162651424,0
2019-12-03,6903.0,6910.0,6780.0,6878.0,26703428549,3882409,617,6903.0,6780.0,46.834967227535806,-26.052286384599938,-30.807943386899858,6861.3405384861835,6719.459461513816,6790.4,6913.38,0.032448377581120846,0
2019-12-04,6910.0,6914.0,6800.0,6856.0,16859859508,2458984,468,6878.0,6844.0,51.501452472707804,-20.278594390053513,-28.70207358753059,6867.156903170614,6717.943096829386,6792.55,6916.5,0.027907656341320974,0
2019-12-07,6996.0,6996.0,6800.0,6877.0,19300475215,2806545,670,6856.0,6856.0,52.34604783245123,-14.566686481050056,-25.87499616623449,6870.451670979344,6716.348329020655,6793.4,6918.66,0.04929988331388557,0
2019-12-08,6900.0,6900.0,6534.0,6833.0,35254299616,5159205,755,6877.0,6887.0,54.54814608443336,-7.452608358826183,-22.19051860475283,6885.521374167264,6712.978625832736,6799.25,6923.0,0.03383185712211412,0
2019-12-09,6900.0,7100.0,6900.0,6971.0,111289638651,15964914,1261,6833.0,7000.0,61.52715160376749,7.220274595722003,-16.308359964657864,6932.177337213606,6686.4226627863945,6809.3,6932.2,0.01857142857142846,0
2019-12-10,7090.0,7110.0,6990.0,7063.0,156386681716,22140842,1727,6971.0,7000.0,61.52715160376749,18.633840732811223,-9.319919825164048,6964.596099781703,6669.103900218298,6816.85,6934.12,0.030999999999999917,0
2019-12-11,7000.0,7099.0,6931.0,7045.0,44746766037,6351487,590,7063.0,7035.0,63.53827236719152,30.15576473499823,-1.424782913131592,7001.237274989385,6650.5627250106145,6825.9,6935.86,0.0520255863539445,1
2019-12-14,7031.0,7198.0,7031.0,7129.0,127141445491,17834107,1366,7045.0,7194.0,70.9639366031345,51.52301841494682,9.16477735248409,7082.646695897192,6609.753304102807,6846.2,6941.16,0.042535446205171024,0
2019-12-15,7200.0,7289.0,7111.0,7183.0,90401049621,12585431,1484,7129.0,7120.0,64.39123248784277,61.77345342442186,19.686512566871645,7125.732427226242,6599.367572773758,6862.55,6944.98,0.08960674157303372,1
2019-12-16,7179.0,7194.0,7112.0,7157.0,34442640599,4812355,637,7183.0,7130.0,64.86482138486409,69.89817084296374,29.728844222090064,7163.044868211425,6601.355131788575,6882.2,6948.5,0.12805049088359044,1
2019-12-17,7156.0,7244.0,7100.0,7192.0,107900473229,15002878,1240,7157.0,7217.0,68.75786453209402,82.40730077665921,40.264535533003894,7216.229692338165,6590.870307661836,6903.55,6951.44,0.16308715532769846,1
2019-12-18,7359.0,7410.0,7201.0,7351.0,108714457082,14789922,1331,7192.0,7401.0,75.05350410204798,105.94684929135838,53.40099828467479,7305.9475791047425,6569.652420895258,6937.8,6958.68,0.13511687609782452,1
2019-12-21,7454.0,7510.0,7401.0,7479.0,94481617145,12632614,1257,7351.0,7500.0,77.66175975630972,131.07957990211798,68.93671460816344,7407.642866562583,6540.957133437418,6974.3,6967.68,0.1259999999999999,1
2019-12-22,7500.0,7770.0,7470.0,7660.0,113632858844,14833624,1223,7479.0,7758.0,82.72950330103092,169.8578779031168,89.12094726715412,7565.481215145301,6479.518784854699,7022.5,6984.04,0.09718999742201606,1
2019-12-23,7800.0,8043.0,7785.0,8030.0,649521962726,80889464,3164,7660.0,8043.0,86.39993064905838,221.03907573406377,115.50457296053605,7775.21904381787,6395.88095618213,7085.55,7005.9,0.09996270048489375,1
2019-12-24,8239.0,8431.0,8080.0,8363.0,247799679548,29629035,3909,8030.0,8394.0,89.39049883401347,286.61934097786525,149.7275265640019,8044.394483243145,6291.105516756855,7167.75,7033.78,0.08577555396711944,1
2019-12-25,8394.0,8445.0,8150.0,8314.0,70523094093,8481997,1444,8363.0,8401.0,89.44036855670376,335.2919779526046,186.84041684172246,8256.359623551501,6242.540376448499,7249.45,7063.54,0.07963337697893103,1
2019-12-28,8365.0,8450.0,8113.0,8368.0,77910723823,9310856,1413,8314.0,8445.0,89.76600028101467,373.1147906484539,224.09529160306874,8440.971124844078,6224.128875155922,7332.55,7091.2,0.04677323860272353,0
2019-12-29,8499.0,8570.0,8300.0,8426.0,51168304605,6072549,940,8368.0,8512.0,90.25861292893742,403.8407573970726,260.04438476186954,8609.95550391067,6226.64449608933,7418.3,7114.42,0.06332236842105265,1
2019-12-30,8500.0,8847.0,8430.0,8724.0,169002742854,19372813,1985,8426.0,8847.0,92.26375467358226,450.0352811186722,298.04256403323006,8831.036257878559,6205.363742121442,7518.2,7140.48,0.0003390979993218579,0
2019-12-31,9144.0,9144.0,8900.0,9001.0,75302861213,8366109,1523,8724.0,9114.0,93.42533453916,502.39810989065245,338.91367320471454,9073.437854907042,6196.362145092958,7634.9,7173.36,-0.004827737546631572,0
2020-01-01,9200.0,9299.0,8997.0,9156.0,77031805628,8412968,1682,9001.0,9070.0,91.00046405277777,534.1878120921683,377.9685009822053,9264.962074849294,6227.437925150705,7746.2,7208.96,0.007607497243660388,0
2020-01-04,8814.0,9156.0,8750.0,8859.0,226653488897,25584438,3132,9156.0,8840.0,79.39932716909097,534.6590851891715,409.3066178235986,9377.739440202631,6313.060559797367,7845.4,7238.54,0.08540723981900444,1
2020-01-05,8859.0,9088.0,8859.0,9003.0,70673222500,7849763,1230,8859.0,9051.0,81.70373191938523,545.7672440521892,436.59874306931675,9505.445146913988,6401.754853086012,7953.6,7277.56,0.10982211910286166,1
2020-01-07,9054.0,9453.0,8601.0,9066.0,199361524917,21989995,2153,9003.0,8850.0,73.29292442542398,532.2164597533883,455.7222864061311,9579.995159390133,6512.2048406098675,8046.1,7312.76,0.11638418079096047,1
2020-01-08,8885.0,9200.0,8885.0,8960.0,158689908434,17710450,1508,9066.0,9070.0,76.18291076339074,533.0844611175371,471.1947213484123,9666.437024864723,6632.762975135278,8149.6,7355.42,0.108930540242558,1
2020-01-11,9139.0,9139.0,9139.0,9139.0,27255806318,2982362,235,8960.0,9139.0,77.02271723391377,533.1937560767128,483.5945282940724,9739.334351236252,6770.265648763746,8254.8,7399.42,0.1128132180763759,1
2020-01-12,9595.0,9595.0,9490.0,9568.0,305224820073,31900998,2785,9139.0,9595.0,81.63216533409134,563.5791722860195,499.59145709246184,9884.936788896724,6864.763211103275,8374.85,7454.12,0.05231891610213646,1
2020-01-13,9898.0,10046.0,9855.0,10035.0,253603758227,25272791,2377,9568.0,10045.0,84.85998290018483,616.8602912843526,523.04522393084,10082.431598348152,6959.768401651848,8521.1,7518.08,-0.006470881035340992,0
2020-01-14,10336.0,10400.0,9730.0,9901.0,73570150387,7430589,1670,10035.0,9880.0,79.35351274791596,638.4126176644204,546.1187026775561,10189.75033879772,7127.44966120228,8658.6,7576.72,-0.007591093117408909,0
2020-01-15,9802.0,10118.0,9500.0,9930.0,84990192014,8558738,1495,9901.0,10058.0,80.80086038926913,662.2224161939412,569.3394453808332,10297.222921711584,7304.077078288416,8800.65,7642.08,-0.007755020878902341,0
2020-01-18,10200.0,10299.0,9930.0,10189.0,98098338234,9628172,1465,9930.0,10170.0,81.6714959636908,682.26459548409,591.9244754014846,10404.117665422613,7474.082334577388,8939.1,7709.46,-0.01740412979351036,0
2020-01-19,10279.0,10279.0,10002.0,10182.0,71755513667,7047013,1846,10189.0,10097.0,79.15204279278343,684.3687006774089,610.4133204566695,10459.193644114332,7678.70635588567,9068.95,7774.62,-0.0432801822323462,0
2020-01-20,10149.0,10149.0,9950.0,10013.0,55700494580,5562695,1080,10182.0,9980.0,75.1506060799742,668.8848092969329,622.1076182247222,10486.070286978833,7874.029713021167,9180.05,7838.82,-0.02434869739478962,0
2020-01-21,9979.0,9979.0,9802.0,9840.0,510243018953,51853980,3207,10013.0,9805.0,69.49180669285599,635.1708224968806,624.720259079154,10490.515947660624,8045.784052339375,9268.15,7898.94,-0.0005099439061703182,0
2020-01-22,9800.0,10250.0,9800.0,9983.0,24493297513,2453598,702,9840.0,9980.0,71.78019881220027,615.4784303031429,622.8718933239518,10538.056143945278,8156.843856054724,9347.45,7961.56,-0.023647294589178358,0
2020-01-25,9979.0,10210.0,9885.0,9954.0,39242116763,3942184,1033,9983.0,9993.0,71.94852806504247,594.0729557319446,617.1121058055503,10565.642020875002,8288.457979124996,9427.05,8024.34,-0.03202241569098374,0
2020-01-26,9999.0,10000.0,9620.0,9734.0,75992945666,7807286,1380,9954.0,9660.0,61.78239177602,543.9681200339164,602.4833086512235,10536.417299113557,8439.182700886442,9487.8,8081.78,0.019875776397515477,0
2020-01-27,9748.0,9803.0,9416.0,9656.0,54072328940,5599703,1030,9734.0,9737.0,63.08139570131761,504.65557787695616,582.9177624963701,10501.192316043247,8596.907683956751,9549.05,8140.66,0.00462154667762138,0
2020-01-28,9740.0,9974.0,9700.0,9827.0,47253643513,4808491,836,9656.0,9800.0,64.15491794094652,473.12973341920406,560.960156680937,10497.54029661211,8695.859703387892,9596.7,8201.92,0.004183673469387861,0
2020-02-01,9999.0,9999.0,9622.0,9759.0,30880495996,3164418,748,9827.0,9744.0,62.4174999971373,438.5709694318575,536.4823192311211,10503.005029706726,8753.394970293275,9628.2,8261.0,0.049979474548440095,0
2020-02-02,9699.0,9699.0,9550.0,9615.0,31255619814,3250600,868,9759.0,9673.0,60.19179970646112,400.83323731149176,509.3525028471953,10494.849677226584,8821.850322773416,9658.35,8320.14,0.07453737206657718,1
2020-02-03,9650.0,9934.0,9600.0,9778.0,240004404904,24545289,2018,9615.0,9852.0,63.70561641106656,380.9779402107906,483.6775903199144,10459.317236758223,8958.582763241779,9708.95,8381.78,0.053999187982135544,1
2020-02-04,10000.0,10000.0,9700.0,9829.0,54383819172,5533231,1351,9778.0,9782.0,61.42231911814223,355.49612122635517,458.04129650120257,10432.664463574887,9058.335536425113,9745.5,8441.54,0.06828869351870792,1
2020-02-05,9900.0,9900.0,9750.0,9832.0,143815254601,14626773,1844,9829.0,9841.0,62.63782087997472,336.1870479909576,433.6704467991536,10346.243423400672,9243.856576599326,9795.05,8502.72,0.06493242556650758,1
2020-02-08,9845.0,10239.0,9845.0,10019.0,194349484435,19398941,2861,9832.0,10231.0,69.48266240040925,348.3387763906776,416.6041127174584,10325.546780071725,9380.653219928276,9853.1,8572.34,0.07027661030202337,1
2020-02-09,10400.0,10519.0,10240.0,10462.0,164145898551,15689460,3913,10019.0,10394.0,71.80740034427747,366.89253765666217,406.6617977052992,10320.797539812416,9510.902460187584,9915.85,8644.88,0.08764671926111212,1
2020-02-10,10400.0,10510.0,10021.0,10307.0,65592347330,6363883,2679,10462.0,10384.0,71.44780559993067,376.45012796298215,400.6194637568358,10380.74240503283,9529.857594967169,9955.3,8716.9,-0.22476887519260402,0
2020-02-12,10100.0,10549.0,10100.0,10426.0,79008717522,7577953,1942,10307.0,10450.0,72.42915317983073,384.91319583303084,397.47821017207485,10451.677493430188,9499.42250656981,9975.55,8789.96,-0.22296650717703348,0
2020-02-15,10589.0,10589.0,10352.0,10443.0,68100413795,6521136,1682,10426.0,10480.0,72.88534702021416,389.550491790098,395.89266649567946,10527.244728744798,9483.855271255201,10005.55,8862.58,-0.24036259541984728,0
2020-02-16,10501.0,10960.0,10498.0,10767.0,130160983852,12088342,2562,10443.0,10950.0,78.80284559062407,426.2372565223868,401.9615845010209,10715.022702101762,9385.277297898238,10050.15,8945.98,-0.24410958904109592,0
2020-02-17,11100.0,11305.0,10999.0,11267.0,385996673469,34259272,3986,10767.0,11305.0,81.99848861137065,478.44213195056363,417.2576939909295,10967.847361921788,9245.952638078212,10106.9,9035.2,-0.23856700574966827,0
2020-02-25,7900.0,8289.0,7900.0,8055.0,489463953132,60763966,9033,7184.0,8050.0,32.94919181024507,254.23293598175042,384.6527423890937,11247.721826418257,8761.378173581741,10004.55,9059.08,0.09565217391304337,1
2020-02-26,8380.0,8380.0,8110.0,8200.0,287320315895,35039170,7198,8055.0,8120.0,33.86538591299107,81.25726465596381,323.97364684246776,11401.873921166176,8421.226078833823,9911.55,9083.74,0.10147783251231535,1
2020-02-29,7822.0,8190.0,7822.0,7921.0,127918983563,16148942,3927,8200.0,7961.0,32.770057273755754,-67.87475435604574,245.60396660276504,11535.6601438843,8103.0398561157,9819.35,9102.96,0.11041326466524315,1
2020-03-01,8080.0,8300.0,8000.0,8199.0,153977799716,18781151,3470,7921.0,8277.0,37.12273673966571,-158.7346011106838,164.73625306007528,11574.668809841713,7893.731190158289,9734.2,9128.5,0.03419113205267599,0
2020-03-02,8485.0,8608.0,8485.0,8607.0,725694921431,84318589,5100,8199.0,8608.0,41.40230605530826,-201.7075910055064,91.44748424695896,11564.532319879869,7765.367680120133,9664.95,9159.96,-0.03578066914498146,0
2020-03-03,9030.0,9030.0,8650.0,8865.0,469242255636,52931909,8492,8607.0,8820.0,44.02988159560573,-216.16554501420978,29.924878394725212,11557.92808514727,7687.971914852731,9622.95,9192.48,-0.08163265306122447,0
2020-03-04,9130.0,9130.0,8864.0,8975.0,469516543155,52312267,7246,8865.0,8944.0,45.56734473698501,-215.1378389524907,-19.087665074717975,11539.685657277265,7626.914342722733,9583.3,9228.96,-0.1122540250447227,0
2020-03-07,8900.0,9160.0,8670.0,8927.0,141533332653,15853850,3944,8975.0,8840.0,44.46414346105821,-220.1772391724844,-59.30557989427127,11515.03130500081,7555.568694999189,9535.3,9263.16,-0.06052036199095023,0
2020-03-09,8555.0,8560.0,8555.0,8918.0,2797850705,327042,82,8927.0,8560.0,41.54767594201524,-243.9525272175215,-96.23496935892132,11497.695498610003,7454.504501389998,9476.1,9290.02,-0.0210280373831776,0
2020-03-10,8481.0,8900.0,8180.0,8400.0,241600423282,28760389,4175,8918.0,8300.0,38.99024907752208,-280.5405446064542,-133.0960844084279,11489.969001113854,7324.930998886148,9407.45,9308.0,-0.012650602409638556,0
2020-03-11,8130.0,8561.0,8053.0,8300.0,112338475834,13542999,3561,8400.0,8100.0,37.09853880239419,-321.9637429071099,-170.86961610816434,11466.603481422648,7173.096518577352,9319.85,9320.0,0.01975308641975304,0
2020-03-14,8020.0,8100.0,7885.0,7910.0,182364942001,23055794,4230,8300.0,7940.0,35.61004902889954,-363.5122459300492,-209.3981420725413,11444.21149301094,7011.28850698906,9227.75,9323.64,-0.007556675062972307,0
2020-03-15,8000.0,8305.0,7994.0,8172.0,164363921574,20113997,3892,7910.0,8305.0,41.38750718186767,-362.8050930741756,-240.07953227286816,11383.479280883075,6918.420719116925,9150.95,9328.88,-0.012642986152919922,0
2020-03-16,8550.0,8550.0,8296.0,8314.0,59332147392,7009726,2582,8172.0,8380.0,42.528606701157955,-352.13361897827235,-262.49034961394904,11257.376161762633,6859.423838237366,9058.4,9328.6,-0.017899761336515496,0
2020-03-17,8443.0,8443.0,8030.0,8273.0,54773251318,6660184,1798,8314.0,8195.0,40.43733251147942,-354.5176934731826,-280.8958183857958,11088.418829212322,6808.48117078768,8948.45,9324.48,0.011592434411226371,0
2020-03-18,8190.0,8355.0,8139.0,8260.0,71845511974,8707783,2379,8273.0,8260.0,41.52532021377996,-347.1602852458527,-294.1487117578072,10895.779826907898,6788.720173092102,8842.25,9320.78,0.0,0
2020-03-24,8071.0,8173.0,7847.0,7859.0,175939313901,22387068,3133,8260.0,7880.0,37.242378357926874,-367.7530818170817,-308.8695857696621,10668.014247741437,6759.485752258562,8713.75,9308.14,0.09137055837563457,1
2020-03-25,7862.0,8251.0,7849.0,8136.0,125985608309,15484357,3077,7859.0,8200.0,42.61039088071421,-354.1690554063098,-317.9294796969916,10387.492920556655,6812.007079443345,8599.75,9295.2,0.030853658536585282,0
2020-03-28,8185.0,8354.0,8009.0,8163.0,111126094947,13608989,3748,8136.0,8230.0,43.101753244015576,-337.09702268668843,-321.762988294931,9893.662147651201,7033.837852348799,8463.75,9277.52,0.045078979343863956,0
2020-03-29,8300.0,8360.0,8205.0,8302.0,133605833703,16093432,3126,8163.0,8290.0,44.132012040001875,-315.09361217773585,-320.429113071492,8900.574676105522,7725.425323894478,8313.0,9261.92,0.061158021712907074,1
2020-03-30,8300.0,8304.0,8020.0,8261.0,52428654818,6387568,1656,8302.0,8260.0,43.705882123970575,-296.6568248880685,-315.67465543480733,8899.287287112616,7747.7127128873835,8323.5,9250.32,0.07506053268765123,1
2020-04-04,8345.0,8670.0,8263.0,8565.0,121647085462,14190708,3092,8261.0,8600.0,49.64073582822906,-251.70883684188448,-302.8814917162228,8927.357741174937,7767.642258825063,8347.5,9241.3,0.07790697674418601,1
2020-04-05,8720.0,8730.0,8211.0,8528.0,53366735017,6293295,2160,8565.0,8453.0,47.31801701822803,-225.35119564510933,-287.3754325020001,8925.42084724913,7818.779152750872,8372.1,9233.36,0.2183840056784574,1
2020-04-06,8366.0,8649.0,8186.0,8379.0,177219591780,21150087,2905,8528.0,8601.0,49.86166717202299,-190.3262494579485,-267.96559589318974,8948.464654365562,7828.135345634437,8388.3,9223.98,0.23357749098941993,1
2020-04-07,8690.0,8797.0,8354.0,8688.0,396897839295,45682663,4155,8379.0,8797.0,53.091818730440025,-145.0807645596542,-243.38862962648264,8978.422670271719,7817.077329728282,8397.75,9217.14,0.2821416391951801,1
2020-04-08,8925.0,9122.0,8800.0,8985.0,221617389738,24665519,4014,8688.0,8880.0,54.43067007134922,-101.35759816287464,-214.98242333376103,8990.664188675342,7810.835811324658,8400.75,9202.84,0.34673423423423433,1
2020-04-11,9345.0,9434.0,8985.0,9358.0,245576576777,26241672,4181,8985.0,9270.0,60.1816079857727,-34.835372659268614,-178.95301319886255,9079.644136708499,7754.455863291499,8417.05,9187.34,0.3503775620280474,1
2020-04-14,10000.0,10470.0,9900.0,10105.0,698209245382,69092560,7326,9358.0,10299.0,70.69144345918467,99.7656344750012,-123.2092836640898,9534.18101878959,7445.81898121041,8490.0,9195.72,0.2735217011360327,1
2020-04-15,10610.0,10610.0,10540.0,10610.0,1080778980276,101864399,4878,10105.0,10610.0,73.01013318958883,228.89445049786264,-52.78853683169931,9987.558780123776,7197.441219876224,8592.5,9206.76,0.2886899151743638,1
2020-04-19,11500.0,11800.0,11140.0,11390.0,641311037145,56306955,4967,10610.0,11279.0,77.1904999605465,380.8227884018361,33.933728215007775,10553.573006310666,6929.326993689336,8741.45,9228.94,0.2724532316694743,1
2020-04-20,11690.0,11959.0,11497.0,11922.0,380282714268,31897880,2692,11390.0,11959.0,80.49709121935373,549.7601153818523,137.0990056483767,11197.827701518287,6670.972298481713,8934.4,9266.18,0.25687766535663514,1
2020-04-21,12499.0,12518.0,12002.0,12492.0,693423311816,55507466,6344,11922.0,12518.0,82.7153531975124,720.4459400484538,253.76839252839216,11862.224904475908,6464.37509552409,9163.3,9316.94,0.2504393673110721,1
2020-04-22,12898.0,13116.0,11963.0,13022.0,863327544711,66295079,7022,12492.0,13116.0,84.71785053868442,893.667643818033,381.74824278632036,12570.894380806847,6236.805619193153,9403.85,9383.16,0.25251601097895704,1
2020-04-25,13672.0,13673.0,13500.0,13669.0,653808849355,47833251,5430,13022.0,13673.0,86.30891573730813,1063.6314556737616,518.1248853638086,13299.682479578816,6037.317520421184,9668.5,9457.02,0.2615373363563227,1
2020-04-26,14352.0,14352.0,14006.0,14316.0,722190243194,50446280,7563,13669.0,14352.0,87.95519187150794,1238.8380723051905,662.267522752085,14070.149422297101,5882.550577702899,9976.35,9544.2,0.32176700111482726,1
2020-04-27,14690.0,15031.0,14500.0,14908.0,753789816540,50563775,7967,14316.0,15031.0,89.3361022525972,1416.1556429160792,813.0451467848839,14877.95327165923,5751.846728340771,10314.9,9651.62,0.19160401836205176,1
2020-04-28,15648.0,15653.0,15200.0,15646.0,1152734514558,73677607,8383,14908.0,15653.0,90.41965946785601,1588.5593732475027,968.1479920774077,15676.534475141652,5730.565524858347,10703.55,9769.94,0.12163802465980966,1
2020-04-29,16428.0,16428.0,16428.0,16428.0,1978058418432,120407744,8421,15646.0,16428.0,91.5691449721918,1767.3536420456549,1127.9891220710572,16532.872829830616,5697.027170169385,11114.95,9902.5,0.09495982468955444,1
2020-05-02,17249.0,17249.0,17249.0,17249.0,337187453768,19548232,3298,16428.0,17249.0,92.5842351813367,1952.786717120609,1292.9486410809677,17431.15283001506,5700.64716998494,11565.9,10052.6,0.0023769493883702975,0
2020-05-04,18111.0,19016.0,18111.0,18853.0,1331411190686,70621792,13605,17249.0,18970.0,94.16909650628294,2213.102810502747,1476.9794749653238,18586.686720711536,5613.113279288464,12099.9,10238.54,-0.11217712177121775,0
2020-05-05,19600.0,19600.0,17911.0,18481.0,757842441541,41005878,11494,18853.0,17911.0,82.4870044379608,2307.3549883890046,1643.0545776500599,19287.05992079326,5877.8400792067405,12582.45,10399.72,-0.16129752665959463,0
2020-05-06,17557.0,18230.0,17557.0,17636.0,2739945635365,155362478,17739,18481.0,17557.0,78.96073581280332,2326.6653273210995,1779.776727584268,19807.228776370554,6253.371223629447,13030.3,10555.22,-0.12576180440849805,0
2020-05-09,17930.0,18517.0,17750.0,18176.0,1980052511441,108935259,18843,17636.0,17988.0,80.07742916793225,2349.661572042016,1893.7536964758178,20270.408942862574,6743.691057137426,13507.05,10718.16,-0.1821770068934846,0
2020-05-10,18450.0,18498.0,17268.0,17462.0,2069201030492,118500449,20910,18176.0,17290.0,73.29277971168699,2285.220891159064,1972.0471354124672,20501.706841251198,7381.293158748801,13941.5,10859.34,-0.09947946790052054,0
2020-05-11,16801.0,17460.0,16589.0,16644.0,1130927926817,67949657,10775,17462.0,16842.0,69.23798398132108,2172.9528831606385,2012.2282849621017,20570.98835660712,8116.511643392882,14343.75,10988.3,-0.04209713810711313,0
2020-05-12,15812.0,15812.0,15022.0,15088.0,958544170024,63530625,9430,16644.0,15022.0,55.74540623006997,1915.0454366301274,1992.791715295707,20353.721882656915,8947.978117343086,14650.85,11081.06,0.038410331513779816,0
2020-05-13,14445.0,15842.0,14407.0,15478.0,1374696722823,88817335,13480,15088.0,15349.0,57.353441441090546,1717.2427883611472,1937.6819299087952,20098.72638360997,9810.873616390028,14954.8,11179.04,-0.0031923903837383083,0
2020-05-16,15800.0,15800.0,14705.0,14829.0,626197294816,42227051,6881,15478.0,14711.0,53.28524624860484,1491.8048982545552,1848.5065235779473,19859.61969595777,10491.180304042231,15175.4,11263.66,-0.020868737679287652,0
2020-05-17,14620.0,15570.0,14251.0,15365.0,1245389029765,81052771,11410,14829.0,15570.0,57.641744407712274,1366.7033615812452,1752.145891178607,19613.682157563926,11233.117842436071,15423.4,11356.06,-0.119781631342325,0
2020-05-18,16133.0,16133.0,15800.0,16132.0,887136480334,54992548,6433,15365.0,16133.0,60.25773399639115,1298.026050950235,1661.3219231329326,19406.199939840986,11926.000060159015,15666.1,11452.62,-0.10648980350833692,0
2020-05-19,16800.0,16800.0,15326.0,15917.0,752001931708,47245545,11410,16132.0,15599.0,56.68203522081789,1186.8284309293558,1566.4232246922174,19181.00173272458,12515.198267275422,15848.1,11603.6,-0.05673440605167002,0
2020-05-20,15211.0,15574.0,15122.0,15162.0,527780771950,34808601,7459,15917.0,15300.0,54.72391259741165,1062.3308262870214,1465.6047450111785,18965.95951362282,13008.440486377182,15987.2,11747.2,-0.019607843137254943,0
2020-05-23,14508.0,14508.0,14404.0,14426.0,230665803979,15989406,2912,15162.0,14404.0,49.23495927886999,881.2078502705263,1348.725366063048,18828.102360884724,13275.097639115278,16051.6,11876.06,0.05317967231324627,1
2020-05-26,13705.0,14404.0,13705.0,13729.0,330966000000,24107453,4280,13748.0,13705.0,45.40844875631273,673.499446265916,1213.6801821036217,18824.24923088682,13282.150769113181,16053.2,11984.62,0.14556731120029176,1
2020-05-27,13117.0,14415.0,13117.0,14014.0,425697759992,30377177,6397,13729.0,14415.0,49.68589841925591,559.7279109772226,1082.889727878342,18819.789471021293,13292.910528978708,16056.35,12100.76,0.14824835241068324,1
2020-05-30,14714.0,14714.0,14614.0,14714.0,226672121786,15405452,3175,14014.0,14714.0,51.41245936135485,488.0638544293597,963.9245531885456,18830.78761958305,13250.21238041695,16040.5,12218.64,0.13497349463096375,1
2020-05-31,15250.0,15250.0,13979.0,14673.0,354277065431,24145275,5929,14714.0,15000.0,53.07132056958286,449.16963514622694,860.9735695800819,18830.60356876906,13185.096431230942,16007.85,12339.76,0.10473333333333334,1
2020-06-01,15298.0,15300.0,14732.0,15068.0,231506851317,15364239,4457,14673.0,15170.0,54.07501548652265,427.1394675010779,774.2067491642811,18783.47169095085,13106.428309049152,15944.95,12466.36,0.08965062623599218,1
2020-06-02,15599.0,15821.0,15200.0,15764.0,496963197810,31525040,5744,15068.0,15700.0,57.15186956674277,447.29088068506644,708.8235754684382,18643.306585480783,13091.693414519215,15867.5,12609.16,0.060509554140127486,1
2020-06-06,16552.0,16552.0,16500.0,16552.0,276164856026,16684744,2681,15764.0,16552.0,61.60514284285593,525.9475049097327,672.2483613566972,18158.081237745493,13335.11876225451,15746.6,12774.2,0.04519091348477522,0
2020-06-07,17379.0,17379.0,16552.0,17365.0,910500373363,52433318,7510,16552.0,16700.0,62.33740156422117,593.3856292463242,656.4758149346226,17932.25688940234,13439.843110597658,15686.05,12946.2,-0.008383233532934131,0
2020-06-08,16497.0,18233.0,16497.0,16975.0,691275772282,40723585,10612,17365.0,16571.0,61.24105753269714,629.1689388633531,651.0144397203687,17756.24521112895,13517.254788871049,15636.75,13118.82,-0.010319232393941169,0
2020-06-09,16500.0,17400.0,16212.0,16518.0,440805911164,26685777,6915,16975.0,16530.0,60.87460884174783,646.7636237329534,650.1642765228858,17441.323331368138,13686.376668631861,15563.85,13283.32,0.0,0
2020-06-10,16766.0,17160.0,16480.0,16709.0,371052416326,22207157,7820,16518.0,16650.0,61.598872250660705,662.750757192236,652.6815726567559,17309.72392972578,13753.97607027422,15531.85,13448.72,0.043243243243243246,0
2020-06-13,17000.0,17530.0,16710.0,17300.0,721566820100,41720710,10390,16709.0,17300.0,65.34140492024758,719.575425774954,666.0603432803955,17409.66518673997,13699.83481326003,15554.75,13630.82,0.04682080924855492,0
2020-06-14,17300.0,17300.0,16440.0,16620.0,549834533230,33075019,8904,17300.0,16560.0,58.36721687414603,696.8645487297908,672.2211843702746,17519.0812994116,13744.2187005884,15631.65,13796.82,0.1431159420289856,1
2020-06-15,16500.0,16680.0,15900.0,16320.0,489367967980,29994333,9349,16620.0,16400.0,56.95179612881002,658.3661174410772,669.4501709844351,17595.598712984432,13772.801287015569,15684.2,13967.22,0.2042682926829269,1
2020-06-16,16660.0,17000.0,15780.0,16550.0,727064273520,43924647,10170,16320.0,16530.0,57.8462558321523,631.0711514178256,661.7743670711133,17665.655040987334,13884.644959012667,15775.15,14133.82,0.2583182093163945,1
2020-06-20,16960.0,17370.0,16530.0,17250.0,1263881244420,73288279,9760,16550.0,17370.0,63.17118790501791,669.5030595031094,663.3201055575125,17875.598037129657,13854.701962870342,15865.15,14316.62,0.25043177892918833,1
2020-06-21,17950.0,18110.0,17310.0,18030.0,1442728211500,80039240,10156,17250.0,18110.0,67.11254107696473,751.015203336272,680.8591251132644,18199.248889944578,13728.751110055422,15964.0,14513.02,0.21258972943125354,1
2020-06-22,18800.0,18930.0,18420.0,18870.0,680527744810,36072888,4449,18030.0,18930.0,70.83695031427658,871.7325216860572,719.033804427823,18703.130064837325,13557.969935162673,16130.55,14726.42,0.2308505018489171,1
2020-06-23,19810.0,19810.0,19690.0,19810.0,1595738933740,80552925,9660,18870.0,19750.0,74.00701364574785,1021.7904489209504,779.5851333264486,19336.71623300904,13369.383766990959,16353.05,14949.42,0.20050632911392396,1
2020-06-24,19730.0,20800.0,19200.0,20690.0,1557100093950,75274599,8735,19810.0,20800.0,77.39539344041032,1211.4735491885076,865.9628164988605,20091.693329256,13254.006670743996,16672.85,15196.36,0.19663461538461546,1
2020-06-27,21720.0,21720.0,21720.0,21720.0,645272160360,29708663,5028,20690.0,21720.0,79.87130300981048,1419.6700118005429,976.7042555591971,20865.592267924363,13281.607732075636,17073.6,15458.74,0.20303867403314912,1
2020-06-28,22800.0,22800.0,20800.0,22600.0,2887454723890,127788014,19499,21720.0,21960.0,80.47219894426114,1585.7536219746362,1098.5141288422851,21594.72322561852,13306.976774381477,17450.85,15722.0,0.1839708561020037,1
2020-06-29,21500.0,23490.0,21490.0,22590.0,1422830072730,62987699,18062,22600.0,23300.0,83.44398566208724,1804.6994291255687,1239.751188898942,22546.94042919199,13213.359570808014,17880.15,16010.4,0.1918454935622318,1
2020-06-30,23710.0,23710.0,23710.0,23710.0,2043221460650,86175515,6727,22590.0,23710.0,84.23454512744698,1988.3783443677457,1389.4766199927028,23430.204654121688,13201.095345878315,18315.65,16299.2,0.2016026992830029,1
2020-07-01,24890.0,24890.0,24890.0,24890.0,247875179140,9958826,399,23710.0,24890.0,86.26702483245234,2203.757798254148,1552.332855644992,24447.823758395825,13155.476241604176,18801.65,16591.02,0.20168742466854161,1
2020-07-06,26130.0,26130.0,26130.0,26130.0,776996297220,29735794,1551,24890.0,26130.0,88.01551589567084,2446.30571456681,1731.1274274293555,25616.664543559702,13029.6354564403,19323.15,16901.42,0.1886720244929201,1
2020-07-08,27000.0,27000.0,25990.0,26450.0,891290335400,33692938,7260,26130.0,26000.0,86.76823039748912,2598.0876351585866,1904.5194689752018,26584.945333164607,13006.154666835391,19795.55,17195.84,0.18038461538461537,1
2020-07-11,25210.0,27770.0,25210.0,27140.0,3776497896550,139161805,21467,26450.0,27770.0,89.04462904578604,2828.593839210167,2089.334343022195,27810.438918291096,12887.661081708904,20349.05,17512.06,0.10622974432841192,1
2020-07-12,28490.0,28490.0,28460.0,28490.0,5060534904190,177625051,16832,27140.0,28490.0,89.81242385249875,3034.3910778350764,2278.3456899847715,28985.645496475827,12904.354503524173,20945.0,17831.5,0.1319761319761319,1
2020-07-13,28490.0,29910.0,28430.0,29590.0,3797126127840,128322419,12513,28490.0,29910.0,91.13239636324793,3274.324628577273,2477.541477703272,30276.42090872966,12951.579091270341,21614.0,18167.38,0.11334002006018062,1
2020-07-14,31060.0,31060.0,31060.0,31060.0,4688526971580,150950643,4985,29590.0,31060.0,92.03271930403176,3516.7304061835275,2685.3792633993235,31601.5480197308,13067.451980269201,22334.5,18515.12,0.019961365099806727,0
2020-07-15,32180.0,32610.0,30230.0,32330.0,13061766795410,404045757,78343,31060.0,30690.0,88.90514591196172,3637.0570934114075,2875.7148294017406,32646.556507482666,13361.443492517334,23004.0,18841.88,0.016943629846855712,0
2020-07-18,30720.0,30720.0,30720.0,30720.0,424567695360,13820563,8609,32330.0,30720.0,88.93797087659688,3692.27535726902,3039.0269349751966,33437.02668376782,13986.97331623218,23712.0,19155.66,-0.01009114583333337,0
2020-07-19,30300.0,32250.0,29190.0,31850.0,4469539390870,140344545,20321,30720.0,32250.0,90.48422752708854,3815.5115998096626,3194.32386794209,34299.924391010114,14709.075608989888,24504.5,19487.6,-0.06480620155038763,0
2020-07-20,32950.0,33440.0,32700.0,33340.0,4977467891740,149290436,33854,31850.0,33300.0,91.37522618369015,3952.343281574449,3345.927750668562,35135.427890977575,15550.572109022423,25343.0,19825.04,-0.13633633633633635,0
2020-07-21,32200.0,34390.0,31680.0,32850.0,4456854725570,135664220,53483,33340.0,31680.0,79.07329642586424,3885.2758723408806,3453.797375003026,35501.04473116201,16615.955268837995,26058.5,20113.66,-0.13667929292929293,0
2020-07-22,32120.0,32780.0,31210.0,31520.0,1226216918280,38908602,15031,32850.0,31210.0,75.88140811634122,3750.960655735198,3513.2300311494605,35664.332977996804,17762.667022003196,26713.5,20358.46,-0.12848446010893944,0
2020-07-25,32700.0,33090.0,30050.0,31740.0,3698549931670,116537527,43583,31520.0,30410.0,70.65349563978555,3539.1642819759327,3518.4168813147553,35619.11178884344,18955.88821115656,27287.5,20608.44,-0.06741203551463337,0
2020-07-26,30600.0,30800.0,30160.0,30270.0,1155804050450,38179145,15611,31740.0,30160.0,69.05243914871664,3312.951575674786,3477.3238201867616,35464.34011783664,20151.65988216336,27808.0,20860.5,-0.025198938992042397,0
2020-07-27,28760.0,29470.0,28760.0,28780.0,3755598228390,130508213,27123,30270.0,28760.0,60.750230523601026,2986.284052781579,3379.1158667057252,35159.04077364678,21252.959226353218,28206.0,21075.94,0.018776077885952702,0
2020-07-28,29000.0,29800.0,27350.0,28140.0,3233926136890,114925319,33039,28780.0,27350.0,53.74205960169926,2583.8375997708754,3220.0602133187554,34793.109803975705,22181.89019602429,28487.5,21277.14,0.12979890310786102,1
2020-07-29,27500.0,28140.0,26740.0,27010.0,2356913218790,87253336,27331,28140.0,27200.0,53.041047242306846,2227.119294993023,3021.472029653609,34343.784494016596,23155.215505983408,28749.5,21484.3,0.18272058823529402,1
2020-08-01,27010.0,28360.0,27000.0,28140.0,2714574471600,96469677,26938,27010.0,28360.0,57.642482168856446,2014.7944773466334,2820.136519192214,34015.57440599024,23989.425594009757,29002.5,21751.06,0.19076163610719332,1
2020-08-02,29540.0,29540.0,26740.0,29470.0,2462629044840,83576953,23137,28140.0,29400.0,61.30353663357519,1908.44546662828,2637.7983086794275,33672.95987213681,24901.040127863194,29287.0,22032.08,0.10748299319727894,1
2020-08-03,30380.0,30380.0,28300.0,29430.0,1470659544460,49979720,20939,29470.0,29300.0,60.75973202801126,1795.3977178702735,2469.3181905175966,33403.0712033018,25611.928796698197,29507.5,22323.86,0.110580204778157,1
2020-08-04,30000.0,30900.0,29810.0,30640.0,1629797570730,53190336,18720,29430.0,30900.0,65.96234635140605,1814.002499124028,2338.255052238883,33359.06739488681,26132.93260511319,29746.0,22630.46,0.0012944983818770073,0
2020-08-05,32170.0,32170.0,32000.0,32170.0,1402532499550,43600304,10101,30640.0,32170.0,69.4272602625224,1909.2170428513346,2252.4474503613733,33377.48344864883,26731.51655135117,30054.5,22951.2,-0.06061548026111285,0
2020-08-09,33770.0,33770.0,33770.0,33770.0,1785869885250,52883325,9355,32170.0,33770.0,73.13733662650418,2089.6932005539056,2219.89660039988,33875.78087490816,26833.21912509184,30354.5,23314.62,-0.14421083802191292,0
2020-08-10,35450.0,35450.0,32090.0,34250.0,6648479649460,194136909,53914,33770.0,32560.0,66.55914810902453,2110.753515556735,2198.067983431251,34095.13782598217,27020.862174017824,30558.0,23659.82,-0.11793611793611791,0
2020-08-11,32540.0,32900.0,32540.0,32560.0,1214281609070,37296160,9083,34250.0,32540.0,66.45275598479421,2101.6041496409234,2178.7752166731857,34314.946041522875,27064.05395847713,30689.5,24022.54,-0.06730178242163487,0
2020-08-12,32610.0,33990.0,30940.0,31810.0,2517550718870,79140568,12322,32560.0,30940.0,58.409044292734194,1942.850610537189,2131.590295445986,34306.87011634112,27060.12988365888,30683.5,24367.24,-0.07175177763413054,0
2020-08-15,30220.0,30220.0,30220.0,30220.0,1069901687640,35403762,4989,31810.0,30220.0,55.17262808390073,1738.894411974008,2053.051118751591,34288.9888398828,27031.011160117207,30660.0,24683.34,-0.09596293845135673,0
2020-08-16,28710.0,29990.0,28710.0,28740.0,3883424935790,135141268,16534,30220.0,28900.0,49.73203081069551,1453.984063675518,1933.2377077363765,34277.805198442475,26860.19480155753,30569.0,24967.06,-0.09031141868512116,0
2020-08-17,28400.0,29700.0,28200.0,28910.0,1381799524170,47791791,19118,28740.0,28720.0,49.022128919783135,1199.8351120037587,1786.557188589853,34100.49608953326,26684.503910466738,30392.5,25241.46,-0.12917827298050144,0
2020-08-18,30350.0,30350.0,29270.0,30230.0,1644630750620,54402543,15448,28910.0,30350.0,55.25145217149576,1117.0707183919367,1652.6598945502699,33705.03757204947,26784.96242795053,30245.0,25545.06,-0.13113673805601322,0
2020-08-19,29100.0,29850.0,28720.0,28750.0,1079137675210,37538676,7809,30230.0,28720.0,48.82611364150898,909.4681795975848,1504.021551559733,33552.072213426814,26641.927786573186,30097.0,25805.46,-0.0379526462395543,0
2020-08-22,29010.0,29990.0,27320.0,27670.0,1521234453620,54972413,13271,28750.0,27320.0,44.084133403966874,624.771396444201,1328.1715205366265,33519.23817133534,26285.761828664658,29902.5,26020.82,0.06185944363103957,1
2020-08-23,27000.0,27200.0,26290.0,26320.0,1170227049480,44468475,6367,27670.0,26290.0,40.93429166109151,312.433217091042,1125.0238598475096,33629.63755162392,25763.362448376083,29696.5,26212.62,0.045264359071890414,0
2020-08-24,25500.0,27120.0,25010.0,25120.0,3016065123190,120080601,14335,26320.0,25010.0,37.361646667010845,-37.9449372977906,892.4301004184496,33860.99457258761,25017.00542741239,29439.0,26381.4,0.04998000799680136,0
2020-08-25,26200.0,26370.0,26000.0,26320.0,304995687860,11589630,2777,25120.0,26370.0,43.04908751452138,-203.5352868924856,673.2370229562626,33933.44180717468,24705.558192825323,29319.5,26578.2,0.043989381873341005,0
2020-08-26,27630.0,27630.0,27630.0,27630.0,216683522640,7842328,890,26320.0,27630.0,47.77984851568777,-230.43900481548553,492.501817401913,33925.09787002241,24741.902129977592,29333.5,26797.8,-0.013391241404270726,0
2020-08-31,29010.0,29010.0,27850.0,28910.0,3157814512110,109243967,20501,27630.0,29010.0,52.43966145625911,-138.8058606831837,366.2402817848937,33914.053006368,24933.946993632006,29424.0,27032.0,-0.08066184074457083,0
2020-09-01,27650.0,28890.0,27470.0,27580.0,1116785002500,40491476,10937,28910.0,27480.0,47.39050613496391,-187.4829601728852,255.4956333933379,33927.77308140966,24832.226918590342,29380.0,27250.4,-0.05967976710334788,0
2020-09-02,26370.0,26890.0,26210.0,26220.0,1337634015230,51013693,8598,27580.0,26260.0,43.77139189922585,-320.805668204157,140.23537307383893,33969.6244848307,24476.375515169297,29223.0,27447.6,0.023990860624524046,0
2020-09-05,27490.0,27530.0,26300.0,27170.0,802414428720,29536340,10772,26220.0,27530.0,48.205658816049386,-320.29433497277205,48.12943146451674,33937.74671446245,24331.253285537547,29134.5,27667.6,-0.019978205593897513,0
2020-09-06,28520.0,28520.0,27180.0,28070.0,987409729400,35182469,12176,27170.0,27260.0,47.35071849787203,-337.7821014157271,-29.052875111532018,33750.2114335894,24154.788566410603,28952.5,27865.4,0.019442406456346317,0
2020-09-07,28070.0,28090.0,26670.0,27190.0,1076335937850,39586494,6382,28070.0,26670.0,45.453664852746385,-394.69950131929,-102.18220035308363,33334.434077265265,24020.56592273473,28677.5,28036.6,0.07536557930258714,1
2020-09-08,25850.0,25950.0,25840.0,25840.0,577523463740,22346932,2829,27190.0,25840.0,42.85265759746235,-501.00573199792416,-181.94690668205175,32462.118988978265,24099.881011021735,28281.0,28174.8,0.16137770897832815,1
2020-09-09,24550.0,26920.0,24550.0,25700.0,1041612003830,40533248,14979,25840.0,26890.0,46.985626890248916,-494.823938575224,-244.5223130606862,31723.79507688196,24271.20492311804,27997.5,28317.6,0.1718110821866865,1
2020-09-12,26980.0,26980.0,26000.0,26970.0,842411564690,31230452,7165,25700.0,26980.0,47.33719383166247,-477.162146707582,-291.05027979006536,30826.965044050346,24612.034955949654,27719.5,28441.2,0.2257227575982208,1
2020-09-13,27290.0,28310.0,26000.0,27320.0,870901585120,31878240,13031,26970.0,27790.0,50.51766717050884,-393.27143060948947,-311.49450995395017,30297.650562479583,24826.349437520417,27562.0,28562.6,0.11442965095358049,1
2020-09-14,27600.0,28680.0,27520.0,28590.0,1086842529160,38020502,7022,27320.0,28680.0,53.81794631703957,-252.0662093860883,-299.6088498403778,29994.39434923945,24975.60565076055,27485.0,28697.0,0.0599721059972107,1
2020-09-15,30010.0,30010.0,30010.0,30010.0,757850482650,25253265,4538,28590.0,30010.0,58.294466136889014,-32.465922565632354,-246.1802643854287,30216.20906490128,24864.79093509872,27540.5,28831.2,0.04798400533155611,0
2020-09-16,31510.0,31510.0,30500.0,31500.0,2460663310400,78114232,15612,30010.0,31510.0,62.68733139398193,259.6136858841928,-145.0214743315044,30835.110140707424,24524.889859292576,27680.0,28987.2,0.020628371945414115,0
2020-09-19,31500.0,33070.0,30110.0,32590.0,2093635153170,64250353,23217,31500.0,33070.0,66.62462964335063,609.9368698732651,5.970194509449499,31592.953269501064,24039.046730498936,27816.0,29150.8,0.01693377683701236,0
2020-09-20,33500.0,34000.0,30970.0,31480.0,1271843895110,40401377,18041,32590.0,30970.0,57.78495709254695,709.9343858775428,146.76303278306816,31933.60311977042,23923.39688022958,27928.5,29247.6,0.030029060381013828,0
2020-09-21,29910.0,30500.0,29910.0,29960.0,570970764230,19058589,5074,31480.0,30400.0,55.62755265535092,734.7195122526646,264.35432867698745,32216.940107196464,23948.059892803536,28082.5,29335.6,0.006250000000000089,0
2020-09-22,31350.0,31450.0,28760.0,30630.0,1546517065510,50483130,17409,29960.0,31450.0,58.68739125721653,829.5258703841355,377.38863701841706,32636.16514058005,24044.83485941995,28340.5,29409.2,-0.020667726550079535,0
2020-09-23,31400.0,32160.0,31030.0,32030.0,1435819852150,44833525,15133,30630.0,32160.0,60.66273651571988,950.9892464656696,492.1087589078676,33015.497423275956,24380.502576724044,28698.0,29482.6,-0.05006218905472637,0
2020-09-26,33630.0,33630.0,32900.0,33570.0,2802116281090,83472317,23212,32030.0,33630.0,64.45250804087371,1152.5803331795178,624.2030737621976,33740.17898781339,24381.821012186607,29061.0,29557.0,-0.08415105560511449,0
2020-09-27,33570.0,33570.0,31900.0,32190.0,608590720410,18904286,5942,33570.0,31900.0,57.439087697108214,1159.381551166949,731.238769243148,34061.44255240172,24487.55744759828,29274.5,29573.8,-0.08087774294670846,0
2020-09-28,30590.0,30590.0,30590.0,30590.0,444358966380,14526282,1567,32190.0,30590.0,52.75758943223173,1046.9963908873942,794.3902935719973,34172.41803208918,24534.581967910817,29353.5,29571.8,-0.0820529584831644,0
2020-09-29,29070.0,31700.0,29070.0,29930.0,1372448944810,45854091,15390,30590.0,30800.0,53.413091264070985,963.76589333632,828.2654135248619,34297.388550394855,24741.611449605145,29519.5,29573.4,-0.04253246753246753,0
2020-09-30,30000.0,30900.0,28590.0,29960.0,866223492200,28911764,11248,29930.0,30550.0,52.47954188874238,867.6307070118419,836.1384722222579,34287.20722128855,25180.792778711453,29734.0,29539.4,-0.023567921440261874,0
2020-10-03,30540.0,31450.0,28910.0,30860.0,1480247413820,47973670,18182,29960.0,30800.0,53.3574648548911,802.3666071050684,829.38409919882,34356.257113814805,25438.742886185195,29897.5,29489.4,-0.02662337662337666,0
2020-10-04,30500.0,30500.0,29320.0,29460.0,1641903722640,55732568,14525,30860.0,29320.0,47.73508849730252,624.0273082367421,788.3127410064045,34303.23157424375,25697.76842575625,30000.5,29442.2,0.04024556616643937,0
2020-10-05,28130.0,29460.0,27990.0,28100.0,1001344833510,35639411,11181,29460.0,28080.0,43.59067592010608,378.27398509789055,706.3049898247018,34195.66192553936,25946.33807446064,30071.0,29379.6,0.1032763532763532,1
2020-10-06,28500.0,29500.0,28090.0,29080.0,1207206788310,41513050,12035,28100.0,29490.0,49.011661162738996,293.90002554354214,623.8239969684699,33909.57043148707,26597.429568512936,30253.5,29361.2,0.04476093591047814,0
2020-10-07,30000.0,30350.0,29080.0,29680.0,861210073390,29011788,10436,29080.0,29830.0,50.25313489497532,251.5682905588692,549.3728556865498,33725.204347756946,27075.79565224305,30400.5,29354.6,0.01273885350318471,0
2020-10-10,29690.0,30510.0,29100.0,29860.0,1045118716070,34999569,12302,29680.0,29980.0,50.822032716630126,227.5013381855897,484.99855218635776,33493.1279071595,27607.8720928405,30550.5,29379.0,-0.005670446964643139,0
2020-10-11,30160.0,31350.0,30100.0,30970.0,1279259296080,41311114,15418,29860.0,30500.0,52.83565997871639,247.53433745797156,437.5057092406806,33343.45291585643,28028.547084143567,30686.0,29442.0,-0.04590163934426228,0
2020-10-12,30500.0,31660.0,30000.0,30760.0,938323346360,30502187,12414,30970.0,30980.0,54.680326468763205,298.6994014182965,409.7444476762038,33295.32074922088,28306.679250779118,30801.0,29517.6,-0.5545513234344739,0
2020-10-13,31000.0,31400.0,29710.0,30620.0,387370359160,12650472,5909,30760.0,30810.0,53.87662119902925,321.82075464740046,392.15970907044317,33308.816038523495,28373.1839614765,30841.0,29566.6,-0.5796819214540734,0
2020-10-14,30800.0,30850.0,29090.0,30380.0,745950236400,24552686,7865,30620.0,30210.0,51.02597051096329,288.4050541329125,371.4087780829371,33238.38421047444,28313.61578952556,30776.0,29582.8,-0.5905329361138696,0
2020-10-18,30440.0,31000.0,28880.0,30120.0,1718792314770,57070701,13170,30380.0,29810.0,49.15857479101299,227.02916279953206,342.5328550262561,32869.36965056568,28356.630349434323,30613.0,29593.0,-0.5645756457564576,0
2020-10-19,30980.0,30980.0,28620.0,29040.0,1531868518210,52748631,10189,30120.0,29100.0,45.94446073166581,119.71723468592245,297.96973095818936,32862.27164913568,28176.72835086432,30519.5,29557.0,-0.5563573883161512,0
2020-10-31,13500.0,14000.0,13500.0,13630.0,688426624290,50494078,4195,14350.0,13800.0,18.2512735526702,-1186.236181752789,1.1285484159936914,37347.07526897347,22031.924731026527,29689.5,29189.6,-0.12391304347826082,0
2020-11-01,13250.0,13300.0,12950.0,13020.0,379033178450,29104156,3911,13630.0,12950.0,17.616002135892657,-2263.7069646406344,-451.83855419533194,39282.972275002416,18246.027724997584,28764.5,28773.2,-0.06023166023166027,0
2020-11-02,12370.0,12690.0,12370.0,12370.0,479802913190,38778838,5284,13020.0,12370.0,17.17666418801933,-3128.3498063374864,-987.140804623763,40351.639455752666,15198.36054424733,27775.0,28369.4,0.023443815683104274,0
2020-11-04,12500.0,12980.0,11760.0,12850.0,705749203440,54936189,7751,12370.0,12980.0,19.451934510650645,-3721.4648554579544,-1534.0056147906014,40556.6172356396,12928.382764360398,26742.5,27978.2,0.01078582434514641,0
2020-11-14,12520.0,13100.0,12520.0,12720.0,1414836677610,111254273,10061,12850.0,12910.0,19.386119635649777,-4149.330322940281,-2057.0705564205373,40631.16983323736,10954.830166762633,25793.0,27617.6,-0.02478698683191327,0
2020-11-15,13140.0,13140.0,12090.0,12390.0,1266432437230,102216974,19163,12720.0,12090.0,18.592522531756444,-4502.67984506529,-2546.192414149488,40669.92975557086,9066.070244429138,24868.0,27255.0,0.022332506203474045,0
2020-11-16,11950.0,12680.0,11820.0,12300.0,797066444260,64814584,12569,12390.0,12170.0,18.94115706569177,-4721.826281544254,-2981.319187628441,40411.946306549515,7461.053693450485,23936.5,26920.4,0.023007395234182493,0
2020-11-17,12000.0,12800.0,12000.0,12500.0,891473071010,71345830,14605,12300.0,12660.0,21.16804907625213,-4800.623902357755,-3345.180130574304,39921.692651230245,6162.307348769755,23042.0,26599.2,-0.056082148499210116,0
2020-11-18,12900.0,13120.0,12520.0,13000.0,1089444462940,83804070,14413,12500.0,13120.0,23.29839268163832,-4770.9568086662475,-3630.3354661926924,39171.23320242207,5144.766797577933,22158.0,26254.6,-0.06478658536585369,0
2020-11-21,13550.0,13550.0,12390.0,12970.0,860066900110,66332307,16243,13000.0,12590.0,22.54251340255871,-4735.622683310608,-3851.3929096162756,38488.37656505973,4154.623434940273,21321.5,25932.0,-0.003177124702144596,0
2020-11-22,12360.0,12970.0,12330.0,12540.0,611648632750,48767657,9665,12970.0,12360.0,22.205823560480965,-4672.319620045528,-4015.578251702126,37831.6469408651,3239.353059134901,20535.5,25632.8,0.06310679611650483,1
2020-11-23,12300.0,12960.0,12290.0,12570.0,570698626590,45411408,8092,12540.0,12450.0,22.69239793903131,-4562.297908142169,-4124.922182990135,36809.25636285877,2557.743637141237,19683.5,25356.0,0.10763052208835333,1
2020-11-24,12620.0,12620.0,11950.0,12010.0,704557881900,58685963,10200,12570.0,11950.0,21.873858288848922,-4463.9926021421925,-4192.736266820547,35566.43950039749,2012.5604996025068,18789.5,25094.8,0.16317991631799167,1
2020-11-25,11600.0,12300.0,11410.0,11960.0,549536125180,45933828,11010,12010.0,12270.0,23.76905924756842,-4310.573999411245,-4216.303813338687,34083.75821821816,1724.2417817818423,17904.0,24812.8,0.13854930725346382,1
2020-11-28,12350.0,12550.0,12040.0,12520.0,985947798770,78747125,6800,11960.0,12550.0,25.472657792506936,-4118.914706680031,-4196.825992006956,32256.541672074156,1756.4583279258459,17006.5,24511.2,0.14980079681274905,1
2020-11-29,13130.0,13140.0,12980.0,13140.0,1765191672260,134388103,13340,12520.0,13140.0,29.069707154786386,-3874.7495661449757,-4132.41070683456,30018.432501274543,2210.567498725457,16114.5,24193.8,0.09665144596651443,1
2020-11-30,13790.0,13790.0,13500.0,13760.0,1508204906840,109595161,16448,13140.0,13790.0,32.91142411893732,-3587.4435493024703,-4023.4172753281423,27441.82710186415,3085.17289813585,15263.5,23920.0,0.027556200145032683,0
2020-12-01,13790.0,14200.0,13080.0,13900.0,1205643851070,86766313,17269,13760.0,13900.0,33.56717718655028,-3312.6887663141533,-3881.271573525345,24514.96299784593,4381.037002154069,14448.0,23672.8,-0.004316546762589968,0
2020-12-02,13890.0,14150.0,13550.0,13920.0,882634032250,63409095,16567,13900.0,13970.0,34.00922073141848,-3054.089562932264,-3715.8351714067294,20845.031645499927,6466.968354500074,13656.0,23401.6,-0.01431639226914816,0
2020-12-05,14060.0,14480.0,13870.0,14280.0,519999827830,36419217,9118,13920.0,14430.0,36.976962782385755,-2779.9837532976508,-3528.664887784914,14317.6612809993,11527.3387190007,12922.5,23145.0,-0.033264033264033266,0
2020-12-06,14590.0,14790.0,14270.0,14520.0,616977883430,42487287,11738,14280.0,14410.0,36.89926342305785,-2535.143204401047,-3329.960551108141,14446.748305438236,11459.251694561764,12953.0,22899.8,-0.08188757807078417,0
2020-12-07,14600.0,14900.0,13960.0,14550.0,933637960400,64168362,12910,14520.0,14170.0,35.923748804209225,-2333.5713418250616,-3130.682709251525,14599.123339049545,11428.876660950455,13014.0,22666.4,-0.08821453775582211,0
2020-12-08,14400.0,14460.0,13830.0,14030.0,549526316750,39177760,10822,14550.0,13840.0,34.570405614657275,-2175.376049586608,-2939.621377318542,14682.653597619852,11492.346402380148,13087.5,22405.4,-0.08526011560693647,0
2020-12-09,14030.0,14300.0,13450.0,13800.0,570359507950,41325781,11009,14030.0,13770.0,34.27543547377792,-2032.2273043902533,-2758.142562732884,14748.457369158852,11505.542630841148,13127.0,22141.2,-0.05228758169934644,0
2020-12-13,13900.0,14100.0,13400.0,13920.0,648427203900,46584789,9509,13800.0,13950.0,35.79254926447231,-1882.5554692148744,-2583.0251440292823,14835.609791109398,11522.390208890602,13179.0,21864.4,-0.05734767025089604,0
2020-12-14,14200.0,14200.0,13230.0,13590.0,621915361190,45776101,8969,13920.0,13230.0,32.55543102201736,-1801.2734847416868,-2426.6748121717633,14815.460667443007,11656.539332556993,13236.0,21555.4,-0.018896447467876,0
2020-12-15,12970.0,13230.0,12920.0,12920.0,568734428800,44006212,6324,13590.0,12920.0,31.245155861441205,-1741.7930298439824,-2289.6984557062074,14784.05320991996,11762.94679008004,13273.5,21213.6,-0.0038699690402477227,0
2020-12-16,12510.0,13000.0,12500.0,12710.0,380102087860,29894674,7266,12920.0,12660.0,30.149155864645763,-1696.0827813646538,-2170.975320837897,14784.05320991996,11762.94679008004,13273.5,20836.6,-0.011058451816745696,0
2020-12-19,12850.0,13250.0,12850.0,13050.0,508256147380,38954248,6499,12710.0,13050.0,33.894905372540194,-1609.830218808318,-2058.746300431981,14782.283042290528,11757.716957709472,13270.0,20436.2,-0.07203065134099618,0
2020-12-20,13310.0,13500.0,12970.0,13250.0,367594925750,27749533,6968,13050.0,13150.0,34.85948554997188,-1515.9305732863086,-1950.1831550028467,14779.304830208654,11816.695169791346,13298.0,20079.8,-0.070722433460076,0
2020-12-21,12860.0,13650.0,12760.0,13270.0,306976811450,23126503,5816,13250.0,12980.0,33.95248292145067,-1438.6481664153762,-1847.8761572853527,14755.42069530678,11902.57930469322,13329.0,19731.4,-0.018489984591679498,0
2020-12-22,12810.0,13210.0,12720.0,12920.0,301030664410,23304963,7581,13270.0,12870.0,33.34786084584948,-1370.4793500188862,-1752.3967958320595,14735.828272189405,11964.171727810595,13350.0,19359.8,-0.04584304584304588,0
2020-12-23,13080.0,13080.0,12510.0,12640.0,261204723140,20660725,7051,12920.0,12520.0,31.430000869489916,-1329.3729628134424,-1667.7920292283363,14668.093346756823,12088.906653243177,13378.5,18967.0,-0.02316293929712465,0
2020-12-26,12600.0,12600.0,12010.0,12100.0,512473670650,42338327,8604,12640.0,12110.0,29.303941217380668,-1314.7241071645785,-1597.1784448155847,14689.158029968145,12051.841970031855,13370.5,18536.6,-0.018992568125516085,0
2020-12-27,12010.0,12600.0,11700.0,12140.0,237909986210,19594285,6839,12100.0,12220.0,30.659173010120753,-1279.4895438252752,-1533.6406646175228,14720.69528425303,11987.30471574697,13354.0,18143.0,-0.00327332242225864,0
2020-12-28,12500.0,12740.0,12320.0,12700.0,369240104330,29085305,7199,12140.0,12740.0,36.824581390287825,-1195.821557803596,-1466.0768432547375,14724.14243874485,11943.85756125515,13334.0,17786.0,-0.04160125588697017,0
2020-12-29,12870.0,12890.0,12130.0,12450.0,227611673850,18284539,5431,12700.0,12280.0,33.94891866160964,-1153.3372774982508,-1403.5289301034402,14704.283870431365,11812.716129568635,13258.5,17415.6,-0.03583061889250816,0
2020-12-30,12100.0,12870.0,12020.0,12500.0,290857388230,23268726,7204,12450.0,12230.0,33.641400301033244,-1110.8970319314049,-1345.0025504690332,14655.425614476975,11694.574385523025,13175.0,17049.2,-0.05151267375306623,0
2021-01-02,12020.0,12600.0,11880.0,12110.0,302929050130,25022297,5836,12500.0,11880.0,31.49102332249474,-1092.9065599695568,-1294.583352369138,14605.745582960446,11535.254417039554,13070.5,16670.8,-0.06902356902356899,0
2021-01-03,11980.0,12380.0,11860.0,12120.0,253160721430,20885042,5631,12110.0,12180.0,35.30807886430158,-1042.4250613103359,-1244.1516941573777,14405.516493860985,11510.483506139015,12958.0,16328.0,-0.11165845648604267,0
2021-01-04,12360.0,12600.0,12040.0,12300.0,181505463010,14758036,4306,12120.0,12210.0,35.69392811741301,-988.6013793259299,-1193.0416311910883,14166.007587231437,11529.992412768563,12848.0,16010.6,-0.10401310401310404,0
2021-01-05,12350.0,12480.0,11700.0,12060.0,205490166470,17039910,4886,12300.0,11840.0,33.07383166076713,-964.6813848444053,-1147.369581921752,13971.068876666266,11491.931123333734,12731.5,15657.6,-0.11739864864864868,0
2021-01-06,12050.0,12060.0,11460.0,11640.0,321781465980,27649035,6167,12060.0,11600.0,31.460644519154187,-954.0924275173475,-1108.714151040871,13842.880153509,11396.119846491,12619.5,15293.0,-0.1344827586206897,0
2021-01-09,11210.0,11700.0,11060.0,11150.0,594581587800,53310275,7071,11640.0,11060.0,28.135420890357253,-978.0003107794273,-1082.5713829885824,13766.53498977601,11201.46501022399,12484.0,14914.6,-0.13562386980108498,0
2021-01-10,11370.0,11500.0,10670.0,10990.0,746755875810,67923530,14712,11150.0,10820.0,26.780618333037395,-1004.7315548077859,-1067.0034173524232,13620.123301662088,11034.876698337912,12327.5,14521.0,-0.1589648798521257,0
2021-01-11,11030.0,11400.0,10450.0,10990.0,1006901043040,91659548,14002,10990.0,10940.0,28.63110621057953,-1004.6522553450159,-1054.5331849509416,13569.67387385467,10856.32612614533,12213.0,14120.2,-0.17458866544789764,0
2021-01-12,11100.0,11200.0,10450.0,10560.0,305252903020,28895626,4562,10990.0,10450.0,25.767389064779067,-1032.2294166736701,-1050.0724312954874,13606.476927972168,10572.523072027832,12089.5,13713.0,-0.09569377990430628,0
2021-01-13,10060.0,10300.0,10040.0,10060.0,351322106540,34906231,6113,10560.0,10040.0,23.63700952721672,-1074.7787092625185,-1055.0136868888935,13692.7349898442,10224.2650101558,11958.5,13309.6,-0.03685258964143423,0
2021-01-16,9600.0,9850.0,9560.0,9570.0,190987447830,19951821,2378,10060.0,9560.0,21.405708161861554,-1134.1574574815586,-1070.8424410074267,13732.86017969478,9835.13982030522,11784.0,12904.6,0.03347280334728042,0
2021-01-18,9100.0,9100.0,9100.0,9280.0,66068447900,7260269,640,9570.0,9100.0,19.50540874850283,-1204.4495541491087,-1097.5638636357633,13749.819856478753,9413.180143521247,11581.5,12504.6,0.03186813186813198,0
2021-01-19,8820.0,9400.0,8820.0,9000.0,629680947850,69983537,10501,9280.0,9030.0,19.225704166255298,-1251.3798343969138,-1128.3270577879935,13719.905820019314,9048.094179980686,11384.0,12409.2,0.07419712070874862,1
2021-01-20,9080.0,9450.0,9080.0,9380.0,227424108300,24240813,4322,9000.0,9450.0,26.07537338097687,-1240.3835601250012,-1150.738358255395,13589.115317066946,8836.884682933054,11213.0,12339.2,0.04021164021164014,0
2021-01-24,10000.0,10300.0,9500.0,9870.0,780038067500,79033684,13229,9380.0,9670.0,29.45019119777905,-1200.082962788032,-1160.6072791619224,13457.803709208403,8683.196290791597,11070.5,12285.2,-0.013443640124095158,0
2021-01-25,9790.0,10270.0,9380.0,9880.0,480399107550,48612292,8139,9870.0,9880.0,32.612622125416806,-1138.0801248426797,-1156.101848298074,13349.990589692949,8568.009410307051,10959.0,12223.2,-0.045546558704453455,0
2021-01-26,9730.0,10060.0,9390.0,9510.0,213423390950,22430304,4134,9880.0,9390.0,29.311068698720803,-1115.621147821761,-1148.0057082028113,13228.117140899874,8406.882859100126,10817.5,12152.8,-0.029818956336528202,0
2021-01-27,9200.0,9700.0,9040.0,9370.0,468391877860,50011566,6956,9510.0,9700.0,33.87214506313019,-1060.5821071606806,-1130.5209879943852,12952.248565102935,8378.751434897065,10665.5,12105.0,-0.1030927835051546,0
2021-01-30,9700.0,9830.0,9500.0,9810.0,208915491500,21286903,2943,9370.0,9830.0,35.744518418686766,-995.0035755070057,-1103.4175054969094,12731.031992453576,8354.968007546424,10543.0,12058.2,-0.15462868769074267,0
2021-01-31,10300.0,10300.0,9500.0,9880.0,321251672490,32500363,6137,9810.0,9540.0,33.46797085604176,-955.419215088803,-1073.8178474152883,12493.477457911815,8323.522542088185,10408.5,11995.8,-0.08176100628930816,0
2021-02-01,9540.0,10100.0,9390.0,9580.0,288432625410,30101432,4829,9880.0,9430.0,32.61933428732452,-922.2927878085738,-1043.5128354939454,12297.351784248705,8274.648215751295,10286.0,11922.0,-0.026511134676564185,0
2021-02-02,9470.0,9500.0,9110.0,9150.0,176002532230,19239458,3820,9580.0,9110.0,30.218781374249616,-911.3556406481839,-1017.0813965247933,12006.11548883449,8258.88451116551,10132.5,11852.4,0.02414928649835346,0
2021-02-03,8920.0,9350.0,8700.0,8740.0,318921884230,36476527,4512,9150.0,8700.0,27.433110495129952,-925.1073841476118,-998.686594049357,11670.021891278848,8243.978108721152,9957.0,11779.2,0.1344827586206896,1
2021-02-06,8750.0,8900.0,8310.0,8350.0,273012181800,32694197,2902,8740.0,8310.0,25.066075719643266,-956.4501189788152,-990.2392990352488,11406.29795792731,8154.702042072689,9780.5,11696.4,0.16125150421179302,1
2021-02-07,8450.0,8760.0,8450.0,8750.0,166220497560,18998865,2012,8350.0,8760.0,32.322255771574945,-934.20924035393,-979.0332872989851,11090.647031123453,8186.352968876547,9638.5,11632.6,0.09018264840182644,1
2021-02-08,9180.0,9180.0,9000.0,9170.0,625627239300,68231394,5599,8750.0,9180.0,38.32513040346709,-872.6335178945028,-957.7533334180887,10852.666273835513,8236.333726164487,9544.5,11570.8,0.031590413943355156,0
2021-02-09,9300.0,9500.0,9040.0,9320.0,329062358010,35322736,6612,9170.0,9330.0,40.35973315972027,-802.4800770172351,-926.698682137918,10641.716689307066,8298.283310692934,9470.0,11506.4,-0.003215434083601254,0
2021-02-13,9700.0,9870.0,9600.0,9840.0,442053474910,44941512,5359,9320.0,9870.0,47.122570026603945,-695.2945597827147,-880.4178576668774,10396.954486450406,8436.045513549594,9416.5,11441.0,-0.0749746707193516,0
2021-02-14,10110.0,10110.0,9650.0,9740.0,417951277810,42930752,6148,9840.0,9650.0,44.889277790097594,-620.9435755131308,-828.523001236128,10243.777925466078,8509.222074533922,9376.5,11358.2,-0.07253886010362698,0
2021-02-15,9560.0,9980.0,9550.0,9660.0,201968070430,20917952,4340,9740.0,9550.0,43.871481437868475,-563.5923077747029,-775.5368625438431,10169.156043850104,8534.843956149896,9352.0,11271.2,-0.07120418848167542,0
2021-02-16,9670.0,9690.0,9470.0,9480.0,135633670510,14310597,1651,9660.0,9470.0,43.03091219495686,-518.6180403696708,-724.1530981090087,10161.00783647163,8533.99216352837,9347.5,11181.2,-0.05174234424498414,0
2021-02-17,9500.0,9500.0,9300.0,9310.0,155809416520,16729871,2812,9480.0,9300.0,41.223410425893576,-491.0328674412849,-677.529051975464,10163.474565355973,8551.525434644027,9357.5,11078.6,-0.0634408602150538,0
2021-02-20,9140.0,9290.0,9130.0,9130.0,154568898530,16927865,1629,9310.0,9130.0,39.43933801013384,-477.3859898769806,-637.5004395557673,10161.49624529828,8563.50375470172,9362.5,10973.0,-0.05147864184008766,0
2021-02-21,8950.0,8950.0,8950.0,9050.0,52717442150,5890217,742,9130.0,8950.0,37.58458295703993,-475.6126699633296,-605.1228856372798,10155.054279544029,8519.945720455971,9337.5,10868.6,-0.05027932960893855,0
2021-02-22,8870.0,8870.0,8870.0,8970.0,48831469930,5505239,321,9050.0,8870.0,36.75720938648474,-475.1849957294053,-579.1353076557049,10124.29804063675,8470.70195936325,9297.5,10769.2,-0.04284103720405863,0
2021-02-23,8800.0,9240.0,8800.0,8870.0,296672864440,33431723,5084,8970.0,8980.0,38.75366382494255,-460.65978092243495,-555.440202309051,10044.835156357954,8460.164843642046,9252.5,10673.4,-0.04565701559020041,0
2021-02-24,9050.0,9150.0,8700.0,8830.0,205857426230,23318246,4501,8870.0,8710.0,35.76890156786807,-465.5684042967732,-537.4658427065954,10042.059955316427,8394.940044683573,9218.5,10568.6,-0.036739380022962065,0
2021-02-27,8660.0,8700.0,8660.0,8670.0,113121718850,13062274,1697,8830.0,8660.0,35.22780658939162,-468.0971729883877,-523.5921087629539,9993.210953115302,8339.789046884698,9166.5,10477.2,-0.0484988452655889,0
2021-02-28,8500.0,8500.0,8500.0,8580.0,62993219500,7410967,737,8670.0,8500.0,33.48231393383165,-477.50749406599425,-514.375185823562,9916.431258588764,8283.568741411236,9100.0,10388.8,-0.014117647058823568,0
2021-03-01,8410.0,9080.0,8410.0,8530.0,218851217790,25642249,4280,8580.0,8490.0,33.371021248678986,-480.23629269869525,-507.5474071985887,9878.905436595676,8216.094563404324,9047.5,10305.4,0.010600706713780994,0
2021-03-02,8530.0,8760.0,8400.0,8560.0,155874534300,18206998,3277,8530.0,8570.0,35.225948531737856,-470.5196956992586,-500.1418648987227,9841.266992657373,8167.733007342628,9004.5,10215.8,-0.011668611435239229,0
2021-03-03,8600.0,8650.0,8390.0,8400.0,117538447820,13989067,2451,8560.0,8390.0,32.99985712388701,-471.9039037971452,-494.49427267840724,9845.022104684687,8091.977895315313,8968.5,10120.6,0.03218116805721105,0
2021-03-06,8250.0,8350.0,8240.0,8270.0,94579935450,11472809,1430,8400.0,8240.0,31.22877506353629,-479.57638702144686,-491.5106955470152,9871.728373567168,8019.271626432832,8945.5,10025.8,0.10800970873786397,1
2021-03-07,8130.0,8500.0,8110.0,8330.0,196176482760,23564401,3689,8270.0,8380.0,34.74872961373882,-468.9542426869666,-486.9994049750055,9866.08014916957,8031.919850830431,8949.0,9936.0,0.13007159904534604,1
2021-03-08,8310.0,8760.0,8310.0,8560.0,119879238450,13992521,3183,8330.0,8580.0,39.51180610984577,-439.33342598403215,-477.4662091768109,9867.793080379932,8012.206919620068,8940.0,9857.2,0.1736596736596736,1
2021-03-09,8730.0,8830.0,8400.0,8620.0,195292040220,22658217,3444,8560.0,8470.0,37.87427237387272,-419.8945134562746,-465.95187003270365,9847.05981242619,7961.94018757381,8904.5,9784.4,0.2384887839433294,1
2021-03-10,8610.0,8800.0,8450.0,8620.0,189372718920,21976777,2617,8620.0,8660.0,42.32086850206144,-384.72277841650794,-449.70605170946453,9798.187144001095,7943.812855998906,8871.0,9713.2,0.22748267898383379,1
2021-03-13,8510.0,9130.0,8510.0,9020.0,378010967470,41907058,4315,8620.0,9130.0,51.557465490304544,-315.2893930900045,-422.8227199855726,9651.322457785736,8016.677542214264,8834.0,9641.0,0.15334063526834618,1
2021-03-14,9340.0,9560.0,9160.0,9500.0,433836506100,45690217,5855,9020.0,9470.0,56.93060147278417,-230.1744684827463,-384.29306968500737,9609.487093584668,8040.512906415332,8825.0,9584.8,0.09186906019007401,1
2021-03-15,9360.0,10070.0,9310.0,9900.0,488186079540,49294771,5692,9500.0,10070.0,64.42879390665667,-113.00266751144409,-330.03498925029476,9755.210152564609,7946.789847435392,8851.0,9541.6,0.018867924528301883,0
2021-03-16,10250.0,10490.0,10100.0,10460.0,421881928790,40319304,2457,9900.0,10490.0,68.55559788062274,13.590654246831036,-261.3098605508696,10027.97690917749,7776.023090822509,8902.0,9513.8,-0.036224976167778866,0
2021-03-17,11080.0,11080.0,10500.0,10740.0,514513164770,47896704,7311,10460.0,10630.0,69.8127900107669,123.78666811161202,-184.29055481837327,10315.960945631032,7621.039054368968,8968.5,9482.8,-0.054562558795860805,0
2021-03-27,10700.0,10740.0,10530.0,10550.0,267861939840,25385929,4448,10740.0,10530.0,67.7297647946535,200.73469415254658,-107.28550502418929,10547.96712451807,7529.03287548193,9038.5,9449.2,-0.05508072174738843,0
2021-03-28,10350.0,10500.0,10340.0,10460.0,48907464080,4728848,997,10550.0,10340.0,63.832671203213806,243.57733912305048,-37.11293619474134,10719.329885529598,7496.670114470402,9108.0,9419.2,-0.05125725338491294,0
2021-03-30,10260.0,10490.0,10260.0,10310.0,306000488810,29685952,3970,10460.0,10260.0,62.2095920811222,267.985937443269,23.906838532860732,10860.103637224407,7494.896362775592,9177.5,9392.4,-0.0536062378167641,0
2021-03-31,10310.0,10500.0,10110.0,10250.0,116586072740,11370057,2137,10310.0,10110.0,59.17153809819529,272.08970037286053,73.54341090086069,10961.56939079181,7506.430609208189,9234.0,9373.4,-0.042532146389713144,0
2021-04-03,10200.0,10200.0,10050.0,10150.0,66406109510,6597319,626,10250.0,10050.0,57.952396341630134,267.4178371368089,112.31829614805034,11045.93438272067,7556.06561727933,9301.0,9358.0,-0.04676616915422882,0
2021-04-04,9950.0,9950.0,9950.0,10010.0,78811422700,7920746,574,10150.0,9950.0,55.88570548208336,252.732840730936,140.40120506462748,11106.25242352287,7624.74757647713,9365.5,9338.2,-0.045226130653266305,0
2021-04-05,9810.0,9810.0,9810.0,9900.0,61727796540,6292334,496,10010.0,9810.0,53.03420841071752,227.17926416529917,157.75681688476183,11134.747633894389,7727.252366105612,9431.0,9325.4,-0.02854230377166156,0
2021-04-06,9980.0,10000.0,9710.0,9870.0,169603356840,17189610,2472,9900.0,9710.0,51.031280555924546,196.59251028435574,165.52395556468062,11143.16443760175,7840.83556239825,9492.0,9318.8,-0.03192584963954681,0
2021-04-07,9680.0,9680.0,9680.0,9770.0,62551627600,6461945,709,9870.0,9680.0,50.41612546837866,167.99499644276875,166.01816374029826,11144.708502356749,7950.291497643251,9547.5,9321.2,-0.039256198347107474,0
2021-04-10,9580.0,9580.0,9580.0,9690.0,46783288140,4883433,386,9770.0,9580.0,48.324984522264295,135.6978560091302,159.95410219406466,11113.374455439507,8100.625544560494,9607.0,9330.8,-0.02713987473903967,0
2021-04-11,9500.0,9500.0,9500.0,9550.0,86607966000,9116628,539,9690.0,9500.0,46.65769215140714,102.4656479085952,148.45641133697077,11041.801734945924,8298.198265054076,9670.0,9340.2,-0.008421052631578996,0
2021-04-12,9360.0,9560.0,9360.0,9370.0,169935669010,18132145,2026,9550.0,9530.0,47.39071646142803,77.65448033229586,134.2960251360358,10968.352529513733,8486.647470486267,9727.5,9341.8,-0.014690451206715638,0
2021-04-13,9410.0,9690.0,9350.0,9480.0,211778043090,22332435,4776,9370.0,9400.0,44.5347544929574,46.96020966331707,116.82886204149207,10904.761853623811,8632.238146376189,9768.5,9336.4,-0.023404255319148914,0
2021-04-14,9520.0,9660.0,9300.0,9510.0,269153415580,28314883,4739,9480.0,9300.0,42.41716341368912,14.399624841031255,96.34301460139991,10805.429555518926,8814.570444481074,9810.0,9324.8,-0.03118279569892468,0
2021-04-17,9990.0,9990.0,9320.0,9610.0,116842383990,12159875,1431,9510.0,9320.0,43.00091170775269,-9.679461556384922,75.13851936984295,10720.52150970822,8965.47849029178,9843.0,9323.4,-0.05901287553648071,0
2021-04-18,9420.0,9420.0,9420.0,9540.0,45043340820,4781671,245,9610.0,9420.0,45.95125705788971,-20.45732740556923,56.01935001476052,10696.13877802102,9018.86122197898,9857.5,9317.8,-0.08704883227176219,0
2021-04-19,9350.0,9420.0,9350.0,9360.0,162356736180,17354313,1912,9540.0,9390.0,45.19545914777745,-31.061554752872325,38.603169061233956,10700.217780609684,9006.782219390316,9853.5,9309.0,-0.06709265175718848,0
2021-04-20,9460.0,9550.0,9180.0,9280.0,138703860750,14941771,2777,9360.0,9180.0,40.209796502029654,-55.7678690021512,19.728961448556927,10698.019684821773,8919.980315178227,9809.0,9301.8,-0.04357298474945537,0
2021-04-21,9300.0,9300.0,9010.0,9040.0,131720457280,14571695,1726,9280.0,9010.0,36.68206019301228,-88.05039020597724,-1.8269088823499047,10631.314676885651,8838.685323114349,9735.0,9293.4,-0.006659267480577102,0
2021-04-24,8790.0,8840.0,8770.0,8860.0,77013997990,8778683,951,9040.0,8770.0,32.36501095575663,-131.48483969380868,-27.758495044641663,10533.52902364458,8750.47097635542,9642.0,9286.6,-0.005701254275940704,0
2021-04-25,8600.0,8700.0,8600.0,8700.0,69033637020,8025896,957,8860.0,8600.0,29.698799781105663,-177.57752986582636,-57.72230200887861,10449.39103325605,8641.60896674395,9545.5,9284.6,-0.0046511627906976605,0
2021-04-26,8440.0,8910.0,8440.0,8620.0,195079040890,22640594,3352,8700.0,8760.0,35.11642895422905,-198.90282809329437,-85.95840722576176,10354.875483678334,8578.124516321666,9466.5,9293.6,-0.03767123287671237,0
2021-04-27,8700.0,8980.0,8660.0,8850.0,230085144790,25988471,3052,8620.0,8780.0,35.782612444833006,-211.74854233882252,-111.1164342483739,10250.191669541415,8534.808330458585,9392.5,9294.0,-0.03530751708428248,0
2021-04-28,8940.0,9200.0,8800.0,8980.0,115761264520,12882692,2601,8850.0,8950.0,41.29962074784028,-205.83850600880942,-130.06084860046101,10145.905570600027,8523.094429399973,9334.5,9289.4,-0.07597765363128495,0
2021-05-01,8900.0,8950.0,8720.0,8820.0,85355666680,9749668,1500,8980.0,8720.0,36.705092513848825,-217.20997605214507,-147.49067409079782,10051.469208074432,8484.530791925568,9268.0,9277.2,-0.06307339449541283,0
2021-05-02,8560.0,8560.0,8560.0,8690.0,55212582080,6450068,349,8820.0,8560.0,33.881306157241184,-236.4074528547353,-165.27402984358534,9974.213220204992,8422.786779795008,9198.5,9251.0,-0.008177570093457986,0
2021-05-03,8430.0,8480.0,8430.0,8430.0,113615281180,13475602,1300,8690.0,8430.0,31.744421952998394,-259.12447937694014,-184.0441197502563,9920.713624756818,8338.286375243182,9129.5,9226.6,0.03677342823250296,0
2021-05-05,8500.0,8640.0,8430.0,8520.0,131397708930,15425921,2904,8430.0,8470.0,33.141683172925084,-270.7788508188132,-201.3910659639677,9861.373415602791,8273.626584397209,9067.5,9205.0,0.06021251475796929,1
2021-05-08,8610.0,8740.0,8270.0,8420.0,118807317020,14116570,2250,8520.0,8270.0,29.851225493371885,-292.7783856998394,-219.66852991114206,9810.9557727548,8183.044227245199,8997.0,9181.0,0.10399032648125761,1
2021-05-09,8180.0,8420.0,8170.0,8180.0,132705354120,16225164,1270,8420.0,8170.0,28.33633872849525,-314.6551906841196,-238.6658620657376,9769.97554795672,8083.024452043281,8926.5,9158.4,0.15055079559363516,1
2021-05-10,7990.0,8610.0,7950.0,8290.0,416594067050,50274556,4239,8180.0,8490.0,39.00368235676704,-302.6822579432119,-251.46914124123248,9696.716759912275,8055.283240087724,8876.0,9145.6,0.1071849234393405,1
2021-05-11,8630.0,8740.0,8500.0,8650.0,247873209680,28640785,3693,8290.0,8740.0,45.7924616865288,-269.90936467961365,-255.15718592890872,9601.673836458694,8071.3261635413055,8836.5,9141.4,0.07551487414187652,1
2021-05-12,9080.0,9110.0,8550.0,8860.0,237090774630,26774624,3404,8650.0,8980.0,51.38621635326758,-222.01140711206972,-248.52803016554094,9539.612560311532,8091.387439688468,8815.5,9143.6,-0.0055679287305122616,0
2021-05-15,8980.0,9130.0,8830.0,9000.0,185378291200,20603287,2580,8860.0,9130.0,54.54343762118086,-169.98866078864194,-232.82015629016115,9511.899992907453,8102.100007092548,8807.0,9146.6,-0.048192771084337394,0
2021-05-16,9140.0,9440.0,8970.0,9220.0,268332489480,29089530,3760,9000.0,9400.0,59.6262270774434,-105.75444460033032,-207.40701395219497,9528.297706674799,8093.702293325202,8811.0,9160.4,-0.09999999999999998,0
2021-05-17,9380.0,9580.0,8980.0,9300.0,309300055590,33261148,4125,9220.0,9400.0,59.626227077443396,-54.22331289039721,-176.77027373983543,9523.946776728437,8096.053223271563,8810.0,9175.2,-0.10212765957446812,0
2021-05-18,9210.0,9480.0,9020.0,9390.0,204514814700,21783477,2950,9300.0,9400.0,59.626227077443396,-13.231989608933873,-144.06261691365515,9526.082979116276,8094.917020883724,8810.5,9193.2,-0.07127659574468082,0
2021-05-19,9440.0,9500.0,8930.0,9140.0,155044178910,16972059,2066,9390.0,8930.0,47.96556436200257,-18.4583660737826,-118.94176674568064,9495.8423890829,8100.1576109171,8798.0,9202.0,0.006718924972004547,0
2021-05-22,8710.0,9270.0,8690.0,8900.0,193456611910,21743994,2001,9140.0,8690.0,43.3080655144714,-41.48805286449169,-103.45102396944286,9474.317846080061,8089.68215391994,8782.0,9204.4,0.08515535097813576,1
2021-05-23,8760.0,8800.0,8460.0,8510.0,157153459140,18464972,1782,8900.0,8460.0,39.363343076381945,-77.40603479037964,-98.24202613363022,9472.935418138799,8060.064581861202,8766.5,9205.8,0.10874704491725762,1
2021-05-24,8320.0,8650.0,8230.0,8460.0,173358274980,20482903,2528,8510.0,8440.0,39.03042468678653,-106.2602253614823,-99.84566597920065,9475.836043985622,8041.1639560143785,8758.5,9209.8,0.10545023696682465,1
2021-05-25,8730.0,8880.0,8650.0,8800.0,202906447810,23054173,2663,8460.0,8730.0,46.14319929035176,-104.52193905267086,-100.78092059389469,9474.442680637932,8039.557319362068,8757.0,9216.8,0.0744558991981672,1
2021-05-26,9070.0,9150.0,8810.0,8990.0,161553947790,17970054,2434,8800.0,8990.0,51.59540801932499,-81.22815987565082,-96.87036845024592,9492.092989202172,8042.907010797829,8767.5,9225.0,0.06896551724137923,1
2021-05-29,9260.0,9430.0,9230.0,9390.0,393994310510,41953609,3438,8990.0,9430.0,59.13499404774469,-26.95265584949084,-82.88682593009491,9568.57850311338,8014.42149688662,8791.5,9244.2,0.02332979851537642,0
2021-05-30,9500.0,9810.0,9240.0,9530.0,357595734850,37542568,4466,9390.0,9380.0,58.02886193243139,11.889435975557717,-63.931573548964394,9641.65298445329,8007.347015546709,8824.5,9258.6,0.02558635394456288,0
2021-05-31,9690.0,9720.0,9290.0,9480.0,248499711590,26215815,2530,9530.0,9330.0,56.883006908063614,38.19717816355296,-43.505823206460924,9699.0167462443,8026.983253755699,8863.0,9262.6,0.04180064308681675,0
2021-06-01,9800.0,9800.0,9290.0,9550.0,234714579250,24573339,2143,9480.0,9380.0,57.78080818561808,62.36196559672862,-22.33226544582302,9750.654152522555,8070.345847477445,8910.5,9260.8,0.013859275053304865,0
2021-06-02,9800.0,9800.0,9410.0,9650.0,264618199370,27420149,3129,9550.0,9610.0,61.72855364963984,98.931392040422,1.9204660514259828,9834.630324692243,8100.3696753077575,8967.5,9251.6,-0.024973985431841816,0
2021-06-07,9800.0,9800.0,9600.0,9690.0,164025955520,16921438,2532,9650.0,9650.0,62.38725878951278,129.6461119944197,27.465595240024726,9890.157425435316,8182.842574564684,9036.5,9234.8,-0.01968911917098448,0
2021-06-08,9900.0,9900.0,9540.0,9750.0,219580772550,22530496,2573,9690.0,9620.0,61.53187255785473,149.83974031171965,51.94042425436372,9899.971554482732,8318.028445517268,9109.0,9214.6,-0.029106029106029108,0
2021-06-09,9900.0,9900.0,9510.0,9750.0,234764303630,24084003,2134,9750.0,9720.0,63.33640552694949,171.93059166787498,75.93845773706597,9950.58909747593,8390.41090252407,9170.5,9198.4,-0.026748971193415683,0
2021-06-12,9700.0,9900.0,9450.0,9680.0,172614094430,17840226,2161,9750.0,9510.0,57.26161451119103,170.52677900767958,94.8561219911887,9976.200104275798,8441.799895724202,9209.0,9181.8,0.019978969505783484,0
2021-06-13,9640.0,9640.0,9320.0,9470.0,130299913940,13758900,1837,9680.0,9370.0,53.57257048237914,156.3155094988906,107.14799949272908,9991.239142827213,8465.760857172787,9228.5,9164.0,0.03842049092849509,0
2021-06-14,9480.0,9580.0,9300.0,9460.0,225512444010,23838625,2260,9470.0,9460.0,55.55488884281512,150.57943783817063,115.8342871618174,10012.762984260627,8477.237015739373,9245.0,9151.0,0.044397463002114224,0
2021-06-15,9540.0,9870.0,9320.0,9530.0,167036895840,17527256,1929,9460.0,9340.0,52.34564484009654,134.79671003745716,119.62677173694536,10007.783259154172,8476.216740845828,9242.0,9136.8,0.08993576017130622,1
2021-06-16,9450.0,9530.0,9270.0,9420.0,130685439520,13877513,1919,9530.0,9460.0,55.136627003732485,130.4678297373266,121.79498333702162,10013.700201639615,8476.299798360385,9245.0,9127.0,0.09830866807610983,1
2021-06-19,9480.0,9890.0,9430.0,9660.0,324621454140,33612100,2763,9420.0,9700.0,60.16198323481758,144.7347431234084,126.38293529429899,10051.580697087025,8468.419302912975,9260.0,9124.8,0.061855670103092786,1
2021-06-20,9700.0,10090.0,9610.0,9770.0,237370941600,24305974,2142,9660.0,9730.0,60.75377311880044,156.65628787748028,132.43760581093525,10101.623352953722,8498.376647046278,9300.0,9125.2,0.04830421377183969,0
2021-06-21,9730.0,9970.0,9670.0,9830.0,311847105750,31738184,3012,9770.0,9880.0,63.660495260855804,176.17708461782058,141.18550157231232,10147.725221621808,8571.274778378192,9359.5,9129.2,0.03137651821862342,0
2021-06-22,9800.0,10300.0,9800.0,10120.0,284259972180,28092539,3026,9830.0,10180.0,68.65992351005559,213.39506400563187,155.62741405897623,10196.858103703367,8694.141896296633,9445.5,9141.2,-0.017681728880157177,0
2021-06-23,10130.0,10580.0,10090.0,10310.0,299227301630,29027565,3774,10120.0,10390.0,71.60481171079087,256.8747337367604,175.87687799453306,10252.03032375258,8833.96967624742,9543.0,9159.0,-0.008662175168431152,0
2021-06-26,10450.0,10520.0,10150.0,10340.0,247907315800,23964754,3406,10310.0,10300.0,68.62848192727239,280.83316747212484,196.8681358900514,10300.094871775984,8942.905128224016,9621.5,9174.4,-0.010679611650485477,0
2021-06-27,10390.0,10390.0,10110.0,10290.0,267145288130,25970343,2711,10340.0,10200.0,65.37682411319773,288.42643415969724,215.17979554398056,10340.04559112621,9023.95440887379,9682.0,9190.4,0.0039215686274509665,0
2021-06-28,10400.0,10400.0,10100.0,10210.0,263532011980,25823251,2361,10290.0,10190.0,65.0449307383343,290.2909429985666,230.2020250348978,10402.759108324915,9037.240891675085,9720.0,9208.2,0.004906771344455274,0
2021-06-29,10330.0,10330.0,9970.0,10120.0,277734689540,27442174,3453,10210.0,10000.0,58.924155717189045,273.28688647063063,238.81899732204437,10425.44495698361,9076.55504301639,9751.0,9221.8,0.07299999999999995,1
2021-06-30,10000.0,10370.0,9990.0,10190.0,459095944710,45064446,3400,10120.0,10300.0,64.59007412094267,280.7818634191626,247.21157054146803,10485.283493531748,9113.716506468252,9799.5,9239.4,0.03883495145631066,0
2021-07-03,10220.0,10290.0,9960.0,10170.0,333438148290,32801733,3135,10190.0,10190.0,61.2537181103319,274.6792742658017,252.70511128633478,10517.524907291676,9162.475092708324,9840.0,9255.4,0.027477919528949846,0
2021-07-04,10200.0,10320.0,10000.0,10180.0,286269294870,28111456,2401,10170.0,10240.0,62.209269166552154,270.7563992964642,256.3153688883607,10561.78327518533,9181.21672481467,9871.5,9276.6,0.04296875,0
2021-07-05,10460.0,10470.0,10170.0,10220.0,889502380270,86997876,3421,10180.0,10240.0,62.209269166552154,264.59737874446,257.97177085958054,10601.254239544878,9200.745760455122,9901.0,9301.2,0.0361328125,0
2021-07-06,10380.0,10730.0,10340.0,10680.0,859759421620,80526227,3727,10220.0,10730.0,70.48285317695442,295.8448996368261,265.54639661502966,10730.8971849126,9182.1028150874,9956.5,9340.4,-0.004659832246039164,0
2021-07-07,11050.0,11050.0,10550.0,10860.0,577564330830,53193292,4799,10680.0,10700.0,69.4799073424447,314.5619613087729,275.3495095537783,10835.83667870361,9175.16332129639,10005.5,9382.4,-0.01962616822429908,0
2021-07-10,10760.0,10770.0,10420.0,10570.0,197644562740,18699206,2674,10860.0,10470.0,62.17520545676136,307.2939958231618,281.73840680765505,10874.652239234922,9232.347760765078,10053.5,9416.6,0.0047755491881567025,0
2021-07-11,10640.0,10740.0,10450.0,10620.0,212742993430,20032849,2588,10570.0,10680.0,65.71903220720316,314.8499317438582,288.3607117948957,10920.371324668225,9317.628675331775,10119.0,9454.6,-0.006554307116104829,0
2021-07-12,10850.0,10890.0,10600.0,10750.0,423704024000,39424712,2922,10620.0,10610.0,63.5806549332515,311.59774556498814,293.0081185489142,10944.830007223776,9408.169992776224,10176.5,9487.8,-0.004712535344015056,0
2021-07-13,10800.0,10870.0,10500.0,10710.0,256070988680,23906163,2496,10750.0,10680.0,64.81362458303616,311.0828105751025,296.6230569541519,10938.576254809834,9548.423745190166,10243.5,9527.0,-0.0074906367041198685,0
2021-07-14,10670.0,10790.0,10440.0,10580.0,247015188820,23358318,2774,10710.0,10490.0,58.97722725535787,291.97757306935273,295.693960177192,10896.581249708175,9693.418750291825,10295.0,9565.6,-0.009532888465204947,0
2021-07-17,10900.0,10900.0,10350.0,10600.0,363963446070,34338761,3268,10580.0,10520.0,59.595893449620085,276.0748647891269,291.770141099579,10878.674856613457,9793.325143386543,10336.0,9607.4,-0.017110266159695797,0
2021-07-18,10600.0,10630.0,10270.0,10500.0,482674570140,45951071,2651,10600.0,10610.0,61.4730559700804,267.64881283408795,286.94587544648084,10857.828421089016,9902.171578910984,10380.0,9650.2,0.03016022620169645,0
2021-07-19,10510.0,10780.0,10490.0,10610.0,484247586170,45652331,3197,10500.0,10560.0,59.81053835125559,254.00847226721635,280.35839481062794,10838.471436024158,9989.528563975842,10414.0,9696.0,0.037878787878787845,0
2021-07-26,10720.0,10750.0,10490.0,10610.0,393034580320,37027586,3238,10610.0,10600.0,60.72563156231119,243.61779550095343,273.01027494869305,10852.588314013221,10017.411685986779,10435.0,9744.6,0.05660377358490565,1
2021-07-27,10710.0,10760.0,10300.0,10540.0,374720011610,35550599,2828,10610.0,10390.0,53.7997171014333,215.9485439547243,261.5979287498993,10852.588314013221,10017.411685986779,10435.0,9782.6,0.120307988450433,1
2021-07-28,10540.0,10540.0,10290.0,10410.0,292568950920,28103970,2803,10540.0,10340.0,52.27108836680278,187.82079936489026,246.8425028728975,10852.36008474624,10021.63991525376,10437.0,9814.6,0.178916827852998,1
2021-07-31,10550.0,10930.0,10340.0,10820.0,1387383266430,128218718,6834,10410.0,10930.0,64.9327440852382,210.7085117305196,239.61570464442195,10925.795257547978,10021.204742452022,10473.5,9853.6,0.16102470265324786,1
2021-08-01,11190.0,11230.0,10830.0,11050.0,562733822200,50940951,4741,10820.0,10960.0,65.43485684243771,228.6324059003946,237.41904489561648,10991.483054966888,10032.516945033112,10512.0,9890.2,0.2043795620437956,1
2021-08-02,11100.0,11310.0,11000.0,11090.0,474135996290,42742611,3599,11050.0,11200.0,69.23057162604296,259.2151445702366,241.7782648305405,11079.68494167186,10064.31505832814,10572.0,9926.2,0.19285714285714284,1
2021-08-03,11270.0,11640.0,11200.0,11610.0,914185086840,78773641,5300,11090.0,11640.0,74.7130588407844,315.3216760685973,256.48694707815184,11312.138915826696,9965.861084173304,10639.0,9971.0,0.15721649484536093,1
2021-08-04,12190.0,12190.0,12010.0,12190.0,835124008810,68517819,2743,11610.0,12190.0,79.60495803500812,399.56101925314215,285.1017615131499,11663.075754470545,9814.924245529455,10739.0,10026.8,0.1575061525840853,1
2021-08-07,12790.0,12790.0,12500.0,12750.0,3425580539120,268665288,16943,12190.0,12690.0,82.85262095880833,500.8931426113686,328.26003773279365,12088.435613632708,9634.564386367292,10861.5,10102.0,0.08983451536643017,1
2021-08-08,12790.0,13380.0,12600.0,13140.0,1335761019300,101646383,11072,12750.0,13200.0,85.40545088126042,615.2599840730963,385.6600270008542,12569.698384821693,9449.301615178307,11009.5,10192.2,0.06590909090909092,1
2021-08-09,13050.0,13690.0,12880.0,13300.0,746171878380,56110278,7276,13140.0,13360.0,86.10438523778367,710.6156577644997,450.6511531535833,12999.60054880014,9282.39945119986,11141.0,10290.2,0.042664670658682624,0
2021-08-10,13600.0,13600.0,13190.0,13440.0,556852686540,41440412,5647,13300.0,13470.0,86.58021187594888,786.001263559594,517.7211752347855,13382.740119434806,9176.259880565194,11279.5,10390.8,0.017074981440237558,0
2021-08-11,13560.0,14110.0,13500.0,13990.0,1562099305760,111678413,8393,13440.0,14110.0,88.95087949825937,887.1609118200267,591.6091225518338,13862.002239115822,9060.997760884178,11461.5,10498.4,-0.02693125442948263,0
2021-08-14,14200.0,14200.0,13470.0,13760.0,839737181850,61028179,7912,13990.0,13830.0,82.11622266508351,933.9707682996268,660.0814517013924,14200.27797805661,9037.72202194339,11619.0,10595.2,-0.026030368763557465,0
2021-08-15,13760.0,14180.0,13600.0,13950.0,550923735830,39490935,5141,13760.0,14070.0,83.30063855614642,979.1469149055847,723.8945443422309,14538.11434576202,9045.88565423798,11792.0,10688.0,-0.03340440653873489,0
2021-08-22,13970.0,14290.0,13870.0,13980.0,787608289390,56349720,6901,13950.0,13930.0,79.97334064989022,992.2148711933805,777.5586097124609,14800.97483740853,9108.02516259147,11954.5,10779.0,-0.054558506819813335,0
2021-08-23,13850.0,13960.0,13560.0,13690.0,607909161260,44417009,6365,13980.0,13700.0,74.6947507521277,972.798428157399,816.6065734014486,14975.031468358324,9254.968531641676,12115.0,10866.4,-0.06715328467153281,0
2021-08-24,13530.0,13900.0,13530.0,13700.0,601805178130,43935836,6440,13690.0,13730.0,74.92721351166358,948.8932556573291,843.0639098526248,15119.718521843886,9431.281478156114,12275.5,10953.4,-0.09613983976693374,0
2021-08-25,13700.0,13730.0,13360.0,13460.0,599131301060,44522825,5989,13700.0,13470.0,69.01032207941313,898.6097928079034,854.1730864436805,15200.292767263545,9636.707232736455,12418.5,11030.6,-0.039346696362286604,0
2021-08-28,13360.0,13820.0,13200.0,13570.0,536083613050,39491168,5928,13460.0,13600.0,70.27430365509392,859.3437202870391,855.2072132123524,15260.172656662837,9880.827343337163,12570.5,11109.6,-0.03161764705882353,0
2021-08-29,13420.0,13900.0,13160.0,13450.0,493528460340,36699971,5649,13570.0,13170.0,61.35943732001734,784.4846182232595,841.0626942145338,15241.360320646876,10156.639679353124,12699.0,11180.6,-0.0037965072133636646,0
2021-08-30,12980.0,13100.0,12780.0,12820.0,353539937670,27577303,3239,13450.0,12780.0,54.59471848123333,685.7832178231674,810.0067989362606,15129.666588543467,10507.333411456533,12818.5,11241.8,-0.0015649452269170805,0
2021-08-31,12200.0,12820.0,12180.0,12330.0,583010497280,47282292,5476,12820.0,12410.0,49.06775756321647,571.1221979333732,762.2298787356831,14947.690993216787,10896.309006783213,12922.0,11299.8,0.043513295729250556,0
2021-09-01,12400.0,12940.0,12240.0,12720.0,603029495020,47415177,4649,12330.0,12940.0,55.94740370771818,517.0587527441221,713.195653537371,14830.668963343742,11214.331036656258,13022.5,11371.2,0.007727975270479082,0
2021-09-04,13250.0,13250.0,12950.0,13110.0,530868501300,40480314,3912,12720.0,13170.0,58.56315604943531,487.15652357597173,667.9878275450912,14673.845222596852,11592.154777403148,13133.0,11445.4,-0.012148823082763882,0
2021-09-05,13110.0,13150.0,12860.0,13090.0,251536604050,19212220,2840,13110.0,13120.0,57.76022027870345,454.1886058678665,625.2279832096464,14489.982156891807,11968.017843108193,13229.0,11521.0,-0.024390243902439046,0
2021-09-06,13100.0,13140.0,12710.0,13070.0,437322094110,33449806,3718,13090.0,12760.0,52.209803779017506,394.4651534655877,579.0754172608347,14341.664563614913,12228.335436385087,13285.0,11587.0,-0.019592476489028177,0
2021-09-07,13150.0,13150.0,12810.0,12970.0,190161464030,14660164,3064,13070.0,12950.0,54.68481014398414,358.33464057530546,534.9272619237289,14268.20050782862,12377.79949217138,13323.0,11652.0,-0.020849420849420874,0
2021-09-08,13040.0,13080.0,12910.0,12980.0,200396991790,15437313,3755,12970.0,13040.0,55.85116406947336,333.1231602131138,494.5664415816059,14250.47747224834,12430.52252775166,13340.5,11718.2,-0.023773006134969354,0
2021-09-11,13040.0,13110.0,12990.0,13000.0,547008110200,42065940,2667,12980.0,13010.0,55.33984974953567,307.18113816053483,457.0893808973917,14250.562939661815,12411.437060338185,13331.0,11780.8,-0.035357417371252864,0
2021-09-12,12940.0,13120.0,12610.0,12940.0,324337131420,25071853,3357,13000.0,12800.0,51.76717934771075,266.6034156046917,418.99218783885175,14250.989451417836,12355.010548582164,13303.0,11833.2,-0.04921874999999998,0
2021-09-13,12940.0,13000.0,12400.0,12650.0,168331606070,13301805,2797,12940.0,12510.0,47.23237888282631,208.6396339372386,376.9216770585291,14259.818391551182,12250.181608448818,13255.0,11875.6,-0.019984012789768135,0
2021-09-14,12740.0,12900.0,12640.0,12750.0,166439009670,13055416,2739,12650.0,12680.0,49.99760164352965,174.41000859735686,336.41934336629464,14136.983612863654,12230.016387136346,13183.5,11923.2,-0.039432176656151396,0
2021-09-15,12880.0,12880.0,12700.0,12750.0,575311391530,45125081,3812,12750.0,12730.0,50.814014344437894,149.59295160916008,299.0540650148678,14052.930094706757,12204.069905293243,13128.5,11973.8,-0.0408483896307934,0
2021-09-18,12850.0,12850.0,12530.0,12600.0,470125013350,37323999,2487,12750.0,12550.0,47.78895673025729,114.08565110149539,262.0603822321933,13901.684903304085,12203.315096695915,13052.5,12021.0,-0.01035856573705174,0
2021-09-19,12470.0,12480.0,12020.0,12190.0,173650421650,14243348,2226,12600.0,12170.0,42.09197041776436,54.65302932367922,220.5789116504905,13796.304664569512,12132.695335430488,12964.5,12064.4,0.023829087921117598,0
2021-09-20,12170.0,12440.0,12000.0,12260.0,177077987730,14443872,1685,12190.0,12260.0,43.80077175133114,14.645670046769737,179.39226332974638,13706.278225316713,12078.721774683287,12892.5,12103.6,0.014681892332789603,0
2021-09-21,12400.0,12550.0,11900.0,12110.0,583788789950,48217128,2792,12260.0,12180.0,42.59748561623946,-23.247795712024526,138.8642515213922,13589.24802227687,12040.75197772313,12815.0,12143.4,0.028735632183908066,0
2021-09-22,12110.0,12640.0,11710.0,12100.0,184301301510,15231225,2482,12110.0,12210.0,43.227343137793305,-50.27831394797795,101.03573842751817,13507.63483244201,11996.36516755799,12752.0,12182.8,0.0753480753480753,1
2021-09-25,12160.0,12700.0,12160.0,12420.0,239229042230,19262111,2607,12100.0,12420.0,47.56463292736473,-54.13096140978996,70.00239846005655,13352.760562628355,12033.239437371645,12693.0,12226.4,0.08534621578099832,1
2021-09-26,12460.0,12770.0,12310.0,12530.0,287963457660,22990017,2485,12420.0,12460.0,48.37368362993309,-53.34165715440395,45.33358733716445,13286.463432959099,12028.536567040901,12657.5,12261.0,0.1003210272873194,1
2021-09-28,12740.0,12740.0,12390.0,12480.0,180335917000,14452372,1996,12530.0,12440.0,47.975097683411846,-53.71081584714193,25.524706700303177,13273.665855048817,12007.334144951183,12640.5,12295.8,0.11334405144694526,1
2021-09-29,12610.0,12690.0,12400.0,12510.0,385244569220,30798265,2485,12480.0,12530.0,49.97273560912617,-46.20846649418854,11.178072061404835,13273.054865913353,12019.945134086647,12646.5,12337.0,0.0949720670391061,1
2021-10-02,12510.0,13130.0,12510.0,13020.0,723757356130,55605717,5613,12510.0,13130.0,60.783721559700304,8.059282617030476,10.554314172529963,13305.412041772937,12006.587958227063,12656.0,12386.0,0.0022848438690021844,0
2021-10-03,13450.0,13560.0,13300.0,13400.0,996993185780,74428912,6423,13020.0,13480.0,65.47122116458596,78.40513411309257,24.124478160642486,13381.240093273369,11961.759906726631,12671.5,12443.4,-0.03931750741839768,0
2021-10-04,13500.0,13850.0,13300.0,13730.0,682833578030,49749777,4836,13400.0,13710.0,68.16421240162144,150.97347777396135,49.49427808330626,13523.019464489547,11878.980535510453,12701.0,12504.0,-0.06418672501823486,0
2021-10-06,14000.0,14070.0,13830.0,13890.0,825384532800,59425164,6358,13730.0,13850.0,69.71267093663783,217.27661337408244,83.0507451414615,13718.401344894515,11792.598655105485,12755.5,12571.2,-0.11913357400722024,0
2021-10-11,13850.0,13860.0,13640.0,13770.0,554278034190,40266561,2531,13890.0,13720.0,66.4791942878228,256.37705735282,117.7160075837332,13842.682983555875,11745.317016444125,12794.0,12635.2,-0.10131195335276966,0
2021-10-12,13510.0,13690.0,13150.0,13290.0,377654699170,28410067,3296,13770.0,13160.0,54.7076057564658,239.41726779368037,142.05625962572265,13855.594619160049,11744.405380839951,12800.0,12686.2,-0.06914893617021278,0
2021-10-13,13400.0,13500.0,12720.0,12970.0,222038318150,17113464,2621,13290.0,12950.0,51.05656351802971,206.64914471693373,154.97483664396486,13850.529306663868,11743.470693336132,12797.0,12734.0,-0.048648648648648596,0
2021-11-06,12640.0,13000.0,12640.0,12730.0,466611375320,36658930,2733,12370.0,12830.0,49.04243219412222,169.04848823552857,157.7895669622776,13852.127543299648,11744.872456700352,12798.5,12778.6,-0.08028059236165241,0
2021-11-07,12950.0,12950.0,12100.0,12510.0,311274131660,24872424,4497,12730.0,12200.0,40.09883980969972,87.40639568473489,143.71293270676907,13861.96431822357,11704.03568177643,12783.0,12814.8,-0.013114754098360604,0
2021-11-08,12590.0,12740.0,12290.0,12490.0,289383993040,23165541,3117,12510.0,12330.0,42.43181448543065,32.81607934796011,121.5335620350073,13861.793300170926,11669.206699829074,12765.5,12854.6,-0.08191403081914028,0
2021-11-09,12480.0,12670.0,12220.0,12420.0,273565154280,22028665,3220,12490.0,12250.0,41.36416098505024,-16.709850310171532,93.88487956597153,13860.629572480178,11622.370427519822,12741.5,12881.0,-0.09306122448979592,0
2021-11-10,12420.0,12700.0,12200.0,12360.0,200293634720,16207012,2705,12420.0,12320.0,42.7222169309589,-49.7377456228387,65.16035452820948,13861.423881664017,11598.576118335983,12730.0,12908.2,-0.10470779220779225,0
2021-11-13,12230.0,12240.0,11750.0,11890.0,223194457870,18769645,4370,12360.0,11800.0,36.043779925453684,-116.52897134503837,28.82248935355991,13890.063108195602,11532.936891804398,12711.5,12920.2,-0.10593220338983056,0
2021-11-14,11800.0,12070.0,11590.0,11910.0,277553845850,23297419,4009,11890.0,12040.0,40.6548218632275,-148.38501461633132,-6.619011440418337,13899.640942508295,11501.359057491705,12700.5,12928.2,-0.10299003322259137,0
2021-11-15,12000.0,12010.0,11320.0,11510.0,149986191910,13031761,2413,11910.0,11320.0,32.97419848580867,-229.08835319508034,-51.11287979135074,13983.213015701247,11331.786984298753,12657.5,12910.8,-0.03798586572438167,0
2021-11-16,11190.0,11280.0,10940.0,11130.0,109406304460,9831528,2303,11510.0,11110.0,31.127081942472742,-306.4589078856079,-102.18208541020218,14080.442827040246,11124.557172959754,12602.5,12879.2,-0.009000900090008979,0
2021-11-17,11350.0,11460.0,10850.0,11070.0,188603917780,17038964,2485,11130.0,11030.0,30.42780997079828,-369.9662210148181,-155.73891253112538,14161.767632291278,10904.232367708722,12533.0,12835.8,-0.006346328195829587,0
2021-11-20,11100.0,11350.0,10520.0,10630.0,156312843460,14706476,3690,11070.0,10550.0,26.570819273499197,-453.7971219449428,-215.35055441388886,14281.895564947978,10593.104435052022,12437.5,12779.6,-0.013270142180094813,0
2021-11-21,10610.0,10970.0,10340.0,10650.0,98195989130,9215972,2024,10630.0,10800.0,31.44498803235848,-494.36210561447297,-271.1528646540057,14333.170093822475,10377.829906177525,12355.5,12726.2,-0.01851851851851849,0
2021-11-22,10880.0,11110.0,10670.0,10980.0,188273795160,17153940,2466,10650.0,10890.0,33.16496736198309,-513.330544607812,-319.588400644767,14349.007407840265,10197.992592159735,12273.5,12661.8,-0.04775022956841135,0
2021-11-23,11000.0,11140.0,10830.0,11000.0,112503690920,10224047,1862,10980.0,11010.0,35.48899477202147,-512.7692869005095,-358.2245778959155,14273.528252422046,10061.471747577954,12167.5,12605.4,-0.07538601271571299,0
2021-11-24,11220.0,11220.0,10700.0,10910.0,115279929440,10565109,1718,11000.0,10960.0,34.943764188020765,-510.4746344301111,-388.67458920275465,14119.70379173937,9963.29620826063,12041.5,12543.2,-0.09032846715328469,0
2021-11-27,10700.0,10850.0,10380.0,10620.0,80273216240,7651353,1748,10910.0,10410.0,29.563330974008878,-546.7340989113654,-420.2864911444768,13922.376584743066,9830.623415256934,11876.5,12472.8,-0.03938520653218058,0
2021-11-28,10370.0,10800.0,10370.0,10590.0,145080589510,13694305,2042,10620.0,10600.0,33.37952858527238,-553.75522807575,-446.9802385307315,13618.451627109494,9809.548372890506,11714.0,12410.8,-0.047169811320754707,0
2021-11-29,10510.0,10680.0,10350.0,10490.0,85495401990,8177294,1566,10590.0,10370.0,31.177455958619205,-571.2930902065273,-471.8428088658907,13298.975677434655,9794.024322565345,11546.5,12343.6,-0.02507232401157189,0
2021-11-30,10580.0,10620.0,10090.0,10250.0,122518551150,11957375,2388,10490.0,10180.0,29.449097281104528,-593.6798130701682,-496.21020970674624,13081.291851744183,9713.708148255817,11397.5,12277.8,-0.0009823182711198308,0
2021-12-01,10090.0,10240.0,9830.0,9960.0,121186273010,12162687,1922,10250.0,9970.0,27.626190031822418,-621.2058231420197,-521.209332393801,12883.079762507828,9613.920237492172,11248.5,12205.2,0.033099297893681046,0
2021-12-04,10010.0,10300.0,9740.0,10000.0,95978338410,9589582,1808,9960.0,10000.0,28.3089128137715,-633.2993544160709,-543.627336798255,12657.252882596964,9556.747117403036,11107.0,12141.8,0.018000000000000016,0
2021-12-05,10020.0,10200.0,10010.0,10050.0,59751323800,5914321,1347,10000.0,10100.0,30.657077379323553,-627.5800486687767,-560.4178791723593,12526.16009657786,9477.83990342214,11002.0,12088.2,-0.00990099009900991,0
2021-12-06,10200.0,10200.0,10050.0,10080.0,49504457800,4894130,1000,10050.0,10110.0,30.900814107882113,-615.149480933218,-571.3641995245312,12333.288459359037,9448.711540640963,10891.0,12042.2,-0.05044510385756673,0
2021-12-07,10250.0,10250.0,10020.0,10120.0,117942913730,11648060,1263,10080.0,10170.0,32.43534049872315,-593.6138568562619,-575.8141309908773,12117.98610060372,9456.01389939628,10787.0,11986.8,-0.03834808259587019,0
2021-12-08,10200.0,10340.0,10080.0,10160.0,255787866520,25176394,1916,10120.0,10300.0,35.76390770351151,-559.6060162619942,-572.5725080451007,11829.73773217479,9542.26226782521,10686.0,11929.4,-0.05242718446601946,0
2021-12-11,10380.0,10380.0,10100.0,10180.0,93988841730,9228921,1213,10160.0,10180.0,34.0941986506416,-536.1570697421339,-565.2894203845074,11646.585330158003,9563.414669841997,10605.0,11870.6,-0.01964636542239684,0
2021-12-12,10200.0,10200.0,9680.0,9880.0,132062105820,13364593,1441,10180.0,10000.0,31.703222789934244,-526.0343102779443,-557.4383983631948,11342.43075950336,9663.56924049664,10503.0,11815.4,-0.0040000000000000036,0
2021-12-13,9880.0,10110.0,9480.0,9750.0,103433212910,10629887,1608,9880.0,9600.0,27.1471458453005,-544.0175122900146,-554.7542211485588,11256.430759503377,9577.569240496623,10417.0,11748.4,0.046875,0
2021-12-14,9700.0,9960.0,9360.0,9750.0,81179358750,8331040,1274,9750.0,9780.0,31.89057121948639,-537.5483114471626,-551.3130392082796,11170.29204680238,9530.70795319762,10350.5,11683.2,0.04703476482617597,0
2021-12-15,9950.0,10000.0,9710.0,9780.0,60298768770,6152767,906,9750.0,9760.0,31.644035676058962,-527.9493841606309,-546.64030819875,11082.816561778189,9491.183438221811,10287.0,11618.2,0.08606557377049184,1
2021-12-18,9800.0,10010.0,9790.0,9830.0,48200985180,4864399,833,9780.0,9980.0,37.378805106256294,-496.8624823360169,-536.6847430262034,11055.425968958514,9461.574031041486,10258.5,11561.8,0.11322645290581157,1
2021-12-19,9880.0,9960.0,9800.0,9860.0,84367714370,8547815,1078,9830.0,9960.0,37.07429309741295,-468.4398386576322,-523.0357621524892,10982.796939834996,9450.203060165004,10216.5,11510.8,0.1355421686746987,1
2021-12-20,9890.0,10100.0,9890.0,9960.0,81529754100,8143516,998,9860.0,10050.0,39.464239757283025,-433.65355271408225,-505.1593202648078,10878.047439765433,9470.952560234567,10174.5,11458.2,0.10348258706467672,1
2021-12-21,10050.0,10240.0,9960.0,10100.0,96880084040,9550150,1004,9960.0,10240.0,44.27594068533888,-386.30072409490276,-481.38760103082683,10727.858091099975,9544.141908900025,10136.0,11408.4,0.0830078125,1
2021-12-22,10330.0,10600.0,10320.0,10590.0,243340976190,22975032,1122,10100.0,10600.0,52.0524797719876,-316.0806934206739,-448.32621950879627,10624.225246308906,9611.774753691094,10118.0,11369.4,0.037735849056603765,0
2021-12-25,10890.0,11110.0,10800.0,11090.0,260384357590,23486788,1338,10590.0,11110.0,60.46901919267969,-216.77918000444697,-402.0168116079264,10809.600335059693,9496.399664940307,10153.0,11348.2,-0.027902790279027867,0
2021-12-26,11210.0,11430.0,11090.0,11250.0,367990778310,32701984,3598,11090.0,11310.0,63.197314781515225,-120.5540150201723,-345.7242522903756,10997.110536661803,9379.889463338197,10188.5,11329.2,-0.04597701149425293,0
2021-12-27,11300.0,11440.0,11010.0,11220.0,247442282170,22050072,2905,11250.0,11090.0,58.420926341510516,-61.33995111488366,-288.8473920552772,11121.505574118955,9327.494425881045,10224.5,11307.4,-0.03787195671776378,0
2021-12-28,11220.0,11250.0,11010.0,11140.0,115476398280,10376140,1519,11220.0,11090.0,58.420926341510516,-14.248135221967459,-233.92754068861527,11242.501928018894,9297.498071981106,10270.0,11285.0,-0.03787195671776378,0
2021-12-29,11010.0,11190.0,10900.0,11010.0,109441348100,9953908,1337,11140.0,11000.0,56.39856721514459,15.630046861904702,-184.0160231785113,11333.295928041049,9309.704071958951,10321.5,11256.6,-0.030000000000000027,0
2022-01-01,10720.0,10880.0,10670.0,10820.0,90589798460,8412476,1025,11010.0,10800.0,52.08373300168978,22.906342832326118,-142.63154997634382,11382.504897148116,9340.495102851884,10361.5,11223.4,-0.05833333333333335,0
2022-01-02,10700.0,10800.0,10610.0,10820.0,3953540200,368825,70,10820.0,10790.0,51.870051263594405,27.54838277687486,-108.59556342570009,11425.920385272777,9366.079614727223,10396.0,11190.4,-0.056533827618164945,0
2022-01-04,10820.0,10880.0,10500.0,10740.0,156947723260,14619852,1195,10820.0,10670.0,49.25842084710427,21.29871740263843,-82.61670726003238,11451.743158576312,9396.256841423688,10424.0,11153.2,-0.0627928772258669,0
2022-01-05,10850.0,10970.0,10600.0,10740.0,86792589690,8084246,1066,10740.0,10670.0,49.25842084710427,16.15953550085578,-62.86145870785475,11475.13644316943,9422.86355683057,10449.0,11104.0,-0.05154639175257736,0
2022-01-08,10740.0,10870.0,10520.0,10690.0,94240883510,8827545,1322,10740.0,10670.0,49.25842084710427,11.948956683210781,-47.899375629641646,11495.56371397905,9439.43628602095,10467.5,11047.8,-0.04967197750702901,0
2022-01-09,10700.0,10750.0,10160.0,10280.0,149047700120,14501302,1875,10690.0,10170.0,39.03134706244247,-31.372140187402692,-44.59392854119386,11495.63210138533,9438.36789861467,10467.0,10977.0,-0.0471976401179941,0
2022-01-10,10160.0,10440.0,9900.0,10210.0,64244497600,6328736,1122,10280.0,10180.0,39.302774920860216,-64.15793243432381,-48.506729319819854,11491.192592565763,9460.807407434237,10476.0,10903.6,-0.035363457760314354,0
2022-01-11,10210.0,10340.0,9980.0,10120.0,115546820800,11418776,1666,10210.0,10000.0,36.180444191369716,-103.4726365316601,-59.49991076218791,11455.61242176224,9536.38757823776,10496.0,10829.2,-0.019000000000000017,0
2022-01-16,10120.0,10220.0,10110.0,10130.0,34993447360,3447975,353,10120.0,10120.0,39.62404744216083,-123.52293020870093,-72.3045146514905,11432.480287989029,9593.519712010971,10513.0,10768.4,-0.06126482213438733,0
2022-01-17,10250.0,10250.0,10000.0,10120.0,148093276920,14637536,2193,10130.0,10140.0,40.2031705871799,-136.22873944047205,-85.08935960928682,11402.87542163066,9661.12457836934,10532.0,10712.2,-0.08777120315581854,0
2022-01-18,10100.0,10180.0,9620.0,9790.0,154045785210,15731641,2460,10120.0,9690.0,32.621313813945676,-180.52840491333518,-104.17716867009649,11433.160963457754,9601.839036542246,10517.5,10649.4,-0.034055727554179516,0
2022-01-19,9860.0,9950.0,9760.0,9800.0,77807328740,7932187,1154,9790.0,9820.0,36.35546511061544,-202.80844589733533,-123.90342411554427,11445.047484080069,9575.952515919931,10510.5,10601.8,-0.021384928716904228,0
2022-01-22,9830.0,10040.0,9780.0,9830.0,93709433350,9526545,1478,9800.0,9810.0,36.189318644118394,-218.75083190021542,-142.8729056724785,11462.103134075638,9534.896865924362,10498.5,10551.4,0.0183486238532109,0
2022-01-23,9700.0,9970.0,9340.0,9600.0,104658947100,10927235,1069,9830.0,9500.0,31.398816295836866,-253.47776302041893,-164.9938771420666,11514.633894621384,9408.366105378616,10461.5,10496.4,0.06105263157894747,1
2022-01-24,9580.0,9580.0,9140.0,9310.0,96212707730,10393394,1201,9600.0,9250.0,28.161270680812294,-297.73985705453015,-191.5430731245593,11568.97914875134,9219.02085124866,10394.0,10435.0,0.1016216216216217,1
2022-01-25,9150.0,9370.0,8850.0,9160.0,586777298760,64024577,2741,9310.0,9360.0,31.507700541263162,-320.25016027721904,-217.28449055509125,11515.32215399969,9097.67784600031,10306.5,10386.2,0.09615384615384626,1
2022-01-26,9490.0,9610.0,9420.0,9520.0,220429071950,23143572,1392,9160.0,9610.0,38.517514730611445,-314.2938433117779,-236.6863611064286,11373.876240643862,9069.123759356138,10221.5,10337.6,0.07075962539021852,1
2022-01-29,9900.0,9990.0,9800.0,9810.0,80291918760,8048336,663,9520.0,9990.0,47.339703230933196,-275.73212667718326,-244.49551422057954,11250.811302163958,9082.188697836042,10166.5,10311.0,0.03003003003003002,0
2022-01-30,10300.0,10300.0,9980.0,10160.0,177350284270,17453429,1793,9810.0,10080.0,49.198967213704265,-235.19822188737453,-242.63605575393854,11114.226427220054,9117.773572779946,10116.0,10290.4,0.01388888888888884,0
2022-01-31,10180.0,10290.0,10160.0,10200.0,138481734020,13578186,1358,10160.0,10190.0,51.45495885731796,-191.98563868296696,-232.50597233974423,10989.118629407547,9161.881370592453,10075.5,10273.6,0.008832188420019538,0
2022-02-01,10210.0,10480.0,10190.0,10250.0,93609535670,9110691,1191,10200.0,10260.0,52.888729871861194,-150.35771009053315,-216.07631988990204,10905.010945639655,9191.989054360345,10048.5,10267.8,0.013645224171539905,0
2022-02-02,10360.0,10360.0,10220.0,10270.0,92893464590,9033464,1178,10250.0,10290.0,53.52228957509433,-113.63659555127197,-195.58837502217605,10818.994186025608,9228.005813974392,10023.5,10257.6,0.03790087463556846,0
2022-02-05,10290.0,10380.0,10270.0,10300.0,88714772980,8605359,1118,10270.0,10290.0,53.52228957509433,-83.57148762961333,-173.1849975436635,10754.152586202801,9254.847413797199,10004.5,10245.6,0.03984450923226435,0
2022-02-06,10320.0,10470.0,9930.0,10280.0,333198645790,32406975,3876,10300.0,10220.0,51.642888750302404,-64.6478676040424,-151.4775715557393,10675.299358142322,9288.700641857678,9982.0,10229.8,0.045988258317025466,0
2022-02-07,10270.0,10350.0,10230.0,10270.0,168609759160,16409932,2655,10280.0,10280.0,53.161090199183036,-44.2986169560445,-130.04178063580034,10596.719993378136,9328.280006621864,9962.5,10216.2,0.07392996108949412,1
2022-02-08,10290.0,10430.0,10290.0,10380.0,128429286700,12371685,2397,10270.0,10400.0,56.12778770244232,-18.277994745150863,-107.68902345767046,10630.792204582665,9317.207795417335,9974.0,10216.0,0.060576923076923084,1
2022-02-09,10430.0,10690.0,10420.0,10560.0,222312748110,21060189,2682,10380.0,10680.0,62.15164847191352,24.653011200653054,-81.22061652600576,10720.162949686512,9277.837050313488,9999.0,10217.6,0.03277153558052426,0
2022-02-12,10690.0,10770.0,10600.0,10680.0,154227208000,14435442,2467,10560.0,10700.0,62.547220967067574,59.60291031829547,-53.055911157145516,10817.234319983834,9250.765680016166,10034.0,10224.2,0.009345794392523255,0
2022-02-13,10690.0,10980.0,10530.0,10730.0,258836777710,24122246,3179,10680.0,10690.0,62.197191521138556,85.50835366894717,-25.343058191926986,10896.043640129616,9228.956359870384,10062.5,10234.4,0.013096351730589317,0
2022-02-14,11000.0,11130.0,10930.0,11030.0,232501904380,21077111,2684,10730.0,11040.0,68.78214046588417,132.7504149417491,6.275636434808234,11043.766521883868,9171.233478116132,10107.5,10255.8,-0.009057971014492794,0
2022-02-16,11090.0,11130.0,10940.0,11030.0,140636633210,12747592,1901,11030.0,11030.0,68.41545037398359,167.4528798712472,38.511085122096034,11171.48495475132,9177.51504524868,10174.5,10276.4,-0.006346328195829587,0
2022-02-19,11000.0,11080.0,10760.0,11020.0,281695952380,25564689,2713,11030.0,11030.0,68.41545037398359,192.7331258431168,69.35549326630019,11284.08531588259,9185.91468411741,10235.0,10295.0,-0.006346328195829587,0
2022-02-20,11020.0,11020.0,10470.0,10530.0,202909006560,19262416,1795,11020.0,10800.0,59.89759818487097,191.9956191163128,93.88351843630272,11342.091130825358,9226.908869174642,10284.5,10308.8,0.012037037037037068,0
2022-02-21,10800.0,10890.0,10640.0,10830.0,182648707330,16861397,2758,10530.0,10830.0,60.58687688961952,191.62297858543934,113.43141046613005,11369.447838625247,9332.552161374753,10351.0,10322.0,0.04432132963988922,0
2022-02-22,11000.0,11100.0,10790.0,10940.0,166501113800,15219930,1915,10830.0,10940.0,63.09184891696202,197.92221488079304,130.32957134906266,11349.621983107512,9521.378016892488,10435.5,10334.8,0.003656307129798808,0
2022-02-23,11000.0,11090.0,10700.0,10960.0,136940649470,12498256,1615,10940.0,10960.0,63.545513638063845,202.1974317517288,144.7031434295959,11311.552133971378,9719.447866028622,10515.5,10350.4,0.008211678832116709,0
2022-02-26,11040.0,11040.0,10780.0,10950.0,123220066430,11257110,2429,10960.0,10960.0,63.545513638063845,203.24271640272673,156.4110580242221,11283.7167758805,9882.2832241195,10583.0,10369.6,0.02007299270072993,0
2022-02-27,10970.0,10980.0,10860.0,10940.0,93696410520,8571143,1602,10950.0,10930.0,62.215152607704724,199.35235290817764,164.9993170010132,11290.242379736676,9969.757620263324,10630.0,10396.2,0.03751143641354071,0
2022-02-28,10950.0,11360.0,10670.0,10980.0,118481273990,10791620,1353,10940.0,11310.0,70.60877358047375,224.34591594910853,176.86863679063228,11364.382604917328,10018.617395082672,10691.5,10426.8,-0.015030946065428874,0
2022-03-02,11000.0,11160.0,10920.0,11030.0,127094104910,11527526,2392,10980.0,10980.0,58.46293922516784,215.04633239486066,184.50417591147797,11373.554277863213,10088.445722136787,10731.0,10451.2,0.033697632058287796,0
2022-03-05,11030.0,11220.0,10970.0,11070.0,138011115720,12464063,1573,11030.0,11050.0,60.033426372738106,210.89370901310213,189.7820825318028,11389.062042159316,10151.937957840684,10770.5,10472.6,-0.32398190045248865,0
2022-03-06,11300.0,11340.0,11120.0,11220.0,134599734760,11998253,1610,11070.0,11180.0,62.843173494147216,215.60725241470936,194.9471165083841,11416.714217881121,10213.285782118879,10815.0,10497.0,-0.3220035778175313,0
2022-03-07,11320.0,11650.0,11200.0,11360.0,166604885870,14660199,2193,11220.0,11340.0,66.0103904050222,229.6066695821828,201.87902712314386,11459.9820672394,10275.0179327606,10867.5,10522.8,-0.33597883597883593,0
2022-03-08,11380.0,11610.0,11050.0,11310.0,208025393740,18386428,2051,11360.0,11140.0,59.21568479105042,222.00385773810012,205.90399324613512,11436.540151422678,10390.459848577322,10913.5,10540.8,-0.322262118491921,0
2022-03-09,11200.0,11600.0,11160.0,11330.0,342778595960,30263388,3025,11310.0,11350.0,63.46782745072004,230.2694170313316,210.77707800317444,11436.003198283595,10497.996801716405,10967.0,10555.8,-0.33920704845814975,0
2022-03-30,7590.0,7600.0,7380.0,7480.0,444708284840,59474887,5006,6640.0,7470.0,20.643354174573318,-75.39453984184911,153.54275443416972,12406.570301090178,9234.429698909822,10820.5,10483.0,-0.0013386880856760541,0
2022-04-03,7510.0,7610.0,7430.0,7500.0,263120439740,35080958,3445,7480.0,7580.0,22.245165796160038,-305.2407221232097,61.78605912269384,12790.526823360198,8540.473176639802,10665.5,10408.4,-0.01187335092348285,0
2022-04-04,7600.0,7640.0,7390.0,7520.0,272096536570,36170449,3417,7500.0,7530.0,22.027517290126895,-485.8297171057766,-47.73709612300024,13033.120345510164,7980.879654489836,10507.0,10337.2,-0.007968127490039834,0
2022-04-05,7550.0,7560.0,7400.0,7510.0,346160327590,46092462,2906,7520.0,7550.0,22.354767184244523,-620.1848588487483,-162.22664866814983,13182.800734255841,7517.199265744158,10350.0,10266.4,-0.04635761589403975,0
2022-04-06,7540.0,7590.0,7400.0,7490.0,160319419380,21408284,2566,7510.0,7500.0,22.104989771771386,-722.3698290593511,-274.2552847463901,13243.622738142949,7102.377261857052,10173.0,10196.4,-0.010666666666666713,0
2022-04-09,7490.0,7500.0,7280.0,7460.0,88671686180,11912887,1315,7490.0,7460.0,21.894230174060112,-797.388027041341,-378.8818332053803,13254.324995302746,6734.675004697254,9994.5,10129.6,-0.01072386058981234,0
2022-04-10,7500.0,7500.0,7370.0,7460.0,171773899260,23016433,1973,7460.0,7490.0,22.491120374330592,-844.6827630438565,-472.0420191730756,13214.73343325133,6420.266566748671,9817.5,10063.6,0.01869158878504673,0
2022-04-11,7490.0,7500.0,7410.0,7450.0,188755750980,25326575,1465,7460.0,7470.0,22.368393534736597,-873.7064705894863,-552.3749094563577,13163.74764251585,6138.25235748415,9651.0,9999.6,0.024096385542168752,0
2022-04-12,7360.0,7490.0,7130.0,7340.0,189057914020,25768703,2472,7450.0,7200.0,20.72429908312813,-908.0275352410245,-623.5054346132911,13093.185830753091,5845.814169246909,9469.5,9930.2,0.1166666666666667,1
2022-04-13,7390.0,7430.0,7380.0,7380.0,70205431650,9472738,1943,7340.0,7420.0,25.52750777739307,-907.0195085692549,-680.2082494044839,12956.123513275801,5630.876486724198,9293.5,9865.2,0.07816711590296488,1
2022-04-16,7450.0,7460.0,7380.0,7400.0,91647544800,12372396,1883,7380.0,7380.0,25.2282125161112,-899.0842226176483,-723.9834440471168,12783.76409515598,5445.235904844019,9114.5,9809.4,0.060975609756097615,1
2022-04-17,7440.0,7630.0,7440.0,7560.0,224076678620,29648572,3599,7400.0,7630.0,30.69719972365064,-862.6781242496654,-751.7223800876266,12569.074978511338,5326.9250214886615,8948.0,9758.4,0.08256880733944949,1
2022-04-18,7660.0,7770.0,7560.0,7660.0,137397577450,17947312,2022,7560.0,7650.0,31.131176489431553,-822.7282964770329,-765.9235633655079,12327.429976731717,5240.570023268283,8784.0,9711.4,0.08496732026143783,1
2022-04-19,7700.0,8040.0,7660.0,7960.0,467075470410,58682477,4118,7660.0,8040.0,39.13508328157858,-750.9416417095617,-762.9271790343187,11979.597944389385,5261.402055610615,8620.5,9669.8,0.029850746268656803,0
2022-04-20,8040.0,8100.0,7960.0,7990.0,146660616990,18350424,2367,7960.0,8000.0,38.63907813529447,-689.3316798067335,-748.2080791888017,11658.707398334951,5284.29260166505,8471.5,9627.0,0.040000000000000036,0
2022-04-24,8090.0,8090.0,7810.0,7970.0,184594793620,23149057,2528,7990.0,7830.0,36.52056564420961,-646.7673885175454,-727.9199410545505,11278.189168359972,5342.810831640029,8310.5,9589.8,0.06257982120051087,1
2022-04-25,7960.0,8310.0,7950.0,8090.0,274851474380,33972992,2974,7970.0,8260.0,44.769328425591084,-571.7467342195505,-696.6852996875505,10824.503571426389,5504.496428573611,8164.5,9558.6,0.014527845036319542,0
2022-04-26,8200.0,8360.0,8200.0,8300.0,159268319280,19194686,1928,8090.0,8300.0,45.47906192560552,-503.2633528268798,-658.0009103154164,10241.875473086844,5783.124526913156,8012.5,9528.4,0.0072289156626506035,0
2022-04-27,8300.0,8390.0,8280.0,8310.0,164784208570,19827349,2786,8300.0,8280.0,45.16653571239515,-445.46852862661945,-615.4944339776571,9586.001966209546,6152.998033790454,7869.5,9504.0,0.012077294685990392,0
2022-04-30,8290.0,8360.0,8250.0,8310.0,203861793520,24523779,2322,8310.0,8320.0,45.96628608250979,-391.92023583579794,-570.7795943492853,8405.30197148072,7030.69802851928,7718.0,9485.4,-0.038461538461538436,0
2022-05-01,8320.0,8410.0,8300.0,8330.0,110889770470,13300997,2204,8310.0,8320.0,45.96628608250979,-345.5001177138065,-525.7236990221895,8485.302731783808,7035.697268216192,7760.5,9464.6,0.0012019230769231282,0
2022-05-02,8400.0,8400.0,8310.0,8340.0,78552274670,9413259,1598,8330.0,8380.0,47.30335068827977,-300.40743123402535,-480.6604454645567,8568.079963261976,7032.920036738024,7800.5,9440.0,-0.00835322195704058,0
2022-05-07,8440.0,8440.0,8330.0,8360.0,128116765270,15317389,2254,8340.0,8360.0,46.88686298939225,-263.25039845090396,-437.1784360618262,8635.891680269571,7048.108319730428,7842.0,9407.4,0.005980861244019087,0
2022-05-08,8360.0,8500.0,8350.0,8390.0,114511831190,13651777,2081,8360.0,8380.0,47.38574561344792,-229.54331694331995,-395.651412238125,8698.491410998442,7068.508589001558,7883.5,9373.4,0.0023866348448686736,0
2022-05-09,8400.0,8430.0,8000.0,8280.0,128901754190,15559708,2618,8390.0,8000.0,39.74674893935162,-230.83214690810928,-362.6875591721219,8705.375774510196,7111.624225489805,7908.5,9329.6,0.06125000000000003,1
2022-05-10,8280.0,8380.0,8150.0,8290.0,203229078690,24519450,2047,8280.0,8330.0,47.64074787672456,-202.8865618730215,-330.7273597123018,8741.141305471465,7162.858694528534,7952.0,9291.0,0.01200480192076836,0
2022-05-11,8400.0,8430.0,8280.0,8340.0,249373803880,29889100,2055,8290.0,8310.0,47.236825400110284,-180.2752167672079,-300.63693112328303,8766.92764519766,7219.072354802339,7993.0,9251.4,0.025270758122743597,0
2022-05-14,8360.0,8420.0,8280.0,8380.0,146411047390,17481829,2228,8340.0,8410.0,49.54047943831829,-152.52814904308252,-271.015174707243,8795.115885146897,7284.884114853104,8040.0,9213.8,-0.003567181926278251,0
2022-05-15,8420.0,8440.0,8320.0,8390.0,114150573910,13605301,2407,8380.0,8400.0,49.30863642340765,-129.84850169178026,-242.78184010415046,8763.777071011918,7436.222928988082,8100.0,9177.4,0.010714285714285676,0
2022-05-16,8400.0,8500.0,8300.0,8400.0,116936687550,13922493,3020,8390.0,8490.0,51.5081650645373,-103.42030502974376,-214.90953308926913,8759.380351225507,7547.619648774492,8153.5,9141.6,-0.002355712603062443,0
2022-05-17,8430.0,8500.0,8230.0,8420.0,107651318740,12779999,2051,8400.0,8430.0,49.95204763322335,-86.32219875572991,-189.1920662225613,8707.693133300754,7704.306866699246,8206.0,9102.2,0.003558718861210064,0
2022-05-18,8430.0,8540.0,8380.0,8460.0,116403076460,13756230,2812,8420.0,8520.0,52.280861742154144,-64.76303060650753,-164.30625909935054,8694.503378366779,7806.4966216332205,8250.5,9059.0,-0.008215962441314506,0
2022-05-21,8460.0,8520.0,8360.0,8450.0,90312882890,10689757,1329,8460.0,8380.0,48.50024501051472,-58.301995382968016,-143.10540635607404,8637.77628198198,7936.223718018019,8287.0,9012.6,0.009546539379474916,0
2022-05-22,8450.0,8490.0,8440.0,8460.0,110588107470,13075311,1607,8450.0,8490.0,51.469735288038024,-43.80059177041949,-123.24444343894314,8651.6388607,7967.361139299999,8309.5,8968.6,-0.007067137809187329,0
2022-05-23,8480.0,8520.0,8290.0,8440.0,214323682530,25387623,2185,8460.0,8470.0,50.89512300282489,-33.53538276605286,-105.30263130436508,8650.559443256041,8015.440556743958,8333.0,8917.2,-0.008264462809917328,0
2022-05-24,8440.0,8510.0,8410.0,8460.0,114939588260,13591668,2777,8440.0,8460.0,50.590998848670175,-25.908391292363376,-89.42378330196475,8586.983707271065,8142.016292728935,8364.5,8865.8,-0.0035460992907800915,0
2022-05-25,8410.0,8490.0,8330.0,8450.0,102392372750,12112310,1122,8460.0,8450.0,50.267519260053874,-20.43529664725247,-75.62608597102229,8594.036360634042,8153.963639365958,8374.0,8814.2,0.0,0
2022-05-28,8350.0,8500.0,8250.0,8400.0,165738249320,19729385,1692,8450.0,8460.0,50.60762831278717,-15.116657860942723,-63.524200349006385,8602.327029665159,8161.672970334842,8382.0,8767.4,0.02127659574468077,0
2022-05-29,8250.0,8480.0,8180.0,8380.0,224182493500,26744166,2047,8400.0,8430.0,49.513649416872624,-13.170525958723374,-53.45346547094979,8605.599514115764,8173.400485884236,8389.5,8719.4,0.004744958481613271,0
2022-05-30,8400.0,8420.0,8360.0,8390.0,153441802830,18290848,1650,8380.0,8400.0,48.3872090244228,-13.88884967112972,-45.54054231098578,8607.254532118193,8179.745467881806,8393.5,8668.6,0.017857142857142794,0
2022-05-31,8390.0,8450.0,8380.0,8410.0,113692601190,13524657,1608,8390.0,8430.0,49.62148790501892,-11.900199022205925,-38.81247365322981,8610.55613912403,8187.443860875969,8399.0,8618.0,0.011862396204033177,0
2022-06-01,8450.0,8480.0,8360.0,8420.0,81003582460,9622848,1462,8410.0,8450.0,50.471845362890114,-8.611082997866106,-32.77219552215707,8614.99705880568,8190.002941194319,8402.5,8567.8,0.014201183431952646,0
2022-06-06,8320.0,8700.0,8230.0,8430.0,387062522440,45895574,4373,8420.0,8640.0,57.765308656440446,9.22068691291679,-24.373619035142298,8651.6403836032,8181.359616396799,8416.5,8522.0,-0.0057870370370370905,0
2022-06-07,8500.0,8680.0,8430.0,8460.0,96785319030,11423309,2038,8430.0,8470.0,50.58731185335753,9.525114200136159,-17.593872388086606,8656.618335451762,8185.3816645482375,8421.0,8465.2,0.018890200708382432,0
2022-06-08,8490.0,8550.0,8440.0,8470.0,222811461440,26304603,2150,8460.0,8550.0,53.51468249456999,16.03684367929418,-10.86772917461045,8591.227012163257,8305.772987836743,8448.5,8416.6,0.010526315789473717,0
2022-06-11,8500.0,8600.0,8410.0,8500.0,133166577830,15668371,4059,8470.0,8530.0,52.67451767628579,19.360428385993146,-4.82209766248973,8594.481616408422,8322.518383591578,8458.5,8366.2,0.015240328253223856,0
2022-06-12,8560.0,8580.0,8450.0,8520.0,106576965620,12502668,2805,8500.0,8570.0,54.222473423600796,24.934628046385114,1.1292474792852385,8597.559509760442,8345.440490239558,8471.5,8314.0,0.003500583430571691,0
2022-06-13,8670.0,8800.0,8550.0,8620.0,89678682980,10359639,1258,8520.0,8590.0,55.01477062002915,30.61316478263325,7.0260309399548415,8613.236581246618,8347.763418753382,8480.5,8259.0,0.0011641443538998875,0
2022-06-14,8620.0,8640.0,8570.0,8620.0,134987310940,15662565,2906,8620.0,8630.0,56.631455303033135,37.9041760172131,13.201659955406495,8634.351677197834,8349.648322802166,8492.0,8208.8,-0.005793742757821518,0
2022-06-15,8630.0,8700.0,8570.0,8630.0,106114428170,12294381,2614,8620.0,8640.0,57.04705291499057,43.98227113242683,19.35778219081056,8655.76579920454,8343.23420079546,8499.5,8154.6,-0.0057870370370370905,0
2022-06-18,8630.0,8660.0,8470.0,8570.0,176510585830,20603774,2293,8630.0,8660.0,57.91567964844231,49.83853059725516,25.45393187209948,8678.558944855327,8343.441055144673,8511.0,8178.4,-0.01501154734411081,0
2022-06-19,8570.0,8640.0,8560.0,8580.0,72343014540,8423152,2547,8570.0,8600.0,54.363817451171165,49.0724828207276,30.177642061825107,8686.98837170294,8343.01162829706,8515.0,8198.8,-0.027906976744186074,0
2022-06-20,8600.0,8660.0,8530.0,8570.0,170839765240,19924254,1931,8580.0,8600.0,54.363817451171165,47.91307236537796,33.72472812253568,8690.000000003127,8361.999999996873,8526.0,8220.2,-0.011627906976744207,0
2022-06-21,8610.0,8630.0,8460.0,8570.0,236629416020,27619328,1978,8570.0,8580.0,53.104771424934384,44.863242836367135,35.95243106530197,8695.239187812203,8365.760812187797,8530.5,8240.8,-0.006993006993006978,0
2022-06-22,8560.0,8600.0,8400.0,8530.0,135289655320,15853007,2691,8570.0,8590.0,53.6823786235766,42.76023402775354,37.313991657792286,8700.728499356908,8372.271500643092,8536.5,8262.6,-0.005820721769499437,0
2022-06-25,8500.0,8600.0,8400.0,8510.0,185645062210,21802384,2560,8530.0,8530.0,49.72494039177439,35.83895665316777,37.01898465686738,8700.499221185091,8379.500778814909,8540.0,8284.0,-0.008206330597889777,0
2022-06-26,8520.0,8520.0,8360.0,8460.0,105476681780,12470712,1369,8510.0,8360.0,40.59380967814735,16.446628719764703,32.90451346944685,8710.254112973122,8360.745887026878,8535.5,8301.4,0.00837320574162681,0
2022-06-27,8320.0,8560.0,8300.0,8470.0,155027242030,18307663,1793,8460.0,8500.0,48.913715395866184,12.233874598498005,28.770385695257083,8709.648191977209,8365.351808022791,8537.5,8322.0,0.0011764705882353343,0
2022-06-28,8450.0,8610.0,8400.0,8490.0,341060388490,40159299,2587,8470.0,8520.0,49.99122114422243,10.389307983847175,25.094170152975103,8707.239220528967,8376.760779471033,8542.0,8348.4,-0.005868544600938996,0
2022-06-29,8400.0,8570.0,8360.0,8450.0,428973707900,50776483,2019,8490.0,8540.0,51.101908604126685,10.421179633520296,22.159572049084144,8700.907866817417,8397.092133182583,8549.0,8370.8,-0.021077283372365363,0
2022-07-02,8360.0,8500.0,8290.0,8430.0,201986276620,23973619,2290,8450.0,8460.0,46.639735893047174,3.945624035590299,18.516782446385378,8698.212558711228,8402.787441288772,8550.5,8392.4,-0.02009456264775411,0
2022-07-03,8310.0,8590.0,8310.0,8490.0,128506668450,15140334,1522,8430.0,8430.0,45.05107796932426,-3.5659437295762473,14.100237211193052,8700.161873083465,8398.838126916535,8549.5,8408.4,-0.05100830367734277,0
2022-07-04,8430.0,8520.0,8430.0,8480.0,231381836150,27276974,1641,8490.0,8510.0,49.947239743173036,-3.028671252375716,10.6744555184793,8688.615933197641,8397.384066802359,8543.0,8425.6,-0.02820211515863691,0
2022-07-05,8480.0,8490.0,8460.0,8480.0,81269419730,9588788,643,8480.0,8470.0,47.6605345474274,-5.764099696136327,7.386744475556174,8688.615933197641,8397.384066802359,8543.0,8434.2,-0.024793388429752095,0
2022-07-06,8370.0,8500.0,8320.0,8400.0,177042582120,21066019,916,8480.0,8360.0,41.96997729168644,-16.616482668358003,2.5860990467733393,8699.424681711382,8367.575318288618,8533.5,8441.4,-0.04425837320574166,0
2022-07-09,8330.0,8410.0,8270.0,8340.0,177920501250,21337996,1000,8400.0,8290.0,38.79553340896457,-30.513745878293776,-4.033869938240084,8718.505076079342,8324.494923920658,8521.5,8450.6,-0.014475271411338975,0
2022-07-11,8250.0,8370.0,7960.0,8230.0,201227945360,24443200,1719,8340.0,8000.0,29.007021088224747,-64.18808319800519,-16.064712590193103,8792.138763788707,8193.861236211293,8493.0,8445.4,0.02124999999999999,0
2022-07-12,8080.0,8410.0,7970.0,8240.0,204343818410,24794416,1806,8230.0,8270.0,43.34067226450071,-68.30116134652235,-26.512002341458953,8787.683118307128,8166.316881692871,8477.0,8444.8,-0.013301088270858519,0
2022-07-13,8250.0,8350.0,8220.0,8270.0,92295713660,11148568,1356,8240.0,8260.0,42.99443437607391,-71.54301845608279,-35.51820556438372,8774.555374896627,8142.444625103373,8458.5,8444.4,-0.007263922518159771,0
2022-07-16,8230.0,8300.0,7950.0,8160.0,98188304740,12073483,1386,8270.0,7990.0,34.88991437773011,-94.80609147974428,-47.37578274745583,8790.658744583285,8061.341255416714,8426.0,8437.8,0.0250312891113893,0
2022-07-17,7930.0,8180.0,7810.0,8140.0,286466088790,35212132,2609,8160.0,8170.0,42.65118664313186,-97.59276018512173,-57.41917823498901,8765.822659192461,8037.17734080754,8401.5,8434.8,-0.023255813953488413,0
2022-07-19,8170.0,8250.0,8090.0,8160.0,150444012190,18431008,1682,8140.0,8170.0,42.65118664313186,-98.66387942511574,-65.66811847301436,8745.677453503868,8014.322546496133,8380.0,8430.6,0.006119951040391758,0
2022-07-20,8040.0,8220.0,8040.0,8170.0,167734352740,20536824,2343,8160.0,8160.0,42.32610695163485,-99.17642151428481,-72.36977908126846,8721.020660570552,7994.979339429448,8358.0,8426.6,0.009803921568627416,0
2022-07-23,8060.0,8200.0,8060.0,8160.0,90962141120,11142963,1566,8170.0,8200.0,44.159488199976074,-95.25688700848514,-76.9472006667118,8693.225916614081,7984.774083385919,8339.0,8423.0,0.018292682926829285,0
2022-07-24,8170.0,8250.0,8100.0,8190.0,117492331950,14339423,1515,8160.0,8190.0,43.78475588832515,-91.8981988685191,-79.93740030707326,8659.17054546373,7978.829454536269,8319.0,8426.8,-0.0012210012210012167,0
2022-07-25,8190.0,8290.0,7970.0,8170.0,137170972670,16785018,1128,8190.0,7980.0,36.73490392878231,-104.97161187716392,-84.9442426210914,8647.549153911508,7935.450846088492,8291.5,8419.8,0.03508771929824572,0
2022-07-26,8180.0,8270.0,8150.0,8220.0,202435695850,24628383,1920,8170.0,8220.0,47.198479671345815,-94.87275754630718,-86.92994560613457,8640.391837502777,7928.608162497223,8284.5,8418.0,0.012165450121654597,0
2022-07-27,8250.0,8330.0,8190.0,8260.0,102253394830,12366828,1047,8220.0,8240.0,47.97074580218671,-84.28393711561876,-86.4007439080314,8613.685622142584,7929.314377857416,8271.5,8414.6,0.01577669902912615,0
2022-07-30,8270.0,8350.0,8060.0,8260.0,190165686630,23010408,1774,8260.0,8350.0,52.11869925149586,-66.25242324980354,-82.37107977638584,8588.090756560548,7937.9092434394515,8263.0,8413.6,0.008383233532934131,0
2022-07-31,8280.0,8340.0,8160.0,8220.0,384068852500,46711283,1865,8260.0,8180.0,46.01334337792353,-64.93140898741513,-78.88314561859171,8545.699185235204,7944.300814764795,8245.0,8407.4,0.011002444987775029,0
2022-08-01,8200.0,8320.0,8200.0,8270.0,128003367910,15482043,1168,8220.0,8260.0,49.03874660061688,-56.7747008446604,-74.46145666380545,8519.28858577354,7950.711414226461,8235.0,8404.0,0.006053268765133124,0
2022-08-02,8270.0,8360.0,8250.0,8320.0,142743660770,17147257,1483,8270.0,8320.0,51.245517899061674,-44.95078761777768,-68.5593228545999,8502.51831440605,7956.48168559395,8229.5,8400.0,0.009615384615384581,0
2022-08-03,8320.0,8440.0,8240.0,8370.0,154539539640,18459761,1805,8320.0,8370.0,53.0693191852593,-31.18617426203855,-61.08469313608763,8472.609975812888,7972.390024187112,8222.5,8399.8,-0.01194743130227005,0
2022-08-06,8390.0,8460.0,8300.0,8410.0,133967775810,15920117,1430,8370.0,8420.0,54.88672538694717,-16.05793104301847,-52.0793407174738,8460.997925304604,7979.002074695395,8220.0,8398.4,-0.027315914489311144,0
2022-08-09,8420.0,8500.0,8250.0,8400.0,159603228880,18993218,1379,8410.0,8270.0,48.78331717725071,-15.988134435034226,-44.86109946098589,8449.121488740067,7981.878511259933,8215.5,8394.4,-0.02055622732769047,0
2022-08-10,8390.0,8490.0,8280.0,8430.0,169220575380,20080398,1166,8400.0,8310.0,50.36827560922303,-12.560366329802491,-38.40095283474921,8451.55531264178,7981.44468735822,8216.5,8391.4,-0.026474127557160054,0
2022-08-13,8290.0,8600.0,8290.0,8470.0,169244484270,19992339,1427,8430.0,8400.0,53.83030415730516,-2.552167770665619,-31.231195821932495,8462.356148911467,8010.643851088534,8236.5,8390.4,-0.04880952380952386,0
2022-08-14,8400.0,8420.0,8250.0,8430.0,35674884910,4287141,662,8470.0,8270.0,48.561096754704394,-5.052272400735092,-25.995411137693015,8462.356148911467,8010.643851088534,8236.5,8386.6,-0.056831922611850105,0
2022-08-15,8240.0,8350.0,8180.0,8370.0,34660224880,4218824,892,8430.0,8190.0,45.60280288122256,-13.335234462461813,-23.463375802646777,8459.459709443247,8006.5402905567535,8233.0,8381.8,-0.061050061050061055,0
2022-08-16,8180.0,8200.0,8080.0,8310.0,27664687480,3408139,825,8370.0,8100.0,42.46839250890543,-26.85225334885581,-24.141151311888585,8445.601424430442,8031.3985755695585,8238.5,8375.8,-0.040740740740740744,0
2022-08-17,8020.0,8310.0,8000.0,8210.0,277924215860,33835896,1560,8310.0,8090.0,42.121962828008634,-37.934222523681456,-26.89976555424716,8449.672024206493,8019.327975793508,8234.5,8369.0,-0.03213844252163167,0
2022-08-20,8090.0,8100.0,7850.0,7990.0,108603798860,13627532,1121,8210.0,7990.0,38.72043389161345,-54.161586150411495,-32.35212967348003,8464.45397046528,7986.546029534719,8225.5,8359.8,-0.040050062578222745,0
2022-08-21,7990.0,8040.0,7710.0,7890.0,233949290880,29654052,1440,7990.0,7800.0,33.2297013247117,-81.4148016853087,-42.164664075845764,8509.418863274768,7905.581136725232,8207.5,8343.0,-0.007692307692307665,0
2022-08-22,7890.0,8000.0,7680.0,7860.0,252164191780,32064283,1686,7890.0,7690.0,30.53042872259695,-110.61416084586654,-55.85456342984992,8558.966842044676,7805.033157955324,8182.0,8327.4,0.01040312093628093,0
2022-08-23,7860.0,7870.0,7680.0,7800.0,78200649000,10060295,1570,7860.0,7770.0,34.68580064993003,-125.84882502184973,-69.85341574824989,8578.463770884544,7743.536229115457,8161.0,8311.8,-0.015444015444015413,0
2022-08-24,7410.0,7900.0,7410.0,7790.0,948768432760,121773250,7455,7800.0,7830.0,37.69588034029587,-131.5643160426689,-82.1955958071337,8588.713740593223,7718.286259406777,8153.5,8297.8,-0.01532567049808431,0
2022-08-27,7880.0,7880.0,7660.0,7780.0,279524212820,35930836,3494,7790.0,7670.0,33.28995610969088,-147.30648916675636,-95.21777447905825,8607.929455419726,7644.070544580274,8126.0,8279.8,0.0052151238591917615,0
2022-08-28,7670.0,7790.0,7660.0,7770.0,236233537100,30411451,2767,7780.0,7740.0,36.77185621393645,-152.37734857546548,-106.6496892983397,8607.908275727632,7594.091724272368,8101.0,8262.8,-0.0012919896640827266,0
2022-08-29,7680.0,7780.0,7640.0,7750.0,218976416380,28257815,3314,7770.0,7770.0,38.25917949325546,-152.22058772957735,-115.76386898458723,8584.936643262276,7559.063356737725,8072.0,8245.6,-0.01158301158301156,0
2022-08-30,7750.0,7760.0,7610.0,7740.0,213326841600,27579408,2165,7750.0,7650.0,34.739057979805565,-159.93571142320343,-124.59823747231047,8587.329308916727,7503.670691083273,8045.5,8225.8,-0.01437908496732021,0
2022-08-31,7720.0,7760.0,7610.0,7730.0,324328350530,41940757,2574,7740.0,7710.0,37.81962071827719,-159.37137002734653,-131.5528639833177,8569.238605325487,7466.761394674513,8018.0,8206.8,-0.035019455252918275,0
2022-09-03,7690.0,7740.0,7590.0,7720.0,217039823990,28128341,1623,7730.0,7710.0,37.81962071827719,-157.11302426105067,-136.6648960388643,8536.020737986448,7438.979262013552,7987.5,8189.0,-0.0479896238651103,0
2022-09-04,7730.0,7750.0,7630.0,7720.0,259681026850,33655622,1614,7720.0,7730.0,38.933978015622095,-151.95776163205937,-139.72346915750333,8485.385836762229,7425.614163237771,7955.5,8171.6,-0.05433376455368688,0
2022-09-05,7720.0,7740.0,7640.0,7700.0,173679293220,22551009,1438,7720.0,7680.0,37.141888226436,-150.17562981011906,-141.8139012880265,8415.82383815902,7421.176161840981,7918.5,8153.6,-0.0390625,0
2022-09-06,7700.0,7700.0,7530.0,7650.0,325087329660,42489935,1853,7700.0,7540.0,32.61507952013642,-158.23606066403954,-145.0983331632291,8377.927414044869,7386.072585955132,7882.0,8132.6,-0.04376657824933683,0
2022-09-07,7640.0,7670.0,7400.0,7600.0,316265137330,41592014,2512,7650.0,7440.0,29.81942161647521,-170.72516106908824,-150.22369874440093,8329.224973891938,7347.775026108062,7838.5,8110.8,-0.04435483870967738,0
2022-09-10,7400.0,7560.0,7310.0,7450.0,169100130590,22691605,1391,7600.0,7340.0,27.299404756983023,-186.54169088992057,-157.48729717350488,8250.493548343695,7320.506451656305,7785.5,8090.4,-0.0463215258855586,0
2022-09-11,7360.0,7450.0,7310.0,7380.0,151286917110,20503314,1112,7450.0,7310.0,26.573859018673204,-199.20089014111454,-165.83001576702682,8190.57284182709,7284.42715817291,7737.5,8066.6,-0.030095759233926156,0
2022-09-12,7310.0,7510.0,7220.0,7350.0,241483704190,32865497,1511,7380.0,7380.0,31.17057060741641,-201.26492499443066,-172.9169976125076,8125.163520166405,7268.836479833595,7697.0,8043.8,-0.05691056910569103,0
2022-09-13,7230.0,7410.0,7200.0,7300.0,195310940890,26753074,1922,7350.0,7210.0,26.78502030682992,-214.1496825006534,-181.16353459013678,8088.796917249368,7216.203082750632,7652.5,8017.2,-0.04854368932038833,0
2022-09-14,7200.0,7300.0,7090.0,7160.0,105019810940,14689770,1413,7300.0,7110.0,24.59308321729266,-229.7813337377156,-190.88709441965256,8052.199231112911,7154.800768887089,7603.5,7990.2,-0.0520393811533052,0
2022-09-18,7040.0,7250.0,7000.0,7120.0,137056294020,19258196,1520,7160.0,7000.0,22.419668239292008,-248.18469201475455,-202.34661393867296,8038.247870414865,7069.752129585135,7554.0,7961.6,-0.018571428571428572,0
2022-09-19,7010.0,7130.0,7010.0,7100.0,236431287160,33318776,1685,7120.0,7090.0,28.0243358912293,-252.59547480144192,-212.39638611122678,8028.8048108741905,7008.1951891258095,7518.5,7933.2,-0.03667136812411853,0
2022-09-20,7090.0,7110.0,6950.0,7050.0,201538862770,28578901,1281,7100.0,6960.0,25.193162626022783,-263.5430057619351,-222.62571004136845,8040.197097808073,6923.802902191927,7482.0,7903.0,-0.008620689655172376,0
2022-09-21,6940.0,7070.0,6820.0,6950.0,101000628130,14553412,1055,7050.0,6860.0,23.247577844106402,-277.09400003853807,-233.51936804080236,8039.899535963833,6833.100464036167,7436.5,7873.0,0.00291545189504383,0
2022-09-24,6870.0,6940.0,6720.0,6800.0,108231780440,15953999,1065,6950.0,6740.0,21.137992324383006,-294.125759086719,-245.6406462499857,8028.733329898333,6735.266670101667,7382.0,7842.0,0.01928783382789323,0
2022-09-26,6830.0,6900.0,6730.0,6850.0,99404301650,14499239,1153,6800.0,6870.0,28.687708212973746,-293.7474989781813,-255.26201679562485,8011.10686739967,6672.89313260033,7342.0,7819.4,-0.0029112081513827937,0
2022-09-28,6980.0,7000.0,6810.0,6860.0,75860852600,11044821,1037,6850.0,6830.0,27.805650186065876,-293.2944746882649,-262.8685083741529,7974.859049472632,6618.140950527368,7296.5,7790.6,0.01024890190336758,0
2022-10-01,6990.0,7010.0,6850.0,6950.0,204983276500,29489558,1863,6860.0,6900.0,31.75989643099132,-284.01310836780885,-267.0974283728841,7915.724678883642,6590.275321116358,7253.0,7763.4,-0.007246376811594235,0
2022-10-02,6950.0,6970.0,6820.0,6910.0,211003942280,30523551,1271,6950.0,6880.0,31.23351804871433,-275.1002075940296,-268.69798421711323,7869.922764329588,6559.077235670412,7214.5,7741.2,0.0014534883720929148,0
2022-10-03,6910.0,6930.0,6850.0,6910.0,183636606850,26590156,1221,6910.0,6870.0,30.957246614592478,-265.7798413741848,-268.1143556485275,7802.702348457582,6542.297651542418,7172.5,7715.2,0.0029112081513829047,0
2022-10-04,6920.0,6930.0,6830.0,6900.0,118874549900,17217222,1081,6910.0,6850.0,30.378490036770927,-257.0441716421228,-265.9003188472466,7723.452018265336,6535.547981734664,7129.5,7688.8,0.008759124087591275,0
2022-10-08,6870.0,6930.0,6800.0,6890.0,92648272830,13442226,1006,6900.0,6900.0,33.71486205062169,-243.28210365669383,-261.37667580913603,7621.201650411435,6554.798349588565,7088.0,7663.6,0.005797101449275255,0
2022-10-09,6900.0,6910.0,6840.0,6880.0,89296267550,12974497,703,6890.0,6850.0,32.060299138820085,-233.71601502244994,-255.84454365179883,7514.101325919304,6578.898674080696,7046.5,7636.6,0.011678832116788218,0
2022-10-10,6890.0,6910.0,6840.0,6880.0,127874375740,18588702,922,6880.0,6890.0,34.81627703429986,-220.36690267342692,-248.74901545612445,7427.056896809026,6600.943103190974,7014.0,7610.6,0.0159651669085632,0
2022-10-11,6880.0,6950.0,6870.0,6890.0,59451640700,8618136,663,6880.0,6890.0,34.81627703429986,-207.3968926828993,-240.47859090147944,7353.066501472121,6619.933498527879,6986.5,7588.8,-0.09579100145137875,0
2022-10-12,6950.0,7050.0,6880.0,6930.0,78324100760,11276274,1016,6890.0,6910.0,36.31435030215759,-193.27626499592952,-231.03812572036946,7294.696830438991,6635.303169561009,6965.0,7562.6,-0.12156295224312585,0
2022-10-15,7020.0,7020.0,6850.0,6930.0,71898595080,10386021,908,6930.0,6940.0,38.59406340356066,-177.6173542440756,-220.3539714251107,7235.724826046318,6657.275173953682,6946.5,7536.6,-0.1195965417867435,0
2022-10-16,6990.0,6990.0,6830.0,6930.0,105502096950,15228679,976,6930.0,6930.0,38.104422796816785,-164.12256827901456,-209.1076907958915,7133.99047597815,6714.00952402185,6924.0,7508.2,-0.1515151515151515,0
2022-10-17,6930.0,7000.0,6850.0,6960.0,142821786630,20533318,1191,6930.0,7000.0,43.50737811646331,-146.09534202970553,-196.5052210426543,7082.17424225866,6744.82575774134,6913.5,7484.6,-0.1271428571428571,0
2022-10-23,6160.0,6330.0,6140.0,6180.0,146221811510,23654495,893,6460.0,6230.0,21.389342273975572,-191.73104406195944,-195.55038564651537,7195.719251426931,6543.280748573069,6869.5,7444.0,0.0048154093097914075,0
2022-10-24,6240.0,6240.0,6040.0,6110.0,117036683720,19159538,1313,6180.0,6070.0,19.204588076228347,-238.0640750665798,-204.05312353052827,7294.3851928111035,6351.6148071888965,6823.0,7399.0,0.0658978583196046,1
2022-10-25,6110.0,6190.0,6050.0,6100.0,93953453810,15415170,1146,6110.0,6110.0,21.366981886535584,-268.4610187304106,-216.93470257050475,7321.737163246731,6226.262836753269,6774.0,7353.8,0.07692307692307687,1
2022-10-26,6100.0,6110.0,5860.0,6050.0,77095638250,12781013,1048,6100.0,5880.0,18.329274762841408,-307.56448150144115,-235.06065835669204,7384.2890936946005,6055.7109063053995,6720.0,7303.0,0.12244897959183665,1
2022-10-29,6110.0,6120.0,6060.0,6080.0,229261134000,37682404,1415,6050.0,6110.0,29.17316767124011,-316.3485109488129,-251.3182288751162,7393.945711211759,5971.054288788241,6682.5,7259.8,0.1162029459901801,1
2022-10-30,6180.0,6260.0,6110.0,6170.0,140891860580,22850883,1163,6080.0,6260.0,35.21465272374073,-307.659662100471,-262.58651552018716,7392.591956093794,5924.408043906206,6658.5,7218.8,0.08945686900958472,1
2022-10-31,6460.0,6470.0,6300.0,6460.0,360118951120,55751148,1970,6170.0,6470.0,42.596980789633555,-280.593929673988,-266.18799835094734,7370.24517422503,5906.75482577497,6638.5,7180.2,0.10200927357032463,1
2022-11-01,6650.0,6650.0,6490.0,6570.0,283106898140,43114396,3005,6460.0,6580.0,46.06397832893289,-247.41600336065676,-262.43359935288925,7352.757180908193,5899.242819091807,6626.0,7146.4,0.059270516717325306,1
2022-11-02,6590.0,6650.0,6500.0,6590.0,144501766340,21925718,1749,6570.0,6600.0,46.694374885908125,-217.00690435892284,-253.34826035409597,7326.818412728834,5895.181587271166,6611.0,7114.6,0.06818181818181812,1
2022-11-05,6590.0,6910.0,6590.0,6780.0,210349305680,31026711,2271,6590.0,6820.0,53.17727036380107,-173.15924098880168,-237.31045648103714,7319.775245426271,5896.224754573729,6608.0,7089.0,0.029325513196480912,0
2022-11-06,6850.0,6880.0,6780.0,6810.0,92399410980,13549029,1154,6780.0,6820.0,53.17727036380107,-136.83233389268025,-217.21483196336578,7313.9200731216115,5897.0799268783885,6605.5,7063.6,0.02639296187683282,0
2022-11-07,6830.0,7140.0,6740.0,6970.0,191833246050,27511719,2675,6810.0,7130.0,60.94033009017377,-82.0823943285659,-190.1883444364058,7357.157779733681,5881.842220266319,6619.5,7046.4,-0.01963534361851338,0
2022-11-08,7190.0,7190.0,6960.0,7010.0,151134608170,21550717,1757,6970.0,6970.0,55.7982401010183,-51.015263395672264,-162.35372822825911,7366.588595933009,5879.411404066991,6623.0,7029.8,0.007173601147776099,0
2022-11-09,7020.0,7050.0,6820.0,7000.0,145694546130,20821408,1403,7010.0,7050.0,57.719261160825944,-19.71178174288434,-133.82533893118418,7393.712823607977,5872.287176392023,6633.0,7017.0,-0.0028368794326241176,0
2022-11-12,7050.0,7120.0,6990.0,7020.0,163716760560,23310043,1416,7000.0,7020.0,56.72368846111511,2.6452113667673984,-106.53122887159387,7411.030297526688,5867.969702473312,6639.5,7002.0,0.0,0
2022-11-13,6970.0,7050.0,6970.0,7000.0,181091200860,25858533,1092,7020.0,7000.0,56.029839379859,18.535787605193036,-81.51782557623649,7425.115376083319,5864.884623916681,6645.0,6985.4,0.011428571428571344,0
2022-11-14,7000.0,7050.0,6830.0,6990.0,175983161650,25191375,988,7000.0,6990.0,55.66321316542213,29.976714428971718,-59.21891757519485,7435.305284225927,5862.694715774073,6649.0,6971.8,0.005722460658083017,0
2022-11-15,6990.0,7060.0,6990.0,7010.0,110593871870,15762806,789,6990.0,7020.0,56.581099484705206,40.99195094983588,-39.17674387018871,7445.971626227329,5860.028373772671,6653.0,6957.4,0.002849002849002913,0
2022-11-16,7030.0,7090.0,7010.0,7020.0,45859027010,6528463,616,7010.0,7030.0,56.90139534058468,49.95269807074328,-21.35085548200231,7459.114224066464,5856.885775933536,6658.0,6942.6,0.0014224751066855834,0
2022-11-19,7020.0,7060.0,6980.0,7020.0,230764489000,32870478,1025,7020.0,7020.0,56.452914853420296,55.60624412762718,-5.959435560076413,7461.867361400134,5856.132638599866,6659.0,6930.0,0.002849002849002913,0
2022-11-20,7020.0,7100.0,7010.0,7030.0,75461794790,10718308,657,7020.0,7080.0,58.56320756731031,64.18829594851832,8.070110741642534,7499.002978051869,5903.997021948131,6701.5,6917.4,-0.0014124293785310327,0
2022-11-21,7040.0,7100.0,7020.0,7040.0,136139538090,19346106,754,7030.0,7030.0,56.122455259238286,66.19203118199584,19.694494829713197,7503.568299294954,5995.431700705046,6749.5,6903.8,0.008534850640113723,0
2022-11-22,7040.0,7080.0,7040.0,7040.0,91381299630,12977732,559,7040.0,7040.0,56.51282373681467,67.8053048699685,29.316656837764256,7499.602160316162,6092.397839683838,6796.0,6890.0,0.008522727272727293,0
2022-11-23,7040.0,7060.0,7040.0,7040.0,132557365050,18816936,950,7040.0,7040.0,56.51282373681467,68.29655570960585,37.112636612132576,7424.697818465737,6283.302181534263,6854.0,6877.2,0.015625,0
2022-11-26,7040.0,7080.0,7040.0,7040.0,71964214990,10218645,554,7040.0,7040.0,56.51282373681467,67.90313051889825,43.27073539348571,7362.299740148841,6438.700259851159,6900.5,6867.2,0.01846590909090917,0
2022-11-27,7050.0,7090.0,7040.0,7050.0,60514833060,8578823,629,7040.0,7070.0,57.91572647432284,69.21422895331489,48.45943410545154,7302.103863177236,6579.896136822764,6941.0,6859.8,0.026874115983026803,0
2022-11-28,7060.0,7100.0,7050.0,7050.0,56362021790,7983853,590,7050.0,7090.0,58.868381316516476,71.04811827995582,52.9771709403524,7266.319554228927,6677.680445771073,6972.0,6854.8,0.035260930888575404,0
2022-12-03,7100.0,7100.0,7060.0,7080.0,176420590660,24923929,945,7050.0,7100.0,59.36369986508976,72.47298178909114,56.87633311010015,7235.621547847636,6760.378452152364,6998.0,6850.6,0.04788732394366191,0
2022-12-04,7110.0,7230.0,7080.0,7140.0,165369532440,23171902,1203,7080.0,7150.0,61.83822593916501,76.75202890548917,60.851472269177954,7187.916132208281,6863.083867791719,7025.5,6846.0,0.043356643356643465,0
2022-12-05,7150.0,7230.0,7150.0,7170.0,90839796100,12648520,739,7140.0,7170.0,62.81367766009133,80.82533329690705,64.84624447472378,7187.512975201164,6898.487024798836,7043.0,6845.2,0.08089260808926091,1
2022-12-06,7180.0,7310.0,7170.0,7210.0,60440453160,8323561,988,7170.0,7260.0,66.91232600643497,90.2750694064589,69.9320094610708,7200.720300624061,6929.279699375939,7065.0,6848.2,0.10606060606060597,1
2022-12-07,7230.0,7400.0,7230.0,7320.0,119758067960,16351941,1207,7210.0,7340.0,70.07019084454166,103.03169947056358,76.55194746296937,7255.107906288899,6895.892093711101,7075.5,6855.0,0.11171662125340598,1
2022-12-11,7350.0,7450.0,7340.0,7340.0,52929159860,7180829,697,7320.0,7440.0,73.47767321514755,119.8292677604395,85.2074115224634,7332.229500710084,6865.770499289916,7099.0,6862.0,0.14247311827957,1
2022-12-12,7400.0,7460.0,7350.0,7390.0,70713531140,9521258,878,7340.0,7460.0,74.11247035060508,133.21962163130684,94.8098535442321,7399.319584735358,6839.680415264642,7119.5,6872.0,0.16353887399463818,1
2022-12-13,7470.0,7750.0,7470.0,7740.0,482934784490,62356392,1838,7390.0,7750.0,81.15551327290775,165.32637042892202,108.91315692117007,7543.938139400417,6768.061860599583,7156.0,6889.8,0.13806451612903237,1
2022-12-14,8120.0,8120.0,7910.0,8060.0,547295530270,67885536,2784,7740.0,8030.0,85.31088643933741,210.9333517327068,129.31719588347744,7743.965283127847,6671.034716872153,7207.5,6915.6,0.09838107098381066,1
2022-12-17,8080.0,8200.0,8060.0,8100.0,206746400980,25532562,1771,8060.0,8160.0,86.76959599649763,254.63188863188043,154.38013443315805,7933.904184746152,6598.095815253848,7266.0,6941.4,0.11029411764705888,1
2022-12-18,8140.0,8500.0,8140.0,8470.0,950322286330,112185518,3406,8100.0,8500.0,89.6613290613644,313.0893532835762,186.12197820324167,8186.5459231497125,6493.4540768502875,7340.0,6974.8,0.06941176470588228,1
2022-12-19,8600.0,8890.0,8500.0,8800.0,1286217912760,146231918,5996,8470.0,8680.0,90.80690788756803,369.6803657225573,222.8336557071048,8437.051625104103,6407.948374895898,7422.5,7010.4,0.04953917050691237,0
2022-12-20,8890.0,8900.0,8760.0,8800.0,853587319310,96963694,3062,8800.0,8820.0,91.5876667915064,420.9732630383114,262.46157717334614,8676.594068364471,6348.405931635529,7512.5,7049.2,0.08276643990929711,1
2022-12-21,8820.0,8840.0,8800.0,8810.0,400178034380,45440680,1862,8800.0,8820.0,91.5876667915064,456.3625898465143,301.2417797079798,8875.955639652753,6323.044360347247,7599.5,7088.2,0.04421768707482987,0
2022-12-24,9210.0,9210.0,8890.0,9060.0,263265668790,29067342,2486,8810.0,9060.0,92.80291392079656,498.0338562649458,340.600195019373,9097.37960454931,6304.62039545069,7701.0,7132.4,-0.0066225165562914245,0
2022-12-25,9200.0,9250.0,9060.0,9090.0,348261799810,38298020,2805,9060.0,9090.0,92.94020270690694,527.3998472621233,377.9601254679231,9288.872343892686,6318.127656107313,7803.5,7176.2,-0.0066006600660065695,0
2022-12-26,9100.0,9140.0,9090.0,9100.0,433828441170,47684531,2216,9090.0,9110.0,93.03558254647643,545.9925769919664,411.5666157727318,9452.407389655305,6361.5926103446955,7907.0,7221.4,0.002195389681668436,0
2022-12-28,9240.0,9550.0,9220.0,9520.0,723512608590,76029770,4381,9100.0,9550.0,94.72428474217928,589.4371079541852,447.1407142090225,9680.175635554882,6384.824364445118,8032.5,7274.6,-0.0460732984293194,0
2022-12-31,9110.0,9550.0,9110.0,9310.0,635692583980,68275127,3755,9520.0,9210.0,78.8199547553469,589.6351067655633,475.6395927203307,9801.143463562852,6477.856536437148,8139.5,7321.0,-0.013029315960912058,0
2023-01-01,8980.0,9400.0,8850.0,8950.0,946423243650,105746809,4358,9310.0,9000.0,70.90159696150243,566.3186088911098,493.77539595448656,9863.612906740309,6606.387093259691,8235.0,7362.8,0.022222222222222143,0
2023-01-02,9000.0,9220.0,8960.0,9090.0,445344364480,48987560,2370,8950.0,9030.0,71.34448485011472,543.9900865234758,503.81833406828446,9907.536484349614,6755.463515650386,8331.5,7404.6,0.03322259136212624,0
2023-01-03,9090.0,9200.0,9050.0,9110.0,392680602000,43112632,2947,9090.0,9130.0,72.8290293850237,528.2741207195068,508.70949139852894,9944.771772173362,6916.2282278266375,8430.5,7448.6,0.024096385542168752,0
2023-01-04,9170.0,9200.0,8860.0,9080.0,282086572670,31050661,1622,9110.0,9110.0,72.02534590394063,508.3453826027853,508.6366696393802,9952.2648928862,7102.7351071138,8527.5,7490.8,0.02414928649835346,0
2023-01-07,9060.0,9200.0,9000.0,9090.0,453455478770,49883916,2119,9080.0,9090.0,71.179444400144,485.3431475244088,503.97796521638594,9937.49762988069,7300.50237011931,8619.0,7548.0,0.028602860286028653,0
2023-01-08,9200.0,9340.0,9160.0,9220.0,168410984220,18275348,1657,9090.0,9200.0,73.05391039766504,470.5654061094501,497.2954533949988,9913.742068832145,7510.257931167854,8712.0,7610.6,0.02499999999999991,0
2023-01-09,9220.0,9390.0,9220.0,9310.0,207606141090,22310015,1610,9220.0,9330.0,75.11391043524202,463.9952052161425,490.63540375922753,9884.113567101369,7728.886432898631,8806.5,7675.0,-0.003215434083601254,0
2023-01-10,9400.0,9500.0,9300.0,9330.0,320125627370,34302358,1926,9310.0,9350.0,75.42517751755273,455.15535887276747,483.5393947819355,9807.63995058728,7994.3600494127195,8901.0,7744.4,0.00855614973262031,0
2023-01-11,9340.0,9350.0,9270.0,9320.0,720491656740,77264916,2060,9330.0,9330.0,74.42271822371902,441.4471560809743,475.1209470417433,9734.241340686707,8225.758659313293,8980.0,7808.8,0.009646302250803762,0
2023-01-14,9240.0,9360.0,8960.0,9240.0,202871392500,21957271,1518,9320.0,9350.0,74.7836436041442,427.27181593263595,465.55112081992183,9677.138653546794,8414.861346453206,9046.0,7870.6,0.005347593582887722,0
2023-01-16,9370.0,9450.0,9250.0,9350.0,290054975470,31010129,1948,9240.0,9430.0,76.22862423860416,417.6783521020843,455.97656707635434,9614.177124507183,8604.822875492817,9109.5,7929.8,-0.0021208907741251393,0
2023-01-17,9490.0,9490.0,9300.0,9360.0,252391869470,26972252,1687,9350.0,9300.0,69.28106444629378,395.0318678804033,443.78762723716414,9575.245228981872,8723.754771018128,9149.5,7984.2,0.012903225806451646,0
2023-01-18,9200.0,9430.0,9100.0,9350.0,610039165730,65274901,2090,9360.0,9430.0,72.02669831726159,383.15747861406635,431.66159751254463,9570.77597632058,8803.22402367942,9187.0,8040.8,-0.0010604453870625141,0
2023-01-21,9220.0,9420.0,9090.0,9310.0,428852633320,46080253,2308,9350.0,9420.0,71.49731829881105,368.6899943898534,419.0672768880064,9574.217020872193,8859.782979127807,9217.0,8092.8,-0.00424628450106157,0
2023-01-22,9220.0,9500.0,9220.0,9360.0,202170746810,21591941,1506,9310.0,9400.0,70.3831332840069,351.5580338792606,405.56542828625726,9561.303028848115,8930.696971151885,9246.0,8144.4,-0.013829787234042601,0
2023-01-23,9380.0,9420.0,9360.0,9390.0,274464259860,29230289,1477,9360.0,9410.0,70.62958527282979,334.92691913302224,391.4377264556103,9574.387439438762,8952.612560561238,9263.5,8190.0,-0.0031880977683315104,0
2023-01-24,9420.0,9440.0,9310.0,9390.0,127737968290,13597141,1078,9390.0,9420.0,70.89044882810852,318.87773328758703,376.9257278220056,9587.310917477373,8972.689082522627,9280.0,8239.0,-0.015923566878980888,0
2023-01-25,9390.0,9430.0,9290.0,9340.0,498111756340,53336167,1929,9390.0,9420.0,70.89044882810852,302.66965055070796,362.07451236774614,9598.18630626571,8992.81369373429,9295.5,8286.4,-0.01273885350318471,0
2023-01-28,9310.0,9400.0,9260.0,9350.0,272544282780,29161027,1506,9340.0,9380.0,68.08511304818062,283.33090025200545,346.325789944598,9569.49601767243,9004.50398232757,9287.0,8333.6,-0.017057569296375252,0
2023-01-29,9350.0,9350.0,9150.0,9230.0,476957356860,51700573,2449,9350.0,9270.0,60.942829080586364,256.17568676724295,328.29576930912697,9570.428243942692,9009.571756057308,9290.0,8379.0,-0.008629989212513456,0
2023-01-30,9120.0,9510.0,9120.0,9280.0,450583088250,48549701,3895,9230.0,9380.0,64.90730968515973,240.7557823359639,310.7877719144944,9557.989959638488,9060.010040361512,9309.0,8426.8,-0.03731343283582089,0
2023-01-31,9400.0,9400.0,9250.0,9300.0,237535165670,25535820,1218,9280.0,9270.0,58.511288937700094,217.15607621646268,292.0614327748881,9535.839474959263,9106.160525040737,9321.0,8471.8,-0.028047464940668787,0
2023-02-01,9300.0,9450.0,9240.0,9290.0,179279625800,19289158,1556,9300.0,9300.0,59.678282683977855,198.5847272485753,273.3660916696255,9526.11892075985,9132.88107924015,9329.5,8517.2,-0.03118279569892468,0
2023-02-06,9300.0,9300.0,9200.0,9270.0,42918748080,4642533,502,9290.0,9220.0,55.21790221966079,175.3896848691893,253.7708103095383,9511.91806013171,9158.08193986829,9335.0,8561.2,-0.04338394793926248,0
2023-02-07,9180.0,9410.0,9140.0,9230.0,255460830820,27662757,2433,9270.0,9190.0,53.60005764965179,152.82502562757327,233.58165337314531,9492.970585410285,9187.029414589715,9340.0,8603.4,-0.04570184983677916,0
2023-02-08,9250.0,9330.0,9020.0,9140.0,189492749770,20729334,2067,9230.0,9030.0,45.87934312108745,120.64103305220306,210.99352930895685,9527.487244484859,9135.512755515141,9331.5,8643.4,-0.04097452934662238,0
2023-02-12,8910.0,9210.0,8810.0,9010.0,492404067430,54635149,2890,9140.0,9010.0,45.006645919919535,92.45538607090566,187.28590066134663,9556.454352525065,9074.545647474935,9315.5,8682.8,0.01664816870144281,0
2023-02-13,9010.0,9150.0,8860.0,8990.0,233585610260,25992232,1707,9010.0,9010.0,45.006645919919535,69.31899158617489,163.69251884631228,9572.96493400939,9024.03506599061,9298.5,8722.2,0.05549389567147611,1
2023-02-14,8850.0,9000.0,8770.0,8840.0,169893755300,19226237,1387,8990.0,8820.0,37.208645938718746,35.245531615673826,138.0031214001846,9616.982557698479,8929.017442301521,9273.0,8757.8,0.07029478458049887,1
2023-02-15,8750.0,9000.0,8640.0,8750.0,186235130000,21284828,2002,8840.0,8770.0,35.467106068228006,4.159538400999736,111.23440480034763,9649.43310175761,8838.56689824239,9244.0,8791.8,0.12542759407069548,1
2023-02-19,8750.0,8780.0,8660.0,8730.0,92638935930,10625147,960,8750.0,8660.0,31.926715595096113,-29.017915409936904,83.18394075829073,9674.263266479797,8736.736733520203,9205.5,8823.2,0.19630484988452657,1
2023-02-20,8730.0,9160.0,8730.0,9100.0,310931394420,34174930,1711,8730.0,9160.0,54.271437763657545,-14.794918647452505,63.588168877142095,9665.587786182437,8731.412213817563,9198.5,8864.4,0.1572052401746724,1
2023-02-21,9460.0,9550.0,9310.0,9530.0,466516883740,48939231,2687,9100.0,9510.0,63.34226013469761,24.43728586614452,55.75799227494258,9678.729986456974,8726.270013543026,9202.5,8911.6,0.13985278654048372,1
2023-02-22,9600.0,9600.0,9220.0,9400.0,331448724330,35279233,2750,9530.0,9440.0,60.74689836451478,49.312234862654805,54.468840792485025,9681.63282673417,8725.36717326583,9203.5,8957.0,0.125,1
2023-02-25,9680.0,9870.0,9610.0,9870.0,718009570890,72772268,2138,9400.0,9870.0,69.11773083827538,102.54118652815123,64.08330993961826,9781.548464970198,8672.451535029802,9227.0,9009.2,0.049645390070921946,0
2023-02-26,10360.0,10360.0,10200.0,10360.0,2038611073860,196844363,5166,9870.0,10360.0,75.52332477967806,182.16453969595568,87.69955589088575,10015.134187707255,8533.865812292745,9274.5,9069.6,0.0,0
2023-02-27,10360.0,10870.0,10100.0,10610.0,422576391590,39836509,3659,10360.0,10600.0,77.93717924638386,261.61685867704546,122.4830164481177,10272.526623691132,8394.473376308868,9333.5,9132.8,-0.014150943396226467,0
2023-02-28,10750.0,10930.0,10330.0,10760.0,284770613790,26467318,2621,10610.0,10840.0,80.05538876830552,340.02973698214737,165.99236055492364,10550.806677988376,8258.193322011624,9404.5,9200.4,-0.029520295202952074,0
2023-03-01,10950.0,10950.0,10550.0,10690.0,856365703840,80100539,4300,10760.0,10620.0,73.12482095146449,380.0394879393407,208.80178603180707,10729.041484467234,8203.958515532766,9466.5,9257.8,-0.026365348399246757,0
2023-03-04,10620.0,10690.0,10360.0,10490.0,364554729080,34740644,2426,10690.0,10360.0,65.86737284913755,386.314483840968,244.3043255936393,10837.843194917568,8204.156805082432,9521.0,9304.4,-0.01737451737451734,0
2023-03-05,10370.0,10530.0,10330.0,10420.0,445414557980,42741352,2637,10490.0,10360.0,65.86737284913755,386.82834691100834,272.80912985711313,10934.28735975992,8205.71264024008,9570.0,9348.4,-0.012548262548262579,0
2023-03-06,10360.0,10460.0,10250.0,10390.0,281004626720,27033566,1316,10420.0,10450.0,67.17522719612235,390.0021331121934,296.24773050812917,11037.629120812386,8220.370879187614,9629.0,9387.4,-0.030622009569377995,0
2023-03-07,10450.0,10540.0,10350.0,10460.0,293252150180,28046954,1828,10390.0,10520.0,68.19596021919023,393.62829457338194,315.72384332117974,11141.371764917814,8238.628235082186,9690.0,9424.2,0.0019011406844107182,0
2023-03-11,10510.0,10600.0,10300.0,10400.0,341026290280,32782889,2260,10460.0,10340.0,62.789000262227354,377.62453737547185,328.1039821320382,11206.909305877896,8285.090694122104,9746.0,9454.6,0.04158607350096721,0
2023-03-12,10170.0,10320.0,9890.0,10230.0,384590124430,37582181,1863,10400.0,10180.0,58.35965645088443,348.0190348714041,332.08699267991136,11244.740835748365,8346.259164251635,9795.5,9481.8,0.06876227897838905,1
2023-03-13,10180.0,10250.0,10180.0,10230.0,659734339200,64497633,1903,10230.0,10230.0,59.32529575131905,324.8464157030194,330.63887728453295,11271.995322971665,8439.004677028335,9855.5,9505.2,0.12903225806451624,1
2023-03-14,10230.0,10250.0,10130.0,10190.0,638031639940,62604233,3179,10230.0,10130.0,56.5030972159351,295.0120683123696,323.5135154901003,11277.520131623463,8545.479868376537,9911.5,9526.0,0.1599210266535045,1
2023-03-15,10180.0,10540.0,10140.0,10260.0,745520854750,72663599,2826,10190.0,10540.0,64.05353851957408,300.98217143009424,319.00724667809914,11314.297100954593,8661.702899045407,9988.0,9554.6,0.17552182163187857,1
2023-03-18,10400.0,10770.0,10400.0,10750.0,802686959490,74638616,2219,10260.0,10770.0,67.46537685819916,320.57718473964997,319.3212342904093,11338.695515472557,8832.304484527443,10085.5,9579.0,0.20705663881151337,1
2023-03-19,11100.0,11280.0,10770.0,11000.0,393046461610,35725348,2311,10750.0,10880.0,68.98172683306005,341.0510306689066,323.6671935661087,11333.854321425304,9048.145678574696,10191.0,9612.4,0.23805147058823528,1
2023-03-25,11280.0,11550.0,10910.0,11380.0,257758603050,22653276,2246,11000.0,11550.0,76.24427157019845,406.65246516426487,340.26424788573996,11395.301396489194,9275.698603510806,10335.5,9663.4,0.18008658008658007,1
2023-03-26,11890.0,11940.0,11420.0,11800.0,291291127290,24695428,3116,11380.0,11750.0,77.90715827807902,469.36980027983736,366.08535836455945,11551.232019414087,9378.767980585913,10465.0,9717.8,0.1472340425531915,1
2023-03-29,12390.0,12390.0,12390.0,12390.0,1794907556820,144867438,4482,11800.0,12390.0,82.20082909070705,564.2125010082218,405.710786893292,11895.730741064486,9322.269258935514,10609.0,9783.0,0.07263922518159815,1
2023-04-03,12450.0,13000.0,12000.0,12840.0,1177170701840,91712345,5802,12390.0,13000.0,85.16099748023738,680.7506568380577,460.71876088224514,12335.87184750718,9238.12815249282,10787.0,9860.8,0.007692307692307665,0
2023-04-04,13400.0,13480.0,13190.0,13470.0,1396063380430,103657607,6810,12840.0,13470.0,86.9604192773781,801.7905150313709,528.9331117120703,12848.734306431237,9085.265693568763,10967.0,9948.4,-0.03340757238307346,0
2023-04-05,13890.0,13900.0,13200.0,13760.0,523879881730,38062207,4294,13470.0,13630.0,87.51543892181628,900.2486316781942,603.1962157052951,13316.505260743943,8944.494739256057,11130.5,10037.0,-0.03815113719735874,0
2023-04-08,13730.0,13950.0,13410.0,13710.0,1360063855020,99215353,11281,13760.0,13480.0,83.90955210857014,955.1631261259572,673.5895977894276,13671.043135434902,8877.956864565098,11274.5,10120.0,-0.028931750741839735,0
2023-04-09,13680.0,13710.0,13200.0,13410.0,668848484370,49873300,8082,13710.0,13290.0,79.44438567394891,972.1455576605167,733.3007897636454,13938.276057416846,8855.723942583154,11397.0,10198.8,-0.02106847253574118,0
2023-04-10,13370.0,13410.0,12960.0,13140.0,940802909840,71595691,6968,13410.0,13100.0,75.13839724095669,959.2156045020038,778.4837527113172,14139.372777127059,8902.627222872941,11521.0,10274.2,-0.006106870229007688,0
2023-04-11,13000.0,13140.0,12790.0,12930.0,812509948730,62821526,5585,13140.0,13020.0,73.33601044402897,931.7723009789297,809.1414623648396,14293.116518837322,9014.883481162678,11654.0,10347.6,-0.0038402457757296116,0
2023-04-15,13100.0,13400.0,13020.0,13160.0,633235030460,48112326,4198,12930.0,13110.0,74.0890311671201,906.8321366690689,828.6795972256856,14433.168222922777,9149.831777077223,11791.5,10421.2,-0.02135774218154085,0
2023-04-16,13250.0,13340.0,13040.0,13100.0,305241266340,23294320,3298,13160.0,13090.0,73.5916577690513,875.362410937194,838.0161599679874,14547.620995685973,9299.379004314027,11923.5,10497.0,-0.006111535523300238,0
2023-04-17,13100.0,13110.0,12800.0,13000.0,574880279510,44211254,3972,13100.0,13010.0,71.52332224308904,834.3492365211969,837.2827752786293,14629.88768152294,9466.11231847706,12048.0,10568.6,0.006149116064565696,0
2023-04-18,13150.0,13310.0,12920.0,13050.0,544788902820,41748918,3711,13000.0,13020.0,71.63065601583078,793.5058749528689,828.5273952134772,14671.944577696431,9692.055422303569,12182.0,10640.6,0.05453149001536106,1
2023-04-19,13100.0,13100.0,12930.0,12970.0,359518005150,27709219,2864,13050.0,12970.0,70.20578786424505,748.4746842659679,812.5168530239754,14654.860452223318,9988.139547776682,12321.5,10712.0,0.07016191210485734,1
2023-04-24,12960.0,13020.0,12680.0,12880.0,220941588130,17155549,2812,12970.0,12830.0,66.23302143199932,693.4961196620898,788.7127063515984,14585.466025971305,10317.533974028695,12451.5,10780.4,0.10600155884645357,1
2023-04-25,12970.0,13270.0,12860.0,13090.0,325285271470,24849559,2945,12880.0,13010.0,68.68649272880779,656.8776303609066,762.34569115346,14454.364976269047,10736.635023730953,12595.5,10852.2,0.07532667179093,1
2023-04-26,13010.0,13130.0,12930.0,13080.0,238143308890,18213108,2094,13090.0,13090.0,69.73888083312993,627.0839121863519,735.2933353600384,14333.665700882615,11112.334299117385,12723.0,10925.6,0.07792207792207795,1
2023-04-29,13150.0,13730.0,13150.0,13700.0,1040979030940,75992364,4085,13080.0,13730.0,76.53352532366158,647.6491311414866,717.7644945163281,14266.204644487552,11475.795355512448,12871.0,11012.6,-0.023306627822286985,0
2023-05-01,14010.0,14010.0,13740.0,13860.0,552123897520,39845385,3550,13700.0,13880.0,77.79211707317279,668.3466772614174,707.880931065346,14146.786835950566,11895.213164049434,13021.0,11104.8,-0.06123919308357351,0
2023-05-02,13990.0,14300.0,13900.0,14110.0,649389035240,46035363,4204,13860.0,14190.0,80.16035846973378,701.6755618025436,706.6398572127855,14171.942589157774,12134.057410842226,13153.0,11201.0,-0.057787174066243785,0
2023-05-03,14400.0,14400.0,13860.0,13970.0,600424637650,42984524,3806,14110.0,13990.0,74.63080667951297,703.8372170777548,706.0793291857793,14122.029754442347,12407.970245557653,13265.0,11295.4,-0.05789849892780563,0
2023-05-06,14090.0,14110.0,13920.0,14030.0,828723094960,59071012,3665,13970.0,14110.0,75.71332265980813,707.0825342640001,706.2799702014235,14184.424261705575,12517.575738294425,13351.0,11391.6,-0.062367115520907124,0
2023-05-07,14010.0,14010.0,13410.0,13710.0,1518717620330,110744280,5926,14030.0,13410.0,59.708080619727546,645.7267852302739,694.1693332071935,14189.406473870622,12553.593526129378,13371.5,11475.4,0.01938851603281133,0
2023-05-08,13300.0,13330.0,13030.0,13080.0,702408931280,53684588,3465,13710.0,13030.0,53.14076373324186,559.9839415687475,667.3322548795043,14179.210190367385,12519.789809632615,13349.5,11552.2,0.031465848042977695,0
2023-05-09,12700.0,13500.0,12680.0,13120.0,288014427910,21959265,2864,13080.0,13370.0,57.63112981573136,513.5474236963964,636.5752886428828,14156.311563714178,12516.688436285822,13336.5,11639.0,0.01720269259536278,0
2023-05-10,13300.0,13650.0,13090.0,13170.0,394235879450,29929325,2604,13120.0,13180.0,54.48879050804836,456.1564490249384,600.4915207192939,14141.2383728968,12501.7616271032,13321.5,11722.4,0.01669195751138086,0
2023-05-13,13170.0,13400.0,12950.0,13090.0,385275955620,29441108,3144,13170.0,13230.0,55.18134798367867,409.98225007692963,562.3896665908211,14139.116231864502,12497.883768135498,13318.5,11806.8,0.024187452758881234,0
2023-05-14,13070.0,13690.0,13070.0,13450.0,164530246220,12228465,2072,13090.0,13670.0,60.83015403113451,404.2334360854493,530.7584204897468,14174.84298028037,12519.15701971963,13347.0,11903.8,-0.02048280907095834,0
2023-05-15,13690.0,13700.0,13350.0,13440.0,277891147550,20674725,2128,13450.0,13440.0,56.80013511400684,376.7751523475581,499.96176686130906,14182.803043685697,12553.196956314303,13368.0,11997.2,0.0007440476190476719,0
2023-05-17,13440.0,13620.0,13300.0,13400.0,305949944370,22834043,2502,13440.0,13600.0,58.84286137518479,363.7320508167595,472.7158236523992,14204.260432639747,12580.739567360253,13392.5,12096.0,-0.016176470588235348,0
2023-05-20,13650.0,13650.0,13320.0,13390.0,199617097550,14907179,1564,13400.0,13400.0,55.32145555018829,333.4135860753431,444.855376136988,14207.814978604092,12608.185021395908,13408.0,12180.8,-0.007462686567164201,0
2023-05-21,13390.0,13610.0,13070.0,13450.0,241404962570,17953829,1815,13390.0,13550.0,57.38145389730014,317.8260300975926,419.44950692910896,14215.474214820359,12654.525785179641,13435.0,12261.6,0.011070110701107083,0
2023-05-22,13750.0,13750.0,13390.0,13430.0,167318417150,12457721,1265,13450.0,13390.0,54.49516856055998,289.2280756409782,393.4052206714829,14210.95032840408,12696.04967159592,13453.5,12340.6,0.03808812546676621,0
2023-05-23,13200.0,13500.0,13200.0,13380.0,263428912100,19685657,1964,13430.0,13450.0,55.40112551879359,268.31254920755237,368.3866863786968,14201.844531282899,12753.155468717101,13477.5,12412.2,0.043122676579925745,0
2023-05-24,13650.0,13790.0,13360.0,13440.0,143539448410,10682840,1327,13380.0,13380.0,54.04914523533882,243.2840022958062,343.3661495621187,14168.09878600359,12841.90121399641,13505.0,12472.6,0.05007473841554555,1
2023-05-27,13440.0,13550.0,13300.0,13380.0,350584025060,26208911,1607,13440.0,13300.0,52.47311252684515,214.5205082504708,317.59702129978916,14150.577649738469,12888.422350261531,13519.5,12526.6,0.05714285714285716,1
2023-05-28,13380.0,13930.0,13260.0,13450.0,420378325480,31251792,2227,13380.0,13700.0,58.92271330418156,221.44916096993256,298.36744923381787,14153.456709300193,12946.543290699807,13550.0,12583.8,0.026277372262773824,0
2023-05-29,13700.0,14020.0,13410.0,13830.0,204732240720,14804584,1756,13450.0,13900.0,61.71989854249542,240.30837138010975,286.75563366307625,14176.473300393645,12940.526699606355,13558.5,12649.4,0.0057553956834532904,0
2023-05-30,13890.0,14190.0,13820.0,13970.0,345776745950,24743058,1980,13830.0,14030.0,63.461574464453655,262.71591946352237,281.9476908231655,14202.754269714318,12929.245730285682,13566.0,12722.8,-0.009265858873841792,0
2023-05-31,13960.0,14170.0,13930.0,14040.0,267629766620,19060298,1802,13970.0,14050.0,63.734946394046,278.87321873726614,281.3327964059856,14170.748314259561,12947.251685740439,13559.0,12796.6,-0.002135231316725994,0
2023-06-03,14050.0,14120.0,14030.0,14060.0,162390745830,11550197,1090,14040.0,14060.0,63.880459127091015,289.1517498635658,282.89658709750165,14184.78209037334,12940.21790962666,13562.5,12868.8,-0.02204836415362732,0
2023-06-06,14070.0,14180.0,14040.0,14060.0,194087534250,13809042,1143,14060.0,14060.0,63.880459127091015,293.9095534541011,285.0991803688216,14173.80778750307,12946.19221249693,13560.0,12939.6,-0.009246088193456625,0
2023-06-07,14110.0,14110.0,13970.0,14030.0,86780838920,6189764,481,14060.0,13980.0,61.5876614068554,287.9060143474944,285.66054716455614,14224.338816052785,12952.661183947215,13588.5,13012.4,-0.0028612303290415086,0
2023-06-10,13940.0,13950.0,13700.0,13810.0,376997909370,27289969,1680,14030.0,13900.0,59.29570866008316,273.53964024006746,283.2363657796584,14226.763818670397,13037.236181329603,13632.0,13086.8,0.007194244604316502,0
2023-06-11,13810.0,14080.0,13800.0,13980.0,397746718380,28454358,2010,13810.0,14020.0,61.60391601952475,268.7393227457578,280.33695717287833,14269.395858804954,13059.604141195046,13664.5,13162.6,-0.0099857346647646,0
2023-06-12,14000.0,14000.0,13750.0,13880.0,739205791910,53261659,2432,13980.0,13750.0,54.1618229345969,240.3773723129434,272.3450402008914,14256.173152768642,13129.826847231358,13693.0,13235.0,0.015272727272727327,0
2023-06-13,13880.0,14010.0,13830.0,13940.0,462757043880,33207293,1554,13880.0,13930.0,57.82017095083035,229.77610206144527,263.8312525730022,14257.739558650628,13198.260441349372,13728.0,13302.8,0.00071787508973431,0
2023-06-14,13590.0,13990.0,13590.0,13940.0,111070425030,7970205,974,13940.0,13940.0,58.02062086233323,219.64945326541056,254.99489271148389,14278.352866248619,13204.647133751381,13741.5,13366.2,0.0014347202295552641,0
2023-06-17,13610.0,14020.0,13610.0,13960.0,210121109700,15054016,1429,13940.0,14000.0,59.27127661470893,213.99866627973825,246.79564742513477,14298.894937640462,13240.105062359538,13769.5,13428.6,-0.008571428571428563,0
2023-06-18,14000.0,14000.0,13880.0,13930.0,388956504280,27924431,1396,13960.0,13880.0,55.69730859158248,197.5600307065797,236.94852408142376,14309.019742730323,13257.980257269677,13783.5,13475.2,-0.007204610951008661,0
2023-06-19,14000.0,14040.0,13870.0,13940.0,207055197360,14858218,948,13930.0,13960.0,57.53564235774414,188.81112784206562,227.32104483355215,14311.350977791717,13311.649022208283,13811.5,13519.4,-0.012177650429799458,0
2023-06-20,13920.0,14030.0,13910.0,13960.0,210085684440,15054062,957,13940.0,13940.0,56.89997339204082,178.20943895571145,217.49872365798402,14318.807339017494,13343.192660982506,13831.0,13550.4,-0.04304160688665715,0
2023-06-21,14000.0,14000.0,13780.0,13880.0,155718272690,11215996,1093,13960.0,13960.0,57.40675339653099,169.46783724753186,207.8925463758936,14305.749929971222,13413.250070028778,13859.5,13569.6,-0.03796561604584525,0
2023-06-24,13730.0,13950.0,13670.0,13760.0,142131172280,10332189,1022,13880.0,13880.0,54.6392307470728,154.30598021408696,197.1752331435323,14285.766599411701,13476.233400588299,13881.0,13577.8,-0.03097982708933722,0
2023-06-25,13960.0,13960.0,13770.0,13780.0,94113186150,6825893,778,13760.0,13780.0,51.309416769585,132.69135170966183,184.2784568567582,14238.751387856966,13563.248612143034,13901.0,13580.8,-0.027576197387518153,0
2023-06-26,13680.0,13790.0,13620.0,13720.0,98539871410,7187136,842,13780.0,13790.0,51.62688780513415,115.04238234910372,170.4312419552273,14130.192452228455,13720.807547771545,13925.5,13587.0,-0.010152284263959421,0
2023-06-27,13770.0,13770.0,13330.0,13520.0,253720592450,18760583,1231,13720.0,13340.0,39.23082495029006,64.00638205408904,149.14626997499968,14222.134708828038,13592.865291171962,13907.5,13588.0,0.028485757121439192,0
2023-06-28,13160.0,13560.0,13160.0,13440.0,366964033420,27310164,1218,13520.0,13430.0,42.21900995588879,30.470981457665403,125.41121227153283,14261.327444004954,13506.672555995046,13884.0,13594.6,0.017125837676842837,0
2023-07-01,13310.0,13510.0,13190.0,13430.0,364074181740,27117159,1297,13440.0,13450.0,42.891058159075335,5.4450011447115685,101.41797004616858,14270.234873293804,13439.765126706196,13855.0,13603.2,0.018587360594795488,0
2023-07-02,13360.0,13500.0,13360.0,13420.0,200398831120,14927878,934,13430.0,13400.0,41.58874347752046,-18.21290367193251,77.49179530254837,14271.938538622726,13373.061461377274,13822.5,13609.0,-0.007462686567164201,0
2023-07-03,13540.0,13830.0,13500.0,13640.0,133200818520,9765958,905,13420.0,13650.0,49.79671756963781,-16.5977247827268,58.67389128549334,14243.569926511462,13360.430073488538,13802.0,13620.2,-0.02637362637362639,0
2023-07-04,13640.0,13720.0,13590.0,13650.0,203214915370,14888795,1089,13640.0,13720.0,51.837475017820616,-9.559077792235257,45.02729746994762,14211.450466055958,13358.549533944042,13785.0,13634.4,-0.04300291545189505,0
2023-07-05,13650.0,13700.0,13630.0,13650.0,85709512780,6280066,615,13650.0,13660.0,49.96272532800051,-8.721857753620498,34.277466425234,14188.947615780051,13349.052384219949,13769.0,13647.2,-0.06734992679355778,0
2023-07-08,13660.0,13790.0,13270.0,13480.0,235041945140,17434199,1206,13650.0,13700.0,51.22907564242554,-4.775638546685514,26.466845430850103,14175.504501775613,13342.495498224387,13759.0,13661.8,-0.06423357664233575,0
2023-07-09,13460.0,13460.0,13100.0,13280.0,1050938880590,79154259,3648,13480.0,13300.0,40.25704937250005,-33.538280039296296,14.465820336820823,14166.625968580924,13279.374031419076,13723.0,13671.2,-0.05939849624060145,0
2023-07-10,13000.0,13330.0,13000.0,13270.0,651665648210,49121400,2036,13280.0,13290.0,40.02624720429522,-56.48863129374331,0.2749300107079957,14181.705304101346,13218.294695898654,13700.0,13676.8,-0.09706546275395034,0
2023-07-11,13250.0,13410.0,13100.0,13240.0,640847969990,48400478,2202,13270.0,13130.0,36.42764602505388,-86.5894634014312,-17.097948671719845,14189.18805730986,13130.81194269014,13660.0,13677.6,-0.0822543792840823,0
2023-07-12,13000.0,13250.0,12720.0,12940.0,615544203580,47579409,2488,13240.0,12740.0,29.472125840094577,-140.29707301968847,-41.73777354131357,14247.487451615398,12952.512548384602,13600.0,13657.8,-0.04709576138147564,0
2023-07-15,12740.0,13050.0,12600.0,12840.0,647160004180,50382353,3091,12940.0,12820.0,32.32660284719603,-174.3950911192369,-68.26923705689825,14244.559521291143,12837.440478708857,13541.0,13636.6,-0.08502340093603744,0
2023-07-16,12890.0,12890.0,12340.0,12510.0,513391583410,41044172,1873,12840.0,12510.0,27.655645097106643,-223.8519988482949,-99.38578941517758,14288.487132251143,12656.512867748857,13472.5,13603.0,-0.06314948041566748,0
2023-07-17,12510.0,12580.0,11890.0,12000.0,480133756150,40018256,2303,12510.0,12000.0,22.018835307528136,-300.7330291334729,-139.65523735883664,14381.246740744402,12367.753259255598,13374.5,13563.2,-0.01666666666666672,0
2023-07-18,11900.0,12140.0,11900.0,12020.0,261931639430,21791592,2121,12000.0,12050.0,23.661606633769765,-353.551693554813,-182.43452859803193,14404.59770584841,12155.40229415159,13280.0,13522.0,-0.012448132780082943,0
2023-07-19,12080.0,12280.0,11820.0,12050.0,343442432710,28499660,2374,12020.0,12140.0,26.656664660615846,-383.7252717361498,-222.69267722565553,14371.80852211993,12006.19147788007,13189.0,13496.6,-0.032125205930807255,0
2023-07-22,12090.0,12120.0,11610.0,11860.0,188396810130,15881184,1310,12050.0,11730.0,22.353950124684545,-435.69915467895044,-265.29397271631456,14378.824554612132,11784.175445387868,13081.5,13470.6,0.0017050298380221207,0
2023-07-23,11750.0,11850.0,11610.0,11710.0,90484246580,7753247,751,11860.0,11720.0,22.259575674811117,-472.2519216036053,-306.68556249377275,14361.891123290734,11595.108876709266,12978.5,13437.6,-0.010238907849829393,0
2023-07-24,11570.0,11990.0,11570.0,11770.0,122133875650,10373573,1141,11710.0,11800.0,24.987961555107304,-489.1265746459594,-343.1737649242101,14300.350062440506,11457.649937559494,12879.0,13410.0,-0.007627118644067843,0
2023-07-25,11700.0,11960.0,11700.0,11890.0,95343817440,7998693,971,11770.0,11900.0,28.37200833051797,-488.796156663233,-372.2982432720147,14272.839008895471,11341.160991104529,12807.0,13383.4,-0.008403361344537785,0
2023-07-26,11890.0,12030.0,11710.0,11880.0,97800079750,8237910,1036,11890.0,11750.0,26.444829139573457,-494.9327675694949,-396.82514813151073,14228.418214317764,11217.581785682236,12723.0,13345.0,0.008510638297872353,0
2023-07-29,12000.0,12010.0,11730.0,11890.0,93584493030,7867695,849,11880.0,11750.0,26.444829139573457,-494.1003941476829,-416.28019733474514,14161.490728557188,11114.509271442812,12638.0,13311.2,0.017872340425531874,0
2023-07-30,11750.0,12010.0,11580.0,11760.0,179402084530,15251981,1516,11890.0,11600.0,24.513704388025204,-499.78328797221366,-432.98081546223887,14093.31032482144,11002.68967517856,12548.0,13271.2,0.040517241379310454,0
2023-07-31,11800.0,11900.0,11680.0,11780.0,98655603790,8372505,1076,11760.0,11710.0,28.629684709517036,-489.76523284360337,-444.33769893851183,13950.305172404795,10951.694827595205,12451.0,13237.4,0.010247651579846195,0
2023-08-01,11790.0,11880.0,11720.0,11800.0,76867478050,6507140,895,11780.0,11800.0,31.901416991225858,-469.15547189846984,-449.30125353050346,13759.898572851365,10950.101427148635,12355.0,13202.4,0.03220338983050852,0
2023-08-05,11890.0,11990.0,11790.0,11840.0,97199025340,8205980,1111,11800.0,11850.0,33.71927342920506,-443.67311820187024,-448.1756264647769,13549.559920781841,10979.440079218159,12264.5,13171.6,-0.0016877637130802148,0
2023-08-06,11950.0,12000.0,11760.0,11890.0,154021604860,12954661,872,11840.0,11960.0,37.66187257876822,-409.87727848855866,-440.5159568695333,13285.432759692509,11069.567240307491,12177.5,13141.8,-0.0050167224080267525,0
2023-08-07,12000.0,12100.0,11780.0,11980.0,145123387280,12118482,924,11890.0,12070.0,41.41478211755051,-369.95316157940033,-426.40339781150675,13097.170729282054,11134.829270717946,12116.0,13115.6,-0.0157415078707539,0
2023-08-08,12050.0,12420.0,11820.0,11940.0,103775448490,8695620,797,11980.0,11830.0,36.28245582846526,-353.602891504368,-411.84329655007906,12868.883769061908,11217.116230938092,12043.0,13086.2,0.0016906170752324368,0
2023-08-09,12000.0,12520.0,11890.0,12120.0,120728202030,9961793,991,11940.0,12180.0,46.663176631506985,-308.84296034581894,-391.24322930922705,12659.200986890872,11331.799013109128,11995.5,13055.8,-0.029556650246305383,0
2023-08-12,11920.0,12100.0,11820.0,11870.0,138902362360,11697275,899,12120.0,11830.0,39.6981411005468,-298.1752882375986,-372.6296410949014,12521.699221619141,11378.300778380859,11950.0,13014.4,-0.004226542688081203,0
2023-08-13,11800.0,11920.0,11730.0,11850.0,107610086370,9084357,662,11870.0,11900.0,41.576385643991166,-280.83537090794016,-354.27078705750915,12313.262751786608,11494.737248213392,11904.0,12971.8,-0.008403361344537785,0
2023-08-14,11900.0,11940.0,11800.0,11850.0,51702994020,4361610,608,11850.0,11880.0,41.18170808771452,-265.645004100852,-336.5456304661777,12172.824824148714,11572.175175851286,11872.5,12928.4,-0.0092592592592593,0
2023-08-15,11800.0,11880.0,11720.0,11820.0,70894925910,6006946,487,11850.0,11850.0,40.55974183234258,-253.1095884645183,-319.85842206584584,12159.652337509748,11570.347662490252,11865.0,12884.2,-0.012658227848101222,0
2023-08-16,11730.0,11850.0,11720.0,11820.0,59536983890,5036338,467,11820.0,11820.0,39.91060616238778,-242.79711651622893,-304.4461609559225,12136.079192439858,11570.920807560142,11853.5,12839.4,-0.02876480541455162,0
2023-08-19,11970.0,11970.0,11680.0,11810.0,112744296620,9549982,647,11820.0,11780.0,39.01403537233006,-235.14150896111823,-290.5852305569617,12086.93388793074,11584.06611206926,11835.5,12795.4,-0.011884550084889645,0
2023-08-20,11770.0,11810.0,11650.0,11770.0,61569679900,5244995,598,11810.0,11800.0,39.74292039932177,-224.86840892265536,-277.44186623010046,12086.378252884053,11591.621747115947,11839.0,12753.4,0.005084745762711895,0
2023-08-21,11660.0,11800.0,11660.0,11760.0,80314467700,6831621,541,11770.0,11770.0,38.99015434222521,-216.65024326377352,-265.2835416368351,12084.997433251288,11598.002566748712,11841.5,12708.4,0.016992353440951513,0
2023-08-22,11700.0,11780.0,11510.0,11700.0,261106084180,22309937,1110,11760.0,11700.0,37.218727424763685,-213.32660642830888,-254.89215459512985,12087.201017149846,11585.798982850154,11836.5,12667.4,0.017094017094017033,0
2023-08-23,11420.0,11640.0,11390.0,11520.0,98190259340,8549216,1252,11700.0,11480.0,32.25830013790022,-225.8414025665843,-249.08200418942076,12108.243915393597,11522.756084606403,11815.5,12618.4,0.04181184668989557,0
2023-08-26,11460.0,11760.0,11410.0,11580.0,97754703340,8429129,1350,11520.0,11640.0,38.661174889107514,-220.30921831518572,-243.32744701457375,12111.463098902628,11508.536901097372,11810.0,12572.4,0.028350515463917425,0
2023-08-27,11770.0,12000.0,11630.0,11770.0,102042865060,8644847,1266,11580.0,11860.0,46.192161024328755,-195.91438201206438,-233.8448340140719,12116.39699234119,11514.60300765881,11815.5,12529.6,0.002529510961214232,0
2023-08-28,11940.0,12350.0,11710.0,12080.0,292060416020,24180034,2098,11770.0,11970.0,49.52883959711783,-165.7940472217324,-220.234676655604,12124.95704150264,11543.04295849736,11834.0,12491.4,-0.005847953216374324,0
2023-08-29,12080.0,12300.0,11880.0,12000.0,150556422150,12548670,1288,12080.0,11900.0,47.509812369727186,-145.8901490558419,-205.3657711356516,12130.01527009911,11556.98472990089,11843.5,12450.2,0.004201680672268893,0
2023-08-30,11900.0,12240.0,11900.0,12050.0,292778599580,24293983,1479,12000.0,11960.0,49.41333466534995,-123.84703625856491,-189.06202416023427,12141.622387967496,11561.377612032504,11851.5,12410.6,-0.0050167224080267525,0
2023-09-02,12130.0,12280.0,11940.0,12050.0,197448624250,16386882,1318,12050.0,11970.0,49.740473175388125,-104.36770815518867,-172.12316095922517,12152.17779013689,11562.82220986311,11857.5,12370.8,-0.010860484544695126,0
2023-09-03,11980.0,11980.0,11850.0,11920.0,143732218820,12062800,1134,12050.0,11890.0,47.115447186477574,-94.29851709806826,-156.5582321869938,12145.369181623524,11562.630818376476,11854.0,12331.0,-0.004205214465937801,0
2023-09-04,11890.0,12000.0,11890.0,11940.0,156624735800,13116325,1140,11920.0,11900.0,47.488502128846015,-84.53720197242546,-142.15402614408015,12120.634512556975,11570.365487443025,11845.5,12293.4,-0.007563025210084007,0
2023-09-05,12120.0,12130.0,11930.0,12010.0,196570226740,16368962,1352,11940.0,11950.0,49.41009983559802,-71.93745705093897,-128.1107123254519,12130.231053167678,11572.768946832322,11851.5,12256.6,-0.013389121338912124,0
2023-09-09,11950.0,12000.0,11830.0,11910.0,119062177280,9992816,833,12010.0,11900.0,47.53673610353954,-65.23466593523517,-115.53550304740857,12073.709652639276,11601.290347360724,11837.5,12227.8,-0.005042016806722671,0
2023-09-10,11830.0,11920.0,11830.0,11890.0,134962113480,11355209,763,11910.0,11840.0,45.316356199797724,-64.02610120429563,-105.23362267878599,12074.186367091683,11601.813632908317,11838.0,12196.0,-0.0033783783783783994,0
2023-09-11,11820.0,12000.0,11810.0,11890.0,188474593850,15855808,1023,11890.0,11840.0,45.316356199797724,-62.3495778258748,-96.65681370820376,12069.47814397075,11600.52185602925,11835.0,12163.8,-0.005912162162162171,0
2023-09-12,11980.0,12000.0,11800.0,11880.0,136623797890,11499841,724,11890.0,11810.0,44.12130731321534,-62.718688252174616,-89.86918861699793,12065.27553336474,11597.72446663526,11831.5,12132.0,-0.009314140558848383,0
2023-09-13,11820.0,12000.0,11770.0,11840.0,151157669600,12765862,923,11880.0,11790.0,43.30147171615234,-63.88857604198711,-84.67306610199577,12062.788283957969,11594.211716042031,11828.5,12094.8,-0.00932994062765058,0
2023-09-17,11900.0,11950.0,11690.0,11750.0,194100004860,16518728,1702,11840.0,11840.0,46.002782026053204,-60.08847586543561,-79.75614805468373,12063.805356319419,11595.194643680581,11829.5,12057.2,-0.01604729729729726,0
2023-09-20,11550.0,11900.0,11550.0,11790.0,293470172340,24884738,808,11750.0,11800.0,44.18897416408054,-59.61730363747847,-75.7283791712427,12064.121488737594,11596.878511262406,11830.5,12020.0,-0.007627118644067843,0
2023-09-23,11800.0,11820.0,11650.0,11740.0,145925861490,12429388,944,11790.0,11770.0,42.825169349424556,-60.961914528536,-72.77508624270136,12063.767970558101,11594.232029441899,11829.0,11981.4,-0.005097706032285432,0
2023-09-25,11750.0,11770.0,11620.0,11690.0,258334488440,22106064,981,11740.0,11700.0,39.74297419681804,-66.90470751123394,-71.60101049640788,12065.706161452972,11585.293838547028,11825.5,11949.4,-0.0017094017094017033,0
2023-09-26,11690.0,11740.0,11680.0,11690.0,58170721960,4976542,500,11690.0,11680.0,38.8819298970558,-72.39373668558255,-71.75955573424282,12066.943807922518,11582.056192077482,11824.5,11917.2,-0.0042808219178082085,0
2023-09-27,11640.0,11780.0,11610.0,11670.0,108036503420,9260126,741,11690.0,11650.0,37.5671609176662,-78.26242066337181,-73.06012872006862,12035.098985648045,11630.901014351955,11833.0,11887.6,-0.006008583690987113,0
2023-09-30,11640.0,11800.0,11550.0,11720.0,158060830330,13491824,1023,11670.0,11710.0,41.8055232617693,-77.18218821675691,-73.88454061940628,12027.211824489115,11645.788175510885,11836.5,11867.0,-0.032450896669513285,0
2023-10-01,11800.0,11800.0,11680.0,11700.0,97574541320,8338838,683,11720.0,11710.0,41.8055232617693,-75.45628315782415,-74.19888912708986,12027.080791597697,11630.919208402303,11829.0,11844.8,-0.010247651579846306,0
2023-10-02,11580.0,11730.0,11520.0,11670.0,170746521620,14626113,859,11700.0,11680.0,40.22212774843953,-75.6373400699631,-74.48657931566451,12011.626862705149,11617.373137294851,11814.5,11828.2,-0.017979452054794565,0
2023-10-04,11680.0,11740.0,11630.0,11660.0,157382086740,13496619,757,11670.0,11630.0,37.66182931709709,-78.90583377525945,-75.3704302075835,12009.508992611778,11592.491007388222,11801.0,11820.8,-0.0017196904557179593,0
2023-10-07,11660.0,11700.0,11580.0,11620.0,123720997420,10643384,675,11660.0,11580.0,35.245719796143106,-84.55601164949258,-77.20754649596532,11998.203607740446,11565.796392259554,11782.0,11811.4,-0.008635578583765069,0
2023-10-08,11550.0,11600.0,11300.0,11440.0,90593874040,7953419,967,11620.0,11330.0,26.196468596916162,-107.9622078569464,-83.35847876816155,12026.477847213831,11473.522152786169,11750.0,11795.2,0.015004413062665423,0
2023-10-09,11290.0,11950.0,11180.0,11530.0,126420730470,10963248,883,11440.0,11590.0,42.679416474627565,-104.32931647695113,-87.55264630991947,12012.019854884085,11457.980145115915,11735.0,11792.4,-0.006039689387402958,0
2023-10-10,11380.0,11680.0,11310.0,11500.0,68509101300,5968320,719,11530.0,11470.0,38.41507468954888,-109.86674554986712,-92.015466157909,12002.448092224204,11424.551907775796,11713.5,11787.4,0.0043591979075849885,0
2023-10-11,11590.0,11610.0,11450.0,11490.0,83057421540,7230693,789,11500.0,11610.0,45.283867246122554,-101.78505327879247,-93.96938358208571,11967.22310577417,11425.77689422583,11696.5,11783.6,-0.006029285099052539,0
2023-10-14,11800.0,11800.0,11300.0,11470.0,149527847650,13039903,908,11490.0,11480.0,40.73998708935356,-104.66366983816442,-96.10824083330145,11944.979127206578,11406.020872793422,11675.5,11775.2,-0.056620209059233484,0
2023-10-15,11570.0,11580.0,11400.0,11490.0,127567515490,11104056,821,11470.0,11500.0,41.70905844593364,-104.13080623267706,-97.71275391317658,11927.22104495187,11389.77895504813,11658.5,11770.2,-0.07826086956521738,0
2023-10-16,11490.0,11610.0,11450.0,11500.0,121141807280,10532283,940,11490.0,11520.0,42.71784217368296,-100.93120305193588,-98.35644374092844,11904.100840977299,11380.899159022701,11642.5,11765.6,-0.07378472222222221,0
2023-10-17,11500.0,11740.0,11480.0,11530.0,106466953230,9229305,806,11500.0,11520.0,42.71784217368296,-97.27417830290142,-98.13999065332304,11882.919595166857,11373.080404833143,11628.0,11764.0,-0.07291666666666663,0
2023-10-18,11500.0,11590.0,11480.0,11520.0,114777873110,9962030,815,11530.0,11540.0,43.84492383940197,-91.70500873254241,-96.85299426916691,11861.790478906592,11369.209521093408,11615.5,11760.6,-0.07538994800693244,0
2023-10-25,10870.0,10900.0,10820.0,10830.0,28274798680,2605467,293,10820.0,10830.0,25.022396079965276,-142.93480455368626,-106.06935632607079,11969.697417832205,11160.302582167795,11565.0,11741.2,-0.012927054478301003,0
2023-10-28,10820.0,10830.0,10600.0,10660.0,154399194070,14487789,1087,10830.0,10600.0,21.76303642213493,-199.79080065795642,-124.81364519244792,12074.719229094537,10935.280770905463,11505.0,11716.2,0.007547169811320753,0
2023-10-29,10650.0,10690.0,10620.0,10660.0,65843806780,6175759,635,10660.0,10670.0,24.966455385262094,-236.4752329258863,-147.1459627391356,12111.725018417841,10788.274981582159,11450.0,11690.4,0.008434864104967188,0
2023-10-30,10670.0,10740.0,10630.0,10660.0,75751729860,7103794,674,10660.0,10680.0,25.436151227225636,-261.7240019913479,-170.06157058957808,12129.449176876877,10668.550823123123,11399.0,11662.6,0.0037453183520599342,0
2023-10-31,10690.0,10750.0,10660.0,10660.0,49360157520,4626194,430,10660.0,10670.0,25.265825820923766,-279.32091220512666,-191.9134389126878,12131.98643893824,10565.01356106176,11348.5,11639.4,0.009372071227741419,0
2023-11-01,10660.0,10690.0,10330.0,10640.0,71237262520,6706728,702,10660.0,10690.0,26.328360344700158,-288.3290793275464,-211.19656699565957,12120.9748625035,10480.0251374965,11300.5,11609.6,0.00654817586529477,0
2023-11-04,10690.0,10920.0,10620.0,10650.0,65596653280,6154330,681,10640.0,10680.0,26.12833262044616,-292.8986794453667,-227.536989485601,12089.25948373116,10408.74051626884,11249.0,11586.6,0.00561797752808979,0
2023-11-05,10660.0,10850.0,10620.0,10700.0,89624913240,8359288,719,10650.0,10760.0,30.666535949137582,-286.7592074072436,-239.38143306992953,12039.551907700336,10363.448092299664,11201.5,11563.8,-0.012081784386617112,0
2023-11-06,10760.0,10850.0,10670.0,10710.0,102600087100,9579965,723,10700.0,10720.0,29.684580790204535,-281.8720517374077,-247.87955680342517,11986.381143981653,10320.618856018347,11153.5,11540.6,-0.002798507462686617,0
2023-11-07,10720.0,10840.0,10650.0,10750.0,77484389200,7196908,774,10710.0,10770.0,32.59023830210539,-270.84226251759355,-252.47209794625888,11929.217900134228,10291.782099865772,11110.5,11519.0,-0.01299907149489321,0
2023-11-08,10780.0,10860.0,10660.0,10730.0,108870543420,10148339,789,10750.0,10760.0,32.30273172627402,-259.911889054576,-253.96005616792232,11872.032865370767,10266.967134629233,11069.5,11497.8,-0.017657992565055736,0
2023-11-11,10800.0,10800.0,10620.0,10710.0,57567045100,5390872,650,10730.0,10740.0,31.700394653216037,-249.98168888777036,-253.16438271189196,11845.43156133853,10234.56843866147,11040.0,11477.0,-0.03351955307262566,0
2023-11-12,10630.0,10750.0,10620.0,10700.0,48145982820,4509474,555,10710.0,10630.0,28.547458562820054,-248.12775213158238,-252.15705659583006,11774.703008810007,10209.296991189993,10992.0,11453.6,-0.026340545625587963,0
2023-11-13,10630.0,10800.0,10570.0,10700.0,75835518940,7086428,726,10700.0,10690.0,32.491592123000345,-239.06124610172992,-249.53789449701006,11713.975689493594,10192.024310506406,10953.0,11432.0,-0.04490177736202061,0
2023-11-14,10690.0,10700.0,10600.0,10680.0,59442291560,5581467,400,10700.0,10630.0,30.668489949960275,-234.01983828800803,-246.43428325520966,11613.940842606105,10194.059157393895,10904.0,11410.6,-0.024459078080903085,0
2023-11-15,10650.0,10690.0,10490.0,10590.0,85264769340,8073635,900,10680.0,10570.0,28.920911518218688,-232.18944939363428,-243.5853164828946,11530.57960838005,10186.42039161995,10858.5,11392.4,-0.016083254493850507,0
2023-11-18,10580.0,10650.0,10380.0,10500.0,88402486380,8438884,973,10590.0,10380.0,24.21525372407612,-243.26604556592247,-243.52146229950017,11437.035263007738,10167.964736992262,10802.5,11367.2,0.0,0
2023-11-19,10390.0,10490.0,10320.0,10410.0,104767286860,10078929,1054,10500.0,10350.0,23.563329150860184,-251.56519019587904,-245.13020787877596,11315.783175688406,10172.216824311594,10744.0,11337.0,0.0,0
2023-11-20,10430.0,10480.0,10200.0,10330.0,110669232780,10714640,1488,10410.0,10210.0,20.75514511557472,-266.36862043079236,-249.37789038917924,11174.857733897981,10182.142266102019,10678.5,11301.8,0.015670910871694366,0
2023-11-21,10320.0,10450.0,10270.0,10330.0,136958803210,13262327,1432,10330.0,10370.0,30.891809512375303,-262.16767693471775,-251.93584769828698,10941.372058524628,10298.627941475372,10620.0,11271.2,0.0067502410800386325,0
2023-11-22,10450.0,10500.0,10300.0,10350.0,47026267960,4535048,647,10330.0,10400.0,32.631870375585876,-253.4955112106163,-252.24778040075287,10918.329642154013,10278.670357845987,10598.5,11240.0,0.017307692307692246,0
2023-11-25,10350.0,10460.0,10300.0,10340.0,81316973770,7863155,693,10350.0,10380.0,32.05245549101693,-245.40768323634256,-250.87976096787082,10921.198966136199,10253.801033863801,10587.5,11208.2,0.009633911368015502,0
2023-11-26,10430.0,10430.0,10300.0,10340.0,89757183810,8675909,1072,10340.0,10350.0,31.158731549086042,-238.66755951591222,-248.43732067747914,10918.272259560035,10224.727740439965,10571.5,11177.4,0.04347826086956519,0
2023-11-27,10420.0,10430.0,10300.0,10340.0,85252150460,8242447,938,10340.0,10370.0,32.50979656352874,-229.07153597978322,-244.56416373793996,10909.63257768534,10202.36742231466,10556.0,11146.8,0.05014464802314378,1
2023-11-28,10280.0,10530.0,10220.0,10400.0,98433359740,9456555,1154,10340.0,10440.0,37.158448308505534,-213.3587365029889,-238.32307829094978,10897.514164022326,10191.485835977674,10544.5,11116.6,0.059386973180076685,1
2023-11-29,10560.0,10600.0,10370.0,10420.0,87602701260,8398866,920,10400.0,10580.0,45.276874521308706,-187.44860886159222,-228.14818440507827,10886.15414443786,10191.84585556214,10539.0,11090.2,0.046313799621928275,0
2023-12-02,10590.0,10590.0,10460.0,10480.0,73574612930,6995027,983,10420.0,10480.0,41.18415695362788,-172.98969280224446,-217.1164860845115,10870.812814271769,10187.187185728231,10529.0,11063.0,0.04580152671755733,0
2023-12-03,10460.0,10800.0,10370.0,10540.0,115844467030,10993383,1117,10480.0,10800.0,55.1540535529842,-134.16302417680527,-200.52579370297028,10878.614729262708,10183.385270737292,10531.0,11042.2,0.02314814814814814,0
2023-12-04,10840.0,10990.0,10590.0,10860.0,400542506300,36867856,1853,10540.0,10890.0,58.16378965413607,-95.03485902380453,-179.42760676713712,10912.56701810852,10166.43298189148,10539.5,11023.8,0.01377410468319562,0
2023-12-05,10820.0,11250.0,10820.0,11040.0,143887447410,13037815,1413,10860.0,11060.0,63.18920046188414,-49.734617276883,-153.48900886908632,10980.492672856613,10127.507327143387,10554.0,11009.2,-0.002712477396021651,0
2023-12-06,11200.0,11200.0,10870.0,11070.0,154957328010,14000167,963,11040.0,11070.0,63.467196111129006,-12.878477819584077,-125.36690265918587,11044.577888351345,10094.422111648655,10569.5,10993.8,0.0,0
2023-12-09,11050.0,11120.0,10950.0,11030.0,138615777680,12567142,866,11070.0,10960.0,58.25552239666226,7.369249422681605,-98.81967224281237,11080.39898979731,10080.60101020269,10580.5,10977.0,0.02007299270072993,0
2023-12-10,10860.0,11140.0,10860.0,11030.0,99256842890,8998315,745,11030.0,11050.0,61.07211008752847,30.3283605165052,-72.99006569094887,11141.621282676737,10061.378717323263,10601.5,10962.6,0.0325791855203621,0
2023-12-11,10930.0,11150.0,10930.0,11060.0,188538670790,17048780,920,11030.0,11040.0,60.58298818470819,47.172924928858265,-48.95746756698745,11191.185284676527,10046.814715323473,10619.0,10949.4,0.02083333333333326,0
2023-12-12,10960.0,11160.0,10930.0,11040.0,149903539230,13573548,843,11060.0,11030.0,60.06492845699689,59.03492924134116,-27.35898820532173,11238.629885846554,10039.370114153446,10639.0,10936.4,0.025385312783318126,0
2023-12-13,10940.0,11090.0,10930.0,11040.0,71892203430,6512862,511,11040.0,11070.0,61.48371861731862,70.84664282814447,-7.717861998628489,11291.101267739385,10036.898732260615,10664.0,10924.8,0.028906955736224038,0
2023-12-16,10900.0,11180.0,10900.0,11130.0,123258604220,11077386,838,11040.0,11180.0,65.15044356209935,88.06839401064462,11.439389203226135,11355.134394729945,10052.865605270055,10704.0,10914.2,0.008944543828264706,0
2023-12-18,11070.0,11430.0,11010.0,11320.0,223262996010,19730990,1319,11130.0,11410.0,71.30223836076178,118.90516893698441,32.93254514997779,11455.114603772414,10058.885396227586,10757.0,10908.2,-0.014899211218229569,0
2023-12-19,11440.0,11460.0,11240.0,11350.0,279512917840,24626777,1160,11320.0,11270.0,63.90721789285837,130.54189950392356,52.45441602076694,11494.777336073776,10125.222663926224,10810.0,10900.0,-0.0053238686779059075,0
2023-12-20,11400.0,11610.0,11100.0,11390.0,135349841820,11887978,767,11350.0,11310.0,65.02338851766807,141.36222231843203,70.23597728029996,11543.559538569149,10170.440461430851,10857.0,10893.6,-0.0008841732979664174,0
2023-12-23,11310.0,11440.0,11230.0,11410.0,166607585340,14604897,820,11390.0,11390.0,67.20761614980799,154.61048409824798,87.11087864388958,11596.870190550162,10216.129809449838,10906.5,10889.8,-0.014047410008779626,0
2023-12-24,11450.0,11450.0,11270.0,11340.0,203852069150,17969995,1223,11410.0,11280.0,61.51887790655053,154.45330476222807,100.57936386755728,11615.556473502254,10287.443526497746,10951.5,10888.8,-0.005319148936170248,0
2023-12-25,11130.0,11400.0,11130.0,11310.0,146064309380,12919308,759,11340.0,11240.0,59.545112340001374,149.3791237466885,110.33931584338352,11610.276810566895,10381.723189433105,10996.0,10881.8,-0.00622775800711739,0
2023-12-26,11240.0,11400.0,11200.0,11250.0,156466802390,13907384,715,11310.0,11210.0,58.04104144956773,141.30813721033337,116.5330801167735,11586.69299248325,10489.30700751675,11038.0,10876.6,-0.007136485280999083,0
2023-12-27,11080.0,11450.0,11080.0,11240.0,216460883350,19262392,1312,11250.0,11300.0,61.206840046889184,140.55385274783112,121.33723464298504,11566.67067031087,10595.32932968913,11081.0,10870.4,-0.013274336283185861,0
2023-12-30,11300.0,11310.0,11200.0,11250.0,167925361040,14930537,883,11240.0,11230.0,57.5686542552146,132.77709024589603,123.62520576356725,11544.650785688951,10682.349214311049,11113.5,10865.4,-0.008904719501335756,0
2023-12-31,11200.0,11260.0,11180.0,11230.0,90001841990,8016834,772,11250.0,11220.0,57.0469742722974,124.3733351204919,123.77483163495219,11470.529686123315,10830.470313876685,11150.5,10859.8,-0.010695187165775444,0
2024-01-01,11250.0,11250.0,11120.0,11200.0,83696527000,7485192,766,11230.0,11170.0,54.392888780813266,112.38323255648356,121.49651181925847,11445.687549413018,10892.312450586982,11169.0,10852.8,-0.008057296329453845,0
2024-01-02,11190.0,11230.0,11030.0,11150.0,127508772490,11438663,729,11200.0,11130.0,52.29669602552691,98.51767376637144,116.90074420868106,11427.40616875431,10934.59383124569,11181.0,10845.0,0.0,0
2024-01-03,11140.0,11250.0,11000.0,11130.0,183792262960,16511431,943,11150.0,11150.0,53.26647402606406,88.12707729245267,111.1460108254354,11426.122110372626,10944.877889627374,11185.5,10837.2,0.0008968609865471766,0
2024-01-06,11140.0,11150.0,11040.0,11120.0,95558832520,8596742,736,11130.0,11130.0,52.12528652390441,77.38655780670524,104.39412022168938,11424.743518429977,10952.256481570023,11188.5,10843.2,0.003593890386343279,0
2024-01-07,11110.0,11180.0,11010.0,11110.0,131366713680,11825301,835,11120.0,11100.0,50.3816677397415,65.69656039984511,96.65460825732052,11411.692044257354,10979.307955742646,11195.5,10853.2,0.018918918918918948,0
2024-01-08,11230.0,11230.0,11020.0,11110.0,51602435640,4647832,381,11110.0,11080.0,49.200089721457154,54.19361017623851,88.16240864110412,11409.518234512178,10984.481765487822,11197.0,10861.4,0.01534296028880866,0
2024-01-09,11020.0,11180.0,11000.0,11110.0,103187391830,9287665,846,11110.0,11130.0,52.217167106906224,48.55234022696095,80.24039495827549,11404.110463698624,10998.889536301376,11201.5,10870.4,0.013477088948786964,0
2024-01-10,11050.0,11330.0,11050.0,11130.0,154169021600,13849433,1203,11110.0,11160.0,53.98311018340438,45.972401204284324,73.38679620747726,11396.000000000451,11019.999999999549,11208.0,10880.2,0.009856630824372825,0
2024-01-13,11130.0,11250.0,11000.0,11160.0,108332956550,9703716,1055,11130.0,11170.0,54.585616573369194,44.224900246868856,67.55441701535558,11391.112324110847,11034.887675889153,11213.0,10889.8,0.0071620411817368,0
2024-01-14,11040.0,11330.0,11040.0,11270.0,201484753670,17877409,1025,11160.0,11310.0,62.072647715747095,53.519879266023054,64.74750946548909,11401.760802149463,11037.239197850537,11219.5,10902.4,-0.0053050397877983935,0
2024-01-15,11300.0,11300.0,11170.0,11250.0,172508395080,15331277,747,11270.0,11250.0,57.683542057034344,55.40603229508997,62.87921403140926,11372.406805325842,11050.593194674158,11211.5,10912.2,-0.000888888888888939,0
2024-01-16,11250.0,11280.0,11060.0,11250.0,137312396050,12202682,733,11250.0,11280.0,59.23561231267101,58.64554213501469,62.032479652130355,11373.69106345178,11050.30893654822,11212.0,10923.4,-0.006205673758865271,0
2024-01-17,11300.0,11300.0,11230.0,11260.0,135140306180,12005013,607,11250.0,11270.0,58.4658305463395,59.71757358071045,61.56949843784638,11367.733953225577,11052.266046774423,11210.0,10933.4,-0.003549245785270605,0
2024-01-20,11220.0,11300.0,11210.0,11240.0,162790167430,14477870,808,11260.0,11250.0,56.87394168067814,58.28150051302691,60.91189885288249,11339.102902247421,11066.897097752579,11203.0,10943.2,-0.002666666666666706,0
2024-01-21,11190.0,11280.0,11110.0,11240.0,93938449790,8354183,659,11240.0,11250.0,56.87394168067814,56.4921953971716,60.027958161740315,11334.807914244322,11068.192085755678,11201.5,10953.4,-0.001777777777777767,0
2024-01-22,11250.0,11250.0,11140.0,11230.0,129857490320,11566054,672,11240.0,11240.0,55.98992616514263,53.64881166939813,58.752128863271885,11334.807914244322,11068.192085755678,11201.5,10965.6,-0.002669039145907437,0
2024-01-23,11190.0,11240.0,11190.0,11210.0,230933689460,20604191,910,11230.0,11210.0,53.31271106932142,48.41654451322938,56.68501199326339,11334.807914244322,11068.192085755678,11201.5,10976.0,0.000892060660124816,0
2024-01-24,11210.0,11240.0,11190.0,11210.0,94704414000,8449425,743,11210.0,11230.0,54.86226452110944,45.36087600610881,54.420184795832476,11324.269552942,11071.730447058,11198.0,10988.0,-0.00267141585040076,0
2024-01-27,11220.0,11270.0,11200.0,11220.0,140736461180,12544947,669,11210.0,11220.0,53.899004931666134,41.65217987082906,51.8665838108318,11323.337196409379,11071.662803590621,11197.5,11001.0,-0.0017825311942959443,0
2024-01-28,11150.0,11230.0,11100.0,11210.0,170621877100,15223050,861,11220.0,11230.0,54.75452354081946,39.06955834181281,49.30717871702801,11324.269552942,11071.730447058,11198.0,11018.0,-0.003561887800534236,0
2024-01-29,11250.0,11250.0,11170.0,11210.0,105868889580,9444335,535,11210.0,11210.0,52.650100515886265,35.00545818840328,46.44683461130307,11325.69805090045,11074.30194909955,11200.0,11035.2,-0.00267618198037467,0
2024-01-30,11200.0,11220.0,11180.0,11200.0,135202244390,12072152,783,11210.0,11220.0,53.61014367168163,32.220132333868605,43.60149415581618,11326.233315079195,11082.766684920805,11204.5,11055.4,-0.0062388591800356386,0
2024-01-31,11170.0,11270.0,11160.0,11180.0,168827211440,15096829,864,11200.0,11200.0,51.36693326280198,28.075274387054378,40.49625020206382,11326.180535324229,11087.819464675771,11207.0,11072.0,-0.002678571428571419,0
2024-02-03,11060.0,11280.0,11060.0,11180.0,168164420000,15041168,1037,11180.0,11200.0,51.36693326280198,24.50793241291649,37.298586644234355,11324.425414197924,11096.574585802076,11210.5,11088.0,-0.0017857142857142794,0
2024-02-04,11100.0,11280.0,11100.0,11160.0,376247552650,33722987,1181,11180.0,11190.0,50.15009140526885,20.63599289001104,33.96606789338969,11317.6645021425,11112.3354978575,11215.0,11104.2,-0.0017873100983020196,0
2024-02-05,11070.0,11200.0,11070.0,11130.0,156772132670,14087431,748,11160.0,11180.0,48.90251716218487,16.569533230869638,30.486760960885682,11303.904707854597,11136.095292145403,11220.0,11120.8,0.005366726296958779,0
2024-02-06,11190.0,11190.0,11130.0,11140.0,192983036870,17326791,732,11130.0,11150.0,45.26454967724417,10.801571580763266,26.549723084861203,11300.97499609356,11141.02500390644,11221.0,11136.4,0.01255605381165914,0
2024-02-07,11140.0,11210.0,11070.0,11170.0,121134343290,10845083,681,11140.0,11170.0,48.03973736981881,7.754860070501309,22.790750481989225,11300.05571271502,11142.94428728498,11221.5,11151.0,0.0008952551477170445,0
2024-02-10,11250.0,11250.0,11150.0,11170.0,88445841130,7920309,634,11170.0,11180.0,49.42060479623445,6.077181706956253,19.44803672698263,11299.35631842432,11144.64368157568,11222.0,11163.0,0.0017889087656528524,0
2024-02-12,11080.0,11190.0,11080.0,11160.0,66418918690,5952203,594,11170.0,11170.0,48.04555463252851,3.8957849069483927,16.33758636297578,11284.137544070982,11145.862455929018,11215.0,11176.8,0.0035810205908684,0
2024-02-13,11350.0,11350.0,11240.0,11290.0,170894577240,15141753,961,11160.0,11240.0,57.0534184242052,7.726362514838911,14.615341593348408,11282.756867787552,11146.243132212448,11214.5,11185.6,-0.003558718861209953,0
2024-02-14,11240.0,11330.0,11190.0,11260.0,102068768740,9066920,772,11290.0,11290.0,62.107158675594576,14.628081580684011,14.617889590815528,11285.28513356441,11144.71486643559,11215.0,11193.6,-0.00620017714791854,0
2024-02-17,11300.0,11300.0,11070.0,11190.0,87643136640,7853600,851,11260.0,11180.0,48.56677560745775,11.093780773800972,13.913067827412618,11277.574585352191,11143.425414647809,11210.5,11196.0,0.0008944543828264262,0
2024-02-18,11190.0,11260.0,11130.0,11200.0,69065994770,6160585,533,11190.0,11200.0,50.67249470315817,9.7937584234096,13.089205946612015,11272.683846516493,11143.316153483507,11208.0,11198.6,0.0,0
2024-02-19,11210.0,11300.0,11120.0,11200.0,129380803740,11547809,1136,11200.0,11210.0,51.73646738758773,9.461333409015424,12.363631439092698,11267.773780847298,11144.226219152702,11206.0,11203.6,-0.000892060660124927,0
2024-02-20,11120.0,11280.0,11120.0,11200.0,43927150970,3919290,798,11200.0,11200.0,50.56197544092827,8.2953441993468,11.54997399114352,11263.799665552331,11144.200334447669,11204.0,11206.6,-0.0035714285714285587,0
2024-02-21,11200.0,11270.0,11130.0,11190.0,59193421580,5291772,727,11200.0,11220.0,52.866582466315236,8.882727648186119,11.01652472255204,11264.658124972197,11144.341875027803,11204.5,11210.2,0.004456327985739694,0
2024-02-24,11240.0,11280.0,11100.0,11190.0,64264949090,5745648,551,11190.0,11190.0,49.164363225651876,6.848538297299456,10.182927437501524,11261.787435432569,11143.212564567431,11202.5,11213.4,0.009830205540661385,0
2024-02-26,11090.0,11220.0,11090.0,11170.0,70896278980,6351977,702,11190.0,11200.0,50.41097127749982,5.974474979115257,9.341236945824273,11260.245212572356,11142.754787427644,11201.5,11216.0,0.0071428571428571175,0
2024-02-27,11140.0,11200.0,11110.0,11160.0,147794947810,13241933,851,11170.0,11200.0,50.41097127749982,5.221582351146935,8.517306026888805,11257.271284254606,11142.728715745394,11200.0,11216.4,0.020535714285714324,0
2024-02-28,11150.0,11270.0,11100.0,11170.0,109801904870,9833780,678,11160.0,11160.0,45.26195434493679,1.38132080671312,7.0901089828536685,11257.123820744504,11137.876179255496,11197.5,11211.4,0.018817204301075252,0
2024-03-02,11200.0,11290.0,11080.0,11190.0,138644809710,12388360,1010,11170.0,11270.0,57.97443248067685,7.131756111708455,7.098438408624626,11266.932802124009,11133.067197875991,11200.0,11211.4,0.010647737355811815,0
2024-03-03,11290.0,11590.0,11210.0,11330.0,96747154000,8510487,887,11190.0,11300.0,60.65798896166454,13.948971736857857,8.468545074271272,11284.874902191928,11125.125097808072,11205.0,11211.2,-0.001769911504424737,0
2024-03-04,11290.0,11400.0,11130.0,11310.0,89227154870,7897295,647,11330.0,11280.0,57.99903191109445,17.535690853577762,10.28197423013257,11295.23224455022,11122.76775544978,11209.0,11209.0,0.005319148936170137,0
2024-03-05,11280.0,11490.0,11280.0,11390.0,107353721230,9420458,795,11310.0,11430.0,68.98131517885169,32.111773456665105,14.647934075439078,11349.670120852375,11092.329879147625,11221.0,11212.0,-0.01049868766404205,0
2024-03-06,11180.0,11470.0,11180.0,11390.0,70031368400,6151779,501,11390.0,11370.0,61.998085964806855,38.37951027154304,19.394249314659874,11372.974559133068,11088.025440866932,11230.5,11214.6,-0.008795074758135457,0
2024-03-09,11360.0,11410.0,11300.0,11380.0,90339224180,7936752,917,11390.0,11390.0,63.33066000629716,44.448198542211685,24.405039160170237,11395.846013968927,11089.153986031073,11242.5,11218.2,-0.33362598770851626,0
2024-03-10,11120.0,11410.0,11120.0,11330.0,100347716230,8868598,699,11380.0,11280.0,52.43913340179858,39.92140788769939,27.508312905676068,11398.412765416226,11097.587234583774,11248.0,11217.8,-0.3235815602836879,0
2024-03-11,11330.0,11400.0,11200.0,11310.0,73250366300,6481622,680,11330.0,11340.0,56.803001019346034,40.70615700011331,30.14788172456352,11408.105226735159,11103.894773264841,11256.0,11220.0,-0.32539682539682535,0
2024-03-12,11320.0,11350.0,11170.0,11290.0,54260735260,4815537,892,11310.0,11310.0,54.12873636429623,38.46393870357133,31.811093120365083,11411.472219624251,11114.527780375749,11263.0,11221.8,-0.3253757736516357,0
2024-03-13,11180.0,11290.0,11090.0,11230.0,57453316000,5141587,901,11290.0,11270.0,50.70125403336255,33.07799629228066,32.0644737547482,11412.618196046777,11116.381803953223,11264.5,11223.8,-0.3220940550133097,0
2024-03-27,7690.0,7690.0,7560.0,7630.0,127077766530,16665320,1864,7330.0,7590.0,6.970544126628937,-265.0799699421186,-27.36441498462517,12687.386500969584,9471.613499030416,11079.5,11153.0,0.046113306982872304,0
2024-03-30,7630.0,7770.0,7570.0,7620.0,58485516740,7677160,1218,7630.0,7630.0,7.900414387976312,-492.4677785879612,-120.38508770529238,13101.332626048244,8702.667373951756,10902.0,11082.6,0.035386631716906924,0
2024-04-02,7560.0,7690.0,7450.0,7620.0,114402630670,15005061,1283,7620.0,7650.0,8.39345542388753,-663.4130101072078,-228.99067218567546,13333.787067380728,8115.212932619272,10724.5,11013.0,0.045751633986928164,0
2024-04-03,7530.0,7690.0,7530.0,7630.0,94126727450,12325805,831,7620.0,7630.0,8.345343327295453,-791.3796386751947,-341.46846548357934,13469.240583567629,7621.759416432371,10545.5,10943.6,0.03669724770642202,0
2024-04-06,7740.0,7740.0,7600.0,7630.0,54858027590,7182969,898,7630.0,7640.0,8.627366195847543,-881.8221010726174,-449.53919260138696,13533.607231285832,7201.392768714168,10367.5,10874.8,0.020942408376963373,0
2024-04-07,7740.0,8000.0,7650.0,7700.0,44439876760,5684328,1083,7630.0,7940.0,16.88948961450005,-918.7007015142171,-543.371494383953,13512.55590765712,6894.444092342879,10203.5,10811.0,-0.008816120906801062,0
2024-04-08,7980.0,8080.0,7880.0,7860.0,76203950280,9571535,1135,7700.0,7900.0,16.673011988308986,-940.3155514155915,-622.7603057902807,13460.724126811006,6617.2758731889935,10039.0,10745.8,-0.010126582278481067,0
2024-04-09,7930.0,8030.0,7920.0,7890.0,38895014940,4885003,723,7860.0,8000.0,19.45255223672875,-938.5572081597966,-685.9196862641838,13367.22533675802,6390.77466324198,9879.0,10682.4,-0.01375000000000004,0
2024-04-13,7900.0,7990.0,7610.0,7870.0,114254499080,14517016,1549,7890.0,7910.0,18.843334914660105,-933.6632673393324,-735.4684024792136,13248.03350061955,6180.966499380451,9714.5,10614.4,0.027812895069532217,0
2024-04-14,7800.0,7820.0,7800.0,7800.0,129485061440,16600265,881,7870.0,7800.0,18.09732450759938,-927.9638747610297,-773.967496935577,13108.54028612826,5984.459713871739,9546.5,10545.4,0.024358974358974272,0
2024-04-15,7760.0,7870.0,7760.0,7840.0,65136410300,8281010,625,7800.0,7870.0,20.260785699168594,-907.3394062194966,-800.6418787923609,12917.76686370863,5835.23313629137,9376.5,10477.2,0.01270648030495547,0
2024-04-16,7870.0,7870.0,7770.0,7820.0,36999282360,4748575,759,7840.0,7820.0,19.85730025636704,-884.829188345424,-817.4793407029736,12690.197664649391,5714.802335350609,9202.5,10408.2,0.019181585677749302,0
2024-04-17,7880.0,7890.0,7820.0,7850.0,56263825670,7135399,860,7820.0,7890.0,22.193448895535738,-851.5254086623736,-824.2885542948536,12428.650747647771,5637.349252352229,9033.0,10341.0,0.020278833967046994,0
2024-04-20,7850.0,8230.0,7840.0,8000.0,71299202100,8790843,1169,7850.0,8130.0,29.754039834773067,-796.5834113760793,-818.7475257110988,12098.403070825825,5637.596929174175,8868.0,10278.6,-0.01599015990159902,0
2024-04-21,8150.0,8200.0,7900.0,8020.0,59929110050,7444426,1141,8000.0,7990.0,28.042237118667444,-755.6279045406518,-806.1236014770094,11736.011030602453,5661.988969397547,8699.0,10213.6,0.0,0
2024-04-22,8000.0,8200.0,7850.0,8040.0,72706951380,9023800,1530,8020.0,7970.0,27.79621167443831,-716.5245541192689,-788.2037920054613,11314.478781545095,5741.521218454906,8528.0,10148.8,-0.0025094102885822034,0
2024-04-23,7970.0,8170.0,7970.0,8050.0,42870603180,5319810,1501,8040.0,7970.0,27.79621167443831,-677.7225040270841,-766.107534409786,10852.976861968624,5872.023138031376,8362.5,10083.6,-0.0025094102885822034,0
2024-04-24,7990.0,8150.0,7960.0,8050.0,56087801670,6965230,1853,8050.0,8050.0,30.61999301857277,-633.2169376696493,-739.5294150617586,10281.426024604938,6114.573975395062,8198.0,10020.2,-0.013664596273291973,0
2024-04-27,8070.0,8070.0,7990.0,8040.0,25001812300,3118359,568,8050.0,8000.0,29.8346546849682,-595.1203607494972,-710.6476041993063,9549.745860103492,6515.254139896508,8032.5,9955.6,-0.02749999999999997,0
2024-04-28,7910.0,8050.0,7900.0,8020.0,39822427900,4996973,826,8040.0,7990.0,29.670748669385247,-559.2883376838563,-680.3757508962163,8182.396479752863,7554.603520247137,7868.5,9891.2,-0.040050062578222745,0
2024-04-29,7940.0,8050.0,7940.0,8010.0,35611606720,4461245,852,8020.0,7950.0,28.984804255024358,-528.0320422599643,-649.9070091689659,8174.685704019533,7598.314295980467,7886.5,9825.8,-0.035220125786163514,0
2024-04-30,8010.0,8040.0,7920.0,7990.0,56300712630,7069666,786,8010.0,7950.0,28.984804255024358,-497.52603254312726,-619.4308138437982,8166.460224278638,7638.539775721362,7902.5,9760.8,-0.037735849056603765,0
2024-05-01,7950.0,8010.0,7910.0,7970.0,48353929970,6090774,665,7990.0,7940.0,28.791812480364484,-468.75322114055325,-589.2952953031493,8154.411035971843,7679.588964028157,7917.0,9695.6,-0.04282115869017633,0
2024-05-05,7910.0,8000.0,7740.0,7910.0,57628097810,7336835,867,7970.0,7780.0,25.828531651980597,-453.63203589761997,-562.1626434220434,8132.872263032347,7716.127736967653,7924.5,9627.4,-0.041131105398457546,0
2024-05-06,7710.0,7880.0,7640.0,7840.0,40294350880,5220409,860,7910.0,7670.0,23.999726312026056,-445.3902863665735,-538.8081720109494,8126.439517064927,7725.560482935073,7926.0,9557.2,-0.03520208604954367,0
2024-05-07,7780.0,7780.0,7640.0,7780.0,48591214220,6314049,837,7840.0,7670.0,23.999726312026056,-433.85740241641906,-517.8180180920433,8141.661515096286,7683.338484903714,7912.5,9487.6,-0.054758800521512385,0
2024-05-08,7640.0,7780.0,7640.0,7770.0,32634162870,4220217,262,7780.0,7650.0,23.646669638422082,-421.47286482109666,-498.548987437854,8156.203044480798,7643.796955519202,7900.0,9417.2,-0.03529411764705881,0
2024-05-11,7580.0,7790.0,7410.0,7710.0,36781890050,4859264,664,7770.0,7600.0,22.745795822205764,-410.9553739436087,-481.030264739005,8162.913414318296,7597.086585681704,7880.0,9345.6,-0.043421052631578916,0
2024-05-12,7600.0,7690.0,7450.0,7580.0,73034747720,9742520,1072,7710.0,7460.0,20.402050039950808,-409.2000135815488,-466.6642145075138,8193.825734967224,7521.174265032776,7857.5,9271.4,-0.06568364611260058,0
2024-05-13,7540.0,7540.0,7220.0,7500.0,40485611710,5514060,1011,7580.0,7400.0,19.475831899505053,-407.9478080149029,-454.92093320899164,8228.287666132454,7446.7123338675465,7837.5,9194.6,-0.055405405405405395,0
2024-05-14,7470.0,7480.0,7170.0,7390.0,54996135960,7564193,948,7500.0,7250.0,17.354640802981407,-414.2835693741972,-446.79346044203277,8273.073681213653,7339.926318786347,7806.5,9113.8,-0.04137931034482756,0
2024-05-15,7300.0,7400.0,7180.0,7350.0,57475832530,7851549,814,7390.0,7380.0,24.980594643040135,-404.1559343209483,-438.2659552178159,8286.594612599325,7282.405387400675,7784.5,9037.8,-0.06504065040650409,0
2024-05-18,7540.0,7540.0,7170.0,7320.0,43881848150,6044898,988,7350.0,7270.0,23.043058390648284,-400.3903406544878,-430.6908323051503,8300.282406448192,7206.717593551807,7753.5,8959.2,-0.06052269601100413,0
2024-05-19,7320.0,7320.0,6960.0,7100.0,74128543950,10606825,1276,7320.0,6970.0,18.767709265892933,-416.80886025307973,-427.91443789473624,8311.891920778733,7079.108079221268,7695.5,8874.4,0.0057388809182210565,0
2024-05-21,7100.0,7100.0,6990.0,7070.0,50253957200,7145532,664,7100.0,6990.0,19.835550540353935,-423.3269726422541,-426.9969448442398,8317.912819628917,6973.0871803710825,7645.5,8790.2,-0.0014306151645206988,0
2024-05-25,6930.0,7050.0,6930.0,7040.0,36547202790,5245814,661,7070.0,6950.0,19.2894011822182,-426.80040003955855,-426.9576358833036,8313.818427402863,6875.181572597137,7594.5,8704.8,0.012949640287769792,0
2024-05-26,6900.0,7000.0,6900.0,6960.0,78702991680,11384466,579,7040.0,6900.0,18.599995736399435,-428.64652805693913,-427.29541431803074,8298.783610274955,6783.216389725045,7541.0,8619.0,0.01449275362318847,0
2024-05-27,6830.0,6890.0,6830.0,6880.0,76411885910,11181408,654,6960.0,6830.0,17.648978772402756,-430.7921095172014,-427.9947533578649,8260.153830985508,6699.846169014492,7480.0,8531.6,0.017569546120058455,0
2024-05-28,6770.0,7010.0,6750.0,6910.0,45437544650,6534697,689,6880.0,7010.0,27.862915299781292,-413.2048344844461,-425.0367695831812,8197.923611834676,6663.076388165324,7430.5,8447.8,-0.025677603423680417,0
2024-05-29,7040.0,7040.0,6900.0,6920.0,23116672750,3308711,451,6910.0,6980.0,27.25614812336356,-397.1099057894462,-419.45139682443425,8126.136716695671,6633.863283304329,7380.0,8364.2,-0.007163323782234943,0
2024-06-01,7040.0,7050.0,6830.0,6940.0,47900371020,6860649,844,6920.0,7040.0,30.51526266240532,-375.1881251219738,-410.59874248394215,8046.2436336219735,6622.7563663780265,7334.5,8279.6,-0.015625,0
2024-06-02,7000.0,7040.0,6920.0,6950.0,26845497450,3837971,527,6940.0,7000.0,29.564298113576115,-356.928175879686,-399.86462916309097,7953.456300143847,6620.543699856153,7287.0,8193.6,-0.017142857142857126,0
2024-06-05,7050.0,7050.0,6910.0,6950.0,25261801770,3625816,842,6950.0,6950.0,28.37398229708532,-342.54299426957823,-388.40030218438847,7847.2499487506675,6627.7500512493325,7237.5,8107.0,-0.0014388489208633226,0
2024-06-08,6830.0,7000.0,6820.0,6920.0,36237328200,5278561,1000,6950.0,6830.0,25.699636635353883,-336.9415785434885,-378.1085574562085,7770.6203578944305,6609.3796421055695,7190.0,8015.0,0.0014641288433381305,0
2024-06-09,6810.0,6920.0,6810.0,6900.0,52100581840,7580117,1241,6920.0,6930.0,31.49428992044514,-320.73600692283617,-366.63404734953406,7699.885728467537,6606.114271532463,7153.0,7926.2,-0.02741702741702745,0
2024-06-10,6980.0,6980.0,6800.0,6910.0,47023447750,6795807,936,6900.0,6930.0,31.49428992044514,-304.3842228106678,-354.18408244176084,7616.095990787249,6615.904009212751,7116.0,7837.0,-0.03463203463203468,0
2024-06-11,6980.0,7000.0,6830.0,6900.0,27690732320,4020536,764,6910.0,6880.0,30.131596880851944,-292.09283385884737,-341.76583272517814,7522.780810277619,6632.219189722381,7077.5,7749.0,-0.02034883720930236,0
2024-06-12,6820.0,6950.0,6770.0,6880.0,60476098110,8808933,1536,6900.0,6940.0,33.83144419422227,-274.3478102201416,-328.28222822417086,7422.784284634589,6666.215715365411,7044.5,7661.0,-0.025936599423631135,0
2024-06-15,6950.0,6960.0,6750.0,6840.0,43737463420,6451356,931,6880.0,6840.0,30.894982307796113,-265.295751127479,-315.6849328048325,7349.790053378795,6677.209946621205,7013.5,7571.6,-0.010233918128654929,0
2024-06-16,6780.0,6840.0,6710.0,6790.0,48263251990,7182276,693,6840.0,6740.0,28.25398351986614,-263.15757661183125,-305.17946156623225,7286.798873653697,6674.201126346303,6980.5,7481.0,0.01335311572700304,0
2024-06-18,6680.0,6800.0,6660.0,6760.0,28837392800,4318590,686,6790.0,6690.0,27.010698354810117,-262.47202590456527,-296.6379744338989,7257.516393004594,6647.483606995406,6952.5,7463.0,0.03288490284005974,0
2024-06-19,6750.0,6800.0,6660.0,6760.0,27586202300,4090872,558,6760.0,6740.0,30.313078227612394,-254.95517534013106,-288.30141461514535,7168.328569784726,6672.671430215274,6920.5,7445.2,0.01335311572700304,0
2024-06-22,6760.0,6810.0,6670.0,6760.0,22812038100,3384967,601,6760.0,6760.0,31.645313087565313,-244.56499127580082,-279.55412994727646,7093.846674605212,6696.153325394788,6895.0,7427.4,0.002958579881656709,0
2024-06-23,6780.0,6820.0,6700.0,6770.0,38427911760,5669813,745,6760.0,6770.0,32.34178679215047,-232.83974745017713,-270.2112534478566,7087.829978064275,6682.170021935725,6885.0,7410.2,0.010339734121122657,0
2024-06-24,6870.0,6870.0,6740.0,6780.0,33411080230,4916854,569,6770.0,6830.0,36.521071402042026,-216.21353365574123,-259.4117094894335,7075.201917249951,6678.798082750049,6877.0,7394.0,-0.004392386530014614,0
2024-06-26,6760.0,6910.0,6760.0,6810.0,34231259550,4962120,602,6780.0,6910.0,41.69270488170945,-194.3415595016304,-246.3976794918729,7071.010203819998,6678.989796180002,6875.0,7373.4,-0.013024602026049159,0
2024-06-29,6950.0,6950.0,6750.0,6810.0,19449487530,2844395,499,6810.0,6830.0,38.329765807692745,-181.37244517004274,-233.39263262750688,7068.098575787208,6674.901424212792,6871.5,7352.0,0.052708638360175586,1
2024-06-30,6780.0,6900.0,6630.0,6800.0,35409425610,5229431,704,6810.0,6780.0,36.35598231755315,-173.13313969463888,-221.3407340409333,7068.889969737251,6669.110030262749,6869.0,7327.6,0.10471976401179939,1
2024-07-01,6830.0,6900.0,6660.0,6800.0,30267215620,4449992,516,6800.0,6840.0,40.32704566754194,-159.91849136268956,-209.05628550528456,7049.864727448282,6671.135272551718,6860.5,7306.2,0.09941520467836251,1
2024-07-02,6900.0,6900.0,6750.0,6800.0,17723068410,2606308,378,6800.0,6800.0,38.59799622851856,-150.9335846483391,-197.4317453338955,7034.28676101284,6668.71323898716,6851.5,7286.2,0.10882352941176476,1
2024-07-03,6850.0,6850.0,6710.0,6790.0,32111816200,4742295,634,6800.0,6820.0,39.983589323972595,-140.57864537472142,-186.06112534206068,7001.804060710102,6679.195939289898,6840.5,7265.2,0.10997067448680342,1
2024-07-06,7100.0,7190.0,7100.0,7190.0,128375597160,17864760,628,6790.0,7190.0,58.59745620145359,-101.34809585408402,-169.11851944446536,7062.1320343596535,6637.8679656403465,6850.0,7252.6,0.03477051460361613,0
2024-07-07,7490.0,7500.0,7310.0,7400.0,117353862310,15808358,1129,7190.0,7490.0,67.4204485047577,-45.525322345276436,-144.39988002462758,7226.290709870098,6527.709290129902,6877.0,7244.6,0.0,0
2024-07-08,7500.0,7560.0,7360.0,7440.0,120919461770,16235756,936,7400.0,7520.0,68.15135943750182,1.122438350745142,-115.29541634955304,7358.144153663233,6464.855846336767,6911.5,7232.4,-0.0013297872340425343,0
2024-07-09,7450.0,7710.0,7440.0,7570.0,118687661220,15636926,1116,7440.0,7540.0,68.65621165361982,39.25247948465585,-84.38583718271127,7466.122123175063,6417.877876824937,6942.0,7223.4,-0.0053050397877983935,0
2024-07-10,7670.0,7670.0,7500.0,7540.0,91543934060,12153139,1041,7570.0,7570.0,69.43877599372092,71.07228402564397,-53.29421294104023,7565.148035606586,6382.851964393414,6974.0,7215.4,-0.010568031704095149,0
2024-07-13,7470.0,7600.0,7400.0,7510.0,71680508450,9566846,2615,7540.0,7440.0,62.192522526880545,84.82201938937396,-25.67096647495739,7624.883616738726,6379.116383261274,7002.0,7204.8,0.0040322580645162365,0
2024-07-14,7560.0,7560.0,7440.0,7500.0,57746841150,7702087,497,7510.0,7490.0,63.75899591504652,98.61657536506755,-0.8134581069524032,7686.629363216641,6372.370636783359,7029.5,7193.6,-0.014686248331108098,0
2024-07-17,7510.0,7530.0,7450.0,7500.0,65352055970,8708970,526,7500.0,7510.0,64.39448380704209,109.89588189456936,21.32840989335195,7745.879198688536,6380.120801311464,7063.0,7183.8,-0.0066577896138482195,0
2024-07-20,7650.0,7650.0,7380.0,7490.0,46650594600,6242250,731,7500.0,7500.0,63.79216133979041,116.68284989466792,40.39929789361514,7792.285758569844,6409.714241430156,7101.0,7174.0,-0.020000000000000018,0
2024-07-21,7510.0,7520.0,7360.0,7460.0,54864890110,7384793,529,7490.0,7490.0,63.15598198335947,119.8728350811316,56.29400533111844,7825.073095510613,6456.926904489387,7141.0,7164.8,-0.026702269692923886,0
2024-07-22,7470.0,7490.0,7380.0,7450.0,71039037250,9547625,483,7460.0,7470.0,61.82794027846175,119.41059743427468,68.91732375174969,7849.894973212517,6505.105026787483,7177.5,7155.2,-0.030789825970548912,0
2024-07-23,7460.0,7520.0,7370.0,7450.0,43573412620,5857905,509,7450.0,7380.0,56.1100588793478,110.50815372309717,77.2354897460192,7857.815793740958,6559.184206259042,7208.5,7144.0,-0.03794037940379402,0
2024-07-24,7410.0,7500.0,7370.0,7440.0,74580222750,10033191,926,7450.0,7460.0,59.67956200240924,108.65571886421912,83.51953556965918,7868.335110162096,6617.664889837904,7243.0,7137.6,-0.09919571045576403,0
2024-07-27,7460.0,7460.0,7330.0,7410.0,51781315310,7022421,729,7440.0,7350.0,53.26493311669667,97.19121042647566,86.25387054102248,7866.089608016612,6671.910391983388,7269.0,7131.2,-0.06666666666666665,0
2024-07-29,7390.0,7390.0,7150.0,7270.0,93045539410,12856315,1913,7410.0,7290.0,50.10162860771394,82.31512876811212,85.4661221864404,7861.919855033284,6714.080144966716,7288.0,7123.6,-0.058984910836762716,0
2024-07-30,7280.0,7280.0,7100.0,7210.0,75989791490,10583411,2104,7270.0,7240.0,47.56647643384648,65.73341090166741,81.51957992948581,7843.486915729178,6773.513084270822,7308.5,7115.4,-0.05386740331491713,0
2024-07-31,7190.0,7220.0,7010.0,7110.0,102286862350,14419458,1075,7210.0,7100.0,41.269600086509016,40.82484663705418,73.38063327099948,7812.371909420304,6836.628090579696,7324.5,7105.4,-0.036619718309859106,0
2024-08-03,7100.0,7100.0,6710.0,6850.0,98006320740,14409282,1798,7110.0,6720.0,29.75546788610525,-9.46904099632684,56.810698417534226,7832.320007396964,6804.679992603036,7318.5,7090.6,0.017857142857142794,0
2024-08-04,6790.0,6870.0,6790.0,6850.0,23079158620,3381506,627,6850.0,6860.0,36.756266334544556,-37.59708354673785,37.92914202467982,7823.745955684478,6819.254044315522,7321.5,7079.8,-0.005830903790087438,0
2024-08-05,6860.0,6900.0,6800.0,6850.0,42604262510,6213879,1475,6850.0,6860.0,36.75626633454455,-59.20626692900623,18.502060233942608,7818.000758342608,6828.999241657392,7323.5,7072.0,-0.013119533527696792,0
2024-08-06,6860.0,6880.0,6840.0,6850.0,30674355300,4475103,814,6850.0,6850.0,36.45528684497107,-76.25954431478385,-0.45026067580268503,7840.026944025716,6772.973055974284,7306.5,7061.4,-0.0029197080291970545,0
2024-08-10,6850.0,6870.0,6790.0,6840.0,33209470550,4869839,572,6850.0,6840.0,36.136619386654054,-89.54904033709045,-18.27001660806024,7837.219317851785,6710.780682148215,7274.0,7052.8,0.0,0
2024-08-11,6870.0,6880.0,6820.0,6840.0,33932908450,4965399,383,6840.0,6840.0,36.136619386654054,-98.94053676098247,-34.404120638644685,7821.515262053749,6658.484737946251,7240.0,7050.2,0.016081871345029253,0
2024-08-12,6850.0,6850.0,6800.0,6830.0,43468098070,6380086,575,6840.0,6820.0,35.418483675870434,-106.76646089068709,-48.876588689053165,7795.824298251983,6612.175701748017,7204.0,7046.8,0.0058651026392961825,0
2024-08-13,6830.0,6830.0,6770.0,6810.0,58771587280,8665057,728,6830.0,6770.0,33.619705542909955,-115.66977511321056,-62.235225973884646,7759.597179309527,6568.402820690473,7164.0,7043.2,0.011816838995568624,0
2024-08-14,6800.0,6850.0,6780.0,6810.0,34241988430,5023783,1048,6810.0,6830.0,37.70803243168531,-116.54080733754472,-73.09634224661667,7731.907052098715,6535.092947901285,7133.5,7041.8,0.005856515373352744,0
2024-08-17,6820.0,6900.0,6800.0,6820.0,33659527510,4918882,784,6810.0,6840.0,38.38911120568412,-115.09741882569779,-81.4965575624329,7688.942174028607,6513.057825971393,7101.0,7042.0,0.016081871345029253,0
2024-08-18,6830.0,6950.0,6830.0,6890.0,75685582600,10923084,718,6820.0,6950.0,45.45400350369569,-103.87997860900123,-85.97324177174656,7633.039284337709,6512.960715662291,7073.0,7040.8,-0.007194244604316502,0
2024-08-19,7000.0,7000.0,6770.0,6870.0,50106293440,7331145,1166,6890.0,6860.0,41.28288421067348,-101.08705560607268,-88.99600453861179,7572.183584085111,6509.816415914889,7041.0,7038.4,0.00291545189504383,0
2024-08-20,6890.0,6890.0,6750.0,6860.0,24859936480,3640214,918,6870.0,6850.0,40.83450043424284,-98.54459962821056,-90.90572355653154,7504.01111098794,6513.98888901206,7009.0,7034.6,0.008759124087591275,0
2024-08-21,6900.0,6990.0,6780.0,6860.0,55824595250,8148598,1524,6860.0,6870.0,42.18694799446617,-93.83418996318233,-91.4914168378617,7429.328768791784,6528.671231208216,6979.0,7032.0,0.02328966521106257,0
2024-08-24,6910.0,6960.0,6850.0,6870.0,40483756120,5874211,778,6860.0,6950.0,47.36939571902646,-82.69259618045999,-89.73165270638137,7368.541360451149,6546.458639548851,6957.5,7032.0,0.004316546762589857,0
2024-08-26,6910.0,7000.0,6870.0,6900.0,45136904200,6495275,945,6870.0,6900.0,44.673964648753966,-77.00966548253837,-87.18725526161278,7270.056896863857,6588.943103136143,6929.5,7033.4,0.01449275362318847,0
2024-08-27,7000.0,7000.0,6880.0,6910.0,36637861960,5285727,1302,6900.0,6880.0,43.60512490279975,-73.27506547154553,-84.40481730359933,7186.884317827727,6625.115682172273,6906.0,7032.4,0.0029069767441860517,0
2024-08-28,6990.0,6990.0,6800.0,6900.0,46951503440,6817429,1551,6910.0,6910.0,45.70360584876133,-67.12089092764563,-80.94803202840859,7106.0068492115115,6667.9931507884885,6887.0,7032.0,0.00868306801736618,0
2024-08-31,6980.0,7030.0,6920.0,6960.0,66368685640,9470843,664,6900.0,7030.0,53.20451668360946,-51.96168419464448,-75.15076246165577,7039.873804514546,6713.126195485454,6876.5,7035.0,-0.02560455192034139,0
2024-09-01,7090.0,7090.0,6970.0,6980.0,38521992310,5481777,971,6960.0,6980.0,50.098921581036635,-43.48126086600132,-68.81686214252488,7007.24428690647,6733.75571309353,6870.5,7035.8,-0.025787965616045794,0
2024-09-03,7060.0,7090.0,6900.0,6980.0,36408076780,5221523,1355,6980.0,7000.0,51.322877846557105,-34.746100014602234,-62.00270971694036,7013.879287374581,6755.120712625419,6884.5,7039.0,-0.0485714285714286,0
2024-09-07,7030.0,7030.0,6840.0,6970.0,23434997520,3382987,783,6980.0,6900.0,45.33534898983451,-35.48355404823997,-56.69887858320028,7015.538753874771,6757.461246125229,6886.5,7042.2,-0.036231884057971064,0
2024-09-08,6980.0,6980.0,6770.0,6930.0,49229905950,7164190,1780,6970.0,6970.0,49.75429117378113,-30.07291485467158,-51.37368583749455,7025.3566646311765,6758.6433353688235,6892.0,7047.8,-0.05451936872309904,0
2024-09-09,6990.0,6990.0,6830.0,6910.0,59257335740,8608599,891,6930.0,6850.0,43.293284827108735,-35.063748365641004,-48.11169834312385,7025.3566646311765,6758.6433353688235,6892.0,7050.0,-0.027737226277372296,0
2024-09-10,6910.0,6910.0,6710.0,6780.0,109625845360,16178129,1990,6910.0,6800.0,40.90949903384969,-42.562962673485345,-47.00195120919615,7027.549990918039,6752.450009081961,6890.0,7050.8,-0.022058823529411797,0
2024-09-11,6840.0,6840.0,6580.0,6670.0,102953902450,15455840,2328,6780.0,6660.0,35.0843983467893,-59.121458639193406,-49.42585269519561,7050.339894890588,6711.660105109412,6881.0,7048.6,0.0030030030030030463,0
2024-09-14,6670.0,6700.0,6560.0,6650.0,54278671330,8202041,1285,6670.0,6650.0,34.7042798875799,-72.21861122042719,-53.98440440024193,7068.242177370024,6676.757822629976,6872.5,7045.0,-0.009022556390977488,0
2024-09-15,6670.0,6690.0,6570.0,6650.0,73696243820,11086767,1228,6650.0,6590.0,32.433697218155004,-86.44323377016372,-60.47617027422629,7091.208146541931,6635.791853458069,6863.5,7038.6,0.019726858877086473,0
2024-09-16,6650.0,6680.0,6590.0,6650.0,62414895670,9388542,1666,6650.0,6660.0,37.56594152119947,-91.0187274057671,-66.58468170053445,7099.172070478104,6610.827929521896,6855.0,7035.2,0.03153153153153143,0
2024-09-17,6750.0,6750.0,6620.0,6660.0,78927932890,11842932,1158,6650.0,6650.0,37.13201881985608,-94.36398620966429,-72.14054260236043,7105.5365358974905,6585.4634641025095,6845.5,7032.6,0.019548872180451093,0
2024-09-18,6680.0,6700.0,6620.0,6650.0,69254362170,10415140,868,6660.0,6680.0,39.393752305488256,-93.51638001659649,-76.41571008520765,7096.922630217902,6567.077369782098,6832.0,7029.4,0.007485029940119681,0
2024-09-22,6650.0,6720.0,6550.0,6620.0,71647839490,10845551,1604,6650.0,6590.0,35.291791076913,-98.96607453750676,-80.92578297566747,7103.1243137920155,6533.8756862079845,6818.5,7025.2,0.019726858877086473,0
2024-09-23,6660.0,6730.0,6620.0,6670.0,91800726830,13735021,1237,6620.0,6720.0,44.31190618766702,-91.73758933836325,-83.08814424820663,7099.374320358618,6524.625679641382,6812.0,7023.2,-0.0014880952380952328,0
2024-09-24,6700.0,6870.0,6700.0,6780.0,85763415960,12555203,834,6670.0,6870.0,52.533765988966245,-73.06299165426663,-81.08311372941864,7099.374320358618,6524.625679641382,6812.0,7016.8,-0.027656477438136817,0
2024-09-25,6980.0,6980.0,6720.0,6790.0,131247898580,19328177,1379,6780.0,6780.0,47.95856835910156,-64.77875709659202,-77.82224240285332,7084.019161558672,6522.980838441328,6803.5,7002.6,-0.014749262536873142,0
2024-09-28,6730.0,6730.0,6730.0,6780.0,16015199290,2379673,227,6790.0,6730.0,45.58342173904647,-61.538644470532745,-74.5655228163892,7073.603661141743,6516.396338858257,6795.0,6986.8,-0.017830609212481474,0
2024-09-29,6720.0,6720.0,6720.0,6770.0,16974202560,2525923,202,6780.0,6720.0,45.102319070297774,-59.09652039632056,-71.47172233237548,7064.568009686969,6509.431990313031,6787.0,6970.4,-0.02083333333333337,0
2024-09-30,6710.0,6770.0,6710.0,6740.0,70712727410,10529070,641,6770.0,6710.0,44.59543812928747,-57.307431501752035,-68.63886416625078,7050.503199252932,6503.496800747068,6777.0,6953.2,-0.01788375558867361,0
2024-10-01,6710.0,6710.0,6680.0,6710.0,64559856090,9661887,463,6740.0,6680.0,43.03295895949368,-57.645809929063944,-66.44025331881342,7009.817798012036,6509.182201987964,6759.5,6938.0,-0.005988023952095856,0
2024-10-02,6650.0,6720.0,6650.0,6670.0,86879313560,13063633,583,6710.0,6680.0,43.03295895949368,-57.25398892563044,-64.60300044017683,6975.3657618652,6513.6342381348,6744.5,6921.8,0.0,0
2024-10-05,6610.0,6610.0,6610.0,6640.0,61558870510,9312991,406,6670.0,6610.0,39.30620228347383,-61.87858513176434,-64.05811737849433,6930.766858365494,6519.233141634506,6725.0,6903.8,0.00605143721633894,0
2024-10-06,6580.0,6580.0,6580.0,6630.0,14683283160,2231502,168,6640.0,6580.0,37.7955035580779,-67.18983759945695,-64.68446142268685,6907.484256306667,6510.515743693333,6709.0,6885.4,0.03191489361702127,0
2024-10-07,6570.0,6650.0,6570.0,6580.0,122695468450,18654416,1042,6630.0,6590.0,38.64205049814142,-69.78765833511807,-65.7051008051731,6854.802912600527,6525.197087399473,6690.0,6867.4,-0.01062215477996964,0
2024-10-08,6600.0,6640.0,6590.0,6620.0,81146533940,12227940,544,6580.0,6640.0,42.831354312979144,-67.03908303302887,-65.97189725074426,6828.1573240766165,6530.8426759233835,6679.5,6850.8,-0.012048192771084376,0
2024-10-09,6680.0,6680.0,6640.0,6640.0,55745401560,8354176,569,6620.0,6680.0,46.00735296593863,-60.930779499677556,-64.96367370053092,6811.525359994539,6535.474640005461,6673.5,6836.8,-0.017964071856287456,0
2024-10-12,6750.0,6830.0,6630.0,6700.0,100614271350,14992402,941,6640.0,6650.0,44.03159923062907,-57.84386613879178,-63.539712188183096,6811.289551310365,6534.710448689635,6673.0,6820.6,-0.03308270676691727,0
2024-10-13,6750.0,6840.0,6530.0,6650.0,117422180040,17652128,2499,6700.0,6790.0,53.966640959418456,-43.59806374905202,-59.55138250035688,6826.833238749337,6533.166761250663,6680.0,6809.4,-0.10014727540500734,0
2024-10-14,6660.0,6790.0,6500.0,6610.0,52661988620,8022112,802,6650.0,6520.0,39.42975732620227,-53.47844006764353,-58.33679401381421,6834.6486642422915,6518.3513357577085,6676.5,6794.0,-0.05521472392638038,0
2024-10-15,6590.0,6700.0,6430.0,6560.0,51033311930,7850144,1957,6610.0,6560.0,41.92556893928156,-57.41915154155231,-58.15326551936184,6837.545174580963,6505.454825419037,6671.5,6780.4,-0.038109756097560954,0
2024-10-16,6600.0,6620.0,6520.0,6560.0,37279317730,5678740,697,6560.0,6560.0,41.92556893928156,-59.85225424570854,-58.49306326463118,6839.869893277066,6494.130106722934,6667.0,6769.6,-0.057926829268292734,0
2024-10-19,6600.0,6600.0,6380.0,6480.0,71549917960,11120655,1552,6560.0,6430.0,36.28938875859431,-71.44682469203326,-61.083815550111595,6855.644226866267,6453.355773133733,6654.5,6763.8,-0.05754276827371696,0
2024-10-28,6110.0,6110.0,6110.0,6050.0,77136776470,12624677,254,5940.0,6110.0,26.754849272147894,-105.24374655519932,-69.91580175112915,6941.33596960718,6319.66403039282,6630.5,6748.8,0.013093289689034338,0
2024-10-29,6230.0,6230.0,6100.0,6220.0,356711553480,57326978,1650,6050.0,6160.0,29.85594824009374,-126.53485346730758,-81.23961209436484,6971.491869831362,6233.508130168638,6602.5,6734.8,-0.011363636363636354,0
2024-10-30,6180.0,6340.0,6150.0,6260.0,134456554840,21469614,981,6220.0,6310.0,38.29618627219624,-129.80811553842068,-90.95331278317602,6943.036294008682,6205.963705991318,6574.5,6724.0,-0.02852614896988903,0
2024-11-02,6290.0,6300.0,6170.0,6240.0,62430150260,10020815,848,6260.0,6180.0,34.42956081706376,-141.2637127105063,-101.01539276864207,6938.072102672005,6150.927897327995,6544.5,6710.8,0.012944983818770295,0
2024-11-03,6200.0,6200.0,6060.0,6160.0,57786393160,9514082,855,6240.0,6060.0,31.289107570167346,-158.20170237284674,-112.45265468948301,6947.435562255958,6074.564437744042,6511.0,6695.2,0.05940594059405946,1
2024-11-04,6120.0,6220.0,6000.0,6120.0,50058631910,8244816,1112,6160.0,6190.0,37.89778740727815,-159.2989683205742,-121.82191741570126,6931.1978844831065,6037.8021155168935,6484.5,6682.6,0.04038772213247177,0
2024-11-05,6210.0,6210.0,6080.0,6120.0,29687753600,4858377,479,6120.0,6090.0,35.1010567331718,-166.32048473750547,-130.72163088006212,6918.957839123687,5988.042160876313,6453.5,6669.0,0.05747126436781613,1
2024-11-06,6120.0,6210.0,5940.0,6080.0,80007378370,13183450,1270,6120.0,6130.0,37.100587335739405,-166.73539948310736,-137.92438460067117,6899.598986487198,5952.401013512802,6426.0,6655.0,0.07993474714518767,1
2024-11-09,6200.0,6260.0,6110.0,6240.0,121180377180,19397568,771,6080.0,6260.0,43.22310583739495,-154.7899862554941,-141.29750493163576,6868.831866091268,5941.168133908732,6405.0,6643.4,0.07028753993610226,1
2024-11-10,6340.0,6420.0,6340.0,6330.0,66697843540,10390137,372,6240.0,6420.0,49.71118621299904,-130.90352305715987,-139.21870855674058,6849.833577893723,5941.166422106277,6395.5,6632.8,0.07476635514018692,1
2024-11-11,6510.0,6510.0,6310.0,6460.0,117532549300,18156762,925,6330.0,6440.0,50.473056113540636,-109.10183795240027,-133.19533443587252,6835.502237132783,5941.497762867217,6388.5,6624.4,0.10248447204968936,1
2024-11-12,6460.0,6570.0,6390.0,6450.0,114241009750,17716892,986,6460.0,6440.0,50.473056113540636,-90.77741984522527,-124.71175151774308,6819.173481627672,5942.826518372328,6381.0,6616.2,0.13354037267080754,1
2024-11-13,6440.0,6620.0,6390.0,6510.0,142817020300,21921598,1074,6450.0,6620.0,57.235513779658405,-61.02720714193674,-111.97484264258182,6815.889894356035,5944.110105643965,6380.0,6611.2,0.1283987915407856,1
2024-11-16,6650.0,6700.0,6600.0,6700.0,138045619190,20613542,635,6510.0,6700.0,59.85885594915226,-30.641402805834332,-95.70815467523232,6819.720867980674,5942.279132019326,6381.0,6606.2,0.13283582089552248,1
2024-11-17,6900.0,6900.0,6870.0,6900.0,378602500670,54872462,2123,6700.0,6900.0,65.54871827129342,9.468744782916474,-74.67277478360256,6874.385641292929,5912.614358707071,6393.5,6606.2,0.12608695652173907,1
2024-11-18,7050.0,7100.0,6980.0,7090.0,438068627830,61751930,1631,6900.0,7100.0,70.11123678466811,56.7405841213058,-48.39010300262089,6955.512579911668,5862.487420088332,6409.0,6610.6,0.12676056338028174,1
2024-11-19,7300.0,7300.0,7210.0,7290.0,401896831120,55101889,2294,7090.0,7300.0,73.84193074652094,109.08472509444528,-16.895137383207654,7118.002985069242,5777.997014930758,6448.0,6618.4,0.11095890410958908,1
2024-11-20,7450.0,7490.0,7200.0,7370.0,219519181700,29801818,2311,7290.0,7470.0,76.52421839343823,162.41321474468987,18.96653304237185,7297.869939767567,5689.130060232433,6493.5,6627.2,0.10307898259705484,1
2024-11-23,7550.0,7590.0,7350.0,7550.0,250312089660,33143815,2028,7370.0,7590.0,78.22182898479677,211.91658168155027,57.55654277020754,7480.938032137632,5609.061967862368,6545.0,6639.4,0.050065876152832756,1
2024-11-24,7770.0,7770.0,7620.0,7770.0,271759773220,34984591,1329,7550.0,7770.0,80.49972875249831,262.64524145622454,98.57428250741094,7686.94371945774,5537.05628054226,6612.0,6654.8,0.0,0
2024-11-25,8000.0,8000.0,8000.0,8000.0,376190248000,47023781,1345,7770.0,8000.0,82.9532746412872,317.7443881006984,142.40830362606843,7912.60571676019,5500.39428323981,6706.5,6676.8,0.0,0
2024-11-26,8240.0,8240.0,8010.0,8200.0,812825038540,99128417,4529,8000.0,8110.0,83.99074161216741,366.0671452939396,187.14007195964268,8127.214268363813,5480.785731636187,6804.0,6699.6,-0.01726263871763256,0
2024-11-27,8380.0,8380.0,8070.0,8210.0,302715139090,36878853,3073,8200.0,8240.0,85.14164629739045,410.1255203565197,231.7371616390181,8341.769926142064,5459.230073857936,6900.5,6727.4,-0.04126213592233008,0
2024-11-30,8250.0,8270.0,7970.0,8010.0,600452693060,74928554,3664,8210.0,7970.0,73.34768612235027,418.43193363510363,269.0761160382352,8463.14629280378,5516.85370719622,6990.0,6750.8,-0.017565872020075313,0
2024-12-01,7810.0,7950.0,7770.0,7770.0,682230279580,87755037,2808,8010.0,7770.0,66.04915000670752,404.21693624783984,296.1042800801562,8521.051451869318,5629.948548130682,7075.5,6773.0,0.01029601029601035,0
2024-12-02,7780.0,8000.0,7780.0,8000.0,522006834700,65289094,2345,7770.0,8000.0,69.77402869329468,406.8209475683834,318.24761357780164,8605.08860046957,5726.911399530431,7166.0,6800.0,-0.010000000000000009,0
2024-12-03,8240.0,8240.0,7810.0,8020.0,409870787130,51128753,3654,8000.0,7970.0,68.71503984684087,401.8318288301389,334.9644566282691,8650.453163541093,5869.546836458907,7260.0,6827.6,-0.01129234629861986,0
2024-12-04,7990.0,8040.0,7860.0,7950.0,271417142240,34121354,3223,8020.0,7900.0,66.19065405168523,387.7596494331656,345.52349518924837,8663.251307282639,6033.748692717361,7348.5,6852.4,0.03924050632911391,0
2024-12-07,7900.0,7970.0,7720.0,7780.0,512414220400,65857676,4606,7950.0,7830.0,63.67161737779823,366.73147868701017,349.7650918888007,8657.172345649738,6196.827654350261,7427.0,6876.0,0.0676883780332056,1
2024-12-08,7700.0,7920.0,7560.0,7690.0,128879603570,16748784,1663,7780.0,7850.0,64.09209656630094,347.67258162165217,349.346589835371,8649.956034767007,6347.043965232993,7498.5,6899.4,0.08917197452229297,1
2024-12-09,7890.0,7920.0,7800.0,7920.0,448502025840,56636264,1591,7690.0,7920.0,65.59314977437278,334.3623621929901,346.3497443068948,8628.622625456597,6516.377374543403,7572.5,6926.0,0.11111111111111116,1
2024-12-10,8120.0,8140.0,7830.0,7990.0,266917472170,33400401,1978,7920.0,7880.0,63.948095289380355,316.9328471170538,340.46636486892663,8570.274810632322,6718.725189367678,7644.5,6949.2,0.09517766497461921,1
2024-12-11,7990.0,8220.0,7980.0,8120.0,802130292220,98840062,4319,7990.0,8210.0,70.51748419045538,325.9902601246022,337.5711439200618,8552.140084769047,6895.859915230952,7724.0,6976.0,0.11449451887941531,1
2024-12-14,8360.0,8360.0,8360.0,8310.0,98115384400,11736290,510,8120.0,8360.0,72.93192279782798,341.3373471233981,338.3243845607291,8534.629026359766,7079.370973640235,7807.0,7007.6,0.11961722488038284,1
2024-12-15,8550.0,8550.0,8550.0,8550.0,179438952600,20987012,594,8310.0,8550.0,75.6518913520265,364.6282289928431,343.58515344715187,8558.901971913165,7220.098028086835,7889.5,7044.0,0.1274853801169591,1
2024-12-16,8800.0,8800.0,8800.0,8800.0,1242099601600,141147682,2719,8550.0,8800.0,78.68668136050766,398.6637834034573,354.60087943841296,8652.982866402097,7296.017133597903,7974.5,7085.6,0.1272727272727272,1
2024-12-17,8850.0,9060.0,8540.0,8890.0,1658228393370,186507371,7078,8800.0,8630.0,72.10520082291151,407.22538548125067,365.1257806469805,8702.51039296536,7379.48960703464,8041.0,7124.0,0.18076477404403235,1
2024-12-18,8720.0,9150.0,8690.0,9090.0,1548725051550,170320141,5129,8890.0,9150.0,78.13073620577414,450.7739297247508,382.2554104625346,8893.205701619792,7356.794298380208,8125.0,7173.4,0.14644808743169402,1
2024-12-21,9360.0,9360.0,9360.0,9360.0,432365019840,46192844,1015,9090.0,9360.0,80.00880616703759,496.50827145712356,405.1059826614524,9111.615248729877,7315.384751270122,8213.5,7227.0,0.09508547008547019,1
2024-12-22,9640.0,9640.0,9640.0,9640.0,632160621920,65576828,1519,9360.0,9640.0,82.2033276111178,549.0179890940872,433.8883839479794,9374.372474818936,7239.627525181064,8307.0,7287.6,0.047717842323651505,0
2024-12-23,9610.0,9920.0,9610.0,9900.0,719729977400,72680176,1967,9640.0,9920.0,84.08480013003016,606.2376483356493,468.3582368255134,9669.46121140802,7136.53878859198,8403.0,7354.4,-0.009072580645161255,0
2024-12-24,10190.0,10190.0,10190.0,10190.0,709214054560,69599024,1142,9900.0,10190.0,85.65922555651758,665.697636079487,507.8261166763082,9984.21494712213,7029.785052877871,8507.0,7426.4,-0.006869479882237517,0
2024-12-25,10490.0,10490.0,10460.0,10490.0,3368258831320,321093396,5898,10190.0,10490.0,87.17710805770511,728.6284226471143,551.9865778704694,10323.536091167378,6915.463908832621,8619.5,7503.4,-0.007626310772163913,0
2024-12-28,10800.0,10800.0,10180.0,10410.0,2557668638850,245667381,8782,10490.0,10250.0,79.89188447389927,750.4844130046895,591.6861448973135,10549.840001211493,6917.159998788508,8733.5,7574.8,0.04585365853658541,0
2024-12-29,10100.0,10240.0,10100.0,10100.0,664773090770,65813513,2304,10410.0,10100.0,75.63744844845948,747.0897112847888,622.7668581748086,10702.72771879759,6997.272281202409,8850.0,7643.8,0.09306930693069315,1
2024-12-30,9900.0,10170.0,9800.0,9830.0,1255073947820,127658542,4925,10100.0,9830.0,68.56013863181172,714.3777402930173,641.0890345984503,10798.026595554424,7084.973404445577,8941.5,7704.6,0.1566632756866735,1
2024-12-31,9750.0,10120.0,9750.0,10110.0,765221916040,75707567,2673,9830.0,10120.0,71.63057938194714,703.7415494556681,653.619537569894,10917.013918577926,7180.986081422073,9049.0,7776.6,0.15118577075098805,1
2025-01-01,10410.0,10410.0,10410.0,10410.0,368310286710,35380431,1567,10110.0,10410.0,74.33033797925422,710.5224079226373,665.0001116404426,11054.100755479956,7294.899244520044,9174.5,7853.6,0.11719500480307388,1
2025-01-04,10720.0,10720.0,10720.0,10720.0,936822440160,87390153,1298,10410.0,10720.0,76.86485426072619,732.4672695942209,678.4935432311984,11207.267989455091,7430.732010544908,9319.0,7936.8,0.06436567164179108,1
2025-01-05,11040.0,11040.0,10900.0,11040.0,1910653624440,173139043,4959,10720.0,11040.0,79.15303696722458,766.8403974611992,696.1629140771986,11382.330612213367,7574.669387786633,9478.5,8029.0,0.004528985507246341,0
2025-01-06,11170.0,11370.0,10810.0,11320.0,2056917433670,181745029,6474,11040.0,11370.0,81.21627282057973,811.3567751636892,719.2016862944968,11583.696561801844,7718.303438198156,9651.0,8134.2,-0.0237467018469657,0
2025-01-07,11580.0,11650.0,11510.0,11640.0,1400031180060,120253059,4132,11320.0,11650.0,82.77409177485791,859.3242303418356,747.2261951039645,11779.88630174525,7899.1136982547505,9839.5,8244.0,-0.06523605150214595,0
2025-01-08,11900.0,11980.0,11420.0,11760.0,1161126457040,98713100,6787,11640.0,11630.0,82.2493755792056,885.5172595515887,774.8844079934894,11949.122964890428,8071.877035109572,10010.5,8350.4,-0.08168529664660362,0
2025-01-11,11670.0,11750.0,11410.0,11430.0,715878857750,62635782,3607,11760.0,11410.0,76.50433060341933,878.3976413022338,795.5870546552384,12037.066167455276,8288.933832544724,10163.0,8455.0,-0.07011393514460995,0
2025-01-12,11090.0,11240.0,11090.0,11090.0,2403948413850,216688167,6320,11430.0,11090.0,68.95922729214546,837.2822977586948,803.9261032759297,12050.43176522138,8529.56823477862,10290.0,8555.6,-0.06402164111812447,0
2025-01-13,11030.0,11240.0,10890.0,11100.0,526961978420,47486919,4614,11090.0,11100.0,69.06191237112448,796.32546395383,802.4059754115099,12058.305779340419,8751.694220659581,10405.0,8653.8,-0.033333333333333326,0
2025-01-15,11290.0,11290.0,10880.0,11010.0,405369130020,36814936,4289,11100.0,10890.0,64.25479899440502,738.4097056855862,789.6067214663252,11966.883708238998,9069.116291761002,10518.0,8749.8,-0.009182736455463747,0
2025-01-18,10950.0,11090.0,10680.0,10750.0,681660072170,63429716,3579,11010.0,10680.0,59.77412183949076,667.8670494277249,765.2587870586052,11900.952831142544,9288.047168857456,10594.5,8840.8,0.04026217228464413,0
2025-01-19,10710.0,10780.0,10600.0,10700.0,396955825870,37099509,3747,10750.0,10610.0,58.314376331545006,599.403520457292,732.0877337383425,11834.47356658243,9479.52643341757,10657.0,8927.8,0.03487276154571162,0
2025-01-20,10710.0,10950.0,10380.0,10420.0,817400465780,78414036,4254,10700.0,10380.0,53.67607289762698,520.5856157601429,689.7873101427027,11784.62184096979,9603.37815903021,10694.0,9007.0,0.09730250481695579,1
2025-01-21,10440.0,10730.0,10260.0,10480.0,432557157540,41293666,3400,10420.0,10730.0,59.01803922535912,480.8213244360504,647.9941130013724,11765.683300873477,9703.316699126523,10734.5,9092.8,0.09692451071761421,1
2025-01-22,10790.0,10790.0,10790.0,10790.0,223647836750,20727325,663,10480.0,10790.0,59.8723336458081,448.9738446301544,608.1900593271288,11765.02935988921,9763.97064011079,10764.5,9179.8,0.07506950880444863,1
2025-01-25,11110.0,11110.0,11010.0,11110.0,981453739650,88340004,2992,10790.0,11110.0,64.16304543876205,444.4326699146495,575.438581444633,11798.504985032629,9792.495014967371,10795.5,9269.6,0.027902790279027867,0
2025-01-26,11250.0,11330.0,10960.0,11140.0,468205840180,42033588,3530,11110.0,10980.0,61.29561491681007,425.43963935504325,545.4387930267151,11805.644699056227,9858.355300943773,10832.0,9355.2,0.03916211293260474,0
2025-01-27,11070.0,11470.0,10870.0,11430.0,1053792121110,92224997,4827,11140.0,11390.0,66.39621547006848,438.4172975849233,524.0344939383567,11838.015268065405,9954.984731934595,10896.5,9445.0,-0.014925373134328401,0
2025-01-29,11760.0,11770.0,11530.0,11730.0,958897115020,81737402,5785,11430.0,11770.0,70.3025125774417,473.9021603281617,514.0080272163177,11873.233482368518,10113.766517631482,10993.5,9538.4,-0.03398470688190314,0
2025-02-01,11900.0,11900.0,11380.0,11420.0,1627105007890,142462923,6562,11730.0,11600.0,66.57403147821313,482.7418429865047,507.7547903703552,11887.862724653074,10247.137275346926,11067.5,9624.4,-0.06206896551724139,0
2025-02-02,11720.0,11720.0,11190.0,11370.0,914875810400,80470959,6572,11420.0,11420.0,62.777612290411035,469.80721437994725,500.16527517227365,11893.360561287585,10342.639438712415,11118.0,9703.4,-0.06479859894921192,0
2025-02-03,11460.0,11490.0,11230.0,11330.0,408174072590,36013909,2934,11370.0,11410.0,62.56415692404664,453.52159693173417,490.8365395241658,11915.254875435214,10389.745124564786,11152.5,9779.8,-0.08588957055214719,0
2025-02-04,11430.0,11430.0,11220.0,11290.0,307553546780,27237013,3275,11330.0,11220.0,58.49451925576846,420.43717759844003,476.7566671390207,11922.979481010609,10400.020518989391,11161.5,9848.8,-0.0846702317290553,0
2025-02-05,11230.0,11500.0,10960.0,11150.0,715657708890,64164344,6695,11290.0,11370.0,60.669625954856855,401.69084133904107,461.7435019790248,11922.979481010609,10400.020518989391,11161.5,9916.2,-0.11169744942832016,0
2025-02-09,10880.0,11200.0,10820.0,11010.0,639489512300,58063313,6495,11150.0,10880.0,51.22570091385766,343.3375483570162,438.0623112546231,11859.236375086288,10386.763624913712,11123.0,9971.6,-0.06709558823529416,0
2025-02-11,11000.0,11070.0,10680.0,10750.0,745285712630,69325899,5854,11010.0,10680.0,47.945166174423115,277.75206185136085,406.0002613739707,11797.205618656397,10353.794381343603,11075.5,10020.4,-0.04588014981273403,0
2025-02-15,10590.0,10750.0,10430.0,10440.0,735008973290,70385293,3267,10750.0,10430.0,44.13991829254312,203.25913582155772,365.45203626348814,11782.946296838201,10270.053703161799,11026.5,10069.6,-0.04122722914669219,0
2025-02-16,10180.0,10290.0,10130.0,10150.0,615825756320,60700383,3690,10440.0,10270.0,41.85060853497304,129.8158560452557,318.3248002198417,11809.598901831716,10161.401098168284,10985.5,10119.6,-0.02142161635832518,0
2025-02-17,10200.0,10410.0,10080.0,10180.0,220819926720,21699457,2435,10150.0,10100.0,39.50610511050007,57.234188345357325,266.1066778449448,11842.88029513554,10028.11970486446,10935.5,10161.6,0.022772277227722793,0
2025-02-18,10180.0,10280.0,10110.0,10170.0,135165051860,13290409,2697,10180.0,10150.0,40.56080232502216,3.7045719041780103,213.62625665679144,11868.47474193933,9928.52525806067,10898.5,10205.2,0.026600985221674867,0
2025-02-19,10270.0,10270.0,10010.0,10140.0,250381640990,24698066,3511,10170.0,10190.0,41.44040987881992,-35.08592042898272,163.88382123963663,11888.542261318018,9859.457738681982,10874.0,10251.0,0.03140333660451433,0
2025-02-22,10200.0,10200.0,9970.0,10060.0,311958796470,30994855,3371,10140.0,10000.0,38.52414284045612,-80.23418740876696,115.06021950995591,11922.578773769685,9764.421226230315,10843.5,10294.4,0.04600000000000004,0
2025-02-23,10010.0,10150.0,9990.0,10030.0,274962853150,27420580,2689,10060.0,10050.0,39.72622113158313,-110.70380755066435,69.90741409783186,11943.370906106162,9710.629093893838,10827.0,10338.4,0.052736318407960114,1
2025-02-24,10140.0,10330.0,10060.0,10330.0,1090102115980,105570660,2938,10030.0,10330.0,46.08417178101388,-110.97825287493288,33.73028070327892,11943.75151198505,9670.24848801495,10807.0,10386.6,-0.011616650532429773,0
2025-02-25,10580.0,10630.0,10270.0,10560.0,847261455670,80270260,4624,10330.0,10420.0,47.98349577908052,-102.74907752642684,6.434409057337771,11937.730612192481,9639.269387807519,10788.5,10437.4,-0.03358925143953939,0
2025-02-26,10500.0,10570.0,10260.0,10460.0,505741295410,48340917,3554,10560.0,10510.0,49.884738055242686,-87.95130108498961,-12.442732971127706,11903.91302594318,9613.08697405682,10758.5,10483.4,-0.05137963843958138,0
2025-03-01,10540.0,10770.0,10370.0,10570.0,346597782680,32785749,2741,10460.0,10460.0,48.8172048603241,-79.34391155298181,-25.822968687498527,11880.226012600708,9584.773987399292,10732.5,10525.4,-0.06405353728489482,0
2025-03-02,10520.0,10630.0,10390.0,10520.0,327477125090,31137569,3079,10570.0,10580.0,51.499788372090634,-62.12337660279627,-33.083050270558076,11800.55942556109,9583.44057443891,10692.0,10566.0,-0.07088846880907373,0
2025-03-03,10210.0,10240.0,10210.0,10210.0,535831069690,52480540,2607,10520.0,10210.0,43.865665653365504,-77.4392152987748,-41.95428327620142,11623.265079154311,9604.734920845689,10614.0,10594.2,-0.055827619980411414,0
2025-03-04,10160.0,10350.0,10000.0,10090.0,400955843170,39729426,3538,10210.0,10070.0,41.36694266729647,-99.72439700874202,-53.50830602270955,11464.837586858412,9610.162413141588,10537.5,10623.0,-0.07547169811320753,0
2025-03-05,10080.0,10270.0,9890.0,9990.0,250331392780,25048242,2672,10090.0,9970.0,39.63042668869518,-124.02504482129552,-67.61165378242674,11329.627087246523,9600.372912753477,10465.0,10639.4,-0.034102306920762326,0
2025-03-08,9980.0,10000.0,9720.0,9850.0,259025984430,26295915,2838,9990.0,9790.0,36.64823464431778,-156.00959744000647,-85.29124251394269,11180.150739496254,9587.849260503746,10384.0,10648.0,-0.24412665985699689,0
2025-03-09,9820.0,9870.0,9560.0,9690.0,422189234910,43560467,3425,9850.0,9830.0,37.76892676747402,-176.09994952087618,-103.4529839153294,11046.715132321408,9582.284867678592,10314.5,10651.8,-0.24618514750762965,0
2025-03-10,9840.0,9840.0,9420.0,9570.0,216716113070,22650240,1774,9690.0,9640.0,34.63478665459128,-204.99011198285734,-123.760409528835,10839.869267082833,9616.130732917167,10228.0,10646.2,-0.22199170124481327,0
2025-03-11,9570.0,9640.0,9290.0,9360.0,251806855880,26903035,2915,9570.0,9310.0,29.981292827545616,-251.61357132505873,-149.33104188807974,10807.724125963572,9491.275874036428,10149.5,10628.6,-0.19441460794844256,0
2025-03-12,9340.0,9640.0,9300.0,9580.0,611079503960,63798423,3946,9360.0,9630.0,38.59675657108878,-259.747466008268,-171.4143267121174,10745.015431915417,9448.984568084583,10097.0,10611.4,-0.23156801661474558,0
2025-03-26,7400.0,7400.0,7400.0,7400.0,386869343400,52279641,1857,7190.0,7400.0,20.066625636016468,-441.0518283269248,-225.3418270350789,11272.413335527446,8618.586664472554,9945.5,10554.4,0.014864864864864824,0
2025-03-29,7490.0,7500.0,7200.0,7390.0,112524039960,15222063,2385,7400.0,7410.0,20.251522649919806,-577.2754531825485,-295.72855226457284,11518.190822963339,8086.809177036661,9802.5,10500.6,0.03373819163292846,0
2025-03-30,7480.0,7580.0,7370.0,7470.0,149336487270,19991493,1919,7390.0,7500.0,22.00025020258984,-670.2452395716246,-370.6318897259832,11652.044139442378,7692.955860557623,9672.5,10454.0,0.04266666666666663,0
2025-04-05,7250.0,7510.0,7250.0,7360.0,269469685820,36615742,2590,7470.0,7500.0,22.000250202589825,-735.4466934141001,-443.59485046360663,11718.696858216099,7361.3031417839,9540.0,10401.6,0.07200000000000006,1
2025-04-06,7410.0,7500.0,7360.0,7420.0,116162355960,15662837,1065,7360.0,7400.0,21.395671923296646,-786.1265026249966,-512.1011808958847,11745.771626059708,7055.228373940292,9400.5,10341.4,0.15810810810810816,1
2025-04-07,7490.0,7550.0,7370.0,7440.0,113354389110,15229489,1131,7420.0,7510.0,23.87387014065021,-808.0992704953569,-571.3007988157792,11742.012165420274,6809.987834579726,9276.0,10277.2,0.11185086551264978,1
2025-04-08,7660.0,7660.0,7660.0,7660.0,229662886000,29982100,527,7440.0,7660.0,27.242480072788908,-804.1394815562326,-617.8685353638699,11691.56824365752,6621.431756342479,9156.5,10209.6,0.10966057441253274,1
2025-04-09,7880.0,7880.0,7660.0,7850.0,405201242100,51629903,2203,7660.0,7820.0,30.761934188438147,-779.1095673554246,-650.1167417621809,11569.77844641884,6492.221553581159,9031.0,10138.6,0.1265984654731458,1
2025-04-12,8050.0,8080.0,7850.0,8020.0,174294097000,21730835,1588,7850.0,8040.0,35.38985100967268,-733.0706366584318,-666.7075207414312,11401.840155512178,6422.159844487822,8912.0,10066.4,0.12810945273631846,1
2025-04-14,8330.0,8570.0,8330.0,8530.0,717463436010,84096611,3569,8020.0,8570.0,44.93821143324672,-646.3669657515748,-662.63940974346,11197.087319978202,6432.912680021798,8815.0,10005.2,0.06651108518086346,1
2025-04-15,8780.0,8780.0,8290.0,8520.0,408738259710,47992587,3515,8530.0,8350.0,42.15342181955157,-588.6205914997463,-647.8356460947173,10974.860677684896,6444.139322315104,8709.5,9944.0,0.09940119760479038,1
2025-04-16,8450.0,8680.0,8340.0,8560.0,236340456030,27622284,2216,8520.0,8500.0,44.67099846907768,-524.7039667554382,-623.2093102268615,10702.550070933215,6508.4499290667845,8605.5,9892.2,0.08352941176470585,1
2025-04-19,8800.0,8810.0,8700.0,8810.0,538621425420,61172194,2756,8560.0,8810.0,49.55707646299915,-443.91796199274177,-587.3510405800375,10503.112512666308,6567.887487333691,8535.5,9846.4,0.049943246311010325,0
2025-04-20,9070.0,9070.0,9070.0,9070.0,284861036500,31406950,736,8810.0,9070.0,53.283356832135745,-354.8244487229058,-540.8457222086112,10342.298050408563,6628.701949591437,8485.5,9810.0,-0.012127894156560126,0
2025-04-21,9340.0,9340.0,8920.0,9310.0,1383408127320,148597107,4489,9070.0,9140.0,54.262965583761556,-275.39420956593676,-487.75541968007633,10200.626311997248,6687.373688002752,8444.0,9779.2,-0.040481400437636816,0
2025-04-22,9310.0,9340.0,9040.0,9150.0,549136632630,59983712,3589,9310.0,9180.0,54.84564185907596,-206.8332619692701,-431.57098813791515,10095.169111329891,6731.83088867011,8413.5,9750.6,-0.04684095860566451,0
2025-04-23,9180.0,9310.0,8910.0,9110.0,397229128570,43591092,3029,9150.0,9210.0,55.30553719201985,-148.36718323149034,-374.9302271566302,9979.295227949118,6785.704772050883,8382.5,9727.2,-0.03365906623235615,0
2025-04-26,9360.0,9360.0,8870.0,9140.0,454813371690,49784189,3336,9110.0,9250.0,55.94975258995857,-97.67874908386693,-319.47993154207757,9906.529721126575,6819.470278873426,8363.0,9697.6,-0.06702702702702701,0
2025-04-27,8870.0,9010.0,8870.0,8910.0,342767482080,38461066,2706,9140.0,8960.0,50.290184395946966,-79.98634342309379,-271.5812139182808,9853.206536432433,6837.7934635675665,8345.5,9661.0,-0.0535714285714286,0
2025-04-28,9010.0,9130.0,8760.0,8830.0,181577358040,20562548,2214,8910.0,8770.0,46.94000153348665,-80.36994191196754,-233.33895951701817,9706.720424292816,6898.2795757071835,8302.5,9614.2,-0.06499429874572404,0
2025-04-29,8820.0,8830.0,8620.0,8750.0,191922309610,21936784,2074,8830.0,8750.0,46.58818024901789,-81.35002686009466,-202.9411729856335,9723.055800771379,7016.944199228621,8370.0,9569.6,-0.040000000000000036,0
2025-04-30,8870.0,9010.0,8710.0,8890.0,290025228020,32632944,2639,8750.0,8900.0,49.637031773371575,-69.2250218837271,-176.1979427652522,9740.809762364326,7148.190237635675,8444.5,9519.8,-0.04269662921348316,0
2025-05-03,8630.0,8750.0,8630.0,8630.0,478828281340,55484137,1646,8890.0,8630.0,44.69182783894128,-80.47494651040324,-157.05334351428243,9724.158207265535,7277.841792734465,8501.0,9457.0,-0.037079953650057895,0
2025-05-04,8380.0,8540.0,8380.0,8390.0,630201650100,75121082,3941,8630.0,8480.0,42.17777584410235,-100.33770857962008,-145.71021652734996,9684.107578671892,7415.892421328109,8550.0,9394.6,-0.01650943396226412,0
2025-05-05,8500.0,8500.0,8140.0,8210.0,357582453970,43530085,3276,8390.0,8200.0,37.89274758095947,-137.0924343195511,-143.9866600857902,9609.705839936698,7570.294160063302,8590.0,9330.2,0.040243902439024426,0
2025-05-06,8290.0,8450.0,8060.0,8280.0,319275387470,38573622,2398,8210.0,8400.0,42.394586606568545,-148.37214896685146,-144.86375786200244,9532.174217074877,7736.825782925123,8634.5,9270.0,0.0452380952380953,0
2025-05-07,8450.0,8520.0,8450.0,8520.0,313477082880,36798474,1899,8280.0,8520.0,44.971904908320596,-145.9460319644022,-145.0802126824824,9459.238447308931,7895.761552691069,8677.5,9216.0,0.05868544600938974,1
2025-05-10,8630.0,8630.0,8280.0,8350.0,264872612680,31715206,2137,8520.0,8310.0,41.47477674183059,-159.1341621537722,-147.89100257674036,9401.045062925827,8002.954937074174,8702.0,9154.8,0.11672683513838744,1
2025-05-11,8300.0,8470.0,8170.0,8290.0,139200082490,16781952,1531,8350.0,8340.0,42.16666371741346,-165.26008566790915,-151.36481919497413,9369.934912530312,8064.065087469688,8717.0,9104.0,0.10191846522781778,1
2025-05-12,8530.0,8530.0,8530.0,8530.0,129363395410,15165697,838,8290.0,8530.0,46.481947922225274,-153.01959741638893,-151.6957748392571,9369.965647954888,8060.0343520451115,8715.0,9061.0,0.049237983587338885,0
2025-05-13,8770.0,8780.0,8610.0,8760.0,430117550970,49119447,2436,8530.0,8780.0,51.59939157268263,-121.74263827441064,-145.70514752628782,9370.006906040464,8102.993093959537,8736.5,9028.0,-0.003416856492027387,0
2025-05-14,8940.0,9020.0,8850.0,9010.0,667823785740,74112949,2292,8760.0,9020.0,55.953690257516406,-76.7052185674529,-131.90516173452085,9397.728305415425,8127.271694584575,8762.5,9003.0,-0.03547671840354771,0
2025-05-17,9170.0,9280.0,9060.0,9260.0,1058776511680,114313900,3976,9010.0,9280.0,60.13755920146394,-19.80461659114917,-109.48505270584651,9460.103849566924,8111.896150433077,8786.0,8986.6,-0.06896551724137934,0
2025-05-18,9440.0,9440.0,9010.0,9190.0,430975291800,46888610,3229,9260.0,9190.0,58.08093021813471,17.82183357935719,-84.02367544880578,9478.137012557218,8105.8629874427825,8792.0,8967.4,-0.06637649619151254,0
2025-05-19,9200.0,9200.0,8920.0,9020.0,299695528290,33240416,2616,9190.0,8950.0,52.88682148772698,27.952849142240666,-61.62837053059649,9454.21050311942,8110.789496880579,8782.5,8942.6,-0.05027932960893855,0
2025-05-20,8750.0,8970.0,8750.0,8780.0,622848016600,70937129,3932,9020.0,8750.0,48.957645896840226,19.61728755598415,-45.37923891328037,9407.495166262635,8114.504833737365,8761.0,8917.6,-0.035428571428571476,0
2025-05-21,8520.0,8750.0,8520.0,8520.0,617357466330,72421988,3123,8780.0,8700.0,47.997586586495295,8.874414090330902,-34.52850831255812,9348.50815655337,8122.49184344663,8735.5,8890.6,-0.03563218390804601,0
2025-05-24,8770.0,8770.0,8420.0,8650.0,149536904550,17280834,1493,8520.0,8640.0,46.81128788255072,-4.429824825383548,-28.508771615123205,9271.515666156702,8138.484333843299,8705.0,8856.8,0.0011574074074074403,0
2025-05-25,8500.0,8650.0,8430.0,8530.0,150285087840,17610972,1499,8650.0,8580.0,45.59761549704943,-19.589216285554357,-26.724860549209435,9242.43148724796,8129.56851275204,8686.0,8820.0,-0.0011655011655011815,0
2025-05-26,8640.0,8640.0,8330.0,8420.0,145251681220,17241727,1391,8530.0,8500.0,43.961017422234825,-37.62475983656623,-28.904840406680794,9233.209372135852,8111.7906278641485,8672.5,8779.8,0.010588235294117565,0
2025-05-27,8620.0,8620.0,8360.0,8450.0,86014318240,10172374,1086,8420.0,8440.0,42.72249892210217,-56.11272404506235,-34.346417134357104,9225.369598061847,8088.630401938152,8657.0,8739.4,0.0082938388625593,0
2025-05-28,8440.0,8500.0,8360.0,8400.0,122209709270,14542431,1129,8450.0,8390.0,41.668959345229865,-73.94673903411058,-42.2664815143078,9199.73498660413,8063.265013395871,8631.5,8695.6,-0.011918951132300348,0
2025-05-31,8440.0,8650.0,8390.0,8630.0,375548583860,43493367,2059,8400.0,8650.0,48.74683492731984,-66.33581927870182,-47.0803490671866,9200.791298544147,8064.208701455852,8632.5,8664.4,-0.05086705202312136,0
2025-06-01,8650.0,8750.0,8380.0,8480.0,185403143980,21855678,1871,8630.0,8570.0,46.862617299554074,-65.99865058966498,-50.86400937168228,9201.804390918654,8072.1956090813455,8637.0,8634.4,-0.06417736289381559,0
2025-06-02,8480.0,8630.0,8480.0,8550.0,173548818600,20306694,925,8480.0,8590.0,47.40990200559086,-63.3869241171742,-53.36859232078067,9185.396020027554,8127.603979972447,8656.5,8606.8,-0.05937136204889404,0
2025-06-03,8550.0,8600.0,8480.0,8520.0,99689899050,11701561,870,8550.0,8510.0,45.3958353499176,-67.00010794508489,-56.09489544564152,9182.330664098306,8141.669335901694,8662.0,8581.2,-0.05522914218566388,0
2025-06-07,8450.0,8510.0,8270.0,8320.0,591827301680,71138333,2762,8520.0,8290.0,40.32274861750934,-86.61727353168135,-62.19937106284949,9192.587631293123,8108.412368706878,8650.5,8550.4,-0.06151990349819059,0
2025-06-08,8290.0,8450.0,8180.0,8230.0,159961032260,19441521,1552,8320.0,8210.0,38.63208796224916,-107.38152265472308,-71.2358013812242,9201.718482254042,8089.281517745958,8645.5,8521.8,-0.08038976857490865,0
2025-06-09,8230.0,8360.0,7990.0,8050.0,419436293370,52115067,2825,8230.0,8020.0,34.89045449316889,-137.58278310548485,-84.50519772607633,9236.079755680154,8022.9202443198465,8629.5,8496.0,-0.08603491271820451,0
2025-06-10,8050.0,8170.0,7970.0,8040.0,154076460950,19173237,1147,8050.0,8080.0,36.966638593329556,-154.89051954861134,-98.58226209058333,9258.401565857039,7955.598434142961,8607.0,8465.0,-0.1027227722772277,0
2025-06-11,8100.0,8140.0,7990.0,8020.0,212982918920,26564448,1228,8040.0,8040.0,36.139279375749496,-169.87646098355435,-112.84110186917755,9260.767688880287,7879.232311119712,8570.0,8477.8,-0.07835820895522383,0
2025-06-28,7780.0,7780.0,7780.0,7780.0,180645578280,23219226,489,8020.0,7780.0,31.244279332416,-200.42240984587625,-130.3573634645173,9246.988497881417,7769.011502118582,8508.0,8485.2,-0.08483290488431872,0
2025-06-29,7550.0,7550.0,7550.0,7550.0,128060948250,16961715,343,7780.0,7550.0,27.673401974588202,-240.4179833437547,-152.3694874403648,9183.425849411255,7659.574150588745,8421.5,8486.2,-0.08344370860927153,0
2025-06-30,7330.0,7330.0,7330.0,7470.0,41978506850,5726945,242,7550.0,7330.0,24.758594120023773,-286.5635980974348,-179.2083095717788,9144.643982395932,7512.356017604068,8328.5,8482.8,-0.049113233287858105,0
2025-07-01,7250.0,7250.0,7250.0,7250.0,2279391220250,314398789,5082,7470.0,7250.0,23.777814780069534,-325.8336541227118,-208.5333784819654,9133.764567418651,7353.2354325813485,8243.5,8479.8,-0.044137931034482714,0
2025-07-02,7040.0,7450.0,7040.0,7110.0,1256443947870,176699023,4111,7250.0,7410.0,29.76996754435821,-340.1240552351337,-234.8515138325991,9105.074714280516,7247.925285719485,8176.5,8477.8,-0.036437246963562764,0
2025-07-07,7280.0,7280.0,7030.0,7130.0,148635116510,20840773,1380,7110.0,7120.0,25.809521247953114,-370.57808396725795,-261.99682785953087,9100.353428972134,7094.646571027867,8097.5,8467.0,0.011235955056179803,0
2025-07-08,7050.0,7090.0,6920.0,6930.0,484441872460,69901247,1647,7130.0,6920.0,23.488701275410804,-406.16938187456617,-290.8313386625379,9104.464317807857,6918.535682192143,8011.5,8449.0,0.06936416184971095,1
2025-07-09,6750.0,6990.0,6740.0,6860.0,241900820420,35269519,1445,6930.0,6970.0,25.29721980082634,-425.4369869942575,-317.75246832888183,9080.328499603667,6781.671500396332,7931.0,8427.6,0.06456241032998555,1
2025-07-12,6900.0,7060.0,6890.0,6940.0,203593871610,29347310,1043,6860.0,6930.0,24.79233819804857,-438.8752874499214,-341.9770321530898,9049.143221683575,6655.856778316425,7852.5,8394.8,0.07503607503607501,1
2025-07-13,7070.0,7140.0,7010.0,7050.0,222948577480,31624689,943,6940.0,7140.0,32.41822465531362,-427.6503058986618,-359.11168690220427,8990.643798554962,6584.356201445037,7787.5,8370.6,0.06162464985994398,1
2025-07-14,7250.0,7250.0,7170.0,7190.0,260167875500,36180342,979,7050.0,7200.0,34.46293536957826,-409.1959721374333,-369.1285439492501,8923.75248274937,6532.247517250629,7728.0,8344.6,0.054166666666666696,1
2025-07-15,7330.0,7400.0,7310.0,7340.0,187539599190,25564210,986,7190.0,7400.0,40.88351595868065,-374.11983061923456,-370.126801283247,8790.532888408736,6540.467111591264,7665.5,8316.4,0.024324324324324298,0
2025-07-16,7420.0,7550.0,7380.0,7440.0,194074252290,26069150,942,7340.0,7420.0,41.500711223165304,-340.77960771330436,-364.2573625692585,8657.239724753748,6558.760275246252,7608.0,8283.4,0.016172506738544534,0
2025-07-19,7480.0,7560.0,7450.0,7460.0,137135799290,18372386,689,7440.0,7450.0,42.47094671731838,-308.3816597646319,-353.0822220083332,8499.702271527449,6602.297728472552,7551.0,8249.6,0.012080536912751683,0
2025-07-20,7530.0,7640.0,7520.0,7560.0,195767693160,25883033,856,7460.0,7580.0,46.603744499669304,-269.1139608331705,-336.28856977330065,8345.700927247084,6663.299072752915,7504.5,8217.6,-0.0026385224274406704,0
2025-07-21,7600.0,7730.0,7590.0,7630.0,155857221160,20433215,872,7560.0,7590.0,46.91963181458556,-234.4841230853508,-315.9276804357107,8231.588577529781,6707.411422470218,7469.5,8185.2,-0.02766798418972327,0
2025-07-22,7650.0,7680.0,7580.0,7620.0,454527400770,59659487,1610,7630.0,7580.0,46.62260028003569,-205.47802088309436,-293.83774852518746,8123.261993693927,6752.738006306073,7438.0,8151.8,-0.04485488126649073,0
2025-07-23,7620.0,7630.0,7540.0,7580.0,728422934830,96065199,2093,7620.0,7540.0,45.38493181526612,-183.60169555787252,-271.7905379317245,8047.731804473615,6780.268195526385,7414.0,8123.4,-0.06763925729442966,0
2025-07-26,7600.0,7600.0,7540.0,7570.0,286894716990,37921732,966,7580.0,7540.0,45.38493181526612,-164.36979741921823,-250.30638982922324,7946.610578886241,6827.389421113759,7387.0,8098.8,-0.07427055702917773,0
2025-07-27,7530.0,7670.0,7530.0,7600.0,343983889690,45275855,1011,7570.0,7560.0,46.21292193988065,-145.83346927731873,-229.41180571884234,7844.210972444936,6881.789027555064,7363.0,8075.0,-0.07671957671957674,0
2025-07-28,7600.0,7600.0,7380.0,7460.0,318093673630,42667904,1300,7600.0,7380.0,40.292364204901745,-144.00775954475012,-212.3309964840239,7784.86423254367,6901.13576745633,7343.0,8044.6,-0.03252032520325199,0
2025-07-29,7240.0,7240.0,7240.0,7240.0,261867636120,36169563,944,7460.0,7240.0,36.38761620589273,-152.1043372808308,-200.2856646433853,7760.899353946694,6894.100646053306,7327.5,8016.8,-0.03314917127071826,0
2025-07-30,7030.0,7050.0,7030.0,7030.0,329252318960,46833898,1181,7240.0,7030.0,31.46227496658169,-173.46656385718143,-194.92184448614455,7764.866002260798,6860.133997739202,7312.5,7987.8,-0.012802275960170695,0
2025-08-02,7040.0,7110.0,6970.0,7010.0,467219955650,66695023,1413,7030.0,6980.0,30.40693882191863,-192.21512811093635,-194.3805012111029,7773.59034967161,6824.40965032839,7299.0,7963.4,0.017191977077363862,0
2025-08-03,7070.0,7120.0,6970.0,7030.0,227344227520,32349915,1272,7010.0,6980.0,30.40693882191863,-204.71368838825583,-196.44713864653352,7768.697516281819,6786.302483718181,7277.5,7935.0,0.012893982808023008,0
2025-08-04,6900.0,7190.0,6900.0,7070.0,149529329240,21164145,849,7030.0,7140.0,38.11121735867812,-199.4095554045225,-197.03962199813134,7768.490816241924,6788.509183758076,7278.5,7907.4,-0.02941176470588236,0
2025-08-05,7090.0,7230.0,6970.0,7030.0,193518300400,27515701,826,7070.0,7000.0,34.51109312653381,-204.1495132616592,-198.4616002508369,7761.91109707789,6803.08890292211,7282.5,7881.2,-0.018571428571428572,0
2025-08-06,7170.0,7170.0,6880.0,6970.0,169653260610,24335428,990,7030.0,6940.0,33.06931712880562,-210.32299006412632,-200.83387821349478,7764.4831951592805,6797.5168048407195,7281.0,7853.2,-0.03170028818443804,0
2025-08-09,6970.0,7140.0,6970.0,7080.0,199151549710,28143320,793,6970.0,7100.0,40.239153314376914,-199.99938368356197,-200.66697930750823,7753.589431038268,6825.410568961732,7289.5,7824.6,-0.04507042253521132,0
2025-08-10,7150.0,7170.0,7040.0,7070.0,72337395430,10238619,616,7080.0,7070.0,39.387182249663475,-192.02505522376396,-198.93859449075939,7755.570016080057,6816.429983919943,7286.0,7790.4,-0.0240452616690241,0
2025-08-11,7000.0,7090.0,6910.0,6990.0,102767049150,14734667,753,7070.0,6930.0,35.59920174465984,-194.7571334364702,-198.10230227990155,7766.093962687379,6778.906037312621,7272.5,7748.6,-0.00721500721500723,0
2025-08-12,6970.0,6990.0,6850.0,6920.0,175196074790,25332443,792,6990.0,6870.0,34.08620040102895,-199.46452082891665,-198.3747459897046,7765.592147748056,6726.407852251944,7246.0,7700.4,0.0014556040756914523,0
2025-08-13,6820.0,6820.0,6720.0,6720.0,118024259840,17558367,859,6920.0,6720.0,30.586336124711508,-212.84535686768322,-201.26886816530032,7771.674593682868,6650.325406317132,7211.0,7651.0,0.007440476190476275,0
2025-08-16,6690.0,6800.0,6660.0,6700.0,111329715090,16609397,997,6720.0,6780.0,33.52646300309462,-216.11700496794128,-204.2384955258285,7756.805618824347,6598.194381175653,7177.5,7607.6,-0.002949852507374673,0
2025-08-17,6890.0,6900.0,6720.0,6900.0,148299018530,21506343,658,6700.0,6900.0,39.08382173663204,-206.6447406024099,-204.7197445411448,7703.831152089076,6583.168847910924,7143.5,7570.6,-0.04492753623188406,0
2025-08-18,7090.0,7090.0,6720.0,6880.0,94818506310,13791777,1282,6900.0,6880.0,38.50601624293471,-198.46396663394626,-203.4685889597051,7639.92480671753,6576.07519328247,7108.0,7534.2,-0.04215116279069764,0
2025-08-19,6730.0,6890.0,6730.0,6830.0,102251266050,14983502,654,6880.0,6880.0,38.50601624293471,-189.79283071410828,-200.73343731058577,7566.846129884089,6579.153870115911,7073.0,7499.0,-0.053779069767441845,0
2025-08-20,6750.0,6870.0,6740.0,6800.0,61565778250,9090103,478,6830.0,6770.0,35.18777116974877,-189.61125321891723,-198.50900049225208,7495.693018162142,6573.306981837858,7034.5,7462.8,-0.04579025110782864,0
2025-08-23,6790.0,6820.0,6750.0,6790.0,52663853350,7770961,663,6800.0,6760.0,34.89338663603223,-188.10590044383753,-196.4283804825692,7408.51210636193,6582.48789363807,6995.5,7428.0,-0.022189349112425982,0
2025-08-25,6700.0,6710.0,6590.0,6650.0,86174996050,13043855,1341,6790.0,6590.0,30.258822848592402,-198.34408957511278,-196.8115223010779,7308.004155102865,6585.995844897135,6947.0,7391.0,0.02124430955993928,0
2025-08-26,6480.0,6670.0,6460.0,6600.0,107057988320,16234769,831,6650.0,6590.0,30.258822848592402,-204.10513132098185,-198.2702441050587,7242.276044545523,6572.723955454477,6907.5,7355.0,0.05159332321699539,1
2025-08-27,6480.0,6700.0,6480.0,6610.0,55982227070,8456752,673,6600.0,6510.0,28.213626159065868,-212.67454999571146,-201.15110528318925,7211.934011212666,6530.065988787334,6871.0,7312.2,0.056835637480798784,1
2025-08-30,6420.0,6500.0,6420.0,6420.0,171408108780,26678833,1376,6610.0,6460.0,26.98594555957814,-220.95344439903874,-205.11157310635917,7218.950527960271,6466.049472039729,6842.5,7270.0,0.09442724458204332,1
2025-08-31,6300.0,6610.0,6300.0,6540.0,97561532250,14850637,724,6420.0,6610.0,35.9853141925566,-212.95595774182766,-206.6804500334529,7207.8958192030395,6440.1041807969605,6824.0,7230.4,0.09379727685325268,1
2025-09-02,6730.0,6730.0,6670.0,6730.0,129746968340,19291288,700,6540.0,6730.0,42.130435505744934,-194.69062252330787,-204.2824845314239,7190.513192384615,6432.486807615385,6811.5,7194.8,0.08618127786032681,1
2025-09-03,6800.0,6930.0,6800.0,6900.0,164883675120,23910996,992,6730.0,6930.0,50.63585761775076,-162.2070621951425,-195.86740006416764,7153.75487239949,6448.24512760051,6801.0,7167.6,0.059163059163059195,1
2025-09-06,7050.0,7050.0,6790.0,6910.0,106374824040,15393695,991,6900.0,6880.0,48.708445353245814,-138.8970697762643,-184.47333400658698,7137.9577233444115,6452.0422766555885,6795.0,7141.0,0.08866279069767447,1
2025-09-07,6810.0,7110.0,6750.0,7020.0,87001293400,12320442,718,6910.0,7070.0,55.62132587804411,-103.89468745633167,-168.35760469653593,7159.788989506487,6443.211010493513,6801.5,7122.0,0.03960396039603964,0
2025-09-08,7210.0,7230.0,7210.0,7230.0,143422750150,19839768,622,7020.0,7230.0,60.45478643272932,-62.52365073893361,-147.19081390501546,7191.541392813837,6424.458607186163,6808.0,7105.0,-0.006915629322268302,0
2025-09-09,7440.0,7440.0,7120.0,7320.0,169902576330,23207536,874,7230.0,7310.0,62.645480336821,-23.016158715457095,-122.35588286710379,7248.018691182493,6391.981308817507,6820.0,7090.4,-0.03967168262653897,0
2025-09-13,7390.0,7490.0,7280.0,7320.0,62438315040,8526349,592,7320.0,7340.0,63.4628865955474,10.592459350976242,-95.7662144234878,7323.386114939711,6357.613885060289,6840.5,7081.6,-0.06539509536784738,0
2025-09-14,7400.0,7520.0,7320.0,7450.0,89626211850,11962596,698,7320.0,7490.0,67.31419800039416,48.769097900450106,-66.85915195870021,7431.438389469376,6311.561610530624,6871.5,7080.4,-0.07076101468624829,0
2025-09-15,7570.0,7570.0,7310.0,7400.0,141701069070,19159123,971,7450.0,7350.0,60.865566893603024,66.95570533493265,-40.09618049997364,7495.253324179398,6310.746675820602,6903.0,7080.8,-0.05578231292517011,0
2025-09-16,7240.0,7280.0,7180.0,7230.0,93712198830,13041327,817,7400.0,7180.0,54.08947630041989,66.88019030115083,-18.700906339748748,7524.235394834287,6321.764605165713,6923.0,7079.4,-0.04038997214484674,0
2025-09-17,7030.0,7120.0,7020.0,7070.0,89583195580,12743331,822,7230.0,7020.0,48.6048971827505,53.29532592652322,-4.301659886494354,7531.59107195638,6326.40892804362,6929.0,7071.6,-0.0014245014245014564,0
2025-09-20,6860.0,6860.0,6860.0,6860.0,120323082880,17539808,549,7070.0,6860.0,43.81985124489103,29.281026762053443,2.4148774432152056,7530.9792699600375,6325.0207300399625,6928.0,7066.4,0.039358600583090375,0
2025-09-21,6660.0,6970.0,6660.0,6750.0,98850786020,14686324,904,6860.0,6960.0,47.311168769619755,18.109925972089513,5.553887148990067,7534.713862460072,6329.286137539928,6932.0,7067.2,0.053160919540229834,1
2025-09-22,6940.0,6950.0,6840.0,6840.0,59801491830,8621776,543,6750.0,6940.0,46.6862690765265,7.55581651018565,5.954273021229184,7538.612865604424,6342.387134395576,6940.5,7066.6,0.08645533141210371,1
2025-09-23,6860.0,7040.0,6860.0,6900.0,53653963710,7692826,504,6840.0,6890.0,45.08307942951653,-4.787782829029311,3.805861851177486,7539.928326192579,6354.071673807421,6947.0,7065.8,0.1132075471698113,1
2025-09-24,6800.0,7010.0,6770.0,6930.0,65933723280,9475436,545,6900.0,7010.0,49.559880179053906,-4.831482791900271,2.0783929225619344,7538.178919288961,6397.821080711039,6968.0,7063.2,0.09129814550641946,1
2025-09-27,6780.0,7130.0,6780.0,7120.0,196820907130,27642892,661,6930.0,7130.0,53.630656327323365,4.761988551056675,2.6151120482608827,7541.680894125191,6448.319105874809,6995.0,7061.8,0.11921458625525938,1
2025-09-28,7330.0,7330.0,7330.0,7330.0,173613732780,23685366,439,7120.0,7330.0,59.49763993539738,28.178389306352983,7.727767499879304,7553.238822983643,6518.761177016357,7036.0,7060.4,0.12005457025920863,1
2025-09-29,7540.0,7540.0,7540.0,7540.0,757784846260,100501969,1294,7330.0,7540.0,64.56712962303254,62.95558774077199,18.773331548057843,7580.22443839683,6599.77556160317,7090.0,7062.8,0.11936339522546424,1
2025-09-30,7760.0,7760.0,7520.0,7730.0,1480811799810,191643745,3462,7540.0,7670.0,67.2960616027261,99.85560830630493,34.98978689970726,7643.28391939125,6642.71608060875,7143.0,7067.2,0.13298565840938714,1
2025-10-01,7570.0,7910.0,7500.0,7750.0,486272297050,62724718,2164,7730.0,7650.0,66.44816924295199,126.03248358350265,53.19832623646634,7698.034379979836,6679.965620020164,7189.0,7068.6,0.10065359477124192,1
2025-10-04,7980.0,7980.0,7980.0,7980.0,421020602520,52759474,754,7750.0,7980.0,72.58573672499666,171.42995015585348,76.84465102034378,7841.342479323896,6641.657520676104,7241.5,7076.4,0.06140350877192979,1
2025-10-05,8210.0,8210.0,8210.0,8210.0,782804428170,95347677,1344,7980.0,8210.0,75.89536485730292,223.39172652842717,106.15406612196045,8017.6365266820885,6598.3634733179115,7308.0,7089.0,0.06090133982947621,1
2025-10-06,8440.0,8450.0,8330.0,8440.0,1132350567810,134169558,3052,8210.0,8440.0,78.66871284099673,279.9043236690077,140.9041176313699,8230.766351907529,6522.233648092472,7376.5,7107.0,0.0308056872037914,0
2025-10-07,8440.0,8690.0,8440.0,8660.0,456598643340,52702134,1931,8440.0,8690.0,81.20060155157844,340.93380207067094,180.91005451923013,8473.813916727373,6425.186083272627,7449.5,7130.0,-0.010356731875719172,0
2025-10-08,8670.0,8760.0,8410.0,8480.0,520280174790,61346746,2346,8660.0,8420.0,71.35065341772025,363.3251734443875,217.39307830426162,8610.160621810854,6399.8393781891455,7505.0,7147.2,0.005938242280284944,0
2025-10-11,8590.0,8730.0,8350.0,8460.0,255785042220,30222650,2336,8480.0,8470.0,72.02735798553303,380.7164168460813,250.05774601262556,8740.232794148587,6382.767205851413,7561.5,7169.0,0.027154663518299982,0
2025-10-12,8550.0,8710.0,8420.0,8700.0,562111955700,64618726,1250,8460.0,8710.0,75.07113487591135,409.14868541611395,281.87593389332324,8902.076101684193,6342.923898315807,7622.5,7198.4,0.014925373134328401,0
2025-10-13,8950.0,8950.0,8650.0,8840.0,553619205030,62633446,2141,8700.0,8700.0,74.70637218008743,425.9642954306282,310.69360620078425,9045.15312787939,6334.84687212061,7690.0,7231.8,0.008045977011494232,0
2025-10-14,8700.0,8820.0,8580.0,8670.0,672516979370,77584788,3068,8840.0,8600.0,70.99162520778397,426.3074167191444,333.8163683044563,9150.199769652038,6371.8002303479625,7761.0,7264.2,-0.013953488372092981,0
2025-10-15,8560.0,8560.0,8410.0,8450.0,265406281430,31398972,1754,8670.0,8470.0,66.37122634631619,411.34766938998473,349.322628521562,9211.749251768797,6455.250748231203,7833.5,7294.0,0.030696576151121535,0
2025-10-18,8700.0,8700.0,8690.0,8700.0,569392345490,65447407,942,8450.0,8700.0,70.08131295277974,413.2869252501605,362.1154878672818,9276.921103875924,6574.078896124076,7925.5,7325.2,0.03333333333333344,0
2025-10-19,8960.0,8960.0,8830.0,8950.0,1220204889630,136319529,3187,8700.0,8840.0,72.09910339395768,421.2645539126888,373.9453010763632,9350.596916081317,6688.403083918684,8019.5,7362.0,0.0011312217194570096,0
2025-10-20,9060.0,9060.0,8690.0,8750.0,623091255410,71170487,3497,8950.0,8770.0,69.57256314771521,417.13005153817176,382.58225116872495,9382.973270159857,6839.026729840143,8111.0,7398.6,0.047890535917902044,0
2025-10-27,8480.0,8480.0,8480.0,8480.0,1190821748640,140427093,1817,8240.0,8480.0,60.16597823471465,386.00324709616416,383.2664503542128,9340.151686382069,7040.848313617931,8190.5,7426.2,0.09787735849056611,1
2025-10-28,8730.0,8730.0,8730.0,8730.0,1467526260870,168101519,2158,8480.0,8730.0,64.60840980913511,377.1602721390791,382.0452147111861,9311.686456635282,7241.313543364719,8276.5,7459.4,0.04123711340206193,0
2025-10-29,8990.0,8990.0,8840.0,8990.0,3521350479340,391878328,6202,8730.0,8990.0,68.5381904698242,386.6746333876399,382.97109844647684,9305.416128721521,7433.58387127848,8369.5,7500.6,0.04004449388209119,0
2025-11-01,9110.0,9110.0,8800.0,8930.0,894033246200,100125628,3735,8990.0,8850.0,64.39208726293057,378.5542653244047,382.08773182206244,9271.877032595325,7619.122967404676,8445.5,7540.2,0.02824858757062154,0
2025-11-02,8850.0,9190.0,8780.0,9050.0,1420351206130,156990915,4067,8930.0,9190.0,69.25617053785919,395.00065199480923,384.6703158566118,9304.23707718778,7751.7629228122205,8528.0,7589.6,-0.018498367791077275,0
2025-11-03,9320.0,9320.0,9210.0,9320.0,2182985027640,234236046,3825,9050.0,9310.0,70.77362759867874,412.957215317836,390.3276957488567,9352.105113849111,7867.89488615089,8610.0,7640.2,-0.06015037593984962,0
2025-11-04,9250.0,9420.0,9050.0,9230.0,1077519697930,116795274,3910,9320.0,9090.0,64.48912314403682,404.7698251541915,393.2161216299237,9307.894559810979,8056.1054401890215,8682.0,7684.0,-0.05500550055005504,0
2025-11-05,9090.0,9370.0,9020.0,9160.0,1012048324180,110429203,3313,9230.0,9350.0,68.09487162189836,414.4831824316316,397.4695337902653,9353.541457945435,8147.4585420545645,8750.5,7733.4,-0.07165775401069518,0
2025-11-08,9410.0,9430.0,9050.0,9290.0,543647349480,58507716,2261,9160.0,9100.0,61.61627667394464,397.42688762128637,397.46100455646956,9362.221297203254,8227.778702796746,8795.0,7777.8,-0.05714285714285716,0
2025-11-09,9200.0,9200.0,9020.0,9020.0,1772588974710,196514678,2787,9290.0,9020.0,59.66020037071259,373.1528459593774,392.5993728370512,9374.72316094471,8273.27683905529,8824.0,7822.8,-0.016629711751662946,0
2025-11-10,8770.0,9020.0,8750.0,8780.0,794153286900,90428281,3097,9020.0,8750.0,53.48844411084456,328.3438065267219,379.74825957498535,9375.419547427817,8278.580452572183,8827.0,7862.6,-0.0022857142857143353,0
2025-11-11,8760.0,8930.0,8520.0,8640.0,601603258700,69605714,3788,8780.0,8590.0,50.175911008717904,276.7316667259038,359.1449410051691,9363.305835512387,8307.694164487613,8835.5,7902.6,0.0186263096623982,0
2025-11-12,8640.0,8770.0,8520.0,8620.0,376302390950,43639609,1776,8640.0,8680.0,51.97748607657609,240.3206550104387,335.38008380622307,9352.217344626719,8339.782655373281,8846.0,7944.4,0.024193548387096753,0
2025-11-15,8700.0,8820.0,8560.0,8620.0,198144810340,22992847,1249,8620.0,8580.0,49.82185201312201,201.0776041791123,308.51958788080094,9355.774151978314,8323.225848021686,8839.5,7985.8,0.03146853146853146,0
2025-11-16,8600.0,8870.0,8510.0,8770.0,931735980510,106182566,2406,8620.0,8870.0,55.575754631884756,191.1740446482545,285.0504792342917,9360.39047610287,8335.60952389713,8848.0,8034.0,0.031567080045095786,0
2025-11-17,8910.0,9010.0,8730.0,8860.0,563585585270,63575386,1729,8770.0,8730.0,52.44895915753571,170.06813282609255,262.0540099526519,9357.350872526758,8351.649127473242,8854.5,8076.4,0.07560137457044669,1
2025-11-18,8650.0,8880.0,8650.0,8770.0,295550000260,33681883,1004,8860.0,8750.0,52.857013348366,153.18950524091088,240.2811090103037,9342.515822521695,8394.484177478305,8868.5,8116.8,0.06285714285714294,1
2025-11-19,8890.0,8940.0,8660.0,8780.0,276576785130,31506547,1210,8770.0,8890.0,55.72141720912673,149.38785109023047,222.10245742628908,9345.70075903393,8410.29924096607,8878.0,8156.0,0.055118110236220375,1
2025-11-22,8890.0,8960.0,8810.0,8890.0,198770724960,22366128,892,8780.0,8850.0,54.69880347118646,141.51603828169027,205.98517359736934,9346.05855248398,8410.94144751602,8878.5,8195.4,0.07570621468926553,1
2025-11-23,8940.0,9150.0,8800.0,9120.0,583773672130,63994348,2226,8890.0,9150.0,60.54692365060475,157.6675691207911,196.3216527020537,9376.618983135619,8418.381016864381,8897.5,8237.0,0.05355191256830594,1
2025-11-25,9270.0,9390.0,8900.0,9330.0,1026107625520,109926208,3383,9120.0,9390.0,64.49569757634471,187.67042013010723,194.59140618766443,9427.68959138906,8458.31040861094,8943.0,8280.2,0.017039403620873195,0
2025-11-26,9520.0,9580.0,9060.0,9220.0,1027561673070,111502289,3606,9330.0,9300.0,61.990053613040054,201.85874590515232,196.04487413116203,9469.587341739263,8473.412658260737,8971.5,8320.0,0.03870967741935494,0
2025-11-29,9140.0,9490.0,9140.0,9460.0,1111697084060,117550085,3624,9220.0,9380.0,63.35294079440938,217.05633737101198,200.24716677913202,9520.033080251962,8461.966919748038,8991.0,8360.8,0.05543710021321968,1
2025-11-30,9380.0,9550.0,9250.0,9460.0,662782030220,70084195,2790,9460.0,9520.0,65.6726105446266,237.65779692550677,207.729292808407,9596.670429156267,8452.329570843733,9024.5,8401.4,0.012605042016806678,0
2025-12-01,9640.0,9700.0,9460.0,9600.0,312634851260,32577422,1950,9460.0,9640.0,67.56758851068444,260.66284020124476,218.31600228697454,9676.002384733843,8417.997615266157,9047.0,8447.2,0.02178423236514515,0
2025-12-02,9700.0,9700.0,9500.0,9570.0,433663624580,45322685,2219,9600.0,9550.0,64.6835364849514,268.53673062866073,228.3601479553118,9716.14229813706,8401.85770186294,9059.0,8494.6,0.03664921465968596,0
2025-12-03,9640.0,9700.0,9540.0,9630.0,393859347450,40914976,1634,9570.0,9660.0,66.56215177382333,280.42041423272167,238.77220121079378,9795.055651522089,8379.944348477911,9087.5,8547.4,0.052795031055900665,1
2025-12-06,9700.0,9910.0,9660.0,9880.0,715801013280,72475992,2422,9630.0,9900.0,70.2771174812377,305.6806174640187,252.1538844614388,9899.767481487886,8330.232518512114,9115.0,8608.2,0.03232323232323231,0
2025-12-07,10000.0,10000.0,9640.0,9720.0,894174376960,91973371,3294,9880.0,9640.0,62.21320424140144,301.24709444051587,261.9725264572542,9959.327351800262,8324.672648199738,9142.0,8661.8,0.06120331950207469,1
2025-12-08,9710.0,9900.0,9670.0,9780.0,398534863470,40760079,2087,9720.0,9850.0,65.64235030427567,311.09265794699786,271.796552755203,10054.367957844826,8312.632042155174,9183.5,8720.0,0.05888324873096451,1
2025-12-09,9920.0,10010.0,9600.0,9880.0,404724733110,40965446,1834,9780.0,9900.0,66.42364497005876,319.2498070424226,281.2872036126469,10141.153320274274,8340.846679725726,9241.0,8780.2,0.015151515151515138,0
2025-12-10,10100.0,10170.0,9960.0,10160.0,1503835891570,148057255,2408,9880.0,10170.0,70.34525216292766,343.54102292012067,293.73796747414167,10254.43030772807,8385.56969227193,9320.0,8843.4,-0.004916420845624381,0
2025-12-13,10340.0,10460.0,10220.0,10430.0,3037907056750,291180401,9017,10160.0,10220.0,71.02027083768706,362.64620888788886,307.51961575689114,10361.118250009173,8432.881749990827,9397.0,8905.2,0.023483365949119372,0
2025-12-14,10250.0,10380.0,10120.0,10240.0,827549853860,80853978,4649,10430.0,10230.0,71.16165687951523,374.2796599009507,320.8716245857031,10432.169407507516,8526.830592492484,9479.5,8963.2,0.019550342130987275,0
2025-12-15,10400.0,10480.0,10240.0,10360.0,823248782430,79466846,3931,10240.0,10430.0,73.90388026070713,395.08330773282614,335.7139612151277,10552.304000796486,8562.695999203514,9557.5,9021.0,0.0019175455417066445,0
2025-12-16,10500.0,10600.0,10050.0,10290.0,905764483960,88052457,5129,10360.0,10050.0,61.86663048849694,376.5666978263707,343.8845085373763,10563.590953046925,8683.409046953075,9623.5,9068.6,0.04975124378109452,0
2025-12-17,10200.0,10300.0,10070.0,10160.0,869190374740,85555151,3905,10290.0,10120.0,63.06021592262001,363.35206957685295,347.77802074527165,10564.756552539511,8819.243447460489,9692.0,9118.0,0.07213438735177857,1
2025-12-20,10400.0,10460.0,10300.0,10440.0,1026414680030,98350063,4456,10160.0,10460.0,68.25727954385049,375.9804711525685,353.41851082673105,10622.778710282399,8918.221289717601,9770.5,9167.6,0.042065009560229516,0
2025-12-21,10560.0,10740.0,10240.0,10500.0,565531420390,53881532,3544,10440.0,10430.0,67.3568034846657,379.196677844051,358.5741442301951,10636.226763241599,9062.773236758401,9849.5,9212.0,0.07861936720997131,1
2025-12-22,10600.0,10800.0,10380.0,10530.0,606981603760,57627448,3370,10500.0,10450.0,67.66308110030329,378.990609834882,362.6574373511325,10673.64359642994,9155.35640357006,9914.5,9252.2,0.036363636363636376,0
2025-12-23,10580.0,10650.0,10480.0,10540.0,408841941110,38806242,3017,10530.0,10550.0,69.2182261722495,382.48738720849724,366.6234273226055,10739.699452554916,9205.300547445084,9972.5,9289.4,0.0009478672985780978,0
2025-12-24,10750.0,10850.0,10680.0,10820.0,1319456679920,121953585,5307,10540.0,10850.0,73.35773945305625,404.7998209090965,374.2587060399037,10842.540219799941,9257.459780200059,10050.0,9338.0,0.0018433179723502668,0
2025-12-27,11100.0,11130.0,10700.0,10930.0,882501614780,80717854,5003,10820.0,10900.0,73.98565603030427,421.6565730003458,383.7382794319921,10938.241343444493,9313.758656555507,10126.0,9386.6,0.020183486238532167,0
2025-12-28,10990.0,11250.0,10820.0,11160.0,1028569865450,92135372,4412,10930.0,11250.0,77.91032419916262,457.97845486100596,398.5863145177949,11111.963729118905,9313.036270881095,10212.5,9437.4,-0.010666666666666713,0
2025-12-29,11400.0,11400.0,10830.0,10880.0,790818002650,72683099,4158,11160.0,10830.0,65.19884977104479,447.71236851410504,408.411525317057,11169.543313718323,9374.456686281677,10272.0,9480.0,0.05817174515235468,1
2025-12-30,10560.0,10660.0,10560.0,10560.0,1954608890110,185090640,5548,10880.0,10560.0,58.58182211945182,413.0285416780516,409.3349285892559,11163.7579865894,9481.2420134106,10322.5,9519.2,0.11742424242424243,1
2025-12-31,10530.0,10870.0,10510.0,10800.0,546834375160,50618699,2532,10560.0,10870.0,63.19983740453326,405.87707003524156,408.6433568784531,11198.624913793365,9567.375086206635,10383.0,9567.2,0.06347746090156403,1
2026-01-04,10740.0,11120.0,10480.0,10810.0,1205464160800,111490432,4982,10800.0,11120.0,66.44873671761863,415.5917054144047,410.0330265856434,11288.000000000246,9599.999999999754,10444.0,9615.6,0.08453237410071934,1
2026-01-05,11130.0,11130.0,11130.0,11130.0,1738589775510,156207527,3574,10810.0,11130.0,66.57585018302063,419.2645199660037,411.8793252617155,11327.802786354025,9709.197213645975,10518.5,9661.4,0.11590296495956864,1
2026-01-06,11460.0,11460.0,11460.0,11460.0,2290645588440,199881814,3955,11130.0,11460.0,70.54212433566815,443.68892430169217,418.2412450697108,11445.732543369135,9752.267456630865,10599.0,9715.2,0.11343804537521818,1
2026-01-07,11800.0,11800.0,11800.0,11800.0,4439912261800,376263751,9203,11460.0,11800.0,73.96944994702294,484.89107670940393,431.5712113976495,11627.603770343894,9760.396229656106,10694.0,9781.6,0.0610169491525423,1
2026-01-10,11450.0,12110.0,11450.0,11710.0,2620981096870,223753225,8093,11800.0,11560.0,67.95886083954944,492.50084196662283,443.75713751144417,11736.829851592105,9790.170148407895,10763.5,9838.2,0.10986159169550169,1
2026-01-11,11700.0,12060.0,11700.0,12060.0,1521397617810,126202271,4016,11710.0,12060.0,72.89952178475994,532.7364034420316,461.55299069756165,11946.65489276284,9764.34510723716,10855.5,9899.6,0.09535655058043124,1
2026-01-12,12420.0,12420.0,12420.0,12420.0,2160777299760,173975628,4085,12060.0,12420.0,75.79368466712492,586.9068700858188,486.6237665752131,12211.57129760004,9718.42870239996,10965.0,9971.0,0.07809983896940409,1
2026-01-13,12790.0,12790.0,12490.0,12740.0,2563002384360,201128915,7997,12420.0,12760.0,78.1653497233481,649.7822286234223,519.255458984855,12526.079869719986,9636.920130280014,11081.5,10042.4,0.059561128526645746,1
2026-01-14,12700.0,12710.0,12360.0,12460.0,2154172296650,172892879,6821,12740.0,12520.0,72.74711922702998,672.4933245873726,549.9030321053585,12697.266732189715,9712.733267810285,11205.0,10106.6,0.04233226837060711,0
2026-01-18,12830.0,12830.0,12830.0,12830.0,635676386020,49546094,1421,12460.0,12830.0,75.14381449287684,707.352521429928,581.3929299702725,12904.50095907903,9776.49904092097,11340.5,10181.4,-0.013250194855806696,0
2026-01-19,13210.0,13210.0,13210.0,13210.0,5900562720980,446673938,10332,12830.0,13210.0,77.72929332169315,756.9162509056641,616.4975941573508,13185.168415827824,9770.831584172176,11478.0,10258.6,-0.0696442089326268,0
2026-01-20,13590.0,13600.0,12910.0,13550.0,3579210993890,264057833,9378,13210.0,13390.0,78.85146765231696,801.4813808264735,653.4943514911754,13453.100435115715,9798.899564884285,11626.0,10344.4,-0.10903659447348768,0
2026-01-21,13510.0,13730.0,13240.0,13450.0,2476458773780,184156032,7259,13550.0,13520.0,79.64903412419392,837.6337603276606,690.3222332584725,13699.109074785798,9859.890925214202,11779.5,10434.4,-0.09911242603550297,0
2026-01-24,13060.0,13150.0,13050.0,13050.0,4995497343550,382782081,10151,13450.0,13050.0,69.4512480258013,818.9197128106134,716.0417291689007,13813.137996058957,9995.862003941043,11904.5,10520.4,-0.1103448275862069,0
2026-01-25,12660.0,12830.0,12660.0,12660.0,3926360900280,310135025,7811,13050.0,12660.0,62.32090286203163,763.8141802794744,725.5962193910156,13866.33642085006,10123.66357914994,11995.0,10601.8,-0.04660347551342814,0
2026-01-26,12290.0,12290.0,12290.0,12290.0,1365551351010,111110769,2955,12660.0,12290.0,56.40439747851624,682.4202253872172,716.9610205902559,13870.096577311746,10258.903422688254,12064.5,10674.0,0.0,0
2026-01-27,11930.0,12150.0,11930.0,11940.0,793379543430,66470766,3237,12290.0,11930.0,51.301177160979314,582.1552154244819,689.9998595571011,13866.688621160052,10330.311378839948,12098.5,10741.0,0.03604358759430015,0
2026-01-28,11750.0,12290.0,11630.0,11960.0,1386870733800,115982097,6031,11940.0,12180.0,54.387473833600964,516.9087806625175,655.3816437781844,13835.663439139717,10496.336560860283,12166.0,10807.2,0.0451559934318555,0
2026-01-31,12000.0,12300.0,11610.0,11720.0,802559651870,68477542,2906,11960.0,11610.0,47.06384767395361,414.4289952431718,607.1911140711819,13742.550852169916,10694.449147830084,12218.5,10864.8,0.06804478897502153,1
2026-02-01,11720.0,12070.0,11580.0,11940.0,846882041420,70932282,3473,11720.0,12070.0,52.609884013959295,366.11088421384557,558.9750680997147,13674.584166517128,10882.415833482872,12278.5,10931.2,0.023198011599005808,0
2026-02-02,12290.0,12290.0,12160.0,12290.0,780597708700,63518122,2135,11940.0,12290.0,55.03617625206853,341.63246806022835,515.5065480918174,13628.109600305028,11045.890399694972,12337.0,10999.2,-0.012205044751830707,0
2026-02-03,12650.0,12650.0,12050.0,12360.0,504570269790,40836770,2763,12290.0,12360.0,55.81139746309375,324.14501987080985,477.23424244761594,13564.93516750816,11232.06483249184,12398.5,11069.4,-0.04854368932038833,0
2026-02-07,12730.0,12730.0,12730.0,12730.0,1354666743540,106415298,2707,12360.0,12730.0,59.760540932703925,336.2657368748769,449.0405413330682,13552.99220895466,11371.00779104534,12462.0,11141.0,-0.09269442262372352,0
2026-02-08,12990.0,13040.0,12350.0,12730.0,1015081641030,79711622,4093,12730.0,12400.0,55.03623253114193,315.6051506316271,422.35346319278,13540.705869154815,11443.294130845185,12492.0,11201.2,-0.092741935483871,0
2026-02-09,12360.0,12490.0,12350.0,12350.0,912100611920,73843601,2873,12730.0,12350.0,54.335347288875916,291.8328377557864,396.2493381053813,13492.671680814487,11570.328319185513,12531.5,11262.2,-0.09716599190283404,0
2026-02-10,11990.0,12350.0,11980.0,12120.0,488371021900,40282592,2079,12350.0,12140.0,51.37602224940898,253.12993920342342,367.6254583249897,13489.428194362523,11581.571805637477,12535.5,11317.4,-0.11037891268533773,0
2026-02-14,12350.0,12350.0,11760.0,11900.0,307602267680,25851276,1671,12120.0,11760.0,46.446424384545786,189.60909345210166,332.0221853504121,13514.050789629347,11490.949210370653,12502.5,11362.2,-0.10459183673469385,0
2026-02-15,11550.0,11550.0,11550.0,11550.0,295564603950,25590009,922,11900.0,11550.0,43.93739524611733,120.92912491813695,289.8035732639571,13526.796755157286,11357.203244842714,12442.0,11400.4,-0.10389610389610393,0
2026-02-16,11210.0,11380.0,11210.0,11220.0,405297739670,36121955,2608,11550.0,11250.0,40.5660531912166,41.810299144593955,240.2049184400845,13580.003641276127,11176.996358723873,12378.5,11434.4,-0.06933333333333336,0
2026-02-17,11290.0,11290.0,11000.0,11130.0,247728967890,22254135,1684,11220.0,11150.0,39.47864115502733,-28.631063488744985,186.4377220543186,13589.281448739446,10999.718551260554,12294.5,11464.2,-0.0690582959641256,0
2026-02-18,11180.0,11310.0,10800.0,10850.0,335889361240,30968920,1913,11130.0,10800.0,35.855843701814194,-111.41411326143316,126.86735499116827,13551.481760314764,10796.518239685236,12174.0,11482.2,-0.02777777777777779,0
