date,open,high,low,adjClose,value,volume,count,yesterday,close,rsi,macd,macd_signal,bb_upper,bb_lower,sma_20,sma_50,future_return,signal
2007-05-27,1829.0,1848.0,1813.0,1848.0,1232478002,677604,175,1850.0,1848.0,33.30376384861022,-7.855852984490184,-7.985357958878973,1882.442569301183,1836.357430698817,1859.4,1879.04,0.007575757575757569,0
2007-05-28,1818.0,1845.0,1817.0,1845.0,4885670697,2681100,312,1848.0,1845.0,31.2350854077808,-8.05151509079792,-7.998589385262763,1878.335162197115,1836.564837802885,1857.45,1877.94,0.011924119241192521,0
2007-05-29,1830.0,1844.0,1820.0,1844.0,3436495236,1881316,182,1845.0,1844.0,30.553801161462403,-8.192828534875616,-8.037437215185333,1873.209222955968,1837.690777044032,1855.45,1876.06,0.014099783080260275,0
2007-05-30,1835.0,1845.0,1834.0,1844.0,1498893842,814969,204,1844.0,1844.0,30.553801161462403,-8.210178628841504,-8.071985497916568,1867.6484874630603,1839.5515125369395,1853.6,1873.48,0.014642082429501047,0
2007-06-02,1844.0,1880.0,1843.0,1852.0,5903314799,3142342,628,1844.0,1852.0,42.242213938455755,-7.492032079910359,-7.955994814315327,1862.978549517932,1842.021450482068,1852.5,1871.84,0.011339092872570289,0
2007-06-03,1889.0,1889.0,1862.0,1862.0,6644893791,3517679,457,1852.0,1862.0,52.911124545721314,-6.04628156915328,-7.574052165282918,1862.735426583266,1842.1645734167341,1852.45,1871.12,0.005907626208378147,0
2007-06-06,1899.0,1899.0,1867.0,1867.0,3200694642,1686185,384,1862.0,1867.0,57.17104691512094,-4.445807162501524,-6.948403164726639,1865.1077775729923,1840.9922224270076,1853.05,1870.76,0.023031601499732268,0
2007-06-09,1894.0,1904.0,1866.0,1870.0,3475993043,1842850,285,1867.0,1870.0,59.53633742858307,-2.901893514412677,-6.139101234663848,1868.085453489319,1839.914546510681,1854.0,1870.28,0.0417112299465241,0
2007-06-10,1906.0,1907.0,1871.0,1871.0,752248837,394471,99,1870.0,1871.0,60.32293037843031,-1.5794324680248337,-5.227167481336045,1870.7125755437253,1839.6874244562748,1855.2,1869.7,0.061464457509353254,1
2007-06-11,1908.0,1908.0,950.0,1873.0,893785181478,940111218,178,1871.0,1873.0,61.917434816196135,-0.365772873640708,-4.254888559796978,1873.4025809244433,1839.4974190755568,1856.45,1869.08,0.0704751735184197,1
2007-06-12,1910.0,1910.0,1873.0,1873.0,216131410,113158,39,1873.0,1873.0,61.917434816196135,0.5892683797785594,-3.2860571718818705,1875.6768825361157,1838.8231174638843,1857.25,1868.42,0.06300053390282967,1
2007-06-13,1910.0,1910.0,1910.0,1910.0,25017527620,13098182,1510,1873.0,1910.0,79.55011014933251,4.2823717164485515,-1.7723713942157864,1889.327279385992,1830.372720614008,1859.85,1868.52,0.06178010471204187,1
2007-06-16,1948.0,1948.0,1948.0,1948.0,29286925488,15034356,1898,1910.0,1948.0,86.47587507450346,10.158365821059533,0.6137760488392776,1912.7370850537607,1815.9629149462392,1864.35,1869.48,0.05544147843942504,1
2007-06-17,1986.0,1986.0,1986.0,1986.0,31093916244,15656554,2085,1948.0,1986.0,90.09019483925653,17.677639084546172,4.0265486559806565,1942.352215597286,1799.0477844027141,1870.7,1871.28,0.05538771399798592,1
2007-06-19,2025.0,2025.0,1956.0,2005.0,23809248413,11863183,2574,1986.0,2005.0,91.3368539687086,24.88302253503207,8.19784343179094,1970.2127569883783,1785.9872430116216,1878.1,1873.76,0.04389027431421444,0
2007-06-20,1986.0,1991.0,1966.0,1991.0,11205015358,5676578,1103,2005.0,1991.0,83.0466738400273,29.127889653959528,12.383852676224658,1988.545356866577,1781.254643133423,1884.9,1876.0,0.035158211953792096,0
2007-06-23,2000.0,2030.0,1995.0,2028.0,20160850793,9940077,1623,1991.0,2028.0,86.5271315395048,35.07326543484055,16.921735227947835,2013.3671073375328,1773.832892662467,1893.6,1878.98,0.035996055226824364,0
2007-06-24,2030.0,2068.0,2026.0,2056.0,16194664330,7875528,1583,2028.0,2056.0,88.45819355055337,41.56524628385159,21.850437439128587,2041.1441410686796,1766.3558589313204,1903.75,1882.44,0.04182879377431914,0
2007-06-25,2065.0,2097.0,2062.0,2096.0,22867336715,10909057,1818,2056.0,2096.0,90.54343443720559,49.368761236394676,27.354102198581806,2074.500275937951,1757.3997240620492,1915.95,1886.76,0.0415076335877862,0
2007-06-26,2137.0,2137.0,2065.0,2093.0,20129780241,9614186,1892,2096.0,2093.0,89.24118635495338,54.68070302273054,32.819422363411554,2101.152477589893,1755.047522410107,1928.1,1891.12,0.05112279025322497,1
2007-06-27,2070.0,2070.0,2052.0,2061.0,10145410287,4943752,883,2093.0,2061.0,76.58772510422958,55.666632308061935,37.38886435234163,2116.9149516599728,1760.5850483400272,1938.75,1895.0,0.0674429888403687,1
2007-06-30,2100.0,2102.0,2085.0,2101.0,22200446843,10566520,2214,2061.0,2101.0,80.34020000516993,58.99558964206176,41.71020941028566,2137.5462096388,1765.5537903611996,1951.55,1899.78,0.05711565920990003,1
2007-07-01,2129.0,2143.0,2122.0,2142.0,24596470666,11482272,1778,2101.0,2142.0,83.29558463607125,64.20208795625467,46.20858511947946,2163.039394424014,1769.860605575986,1966.45,1905.4,0.0550887021475257,1
2007-07-02,2179.0,2184.0,2170.0,2183.0,32493053036,14878790,2494,2142.0,2183.0,85.62306445624692,70.82026084679023,51.13092026494162,2192.8711435973955,1773.9288564026047,1983.4,1911.72,0.05497022446174982,1
2007-07-03,2219.0,2223.0,1450.0,2200.0,981070450100,571322642,1214,2183.0,2200.0,86.46515297013784,76.5544958938276,56.21563539071882,2221.247363331932,1780.352636668068,2000.8,1918.06,0.06727272727272737,1
2007-07-04,2189.0,2233.0,2171.0,2200.0,16814821740,7638788,1526,2200.0,2200.0,86.46515297013784,80.17471428231761,61.00745116903858,2244.719030039336,1790.680969960664,2017.7,1924.3,0.08818181818181814,1
2007-07-07,2239.0,2242.0,2210.0,2221.0,10056265516,4510681,991,2200.0,2221.0,87.51298081910721,83.77260943817373,65.56048282286562,2267.797418230068,1803.002581769932,2035.4,1930.94,0.09635299414678067,1
2007-07-08,2258.0,2265.0,2240.0,2260.0,15160636801,6707990,1311,2221.0,2260.0,89.18717475595125,88.74791066355192,70.19796839100289,2293.866859627023,1815.933140372977,2054.9,1938.34,0.07433628318584073,1
2007-07-09,2294.0,2305.0,2290.0,2303.0,23374166886,10145458,1090,2260.0,2303.0,90.67214368148942,95.06476591803812,75.17132789640993,2323.047764135069,1829.9522358649313,2076.5,1946.6,0.033434650455927084,0
2007-07-10,2340.0,2349.0,2320.0,2348.0,44882797405,19111410,814,2303.0,2348.0,91.92237559026908,102.52025347163226,80.6411130114544,2355.1804807197477,1845.3195192802523,2100.25,1955.88,0.015332197614991383,0
2007-07-11,2394.0,2394.0,2394.0,2394.0,32801833890,13701685,701,2348.0,2394.0,92.96098160326024,110.86264111650917,86.68541863246536,2389.367367797684,1863.2326322023164,2126.3,1966.3,-0.0025062656641604564,0
2007-07-14,2441.0,2441.0,2394.0,2435.0,101037157516,41484855,2611,2394.0,2435.0,93.73428278797645,119.40596316173787,93.22952753831987,2428.503238792376,1876.5967612076242,2152.55,1977.32,0.0,0
2007-07-15,2387.0,2428.0,2387.0,2428.0,2249683461,942473,121,2435.0,2428.0,91.87840703039437,124.18029281926192,99.41968059450829,2460.543996415421,1892.5560035845792,2176.55,1988.2,0.022652388797363976,0
2007-07-16,2380.0,2400.0,2380.0,2380.0,55551799076,23338850,1586,2428.0,2380.0,80.15841208918482,122.67664462707398,104.07107340102144,2479.2990240223453,1913.2009759776547,2196.25,1998.18,0.06386554621848739,1
2007-07-17,2381.0,2419.0,2358.0,2384.0,41409372184,17354847,1497,2380.0,2384.0,80.38298140120266,120.41963656052167,107.34078603292149,2495.226855854938,1935.1731441450615,2215.2,2008.38,0.08305369127516782,1
2007-07-25,2333.0,2479.0,2254.0,2388.0,73538904099,30786113,2496,2384.0,2388.0,80.61920874692788,117.59811016580943,109.39225085949909,2504.786519589029,1965.3134804109716,2235.05,2018.88,0.102177554438861,1
2007-07-29,2435.0,2435.0,2435.0,2435.0,15492784900,6362540,612,2388.0,2435.0,83.18190184458689,117.79665090880326,111.07313086935993,2520.9623467286024,1989.8376532713976,2255.4,2030.48,0.09979466119096503,1
2007-07-30,2483.0,2483.0,2483.0,2483.0,15681545412,6315564,1091,2435.0,2483.0,85.31721509387442,120.43885062586332,112.94627482066062,2543.411489533083,2010.0885104669171,2276.75,2043.12,0.0990737011679419,1
2007-07-31,2532.0,2532.0,2532.0,2532.0,21752452512,8591016,1567,2483.0,2532.0,87.1156210332709,125.04525951386358,115.3660717593012,2573.6932172524025,2023.4067827475978,2298.55,2056.82,0.07898894154818326,1
2007-08-01,2582.0,2582.0,2582.0,2582.0,44144709618,17097099,2606,2532.0,2582.0,88.64409997469309,131.2178561125661,118.5364286299542,2607.4840944587286,2038.5159055412714,2323.0,2071.5,0.05886909372579385,1
2007-08-04,2633.0,2633.0,2587.0,2632.0,121823899879,46268455,4074,2582.0,2632.0,89.93053288182908,138.5471798737999,122.53857887872336,2639.7134779079456,2063.3865220920547,2351.55,2087.0,0.04103343465045595,0
2007-08-05,2650.0,2684.0,2645.0,2678.0,53325588071,19910250,3487,2632.0,2678.0,90.94665764386122,146.38015797876824,127.30689469873234,2677.835303889776,2082.9646961102244,2380.4,2103.4,0.03398058252427183,0
2007-08-06,2731.0,2731.0,2729.0,2729.0,16522440740,6049960,575,2678.0,2729.0,91.92016665864058,154.91733275640672,132.8289823102672,2722.73490378931,2096.76509621069,2409.75,2120.82,0.016123122022718928,0
2007-08-07,2783.0,2783.0,2732.0,2732.0,834899490,300000,61,2729.0,2732.0,91.97483310820014,160.07987900377202,138.27916164896817,2761.902078835359,2112.4979211646405,2437.2,2138.28,0.017203513909223922,0
2007-08-08,2786.0,2786.0,2734.0,2734.0,565039284,202814,47,2732.0,2734.0,92.01362683373671,162.45988100380146,143.11530551993485,2793.968417150148,2133.831582849852,2463.9,2155.82,0.03547915142648139,0
2007-08-12,2788.0,2788.0,2740.0,2740.0,2103194232,754374,257,2734.0,2740.0,92.13643655601061,162.95179275876671,147.08260296770123,2818.538154066349,2163.2618459336513,2490.9,2173.52,0.0397810218978103,0
2007-08-13,2794.0,2794.0,2769.0,2769.0,9454918102,3384008,758,2740.0,2769.0,92.71920171623994,163.79358353250018,150.42479908066105,2842.710912270233,2193.889087729767,2518.3,2191.82,0.03394727338389303,0
2007-08-14,2824.0,2824.0,2773.0,2773.0,1229442010,435355,100,2769.0,2773.0,92.79847833767005,162.9056009930323,152.92095946313532,2863.70207583377,2224.1979241662298,2543.95,2210.22,0.03642264695275865,0
2007-08-15,2828.0,2828.0,2779.0,2779.0,1851516562,654709,280,2773.0,2779.0,92.9229567179067,160.83204657045144,154.50317688459853,2883.049777989147,2252.450222010853,2567.75,2228.76,0.035264483627204024,0
2007-08-18,2834.0,2834.0,2783.0,2831.0,84277058183,29760995,2983,2779.0,2831.0,93.90607064593004,161.52277120722783,155.9070957491244,2910.1501531814333,2273.649846818567,2591.9,2248.38,0.018014835747085733,0
2007-08-19,2887.0,2887.0,2849.0,2849.0,5885518656,2038628,455,2831.0,2849.0,94.20610859819169,161.65911932769677,157.05750046483888,2938.069402633803,2291.2305973661973,2614.65,2268.4,0.02070902070902081,0
2007-08-20,2905.0,2905.0,2863.0,2863.0,4439879570,1528358,605,2849.0,2863.0,94.43558523985497,161.04048472888826,157.85409731764878,2965.6694624108327,2306.4305375891677,2636.05,2288.76,0.018861334264757224,0
2007-08-21,2920.0,2920.0,2874.0,2874.0,3514710100,1203668,303,2863.0,2874.0,94.61602028095524,159.59807318020466,158.20289249015997,2988.996200643537,2327.7037993564627,2658.35,2309.36,0.02609603340292277,0
2007-08-22,2931.0,2931.0,2877.0,2877.0,1081350876,368936,155,2874.0,2877.0,94.66681299901347,156.8885134405782,157.94001668024362,3000.8832384624766,2365.516761537523,2683.2,2330.02,0.031630170316301776,0
2007-08-25,2934.0,2934.0,2882.0,2882.0,1508465702,514133,182,2877.0,2882.0,94.75561566073877,153.3765961124882,157.02733256669254,3005.4932749744135,2410.7067250255864,2708.1,2350.62,0.030187369882026305,0
2007-08-26,2939.0,2939.0,2908.0,2908.0,8616036748,2931622,581,2882.0,2908.0,95.2029209876402,150.95128656925544,155.81212336720512,3004.725128175503,2463.474871824497,2734.1,2371.54,0.02235213204951858,0
2007-08-27,2966.0,2966.0,2917.0,2917.0,2810592974,947604,251,2908.0,2917.0,95.35074558848662,148.0488214106631,154.25946297589672,3002.5625175840346,2513.837482415965,2758.2,2392.54,0.019883441892355247,0
2007-08-28,2975.0,2975.0,2949.0,2949.0,10388033340,3491776,661,2917.0,2949.0,95.84143379032989,146.64035074326785,152.73564052937095,3004.3797882267654,2558.6202117732346,2781.5,2414.12,0.011529331976941393,0
2007-09-01,3007.0,3007.0,2968.0,2968.0,6387814815,2124315,445,2949.0,2968.0,96.10433478971254,145.38140249111257,151.26479292171928,3008.923053182293,2597.676946817707,2803.3,2436.06,0.005390835579514919,0
2007-09-02,3027.0,3027.0,2969.0,2969.0,416063597,137451,35,2968.0,2969.0,96.1182441742104,142.81805098311452,149.57544453399834,3013.646623006817,2631.653376993183,2822.65,2457.98,0.006062647356012141,0
2007-09-03,3028.0,3028.0,2973.0,2973.0,1215399286,401387,106,2969.0,2973.0,96.17704322935721,139.5012593345905,147.56060749411677,3020.1672823533627,2659.232717646637,2839.7,2479.98,0.006054490413723412,0
2007-09-04,3032.0,3032.0,2975.0,2975.0,494736934,163172,57,2973.0,2975.0,96.207972402585,135.47241961754617,145.14296991880266,3028.0959305198726,2681.004069480128,2854.55,2501.28,0.005714285714285783,0
2007-09-05,3034.0,3034.0,2983.0,2983.0,2647501264,872611,373,2975.0,2983.0,96.33567723151974,131.4102526641068,142.39642646786348,3039.355636165724,2695.144363834276,2867.25,2521.98,0.0036875628561849894,0
2007-09-08,3042.0,3042.0,2984.0,2984.0,315132368,103594,32,2983.0,2984.0,96.35221434997327,126.80986257051063,139.27911368839293,3047.3400295540264,2712.3599704459734,2879.85,2541.94,0.004691689008042843,0
2007-09-09,3043.0,3043.0,2987.0,2987.0,902544111,296597,86,2984.0,2987.0,96.40463650361225,121.99975793797194,135.82324253830873,3052.0449779842934,2732.9550220157066,2892.5,2561.58,0.005356545028456727,0
2007-09-10,3046.0,3046.0,2991.0,2991.0,1251408952,410837,246,2987.0,2991.0,96.47732760095066,117.15993512970954,132.09058105658892,3053.7570610294238,2756.3429389705766,2905.05,2581.58,0.02407221664994985,0
2007-09-11,3050.0,3050.0,2992.0,2992.0,315890970,103571,98,2991.0,2992.0,96.49639879037962,112.11266728700093,128.0949983026713,3055.579481990746,2776.8205180092536,2916.2,2600.86,0.04010695187165769,0
2007-09-12,3051.0,3051.0,2994.0,2994.0,526989507,172727,85,2992.0,2994.0,96.53678192638344,107.04016208502662,123.88403105914239,3053.928924845488,2800.571075154512,2927.25,2619.62,0.03974615898463596,0
2007-09-15,3053.0,3053.0,2998.0,2998.0,1387682593,454531,146,2994.0,2998.0,96.62067573666062,102.16523450986188,119.54027174928629,3048.533313192384,2827.8666868076157,2938.2,2637.66,0.039026017344896635,0
2007-09-16,3057.0,3057.0,3003.0,3003.0,1733260377,566981,234,2998.0,3003.0,96.7273939404466,97.58043103063119,115.14830360555527,3048.873698865128,2844.7263011348723,2946.8,2655.86,0.03996003996003994,0
2007-09-17,3063.0,3063.0,3063.0,3063.0,45361556697,14809519,2349,3003.0,3063.0,97.67588335873977,97.66264561493063,111.65117200743035,3061.175455147343,2853.824544852657,2957.5,2675.9,0.02122102513875279,0
2007-09-18,3124.0,3124.0,3112.0,3112.0,15865096424,5078456,1045,3063.0,3112.0,98.14796530419626,100.52292603721708,109.4255228133877,3084.4776822432405,2855.422317756759,2969.95,2696.12,0.005141388174807249,0
2007-09-19,3174.0,3174.0,3113.0,3113.0,170855810,53830,24,3112.0,3113.0,98.15619649578443,101.69809815112012,107.88003788093418,3103.54193355915,2860.25806644085,2981.9,2715.54,0.004818503051718492,0
2007-09-22,3175.0,3175.0,3115.0,3115.0,792282550,249538,89,3113.0,3115.0,98.17367906946876,101.61940851784038,106.62791200831543,3118.5903842449757,2869.0096157550247,2993.8,2734.18,0.004494382022471877,0
2007-09-23,3177.0,3177.0,3123.0,3123.0,2541631230,800010,238,3115.0,3123.0,98.2453472830406,101.03787779640652,105.50990516593366,3131.6693546319825,2880.0306453680173,3005.85,2752.64,0.0035222542427153503,0
2007-09-24,3185.0,3185.0,3128.0,3128.0,1592531280,500010,201,3123.0,3128.0,98.2904999392859,99.82969415087973,104.37386296292287,3144.973807311555,2888.726192688445,3016.85,2771.2,0.002557544757033181,0
2007-09-30,3190.0,3190.0,3128.0,3128.0,24769730,7765,4,3128.0,3128.0,98.2904999392859,97.7454511904134,103.04818060842099,3155.647261179366,2899.152738820634,3027.4,2789.34,0.002877237851662384,0
2007-10-01,3190.0,3190.0,3128.0,3128.0,42493370,13321,13,3128.0,3128.0,98.2904999392859,94.99858902833512,101.43826229240383,3166.433473200897,2906.266526799103,3036.35,2806.7,0.0031969309462915874,0
2007-10-02,3190.0,3190.0,3129.0,3129.0,171021670,53612,37,3128.0,3129.0,98.3014184293804,91.84365612040028,99.51934105800314,3176.4793700772702,2912.32062992273,3044.4,2823.22,0.004154682007031063,0
2007-10-06,3191.0,3191.0,3134.0,3134.0,1566904879,491039,178,3129.0,3134.0,98.35789258091738,88.7240516356037,97.36028317352326,3185.470593282851,2919.829406717149,3052.65,2838.94,0.0153158902361199,0
2007-10-07,3196.0,3196.0,3136.0,3136.0,723752776,226456,117,3134.0,3136.0,98.38107899774437,85.42836092374773,94.97389872356817,3193.073353325636,2928.526646674364,3060.8,2853.78,0.02774234693877542,0
2007-10-08,3198.0,3198.0,3137.0,3137.0,302987504,94743,46,3136.0,3137.0,98.3932948270443,81.95249656632495,92.36961829211954,3198.9875090083924,2938.812490991608,3068.9,2867.82,0.02773350334714686,0
2007-10-09,3199.0,3199.0,2388.0,3138.0,325053942005,136089385,41,3137.0,3138.0,98.40624582743162,78.37508151060865,89.57071093581737,3203.7787143017213,2949.521285698279,3076.65,2882.02,0.04780114722753348,0
2007-10-10,3200.0,3200.0,3142.0,3142.0,1441631420,450510,173,3138.0,3142.0,98.45972802127457,74.99818844404263,86.65620643746243,3207.2259552643004,2961.8740447357,3084.55,2897.26,0.06715467854869517,1
2007-10-14,3204.0,3204.0,3182.0,3182.0,13098265772,4088098,1127,3142.0,3182.0,98.868600960357,74.6886774836953,84.262700646709,3215.4001238645474,2973.199876135453,3094.3,2913.22,0.07479572595851658,1
2007-10-15,3245.0,3245.0,3223.0,3223.0,13216888025,4073001,1188,3182.0,3223.0,99.12499596427537,76.86568539244081,82.78329759585537,3229.6156416950125,2982.1843583049877,3105.9,2929.92,0.0822215327334781,1
2007-10-16,3287.0,3287.0,3224.0,3224.0,193478764,58862,54,3223.0,3224.0,99.1301735487051,77.77512822245626,81.78166372117555,3239.8200719424603,2995.1799280575397,3117.5,2945.7,0.10328784119106693,1
2007-10-17,3288.0,3288.0,3288.0,3288.0,32952723984,10022118,3082,3224.0,3288.0,99.38215201387177,82.70674151409276,81.96667927975899,3262.051607614264,3002.3483923857357,3132.2,2961.8,0.20012165450121655,1
2007-10-20,3353.0,3353.0,3353.0,3353.0,34051736859,10155603,2916,3288.0,3353.0,99.53081243930474,90.81319931792086,83.73598328739138,3297.428100069159,3002.4718999308407,3149.95,2978.22,0.1577691619445274,1
2007-10-21,3420.0,3420.0,3420.0,3420.0,69337422000,20274100,4553,3353.0,3420.0,99.6297129239271,101.47423378738222,87.28363338738956,3344.8041378818593,2996.795862118141,3170.8,2994.98,0.1347953216374269,1
2007-10-22,3488.0,3488.0,3488.0,3488.0,96779446688,27746401,4953,3420.0,3488.0,99.6990499413124,114.09499602086498,92.64590591408465,3407.1550673508395,2976.944932649161,3192.05,3012.1,0.11123853211009171,1
2007-10-23,3557.0,3557.0,3557.0,3557.0,68603606453,19286929,3863,3488.0,3557.0,99.75017045997029,128.18710322919696,99.75414537710712,3478.2053618250475,2950.394638174953,3214.3,3029.68,0.06803486083778476,1
2007-11-03,4149.0,4150.0,3820.0,3946.0,206146111822,52229357,5208,3557.0,3946.0,99.87701016622545,168.79844530718583,113.56300536312287,3665.500717250024,2846.3992827499756,3255.95,3054.02,-0.05448555499239738,0
2007-11-04,3868.0,3970.0,3868.0,3882.0,45016810108,11595337,1163,3946.0,3882.0,91.63404693798354,193.58740624797838,129.56788554009398,3780.36917203214,2808.2308279678605,3294.3,3077.02,-0.057959814528593556,0
2007-11-05,3805.0,3881.0,3805.0,3881.0,244841095,64347,13,3882.0,3881.0,91.50696708610488,210.72306047511893,145.79892052709897,3873.949240885495,2790.4507591145048,3332.2,3099.96,-0.06364339087863957,0
2007-11-11,3804.0,3876.0,3804.0,3876.0,1536189060,403835,37,3881.0,3876.0,90.82870484285638,221.3481677986606,160.9087699814113,3951.5805495031686,2787.619450496831,3369.6,3122.68,-0.07301341589267285,0
2007-11-12,3799.0,3799.0,3799.0,3799.0,34661582130,9123870,568,3876.0,3799.0,80.8856391979188,221.00774569831674,172.92856512479239,4002.6512176801734,2803.6487823198268,3403.15,3143.28,-0.07291392471703084,0
2007-11-13,3728.0,3794.0,3724.0,3731.0,86535252579,23189941,2013,3799.0,3731.0,73.2585571717676,212.79792501345082,180.9024371025241,4035.065103674192,2831.5348963258084,3433.3,3162.44,-0.07477887965692842,0
2007-11-14,3657.0,3657.0,3657.0,3657.0,23410691427,6401611,266,3731.0,3657.0,65.96849757373761,198.03754783854538,184.32945924972836,4052.0023214541798,2867.39767854582,3459.7,3180.0,-0.052502050861361726,0
2007-11-17,3584.0,3634.0,3584.0,3634.0,7074174964,1973821,110,3657.0,3634.0,63.842023172654706,182.38155378027386,183.93987815583748,4061.919230448892,2907.4807695511076,3484.7,3196.06,-0.06246560264171708,0
2007-11-18,3562.0,3593.0,3562.0,3593.0,12888940582,3618456,143,3634.0,3593.0,60.12158016251645,164.7663840334203,180.10517933135407,4063.5365016347173,2951.563498365283,3507.55,3210.94,-0.05482883384358472,0
2007-11-19,3522.0,3522.0,3522.0,3522.0,23365099446,6634043,196,3593.0,3522.0,54.228103029518955,143.42382786100325,172.76890903728392,4056.157195096101,2997.4428049038993,3526.8,3224.12,-0.054798409994321395,0
2007-11-20,3452.0,3500.0,3452.0,3452.0,234561737992,67946383,4722,3522.0,3452.0,49.11611744909052,119.48394678163368,162.11191658615388,4042.618985842381,3042.381014157619,3542.5,3235.68,-0.03736964078794902,0
2007-11-21,3430.0,3510.0,3385.0,3465.0,69346194088,20011097,2333,3452.0,3465.0,50.05771136476897,100.40302631453096,149.7701385318293,4025.7655210437906,3091.5344789562096,3558.65,3247.44,-0.05367965367965366,0
2007-11-24,3473.0,3501.0,3396.0,3407.0,21692544948,6366536,660,3465.0,3407.0,45.97045802380044,79.68261254327308,135.75263333411806,4010.260261604078,3129.539738395922,3569.9,3257.94,-0.043146463164074,0
2007-11-25,3339.0,3396.0,3339.0,3396.0,3289907253,985297,148,3407.0,3396.0,45.21639802031249,61.66311329179416,120.93472932565328,3997.59437712492,3159.5056228750805,3578.55,3267.7,-0.0400471142520612,0
2007-11-26,3329.0,3329.0,3329.0,3329.0,20943338220,6291180,242,3396.0,3329.0,40.823929285869255,41.49782911138482,105.04734928279959,3987.2871001655594,3180.312899834441,3583.8,3275.94,-0.021628116551516974,0
2007-11-27,3263.0,3323.0,3263.0,3323.0,1823208376,558752,78,3329.0,3323.0,40.445016842642914,24.74727507703119,88.98733444164591,3984.164337424047,3186.9356625759533,3585.55,3283.42,-0.020162503761661177,0
2007-11-28,3257.0,3279.0,3257.0,3279.0,13590826105,4172805,185,3323.0,3279.0,37.68282625057525,7.831629892542878,72.7561935318253,3990.282748442154,3173.4172515578457,3581.85,3289.64,-0.021957913998170153,0
2007-12-01,3214.0,3260.0,3214.0,3260.0,5938508260,1847700,108,3279.0,3260.0,36.522876427853554,-7.026287330546893,56.79969735935087,4000.5111184535235,3147.1888815464763,3573.85,3295.46,-0.01625766871165646,0
2007-12-02,3195.0,3260.0,3195.0,3260.0,145047260,45398,26,3260.0,3260.0,36.522876427853554,-18.5870340172346,41.72235108403378,4009.379737207105,3115.5202627928948,3562.45,3301.2,-0.008282208588957007,0
2007-12-03,3195.0,3257.0,3195.0,3257.0,859219190,268926,46,3260.0,3257.0,36.31815817274693,-27.67209727298996,27.843461412629036,4013.8191563557903,3081.0808436442094,3547.45,3306.84,-0.002763279091188231,0
2007-12-04,3192.0,3256.0,3192.0,3256.0,387228544,121312,28,3257.0,3256.0,36.245228231315814,-34.55444486911756,15.363880156279718,3957.876274791691,3068.023725208309,3512.95,3312.3,0.01259213759213762,0
2007-12-05,3191.0,3321.0,3191.0,3207.0,190593654461,59414283,4076,3256.0,3207.0,32.77248852613613,-43.46164660546765,3.5987748039302456,3909.182139163955,3049.2178608360446,3479.2,3316.76,0.008730901153726212,0
2007-12-08,3210.0,3260.0,3166.0,3207.0,33213168190,10352089,1088,3207.0,3207.0,32.77248852613613,-49.944934044425736,-7.109966965740951,3849.073785075308,3041.926214924692,3445.5,3321.16,0.02369816027439975,0
2007-12-09,3230.0,3271.0,3210.0,3233.0,11852522097,3643781,386,3207.0,3233.0,36.51561861167472,-52.38118563854459,-16.16421070030168,3774.878021044027,3051.821978955973,3413.35,3326.0,0.012991030003093096,0
2007-12-10,3297.0,3297.0,3248.0,3248.0,4873786463,1478249,175,3233.0,3248.0,38.63831441111095,-52.49641197993651,-23.430650956228646,3707.3422833781124,3064.257716621888,3385.8,3331.12,0.008312807881773354,0
2007-12-11,3312.0,3312.0,3213.0,3297.0,70643721718,21450406,1762,3248.0,3297.0,45.09649843579054,-48.07960741003035,-28.36044224698899,3645.614404604826,3082.5855953951736,3364.1,3337.18,-0.006976038823172548,0
2007-12-12,3290.0,3297.0,3232.0,3235.0,25977439448,8018532,618,3297.0,3235.0,39.44019748442924,-49.01710118107212,-32.49177403380561,3595.2792103999245,3090.7207896000755,3343.0,3341.92,0.012055641421947483,0
2007-12-15,3258.0,3299.0,3237.0,3283.0,20144389766,6133987,525,3235.0,3283.0,45.17361452826953,-45.363945575124035,-35.0662083420693,3540.3839200777975,3110.516079922202,3325.45,3347.52,-0.002741395065488872,0
2007-12-16,3276.0,3283.0,3218.0,3275.0,3186269110,985383,100,3283.0,3275.0,44.41881865015366,-42.62299522202966,-36.57756571806138,3486.6877712403793,3132.412228759621,3309.55,3351.76,-0.0003053435114503955,0
2007-12-17,3210.0,3275.0,3210.0,3275.0,86808680,27043,19,3275.0,3275.0,44.41881865015366,-39.98979485738846,-37.260011545926794,3445.4546457957003,3148.9453542042993,3297.2,3355.02,-0.0003053435114503955,0
2007-12-18,3210.0,3274.0,3210.0,3274.0,161200420,50218,20,3275.0,3274.0,44.311483899472954,-37.55079406050572,-37.31816804884258,3418.598273204247,3158.0017267957533,3288.3,3358.24,-0.00030543677458760854,0
2007-12-19,3209.0,3274.0,3209.0,3274.0,94682195,29505,21,3274.0,3274.0,44.311483899472954,-35.211966723227306,-36.896927783719526,3380.7752419747603,3176.7247580252397,3278.75,3361.42,-0.00030543677458760854,0
2007-12-22,3209.0,3274.0,3209.0,3274.0,66199111,20629,11,3274.0,3274.0,44.311483899472954,-32.978276168684715,-36.11319746071256,3355.4496250741913,3188.7503749258085,3272.1,3364.44,-0.0006108735491753281,0
2007-12-23,3209.0,3274.0,3209.0,3274.0,27742455,8645,7,3274.0,3274.0,44.311483899472954,-30.85241290038266,-35.06104054864658,3327.06390095636,3204.93609904364,3266.0,3367.36,-0.020464263897373214,0
2007-12-24,3209.0,3274.0,3209.0,3274.0,68150183,21237,13,3274.0,3274.0,44.311483899472954,-28.83525606168041,-33.81588365125335,3317.2643499452515,3209.2356500547485,3263.25,3370.28,-0.03512522907758098,0
2007-12-25,3209.0,3273.0,3209.0,3273.0,206063366,64214,16,3274.0,3273.0,44.156924443081266,-27.006027700170762,-32.453912461036836,3307.6280332352803,3213.8719667647197,3260.75,3373.18,-0.027803238619004023,0
2007-12-26,3208.0,3273.0,3208.0,3273.0,38089234,11873,12,3273.0,3273.0,44.156924443081266,-25.26511057704829,-31.016152084239128,3306.932147110563,3213.9678528894365,3260.45,3376.06,-0.017109685304002475,0
2007-12-30,3208.0,3272.0,3208.0,3272.0,342515592,106769,13,3273.0,3272.0,43.9790169777836,-23.692994761758655,-29.551520619743037,3307.8024330918515,3214.297566908149,3261.05,3378.82,-0.016198044009779977,0
2007-12-31,3207.0,3207.0,3207.0,3207.0,54849321,17103,11,3272.0,3207.0,34.30423591764868,-27.37645963853447,-29.116508423501326,3310.761818150328,3206.038181849672,3258.4,3380.24,0.006236357966947326,0
2008-01-01,3143.0,3205.0,3143.0,3159.0,56342263731,17834519,1580,3207.0,3159.0,29.19639440047608,-33.77944255180819,-30.049095249162697,3321.480879664858,3185.519120335142,3253.5,3380.68,0.041468819246597066,0
2008-01-02,3189.0,3222.0,3163.0,3182.0,8373991750,2604903,296,3159.0,3182.0,34.24843724281813,-36.57631585933859,-31.35453937119788,3324.5518561642975,3175.048143835703,3249.8,3381.56,0.054054054054053946,1
2008-01-05,3245.0,3245.0,3217.0,3217.0,11502564200,3544704,184,3182.0,3217.0,41.13203614725147,-35.558751460858275,-32.19538178912996,3324.0267929589227,3176.5732070410777,3250.3,3383.06,0.05657444824370539,1
2008-01-06,3240.0,3243.0,3160.0,3219.0,18925936397,5879043,797,3217.0,3219.0,41.50886673520965,-34.19674230010196,-32.59565389132436,3323.3924823689176,3178.4075176310826,3250.9,3383.8,0.056539297918608344,1
2008-01-08,3190.0,3272.0,3184.0,3227.0,9746560701,3011602,444,3219.0,3227.0,43.07846465308467,-32.10175800264187,-32.496874713587864,3323.4351563464224,3177.7648436535774,3250.6,3383.88,0.054229934924078016,1
2008-01-09,3291.0,3291.0,3290.0,3290.0,23348231725,7094585,357,3227.0,3290.0,53.63108982868025,-25.068915513149022,-31.011282873500097,3327.509357703484,3177.8906422965156,3252.7,3385.2,0.054711246200607855,1
2008-01-12,3345.0,3355.0,3302.0,3354.0,33831056967,10086053,722,3290.0,3354.0,61.44979304539229,-14.167754981344842,-27.642577295069046,3340.5428820549578,3170.5571179450426,3255.55,3386.52,0.010137149672033496,0
2008-01-13,3421.0,3421.0,3399.0,3399.0,14444624920,4222340,334,3354.0,3399.0,65.81460613426407,-1.8757602059276905,-22.489213877240775,3368.563882668319,3158.936117331681,3263.75,3387.44,0.005884083553986397,0
2008-01-14,3466.0,3466.0,3401.0,3401.0,574942896,165881,36,3399.0,3401.0,65.99886758405438,7.935640375449111,-16.404243026702797,3390.232378480474,3149.0676215195263,3269.65,3387.06,0.024404586886209945,0
2008-01-15,3469.0,3469.0,3402.0,3402.0,243367025,70155,48,3401.0,3402.0,66.09726491534119,15.611972564557163,-10.000999908450806,3409.7026551718714,3142.2973448281286,3276.0,3385.34,0.003527336860670305,0
2008-01-16,3470.0,3470.0,3470.0,3470.0,56137264420,16177886,1206,3402.0,3470.0,72.02573033847754,26.872780147880803,-2.6262438971844846,3443.9370727967635,3127.5629272032365,3285.75,3383.6,-0.02420749279538903,0
2008-01-29,3400.0,3496.0,3331.0,3388.0,64221862000,18953509,1952,3470.0,3388.0,58.696392177425025,28.847797141676892,3.668564310587791,3455.6346216915845,3127.265378308415,3291.45,3372.44,-0.008264462809917328,0
2008-01-30,3388.0,3455.0,3331.0,3419.0,34325904174,10039542,1253,3388.0,3419.0,61.590359868900364,32.53935977622723,9.442723403715679,3471.729592844718,3125.6704071552817,3298.7,3363.18,-0.021643755484059612,0
2008-02-02,3487.0,3487.0,3420.0,3484.0,25078076153,7196993,657,3419.0,3484.0,66.83715197778587,40.245975973938585,15.603373917760262,3499.5770994631685,3118.822900536831,3309.2,3355.24,-0.05281285878300801,0
2008-02-03,3415.0,3415.0,3414.0,3414.0,23025903860,6742578,285,3484.0,3414.0,57.696585755050215,40.24123395249944,20.5309459247081,3511.1262424611145,3121.273757538885,3316.2,3346.0,-0.052431165787932055,0
2008-02-04,3396.0,3482.0,3346.0,3386.0,26931918832,7953856,794,3414.0,3386.0,54.48669463598988,37.54531089920556,23.933818919607592,3517.9862380494856,3125.613761950515,3321.8,3337.74,-0.05404607206142942,0
2008-02-05,3380.0,3420.0,3319.0,3360.0,12111946431,3625941,531,3386.0,3360.0,51.61513866698325,32.93117960788777,25.733291057263628,3521.6721470831617,3130.6278529168385,3326.15,3330.32,-0.029166666666666674,0
2008-02-06,3419.0,3419.0,3293.0,3345.0,7514001918,2264332,308,3360.0,3345.0,49.97864658471838,27.744254184685815,26.135483682748067,3523.871482582453,3135.628517417547,3329.75,3324.08,-0.008669656203288523,0
2008-02-09,3279.0,3300.0,3279.0,3300.0,14218169116,4335975,304,3345.0,3300.0,45.33483309033381,19.774506298306278,24.86328820585971,3523.984929408574,3138.3150705914263,3331.15,3317.4,-0.014848484848484889,0
2008-02-10,3234.0,3270.0,3234.0,3235.0,30722630160,9496801,753,3300.0,3235.0,39.60979478861847,8.11986614460966,21.5146037936097,3522.1384753881675,3142.961524611833,3332.55,3310.24,-0.0015455950540957941,0
2008-02-12,3266.0,3268.0,3171.0,3203.0,13824764411,4342051,455,3235.0,3203.0,37.12422974687517,-3.656502820760579,16.48038247073565,3517.1154298380306,3152.3845701619694,3334.75,3303.86,0.0062441461130191556,0
2008-02-13,3230.0,3267.0,3202.0,3262.0,21369820970,6550495,697,3203.0,3262.0,44.090422210239325,-8.134780468036752,11.557349882981168,3510.753342990797,3166.746657009203,3338.75,3300.06,-0.019006744328632696,0
2008-02-16,3327.0,3327.0,3230.0,3316.0,37734069042,11377498,885,3262.0,3316.0,49.59486502550105,-7.243006197747945,7.797278666835345,3506.874875517066,3180.5251244829337,3343.7,3297.08,-0.03347406513872131,0
2008-02-17,3270.0,3295.0,3250.0,3251.0,23979556327,7375763,506,3316.0,3251.0,43.98175005210601,-11.646966456664359,3.908429642135405,3504.1220387729927,3186.4779612270077,3345.3,3293.96,-0.007689941556444202,0
2008-02-18,3252.0,3260.0,3186.0,3230.0,14357996775,4456566,459,3251.0,3230.0,42.31543670126012,-16.639847383659344,-0.20122576302354522,3503.8298914004235,3187.070108599576,3345.45,3290.64,0.009287925696594534,0
2008-02-19,3240.0,3260.0,3173.0,3223.0,5879344280,1833134,353,3230.0,3223.0,41.74765720484958,-20.920425347730998,-4.345065679965035,3507.6993961341946,3176.5006038658053,3342.1,3288.52,0.01613403661185231,0
2008-02-20,3250.0,3250.0,3159.0,3200.0,9388606200,2958556,459,3223.0,3200.0,39.855390174507406,-25.870502950946957,-8.650153134161421,3511.0243471325794,3157.775652867421,3334.4,3286.06,0.009374999999999911,0
2008-02-23,3240.0,3250.0,3169.0,3205.0,11082399016,3453290,465,3200.0,3205.0,40.4869138510501,-29.05508793408262,-12.731140094145662,3507.2761211111947,3142.123878888805,3324.7,3284.58,-0.0012480499219968966,0
2008-02-24,3256.0,3269.0,3172.0,3226.0,14477972771,4474937,571,3205.0,3226.0,43.18520223914373,-29.543807360367282,-16.093673547389987,3499.8298248857373,3132.0701751142624,3315.95,3283.9,-0.015189088654680716,0
2008-02-25,3278.0,3290.0,3260.0,3260.0,11797329521,3590181,328,3226.0,3260.0,47.347553732419804,-26.87777491816405,-18.2504938215448,3489.8342810854283,3127.8657189145715,3308.85,3283.9,-0.019938650306748462,0
2008-02-26,3300.0,3321.0,3210.0,3275.0,16879349612,5147494,515,3260.0,3275.0,49.11861362520908,-23.28612243588941,-19.257619544413725,3464.660744139452,3133.5392558605477,3299.1,3284.26,-0.02503816793893132,0
2008-02-27,3217.0,3270.0,3210.0,3230.0,14671607655,4565319,322,3275.0,3230.0,44.30397869587951,-23.796524366461654,-20.16540050882331,3454.0957949119897,3128.30420508801,3291.2,3283.74,0.004953560371516952,0
2008-03-01,3210.0,3210.0,3166.0,3201.0,9391662203,2964381,394,3230.0,3201.0,41.48204024038229,-26.238616769428972,-21.380043760944446,3436.570406667446,3124.029593332554,3280.3,3283.62,0.013120899718837897,0
2008-03-02,3144.0,3177.0,3137.0,3177.0,7793790576,2481991,287,3201.0,3177.0,39.253691107668445,-29.767451366974,-23.05752528215036,3396.530355676707,3133.3696443232925,3264.95,3283.02,0.017626691847655085,0
2008-03-03,3120.0,3240.0,3120.0,3195.0,7395524833,2291031,282,3177.0,3195.0,41.779748154599496,-30.757080167136337,-24.597436259147553,3369.625256756509,3138.374743243491,3254.0,3282.26,0.00657276995305156,0
2008-03-04,3227.0,3229.0,3149.0,3193.0,5149867629,1615229,189,3195.0,3193.0,41.57288857619807,-31.341466490145194,-25.946242305347084,3345.622454300311,3143.077545699689,3244.35,3281.16,0.0053241465706233004,0
2008-03-05,3199.0,3256.0,3182.0,3246.0,21189095915,6526657,431,3193.0,3246.0,48.806500315909965,-27.214231085207757,-26.19984006131922,3324.9732877038896,3152.3267122961106,3238.65,3280.14,-0.0135551447935921,0
2008-03-09,3260.0,3260.0,3201.0,3243.0,4038283824,1250563,209,3246.0,3243.0,48.44091964391292,-23.90982464447052,-25.741836977949482,3304.8899607513804,3162.21003924862,3233.55,3280.3,-0.014184397163120588,0
2008-03-10,3211.0,3250.0,3200.0,3233.0,54754351288,16893228,427,3243.0,3233.0,47.17251444327756,-21.846146382987172,-24.962698858957022,3294.709224146694,3165.6907758533057,3230.2,3279.3,-0.011135168574079812,0
2008-03-11,3197.0,3233.0,3170.0,3216.0,41352313412,12822170,317,3233.0,3216.0,45.01460752601623,-21.33647086321571,-24.23745325980876,3294.0076250337243,3164.4923749662757,3229.25,3278.12,-0.005597014925373123,0
2008-03-12,3200.0,3217.0,3190.0,3210.0,56305023296,17516628,291,3216.0,3210.0,44.245303732154326,-21.172634249569,-23.62448945776081,3293.8600964830307,3165.339903516969,3229.6,3276.82,-0.004049844236760136,0
2008-03-15,3200.0,3210.0,3180.0,3202.0,238655312389,74366965,345,3210.0,3202.0,43.185546840564136,-21.441165287315016,-23.187824623671652,3290.127631783409,3163.072368216591,3226.6,3275.38,-0.0031230480949406836,0
2008-03-16,3200.0,3210.0,3165.0,3197.0,10342433049,3239976,269,3202.0,3197.0,42.50037961816449,-21.806069487402965,-22.911473596417913,3270.3582488125294,3170.941751187471,3220.65,3273.84,-0.001876759461995614,0
2008-03-17,3199.0,3212.0,3182.0,3197.0,7845285377,2452700,302,3197.0,3197.0,42.500379618164494,-21.843460875079927,-22.69787105215032,3266.6263803092247,3169.273619690775,3217.95,3272.3,-0.003440725680325274,0
2008-03-18,3200.0,3257.0,3168.0,3198.0,7690921574,2403116,329,3197.0,3198.0,42.71120708446321,-21.544055713002308,-22.467107984320716,3265.4387970927,3167.2612029073,3216.35,3270.78,0.0,0
2008-03-24,3198.0,3199.0,3160.0,3197.0,804269977,253387,68,3198.0,3197.0,42.54321947588929,-21.14373479441747,-22.20243334634007,3264.7389323693747,3165.3610676306257,3215.05,3269.24,0.002189552705661457,0
2008-03-26,3179.0,3197.0,3137.0,3192.0,2477201734,784073,128,3197.0,3192.0,41.660914181006476,-20.987999205276083,-21.959546518127276,3264.942245923286,3164.357754076714,3214.65,3267.62,0.01347117794486219,0
2008-03-29,3170.0,3191.0,3151.0,3191.0,931390021,293925,62,3192.0,3191.0,41.47564789676707,-20.706576744207723,-21.708952563343367,3265.141698545841,3162.7583014541588,3213.95,3265.98,0.017235976183014756,0
2008-03-30,3173.0,3200.0,3158.0,3186.0,4219431335,1331628,201,3191.0,3186.0,40.505721768711844,-20.64897707534601,-21.496957465743897,3264.216528486291,3159.683471513709,3211.95,3264.26,0.03264281230382915,0
2008-04-02,3186.0,3249.0,3186.0,3198.0,9121025201,2808164,149,3186.0,3198.0,43.89673541763171,-19.411268194324748,-21.079819611460067,3256.499868835163,3161.200131164837,3208.85,3264.08,0.04627892432770486,0
2008-04-05,3261.0,3261.0,3204.0,3204.0,1963991032,602282,81,3198.0,3204.0,45.56732102163693,-17.74170974686558,-20.412197638541173,3242.0374468357318,3168.5625531642686,3205.3,3264.98,0.027153558052434468,0
2008-04-06,3268.0,3900.0,3235.0,3235.0,3091065472350,793080010,341,3204.0,3235.0,53.30401271232846,-13.758531934789517,-19.08146449779084,3243.017185643016,3168.0828143569843,3205.55,3266.04,0.012364760432766575,0
2008-04-07,3299.0,3299.0,3246.0,3246.0,3515898823,1065747,199,3235.0,3246.0,55.70959862554209,-9.603523313535788,-17.185876260939832,3249.1114996097726,3166.4885003902277,3207.8,3266.62,0.007393715341959428,0
2008-04-08,3310.0,3900.0,3290.0,3290.0,3095404712670,794351877,570,3246.0,3290.0,63.75327755190867,-2.728761307555942,-14.294453270263054,3265.8006446952495,3161.09935530475,3213.45,3268.04,0.004559270516717229,0
2008-04-09,3355.0,3900.0,3271.0,3346.0,3159108697135,813342697,1717,3290.0,3346.0,70.97761793139826,7.155781703483171,-10.004406275513809,3298.1906730117594,3143.8093269882406,3221.0,3270.42,-0.01075911536162577,0
2008-04-12,3297.0,3297.0,3280.0,3291.0,17316658733,5278603,389,3346.0,3291.0,58.62000343576458,10.431070026052112,-5.9173110152006245,3307.6652738025646,3144.1347261974356,3225.9,3270.44,0.009115770282588809,0
2008-04-13,3249.0,3275.0,3226.0,3275.0,5142224537,1593180,223,3291.0,3275.0,55.58795657492983,11.60195324144297,-2.4134581638719057,3311.4838814034415,3143.2161185965583,3227.35,3268.86,0.012213740458015376,0
2008-04-14,3210.0,3327.0,3210.0,3270.0,6195124821,1901010,350,3275.0,3270.0,54.636890373102005,11.988235495764457,0.4668805680553667,3314.642073514713,3142.7579264852866,3228.7,3266.28,0.01192660550458724,0
2008-04-15,3300.0,3335.0,3280.0,3305.0,12729273960,3824045,318,3270.0,3305.0,59.81928439083015,14.94628301130706,3.3627610567057054,3324.4674562956384,3140.132543704362,3232.3,3264.36,-0.0009077155824508409,0
2008-04-16,3360.0,4018.0,3310.0,3310.0,3178045594286,791147440,233,3305.0,3310.0,60.51329349362321,17.492373993440197,6.188683644052604,3334.779343421852,3139.220656578148,3237.0,3262.52,-0.0033232628398791597,0
2008-04-19,3310.0,3369.0,3300.0,3321.0,9902966408,2959373,290,3310.0,3321.0,62.06563641708955,20.165324204588615,8.984011756159807,3346.005256028916,3139.0947439710844,3242.55,3259.54,-0.00782896717856063,0
2008-04-20,3350.0,3352.0,3255.0,3315.0,10992944652,3312603,369,3321.0,3315.0,60.66470746468827,21.551079222387216,11.497425249405289,3354.4837711036284,3141.916228896371,3248.2,3258.08,-0.00874811463046754,0
2008-04-21,3261.0,3311.0,3252.0,3309.0,2666816132,815990,144,3315.0,3309.0,59.22506345058701,21.912555897615675,13.580451379047366,3360.50445164101,3147.0955483589905,3253.8,3255.88,-0.0027198549410698547,0
2008-04-22,3268.0,3302.0,3246.0,3302.0,3769061481,1151419,199,3309.0,3302.0,57.51033107076817,21.387643823818962,15.141889868001687,3364.3827584372907,3153.7172415627097,3259.05,3252.24,0.00575408843125369,0
2008-04-23,3272.0,3329.0,3271.0,3299.0,4321974235,1314209,217,3302.0,3299.0,56.751963757465795,20.49333785347835,16.21217946509702,3366.8947469475393,3161.3052530524606,3264.1,3249.94,0.006668687481054869,0
2008-04-26,3318.0,3319.0,3260.0,3295.0,3262670630,995760,186,3299.0,3295.0,55.69735415051066,19.240040151890298,16.817751602455676,3367.7987854176795,3170.2012145823205,3269.0,3248.12,-0.0036418816388467112,0
2008-04-27,3270.0,3286.0,3247.0,3286.0,5195886633,1593493,263,3295.0,3286.0,53.297499890995525,17.320903318430283,16.918381945650598,3366.138303749088,3181.2616962509114,3273.7,3246.64,-0.0033475349969568358,0
2008-04-28,3260.0,3351.0,3221.0,3300.0,21226122882,6431403,593,3286.0,3300.0,56.44157343759427,16.73672598944131,16.88205075440874,3363.982246227533,3194.3177537724673,3279.15,3245.74,-0.007575757575757569,0
2008-04-29,3359.0,3366.0,3300.0,3321.0,29291415153,8835772,298,3300.0,3321.0,60.713926487443594,17.763518954029223,17.05834439433284,3360.9277282077023,3210.872271792298,3285.9,3246.16,-0.012044564890093312,0
2008-04-30,3332.0,3370.0,3281.0,3321.0,31440502276,9486806,635,3321.0,3321.0,60.713926487443594,18.365553111993904,17.31978613786505,3356.6951080903177,3227.4048919096826,3292.05,3247.88,-0.010538994278831648,0
2008-05-03,3299.0,3299.0,3255.0,3283.0,11846990993,3639167,288,3321.0,3283.0,50.34992539172305,15.59659921168668,16.975148752629377,3346.8173198821905,3245.1826801178095,3296.0,3249.48,0.0030459945172098823,0
2008-05-04,3222.0,3275.0,3219.0,3275.0,2922412739,904584,205,3283.0,3275.0,48.47390227103417,12.61127522470315,16.10237404704413,3341.7081228149746,3254.2918771850254,3298.0,3249.74,0.012824427480915945,0
2008-05-05,3228.0,3289.0,3227.0,3275.0,1288587827,393833,105,3275.0,3275.0,48.47390227103417,10.12862793889326,14.907624825413956,3337.751305460896,3261.1486945391034,3299.45,3248.92,0.02839694656488545,0
2008-05-06,3299.0,3340.0,3280.0,3281.0,3354924633,1012875,152,3275.0,3281.0,50.091406108187236,8.546740430764658,13.635447946484097,3337.9409809841627,3260.0590190158373,3299.0,3249.52,0.03200243828101179,0
2008-05-07,3324.0,3324.0,3285.0,3286.0,4126210458,1248203,217,3281.0,3286.0,51.45891752562048,7.608831523475601,12.430124661882399,3328.7475189901293,3263.2524810098707,3296.0,3250.64,0.04077906269020093,0
2008-05-10,3310.0,3329.0,3291.0,3293.0,9155286523,2771880,312,3286.0,3293.0,53.38465570977125,7.345696835160652,11.413239096538051,3328.7980121721316,3263.401987827868,3296.1,3252.04,0.05344670513209837,1
2008-05-11,3318.0,3370.0,3289.0,3317.0,28124027318,8481101,615,3293.0,3317.0,59.34055225634457,8.970355448758255,10.924662366982094,3330.6012345445183,3265.7987654554813,3298.2,3254.38,0.05939101597829355,1
2008-05-12,3416.0,3416.0,3368.0,3368.0,11778670068,3452581,437,3317.0,3368.0,68.53932522440954,14.209385924383241,11.581607078462323,3345.161383714863,3261.038616285137,3303.1,3257.64,0.04809976247030878,0
2008-05-13,3469.0,3469.0,3386.0,3386.0,3926810038,1131972,112,3368.0,3386.0,71.03045900668431,19.588006542900075,13.182886971349873,3362.6235071904507,3251.6764928095495,3307.15,3260.84,0.04932073242764323,0
2008-05-14,3487.0,3487.0,3420.0,3420.0,7329537337,2101961,239,3386.0,3420.0,75.04931613274593,26.29105111247418,15.804519799574734,3386.8235127927014,3238.4764872072988,3312.65,3264.04,0.09502923976608191,1
2008-05-17,3522.0,3522.0,3469.0,3469.0,10790826340,3063835,316,3420.0,3469.0,79.46968416702404,35.15194299903487,19.674004439466763,3420.8358621038146,3219.2641378961857,3320.05,3267.92,0.11127125972902863,1
2008-05-18,3573.0,3573.0,3514.0,3514.0,9824027224,2749518,292,3469.0,3514.0,82.53062215634182,45.283388858887065,24.795881323350827,3461.453413801275,3198.546586198725,3330.0,3273.6,0.12862834376778598,1
2008-05-19,3510.0,3589.0,3490.0,3530.0,40954054452,11598838,1338,3514.0,3530.0,83.47406808028731,53.981434602544596,30.632991979189583,3498.223121111752,3183.8768788882485,3341.05,3280.18,0.15552407932011336,1
2008-05-20,3574.0,3635.0,3197.0,3553.0,72748793754,22545629,777,3530.0,3553.0,84.7491176845694,62.01572759711917,36.9095391027755,3534.577788692451,3172.6222113075487,3353.6,3287.7,0.18209963411201802,1
2008-05-25,3755.0,3800.0,3650.0,3745.0,44644943191,11919131,1294,3553.0,3745.0,90.99507742554339,82.91990897352798,46.11161307692599,3622.4894563845132,3129.310543615487,3375.9,3298.7,0.11295060080106811,1
2008-05-26,3846.0,3857.0,3197.0,3855.0,56699300506,15674277,779,3745.0,3855.0,92.81150579958835,107.12780140263976,58.31485074206875,3723.69487175377,3084.1051282462304,3403.9,3311.94,0.05836575875486383,1
2008-05-27,3970.0,3970.0,3891.0,3966.0,87893523973,22158272,1747,3855.0,3966.0,94.10395641220694,133.72797009892247,73.3974746134395,3835.4625233847005,3040.3374766152997,3437.9,3326.34,0.04236006051437213,0
2008-05-28,4020.0,4084.0,4000.0,4079.0,51959092358,12735139,861,3966.0,4079.0,95.07478278748822,162.05883765186263,91.12974722112413,3956.835531031937,2996.8644689680627,3476.85,3343.06,0.03824466781073799,0
2008-05-31,4201.0,4201.0,4110.0,4200.0,111932317795,26644580,1768,4079.0,4200.0,95.86073436396505,192.06098359616772,111.31599449613286,4088.5948925448447,2953.0051074551557,3520.8,3362.4,0.016904761904761978,0
2008-06-01,4216.0,4216.0,4074.0,4168.0,8134035249,1984729,345,4200.0,4168.0,91.69340530819312,210.82550268533942,131.2178961339742,4188.45513351484,2937.84486648516,3563.15,3381.44,0.03023032629558542,0
2008-06-02,4043.0,4197.0,4043.0,4080.0,36715909118,8997842,1212,4168.0,4080.0,81.23474108396613,216.10453612915944,148.19522413301127,4252.911070839706,2953.088929160295,3603.0,3398.84,0.05808823529411766,1
2008-06-08,4190.0,4200.0,4134.0,4134.0,15947188733,3823992,618,4080.0,4134.0,82.55005087929253,222.08549354378601,162.97327801516622,4316.681682567636,2975.218317432363,3645.95,3417.48,0.0500725689404935,1
2008-06-09,4258.0,4258.0,4235.0,4235.0,21900950384,5143483,395,4134.0,4235.0,84.70890970550714,232.29752008181185,176.83812642849534,4388.601128265127,2999.298871734873,3693.95,3438.24,0.050531286894923255,1
2008-06-10,4362.0,4362.0,4271.0,4271.0,7881858284,1806937,249,4235.0,4271.0,85.40215150490937,240.5229252602444,189.57508619484517,4454.24602559385,3032.6539744061492,3743.45,3459.72,0.06766565207211417,1
2008-06-11,4399.0,4399.0,4294.0,4294.0,5058892940,1150010,197,4271.0,4294.0,85.84372726760867,246.06108686431344,200.87228632873882,4510.675857513535,3077.024142486465,3793.85,3481.64,0.09361900326036321,1
2008-06-14,4422.0,4422.0,4317.0,4317.0,4928835324,1114617,181,4294.0,4317.0,86.29033665711148,249.43074525081374,210.58397811315382,4557.735477612681,3132.364522387319,3845.05,3504.04,0.12022237665045177,1
2008-06-15,4446.0,4446.0,4341.0,4341.0,5335243410,1200010,210,4317.0,4341.0,86.75973723669614,251.14280529435928,218.69574354939493,4596.8645516616225,3195.6354483383775,3896.25,3527.02,0.14743146740382396,1
2008-06-16,4471.0,4471.0,4449.0,4449.0,23472794490,5250010,1041,4341.0,4449.0,88.64399235845555,258.237521222557,226.60409908402735,4646.3402574564325,3254.2597425435674,3950.3,3552.18,0.3247920881096875,1
2008-06-17,4582.0,4582.0,4560.0,4560.0,24240795860,5290440,1087,4449.0,4560.0,90.18933704372161,269.7078824629107,235.22485575980403,4702.793340988524,3315.2066590114764,4009.0,3579.66,0.33048245614035077,1
2008-06-18,4696.0,4696.0,3197.0,4696.0,216010784502,46248116,3834,4560.0,4696.0,91.68275041003554,286.4700414693084,245.47389290170491,4772.8550264086525,3372.744973591348,4072.8,3609.62,0.3036626916524703,1
2008-06-21,4836.0,4836.0,4836.0,4836.0,54443204400,11257900,1360,4696.0,4836.0,92.8836644131147,307.5062624404827,257.8803668094605,4858.764179068405,3423.535820931595,4141.15,3642.26,0.2603391232423491,1
2008-06-22,4981.0,4981.0,3197.0,4981.0,441942929443,95807319,5395,4836.0,4981.0,93.87076830303926,332.05023884307866,272.71434121618415,4960.057107135343,3468.9428928646566,4214.5,3677.18,0.2228468179080505,1
2008-07-05,5680.0,6049.0,4482.0,5894.0,1037336243253,216134721,4944,4981.0,5894.0,96.84154001943178,420.32771051071813,302.237015075091,5317.792097217322,3347.6079027826772,4332.7,3730.14,0.033423820834747264,0
2008-07-06,6070.0,6070.0,6000.0,6067.0,142595974979,23503417,2089,5894.0,6067.0,97.12581460129321,498.50148221031395,341.4899085021356,5636.184937923738,3280.615062076261,4458.4,3785.68,0.0034613482775671667,0
2008-07-07,6249.0,6249.0,5885.0,6122.0,232232070176,37929471,3413,6067.0,6122.0,97.21173532324124,558.4552750551784,384.8829818127442,5912.315972152697,3242.1840278473023,4577.25,3841.2,-0.006370467167592264,0
2008-07-08,5939.0,6095.0,5939.0,6095.0,5445031174,916826,142,6122.0,6095.0,95.6992970994605,596.9096110441151,427.2883076590184,6134.452113892735,3244.047886107265,4689.25,3897.28,-0.031829368334700625,0
2008-07-09,5913.0,6091.0,3197.0,6091.0,60229426659,18731695,541,6095.0,6091.0,95.46233879712017,619.916175012153,465.8138811296454,6322.528290504151,3268.4717094958487,4795.5,3953.6,-0.044656049909702844,0
2008-07-12,5909.0,6091.0,5909.0,6091.0,22261023,3767,10,6091.0,6091.0,95.46233879712017,630.8766889470871,498.82644269313374,6484.911996430048,3307.288003569953,4896.1,4010.02,-0.06353636512887872,0
2008-07-13,5909.0,6088.0,5909.0,6088.0,569446211,96369,53,6091.0,6088.0,95.25717934555877,632.0351920135226,525.4681925572115,6626.315454139016,3354.684545860984,4990.5,4065.68,-0.06356767411300923,0
2008-07-14,5906.0,6083.0,5906.0,6083.0,938116716,158841,66,6088.0,6083.0,94.89114773584899,625.3413104614301,545.4428161380553,6742.338750641111,3430.1612493588887,5086.25,4121.14,-0.06378431694887388,0
2008-07-15,5901.0,5901.0,5901.0,5901.0,252077537166,42717766,2677,6083.0,5901.0,82.468975644875,598.4519011489765,556.0446331402395,6802.023127181995,3552.5768728180055,5177.3,4172.74,-0.04914421284528048,0
2008-07-19,5969.0,5990.0,5724.0,5819.0,146582834347,25187039,2944,5901.0,5819.0,77.54354038304156,564.0234248939314,557.6403914909779,6835.079087751492,3688.0209122485085,5261.55,4222.82,-0.037291630864409675,0
2008-07-20,5820.0,5830.0,5645.0,5704.0,29044689088,5115982,509,5819.0,5704.0,71.12759293365065,521.4481409346363,550.4019413797096,6845.8956284270735,3824.104371572926,5335.0,4270.72,-0.017882187938288885,0
2008-07-21,5533.0,5701.0,5533.0,5701.0,619199710,111910,48,5704.0,5701.0,70.96264265611515,481.90969178208525,536.7034914601848,6842.720247733628,3970.2797522663723,5406.5,4318.7,-0.017365374495702524,0
2008-07-22,5530.0,5695.0,5530.0,5695.0,1143351270,206754,44,5701.0,5695.0,70.60995072313563,444.9617935368433,518.3551518755165,6822.735644701371,4130.36435529863,5476.55,4366.62,-0.016330114135206353,0
2008-07-23,5525.0,5611.0,5525.0,5611.0,17336240885,3137781,186,5695.0,5611.0,65.68771276573004,404.2423656405799,495.53259462852924,6778.252647531543,4304.247352468457,5541.25,4412.94,-0.0016039921582605698,0
2008-07-26,5443.0,5602.0,5443.0,5602.0,1884721985,346265,41,5611.0,5602.0,65.16357014766903,367.0149806433301,469.82907183148944,6711.951768382125,4496.648231617875,5604.3,4459.26,0.0,0
2008-08-02,5434.0,5602.0,5434.0,5602.0,55656708,10242,8,5602.0,5602.0,65.16357014766903,333.6657191139366,442.5964012879789,6634.912378512165,4688.987621487835,5661.95,4505.3,0.0,0
2008-08-03,5434.0,5602.0,5434.0,5602.0,37159372,6838,19,5602.0,5602.0,65.16357014766903,303.734921971376,414.82410542465834,6546.911447060705,4881.188552939296,5714.05,4550.92,-0.000892538379150265,0
2008-08-04,5434.0,5602.0,5434.0,5602.0,8370040,1540,8,5602.0,5602.0,65.16357014766903,276.8235005979004,387.2239844593068,6452.657803215896,5066.042196784105,5759.35,4596.54,-0.000892538379150265,0
2008-08-05,5434.0,5602.0,5434.0,5602.0,32768700,6030,5,5602.0,5602.0,65.16357014766903,252.58436988537233,360.2960615445199,6353.747932022815,5241.552067977184,5797.65,4642.92,-0.000892538379150265,0
2008-08-06,5434.0,5602.0,5434.0,5602.0,659194,121,3,5602.0,5602.0,65.16357014766903,230.71514360193487,334.37987795600293,6252.564176358479,5404.835823641521,5828.7,4689.46,-0.03070332024277045,0
2008-08-09,5434.0,5602.0,5434.0,5602.0,37550620,6910,6,5602.0,5602.0,65.16357014766903,210.9519019997897,309.69428276476026,6247.959378140028,5380.240621859973,5814.1,4736.0,-0.05962156372724026,0
2008-08-10,5434.0,5597.0,5434.0,5597.0,1021093702,187908,22,5602.0,5597.0,64.68187946835519,192.66501012346725,286.28842823650166,6217.987131299074,5363.212868700927,5790.6,4782.32,-0.08701089869572987,0
2008-08-11,5430.0,5597.0,5430.0,5597.0,60263810,11098,11,5597.0,5597.0,64.68187946835519,176.1420605323483,264.259154695671,6171.086413417893,5357.613586582108,5764.35,4828.54,-0.1143469715919242,0
2008-08-12,5430.0,5597.0,5430.0,5597.0,10030880,1847,3,5597.0,5597.0,64.68187946835519,161.18941272697248,243.6452063019313,6122.45103133027,5356.44896866973,5739.45,4874.62,-0.1407897087725567,0
2008-08-13,5430.0,5430.0,5430.0,5430.0,6896100,1270,2,5597.0,5430.0,49.43721455279249,134.31552156632642,221.77926935481034,6076.203948059036,5336.596051940964,5706.4,4916.88,-0.11454880294659298,0
2008-08-16,5268.0,5268.0,3197.0,5268.0,163714998289,51175707,620,5430.0,5268.0,39.66982040844253,98.80674049668869,197.18476358318603,6037.858574780626,5292.641425219374,5665.25,4954.88,-0.11465451784358394,0
2008-08-18,5110.0,5110.0,5110.0,5110.0,16489970,3227,4,5268.0,5110.0,32.85241948235917,57.25647908319388,169.1991066831876,6010.2907442751375,5222.409255724863,5616.35,4989.36,-0.11448140900195691,0
2008-08-19,4957.0,4957.0,4957.0,4957.0,45703540,9220,3,5110.0,4957.0,27.859535259282367,11.845231775376305,137.72833170162534,5991.218864831459,5128.881135168542,5560.05,5020.1,-0.11438369981843854,0
2008-08-20,4809.0,4809.0,4809.0,4809.0,66162222,13758,5,4957.0,4809.0,24.051649048092642,-35.674636990297586,103.04773796324076,6018.819058280734,4992.080941719266,5505.45,5046.9,-0.10438760657101265,0
2008-08-23,4665.0,4808.0,4665.0,4808.0,139181705,29835,22,4809.0,4808.0,24.027751893035003,-72.57852691223252,67.92248498814612,6030.1835474790205,4879.616452520979,5454.9,5072.78,-0.10856905158069885,0
2008-08-24,4664.0,4664.0,4664.0,4664.0,16958304,3636,4,4808.0,4664.0,20.81981776001544,-112.15190474950577,31.907607040615744,6060.797834013797,4745.002165986202,5402.9,5095.46,-0.08104631217838765,0
2008-08-25,4525.0,4525.0,4525.0,4525.0,284504850,62874,12,4664.0,4525.0,18.28244860344479,-152.96692265905676,-5.067298899318757,6089.330675697161,4598.86932430284,5344.1,5114.9,-0.062099447513812134,0
2008-08-26,4390.0,4390.0,4390.0,4390.0,54168306580,12339022,396,4525.0,4390.0,16.215453349521184,-193.97051876871592,-42.84794287319819,6112.980511371,4444.719488629001,5278.85,5127.8,-0.06218678815489753,0
2008-08-27,4259.0,4307.0,4259.0,4307.0,17055617434,4004606,118,4390.0,4307.0,15.086145328999578,-230.50643573475918,-80.3796414455104,6133.216914367869,4294.08308563213,5213.65,5136.84,-0.06802879034130482,0
2008-08-30,4178.0,4286.0,4178.0,4286.0,4255331682,1018509,61,4307.0,4286.0,14.805198942444378,-258.1798016114635,-115.93967347870102,6132.851781724299,4162.848218275702,5147.85,5143.24,-0.08586094260382637,0
2008-08-31,4158.0,4286.0,3197.0,4286.0,48295194541,15099302,259,4286.0,4286.0,14.805198942444378,-276.9189936617413,-148.1355375153091,6111.718194128595,4052.381805871405,5082.05,5147.38,-0.1131591227251516,0
2008-09-01,4158.0,4244.0,4158.0,4244.0,8599642988,2068216,70,4286.0,4244.0,14.192153286615309,-291.7953521779227,-176.86750044783184,6076.303901277984,3951.9960987220156,5014.15,5148.26,-0.1307728557964185,0
2008-09-02,4117.0,4117.0,4117.0,4117.0,34551568438,8392414,325,4244.0,4117.0,12.505866373498208,-310.25636979398496,-203.54527431706248,6034.423074220019,3845.3769257799804,4939.9,5147.24,-0.10395919358756378,0
2008-09-03,4050.0,4100.0,3994.0,4014.0,131707131077,32810518,3206,4117.0,4014.0,11.33006548646415,-329.40096912515673,-228.71641327868133,5981.457715527236,3739.5422844727636,4860.5,5145.92,-0.44145490782262087,0
2008-09-06,4050.0,4050.0,3894.0,3918.0,28131887545,7179745,646,4014.0,3918.0,10.353038580571194,-348.3045615455894,-252.63404293206295,5914.669201972734,3637.9307980272665,4776.3,5141.6,-0.42189892802450235,0
2008-09-07,3801.0,3801.0,3801.0,3801.0,72163079688,18985288,901,3918.0,3801.0,9.300409232354326,-368.4791190083715,-275.8030581473247,5834.001867783292,3538.4981322167073,4686.25,5132.92,-0.4027887398053144,0
2008-09-08,3701.0,3730.0,3687.0,3689.0,28276934120,7663666,537,3801.0,3689.0,8.418067372403655,-389.02067691786306,-298.44658190143235,5737.121394565893,3444.578605434108,4590.85,5121.28,-0.38357278395229055,0
2008-09-13,3197.0,3689.0,3197.0,3689.0,13446772346,4206058,108,3689.0,3689.0,8.418067372403655,-400.6812060273751,-318.8935067266209,5607.98430958332,3382.91569041668,4495.45,5109.18,-0.38086202222824617,0
2008-10-26,2200.0,2500.0,2101.0,2242.0,42174254218,18805891,1536,3689.0,2242.0,3.476348630698297,-520.6809800473361,-359.2510013907639,5705.414498726072,2949.985501273927,4327.7,5067.68,0.02140945584299736,0
2008-10-27,2309.0,2309.0,2265.0,2265.0,5269750213,2283436,282,2242.0,2265.0,4.436635622573206,-606.929452797478,-408.7866916721067,5720.532908809208,2618.367091190792,4169.45,5026.16,0.016777041942604765,0
2008-10-28,2332.0,2332.0,2270.0,2270.0,1197087272,513331,70,2265.0,2270.0,4.65869812680323,-667.1876071994702,-460.46687477757945,5691.733539567362,2347.366460432638,4019.55,4982.58,0.04449339207048464,0
2008-10-29,2338.0,2338.0,2274.0,2274.0,811759974,347203,59,2270.0,2274.0,4.849187596661949,-706.4760460363646,-509.66870902933647,5634.833250731174,2120.6667492688257,3877.75,4936.86,0.07343887423043105,1
2008-11-01,2342.0,2342.0,2284.0,2284.0,2175560506,928933,98,2274.0,2284.0,5.358280694020749,-728.4088565662805,-553.4167385367253,5558.195907056744,1930.0040929432564,3744.1,4888.62,0.04728546409807355,0
2008-11-02,2352.0,2352.0,2290.0,2290.0,1335323860,567740,56,2284.0,2290.0,5.68434587341487,-736.8130943710148,-590.0960097035833,5468.438980132571,1767.8610198674296,3618.15,4837.7,0.013537117903930085,0
2008-11-03,2358.0,2358.0,2303.0,2303.0,2762665262,1171614,127,2290.0,2303.0,6.436496913836052,-733.9638437123767,-618.8695765053419,5343.19574933307,1642.6042506669303,3492.9,4784.14,-0.00521059487624842,0
2008-11-04,2372.0,2372.0,2335.0,2371.0,58222565889,24550601,1669,2303.0,2371.0,10.45897409557638,-717.9427630685727,-638.684213817988,5208.127796466208,1548.372203533792,3378.25,4713.68,-0.03795866722901731,0
2008-11-05,2442.0,2442.0,2403.0,2441.0,19179322420,7856015,672,2371.0,2441.0,14.53242340224989,-691.6249048653813,-649.2723520274667,5067.845581999249,1480.2544180007515,3274.05,4641.16,-0.05981155264235971,0
2008-11-08,2479.0,2497.0,2368.0,2392.0,42311029326,17691718,1351,2441.0,2392.0,14.050567868957913,-667.0325669014514,-652.8243950022637,4930.372112945861,1417.9278870541395,3174.15,4566.56,-0.012541806020066937,0
2008-11-09,2350.0,2357.0,2321.0,2321.0,35017472448,15080798,941,2392.0,2321.0,13.359355854464482,-645.8273725775584,-651.4249905173227,4787.677285513639,1362.0227144863609,3074.85,4491.08,0.036191296854803934,0
2008-11-10,2257.0,3197.0,2252.0,2291.0,101055942264,32677258,861,2321.0,2291.0,13.066849121547904,-624.2469226363028,-645.9893769411187,4625.398263951101,1324.8017360488982,2975.1,4415.08,0.06547359231776517,1
2008-11-11,2260.0,2301.0,2230.0,2281.0,9293751985,4106443,287,2291.0,2281.0,12.964946697982427,-601.0229584642498,-636.996093245745,4435.602161619525,1314.0978383804752,2874.85,4338.88,0.06663743971942138,1
2008-11-12,2349.0,2349.0,2295.0,2295.0,3341235818,1424695,105,2281.0,2295.0,13.976395701104337,-574.861471338405,-624.569168864277,4223.184271597951,1331.615728402049,2777.4,4263.02,0.05838779956427009,1
2008-11-15,2363.0,2363.0,2335.0,2362.0,15193600748,6432097,522,2295.0,2362.0,18.837518143476657,-542.4687224923628,-608.1490795898942,4006.8810769185557,1372.4189230814447,2689.65,4188.6,0.022861981371718798,0
2008-11-16,2420.0,3197.0,2392.0,2405.0,153507167384,49061554,883,2362.0,2405.0,21.88831484831819,-507.4776090375731,-588.01478547943,3781.647627828218,1436.7523721717816,2609.2,4118.68,0.004158004158004047,0
2008-11-17,2460.0,2477.0,2344.0,2441.0,23719370613,9742739,799,2405.0,2441.0,24.448775955353085,-471.4079035212844,-564.6934090878009,3543.2611617598127,1527.4388382401871,2535.35,4051.12,-0.011061040557148738,0
2008-11-18,2368.0,2433.0,2368.0,2433.0,1716417034,724838,78,2441.0,2433.0,24.258476359606505,-438.41416952964755,-539.4375611761702,3290.898900114573,1643.0010998854268,2466.95,3985.7,-0.008220304151253632,0
2008-11-19,2361.0,2429.0,2361.0,2429.0,798047012,338012,45,2433.0,2429.0,24.157229268677497,-407.8872933877137,-513.127507618479,3007.78987115792,1800.1101288420796,2403.95,3920.26,-0.0069987649238369976,0
2008-11-22,2357.0,2416.0,2357.0,2416.0,2697872287,1144621,67,2429.0,2416.0,23.809424149496238,-380.35897397864665,-486.5738008905125,2475.1170612348933,2205.482938765107,2340.3,3854.68,-0.002069536423841112,0
2008-11-23,2344.0,3197.0,2344.0,2415.0,79311762191,24826947,332,2416.0,2415.0,23.78106054646375,-354.5363992395919,-460.1663205603284,2479.563131039773,2218.3368689602266,2348.95,3790.76,-0.0020703933747412417,0
2008-11-24,2343.0,2414.0,2343.0,2414.0,161470898,68916,21,2415.0,2414.0,23.750590606128256,-330.3445084982859,-434.20195814792,2483.971783714163,2228.8282162858372,2356.4,3727.0,-0.0020712510356255542,0
2008-11-25,2342.0,2413.0,2342.0,2413.0,156104378,66654,17,2414.0,2413.0,23.717864024581985,-307.7059102422968,-408.90274856679537,2486.9104069384225,2240.189593061578,2363.55,3663.22,-0.03149606299212604,0
2008-11-26,2341.0,2412.0,2341.0,2412.0,295781378,126348,20,2413.0,2412.0,23.6827207272552,-286.54226875692257,-384.4306526048208,2488.318528454432,2252.5814715455676,2370.45,3599.42,-0.06011608623548925,0
2008-11-29,2340.0,3197.0,2340.0,2411.0,122693235343,38410161,295,2412.0,2411.0,23.64499038393234,-266.7754012825476,-360.8996023403662,2488.897457598348,2264.7025424016524,2376.8,3535.6,-0.0879303193695562,0
2008-11-30,2339.0,2410.0,2339.0,2410.0,233924100,100010,15,2411.0,2410.0,23.60449192443592,-248.32813586778047,-338.38530904584906,2488.3245942897365,2277.275405710264,2382.8,3471.76,-0.11452282157676352,0
2008-12-01,2338.0,2409.0,2338.0,2409.0,300845198,128676,13,2410.0,2409.0,23.56103306002875,-231.12497195743254,-316.9332416281658,2487.5321879474322,2288.6678120525676,2388.1,3407.9,-0.14072229140722292,0
2008-12-02,2337.0,2337.0,2337.0,2337.0,66728361,28553,9,2409.0,2337.0,20.617689892019143,-220.75639656377098,-297.6978726152868,2488.080676630388,2284.719323369612,2386.4,3342.6,-0.14077877620881474,0
2008-12-03,2267.0,2267.0,2267.0,2267.0,53619084,23652,46,2337.0,2267.0,18.23288821895082,-215.70117200675622,-281.29853249358075,2488.5658648999474,2266.834135100052,2377.7,3276.0,-0.1407146007940009,0
2008-12-06,2199.0,2199.0,2199.0,2199.0,21932826,9974,4,2267.0,2199.0,16.264751544464133,-214.70689439648277,-267.9802048741612,2503.1965500855026,2232.9034499144977,2368.05,3208.04,-0.14051841746248295,0
2008-12-07,2134.0,2134.0,2134.0,2134.0,12804000,6000,2,2199.0,2134.0,14.63817047827986,-216.6662849366221,-257.7174208866534,2527.306168333229,2190.0938316667707,2358.7,3138.78,-0.11949390815370198,0
2008-12-08,2070.0,2070.0,2070.0,2070.0,101225070,48901,7,2134.0,2070.0,13.234728050442143,-220.83770162833662,-250.34147703499002,2556.677534071502,2138.622465928498,2347.65,3071.58,-0.08212560386473433,0
2008-12-10,2008.0,2008.0,2008.0,2008.0,12728693928,6338991,209,2070.0,2008.0,12.031308499847853,-226.53510557052505,-245.58020274209701,2589.208150340096,2078.791849659904,2334.0,3006.38,-0.031374501992031845,0
2008-12-13,1948.0,2000.0,1948.0,1948.0,45545413681,23379522,1174,2008.0,1948.0,10.989858584023665,-233.20361172955518,-243.10488453958865,2622.3003067232435,2010.9996932767567,2316.65,2943.14,0.005133470225872738,0
2008-12-14,1901.0,1940.0,1890.0,1891.0,14057709080,7434850,485,1948.0,1890.0,10.08139488312952,-240.39741442703416,-242.56339051707778,2649.685654414996,1936.4143455850042,2293.05,2881.8,0.04391534391534391,0
2008-12-15,1851.0,1929.0,1835.0,1880.0,5564589662,2980938,253,1891.0,1879.0,9.914010769694656,-244.17150583472267,-242.88501358060677,2661.975441994834,1871.5245580051658,2266.75,2823.2,0.05055880787653,1
2008-12-16,1862.0,1927.0,1862.0,1889.0,3086551489,1611583,192,1880.0,1900.0,12.887625867795208,-242.6706201189836,-242.84213488828215,2656.9587206997735,1822.4412793002261,2239.7,2765.04,0.040526315789473744,0
2008-12-20,1907.0,1945.0,1907.0,1901.0,3473120143,1797719,162,1889.0,1945.0,19.053616412273982,-235.1394917648404,-241.30160626359378,2641.4690274996665,1789.1309725003339,2215.3,2710.66,0.020051413881748026,0
2008-12-21,1957.0,1958.0,1950.0,1916.0,3349022816,1710452,146,1901.0,1958.0,20.797735460953902,-225.52234571227973,-238.14575415333098,2620.1292128476953,1763.370787152305,2191.75,2659.32,-0.0005107252298263143,0
2008-12-22,1973.0,1973.0,1973.0,1917.0,252032993,127741,14,1916.0,1973.0,22.862992223368877,-214.22090825557552,-233.36078497377991,2595.1102348945446,1744.0897651054552,2169.6,2610.98,-0.027369488089204252,0
2008-12-23,1974.0,1974.0,1974.0,1920.0,561664194,284531,23,1917.0,1974.0,23.007130850789352,-202.84546969826488,-227.25772191867694,2565.5473564509834,1729.5526435490171,2147.55,2564.32,-0.037487335359675744,0
2008-12-24,1977.0,1977.0,1977.0,1927.0,1550515629,784277,65,1920.0,1977.0,23.469150098280224,-191.38214353856802,-220.08260624265517,2531.2002342786127,1720.1997657213872,2125.7,2518.14,-0.03388973191704603,0
2008-12-27,1984.0,1984.0,1940.0,1981.0,48017639841,24240389,725,1927.0,1984.0,24.606012094145,-179.6615074471979,-211.9983864835637,2491.674250660706,1716.8257493392941,2104.25,2472.1,-0.0065524193548387455,0
2008-12-28,2029.0,2029.0,1940.0,1978.0,1823457641,929314,173,1981.0,1957.0,23.175936756931065,-170.58509447023084,-203.71572808089715,2446.769489555327,1716.230510444673,2081.5,2426.36,0.02146142054164546,0
2008-12-29,1919.0,1959.0,1919.0,1943.0,8620089852,4468611,303,1978.0,1919.0,21.299668052130556,-164.56129405271804,-195.88484127526135,2395.379482391487,1718.4205176085134,2056.9,2382.4,0.04220948410630543,0
2008-12-30,1919.0,1928.0,1897.0,1929.0,6065420507,3167280,205,1943.0,1900.0,20.409946144784314,-159.48211943440765,-188.60429690709063,2334.6407624314525,1728.159237568548,2031.4,2340.12,0.028421052631578902,0
2008-12-31,1915.0,1980.0,1892.0,1914.0,7050767538,3703804,170,1929.0,1910.0,22.250755070497448,-152.88752827266148,-181.46094318020482,2259.2269570194408,1753.6730429805596,2006.45,2299.96,0.005759162303665022,0
2009-01-03,1929.0,1971.0,1920.0,1943.0,7048410617,3585874,264,1914.0,1971.0,32.50566302754524,-141.11242091490976,-173.39123872714583,2190.5241831361104,1785.77581686389,1988.15,2263.36,-0.025367833587011668,0
2009-01-04,1997.0,2001.0,1989.0,1953.0,2298669391,1149500,152,1943.0,1999.0,36.63694264909274,-128.04517246180058,-164.32202547407678,2131.9414437875284,1817.5585562124716,1974.75,2229.56,-0.026013006503251668,0
2009-01-05,2011.0,2011.0,2000.0,1960.0,1708573559,850604,107,1953.0,2000.0,36.78576179782022,-116.26832341777708,-154.71128506281687,2084.7293125136953,1844.8706874863046,1964.8,2195.78,-0.010000000000000009,0
2009-01-10,2010.0,2018.0,1954.0,1966.0,7627872422,3871454,129,1960.0,1954.0,32.95182713611865,-109.38596791698637,-145.64622163365078,2047.2146596559187,1864.3853403440812,1955.8,2190.02,0.0,0
2009-01-11,1942.0,1966.0,1908.0,1959.0,3027983197,1561626,110,1966.0,1921.0,30.496257311398026,-105.37972394437793,-137.5929220957962,2024.3007076991871,1872.3992923008127,1948.35,2183.14,0.03695991671004695,0
2009-01-12,1960.0,1960.0,1910.0,1956.0,1018692520,530360,85,1959.0,1921.0,30.496257311398026,-101.04002027416527,-130.28234173147,2015.6296028189972,1872.3703971810028,1944.0,2176.16,0.053097345132743445,1
2009-01-13,1920.0,1947.0,1902.0,1948.0,2029288887,1062679,144,1956.0,1947.0,34.9272470315279,-94.41444024452085,-123.10876143408018,2015.5697598432675,1872.3302401567325,1943.95,2169.62,0.04262968669748335,0
2009-01-14,1929.0,1980.0,1924.0,1950.0,2711075048,1384200,127,1948.0,1980.0,40.143174092516325,-85.51503207036035,-115.59001556133622,2017.1972908557666,1879.7027091442335,1948.45,2163.54,0.026767676767676774,0
2009-01-17,1977.0,1997.0,1953.0,1961.0,3868350987,1947009,100,1950.0,1954.0,37.58686962917307,-79.64210507270923,-108.40043346361082,2013.1215889484788,1891.2784110515213,1952.2,2156.82,0.02763561924257929,0
2009-01-18,1980.0,1995.0,1978.0,1965.0,1610759752,810076,82,1961.0,1992.0,43.27262879224899,-71.10186762357807,-100.94072029560428,2015.0978558783036,1898.5021441216963,1956.8,2150.6,-0.0010040160642570406,0
2009-01-19,1993.0,2023.0,1993.0,1971.0,1541413641,763741,64,1965.0,2023.0,47.47631655342875,-61.12758623040054,-92.97809348256354,2025.4027047348682,1895.997295265132,1960.7,2143.64,-0.026693030153237762,0
2009-01-20,2030.0,2030.0,2030.0,1974.0,749587650,369255,24,1971.0,2030.0,48.406048202303886,-52.057963073576275,-84.7940674007661,2035.6697414876048,1892.930258512395,1964.3,2135.42,0.009359605911330116,0
2009-01-21,2033.0,2033.0,2033.0,1976.0,520517122,256034,23,1974.0,2033.0,48.82414366678292,-44.119563585197284,-76.65916663765235,2044.6720879904865,1889.9279120095134,1967.3,2128.24,-0.0014756517461879115,0
2009-01-24,2035.0,2035.0,1971.0,2030.0,97594245937,48081745,459,1976.0,2008.0,45.51415444961172,-39.39153477139371,-69.20564026440061,2048.3548990296604,1889.6451009703394,1969.0,2121.98,0.01444223107569731,0
2009-01-25,2029.0,2040.0,1983.0,2021.0,4939792470,2462301,178,2030.0,1990.0,43.24111979971956,-36.67422974893907,-62.699358161308304,2049.4679804305247,1889.8320195694753,1969.65,2115.96,0.008542713567839089,0
2009-01-26,1980.0,2010.0,1969.0,2009.0,4827553590,2426369,138,2021.0,1969.0,40.68807633935967,-35.80256080258391,-57.31999868956343,2048.445961556874,1889.3540384431265,1968.9,2109.72,0.015744032503808958,0
2009-01-27,2007.0,2068.0,2000.0,2015.0,3190351147,1567840,187,2009.0,2049.0,52.25342811132359,-28.329856519227633,-51.52197025549627,2060.089837740971,1886.910162259029,1973.5,2104.8,-0.029770619814543653,0
2009-01-28,2037.0,2071.0,2030.0,2020.0,1542033814,750261,100,2015.0,2030.0,49.7711915259057,-23.66799582407134,-45.951175369211285,2065.1835590812766,1892.9164409187235,1979.05,2098.16,-0.036945812807881784,0
2009-01-31,2026.0,2070.0,2016.0,2022.0,8008952346,3959110,104,2020.0,2037.0,50.70037425594141,-19.187415554942163,-40.59842340635746,2067.466905053507,1904.3330949464932,1985.9,2090.8,-0.037309769268532134,0
2009-02-01,2035.0,2058.0,2007.0,2019.0,4620334828,2295002,95,2022.0,2007.0,46.71209553063598,-17.85149180499843,-36.049037086085654,2064.884674748109,1916.6153252518911,1990.75,2082.12,-0.03288490284005974,0
2009-02-02,2001.0,2001.0,1985.0,2013.0,4004265104,2003361,101,2019.0,2000.0,45.806645895854594,-17.159796652706063,-32.27118899940974,2065.865731517497,1918.5342684825034,1992.2,2073.46,-0.044499999999999984,0
2009-02-03,2000.0,2000.0,1980.0,2010.0,1175025575,592113,94,2013.0,1988.0,44.22408055805495,-17.379581970394838,-29.29286759360676,2065.268679694816,1918.0313203051842,1991.65,2064.64,-0.037223340040241415,0
2009-02-04,1990.0,1990.0,1955.0,2004.0,2084891837,1056928,134,2010.0,1955.0,40.11918050489752,-19.986199162653975,-27.431533907416206,2064.594148708579,1914.2058512914214,1989.4,2055.42,-0.023017902813299185,0
2009-02-07,1968.0,1990.0,1960.0,2001.0,1395825557,706712,102,2004.0,1961.0,41.18806611172077,-21.322025177527394,-26.209632161438446,2064.344570848071,1915.1554291519292,1989.75,2046.34,-0.03620601733809281,0
2009-02-08,1960.0,1960.0,1941.0,1964.0,7592513953,3910587,231,2001.0,1941.0,38.707761724381825,-23.721068064650126,-25.711919342080783,2062.096688780965,1919.403311219035,1990.75,2036.88,-0.028335909325090114,0
2009-02-09,1908.0,1927.0,1906.0,1959.0,1045685869,547101,92,1964.0,1911.0,35.27620357259666,-27.723496901402996,-26.114234853945227,2063.655381274181,1916.8446187258191,1990.25,2026.84,-0.02197802197802201,0
2009-02-11,1917.0,1918.0,1905.0,1956.0,699613749,366283,56,1959.0,1914.0,35.888293627678266,-30.30404944414181,-26.952197771984547,2067.1249005093787,1910.0750994906211,1988.6,2016.88,-0.02612330198537094,0
2009-02-14,1901.0,1938.0,1898.0,1948.0,1953550870,1024897,97,1956.0,1910.0,35.407487634716574,-32.29959289564249,-28.021676796716136,2070.761893511688,1899.4381064883116,1985.1,2006.86,-0.025130890052356025,0
2009-02-15,1900.0,1900.0,1890.0,1944.0,806299171,426530,41,1948.0,1890.0,33.02508226871164,-35.090407931483014,-29.435423023669514,2076.3052964616277,1887.4947035383725,1981.9,1996.46,-0.03915343915343916,0
2009-02-17,1886.0,1886.0,1886.0,1926.0,3774651716,2001406,143,1944.0,1886.0,32.55331217323187,-37.19614155863451,-30.987566730662515,2079.6483381719845,1873.5516618280153,1976.6,1986.0,-0.04082714740190885,0
2009-02-18,1869.0,1869.0,1869.0,1921.0,943596423,504867,65,1926.0,1869.0,30.55552222219049,-39.77817056499407,-32.74568749752883,2079.6554061886263,1858.1445938113736,1968.9,1976.64,-0.0321027287319422,0
2009-02-21,1864.0,1864.0,1864.0,1919.0,432708960,232140,35,1921.0,1864.0,29.972897200838673,-41.74667567749816,-34.545885133522695,2076.554128861406,1844.645871138594,1960.6,1968.58,-0.030042918454935674,0
2009-02-22,1862.0,1864.0,1862.0,1872.0,9701801770,5210335,226,1919.0,1862.0,29.728711525824735,-42.97275033057099,-36.23125817293236,2070.5784354068987,1833.521564593101,1952.05,1961.84,-0.03168635875402792,0
2009-02-23,1816.0,1816.0,1816.0,1864.0,1580379448,870253,63,1872.0,1816.0,24.736985388235325,-47.11314784701767,-38.40763610774942,2071.8957029028284,1813.0042970971717,1942.45,1955.48,-0.008259911894273109,0
2009-02-25,1809.0,1809.0,1809.0,1864.0,74872701,41389,10,1864.0,1809.0,24.074528907714125,-50.378551623754674,-40.80181921095047,2073.1789683751,1793.6210316249,1933.4,1950.26,-0.004422332780541716,0
2009-02-28,1809.0,1809.0,1809.0,1863.0,179291799,99111,17,1864.0,1809.0,24.074528907714125,-52.36280185767987,-43.11401574029635,2074.1405795336536,1776.6594204663465,1925.4,1946.28,-0.02100608070757326,0
2009-03-01,1808.0,1808.0,1808.0,1858.0,1129634784,624798,50,1863.0,1808.0,23.968183917480545,-53.400458857391186,-45.17130436371532,2059.1035934377155,1767.5964065622843,1913.35,1943.48,-0.03595132743362828,0
2009-03-02,1803.0,1803.0,1803.0,1856.0,316823160,175720,22,1858.0,1803.0,23.41133158646649,-54.003746149388235,-46.937792720849906,2044.9783200349157,1759.0216799650843,1902.0,1941.74,-0.04936217415418742,0
2009-03-03,1801.0,1801.0,1801.0,1856.0,69603247,38647,11,1856.0,1801.0,23.179351413537177,-54.020523986145236,-48.35433897390898,2025.4073962474192,1754.9926037525809,1890.2,1940.18,-0.0061077179344808386,0
2009-03-04,1801.0,1801.0,1801.0,1825.0,6401288897,3554297,123,1856.0,1801.0,23.179351413537177,-53.418050507978705,-49.36708128072293,2009.20413759817,1750.5958624018301,1879.9,1938.2,0.009994447529150463,0
2009-03-07,1771.0,1771.0,1771.0,1795.0,6302238096,3558576,129,1825.0,1771.0,19.77120317308392,-54.73043680846945,-50.43975238627224,1993.6785510576815,1743.2214489423186,1868.45,1934.72,0.030491247882552308,0
2009-03-08,1742.0,1750.0,1742.0,1764.0,6546964630,3757233,210,1795.0,1743.0,17.2254860587788,-57.36856924550966,-51.82551575811973,1980.1799983868616,1732.2200016131385,1856.2,1930.42,0.051635111876075834,1
2009-03-09,1770.0,1770.0,1712.0,1759.0,1464462336,847381,132,1764.0,1714.0,15.06230387150427,-61.095099568028445,-53.67943252010148,1974.0811740884615,1714.2188259115387,1844.15,1925.24,0.07059509918319717,1
2009-03-10,1790.0,1811.0,1759.0,1770.0,2720521432,1506646,133,1759.0,1790.0,37.288648758540766,-57.25582731851432,-54.39471147978405,1955.7888513964833,1715.4111486035165,1835.6,1921.56,-0.011173184357541888,0
2009-03-11,1794.0,1819.0,1761.0,1772.0,806446253,449321,103,1770.0,1819.0,43.37737768831954,-51.28197211084921,-53.772163605997086,1939.6353712483228,1719.3646287516772,1829.5,1918.4,-0.007146783947223789,0
2009-03-14,1817.0,1825.0,1817.0,1780.0,1656369412,907624,102,1772.0,1825.0,44.57636185355903,-45.5385588044353,-52.12544264568473,1928.7926638329463,1721.6073361670537,1825.2,1915.22,-0.01041095890410959,0
2009-03-16,1833.0,1833.0,1828.0,1782.0,409087237,223189,50,1780.0,1833.0,46.21179918326285,-39.88159899109746,-49.67667391476728,1916.5486897184956,1725.7513102815046,1821.15,1912.74,-0.014184397163120588,0
2009-03-17,1835.0,1835.0,1835.0,1787.0,1021964715,556929,43,1782.0,1835.0,46.635748549032975,-34.835472653113584,-46.70843366243654,1904.0265548201346,1730.7734451798656,1817.4,1911.06,-0.01416893732970026,0
2009-03-18,1794.0,1800.0,1732.0,1754.0,1774016019,1011596,114,1787.0,1770.0,36.5522883630143,-35.670154608788835,-44.50077785170701,1893.5909970739235,1729.2090029260767,1811.4,1908.46,0.02259887005649719,0
2009-03-25,1755.0,1806.0,1755.0,1754.0,430073634,243715,17,1754.0,1806.0,43.79999812369648,-33.04581534775048,-42.20978535091571,1882.1272373369018,1732.6727626630984,1807.4,1906.38,0.008859357696566983,0
2009-03-28,1806.0,1806.0,1806.0,1755.0,214068792,118532,20,1754.0,1806.0,43.79999812369648,-30.613118600808775,-39.89045200089432,1873.4305608535058,1735.0694391464942,1804.25,1903.08,0.009413067552602516,0
2009-03-29,1807.0,1807.0,1807.0,1757.0,533513136,295248,24,1755.0,1807.0,44.006057671288715,-28.27852008282548,-37.56806561728055,1864.9685456810646,1737.8314543189356,1801.4,1899.24,0.009407858328721597,0
2009-03-30,1809.0,1809.0,1809.0,1759.0,511008129,282481,23,1757.0,1809.0,44.44478623861998,-25.96761218317647,-35.24797493045973,1856.108085742165,1741.391914257835,1798.75,1895.42,0.010503040353786686,0
2009-03-31,1811.0,1811.0,1800.0,1769.0,2237348686,1235850,125,1759.0,1810.0,44.67818897577873,-23.781372521820003,-32.95465444873179,1855.5060250981924,1741.3939749018077,1798.45,1892.54,0.012707182320441879,0
2009-04-04,1822.0,1822.0,1822.0,1770.0,311822546,171143,18,1769.0,1822.0,47.52712011160424,-20.840228940736324,-30.531769347132695,1856.9131472937215,1741.2868527062783,1799.1,1890.56,0.007135016465422694,0
2009-04-05,1823.0,1823.0,1823.0,1771.0,154289605,84635,12,1770.0,1823.0,47.76851129534558,-18.218646602955687,-28.069144798297295,1858.4092142926822,1741.1907857073177,1799.8,1888.6,0.006582556226001124,0
2009-04-06,1824.0,1824.0,1824.0,1775.0,959969376,526299,47,1771.0,1824.0,48.025999496792146,-15.87730834283775,-25.630777507205387,1860.0656203196902,1741.1343796803096,1800.6,1886.14,-0.007675438596491224,0
2009-04-07,1828.0,1828.0,1828.0,1780.0,1018545148,557191,68,1775.0,1828.0,49.106760583282984,-13.54290020920871,-23.213202047606053,1862.50401882815,1741.1959811718498,1801.85,1883.1,-0.01641137855579866,0
2009-04-08,1833.0,1833.0,1833.0,1782.0,484062306,264082,22,1780.0,1833.0,50.4925859031701,-11.160752523781866,-20.802712142841216,1865.5997385352957,1741.3002614647044,1803.45,1880.68,-0.028368794326241176,0
2009-04-11,1835.0,1835.0,1835.0,1782.0,56319820,30692,7,1782.0,1835.0,51.06656852456912,-9.007665277093565,-18.443702769691686,1868.781045881752,1741.518954118248,1805.15,1877.54,-0.04414168937329699,0
2009-04-12,1835.0,1835.0,1835.0,1790.0,1673688820,912092,44,1782.0,1835.0,51.06656852456912,-7.218122103453652,-16.19858663644408,1871.2221719046327,1745.4778280953672,1808.35,1873.78,-0.009264305177111742,0
2009-04-13,1843.0,1843.0,1800.0,1810.0,4782894059,2601161,369,1790.0,1810.0,43.71850093319811,-7.728102555975738,-14.504489820350413,1866.9669883384804,1756.4330116615197,1811.7,1869.38,0.01878453038674044,0
2009-04-14,1802.0,1830.0,1770.0,1809.0,1173881862,652863,80,1810.0,1798.0,40.69180144034388,-8.99685530304032,-13.402962916888395,1849.252061405643,1782.5479385943572,1815.9,1864.68,0.030033370411568505,0
2009-04-15,1801.0,1811.0,1780.0,1808.0,816215076,455277,74,1809.0,1781.0,36.80442629921503,-11.244489446147327,-12.971268222740182,1850.39266732815,1780.50733267185,1815.45,1860.14,0.03425042111173493,0
2009-04-18,1800.0,1800.0,1754.0,1766.0,16281050563,9219676,186,1808.0,1754.0,31.63526034253492,-15.031160191360641,-13.383246616464273,1856.1481512694872,1768.2518487305128,1812.2,1855.42,0.026225769669327326,0
2009-04-19,1790.0,1818.0,1775.0,1791.0,5693839249,3133968,221,1766.0,1818.0,49.67728831040958,-12.721216641982437,-13.250840621567907,1855.4952746583833,1768.2047253416165,1811.85,1852.4,-0.007150715071507108,0
2009-04-20,1844.0,1844.0,1844.0,1799.0,1674353844,908001,60,1791.0,1844.0,54.886131830575906,-8.692386605951015,-12.339149818444529,1857.3550886997873,1767.4449113002129,1812.4,1848.3,-0.0352494577006508,0
2009-04-21,1852.0,1852.0,1852.0,1799.0,89933120,48560,7,1799.0,1852.0,56.3821699308089,-4.798660661984286,-10.831051987152481,1860.468110932202,1766.031889067798,1813.25,1844.74,-0.043196544276457916,0
2009-04-22,1852.0,1852.0,1806.0,1810.0,3080043128,1674153,203,1799.0,1842.0,53.972806652952244,-2.49105588352586,-9.163052766427159,1861.2224013324249,1772.477598667575,1816.85,1840.84,-0.03583061889250816,0
2009-04-25,1847.0,1847.0,1756.0,1806.0,2081096696,1163156,145,1810.0,1800.0,45.230502919334484,-4.005142670961277,-8.131470747333982,1861.2913678825958,1771.8086321174042,1816.55,1836.7,-0.011666666666666714,0
2009-04-26,1798.0,1820.0,1778.0,1805.0,1815162847,1009201,110,1806.0,1805.0,46.34471733500629,-4.746889952616357,-7.454554588390457,1861.290624018937,1771.709375981063,1816.5,1832.8,-0.024930747922437657,0
2009-04-27,1800.0,1801.0,1779.0,1803.0,1460204898,815360,122,1805.0,1779.0,41.6048909419091,-7.348009447330696,-7.433245560178506,1862.6558618890012,1767.5441381109986,1815.1,1828.62,0.03316469926925247,0
2009-04-28,1799.0,1803.0,1760.0,1799.0,10641829696,5914954,130,1803.0,1772.0,40.40670288355421,-9.860590140371187,-7.918714476217042,1864.3572401916376,1762.1427598083624,1813.25,1824.96,0.041196388261851125,0
2009-04-29,1790.0,1790.0,1763.0,1797.0,1016249615,571927,77,1799.0,1776.0,41.4444588350008,-11.397676550697724,-8.614506891113178,1865.1763927558598,1757.9236072441402,1811.55,1821.26,0.04166666666666674,0
2009-05-02,1770.0,1798.0,1756.0,1794.0,1137789303,645319,99,1797.0,1779.0,42.25662691142935,-12.23274223912199,-9.33815396071494,1864.602898474679,1754.1971015253212,1809.4,1818.02,0.03991006183249013,0
2009-05-03,1779.0,1779.0,1741.0,1785.0,2382521788,1358340,147,1794.0,1760.0,38.604599745318296,-14.263261029322166,-10.323175374436387,1865.0611384008648,1747.4388615991352,1806.25,1815.0,0.0517045454545455,1
2009-05-04,1750.0,1838.0,1735.0,1792.0,3759836863,2080737,204,1785.0,1838.0,55.57783352108193,-9.469356821879956,-10.1524116639251,1866.9115710268309,1746.9884289731692,1806.95,1813.48,0.007616974972796564,0
2009-05-05,1845.0,1845.0,1845.0,1797.0,1081376640,586112,41,1792.0,1845.0,56.733852865368966,-5.0471315103866345,-9.131355633217407,1869.3909084200395,1746.2090915799604,1807.8,1812.18,0.01680216802168011,0
2009-05-06,1850.0,1850.0,1850.0,1797.0,91486200,49452,11,1797.0,1850.0,57.582959774661546,-1.1260475026879249,-7.530294007111511,1872.0511829543086,1745.2488170456916,1808.65,1811.38,0.025945945945945903,0
2009-05-09,1850.0,1850.0,1850.0,1798.0,142795950,77187,7,1797.0,1850.0,57.582959774661546,1.9588593124913132,-5.632463343190946,1874.3658371762092,1744.434162823791,1809.4,1810.66,0.030270270270270183,0
2009-05-10,1851.0,1851.0,1851.0,1799.0,250958580,135580,10,1798.0,1851.0,57.77517217480199,4.433257993187226,-3.619319075915312,1876.781078393232,1743.618921606768,1810.2,1810.3,0.026472177201512626,0
2009-05-11,1852.0,1852.0,1852.0,1822.0,5017247644,2709097,106,1799.0,1852.0,57.980231432148564,6.4011400593371945,-1.6152272488648112,1881.3278204784542,1743.2721795215457,1812.3,1810.06,-0.0075593952483801186,0
2009-05-12,1876.0,1876.0,1876.0,1843.0,4718149380,2515005,97,1822.0,1876.0,62.666298199396216,9.784510452368295,0.6647202913818102,1890.1908102402301,1742.20918975977,1816.2,1810.34,-0.0010660980810234255,0
2009-05-13,1898.0,1898.0,1898.0,1869.0,5607333524,2954338,107,1843.0,1898.0,66.36878482339725,14.078780584203287,3.3475323499461056,1902.2259939134262,1741.8740060865737,1822.05,1811.98,-0.0010537407797681642,0
2009-05-16,1940.0,1940.0,1801.0,1907.0,13454470284,7053500,536,1869.0,1906.0,67.6260868923757,17.920971934396448,6.262220266836174,1911.3843868882968,1747.9156131117034,1829.65,1813.92,0.0015739769150051597,0
2009-05-17,1959.0,1959.0,1855.0,1894.0,9473523262,5012489,211,1907.0,1900.0,65.64393193146297,20.248375733728608,9.059451360214661,1920.7899333639784,1746.7100666360216,1833.75,1815.74,-0.0057894736842105665,0
2009-05-18,1917.0,1917.0,1838.0,1873.0,4531965627,2462168,234,1894.0,1838.0,49.498756823166076,16.89522058239345,10.626605204650419,1920.3878513652471,1746.512148634753,1833.45,1816.34,0.019586507072905324,0
2009-05-19,1871.0,1929.0,1871.0,1882.0,3746544650,1969515,142,1873.0,1874.0,56.23033495558704,16.947361468585314,11.890756457437398,1922.943382105256,1746.156617894744,1834.55,1817.76,-0.006403415154749181,0
2009-05-20,1883.0,1935.0,1880.0,1885.0,2511906357,1324885,172,1882.0,1896.0,59.76032999979555,18.550066020803115,13.222618370110542,1929.599066048368,1744.900933951632,1837.25,1819.66,0.014240506329114,0
2009-05-23,1941.0,1941.0,1898.0,1891.0,3006809165,1574071,149,1885.0,1909.0,61.72470661618219,20.631386498799202,14.704371995848277,1938.4164562653982,1746.9835437346019,1842.7,1821.82,-0.015191199580932402,0
2009-05-24,1930.0,1940.0,1880.0,1884.0,12607557404,6692340,139,1891.0,1889.0,57.105970122579045,20.43149357986408,15.849796312651439,1943.0018210025487,1750.7981789974515,1846.9,1824.18,0.0058231868713605195,0
2009-05-25,1900.0,1900.0,1855.0,1865.0,20916597366,11212616,107,1884.0,1874.0,53.851304856148396,18.84546358833518,16.448929767788186,1943.1383052636015,1760.1616947363987,1851.65,1826.8,0.03415154749199578,0
2009-05-26,1895.0,1895.0,1842.0,1870.0,43530139400,23277384,102,1865.0,1862.0,51.33085542970128,16.43081942302524,16.4453076988356,1940.0648973663554,1772.2351026336448,1856.15,1829.76,0.05263157894736836,1
2009-05-27,1868.0,1924.0,1841.0,1875.0,3416449483,1809850,144,1870.0,1923.0,61.25750361455203,19.217855254500137,16.99981720996851,1943.715958512044,1783.284041487956,1863.5,1832.42,0.032761310452418035,0
2009-05-30,1910.0,1912.0,1860.0,1877.0,6367947727,3388959,181,1875.0,1880.0,53.04432695343124,17.752224008453595,17.150298569665527,1938.9700965634524,1798.1299034365475,1868.55,1833.64,0.0877659574468086,1
2009-05-31,1882.0,1910.0,1865.0,1882.0,15915460843,8457775,688,1877.0,1900.0,55.999326493829244,17.99707446800744,17.31965374933391,1926.581264926572,1824.518735073428,1875.55,1835.14,0.10842105263157897,1
2009-06-01,1928.0,1938.0,1890.0,1903.0,56817725842,29855571,203,1882.0,1938.0,61.01884781869155,21.01515303924748,18.058753607316625,1935.3422439767344,1825.7577560232655,1880.55,1837.24,0.09907120743034059,1
2009-06-02,1960.0,1960.0,1960.0,1929.0,5659215800,2887355,121,1903.0,1960.0,63.60730488625181,24.895241343902853,19.42605115463387,1948.5867562167593,1824.0132437832406,1886.3,1839.74,0.1076530612244897,1
2009-06-03,1986.0,1986.0,1986.0,1986.0,18599932650,9365525,339,1929.0,1986.0,66.44327237528012,29.725564188360295,21.485953761379157,1966.7149441350464,1819.4850558649534,1893.1,1844.06,0.10020140986908355,1
2009-06-06,2045.0,2045.0,2009.0,2045.0,92080076321,45028304,1321,1986.0,2045.0,71.81141090623146,37.87780500167173,24.764324009437672,1999.1937076305767,1806.5062923694231,1902.85,1848.84,0.047432762836185915,0
2009-06-07,2100.0,2106.0,2045.0,2068.0,112619748590,54450733,964,2045.0,2106.0,76.07319403975272,48.699329228606075,29.551325053271356,2043.4599233536687,1787.740076646331,1915.6,1854.84,0.007597340930674212,0
2009-06-08,2120.0,2130.0,2100.0,2108.0,9405809014,4426340,253,2068.0,2130.0,77.51365959653957,58.53728320436812,35.34851668349071,2084.2895345299744,1774.7104654700256,1929.5,1861.3,-0.21971830985915497,0
2009-06-09,2171.0,2171.0,2171.0,2122.0,3097257150,1426650,63,2108.0,2171.0,79.75586164866799,68.84864562749385,42.04854247229134,2129.13253027262,1759.3674697273802,1944.25,1868.54,-0.2422846614463381,0
2009-06-10,2185.0,2185.0,2185.0,2156.0,7407611035,3390211,160,2122.0,2185.0,80.47191357221962,77.25955754729353,49.09074548729178,2169.6027487972756,1747.5972512027242,1958.6,1876.04,-0.25217391304347825,0
2009-06-13,2169.0,2220.0,2100.0,2187.0,41974902483,19189087,1312,2156.0,2142.0,72.04316487484512,79.53865312494509,55.18032701482244,2194.317306164589,1746.4826938354113,1970.4,1882.44,-0.23809523809523814,0
2009-06-14,2127.0,2164.0,2122.0,2122.0,47748793361,22498389,947,2187.0,2122.0,68.4518758812248,78.8224043253847,59.9087424769349,2212.2626486240924,1750.7373513759078,1981.5,1888.42,-0.23138548539114046,0
2009-06-23,1699.0,1750.0,1661.0,1695.0,25832263208,15236944,982,1522.0,1662.0,30.631012327068134,40.66782302287584,56.06055858612309,2235.8335022379442,1709.5664977620559,1972.7,1885.18,-0.019253910950661868,0
2009-06-24,1694.0,1697.0,1645.0,1684.0,3328902588,2004220,223,1695.0,1645.0,29.971934599110895,8.955056212957288,46.63945811148994,2258.3088325567956,1664.1911674432047,1961.25,1881.52,-0.010334346504559222,0
2009-06-27,1634.0,1634.0,1634.0,1682.0,495802986,303429,30,1684.0,1634.0,29.52918799612911,-16.870673409775918,33.93743180723677,2276.9729158681102,1619.32708413189,1948.15,1877.54,-0.028763769889840862,0
2009-06-28,1632.0,1632.0,1632.0,1681.0,230821920,141435,26,1682.0,1632.0,29.444023298656504,-37.07179293288891,19.735586859211633,2290.727888920054,1577.872111079946,1934.3,1873.48,-0.013480392156862697,0
2009-06-29,1631.0,1631.0,1631.0,1680.0,194413569,119199,24,1681.0,1631.0,29.39836854318989,-52.55618238338593,5.27723301069212,2301.3512600321337,1541.4487399678662,1921.4,1869.4,-0.017780502759043526,0
2009-06-30,1630.0,1630.0,1630.0,1678.0,464403300,284910,32,1680.0,1630.0,29.349359955617103,-64.16866776615825,-8.611947144677956,2309.5761231642146,1508.8238768357855,1909.2,1865.8,-0.03742331288343559,0
2009-07-01,1628.0,1628.0,1628.0,1636.0,8716258276,5353967,155,1678.0,1628.0,29.244355990920155,-72.69504613994104,-21.428566943730573,2315.9765226389723,1479.0234773610277,1897.5,1862.4,-0.0626535626535627,0
2009-07-04,1587.0,1587.0,1587.0,1590.0,9464982264,5964072,160,1636.0,1587.0,27.10357524688291,-81.81747881296269,-33.506349317577,2320.1833785252934,1441.2166214747067,1880.7,1858.52,-0.05482041587901698,0
2009-07-05,1543.0,1613.0,1543.0,1556.0,46188493803,29690819,1590,1590.0,1610.0,30.190821810319136,-86.19753314296031,-44.044586082653666,2322.251909126867,1412.1480908731332,1867.2,1855.64,-0.06335403726708078,0
2009-07-07,1602.0,1602.0,1602.0,1585.0,6373568214,3978507,170,1556.0,1602.0,29.719354811917725,-89.2850682089927,-53.09268250792148,2321.3791404443455,1383.2208595556542,1852.3,1851.32,-0.038077403245942554,0
2009-07-11,1603.0,1617.0,1550.0,1573.0,19597245950,12457812,816,1585.0,1569.0,27.79140591817699,-93.31906214153673,-61.13795843464453,2316.816365288522,1350.8836347114777,1833.85,1845.82,0.003824091778202643,0
2009-07-12,1578.0,1579.0,1526.0,1529.0,13251292615,8668889,476,1573.0,1526.0,25.472579371392357,-98.84633303294277,-68.67963335430419,2309.2863092754405,1315.0136907245599,1812.15,1839.3,0.03997378768020976,0
2009-07-13,1543.0,1543.0,1484.0,1503.0,7509328364,5017785,404,1529.0,1500.0,24.15994645880876,-104.12443606144666,-75.76859389573269,2296.008744881957,1279.6912551180426,1787.85,1832.46,0.07066666666666666,1
2009-07-14,1505.0,1539.0,1473.0,1497.0,12222109654,8162902,424,1503.0,1508.0,25.433206632472988,-106.43492206883366,-81.90185953035288,2268.7200015756775,1253.2799984243222,1761.0,1826.62,0.0610079575596818,1
2009-07-15,1520.0,1541.0,1496.0,1530.0,10172812354,6649509,396,1497.0,1541.0,30.60848294998101,-104.39971968637224,-86.40143156155675,2223.1196055018154,1242.3803944981844,1732.75,1821.34,0.046073977936405,0
2009-07-18,1568.0,1575.0,1560.0,1541.0,2555857991,1623278,142,1530.0,1575.0,35.57012070347538,-98.9031967977046,-88.90178460878633,2164.126997681476,1245.873002318524,1705.0,1817.26,-0.0031746031746031633,0
2009-07-19,1587.0,1587.0,1587.0,1560.0,4183852536,2636328,134,1541.0,1587.0,37.27481930442308,-92.5124373060396,-89.62391514823699,2084.1388788739155,1267.4611211260844,1675.8,1813.56,-0.010712035286704502,0
2009-07-21,1606.0,1606.0,1606.0,1589.0,6437002176,4008096,236,1560.0,1606.0,39.982486743061436,-84.93548970081997,-88.68623005875358,1982.2687084824072,1311.4312915175926,1646.85,1810.16,-0.016811955168119508,0
2009-07-22,1618.0,1635.0,1579.0,1612.0,12051498101,7474107,607,1589.0,1600.0,39.40402279717799,-78.50984140954165,-86.6509523289112,1866.6757985711622,1372.8242014288378,1619.75,1806.58,-0.007499999999999951,0
2009-07-25,1610.0,1612.0,1595.0,1609.0,2760717231,1723433,169,1612.0,1612.0,41.23523296712795,-71.62353757552546,-83.64546937823405,1683.3137412194556,1505.1862587805444,1594.25,1803.62,-0.008064516129032251,0
2009-07-26,1600.0,1600.0,1563.0,1597.0,3943841757,2497511,285,1609.0,1570.0,37.01858852832114,-68.76248998391156,-80.66887349936955,1673.5982578735625,1505.7017421264377,1589.65,1798.26,0.042038216560509545,0
2009-07-27,1556.0,1573.0,1550.0,1551.0,10349016249,6674326,455,1597.0,1570.0,37.01858852832114,-65.7373103610355,-77.68256087170275,1666.2464996126537,1505.5535003873465,1585.9,1792.76,0.020382165605095537,0
2009-07-28,1550.0,1579.0,1506.0,1542.0,6416998925,4175226,339,1551.0,1579.0,38.579486645116056,-61.900063529881436,-74.52606140333849,1660.4294280517536,1505.8705719482466,1583.15,1787.34,0.019632678910703083,0
2009-07-29,1550.0,1588.0,1550.0,1553.0,2838358839,1794766,124,1542.0,1588.0,40.17617811609654,-57.47031101510379,-71.11491132569155,1654.978305397369,1506.921694602631,1580.95,1782.1,0.0617128463476071,1
2009-08-01,1599.0,1599.0,1581.0,1589.0,7896336870,4939066,319,1553.0,1599.0,42.15544741752505,-52.46728199623135,-67.38538545979952,1650.3014622823669,1508.398537717633,1579.35,1777.06,0.07567229518449037,1
2009-08-02,1636.0,1636.0,1636.0,1617.0,6086224296,3720186,207,1589.0,1636.0,48.34598724140403,-44.99804522080444,-62.907917412000515,1651.5006089049089,1507.7993910950913,1579.65,1772.74,0.06051344743276288,1
2009-08-03,1665.0,1665.0,1602.0,1658.0,26265137746,15842662,878,1617.0,1602.0,43.716110329044966,-41.34553156232687,-58.59544024206579,1647.5461704143092,1509.1538295856906,1578.35,1767.26,0.09675405742821463,1
2009-08-04,1628.0,1641.0,1609.0,1637.0,5804662594,3580073,234,1658.0,1610.0,45.04955793513931,-37.37452477506031,-54.3512571486647,1649.9854594934739,1509.0145405065261,1579.5,1761.5,0.12360248447204958,1
2009-08-05,1623.0,1686.0,1623.0,1670.0,8278836046,4929741,288,1637.0,1686.0,55.77008716226011,-27.774738548283494,-49.03595342858846,1666.9232025218248,1499.676797478175,1583.3,1757.1,0.08837485172004755,1
2009-08-08,1720.0,1720.0,1720.0,1685.0,3186470280,1852599,100,1670.0,1720.0,59.570201145671234,-17.224766563791263,-42.67371605562902,1691.772120968644,1486.627879031356,1589.2,1753.5,0.07383720930232562,1
2009-08-09,1735.0,1735.0,1735.0,1706.0,4549117950,2621970,117,1685.0,1735.0,61.15583656357441,-7.5662441649578795,-35.6522216774948,1717.5641495201883,1477.4358504798117,1597.5,1751.44,0.08069164265129691,1
2009-08-10,1757.0,1757.0,1757.0,1757.0,35037336733,19941569,823,1706.0,1757.0,63.4217375777197,1.8421849984008531,-28.153340342315673,1743.0178692821758,1475.0821307178242,1609.05,1749.1,0.0853727945361411,1
2009-08-11,1809.0,1809.0,1809.0,1782.0,5437398132,3005748,161,1757.0,1809.0,68.15083781761864,13.340615995352891,-19.85454907478196,1774.8668846521937,1474.1331153478063,1624.5,1747.36,0.06909894969596464,1
2009-08-12,1835.0,1835.0,1835.0,1794.0,2715649530,1479918,72,1782.0,1835.0,70.22374658275432,24.271402491593335,-11.029358761506902,1807.248647831063,1474.4513521689369,1640.85,1745.88,0.02997275204359684,0
2009-08-15,1847.0,1847.0,1847.0,1821.0,6016624664,3257512,145,1794.0,1847.0,71.1568243297954,33.51607678361529,-2.1202716524824634,1838.5169652102766,1473.7830347897236,1656.15,1745.04,0.07038440714672434,1
2009-08-16,1875.0,1875.0,1875.0,1852.0,6842701875,3649441,153,1821.0,1875.0,73.26222390473148,42.61072385817829,6.8259274496496865,1872.6933204053319,1469.6066795946683,1671.15,1745.06,0.07519999999999993,1
2009-08-17,1907.0,1907.0,1907.0,1878.0,5703520438,2990834,120,1852.0,1907.0,75.4663211985629,51.80327385838359,15.821396731396469,1909.1961888887226,1465.1038111112775,1687.15,1745.96,0.07813319349764036,1
2009-08-18,1934.0,1934.0,1878.0,1932.0,91116674159,47165484,2469,1878.0,1934.0,77.17593107672536,60.56890962654006,24.770899310425186,1946.652015623084,1460.4479843769159,1703.55,1746.18,0.07807652533609111,1
2009-08-19,1948.0,1955.0,1882.0,1920.0,14065236369,7325706,578,1932.0,1890.0,68.76618521662661,63.23635748334027,32.463990945008206,1969.1790305799118,1466.920969420088,1718.05,1746.38,0.12275132275132283,1
2009-08-22,1970.0,1977.0,1950.0,1958.0,8675764276,4392924,261,1920.0,1977.0,74.64858413479283,71.54576697247626,40.28034615050182,2006.2911850413016,1466.3088149586983,1736.3,1747.92,0.03692463328275175,0
2009-08-23,2016.0,2016.0,2016.0,1997.0,8558990496,4245531,207,1958.0,2016.0,76.76143474653843,80.35176281755457,48.294629483912374,2043.2425126364758,1473.957487363524,1758.6,1749.48,0.016369047619047672,0
2009-08-24,2056.0,2056.0,2056.0,2025.0,6227809040,3029090,143,1997.0,2056.0,78.72033129908044,89.52624089768642,56.54095176666719,2081.621877337443,1484.178122662557,1782.9,1751.4,-0.015564202334630295,0
2009-08-25,2085.0,2085.0,2085.0,2061.0,7928026935,3802411,177,2025.0,2085.0,80.03436927036822,98.00737055137733,64.83423552360922,2119.02509551194,1497.37490448806,1808.2,1753.38,-0.0023980815347721673,0
2009-08-26,2122.0,2122.0,2122.0,2084.0,5044061904,2377032,119,2061.0,2122.0,81.59588512373413,106.48680409143299,73.16474923717398,2157.0135824519148,1512.7864175480852,1834.9,1754.92,-0.020263901979264864,0
2009-08-29,2146.0,2146.0,2022.0,2112.0,76767805790,36344526,1863,2084.0,2050.0,70.1055835399077,106.17312035111854,79.7664234599629,2173.435743349295,1541.464256650705,1857.45,1753.8,-0.014634146341463428,0
2009-08-30,2079.0,2079.0,2049.0,2086.0,5490311434,2677845,224,2112.0,2049.0,69.9582321681738,104.63763456766833,84.74066568150398,2187.4081958177094,1568.7918041822902,1878.1,1752.18,-0.03855539287457299,0
2009-08-31,2024.0,2079.0,2024.0,2028.0,47378104459,23362664,1465,2086.0,2024.0,66.2114424815698,100.24786497017726,87.84210553923864,2187.1267962521147,1611.2732037478854,1899.2,1749.24,-0.0019762845849802257,0
2009-09-01,2020.0,2088.0,2012.0,2079.0,38995515967,18753686,1225,2028.0,2080.0,70.07736406107098,100.13339745111489,90.3003639216139,2188.2244621499244,1657.1755378500754,1922.7,1747.14,-0.027403846153846168,0
2009-09-02,2090.0,2118.0,2051.0,2082.0,18952890434,9102570,655,2079.0,2079.0,69.92351201431998,98.82282150368883,92.0048554380289,2192.628464914596,1692.0715350854036,1942.35,1745.88,-0.00481000481000482,0
2009-09-05,2080.0,2096.0,2020.0,2030.0,23383447992,11516772,776,2082.0,2020.0,61.36353521797973,91.96327827987989,91.9965400063991,2187.691724400958,1727.008275599042,1957.35,1743.84,0.03217821782178221,0
2009-09-06,2021.0,2040.0,1970.0,1979.0,20352269586,10283264,586,2030.0,1970.0,55.19666423675342,81.55237372242414,89.9077067496041,2175.616730557131,1762.5832694428684,1969.1,1750.0,0.07461928934010142,1
2009-09-07,1923.0,2030.0,1920.0,1965.0,27039732606,13763683,901,1979.0,2020.0,59.57209131465024,76.45491432587119,87.21714826485753,2165.220899325567,1799.2791006744328,1982.25,1757.5,0.034653465346534684,0
2009-09-08,2023.0,2023.0,2023.0,2009.0,9774047626,4831462,215,1965.0,2023.0,59.825601502511994,71.82921349579851,84.13956131104572,2158.3265098192815,1827.5734901807186,1992.95,1765.28,0.029658922392486353,0
2009-09-09,2069.0,2069.0,2069.0,2025.0,3431254428,1658412,99,2009.0,2069.0,63.59519178184811,71.05603804778389,81.52285665839337,2156.2049735244836,1853.0950264755163,2004.65,1774.02,0.04881585306911562,0
2009-09-13,2085.0,2085.0,2085.0,2058.0,7154733795,3431527,156,2025.0,2085.0,64.83127641234516,70.91687166489146,79.40165965969298,2153.381977256806,1879.718022743194,2016.55,1783.1,0.06858513189448434,1
2009-09-14,2119.0,2119.0,2088.0,2118.0,89924050040,42457911,2661,2058.0,2117.0,67.22794412186677,72.55237524906556,78.0318027775675,2155.7252139483035,1901.5747860516967,2028.65,1792.84,0.029759093056211716,0
2009-09-19,2119.0,2120.0,2061.0,2107.0,5080996578,2430677,278,2118.0,2090.0,63.307758559249024,70.85309885206152,76.59606199246632,2154.4457886081063,1921.1542113918933,2037.8,1802.08,0.024880382775119614,0
2009-09-21,2107.0,2167.0,2073.0,2107.0,11867067969,5632460,554,2107.0,2083.0,62.29356938577246,68.15590966521131,74.90803152701531,2153.1293307358137,1937.3706692641863,2045.25,1812.0,0.0,0
2009-09-22,2083.0,2170.0,2083.0,2164.0,40845965205,18871830,1324,2107.0,2170.0,68.95111230881821,72.20619267078268,74.36766375576879,2154.88446031639,1963.6155396836102,2059.25,1823.2,-0.02304147465437789,0
2009-09-23,2197.0,2228.0,2190.0,2224.0,28003438054,12593172,772,2164.0,2228.0,72.44416796437497,79.18340935411311,75.33081287543766,2185.194179744849,1958.4058202551514,2071.8,1835.72,-0.06956912028725315,0
2009-09-26,2206.0,2270.0,2158.0,2208.0,30538486562,13828388,954,2224.0,2180.0,65.84236154947412,79.91845479713106,76.24834125977634,2199.616052434475,1960.383947565525,2080.0,1847.94,-0.017431192660550487,0
2009-09-27,2189.0,2189.0,2142.0,2147.0,19312324413,8995792,645,2208.0,2142.0,61.0956109776238,76.55225444853113,76.3091238975273,2206.314917120847,1962.2850828791534,2084.3,1860.26,0.029878618113912125,0
2009-09-28,2090.0,2139.0,2083.0,2091.0,13763301562,6581281,528,2147.0,2083.0,54.52319007153023,68.33597492243666,74.71449410250918,2206.215736690015,1962.1842633099848,2084.2,1871.92,0.03456553048487754,0
2009-09-29,2060.0,2147.0,2060.0,2107.0,13328998374,6324901,548,2091.0,2120.0,57.603403076300694,64.07152828606695,72.58590093922074,2205.994872738795,1962.2051272612046,2084.1,1884.16,0.005660377358490676,0
2009-09-30,2100.0,2148.0,2050.0,2080.0,24752749496,11902124,601,2107.0,2073.0,52.718719582969086,56.250990000751244,69.31891875152684,2206.2671475453258,1964.2328524546745,2085.25,1894.8,0.04679208876025087,0
2009-10-03,2142.0,2142.0,2136.0,2142.0,27066981494,12636625,558,2080.0,2142.0,58.30823870200146,54.987024221649335,66.45253984555134,2212.129129097802,1967.6708709021982,2089.9,1906.14,-0.015873015873015928,0
2009-10-04,2206.0,2206.0,2170.0,2203.0,100444095293,45586064,2112,2142.0,2206.0,62.71151123382957,58.47551799333132,64.85713547510734,2227.2029640843266,1970.7970359156732,2099.0,1918.52,-0.0652765185856754,0
2009-10-05,2200.0,2230.0,2155.0,2180.0,31658865890,14525370,947,2203.0,2155.0,57.49995185838952,56.47390464643422,63.18048930937272,2232.8835852115326,1972.6164147884674,2102.75,1929.5,-0.05939675174013925,0
2009-10-06,2178.0,2178.0,2115.0,2133.0,30019228057,14073992,1052,2180.0,2132.0,55.26922625765374,52.427353965572365,61.02986224061265,2235.649606525345,1975.150393474655,2105.4,1940.14,-0.0478424015009381,0
2009-10-07,2158.0,2190.0,2150.0,2173.0,16833400473,7746576,739,2133.0,2170.0,58.15748996608028,51.69085580859473,59.16206095420907,2239.8486510365797,1985.9513489634205,2112.9,1951.3,-0.09354838709677415,0
2009-10-10,2183.0,2183.0,2108.0,2125.0,19440498544,9148945,728,2173.0,2108.0,52.23156378057384,45.57888881029476,56.445426525426214,2228.640433663264,2010.9595663367363,2119.8,1962.06,-0.07447817836812143,0
2009-10-11,2099.0,2099.0,2062.0,2089.0,7693179294,3727005,266,2125.0,2062.0,48.29930333115686,36.60137747190811,52.476616714722596,2224.392731449637,2019.4072685503634,2121.9,1971.9,-0.023278370514064006,0
2009-10-12,2027.0,2027.0,2027.0,2086.0,643542095,317485,48,2089.0,2027.0,45.492914133843534,26.358582235600807,47.25300981889824,2223.832787241908,2020.367212758092,2122.1,1980.86,0.022693635915145505,0
2009-10-13,2024.0,2062.0,2024.0,2026.0,44089760593,21765356,1265,2086.0,2030.0,45.78370100523809,18.272533748629485,41.45691460484449,2227.233658884105,2013.0663411158953,2120.15,1989.7,0.019211822660098576,0
2009-10-17,2054.0,2054.0,1966.0,1972.0,30691933555,15567278,1101,2026.0,1967.0,40.85460957787833,6.7034355466021225,34.50621879319602,2239.834831886686,1988.6651681133137,2114.25,1997.06,0.047280122013218184,0
2009-10-18,1930.0,2000.0,1914.0,1956.0,11726679308,5998683,560,1972.0,1951.0,39.68603141756596,-3.7134184355745674,26.862291347441904,2250.257276323847,1961.6427236761529,2105.95,2003.36,0.03792926704254218,0
2009-10-19,1988.0,2014.0,1987.0,2013.0,15199994096,7549335,419,1956.0,2014.0,46.210155869204236,-6.806812086161699,20.128470660721185,2251.8393783807223,1952.4606216192776,2102.15,2011.6,0.002979145978152964,0
2009-10-20,2073.0,2073.0,2039.0,2072.0,30375878345,14657331,807,2013.0,2073.0,51.50109110089748,-4.446287885497895,15.21351895147737,2251.6583664333666,1951.6416335666338,2101.65,2020.86,-0.015436565364206456,0
2009-10-21,2133.0,2134.0,2060.0,2118.0,27202415378,12841585,838,2072.0,2069.0,51.133865082693674,-2.8652927096445637,11.597756619252985,2243.8391252351325,1949.3608747648673,2096.6,2028.52,-0.007733204446592534,0
2009-10-24,2099.0,2120.0,2055.0,2081.0,11487910117,5533676,483,2118.0,2060.0,50.2653980421398,-2.3119170851477975,8.815821878372828,2223.1512504573666,1953.2487495426328,2088.2,2035.32,-0.03398058252427183,0
2009-10-25,2070.0,2070.0,2020.0,2032.0,13466040891,6627898,537,2081.0,2025.0,46.92743334189719,-4.644036842762944,6.123850134145675,2211.1595635369,1949.7404364630997,2080.45,2041.12,-0.03456790123456788,0
2009-10-26,2026.0,2065.0,2020.0,2033.0,6956489941,3420262,383,2032.0,2020.0,46.45285094004596,-6.817133099096736,3.5356534874971928,2204.385802762189,1944.314197237811,2074.35,2046.38,-0.05742574257425748,0
2009-10-27,2033.0,2089.0,2030.0,2054.0,9676987332,4694017,489,2033.0,2041.0,48.79508582391349,-6.766799589396669,1.4751628721184205,2203.0137182096278,1941.4862817903725,2072.25,2051.02,-0.06271435570798634,0
2009-10-28,2060.0,2082.0,2026.0,2051.0,10906957248,5317873,488,2054.0,2053.0,50.13728403793645,-5.692985020949209,0.04153329350489443,2198.0214931760274,1939.7785068239727,2068.9,2055.38,-0.050170482221139845,0
2009-10-31,2050.0,2058.0,1990.0,2015.0,13458401622,6678316,568,2051.0,1990.0,43.66597470787341,-9.812441014091974,-1.9292615680144791,2198.3357402569854,1931.1642597430143,2064.75,2058.24,-0.1703517587939698,0
2009-11-01,1975.0,1997.0,1955.0,1962.0,18860057278,9612086,763,2015.0,1955.0,40.53570830634938,-15.72013512821718,-4.687436280055019,2192.188011170595,1918.6119888294054,2055.4,2059.84,-0.17135549872122757,0
2009-11-02,1950.0,1955.0,1904.0,1906.0,27446245535,14399772,1009,1962.0,1904.0,36.43682560658564,-24.23789963212471,-8.597528950468957,2173.8935627191913,1906.7064372808084,2040.3,2059.78,-0.134453781512605,0
2009-11-03,1880.0,1940.0,1852.0,1894.0,11901551840,6283461,416,1906.0,1913.0,37.635285971738206,-29.917197751914046,-12.861462710757976,2161.8841052631406,1894.5158947368595,2028.2,2059.36,-0.13957135389440667,0
2009-11-04,1949.0,1950.0,1920.0,1948.0,12232768716,6276848,264,1894.0,1950.0,42.440155586528576,-31.074286617823873,-16.504027492171158,2147.973426275576,1890.2265737244238,2019.1,2060.56,-0.13743589743589746,0
2009-12-15,1749.0,1749.0,1624.0,1678.0,33396052298,19901653,1097,1948.0,1651.0,25.405706416711766,-55.478566651026085,-24.298935323942146,2184.0953063052507,1802.2046936947495,1993.15,2054.04,0.005451241671714069,0
2009-12-16,1635.0,1690.0,1620.0,1630.0,15193899033,9319561,591,1678.0,1620.0,24.31597852381134,-76.43942916534661,-34.72703409222304,2212.242813035633,1725.257186964367,1968.75,2046.12,0.031481481481481444,0
2009-12-19,1573.0,1662.0,1573.0,1591.0,14377192209,9035189,524,1630.0,1648.0,27.347216751845963,-89.75703450659103,-45.73303417509664,2224.4768257604633,1671.6231742395366,1948.05,2037.96,-0.02123786407766992,0
2009-12-20,1646.0,1646.0,1646.0,1626.0,5032284526,3057281,82,1591.0,1646.0,27.263222473276755,-99.32772775677836,-56.45197289143299,2232.24973206914,1625.7502679308598,1929.0,2029.18,-0.011543134872417982,0
2009-12-21,1682.0,1682.0,1670.0,1682.0,36298403503,21585734,651,1626.0,1682.0,31.350473450395853,-102.82239936012434,-65.72605818517127,2229.2648548391926,1593.9351451608075,1911.6,2020.38,-0.016052318668252075,0
2009-12-22,1700.0,1719.0,1625.0,1683.0,11099288266,6595430,610,1682.0,1660.0,30.232438720232793,-106.143610452659,-73.80956863866882,2230.936644490044,1561.5633555099562,1896.25,2012.58,0.025903614457831292,0
2009-12-23,1656.0,1700.0,1627.0,1671.0,6828359698,4091733,321,1683.0,1671.0,31.546933264344958,-106.65859224364613,-80.37937335966429,2229.7829480783153,1534.7170519216847,1882.25,2005.02,0.029323758228605667,0
2009-12-28,1681.0,1681.0,1613.0,1636.0,5359651620,3308041,234,1671.0,1613.0,28.498052632888403,-110.47336609990475,-86.39817190771238,2223.030486516875,1501.369513483125,1862.2,1996.8,0.08493490390576564,1
2009-12-29,1595.0,1627.0,1595.0,1620.0,3943807887,2457130,211,1636.0,1627.0,30.250358753799333,-111.0863841798805,-91.33581436214601,2200.9899610900375,1478.810038909963,1839.9,1987.74,0.10633066994468354,1
2009-12-30,1617.0,1676.0,1616.0,1646.0,5031383882,3029604,296,1620.0,1655.0,33.74746852056444,-108.06710906670037,-94.68207330305688,2172.770700143556,1465.629299856444,1819.2,1979.26,0.12447129909365562,1
2010-01-02,1690.0,1703.0,1690.0,1703.0,8225866364,4830598,154,1646.0,1703.0,39.36042085092839,-100.64098629635487,-95.87385590171648,2140.232442743799,1462.467557256201,1801.35,1972.92,0.12918379330593077,1
2010-01-03,1762.0,1762.0,1714.0,1759.0,38683863389,21987690,819,1703.0,1720.0,41.25855062733942,-92.31976775780663,-95.16303827293451,2110.4929099101955,1461.7070900898045,1786.1,1967.92,0.10988372093023258,1
2010-01-04,1720.0,1780.0,1700.0,1740.0,7602860891,4372311,336,1759.0,1750.0,44.55673935971657,-82.35505502523688,-92.60144162339499,2078.901420173012,1466.2985798269879,1772.6,1962.52,0.14057142857142857,1
2010-01-05,1751.0,1800.0,1751.0,1799.0,27007110274,15014701,714,1740.0,1800.0,49.63264376217652,-69.62082077578498,-88.00531745387299,2041.5877020970743,1479.5122979029256,1760.55,1958.06,0.08333333333333326,1
2010-01-06,1800.0,1861.0,1800.0,1858.0,33064414087,17792573,743,1799.0,1861.0,55.04056135289179,-53.98436008717408,-81.20112598053322,2002.994023932336,1498.9059760676641,1750.95,1953.9,0.03761418592154753,0
2010-01-09,1923.0,1923.0,1923.0,1870.0,1650639741,858367,43,1858.0,1923.0,59.768712764584215,-36.17249646974756,-72.1954000783761,1988.3749156369986,1506.8250843630012,1747.6,1950.66,-0.004160166406656285,0
2010-01-10,1935.0,1935.0,1870.0,1929.0,74333968934,38543262,1560,1870.0,1909.0,58.2783273099723,-22.92191960173841,-62.34070398304856,1978.877481791383,1511.722518208617,1745.3,1946.5,0.0010476689366161196,0
2010-01-11,1910.0,1996.0,1903.0,1984.0,46775803412,23574833,1183,1929.0,1996.0,64.245060858378,-5.3390241113979755,-50.94036800871845,1998.911565996449,1500.888434003551,1749.9,1944.62,-0.05811623246492981,0
2010-01-12,2007.0,2038.0,1929.0,1966.0,21342415109,10853296,797,1984.0,1950.0,59.407365786027945,4.828076618770865,-39.78667908322059,2006.0741042449652,1497.4258957550348,1751.75,1941.96,-0.01692307692307693,0
2010-01-13,1940.0,1960.0,1902.0,1930.0,11818259748,6121902,481,1966.0,1931.0,57.48200935709673,11.22306349717951,-29.58473056714057,2002.280893906483,1499.319106093517,1750.8,1937.18,-0.006214396685655155,0
2010-01-16,1933.0,1980.0,1911.0,1940.0,18432910206,9502692,605,1930.0,1915.0,55.84076491762926,14.8291294161927,-20.701958570473916,2020.799532709863,1507.200467290137,1764.0,1930.92,0.02193211488250646,0
2010-01-17,1969.0,1969.0,1900.0,1924.0,22368292891,11626510,665,1940.0,1911.0,55.41478252172762,17.166313490448374,-13.12830415828946,2034.0373578085696,1523.0626421914303,1778.55,1925.54,0.009942438513867113,0
2010-01-18,1930.0,1938.0,1880.0,1905.0,8791130270,4615110,477,1924.0,1880.0,52.09777931919591,16.328878637054004,-7.236867599220767,2041.9143938288419,1538.3856061711583,1790.15,1920.3,-0.006914893617021245,0
2010-01-19,1895.0,1920.0,1870.0,1895.0,8592457586,4535939,385,1905.0,1917.0,55.52001271984142,18.43825157371589,-2.1018437646334363,2052.1214966543844,1555.2785033456157,1803.7,1916.98,-0.030255607720396482,0
2010-01-20,1919.0,1935.0,1900.0,1909.0,13879926979,7271525,503,1895.0,1919.0,55.7042295028044,20.040315822397133,2.3265881527726773,2062.224258892176,1568.8757411078238,1815.55,1912.96,0.0036477331943720603,0
2010-01-26,1982.0,2006.0,1938.0,1958.0,35802180394,18286051,1017,1909.0,1957.0,59.16472514630715,24.09845372865857,6.680961267949856,2073.5636485990544,1587.2363514009458,1830.4,1910.64,-0.020950434338272816,0
2010-01-27,1940.0,1949.0,1920.0,1934.0,9194253288,4755187,422,1958.0,1930.0,55.82747411278361,24.849434097055337,10.314655833770953,2078.63729247455,1608.06270752545,1843.35,1906.4,0.015025906735751215,0
2010-01-30,1867.0,1889.0,1867.0,1867.0,39273808145,21030169,893,1934.0,1867.0,48.89690548157881,20.128983569764387,12.277521380969642,2066.322656329834,1645.777343670166,1856.05,1899.62,0.020889126941617597,0
2010-01-31,1829.0,1870.0,1829.0,1861.0,5483931591,2952205,282,1867.0,1859.0,48.08065142295109,15.563058130208674,12.93462873081745,2049.8183561983383,1685.4816438016621,1867.65,1893.7,0.01775147928994092,0
2010-02-01,1841.0,1926.0,1839.0,1883.0,6114009143,3229445,259,1861.0,1926.0,54.87476706317701,17.153138676081426,13.778330719870246,2036.402577298203,1725.9974227017972,1881.2,1889.58,-0.032710280373831724,0
2010-02-02,1948.0,1948.0,1911.0,1945.0,22570429851,11602071,588,1883.0,1916.0,53.744330393935364,17.405730115997812,14.50381059909576,2024.2331937974177,1759.4668062025821,1891.85,1884.5,-0.024008350730688965,0
2010-02-03,1940.0,1989.0,1940.0,1957.0,10553926303,5392805,400,1945.0,1959.0,57.77262115723829,20.835472923727366,15.770143064022083,2013.1134941350094,1794.4865058649905,1903.8,1881.52,-0.03420112302195,0
2010-02-06,1926.0,1926.0,1897.0,1921.0,5974269466,3141101,313,1957.0,1906.0,51.78626532784564,19.057231842333522,16.427560819684373,1995.1234098921059,1828.076590107894,1911.6,1878.4,0.03200419727177328,0
2010-02-07,1900.0,1910.0,1892.0,1907.0,5671209397,2986610,243,1921.0,1892.0,50.303489764417506,16.33003746981899,16.4080561497113,1983.1136757322806,1849.2863242677195,1916.2,1875.7,0.04122621564482021,0
2010-02-08,1899.0,1899.0,1863.0,1893.0,4488586994,2389613,261,1907.0,1863.0,47.28337176280907,11.693859115628584,15.465216742894757,1982.888587610827,1849.711412389173,1916.3,1872.36,0.045625335480407925,0
2010-02-09,1870.0,1898.0,1860.0,1885.0,3906334610,2082556,177,1893.0,1870.0,48.09346050869623,8.486666853905263,14.06950676509686,1983.1173304511178,1844.1826695488824,1913.65,1870.42,0.05882352941176472,1
2010-02-10,1880.0,1930.0,1880.0,1901.0,13742138263,7228331,415,1885.0,1892.0,50.65969382066207,7.632180986698813,12.78204160941725,1982.8873740412978,1842.7126259587021,1912.8,1869.24,0.07505285412262164,1
2010-02-14,1929.0,1967.0,1929.0,1950.0,10351410914,5309215,364,1901.0,1967.0,58.23957263607149,12.858641563825131,12.797361600298828,1975.4351776934789,1847.264822306521,1911.35,1868.3,0.05998983223182508,1
2010-02-16,1980.0,2010.0,1953.0,1986.0,9537535644,4802770,393,1950.0,1970.0,58.5141125427575,17.04622587281233,13.64713445480153,1979.3732049368332,1845.3267950631666,1912.35,1866.24,0.08629441624365475,1
2010-02-17,1950.0,1960.0,1938.0,1967.0,4992164076,2558796,274,1986.0,1948.0,55.626060843956964,18.37785203087583,14.593277970016391,1981.565488369533,1844.834511630467,1913.2,1863.82,0.08367556468172488,1
2010-02-20,1949.0,1990.0,1946.0,1966.0,15087616202,7674226,321,1967.0,1980.0,58.81056728803765,21.764421219889755,16.027506619991065,1990.769512915551,1842.130487084449,1916.45,1862.22,0.03535353535353525,0
2010-02-21,1980.0,2034.0,1976.0,2015.0,10044277296,4985179,309,1966.0,2034.0,63.56270233368584,28.47738088399001,18.517481472790855,2012.765181749968,1832.4348182500319,1922.6,1862.4,0.01868239921337267,0
2010-02-22,2085.0,2085.0,2043.0,2083.0,68725711522,32991611,1299,2015.0,2085.0,67.38938975481082,37.480669727556005,22.310119123743885,2045.194603786763,1820.5053962132367,1932.85,1863.7,-0.00959232613908878,0
2010-02-23,2121.0,2155.0,2101.0,2140.0,48117756110,22485175,1236,2083.0,2140.0,70.93451511882546,48.494862756246675,27.547067850244446,2087.7219537857904,1800.2780462142096,1944.0,1865.68,-0.01869158878504673,0
2010-02-24,2119.0,2129.0,2080.0,2101.0,14364109976,6838201,535,2140.0,2111.0,66.81034673085165,54.258177946745036,32.88928986954457,2114.0374021230864,1793.1625978769137,1953.6,1866.84,0.001894836570345726,0
2010-02-27,2090.0,2090.0,2043.0,2067.0,9094884834,4404431,393,2101.0,2050.0,59.03523558900392,53.2891721507342,36.9692663257825,2124.1112371833906,1792.3887628166094,1958.25,1868.04,0.06487804878048786,1
2010-02-28,2050.0,2100.0,2050.0,2068.0,7237180710,3498786,325,2067.0,2072.0,60.80677730891681,53.67768131738376,40.31094932410275,2137.792773116199,1792.9072268838006,1965.35,1870.38,0.04826254826254828,0
2010-03-01,2085.0,2093.0,2052.0,2071.0,10794049054,5211609,369,2068.0,2065.0,59.91887614665821,52.81195281470286,42.811150022222776,2146.7024715482544,1803.7975284517454,1975.25,1873.6,0.07506053268765123,1
2010-03-02,2080.0,2143.0,2080.0,2125.0,21400997558,10072273,680,2071.0,2100.0,62.840580365961735,54.323852673688634,45.113690552515955,2158.2527420078577,1816.3472579921424,1987.3,1877.34,0.0814285714285714,1
2010-03-03,2113.0,2145.0,2110.0,2127.0,29164147791,13714406,478,2125.0,2115.0,64.05007041462758,56.08589555268077,47.308131552548915,2173.8870938002688,1819.6129061997312,1996.75,1880.64,0.05910165484633567,1
2010-03-06,2170.0,2201.0,2161.0,2190.0,29573012865,13504064,827,2127.0,2183.0,68.9793809092345,62.251759397445085,50.296857121528156,2200.621284900153,1819.578715099847,2010.1,1891.28,0.058176820888685254,1
2010-03-07,2189.0,2189.0,2158.0,2174.0,12690452998,5836266,501,2190.0,2172.0,67.37012924382307,65.4956497670189,53.33661565062631,2222.156926395309,1819.3430736046912,2020.75,1902.32,0.06583793738489874,1
2010-03-08,2175.0,2220.0,2171.0,2195.0,25507945699,11623456,723,2174.0,2220.0,70.59397485117191,71.11982997375571,56.893258515252185,2248.3117237728547,1824.5882762271451,2036.45,1913.76,0.027027027027026973,0
2010-03-09,2222.0,2271.0,2222.0,2269.0,24563075601,10826279,613,2195.0,2271.0,73.58069104742759,78.78413264315077,61.271433340831905,2279.6288117080535,1831.171188291947,2055.4,1926.26,-0.024218405988551295,0
2010-03-10,2290.0,2320.0,2223.0,2267.0,29721615626,13108913,788,2269.0,2240.0,68.99354770867663,81.41816883548972,65.30078043976347,2293.9524123672877,1854.5475876327123,2074.25,1937.42,0.004017857142857073,0
2010-03-13,2261.0,2319.0,2241.0,2294.0,26976594049,11757753,845,2267.0,2310.0,73.0753302477539,88.13807560914029,69.86823947363884,2317.8468185692336,1874.6531814307664,2096.25,1950.42,0.009090909090909038,0
2010-03-14,2302.0,2343.0,2300.0,2320.0,22714084992,9791891,615,2294.0,2315.0,73.34524654235801,92.79739771830646,74.45407112257237,2337.723761768916,1897.0762382310843,2117.4,1963.3,0.008207343412526935,0
2010-03-15,2339.0,2339.0,2265.0,2296.0,22500706189,9800541,665,2320.0,2280.0,68.19184611020216,92.59832076431076,78.08292105092005,2352.8830957795167,1913.2169042204837,2133.05,1976.64,0.023684210526315752,0
2010-03-16,2216.0,2287.0,2216.0,2218.0,20483198867,9234365,471,2296.0,2216.0,59.90345223219109,86.28168416771223,79.72267367427848,2354.5879267723853,1936.1120732276145,2145.35,1988.42,0.06362815884476536,1
2010-03-17,2170.0,2295.0,2170.0,2253.0,26555658065,11786466,696,2218.0,2249.0,62.43857306989944,82.98196393769695,80.37453172696218,2353.3605140955174,1967.439485904483,2160.4,2000.3,0.0484659848821698,0
2010-03-27,2331.0,2331.0,2331.0,2256.0,355104540,152340,26,2253.0,2331.0,67.873992204841,85.99236017984776,81.4980974175393,2365.8696370792745,1990.030362920725,2177.95,2012.86,0.01501501501501501,0
2010-03-28,2334.0,2334.0,2334.0,2256.0,14118366,6049,5,2256.0,2334.0,68.05611769736768,87.6102790569762,82.72053374542668,2380.406101527815,2005.493898472185,2192.95,2025.14,0.02099400171379595,0
2010-03-29,2334.0,2334.0,2334.0,2278.0,3103713522,1329783,25,2256.0,2334.0,68.05611769736768,87.87947157829376,83.7523213120001,2395.5792838350344,2015.220716164966,2205.4,2036.82,0.05655526992287907,1
2010-03-30,2357.0,2357.0,2357.0,2279.0,138247478,58654,8,2278.0,2357.0,69.58903971106923,88.92365977501504,84.7865890046031,2414.840911171701,2017.6590888282988,2216.25,2047.96,0.06321595248196865,1
2010-03-31,2358.0,2358.0,2358.0,2286.0,943200000,400000,16,2279.0,2358.0,69.65721776671782,88.8081529801384,85.59090179971017,2430.172220308272,2027.0277796917278,2228.6,2057.9,0.08354537743850732,1
2010-04-03,2366.0,2366.0,2366.0,2303.0,2452993088,1036768,33,2286.0,2366.0,70.23217592171697,88.343774118282,86.14147626342454,2436.829103827895,2051.9708961721053,2244.4,2066.76,0.11749788672865602,1
2010-04-04,2383.0,2383.0,2383.0,2383.0,131742105620,55284140,646,2303.0,2383.0,71.4693644977974,88.32930322516586,86.57904165577281,2444.2307369206196,2075.66926307938,2259.95,2076.24,0.13176668065463693,1
2010-04-05,2466.0,2466.0,2466.0,2422.0,5431143060,2202410,99,2383.0,2466.0,76.58594004745052,93.93244650577117,88.04972262577249,2462.3227906763354,2097.6772093236646,2280.0,2085.64,0.1009732360097324,1
2010-04-06,2506.0,2506.0,2506.0,2469.0,6671836570,2662345,93,2422.0,2506.0,78.57964627886449,100.44280153751879,90.52833840812175,2488.2586124656355,2112.341387534365,2300.3,2096.76,0.10415003990422989,1
2010-04-07,2555.0,2555.0,2555.0,2555.0,18299903895,7162389,118,2469.0,2555.0,80.74284912339797,108.3076916445857,94.08420905541455,2521.0451634631827,2123.5548365368177,2322.3,2109.24,0.1205479452054794,1
2010-04-10,2644.0,2644.0,2644.0,2606.0,7223019332,2731853,72,2555.0,2644.0,83.91937343587904,120.33508199462904,99.33438364325744,2578.1411295561047,2112.558870443895,2345.35,2123.82,0.04425113464447805,0
2010-04-11,2697.0,2697.0,2697.0,2624.0,2549830104,945432,55,2606.0,2697.0,85.45774887323668,132.61483133446745,105.99047318149945,2636.4715915307024,2106.7284084692974,2371.6,2139.54,0.06266221727845744,1
2010-04-12,2715.0,2715.0,2715.0,2674.0,7055163705,2598587,102,2624.0,2715.0,85.94937650670994,142.16033487611276,113.22444552042212,2690.7899938867126,2101.910006113287,2396.35,2156.24,0.08545119705340709,1
2010-04-13,2767.0,2767.0,2767.0,2767.0,14464293276,5227428,166,2674.0,2767.0,87.2865383769523,152.16709309391354,121.01297503512042,2750.6473596252445,2091.6526403747557,2421.15,2173.24,0.08312251535959514,1
2010-04-14,2863.0,2863.0,2760.0,2854.0,478910462950,167801382,5336,2767.0,2863.0,89.30930939057754,165.93116755978144,129.99661354005264,2822.665279150203,2081.9347208497975,2452.3,2192.12,0.02689486552567244,0
2010-04-17,2800.0,2859.0,2755.0,2770.0,93885311553,33899285,1804,2854.0,2761.0,75.55443873216149,166.6872809725296,137.33474702654803,2862.3363997613433,2087.3636002386565,2474.85,2208.2,0.017385005432814182,0
2010-04-18,2797.0,2866.0,2791.0,2848.0,66692600667,23415608,1804,2770.0,2866.0,79.1195524943884,173.75617574351463,144.61903276994136,2917.850309904816,2086.949690095184,2502.4,2226.92,-0.05408234473133289,0
2010-04-19,2947.0,2947.0,2947.0,2939.0,12811837899,4347417,174,2848.0,2947.0,81.37600700357982,183.7758947151574,152.45040515898455,2980.4876192768133,2091.0123807231867,2535.75,2248.52,-0.0800814387512725,0
2010-04-20,3030.0,3041.0,2900.0,3001.0,137983028158,45972425,2671,2939.0,2997.0,82.62425233425513,193.52039368479063,160.66440286414579,3037.1788922518067,2112.4211077481937,2574.8,2271.28,-0.12512512512512508,0
2010-04-21,2941.0,2950.0,2896.0,2910.0,78829141343,27093587,1403,3001.0,2940.0,76.34246988737907,194.40260349080154,167.41204298947696,3072.4531310626257,2146.246868937374,2609.35,2291.56,-0.1340136054421769,0
2010-04-24,2809.0,2809.0,2809.0,2809.0,21962349085,7818565,229,2910.0,2809.0,64.25200132631312,182.4282367748183,170.41528174654525,3085.6391576950177,2180.8608423049823,2633.25,2309.42,-0.058739765040939806,0
2010-04-25,2712.0,2786.0,2711.0,2717.0,70784700504,26056953,1076,2809.0,2711.0,56.981709206784856,163.14999234748302,168.9622238667328,3083.9953113892384,2220.2046886107614,2652.1,2324.46,-0.01512357063814096,0
2010-04-26,2660.0,2750.0,2660.0,2712.0,56312524648,20760817,1429,2717.0,2711.0,56.981709206784856,146.18669551868743,164.40711819712376,3077.8512042253096,2264.04879577469,2670.95,2340.56,-0.05201032829214314,0
2010-04-27,2716.0,2730.0,2618.0,2638.0,42812391496,16226066,1239,2712.0,2622.0,50.913863200034584,124.13070289762345,156.3518351372237,3065.818448191393,2302.5815518086065,2684.2,2355.16,-0.04652936689549958,0
2010-04-28,2581.0,2618.0,2546.0,2555.0,32419916380,12688272,753,2638.0,2546.0,46.37267504244649,99.37309383100501,144.95608687597996,3051.1160975396874,2336.0839024603124,2693.6,2368.82,-0.04713275726630006,0
2010-05-01,2560.0,2644.0,2560.0,2638.0,18043683003,6839472,321,2555.0,2644.0,52.282907776523984,86.6613135784578,133.29713221647555,3033.187887401431,2381.812112598569,2707.5,2384.3,-0.11384266263237519,0
2010-05-02,2700.0,2720.0,2600.0,2663.0,25348035550,9517098,746,2638.0,2670.0,53.73957394222245,77.78842234266176,122.1953902417128,3012.487420164726,2431.212579835274,2721.85,2399.86,-0.08052434456928836,0
2010-05-03,2670.0,2670.0,2570.0,2577.0,23616286870,9164074,642,2663.0,2570.0,47.70728545048471,61.97304120529816,110.15092043442988,3002.51649524036,2451.58350475964,2727.05,2411.92,-0.028793774319066157,0
2010-05-04,2551.0,2580.0,2487.0,2513.0,18912524562,7524416,679,2577.0,2500.0,43.985272383479504,43.2917820098678,96.77909274951747,3003.19013818548,2450.30986181452,2726.75,2422.52,0.01200000000000001,0
2010-05-05,2488.0,2488.0,2426.0,2427.0,23560912890,9705925,599,2513.0,2426.0,40.39718771118277,22.258980281142158,81.87507025584242,3017.6940819855154,2422.905918014485,2720.3,2432.08,0.018961253091508645,0
2010-05-08,2343.0,2343.0,2343.0,2372.0,7286123163,3109741,103,2427.0,2343.0,36.77372286594195,-1.0944567459923746,65.28116485547547,3044.1363378774768,2366.3636621225232,2705.25,2439.34,0.07554417413572345,1
2010-05-09,2340.0,2455.0,2340.0,2412.0,28144784453,11667253,685,2372.0,2455.0,44.06466686453805,-10.444363741656161,50.13605913604914,3049.1973423577365,2337.1026576422637,2693.15,2447.76,0.020366598778004175,0
2010-05-10,2496.0,2496.0,2496.0,2490.0,10967438976,4394006,214,2412.0,2496.0,46.49695579012352,-14.380110091629831,37.23282529051335,3048.216720929532,2316.1832790704675,2682.2,2455.98,-0.02564102564102566,0
2010-05-11,2577.0,2577.0,2486.0,2561.0,46985360055,18346525,925,2490.0,2530.0,48.49700713096895,-14.587545436007076,26.868751145209263,3039.9461444604194,2300.7538555395804,2670.35,2463.78,-0.016600790513834007,0
2010-05-12,2485.0,2500.0,2472.0,2510.0,6951413753,2808034,225,2561.0,2472.0,45.38051636791735,-19.210606797715627,17.65287955662429,3018.928021210023,2282.6719787899774,2650.8,2471.0,0.0020226537216827545,0
2010-05-15,2423.0,2520.0,2423.0,2444.0,58983003610,24136134,1069,2510.0,2520.0,48.339273659004036,-18.78467929708586,10.36536778588226,3007.437333658219,2270.062666341781,2638.75,2480.4,-0.04801587301587307,0
2010-05-16,2490.0,2526.0,2431.0,2499.0,12536459838,5015766,382,2444.0,2505.0,47.47380665918459,-19.43348619206745,4.405596990292318,2978.2981543576625,2263.101845642337,2620.7,2489.06,-0.04431137724550893,0
2010-05-18,2519.0,2519.0,2412.0,2438.0,13874025264,5690101,428,2499.0,2432.0,43.40123474357861,-25.543708275690733,-1.5842640629042917,2928.193739626128,2261.706260373872,2594.95,2496.4,-0.03453947368421051,0
2010-05-19,2420.0,2500.0,2390.0,2462.0,22985304212,9336267,604,2438.0,2488.0,47.14694879131438,-25.572586452025007,-6.381928540728435,2849.5346407143343,2289.4653592856657,2569.5,2504.16,-0.067524115755627,0
2010-05-25,2480.0,2517.0,2450.0,2485.0,51051704733,20543303,738,2462.0,2477.0,46.496021030906164,-26.181279194714534,-10.341798671525655,2771.145262405608,2321.554737594392,2546.35,2511.4,-0.03229713362939035,0
2010-05-26,2480.0,2480.0,2399.0,2407.0,18787895603,7806472,519,2485.0,2399.0,42.06146452783762,-32.5820352843466,-14.789845994089845,2724.3375562850374,2327.3624437149624,2525.85,2515.72,-0.004168403501458973,0
2010-05-29,2400.0,2490.0,2380.0,2413.0,6935121593,2870330,282,2407.0,2394.0,41.78634030699249,-37.624427829963224,-19.356762361264522,2697.1181444970152,2322.8818555029848,2510.0,2520.16,-0.036758563074352546,0
2010-05-30,2400.0,2410.0,2334.0,2388.0,5415427655,2292418,248,2413.0,2348.0,39.24313929305836,-44.81576754142998,-24.448563397297615,2667.5318431142096,2316.1681568857903,2491.85,2522.72,-0.03747870528109032,0
2010-05-31,2380.0,2380.0,2307.0,2352.0,7693533093,3292311,258,2388.0,2320.0,37.737555273712154,-52.17290529210641,-29.993431776259378,2656.9464206081952,2296.5535793918048,2476.75,2523.7,-0.041810344827586166,0
2010-06-01,2340.0,2400.0,2340.0,2393.0,56179543969,23473249,323,2352.0,2397.0,44.09009495237964,-51.200031389734704,-34.23475169895445,2649.7484413897932,2288.851558610207,2469.3,2526.84,-0.06591572799332501,0
2010-06-02,2399.0,2400.0,2350.0,2389.0,4952365616,2077131,228,2393.0,2389.0,43.592453583352224,-50.492508743834605,-37.48630310793048,2621.1616338537638,2291.9383661462366,2456.55,2528.42,-0.039347007115948074,0
2010-06-06,2378.0,2378.0,2306.0,2309.0,11588880667,5019394,396,2389.0,2306.0,38.7106660440311,-55.98385130053521,-41.18581274645143,2583.927848589699,2292.772151410301,2438.35,2528.24,0.013876843018213458,0
2010-06-07,2300.0,2300.0,2232.0,2261.0,8772293546,3898605,334,2309.0,2260.0,36.2853763811951,-63.3177082745824,-45.61219185207763,2574.9266583010194,2270.7733416989804,2422.85,2527.84,0.06106194690265476,1
2010-06-08,2250.0,2258.0,2211.0,2250.0,4143225744,1855960,218,2261.0,2223.0,34.417529624492175,-71.293605239724,-50.74847452960691,2579.7559662208173,2238.2440337791827,2409.0,2527.98,0.06972559604138562,1
2010-06-09,2250.0,2257.0,2210.0,2242.0,5905016224,2642301,273,2250.0,2239.0,35.952896083287584,-75.45371134928246,-55.68952189354202,2585.472791928237,2213.8272080717634,2399.65,2527.78,0.04600267976775352,0
2010-06-12,2249.0,2320.0,2231.0,2299.0,12488648182,5431881,354,2242.0,2295.0,41.14628543890095,-73.38594592116715,-59.22880669906705,2587.1329902861357,2207.3670097138643,2397.25,2527.06,0.004357298474945592,0
2010-06-13,2320.0,2378.0,2320.0,2342.0,8163643307,3462869,320,2299.0,2338.0,44.84460550621215,-67.49939527610604,-60.88292441447485,2581.01476735741,2201.78523264259,2391.4,2527.14,-0.015825491873396103,0
2010-06-14,2360.0,2422.0,2360.0,2393.0,10628193512,4433910,455,2342.0,2398.0,49.60342383883438,-57.331876733381705,-60.17271487825623,2570.0162118179337,2202.9837881820663,2386.5,2528.42,-0.036280233527939965,0
2010-06-15,2434.0,2440.0,2360.0,2415.0,8514480487,3514373,380,2393.0,2378.0,48.113242282883554,-50.30795905194964,-58.199763712994915,2550.1984529994497,2207.6015470005505,2378.9,2528.84,-0.021026072329688783,0
2010-06-16,2360.0,2399.0,2342.0,2381.0,8139737534,3436685,315,2415.0,2342.0,45.46555197348097,-47.10337444054903,-55.980485858505745,2538.872099764509,2205.927900235491,2372.4,2528.52,-0.002988898377455196,0
2010-06-19,2340.0,2374.0,2305.0,2367.0,3985901571,1701846,226,2381.0,2305.0,42.85525141956961,-47.00743636106927,-54.18587595901845,2515.929324603151,2207.370675396849,2361.65,2527.3,0.0390455531453362,0
2010-06-20,2367.0,2367.0,2289.0,2337.0,5820993787,2518887,228,2367.0,2301.0,42.57069932763294,-46.71566223770378,-52.69183321475552,2492.9130340407146,2209.986965959285,2351.45,2525.66,0.06040851803563663,1
2010-06-21,2310.0,2317.0,2294.0,2327.0,3381613497,1467982,169,2337.0,2311.0,43.579303751378184,-45.15697126084842,-51.1848608239741,2482.858939323728,2207.941060676272,2345.4,2522.56,0.038078753786239705,0
2010-06-22,2325.0,2396.0,2324.0,2339.0,12373658891,5289691,189,2327.0,2328.0,45.33688465326367,-42.0650399113365,-49.36089664144659,2458.365118939322,2216.434881060678,2337.4,2519.0,-0.10524054982817865,0
2010-06-23,2364.0,2364.0,2306.0,2339.0,5076391482,2171224,197,2339.0,2335.0,46.08169705632723,-38.604808342216984,-47.209678981600675,2432.937420076716,2227.6625799232843,2330.3,2514.6,-0.0758029978586724,0
2010-06-28,2399.0,2445.0,2373.0,2397.0,5860877537,2445567,229,2339.0,2395.0,52.10556532498359,-30.667535080459857,-43.90125020137252,2432.2154248877428,2227.984575112257,2330.1,2509.62,-0.1148225469728601,0
2010-06-29,2380.0,2445.0,2380.0,2413.0,12974203585,5377651,413,2397.0,2440.0,56.06970809486756,-20.509642524034916,-39.222928665905,2441.9689737106464,2222.8310262893538,2332.4,2504.48,-0.12704918032786883,0
2010-06-30,2439.0,2450.0,2399.0,2416.0,75159415275,31109696,1416,2413.0,2399.0,51.858199454657196,-15.5881068456506,-34.49596430185412,2448.1656791261894,2221.7343208738102,2334.95,2498.16,-0.10796165068778663,0
2010-07-07,2066.0,2115.0,2050.0,2075.0,53549581711,25801110,1449,1916.0,2083.0,31.94332902850516,-36.7625377888462,-34.94927899925254,2480.9200240780747,2165.279975921925,2323.1,2484.48,0.03408545367258764,0
2010-07-11,2101.0,2158.0,2091.0,2143.0,14320605789,6681831,463,2075.0,2158.0,38.026435162042425,-46.95033937922608,-37.34949107524725,2480.546900798108,2141.7530992018924,2311.15,2470.38,-0.0060240963855421326,0
2010-07-12,2180.0,2220.0,2110.0,2171.0,18421134519,8486006,625,2143.0,2120.0,36.25809158053336,-57.428527640871835,-41.36529838837217,2482.273129138571,2113.1268708614284,2297.7,2457.56,0.014622641509433931,0
2010-07-13,2141.0,2148.0,2103.0,2127.0,33640868496,15816998,377,2171.0,2130.0,37.087218489209114,-64.18575744539885,-45.92939019977751,2487.3146163970887,2090.4853836029115,2288.9,2442.84,0.0046948356807512415,0
2010-07-14,2129.0,2153.0,2125.0,2129.0,118359929949,55586329,522,2127.0,2140.0,37.95633514855565,-67.95070093959657,-50.33365234774133,2491.446301813299,2074.353698186701,2282.9,2426.7,0.01869158878504673,0
2010-07-17,2140.0,2192.0,2125.0,2137.0,54158216654,25347598,454,2129.0,2154.0,39.222227243827774,-69.00926691437189,-54.068775261067444,2494.0412160364526,2064.858783963547,2279.45,2409.84,0.055710306406685284,1
2010-07-18,2161.0,2170.0,2137.0,2146.0,8182774676,3809028,327,2137.0,2145.0,38.675917400116056,-69.77014604658143,-57.209049418170245,2496.671495128353,2052.828504871647,2274.75,2393.94,0.09603729603729594,1
2010-07-19,2160.0,2166.0,2140.0,2151.0,9814313433,4563252,302,2146.0,2151.0,39.28308680982191,-69.09254256273925,-59.58574804708405,2495.6346114931994,2039.465388506801,2267.55,2380.78,0.06927010692701074,1
2010-07-20,2159.0,2165.0,2140.0,2153.0,8867381987,4117283,354,2151.0,2140.0,38.529899800771446,-68.65177011741889,-61.39895246115102,2489.7958808594362,2025.504119140564,2257.65,2369.36,0.09766355140186911,1
2010-07-21,2150.0,2230.0,2150.0,2187.0,19880228922,9088567,860,2153.0,2180.0,42.82299580221528,-64.33319603498876,-61.985801175918574,2471.8782967554357,2021.6217032445645,2246.75,2358.74,0.10917431192660554,1
2010-07-24,2250.0,2274.0,2241.0,2271.0,32164435409,14165491,833,2187.0,2274.0,51.41108297721117,-52.71798048852679,-60.13223703844022,2458.9845648695336,2024.1154351304665,2241.55,2351.78,0.08531222515391379,1
2010-07-25,2328.0,2358.0,2300.0,2329.0,94101829389,40398663,1236,2271.0,2351.0,57.09595672891493,-36.87451553915025,-55.480692738582235,2460.299793861569,2023.7002061384312,2242.0,2347.88,0.08719693747341561,1
2010-07-26,2360.0,2379.0,2290.0,2322.0,25291769213,10892722,745,2329.0,2300.0,52.698084862761306,-28.109698094036048,-50.006493809673,2459.7719025694514,2023.7280974305484,2241.75,2341.0,0.1269565217391304,1
2010-07-28,2349.0,2370.0,2300.0,2339.0,15486634361,6619858,407,2322.0,2349.0,56.189682605736735,-17.01350553055272,-43.407896153848945,2465.7553022831435,2022.5446977168565,2244.15,2334.58,0.11919965942954458,1
2010-07-31,2363.0,2432.0,2363.0,2412.0,17080201493,7082764,498,2339.0,2418.0,60.600087221371595,-2.621747761093957,-35.250666475297955,2482.191641448513,2016.808358551487,2249.5,2331.54,0.09718775847808114,1
2010-08-01,2413.0,2499.0,2413.0,2458.0,54345641485,22105504,1271,2412.0,2468.0,63.46993018879788,12.672327388893791,-25.666067702459607,2506.030358874433,2006.9696411255668,2256.5,2330.9,0.0668557536466774,1
2010-08-02,2550.0,2556.0,2531.0,2554.0,26628230870,10426096,411,2458.0,2556.0,67.90138673105028,31.530393932172956,-14.226775375533096,2547.701012848434,1987.3989871515662,2267.55,2333.5,-0.0015649452269170805,0
2010-08-03,2656.0,2656.0,2590.0,2637.0,61657729609,23384438,1086,2554.0,2592.0,69.52983978257171,48.81770653523017,-1.617878993380442,2587.079447170786,1967.7205528292145,2277.4,2338.48,-0.00462962962962965,0
2010-08-04,2600.0,2700.0,2580.0,2640.0,43810314741,16597088,1134,2637.0,2629.0,71.14986130394706,64.75713713266532,11.657124231828712,2625.9383513186544,1947.7616486813452,2286.85,2341.96,-0.01901863826550021,0
2010-08-07,2602.0,2710.0,2602.0,2689.0,30053259776,11177249,608,2640.0,2653.0,72.18298144283756,78.4218518499415,25.01006975545127,2671.885050727169,1927.2149492728313,2299.55,2345.1,-0.05842442517904256,0
2010-08-08,2671.0,2690.0,2610.0,2658.0,32681293224,12295814,787,2689.0,2633.0,69.93546024401695,86.63868700621288,37.33579320560359,2712.3646636192343,1941.735336380766,2327.05,2347.16,-0.07368021268515001,0
2010-08-09,2620.0,2636.0,2552.0,2575.0,26503293118,10294157,803,2658.0,2552.0,61.57359443116915,85.62750444196718,46.99413545287631,2735.7486503832674,1957.7513496167326,2346.75,2348.76,-0.003526645768025083,0
2010-08-10,2520.0,2619.0,2520.0,2575.0,25864299975,10045162,618,2575.0,2580.0,63.21109086470007,86.09307360739331,54.81392308377971,2756.792568718227,1982.707431281773,2369.75,2349.96,-0.003875968992248069,0
2010-08-11,2591.0,2629.0,2576.0,2602.0,32596069163,12528825,550,2575.0,2579.0,63.10765781863871,85.39694604631859,60.9305276762875,2773.0504168305497,2011.34958316945,2392.2,2351.44,0.004265219077161708,0
2010-08-14,2583.0,2583.0,2498.0,2521.0,10226937819,4077836,205,2602.0,2498.0,55.22501935027729,77.41682392813937,64.22778692665787,2775.179662539566,2045.020337460434,2410.1,2352.76,0.0048038430744594685,0
2010-08-15,2431.0,2520.0,2430.0,2446.0,13847217266,5661717,421,2521.0,2439.0,50.29688735073414,65.57579578508557,64.49738869834341,2770.0673845787965,2078.6326154212034,2424.35,2351.78,0.02911029110291108,0
2010-08-16,2432.0,2543.0,2432.0,2514.0,9764067260,3860118,341,2446.0,2543.0,57.496897357232655,63.847630763774305,64.3674371114296,2768.510312095087,2119.989687904913,2444.25,2353.1,0.0369642154935117,0
2010-08-17,2597.0,2600.0,2564.0,2566.0,9579992651,3713426,300,2514.0,2570.0,59.151306024919236,63.91989314578086,64.27792831829984,2764.1191194955636,2166.280880504436,2465.2,2356.52,0.03112840466926059,0
2010-08-18,2590.0,2620.0,2570.0,2591.0,46099680106,17790334,557,2566.0,2590.0,60.38149316113161,64.84351873686046,64.39104640201197,2750.9330526358785,2224.466947364121,2487.7,2360.44,0.015444015444015413,0
2010-08-21,2544.0,2590.0,2510.0,2560.0,6361153789,2512191,211,2591.0,2510.0,53.447759084240936,58.446433160220295,63.20212375365364,2726.385148018501,2282.014851981499,2504.2,2363.68,0.07330677290836651,1
2010-08-22,2524.0,2530.0,2480.0,2540.0,5147707112,2047927,221,2560.0,2510.0,53.447759084240936,52.768415307750274,61.11538206447297,2711.4932223889186,2320.5067776110814,2516.0,2367.48,0.1071713147410358,1
2010-08-23,2570.0,2641.0,2570.0,2620.0,15972623810,6097488,398,2540.0,2637.0,61.57217638734972,57.84953049105434,60.46221174978925,2717.069483588736,2343.530516411264,2530.3,2372.28,0.05043610163064094,1
2010-08-24,2639.0,2650.0,2581.0,2618.0,19026290160,7267479,493,2620.0,2650.0,62.29752339631816,62.2082443185318,60.81141826353776,2708.783974357708,2386.8160256422925,2547.8,2377.5,0.08264150943396231,1
2010-08-25,2620.0,2680.0,2600.0,2649.0,19692989543,7434108,483,2618.0,2630.0,60.40836469959136,63.318823592839635,61.312899329398135,2698.133931554688,2425.566068445312,2561.85,2383.98,0.12281368821292782,1
2010-08-28,2640.0,2700.0,2630.0,2673.0,11940555414,4464210,306,2649.0,2694.0,64.15437118582366,68.57276663005723,62.76487278952996,2706.66797586592,2444.63202413408,2575.65,2392.66,0.11284335560504832,1
2010-08-29,2700.0,2779.0,2699.0,2762.0,38501862316,13941422,718,2673.0,2779.0,68.42708149408539,78.68827451813286,65.94955313525054,2740.0322545687013,2442.3677454312983,2591.2,2403.78,0.10291471752428927,1
2010-08-30,2839.0,2872.0,2763.0,2851.0,51528946946,18074914,941,2762.0,2770.0,67.50950884308716,84.99884879490855,69.75941226718214,2768.750711715602,2435.0492882843982,2601.9,2414.4,0.08122743682310474,1
2010-08-31,2805.0,2900.0,2799.0,2840.0,42611712032,15006467,1046,2851.0,2869.0,71.9631837011206,96.8718189685087,75.18189360744746,2819.025059955723,2412.474940044277,2615.75,2425.88,0.0338096897873823,0
2010-09-04,2915.0,2953.0,2915.0,2951.0,60627169707,20544788,844,2840.0,2953.0,75.08400717165398,111.77090592539207,82.4996960710364,2882.914917867025,2380.9850821329746,2631.95,2438.18,-0.00948188283101925,0
2010-09-05,3001.0,3069.0,2974.0,3031.0,111376600516,36744193,1244,2951.0,2998.0,76.58751577072341,125.75998082408569,91.15175302164626,2946.6946049931034,2351.705395006896,2649.2,2450.18,-0.05937291527685118,0
2010-09-06,3152.0,3152.0,3050.0,3119.0,81220481406,26039709,1364,3031.0,3065.0,78.65295515440751,140.63164941053674,101.04773229942435,3018.8836681029475,2322.716331897053,2670.8,2463.92,-0.08678629690048945,0
2010-09-07,3040.0,3099.0,2995.0,3004.0,72878757757,24261024,961,3119.0,2995.0,71.5508414326898,145.09655614453095,109.85749706844568,3063.622618357497,2322.277381642503,2692.95,2476.98,-0.06844741235392315,0
2010-09-08,2930.0,3017.0,2900.0,2974.0,25057491822,8424538,630,3004.0,2966.0,68.77995266997475,144.62779012535793,116.81155567982813,3097.305775180691,2327.194224819309,2712.25,2490.2,-0.07282535401213752,0
2010-09-12,2913.0,2960.0,2899.0,2931.0,15336208164,5231943,392,2974.0,2925.0,64.95032779486786,139.34168808611548,121.3175821610856,3120.154902683009,2338.9450973169915,2729.55,2502.68,-0.08034188034188039,0
2010-09-13,2911.0,2913.0,2814.0,2829.0,49475167306,17487690,625,2931.0,2820.0,56.30413734719188,125.23614730795043,122.10129519045857,3123.073515430614,2368.2264845693862,2745.65,2512.86,-0.046099290780141855,0
2010-09-14,2830.0,2884.0,2773.0,2801.0,14746691126,5264085,367,2829.0,2799.0,54.73478119056285,111.08239145829975,119.89751444402681,3114.2422275236613,2413.057772476339,2763.65,2522.28,-0.01464808860307254,0
2010-09-15,2810.0,2828.0,2773.0,2788.0,13857012509,4969602,307,2801.0,2790.0,54.03959491519651,98.00942158796579,115.51989587281462,3111.7177385840714,2440.2822614159286,2776.0,2531.38,0.012186379928315505,0
2010-09-18,2777.0,2799.0,2731.0,2778.0,7894501019,2849048,249,2788.0,2750.0,50.9427305276224,83.45926660023542,109.10777001829878,3107.5374396872444,2462.4625603127556,2785.0,2538.48,0.018181818181818077,0
2010-09-19,2774.0,2780.0,2667.0,2692.0,21455465755,7971443,602,2778.0,2690.0,46.62637055657255,66.32214498192525,100.55064501102407,3103.257721373317,2476.742278626683,2790.0,2543.48,0.014869888475836479,0
2010-09-20,2689.0,2690.0,2621.0,2652.0,12004000960,4529388,336,2692.0,2690.0,46.62637055657255,52.13981727547798,90.86847946391485,3089.0455136698424,2508.9544863301576,2799.0,2549.3,0.0074349442379182396,0
2010-09-21,2679.0,2758.0,2640.0,2726.0,10837761564,3954197,305,2652.0,2758.0,51.97485958556509,45.85862243680276,81.86650805849243,3070.520358134985,2552.279641865015,2811.4,2562.8,-0.026831036983321233,0
2010-09-22,2835.0,2835.0,2800.0,2827.0,25787456173,9120985,555,2726.0,2824.0,56.52821501752197,45.679810270469716,74.62916850088789,3067.2096315829485,2574.2903684170515,2820.75,2576.12,-0.038951841359773365,0
2010-09-25,2800.0,2849.0,2759.0,2807.0,15239996350,5428464,320,2827.0,2800.0,54.504509416845806,43.10461771541759,68.32425834379383,3062.284933289889,2594.215066710111,2828.25,2589.72,-0.0346428571428572,0
2010-09-26,2800.0,2819.0,2695.0,2708.0,16247398434,5998795,316,2807.0,2730.0,48.99508694660563,35.01175041199576,61.66175675743422,3054.026697139899,2612.473302860101,2833.25,2601.72,-0.01098901098901095,0
2010-09-27,2690.0,2710.0,2661.0,2693.0,6463621145,2413626,262,2708.0,2710.0,47.51720030299403,26.676748958750977,54.66475519769757,3052.910206524628,2615.1897934753724,2834.05,2613.12,-0.0033210332103320583,0
2010-09-28,2698.0,2720.0,2670.0,2697.0,13530808749,5017800,322,2693.0,2684.0,45.59187516162223,17.768394555681425,47.28548306929435,3056.6905011208755,2601.909498879125,2829.3,2623.72,-0.0014903129657227732,0
2010-09-29,2700.0,2750.0,2681.0,2718.0,14687087372,5403265,300,2697.0,2714.0,48.19992688759178,12.979588176573543,40.42430409075019,3058.082814561018,2594.917185438982,2826.5,2635.1,0.013264554163596065,0
2010-10-02,2710.0,2750.0,2671.0,2704.0,28478297375,10530826,281,2718.0,2703.0,47.30453868553282,8.202265934519346,33.979896459504026,3054.9366469307247,2581.463353069275,2818.2,2646.14,-0.008879023307436174,0
2010-10-03,2662.0,2730.0,2662.0,2700.0,20236049947,7494048,190,2704.0,2700.0,47.04784335915883,4.126560292630074,28.00922922612924,3039.1397900166075,2571.960209983393,2805.55,2657.34,-0.0033333333333332993,0
2010-10-05,2700.0,2719.0,2700.0,2703.0,9683340842,3581224,169,2700.0,2701.0,47.150791158860294,0.9660893732857403,22.60060125556054,3010.8382293015065,2570.561770698493,2790.7,2667.76,-0.03776379118844875,0
2010-10-06,2701.0,2714.0,2680.0,2700.0,5936628921,2201628,191,2703.0,2680.0,45.164974438948,-3.1962862971213326,17.441223745024168,2956.872193925114,2586.0278060748856,2771.45,2675.88,-0.06567164179104479,0
2010-10-09,2700.0,2789.0,2700.0,2746.0,17502217191,6372968,317,2700.0,2750.0,52.366522967359046,-0.8369363375013563,13.785591728519064,2913.7258554417435,2604.674144558256,2759.2,2683.86,-0.07454545454545458,0
2010-10-10,2750.0,2800.0,2675.0,2747.0,20680664519,7527308,308,2746.0,2679.0,45.7967879605084,-4.642722707172652,10.099928841380722,2870.4991543943,2619.2008456056997,2744.85,2691.44,-0.03695408734602468,0
2010-10-11,2695.0,2737.0,2680.0,2707.0,12679098069,4683800,317,2747.0,2691.0,47.00688757369364,-6.614290686747609,6.757084935755056,2829.738353335186,2636.5616466648144,2733.15,2698.28,-0.02749907097733184,0
2010-10-12,2698.0,2730.0,2599.0,2608.0,24546935141,9412355,310,2707.0,2599.0,39.69082388586146,-15.42262126120977,2.3211436963620913,2826.6541008282443,2617.5458991717555,2722.1,2701.9,-0.03809157368218541,0
2010-10-13,2510.0,2511.0,2504.0,2520.0,10068318034,4019641,173,2608.0,2504.0,33.83483199633562,-29.726326169848562,-4.08835027688004,2842.967513618274,2571.7324863817257,2707.35,2702.62,0.011182108626198062,0
2010-10-16,2450.0,2594.0,2437.0,2516.0,4817124235,1919828,234,2520.0,2545.0,38.080835745777975,-37.32351575730263,-10.735383372964558,2842.3995587230415,2547.8004412769583,2695.1,2702.4,0.013752455795677854,0
2010-10-17,2559.0,2600.0,2501.0,2530.0,2603691631,1008659,153,2516.0,2580.0,41.53029281073788,-40.0583678186149,-16.599980262094626,2839.7501224289513,2533.4498775710485,2686.6,2702.16,-0.019379844961240345,0
2010-10-18,2601.0,2631.0,2591.0,2596.0,8467507199,3222299,210,2530.0,2617.0,45.01743017517384,-38.79298561230826,-21.038581332137355,2839.053138981901,2526.8468610180985,2682.95,2701.92,-0.010317157050057313,0
2010-10-19,2601.0,2670.0,2500.0,2588.0,6143231538,2380336,192,2596.0,2500.0,37.41790547365432,-46.692837324035736,-26.169432530517028,2848.639583023657,2498.2604169763426,2673.45,2698.86,0.04400000000000004,0
2010-10-20,2580.0,2580.0,2500.0,2580.0,1479605953,587194,83,2588.0,2532.0,40.38225933340231,-49.797361174260914,-30.89501825926581,2843.1265454416757,2481.1734545583245,2662.15,2696.84,-0.004344391785150115,0
2010-10-23,2560.0,2650.0,2550.0,2590.0,3225291647,1232323,99,2580.0,2580.0,44.61976858352466,-47.83312930564216,-34.28264046854108,2818.08027686887,2481.8197231311296,2649.95,2697.4,-0.03488372093023251,0
2010-10-26,2598.0,2598.0,2525.0,2537.0,1928620380,760199,63,2590.0,2530.0,41.32474323574915,-49.73769830537822,-37.37365203590851,2797.426364724772,2475.4736352752275,2636.45,2696.4,-0.011857707509881465,0
2010-10-27,2530.0,2600.0,2513.0,2544.0,14729844221,5790668,164,2537.0,2590.0,46.43645855490699,-45.876745831605604,-39.07427079504793,2785.6504801529204,2473.2495198470792,2629.45,2696.62,-0.03359073359073361,0
2010-10-30,2580.0,2625.0,2574.0,2561.0,3564151091,1370034,113,2544.0,2610.0,48.060774684122386,-40.73352955350356,-39.406122546739056,2776.359808768239,2472.5401912317607,2624.45,2698.86,-0.02298850574712641,0
2010-10-31,2562.0,2619.0,2501.0,2558.0,1683490283,663794,95,2561.0,2521.0,41.96249583594257,-43.33945948315568,-40.192789934022386,2771.9985549065987,2460.6014450934017,2616.3,2700.5,-0.008330027766759174,0
2010-11-01,2550.0,2550.0,2470.0,2551.0,1652650912,659256,92,2558.0,2490.0,40.05598072411901,-47.360179975240044,-41.62626794226592,2763.2820470217875,2446.9179529782123,2605.1,2699.44,-0.008032128514056214,0
2010-11-02,2500.0,2550.0,2449.0,2525.0,4470329059,1800025,152,2551.0,2500.0,40.98740307895075,-49.17287916447731,-43.1355901867082,2752.753010110717,2437.146989889283,2594.95,2698.04,0.0040000000000000036,0
2010-11-03,2549.0,2549.0,2471.0,2529.0,11322442738,4475921,93,2525.0,2503.0,41.282168641303315,-49.79339415132199,-44.46715097963096,2740.0114585820006,2430.188541417999,2585.1,2696.3,-0.001198561725928915,0
2010-11-06,2540.0,2590.0,2530.0,2541.0,5189357228,2028595,132,2529.0,2550.0,45.84594432677061,-45.962818780315956,-44.76628453976796,2723.5958489653267,2431.5041510346737,2577.55,2697.1,-0.020000000000000018,0
2010-11-07,2540.0,2540.0,2481.0,2532.0,2599088200,1039834,96,2541.0,2500.0,42.09737039056693,-46.426466922344844,-45.09832101628334,2710.356170528659,2426.7438294713415,2568.55,2696.9,-0.016000000000000014,0
2010-11-08,2476.0,2489.0,2461.0,2514.0,3309852179,1340537,139,2532.0,2470.0,39.984870079754884,-48.65380986071705,-45.80941878517009,2675.7217376288836,2433.3782623711168,2554.55,2693.56,-0.012145748987854255,0
2010-11-09,2499.0,2529.0,2474.0,2510.0,2686520388,1076067,96,2514.0,2510.0,44.018618815189924,-46.65353655191211,-45.97824233851849,2654.249711049096,2437.950288950904,2546.1,2690.76,-0.00836653386454178,0
2010-11-10,2510.0,2510.0,2494.0,2508.0,2445235304,977312,115,2510.0,2500.0,43.236233594024434,-45.35242741764159,-45.85307935434311,2623.4832502556014,2449.616749744399,2536.55,2688.16,0.0032000000000000917,0
2010-11-13,2500.0,2519.0,2472.0,2503.0,2176074807,876589,126,2508.0,2499.0,43.15363241087252,-43.89597521936503,-45.461658527347495,2614.9729584706934,2448.127041529307,2531.55,2684.26,0.019607843137254832,0
2010-11-16,2500.0,2500.0,2451.0,2496.0,5319998679,2139101,122,2503.0,2460.0,39.94821164585276,-45.365752269497534,-45.442477275777506,2617.736141447644,2440.9638585523558,2529.35,2677.88,0.03333333333333344,0
2010-11-20,2461.0,2487.0,2424.0,2475.0,22800817820,9212959,135,2496.0,2440.0,38.37402886335595,-47.5957399609747,-45.87312981281694,2620.2746328300914,2427.9253671699084,2524.1,2671.28,0.049180327868852514,0
2010-11-21,2440.0,2500.0,2430.0,2493.0,14030417318,5627295,236,2475.0,2489.0,44.17786359735595,-44.8916478108672,-45.676833412426994,2613.2953465511914,2425.804653448809,2519.55,2663.68,0.07111289674568089,1
2010-11-22,2490.0,2568.0,2490.0,2520.0,56272390660,22333229,174,2493.0,2508.0,46.29012473681724,-40.745801849263444,-44.690627099794284,2596.542464786073,2431.6575352139266,2514.1,2654.78,0.06379585326953752,1
2010-11-23,2520.0,2550.0,2501.0,2518.0,2504299206,996828,103,2520.0,2548.0,50.533787717380186,-33.84240912322912,-42.52098350448125,2599.949385857554,2433.050614142446,2516.5,2645.78,0.04788069073783352,0
2010-11-24,2500.0,2560.0,2500.0,2534.0,14946841904,5899605,160,2518.0,2542.0,49.89693855057407,-28.5267320971534,-39.72213322301568,2600.9333068573073,2433.0666931426927,2517.0,2635.32,0.051140833988984946,1
2010-11-27,2557.0,2634.0,2555.0,2564.0,6682862009,2580318,165,2534.0,2560.0,51.85710466311169,-22.601039474477147,-36.297914473307976,2597.343715184413,2434.656284815587,2516.0,2626.62,0.08515625000000004,1
2011-01-26,2666.0,2666.0,2666.0,2566.0,205066054,76919,8,2564.0,2666.0,61.427404067637994,-9.245000645035816,-30.887331707653544,2627.1678111296915,2418.432188870309,2522.8,2620.62,0.17029257314328583,1
2011-01-29,2668.0,2668.0,2668.0,2568.0,202733316,75987,5,2566.0,2668.0,61.58258212285551,1.4840326332446239,-24.413058839473912,2645.6337630784583,2407.7662369215413,2526.7,2615.48,0.2158920539730136,1
2011-01-30,2670.0,2670.0,2670.0,2570.0,225438780,84434,8,2568.0,2670.0,61.74830664896445,10.032602493626655,-17.523926572853803,2659.4244772585453,2399.9755227414544,2529.7,2612.48,-0.1797752808988764,0
2011-01-31,2672.0,2672.0,2672.0,2672.0,24316749760,9100580,165,2570.0,2672.0,61.925187602088215,16.775412469781713,-10.6640587643267,2680.8993995810733,2393.6006004189267,2537.25,2609.94,-0.19535928143712578,0
2011-02-01,2778.0,2778.0,2778.0,2778.0,33614588952,12100284,236,2672.0,2778.0,69.87588542676376,30.322908462840132,-2.466665318893334,2727.5798439719733,2375.720156028027,2551.65,2609.7,-0.2336213102951764,0
2011-02-05,3000.0,3120.0,3000.0,3120.0,192219760920,61609211,1192,2778.0,3120.0,82.5423968092114,67.87353457178551,11.601374659242435,2884.607132719204,2280.6928672807962,2582.65,2617.1,-0.28685897435897434,0
2011-02-06,3244.0,3244.0,3190.0,3241.0,405530743660,125114401,5721,3120.0,3244.0,85.0043913584227,106.41179110076837,30.563457947547626,3034.3025084342867,2205.097491565713,2619.7,2628.18,-0.30086313193588166,0
2011-02-19,2200.0,2240.0,2172.0,2204.0,57690119717,26174531,1658,2291.0,2190.0,37.104589853964896,51.313139764777134,34.71339431099353,3056.1843671678957,2147.215632832104,2601.7,2618.18,0.06392694063926951,1
2011-02-20,2194.0,2194.0,2140.0,2165.0,29851064516,13789877,1116,2204.0,2150.0,36.26930304001399,4.369032424445322,28.64452193368389,3078.2334401637227,2090.166559836277,2584.2,2606.02,0.04744186046511634,0
2011-02-22,2140.0,2158.0,2100.0,2140.0,25662806358,11989484,810,2165.0,2129.0,35.813477691689016,-34.13554207210518,16.088509132526077,3097.941211306294,2036.3587886937062,2567.15,2592.12,0.028651949271958577,0
2011-02-23,2152.0,2225.0,2149.0,2181.0,53323348534,24454283,1006,2140.0,2225.0,39.55344201918367,-56.25581505860919,1.6196442942990252,3103.978179571649,2001.821820428351,2552.9,2580.62,0.01977528089887648,0
2011-02-26,2268.0,2268.0,2220.0,2266.0,42517133508,18760603,589,2181.0,2268.0,41.20593272276952,-69.51522192770972,-12.607328950102724,3105.943994035182,1976.6560059648182,2541.3,2571.38,0.005291005291005346,0
2011-02-27,2356.0,2356.0,2320.0,2345.0,72371695200,30858299,1679,2266.0,2330.0,43.60009582072751,-74.16558090574881,-24.918979341231942,3104.784358121631,1960.9156418783684,2532.85,2563.78,-0.012875536480686733,0
2011-02-28,2340.0,2340.0,2252.0,2274.0,17020030633,7485814,707,2345.0,2252.0,41.32042269400949,-83.18605496654027,-36.572394466293616,3106.73605151929,1938.1639484807097,2522.45,2555.14,0.019538188277087087,0
2011-03-01,2248.0,2248.0,2189.0,2227.0,8190894597,3700492,423,2274.0,2190.0,39.550248041529706,-94.25125766412248,-48.108167105859394,3111.20717459337,1908.6928254066295,2509.95,2544.66,0.05022831050228316,1
2011-03-02,2228.0,2316.0,2228.0,2281.0,19582261922,8583188,645,2227.0,2269.0,42.9065259712971,-95.54449330850639,-57.59543234638879,3109.3185689810725,1888.581431018927,2498.95,2535.98,0.026884089907448283,0
2011-03-05,2317.0,2338.0,2280.0,2308.0,16123563925,6986855,583,2281.0,2280.0,43.37793659216894,-94.59139310614592,-64.99462449834022,3105.2889335309883,1869.811066469012,2487.55,2527.58,0.01754385964912286,0
2011-03-06,2310.0,2354.0,2300.0,2318.0,8964717915,3862921,441,2308.0,2300.0,44.27879265350864,-91.17125598912662,-70.2299507964975,3097.4766907340572,1852.8233092659432,2475.15,2519.56,0.026086956521739202,0
2011-03-07,2303.0,2330.0,2284.0,2322.0,208274278298,89697529,924,2318.0,2296.0,44.12757779010708,-87.77176102862313,-73.73831284292262,3089.1171235183933,1836.5828764816065,2462.85,2511.88,0.07360627177700341,1
2011-03-08,2310.0,2310.0,2295.0,2300.0,42608747583,18522707,1130,2322.0,2300.0,44.332310197357806,-83.78900274300213,-75.74845082293852,3078.301199378283,1821.3988006217169,2449.85,2502.88,0.11347826086956525,1
2011-03-09,2301.0,2350.0,2301.0,2334.0,12620523135,5407756,585,2300.0,2330.0,45.93249939365045,-77.32058525149887,-76.06287770865059,3055.4249593291834,1810.675040670817,2433.05,2495.9,0.13948497854077258,1
2011-03-12,2344.0,2344.0,2301.0,2324.0,7969037573,3435226,366,2334.0,2320.0,45.46336941824033,-72.16931131654292,-75.28416443022905,3030.18666286073,1801.1133371392702,2415.65,2488.48,0.17241379310344818,1
2011-03-13,2320.0,2399.0,2320.0,2371.0,14680632005,6191058,533,2324.0,2360.0,47.761671205037935,-64.12008744936657,-73.05134903405656,3003.784748834096,1796.5152511659041,2400.15,2483.7,0.1995762711864406,1
2011-03-14,2400.0,2465.0,2400.0,2464.0,37326309814,15146973,616,2371.0,2465.0,53.322509227436974,-48.70693385030381,-68.18246599730601,2981.4139281659977,1798.1860718340026,2389.8,2482.92,0.16024340770791068,1
2011-03-15,2550.0,2562.0,2521.0,2553.0,68147077973,26689305,1463,2464.0,2561.0,57.750799517022486,-28.417916827102545,-60.22955616326532,2949.264115203194,1808.6358847968058,2378.95,2483.24,0.12495119094103857,1
2011-03-16,2571.0,2655.0,2531.0,2644.0,43095234941,16300612,1031,2553.0,2655.0,61.59300199414698,-4.699536916308716,-49.123552313874,2833.7226354473205,1877.6773645526791,2355.7,2484.74,0.08851224105461397,1
2011-03-19,2728.0,2749.0,2681.0,2723.0,29868231236,10970339,892,2644.0,2720.0,64.02903951711278,19.12198052851636,-35.47444574539593,2636.8880283940834,2022.1119716059166,2329.5,2486.8,0.027941176470588136,0
2011-03-26,2760.0,2831.0,2760.0,2829.0,51813213809,18317793,500,2723.0,2831.0,67.78658839079009,46.422349118865895,-19.095086772543567,2731.397252254227,1991.7027477457732,2361.55,2493.42,-0.010950194277640435,0
2011-03-27,2942.0,2942.0,2845.0,2914.0,41257850943,14158400,1263,2829.0,2860.0,68.70633611079546,69.59588748316992,-1.3568919214008694,2812.3640859638667,1981.7359140361336,2397.05,2499.98,0.002447552447552459,0
2011-03-28,2867.0,2940.0,2865.0,2899.0,35508810678,12250055,898,2914.0,2881.0,69.38793765766776,88.63389175738939,16.641264814357182,2881.0826488956673,1988.217351104333,2434.65,2506.0,0.011107254425546609,0
2011-03-29,2900.0,2960.0,2860.0,2912.0,33150432023,11384626,736,2899.0,2890.0,69.69260830382476,103.25758294935758,33.96452844135727,2944.9303554282496,1990.8696445717505,2467.9,2513.2,0.0608996539792388,1
2011-03-30,2898.0,2903.0,2796.0,2811.0,41611563196,14803080,876,2912.0,2796.0,62.676260210690366,106.03959077270156,48.37954090762612,2982.4680448370236,2006.1319551629765,2494.3,2517.32,0.08762517882689558,1
2011-04-03,2801.0,2846.0,2716.0,2757.0,30794624229,11168587,1086,2811.0,2800.0,62.8476667250289,107.32988646594595,60.16961001929009,3017.1902682271675,2018.4097317728326,2517.8,2521.12,0.06285714285714294,1
2011-04-04,2840.0,2867.0,2840.0,2865.0,16006253387,5587364,342,2757.0,2867.0,65.6899237485724,112.46239863055689,70.62816774154345,3054.3825711142003,2042.7174288858,2548.55,2528.04,0.004185559818625784,0
2011-04-05,2979.0,2979.0,2870.0,2949.0,68581494371,23257347,1823,2865.0,2913.0,67.52676058893402,118.87149051302322,80.27683229583941,3086.1902192465996,2083.2097807534,2584.7,2536.5,-0.018194301407483682,0
2011-04-06,2950.0,3066.0,2916.0,3009.0,64158223383,21320485,1681,2949.0,3066.0,72.75195575377225,134.7433261415881,91.17013106498915,3145.6421127785397,2103.4578872214606,2624.55,2547.82,-0.06327462491846059,0
2011-04-09,3129.0,3129.0,2970.0,3099.0,76799932799,24784735,1647,3009.0,3041.0,70.74873486010351,143.64868652132873,101.66584215625707,3188.612319247375,2136.5876807526247,2662.6,2558.58,-0.04669516606379476,0
2011-04-10,3050.0,3065.0,2976.0,2998.0,16787663721,5600526,686,3099.0,2976.0,65.68459462180013,143.80361346817608,110.09339641864088,3211.635247241493,2181.1647527585073,2696.4,2567.1,-0.045698924731182755,0
2011-04-11,2940.0,3050.0,2879.0,2925.0,30472248221,10416697,1166,2998.0,2879.0,58.908099662790534,134.54831562347636,114.98438025960797,3212.0404829490526,2239.0595170509478,2725.55,2574.68,-0.028829454671761012,0
2011-04-12,2902.0,3000.0,2841.0,2897.0,21309326426,7355733,857,2925.0,2860.0,57.65341897677577,124.24803023946924,116.83711025558023,3201.806388688441,2305.2936113115593,2753.55,2582.48,-0.03146853146853146,0
2011-04-13,2885.0,2889.0,2820.0,2849.0,17733069932,6224823,653,2897.0,2872.0,58.2581225116957,115.71933906693403,116.613556017851,3186.7575103959575,2374.5424896040427,2780.65,2589.72,-0.011490250696378879,0
2011-04-16,2905.0,2950.0,2880.0,2923.0,19371382143,6627752,680,2849.0,2899.0,59.65413836936453,109.87242331560947,115.2653294774027,3158.7884305070866,2460.4115694929133,2809.6,2597.7,-0.016902380131079697,0
2011-04-17,2950.0,2950.0,2819.0,2857.0,11504471448,4042205,529,2923.0,2840.0,55.30172643148319,99.33284632165896,112.07883284625396,3115.3540771666003,2551.8459228333995,2833.6,2604.52,-0.021126760563380254,0
2011-04-18,2880.0,2880.0,2780.0,2810.0,12767289971,4547033,641,2857.0,2796.0,52.240588995143575,86.4333732201685,106.94974092103686,3076.8641592402264,2623.435840759774,2850.15,2611.24,-0.023605150214592308,0
2011-04-19,2815.0,2860.0,2703.0,2751.0,11059488596,4035502,558,2810.0,2770.0,50.46303476688113,73.26787864526659,100.21336846588281,3049.0827843597463,2672.1172156402536,2860.6,2617.84,-0.015162454873646203,0
2011-04-20,2740.0,2861.0,2740.0,2846.0,14841438507,5214572,598,2751.0,2839.0,54.85339648560843,67.6223443926201,93.69516365123027,3033.587178985422,2706.0128210145785,2869.8,2624.84,-0.03557590700951041,0
2011-04-23,2880.0,2880.0,2783.0,2831.0,12005062145,4242600,448,2846.0,2850.0,55.53004920663762,63.30607289105819,87.61734549919586,3025.45642795402,2727.1435720459804,2876.3,2631.68,-0.08561403508771925,0
2011-04-24,2840.0,2895.0,2780.0,2827.0,17585256478,6220655,554,2831.0,2780.0,50.357604566828705,53.61889638252842,80.81765567586237,3027.5874141748445,2719.9125858251555,2873.75,2636.32,-0.043165467625899234,0
2011-04-25,2870.0,2870.0,2716.0,2739.0,15996336412,5839926,567,2827.0,2730.0,46.990659861372166,41.42958263501896,72.94004106769368,3033.3582478385783,2701.1417521614217,2867.25,2640.08,-0.02197802197802201,0
2011-04-26,2760.0,2765.0,2711.0,2734.0,10823110116,3960637,489,2739.0,2728.0,46.85570824134794,31.24787434127211,64.60160772240937,3036.2300087754134,2682.9699912245865,2859.6,2643.44,0.004765395894428259,0
2011-04-27,2765.0,2765.0,2631.0,2714.0,10764661389,3972456,560,2734.0,2738.0,47.66501533631922,23.712372124333342,56.42376060279417,3035.683423313054,2668.316576686946,2852.0,2644.88,0.04090577063550027,0
2011-04-30,2680.0,2700.0,2606.0,2613.0,14238989571,5448499,256,2714.0,2606.0,39.18277571707571,7.008347628164302,46.5406780078682,3054.2890459868086,2630.7109540131914,2842.5,2643.64,0.05525709900230247,1
2011-05-01,2509.0,2715.0,2509.0,2568.0,44011982149,17137217,1122,2613.0,2660.0,43.60419888036897,-1.8510259529166433,36.862337215711236,3061.240116062703,2609.759883937297,2835.5,2643.44,0.08834586466165417,1
2011-05-02,2670.0,2670.0,2670.0,2636.0,8474016630,3173789,81,2568.0,2670.0,44.41017416470009,-7.973315499883483,27.895206672592295,3061.97627869114,2589.32372130886,2825.65,2643.4,0.10262172284644189,1
2011-05-03,2741.0,2741.0,2741.0,2741.0,15025427412,5481732,152,2636.0,2741.0,49.8863117709032,-7.015299441241041,20.91310544982563,3052.552420369733,2581.547579630267,2817.05,2642.66,0.07260124042320326,1
2011-05-04,2850.0,2850.0,2850.0,2838.0,11982354750,4204335,215,2741.0,2850.0,56.905038990314566,2.5103860684221218,17.232561573544928,3013.172086786313,2599.327913213687,2806.25,2637.26,0.011228070175438587,0
2011-05-08,2860.0,2860.0,2732.0,2784.0,35476744741,12742467,987,2838.0,2750.0,49.98791996965157,1.96771362079744,14.179591982995431,2969.4111138899375,2613.988886110062,2791.7,2627.38,0.05309090909090908,1
2011-05-09,2829.0,2895.0,2823.0,2893.0,96150304828,33240474,1261,2784.0,2895.0,57.96645610403983,13.087070379828674,13.96108766236208,2951.5295594331474,2623.770440566853,2787.65,2641.48,0.00898100172711569,0
2011-05-10,3007.0,3008.0,2933.0,3001.0,117253044639,39065951,1659,2893.0,2944.0,60.27292524076137,25.558508634000646,16.280571856689797,2964.204241148341,2617.595758851659,2790.9,2657.36,-0.006453804347826053,0
2011-05-11,2944.0,2986.0,2900.0,2931.0,18520084425,6318987,662,3001.0,2940.0,59.9835692096164,34.7192251165111,19.96830250865406,2977.825011958459,2611.974988041541,2794.9,2673.58,0.03537414965986385,0
2011-05-14,2910.0,2910.0,2880.0,2921.0,3627714548,1253512,72,2931.0,2882.0,55.80044628186523,36.873983327976475,23.34943867251854,2979.21773581459,2611.58226418541,2795.4,2686.72,0.08743927827897302,1
2011-05-15,2895.0,2905.0,2855.0,2875.0,16736168626,5820333,568,2921.0,2896.0,56.58743497973283,39.25877698849172,26.53130633571318,2978.733923001451,2611.766076998549,2795.25,2699.28,0.09461325966850831,1
2011-05-16,2949.0,2984.0,2870.0,2908.0,14433956248,4963766,610,2875.0,2921.0,58.02471350419551,42.67411359443986,29.759867787458518,2989.990429754622,2608.6095702453786,2799.3,2711.1,0.09996576514892164,1
2011-05-17,2950.0,2980.0,2906.0,2927.0,9083496163,3091862,387,2908.0,2925.0,58.26281019538139,45.18272075187042,32.844438380340904,3004.129308396824,2607.370691603176,2805.75,2724.56,0.06358974358974367,1
2011-05-18,2935.0,3044.0,2935.0,3014.0,53595308710,17782106,1451,2927.0,3044.0,64.68134000313195,56.126128402257564,37.50077638472424,3042.386291348004,2596.513708651996,2819.45,2741.64,0.000985545335085325,0
2011-05-21,3050.0,3134.0,3031.0,3126.0,185060858816,59208761,2690,3014.0,3134.0,68.61273003610589,71.23989646564041,44.24860040090748,3096.0057295018614,2572.394270498138,2834.2,2758.94,-0.06445437141033827,0
2011-05-22,3134.0,3179.0,3072.0,3140.0,126887034298,40403453,1939,3126.0,3170.0,70.04887957265191,85.14111194019233,52.42710270876445,3150.2343980279625,2550.165601972037,2850.2,2776.74,-0.0958990536277603,0
2011-05-23,3102.0,3250.0,3070.0,3217.0,264802440088,82310326,2168,3140.0,3213.0,71.71371992950161,98.49230797364271,61.640143761740106,3208.7252142856487,2534.974785714351,2871.85,2795.0,-0.07065048241518834,0
2011-05-24,3209.0,3250.0,3104.0,3173.0,40580913317,12790058,1102,3217.0,3111.0,62.796825749796476,99.69347514545007,69.2508100384821,3236.511863222317,2545.288136777683,2890.9,2811.3,-0.004821600771456103,0
2011-05-25,3111.0,3111.0,3047.0,3053.0,51915350892,17003871,927,3173.0,3047.0,57.92965285784297,94.39303945218808,74.2792559212233,3250.355618585783,2563.344381414217,2906.85,2826.24,0.00426649163111259,0
2011-05-28,3030.0,3165.0,2931.0,2985.0,56346769915,18874382,1068,3053.0,2932.0,50.374361964877345,79.99078311755648,75.42156136048993,3251.280025542976,2581.8199744570243,2916.55,2838.28,0.07435197817189643,1
2011-05-29,2960.0,2965.0,2866.0,2872.0,30152235976,10498647,821,2985.0,2866.0,46.61666108324195,62.53043091102154,72.84333527059626,3233.83767638536,2625.2623236146405,2929.55,2849.2,0.11549197487787866,1
2011-05-30,2880.0,2986.0,2880.0,2977.0,34629083046,11631246,619,2872.0,2986.0,53.420164299338005,57.71071985563276,69.81681218760356,3224.4789826992182,2667.2210173007816,2945.85,2861.72,0.07970529135967852,1
2011-05-31,3088.0,3096.0,3062.0,3094.0,56354162730,18215871,1026,2977.0,3096.0,58.625574509360575,62.05184971416702,68.26381969291626,3222.316043979212,2711.9839560207884,2967.15,2874.34,0.01421188630490966,0
2011-06-01,3099.0,3120.0,3052.0,3078.0,45660660422,14836739,926,3094.0,3060.0,56.40399740868367,61.87408137297189,66.98587202892739,3218.870142299658,2747.329857700342,2983.1,2884.32,0.03594771241830075,0
2011-06-06,3120.0,3201.0,3119.0,3175.0,41941623573,13208088,841,3078.0,3150.0,60.440032189202036,68.20917362561931,67.23053234826577,3236.2502886834295,2759.9497113165703,2998.1,2894.22,0.012698412698412653,0
2011-06-07,3150.0,3197.0,3061.0,3100.0,15816896413,5101831,507,3175.0,3197.0,62.397801429570436,76.14454022099153,69.01333392281092,3244.768947037473,2796.1310529625266,3020.45,2903.76,-0.037847982483578346,0
2011-06-08,3100.0,3224.0,3020.0,3196.0,115461106716,36126007,2054,3100.0,3224.0,63.51485059849957,83.64780988721213,71.94022911569117,3270.085677090169,2803.714322909831,3036.9,2911.62,-0.0508684863523573,0
2011-06-11,3270.0,3295.0,3125.0,3187.0,37627910274,11806771,865,3196.0,3140.0,57.76539163408303,81.87233387200286,73.92665006695351,3279.9192959426823,2813.4807040573173,3046.7,2917.22,-0.0015923566878981443,0
2011-06-12,3110.0,3199.0,3090.0,3170.0,14139647340,4461374,403,3187.0,3170.0,59.18635769062758,81.94143575328371,75.52960720421956,3291.921714866207,2824.4782851337927,3058.2,2923.0,-0.02208201892744477,0
2011-06-13,3168.0,3250.0,3150.0,3204.0,43847119365,13684828,1016,3170.0,3190.0,60.14896306711767,82.6572114636524,76.95512805610613,3299.303699570921,2847.896300429079,3073.6,2929.0,-0.031347962382445194,0
2011-06-14,3200.0,3230.0,3076.0,3102.0,55274478596,17819499,1008,3204.0,3076.0,52.542034265905905,73.18202478130615,76.20050740114614,3293.101686454053,2872.098313545947,3082.6,2934.6,0.004876462938881554,0
2011-06-15,3070.0,3105.0,2978.0,3015.0,64645243470,21441036,1517,3102.0,3060.0,51.55651621167981,63.64810900703151,73.69002772232321,3287.0265555705296,2892.073444429471,3089.55,2939.8,0.009150326797385588,0
2011-06-18,3071.0,3135.0,3071.0,3119.0,48423580587,15525723,901,3015.0,3135.0,55.746666994357646,61.43608828351671,71.23923983456191,3283.226936321144,2916.8730636788564,3100.05,2945.16,-0.036363636363636376,0
2011-06-19,3136.0,3190.0,3083.0,3114.0,26965055645,8660008,631,3119.0,3100.0,53.42433209135486,56.21087445986859,68.23356675962324,3284.217334434843,2921.482665565157,3102.85,2948.9,-0.04225806451612901,0
2011-06-20,3100.0,3109.0,3071.0,3102.0,13851303397,4476833,365,3114.0,3090.0,52.74820203449357,50.67874540191178,64.72260248808095,3281.519317464296,2919.7806825357043,3100.65,2949.38,-0.07508090614886731,0
2011-06-21,3099.0,3158.0,3087.0,3110.0,9499744269,3042476,297,3102.0,3091.0,52.81251560928013,45.84669277357625,60.947420545180016,3274.767515285636,2918.6324847143637,3096.7,2950.38,-0.06179230022646398,0
2011-06-22,3107.0,3139.0,3080.0,3105.0,7066478661,2283655,286,3110.0,3088.0,52.581297657591286,41.29911088216204,57.01775861257642,3260.337580476032,2920.5624195239675,3090.45,2952.62,-0.024611398963730546,0
2011-06-25,3081.0,3149.0,3021.0,3092.0,7785845928,2539681,329,3105.0,3021.0,47.5720261118673,31.920816113877663,51.998370112836675,3258.1736627179907,2913.726337282009,3085.95,2955.46,0.009599470374048291,0
2011-06-26,3010.0,3050.0,2969.0,2976.0,31858886552,10706275,701,3092.0,2969.0,44.063419358336795,20.061231140277414,45.610942318324824,3261.0253893696013,2903.074610630399,3082.05,2957.64,0.013809363422027543,0
2011-06-27,2890.0,2900.0,2857.0,2861.0,49819320461,17414029,798,2976.0,2858.0,37.6756639360214,1.6862146379949081,36.82599678225884,3272.0355957473357,2884.664404252664,3078.35,2957.36,0.04268719384184738,0
2011-06-28,2871.0,2959.0,2867.0,2897.0,27567826536,9515117,653,2861.0,2900.0,41.151932221423024,-9.378954583314226,27.58500650914423,3266.7202707985407,2893.3797292014597,3080.05,2957.38,0.02724137931034476,0
2011-06-29,2964.0,3012.0,2940.0,2980.0,18184898104,6054259,530,2897.0,3012.0,49.27679005704254,-9.006891100484609,20.266626987218462,3265.730340600619,2896.969659399381,3081.35,2960.82,-0.01726427622841964,0
2011-07-02,3065.0,3090.0,3020.0,3062.0,23706322466,7741672,650,2980.0,3050.0,51.71272944478055,-5.581406706809503,15.097020248412868,3263.7892486722853,2894.310751327715,3079.05,2965.9,-0.03770491803278686,0
2011-07-03,3066.0,3099.0,2980.0,3030.0,37791001233,12473274,783,3062.0,3010.0,49.04282157853415,-6.024900054137106,10.872636187902874,3263.5916798470344,2889.508320152966,3076.55,2970.7,0.01295681063122922,0
2011-07-04,3010.0,3049.0,2980.0,3019.0,9264270933,3086158,327,3030.0,2980.0,47.07956438854366,-8.696868915386403,6.958735167245018,3256.4139827567906,2879.68601724321,3068.05,2973.52,0.02281879194630876,0
2011-07-05,3030.0,3068.0,2955.0,3004.0,14367412299,4798381,409,3019.0,2979.0,47.01200682671755,-10.770954274879387,3.412797278820137,3239.539994243107,2874.7600057568934,3057.15,2976.1,0.010406176569318637,0
2011-07-06,2970.0,3018.0,2952.0,2997.0,9565989479,3202836,345,3004.0,2960.0,45.67103195235555,-13.788873524910741,-0.02753688192603887,3213.917614562306,2873.9823854376937,3043.95,2979.7,0.0175675675675675,0
2011-07-09,2990.0,3013.0,2910.0,2987.0,4241356030,1440649,222,2997.0,2935.0,43.896778768637844,-17.99050400826991,-3.620130307194813,3203.9869343196965,2863.413065680303,3033.7,2983.8,0.03236797274275971,0
2011-07-10,3030.0,3106.0,3000.0,3052.0,25258376177,8276919,794,2987.0,3049.0,52.88516922711736,-11.983342660379549,-5.292772777831761,3186.339980780139,2868.9600192198614,3027.65,2990.22,-0.07281075762545097,0
2011-07-11,3041.0,3051.0,3000.0,3044.0,8172235322,2699038,325,3052.0,3048.0,52.80525003814503,-7.220086987128525,-5.678235619691114,3161.2347184309683,2879.865281569032,3020.55,2996.42,-0.03904199475065617,0
2011-07-12,3025.0,3038.0,2995.0,3031.0,7417104642,2469096,297,3044.0,3010.0,49.729843441519165,-6.437250354385924,-5.830038566630076,3155.6550215852044,2878.8449784147956,3017.25,3004.5,-0.04684385382059797,0
2011-07-13,3003.0,3020.0,3000.0,3015.0,15732667129,5232596,477,3031.0,3012.0,49.89524343080413,-5.59101367227322,-5.782233587758705,3151.86426932988,2877.83573067012,3014.85,3011.54,-0.05312084993359889,0
2011-07-16,3020.0,3040.0,3010.0,3028.0,35592772923,11755688,952,3015.0,3030.0,51.44369650763793,-3.428395033326524,-5.31146587687227,3135.382987720919,2883.8170122790807,3009.6,3018.74,-0.07590759075907594,0
2011-07-25,2821.0,2879.0,2821.0,2837.0,25570931811,9013578,779,2728.0,2827.0,37.40429057769618,-17.888697865681024,-7.8269122746340205,3137.7604015931165,2854.139598406883,2995.95,3020.46,0.025822426600636827,0
2011-07-26,2842.0,2950.0,2833.0,2923.0,50364355239,17231525,1376,2837.0,2929.0,45.45865417636527,-20.877383015068062,-10.437006422720831,3125.6619686270533,2850.138031372947,2987.9,3022.04,-0.010583817002389861,0
2011-07-27,2920.0,2945.0,2863.0,2898.0,18167565604,6269650,627,2923.0,2869.0,42.032494553525325,-27.76735134561295,-13.903075407299255,3115.3172913393896,2838.2827086606108,2976.8,3024.42,0.026490066225165476,0
2011-07-30,2884.0,2911.0,2831.0,2862.0,13846124715,4837203,412,2898.0,2852.0,41.08759829577144,-34.20516298526309,-17.963492922892023,3103.8236291126314,2826.1763708873686,2965.0,3023.56,0.004207573632538653,0
2011-07-31,2863.0,2863.0,2783.0,2814.0,45534048444,16181189,1115,2862.0,2800.0,38.25474927431009,-43.00737822447309,-22.972269983208236,3107.577438955421,2800.322561044579,2953.95,3020.68,0.017857142857142794,0
2011-08-01,2835.0,2910.0,2830.0,2905.0,150826765669,51914680,1138,2814.0,2900.0,45.96967256521074,-41.43638015576926,-26.66509201772044,3105.711468648427,2795.288531351573,2950.5,3019.88,-0.021034482758620743,0
2011-08-02,2930.0,2959.0,2885.0,2909.0,27996387904,9624495,767,2905.0,2898.0,45.84629194517025,-39.89287591213224,-29.3106487966028,3103.8756915756344,2801.1243084243656,2952.5,3020.2,-0.033816425120772986,0
2011-08-03,2905.0,2978.0,2905.0,2950.0,47013762456,15935982,1356,2909.0,2945.0,49.29070819204272,-34.47967029774827,-30.34445309683189,3104.263711745785,2805.236288254215,2954.75,3021.18,-0.03395585738539897,0
2011-08-06,2878.0,2888.0,2832.0,2850.0,24321573566,8534224,727,2950.0,2864.0,44.08639031286832,-36.30716253379751,-31.536994984225014,3099.425343169107,2795.274656830893,2947.35,3020.04,-0.011871508379888263,0
2011-08-07,2888.0,2893.0,2850.0,2863.0,12459291550,4337077,463,2850.0,2850.0,43.236664828147276,-38.442010724049396,-32.917998132189894,3087.3996917690997,2787.3003082309,2937.35,3018.54,-0.017894736842105297,0
2011-08-08,2840.0,2887.0,2797.0,2827.0,25899425290,9160970,739,2863.0,2839.0,42.54283987918257,-40.55401986770494,-34.4452024792929,3080.791578714092,2776.8084212859085,2928.8,3014.44,-0.017259598450158453,0
2011-08-09,2800.0,2809.0,2714.0,2736.0,46489386924,16993746,1005,2827.0,2800.0,40.08669178904496,-44.857684924782916,-36.52769896839091,3079.7094743909884,2759.890525609012,2919.8,3007.76,-0.0071428571428571175,0
2011-08-10,2810.0,2845.0,2803.0,2820.0,17925062739,6313804,684,2736.0,2845.0,44.09715530261052,-44.128559998849596,-38.04787117448265,3073.753540266009,2752.4464597339907,2913.1,3001.26,0.01581722319859402,0
2011-08-13,2840.0,2850.0,2810.0,2824.0,13929063047,4928609,423,2820.0,2830.0,43.06241101038472,-44.25099990019726,-39.28849691962557,3069.639136405963,2743.5608635940366,2906.6,2993.6,0.018021201413427557,0
2011-08-14,2840.0,2841.0,2791.0,2818.0,16390717284,5821856,535,2824.0,2799.0,40.9251018253877,-46.31557817162138,-40.693913170024736,3068.7705299749114,2730.829470025089,2899.8,2987.36,0.03608431582708116,0
2011-08-15,2801.0,2839.0,2775.0,2803.0,12447657168,4459476,380,2818.0,2790.0,40.29973236157369,-48.123261111664306,-42.17978275835265,3047.5961041518663,2726.1038958481336,2886.85,2982.22,0.07240143369175622,1
2011-08-16,2800.0,2818.0,2770.0,2791.0,16308520286,5850207,516,2803.0,2780.0,39.57609330659712,-49.78884448506915,-43.70159510369595,3022.4821777335446,2724.417822266455,2873.45,2979.18,0.06474820143884896,1
2011-08-17,2799.0,2902.0,2789.0,2887.0,74001553884,25632457,1180,2791.0,2890.0,50.174666808109414,-41.75146570941661,-43.311569224840085,3003.06780856511,2731.8321914348894,2867.45,2979.66,0.03287197231833905,0
2011-08-20,2902.0,2950.0,2851.0,2899.0,26323388057,9079971,606,2887.0,2881.0,49.41101237923908,-35.69652261499505,-41.78855990287108,2979.552265043711,2742.247734956289,2860.9,2977.56,0.014578271433530077,0
2011-08-21,2900.0,2920.0,2863.0,2901.0,20576451066,7091198,481,2899.0,2900.0,51.10297434018793,-29.030153836003592,-39.23687868949758,2946.574616896428,2762.2253831035723,2854.4,2973.64,0.066896551724138,1
2011-08-23,2910.0,3005.0,2902.0,2964.0,35677429590,12035439,1124,2901.0,2992.0,58.36434943318003,-16.13735603097075,-34.616974157792214,2971.5559686151455,2753.7440313848547,2862.65,2972.28,0.06784759358288772,1
2011-08-24,3028.0,3068.0,2960.0,2995.0,14927191893,4954818,600,2964.0,2960.0,55.2888153263557,-8.404966228953981,-29.37457257202457,2977.627686214623,2750.772313785377,2864.2,2968.48,0.08108108108108114,1
2011-08-27,3031.0,3060.0,2971.0,3008.0,13800693786,4575492,599,2995.0,2985.0,57.186936431258935,-0.2567409854482321,-23.5510062547093,2995.0807739023185,2744.9192260976815,2870.0,2964.24,0.06197654941373543,1
2011-08-28,2986.0,2987.0,2920.0,2975.0,11893287217,4039600,560,3008.0,2923.0,51.3632666444855,1.1842530484709641,-18.603954394073245,3000.4034193469097,2746.6965806530907,2873.55,2958.22,0.09613410879233664,1
2011-08-29,2945.0,3094.0,2945.0,3073.0,169929650880,55303034,1735,2975.0,3094.0,62.6582117855134,15.94076685796972,-11.695010143664652,3042.7334942639586,2733.7665057360414,2888.25,2957.3,0.06334841628959276,1
2011-08-30,3128.0,3195.0,3107.0,3189.0,280173556376,87856305,4585,3073.0,3195.0,67.46428159794009,35.377456972443724,-2.280516720442977,3107.4172204096376,2698.5827795903624,2903.0,2957.8,0.06384976525821595,1
2011-09-03,3190.0,3250.0,3112.0,3198.0,47777987460,14940090,1160,3189.0,3200.0,67.68600875085663,50.601331484097955,8.29585292046521,3159.9908018094156,2676.209198190584,2918.1,2958.0,0.0625,1
2011-09-04,3200.0,3240.0,3150.0,3193.0,25914564900,8116104,783,3198.0,3170.0,64.83119084137294,59.55905275124451,18.54849288662107,3194.964212722139,2663.7357872778607,2929.35,2959.88,0.07697160883280763,1
2011-09-05,3175.0,3270.0,3151.0,3212.0,25217138103,7850764,810,3193.0,3204.0,66.5529774115434,68.6107255075417,28.560939410805197,3235.5338688447223,2657.1661311552775,2946.35,2962.76,0.0642946317103621,1
2011-09-06,3227.0,3320.0,3176.0,3269.0,56174797877,17186331,1274,3212.0,3290.0,70.48861789970923,81.78100216267421,39.204951961179006,3289.992208051122,2646.707791948878,2968.35,2965.86,-0.0027355623100303594,0
2011-09-07,3300.0,3399.0,3291.0,3385.0,375865638397,111031790,2616,3269.0,3399.0,74.57250934674116,99.86277444618054,51.33651645817932,3362.4965690130125,2630.2034309869873,2996.35,2971.84,-0.04383642247719921,0
2011-09-10,3400.0,3476.0,3390.0,3420.0,31109117230,9095135,816,3385.0,3400.0,74.60722720715188,112.9711399167777,63.663441149899,3420.4810822556374,2632.2189177443624,3026.35,2978.04,-0.044117647058823484,0
2011-09-11,3410.0,3449.0,3383.0,3406.0,71686134640,21046794,1355,3420.0,3414.0,75.11940752608896,123.07061554283837,75.54487602848687,3473.82104959059,2635.7789504094103,3054.8,2984.5,-0.04481546572934969,0
2011-09-12,3357.0,3428.0,3357.0,3391.0,102122441289,30116141,1575,3406.0,3410.0,74.65607313067957,129.26170766533141,86.28824235585579,3516.629111775074,2650.9708882249265,3083.8,2990.94,-0.04516129032258065,0
2011-09-13,3390.0,3392.0,3266.0,3315.0,45076795391,13598489,840,3391.0,3281.0,61.48487996775676,122.34861223235248,93.50031633115513,3528.106092292816,2687.6939077071843,3107.9,2996.14,-0.0064004876562023805,0
2011-09-14,3280.0,3300.0,3208.0,3247.0,24078256611,7421829,620,3315.0,3250.0,58.80018271172908,113.0651487195355,97.41328280883121,3528.748664695507,2733.051335304493,3130.9,3001.76,-0.003076923076923088,0
2011-09-17,3229.0,3309.0,3229.0,3254.0,112984276337,34726889,587,3247.0,3250.0,58.80018271172908,104.50328814716295,98.83128387649757,3520.849669122511,2787.9503308774893,3154.4,3009.6,-0.027692307692307683,0
2011-09-18,3250.0,3300.0,3240.0,3259.0,41683091167,12789346,493,3254.0,3261.0,59.52743990255774,97.48184994205985,98.56139708961003,3521.0881765908434,2824.811823409156,3172.95,3016.82,-0.04170499846672804,0
2011-09-19,3268.0,3282.0,3245.0,3262.0,11735407968,3594351,331,3259.0,3256.0,59.017480735007595,90.47095847148603,96.94330936598523,3514.386287282241,2869.0137127177586,3191.7,3021.7,-0.023341523341523396,0
2011-09-20,3272.0,3274.0,3250.0,3262.0,14388417384,4411881,326,3262.0,3260.0,59.31774104492799,84.26617502905356,94.40788249859891,3504.226127873227,2915.1738721267725,3209.7,3025.9,-0.024846625766871133,0
2011-09-21,3250.0,3274.0,3220.0,3259.0,14959070391,4594104,424,3262.0,3240.0,57.066434154028975,76.84913757382537,90.8961335136442,3499.292279834768,2944.9077201652317,3222.1,3030.5,-0.024691358024691357,0
2011-09-25,3137.0,3179.0,3129.0,3132.0,29074748686,9283637,811,3259.0,3160.0,49.04757934641721,63.780528313189734,85.47301247355331,3484.027688037651,2980.172311962349,3232.1,3034.1,-0.004430379746835467,0
2011-09-26,3120.0,3150.0,3060.0,3107.0,18917923542,6103189,467,3132.0,3125.0,46.00199243850521,50.02272301425137,78.38295458169293,3470.0847614021236,3008.115238597876,3239.1,3037.02,-0.0025600000000000067,0
2011-09-27,3151.0,3219.0,3151.0,3186.0,20186152509,6300035,499,3107.0,3180.0,51.13669814595828,43.06122059469271,71.3186077842929,3434.729074294613,3069.1709257053867,3251.95,3041.42,-0.019811320754717032,0
2011-09-28,3200.0,3200.0,3172.0,3186.0,5542500191,1740236,224,3186.0,3179.0,51.041662915783284,37.03655379196471,64.46219698582726,3427.6953060581995,3084.7046939418,3256.2,3046.3,-0.016042780748663055,0
2011-10-01,3180.0,3188.0,3132.0,3181.0,7222876538,2278705,244,3186.0,3160.0,49.17181422406253,30.378634743764906,57.645484537414795,3429.0930359332874,3079.806964066712,3254.45,3048.52,-0.009493670886076,0
2011-10-02,3180.0,3186.0,3137.0,3170.0,8273655885,2626729,328,3181.0,3146.0,47.78278237799337,23.699312016614385,50.85625003325471,3431.2781315003185,3072.2218684996815,3251.75,3050.48,-0.014621741894469187,0
2011-10-03,3140.0,3160.0,3101.0,3156.0,8168575622,2610603,404,3170.0,3117.0,44.95020186709115,15.882756466663068,43.86155131993639,3434.8341110297074,3063.3658889702924,3249.1,3052.62,0.002566570420275971,0
2011-10-04,3140.0,3150.0,3112.0,3150.0,6322407752,2018211,274,3156.0,3117.0,44.95020186709115,9.577674409388692,37.00477593782685,3438.4114313692735,3051.0885686307265,3244.75,3054.72,0.010587102983638186,0
2011-10-05,3139.0,3161.0,3120.0,3145.0,7994710321,2550069,320,3150.0,3128.0,46.349306585307104,5.406140895462158,30.68504892935391,3435.544218116053,3037.7557818839473,3236.65,3056.68,-0.002557544757033292,0
2011-10-08,3156.0,3198.0,3120.0,3138.0,18817204366,5999594,481,3145.0,3130.0,46.61497257162317,2.2357811236347516,24.99519536821008,3412.5109611195194,3033.8890388804803,3223.2,3062.74,-0.013099041533546352,0
2011-10-09,3130.0,3137.0,3099.0,3118.0,18890253195,6069486,523,3138.0,3100.0,43.16240495677645,-2.6667603628238794,19.462804222003292,3386.308506253903,3030.0914937460966,3208.2,3066.16,-0.032258064516129004,0
2011-10-10,3100.0,3130.0,3100.0,3115.0,19536941993,6274353,309,3118.0,3125.0,46.70488643942089,-4.483090469162562,14.673625283770123,3348.0262133317933,3039.4737866682067,3193.75,3071.28,-0.03071999999999997,0
2011-10-11,3125.0,3189.0,3125.0,3152.0,158647460033,50337815,513,3115.0,3150.0,50.057090283936034,-3.8607497778989455,10.966750271436311,3299.7254176290103,3061.7745823709897,3180.75,3077.24,-0.04063492063492069,0
2011-10-12,3159.0,3180.0,3110.0,3144.0,15273025406,4866232,481,3152.0,3120.0,46.29408793391991,-5.722326161918772,7.628934984765295,3285.056753246067,3060.343246753933,3172.7,3083.64,-0.029166666666666674,0
2011-10-15,3120.0,3129.0,3075.0,3124.0,9402310035,3040118,358,3144.0,3089.0,42.7203035971689,-9.588548956670365,4.185438196478163,3276.7700695682884,3052.529930431712,3164.65,3087.42,-0.04499838135318879,0
2011-10-16,3090.0,3090.0,3000.0,3026.0,22545428932,7460102,611,3124.0,3000.0,34.4885748102281,-19.608084776414216,-0.5732663981003125,3278.2884556746994,3026.0115443253007,3152.15,3089.46,-0.020000000000000018,0
2011-10-17,2950.0,3050.0,2950.0,3013.0,13618532079,4533241,426,3026.0,3029.0,38.63765067708297,-24.921304181895266,-5.442873954859304,3267.184079141432,3013.9159208585684,3140.55,3091.14,-0.04853086827335751,0
2011-10-18,3030.0,3048.0,3000.0,3016.0,7175946904,2374203,330,3013.0,3022.0,38.01184711917905,-29.35848401032672,-10.225995965952787,3253.8848351460456,3003.8151648539542,3128.85,3094.3,-0.027134348113831863,0
2011-10-19,3033.0,3069.0,3004.0,3019.0,8117444991,2682523,299,3016.0,3029.0,39.07454732394775,-31.941932776074736,-14.569183327977179,3234.150502780258,3000.449497219742,3117.3,3097.88,-0.04522944866292511,0
2011-10-22,3000.0,3020.0,2940.0,2988.0,17374380946,5835647,422,3019.0,2950.0,32.33682408863619,-39.90398599395667,-19.63614386117308,3226.896091799861,2978.7039082001393,3102.8,3100.1,-0.023728813559321993,0
2011-10-23,2950.0,2997.0,2930.0,2963.0,16716519274,5658849,405,2988.0,2940.0,31.594174714097576,-46.48503639549972,-25.005922368038405,3231.665077842898,2951.9349221571024,3091.8,3102.9,-0.020408163265306145,0
2011-10-24,2940.0,2940.0,2872.0,2929.0,10453664846,3617451,361,2963.0,2882.0,27.630580851732105,-55.73816663721573,-31.15237122187387,3245.6455119875245,2913.6544880124757,3079.65,3103.64,-0.004163775156141525,0
2011-10-25,2913.0,2980.0,2913.0,2932.0,6695392210,2277027,265,2929.0,2940.0,36.244214839087164,-57.72579669397646,-36.46705631629439,3237.5467627708094,2897.7532372291907,3067.65,3105.84,-0.019387755102040827,0
2011-10-26,2935.0,2945.0,2892.0,2926.0,9354292026,3207483,330,2932.0,2892.0,32.76819842362795,-62.454272702048,-41.664499593445115,3231.434892707749,2875.1651072922514,3053.3,3107.7,-0.017980636237897696,0
2011-10-29,2940.0,2940.0,2870.0,2910.0,10859878695,3753885,324,2926.0,2880.0,31.94339790368292,-66.40445450094148,-46.61249057494439,3225.519333045744,2853.0806669542562,3039.3,3109.5,-0.03125,0
2011-10-30,2898.0,2898.0,2860.0,2896.0,10145066789,3524171,367,2910.0,2880.0,31.94339790368292,-68.74258036046285,-51.038508532048084,3217.7508800501373,2834.2491199498627,3026.0,3111.5,-0.04513888888888884,0
2011-10-31,2889.0,2913.0,2870.0,2892.0,10072170601,3488166,358,2896.0,2870.0,31.184773044869274,-70.58877491865815,-54.9485618093701,3212.0670103595016,2815.2329896404985,3013.65,3111.1,-0.059233449477351874,0
2011-11-01,2884.0,2884.0,2864.0,2882.0,10751554535,3744026,328,2892.0,2883.0,33.3991609197915,-70.1937561261484,-57.99760067272576,3202.198320841906,2801.7016791580936,3001.95,3111.14,-0.02185223725286156,0
2011-11-02,2911.0,2911.0,2840.0,2877.0,12081741603,4206321,460,2882.0,2840.0,29.96448508906896,-72.51453905365588,-60.90098834891178,3190.8669692868834,2784.233030713117,2987.55,3109.94,-0.021126760563380254,0
2011-11-05,2861.0,2861.0,2762.0,2829.0,12256132767,4388221,412,2877.0,2790.0,26.545987238363693,-77.49504375123433,-64.2197994293763,3180.1414836056183,2760.958516394382,2970.55,3105.9,-0.016487455197132572,0
2011-11-06,2751.0,2769.0,2716.0,2786.0,9780460708,3574093,461,2829.0,2750.0,24.1703202289564,-83.70489736043419,-68.11681901558788,3174.5913956803665,2731.508604319634,2953.05,3101.7,0.0,0
2011-11-08,2700.0,2730.0,2682.0,2736.0,11336849640,4207594,419,2786.0,2700.0,21.571577498730917,-91.60486930655452,-72.81442907378121,3164.5398547735335,2699.060145226467,2931.8,3096.0,0.027407407407407325,0
2011-11-09,2750.0,2839.0,2740.0,2768.0,11874222047,4249434,414,2736.0,2820.0,38.62674427266832,-87.17772630928039,-75.68708852088105,3129.9076419888306,2700.6923580111697,2915.3,3093.94,-0.01773049645390068,0
2011-11-12,2845.0,2860.0,2780.0,2782.0,5765366585,2044947,310,2768.0,2780.0,35.829761229605666,-85.90657180931612,-77.73098517856806,3098.7525879104746,2697.8474120895257,2898.3,3087.66,-0.010791366906474864,0
2011-11-13,2797.0,2797.0,2720.0,2774.0,7466984430,2707435,271,2782.0,2744.0,33.48004733396158,-86.80345564200115,-79.54547927125468,3072.045785293831,2690.054214706169,2881.05,3078.64,-0.0040087463556851555,0
2011-11-14,2744.0,2789.0,2741.0,2773.0,4846954331,1751303,164,2774.0,2750.0,34.25392856078783,-86.03829675715951,-80.84404276843564,3059.4934209393127,2677.6065790606876,2868.55,3069.64,-0.03709090909090906,0
2011-11-16,2773.0,2798.0,2740.0,2770.0,5431694416,1966205,198,2773.0,2774.0,37.391546304682386,-82.54378997550612,-81.18399220984973,3035.9339501593413,2675.666049840659,2855.8,3061.72,-0.06777217015140591,0
2011-11-19,2770.0,2849.0,2750.0,2776.0,7866342397,2822661,254,2770.0,2770.0,37.07398112094281,-79.18434688474645,-80.78406314482909,3009.8164457669423,2676.5835542330574,2843.2,3053.04,-0.06498194945848379,0
2011-11-20,2790.0,2790.0,2734.0,2764.0,10707045180,3889536,337,2776.0,2750.0,35.45268166924521,-77.24536045312834,-80.07632260648896,2976.950880159899,2681.549119840101,2829.25,3042.24,-0.08363636363636362,0
2011-11-21,2788.0,2788.0,2730.0,2758.0,4058542598,1484744,156,2764.0,2733.0,34.08809733324978,-76.20204788757974,-79.30146766270711,2960.812639888492,2675.987360111508,2818.4,3028.92,-0.06952067325283573,0
2011-11-22,2720.0,2798.0,2648.0,2684.0,30661221849,11425488,682,2758.0,2648.0,28.236026668144248,-81.29686513237766,-79.70054715664122,2953.060309526712,2654.5396904732884,2803.8,3013.88,-0.01850453172205435,0
2011-11-23,2605.0,2648.0,2582.0,2635.0,10915215537,4206740,397,2684.0,2586.0,24.88075423295639,-89.30794000927199,-81.62202572716738,2961.240529492946,2616.759470507054,2789.0,2997.32,-0.004640371229698403,0
2011-11-26,2600.0,2648.0,2581.0,2625.0,6818394487,2617507,313,2635.0,2590.0,25.495870954148046,-94.24758055374105,-84.14713669248212,2949.830591879271,2593.169408120729,2771.5,2980.92,0.0019305019305020377,0
2011-11-27,2599.0,2599.0,2520.0,2524.0,20708837858,8205300,607,2625.0,2520.0,22.08730450531506,-102.6276683814167,-87.84324303026905,2953.310478767982,2552.489521232018,2752.9,2965.7,0.06190476190476191,1
2011-11-28,2500.0,2560.0,2444.0,2518.0,32230572442,12798242,737,2524.0,2543.0,25.60656182422177,-106.1889603446225,-91.51238649313974,2947.259351118772,2524.8406488812284,2736.05,2951.56,0.06488399528116395,1
2011-11-29,2530.0,2618.0,2530.0,2566.0,10918635921,4188230,556,2518.0,2599.0,33.48446689797956,-103.30177928622697,-93.87026505175719,2930.403454865828,2513.596545134172,2722.0,2938.54,0.011927664486340861,0
2011-11-30,2560.0,2575.0,2490.0,2561.0,9247202877,3619047,317,2566.0,2574.0,31.862320026697205,-101.85681658479143,-95.46757535836403,2913.490668717743,2500.9093312822565,2707.2,2924.8,0.009712509712509698,0
2011-12-03,2599.0,2630.0,2560.0,2574.0,8386624781,3235335,298,2561.0,2595.0,34.72301050664413,-97.88874818241584,-95.95180992317441,2887.897514079535,2497.7024859204653,2692.8,2911.58,0.0019267822736031004,0
2011-12-04,2600.0,2676.0,2600.0,2667.0,28751791946,10778981,894,2574.0,2676.0,44.416493960952934,-87.2027829306121,-94.20200452466196,2867.676377504075,2501.523622495925,2684.6,2899.9,-0.0358744394618834,0
2011-12-07,2730.0,2767.0,2691.0,2731.0,22295159380,8163996,896,2667.0,2708.0,47.71949831076939,-75.2841174720129,-90.41842711413214,2857.523727223259,2503.476272776741,2680.5,2889.26,-0.03655834564254057,0
2011-12-10,2780.0,2780.0,2623.0,2698.0,12351536302,4616147,499,2731.0,2630.0,41.28025433321389,-71.31041527542311,-86.59682474639035,2849.8208487317324,2499.1791512682676,2674.5,2878.66,-0.026615969581749055,0
2011-12-11,2670.0,2670.0,2596.0,2649.0,10138098066,3898803,373,2698.0,2599.0,39.02628502591984,-69.85739600145234,-83.24893899740276,2847.3415118829876,2491.558488117012,2669.45,2868.14,0.006925740669488256,0
2011-12-12,2619.0,2619.0,2580.0,2627.0,8329295140,3207516,360,2649.0,2600.0,39.141722888384805,-67.84312282667224,-80.16777576325666,2824.5613782978626,2492.338621702137,2658.45,2856.54,-0.006153846153846176,0
2011-12-13,2600.0,2649.0,2570.0,2623.0,5791651719,2216439,280,2627.0,2580.0,37.608157303460345,-67.08728916749533,-77.5516784441044,2808.040068613357,2488.8599313866425,2648.45,2844.56,0.005813953488372103,0
2011-12-14,2600.0,2611.0,2584.0,2611.0,10884962393,4184479,263,2623.0,2609.0,41.20526576580957,-63.41719397392353,-74.72478155006823,2795.881840694734,2487.5181593052657,2641.7,2833.54,-0.003449597546952843,0
2011-12-17,2600.0,2600.0,2556.0,2601.0,5594800166,2171105,264,2611.0,2560.0,37.29293919373449,-63.72789211031113,-72.52540366211682,2781.8670972525915,2482.532902747408,2632.2,2821.82,-0.00390625,0
2011-12-18,2576.0,2649.0,2575.0,2608.0,11190157828,4281149,341,2601.0,2617.0,43.95875918145936,-58.69806424440003,-69.75993577857346,2759.177704868165,2489.5222951318347,2624.35,2811.82,-0.015284677111196077,0
2011-12-19,2628.0,2633.0,2582.0,2605.0,9022289913,3469169,269,2608.0,2584.0,41.22640868765657,-56.72087073983312,-67.1521227708254,2733.0135113075967,2497.0864886924037,2615.05,2801.16,0.0023219814241486336,0
2011-12-20,2600.0,2604.0,2580.0,2600.0,8211374110,3167355,289,2605.0,2595.0,42.50919061987313,-53.64790294292334,-64.45127880524498,2707.8646060998494,2506.735393900151,2607.3,2790.5,-0.017341040462427793,0
2011-12-21,2585.0,2604.0,2575.0,2597.0,5941977517,2293805,276,2600.0,2600.0,43.11692758665236,-50.23007457847416,-61.607037959890825,2683.032704495653,2518.267295504347,2600.65,2779.9,-0.019230769230769273,0
2011-12-24,2580.0,2600.0,2550.0,2573.0,15439062835,6015341,317,2597.0,2550.0,38.710098649476535,-50.96847030913614,-59.47932442973989,2677.942152910228,2513.557847089772,2595.75,2768.9,0.031372549019607954,0
2011-12-25,2580.0,2580.0,2551.0,2572.0,8557173850,3330191,282,2573.0,2577.0,42.14861123484676,-48.81230206040527,-57.34591995587297,2677.798727263021,2512.801272736979,2595.3,2757.94,0.022894838960030972,0
2011-12-26,2573.0,2594.0,2551.0,2571.0,4164750967,1621461,239,2572.0,2590.0,43.78394474034997,-45.52969386484256,-54.9826747376669,2677.798727263021,2512.801272736979,2595.3,2746.74,0.019305019305019266,0
2011-12-27,2562.0,2580.0,2530.0,2567.0,7267652137,2839587,237,2571.0,2550.0,40.03401590710728,-45.62987611772223,-53.112115013677965,2674.7322782935175,2518.867721706483,2596.8,2735.34,0.08352941176470585,1
2011-12-28,2552.0,2600.0,2550.0,2564.0,10805361523,4217177,287,2567.0,2550.0,40.03401590710729,-45.188367898551405,-51.52736559065266,2674.1701921577596,2520.1298078422406,2597.15,2724.56,0.10196078431372557,1
2011-12-31,2560.0,2660.0,2549.0,2592.0,43330424544,16715394,1038,2564.0,2630.0,49.97242658935087,-37.94572336332021,-48.81103714518617,2677.0430915908873,2520.3569084091123,2598.7,2717.16,0.049429657794676896,0
2012-01-01,2695.0,2695.0,2620.0,2675.0,25721360270,9616994,929,2592.0,2636.0,50.63326056669889,-31.360224387132803,-45.320874593575496,2680.8913396018684,2522.708660398132,2601.8,2709.3,0.06221547799696503,1
2012-01-02,2650.0,2680.0,2600.0,2657.0,8721075331,3311272,365,2675.0,2640.0,51.097040012956036,-25.524175623599604,-41.36153479958032,2684.782830992218,2523.3171690077825,2604.05,2701.66,0.09659090909090917,1
2012-01-03,2655.0,2763.0,2653.0,2741.0,29001185891,10579032,1014,2657.0,2763.0,62.700955634966455,-10.848933137941003,-35.259014467252456,2710.6729680806116,2506.1270319193886,2608.4,2696.34,0.04234527687296419,0
2012-01-04,2751.0,2849.0,2751.0,2819.0,37900031896,13446272,1381,2741.0,2810.0,66.01900565090224,4.521686281169423,-27.302874317568083,2741.953104283305,2485.046895716695,2613.5,2693.54,0.033096085409252574,0
2012-01-07,2812.0,2850.0,2740.0,2813.0,13942834759,4963725,524,2819.0,2760.0,59.91292449566722,12.524061196072125,-19.337487214840046,2763.4196639238057,2476.5803360761943,2620.0,2689.94,0.0945652173913043,1
2012-01-08,2780.0,2840.0,2750.0,2806.0,12696335404,4531668,390,2813.0,2800.0,62.87145589906153,21.84188699896049,-11.101612372079938,2793.0131553450565,2467.086844654944,2630.05,2688.3,0.10000000000000009,1
2012-01-09,2800.0,2918.0,2781.0,2903.0,42667136799,14696789,1215,2806.0,2895.0,68.76711323072172,36.471615055365874,-1.5869668865907762,2843.6613587402453,2445.938641259755,2644.8,2687.4,0.036614853195164,0
2012-01-10,2921.0,2970.0,2880.0,2911.0,11052896271,3787001,567,2903.0,2880.0,66.9591622055689,46.32144056901325,7.994714604530029,2880.865239239497,2438.7347607605034,2659.8,2687.16,0.05798611111111107,1
2012-01-11,2866.0,2930.0,2860.0,2905.0,16010276560,5516236,455,2911.0,2903.0,68.33390556726508,55.34541850057167,17.464855383738357,2918.054100766165,2430.945899233835,2674.5,2687.62,0.04822597313124355,0
2012-01-15,2914.0,3021.0,2914.0,3011.0,50962604062,16926605,1149,2905.0,3021.0,74.25278722819154,71.19787507372348,28.211459321735383,2977.878004309264,2417.2219956907365,2697.55,2690.44,-0.00860642171466397,0
2012-01-16,3069.0,3126.0,3060.0,3095.0,33526882893,10833343,950,3011.0,3080.0,76.60719726604748,87.51307181822949,40.07178182103421,3043.8037604238207,2397.596239576179,2720.7,2694.64,-0.037987012987013014,0
2012-01-17,3073.0,3099.0,2981.0,3007.0,24326923627,8089455,695,3095.0,3001.0,67.68259912517524,92.99633910445846,50.65669327771906,3080.125530716579,2402.9744692834215,2741.55,2697.0,0.012995668110629799,0
2012-01-18,2981.0,3078.0,2917.0,3035.0,21733641428,7154924,627,3007.0,3047.0,69.8827375850666,99.90207456683811,60.505769535542875,3120.4573252123964,2407.8426747876038,2764.15,2701.14,-0.024614374794880156,0
2012-01-21,3059.0,3100.0,3024.0,3046.0,10117956168,3306164,339,3035.0,3043.0,69.44003671829734,103.85497756936502,69.1756111423073,3153.9341115838024,2418.665888416198,2786.3,2706.2,-0.01807426881367069,0
2012-01-23,3015.0,3057.0,2950.0,2981.0,25305111839,8487884,693,3046.0,2995.0,64.18540058363432,101.93938900930107,75.72836671570606,3170.099706126296,2447.0002938737043,2808.55,2711.1,0.01836393989983298,0
2012-01-25,2990.0,3005.0,2950.0,2964.0,24395612703,8230350,626,2981.0,2963.0,60.878002108313574,96.72416276982858,79.92752592653056,3178.9569779995977,2476.743022000402,2827.85,2716.36,0.029362132973337784,0
2012-01-28,3050.0,3079.0,3000.0,3012.0,16807003994,5544880,551,2964.0,3040.0,65.48654967295846,97.67833978710951,83.47768869864636,3195.224049473151,2505.475950526849,2850.35,2720.76,-0.016447368421052655,0
2012-01-29,3021.0,3021.0,2961.0,3004.0,9357704881,3126717,327,3012.0,2972.0,58.88903509992201,91.88826947543976,85.15980485400505,3190.941768282077,2551.9582317179224,2871.45,2724.6,-0.01379542395693134,0
2012-01-30,2999.0,3001.0,2980.0,2999.0,6414668407,2147290,272,3004.0,2988.0,59.9124081373851,87.58108311187561,85.64406050557916,3180.068171729676,2606.6318282703237,2893.35,2729.48,-0.024431057563587655,0
2012-01-31,3040.0,3118.0,3000.0,3074.0,34976551254,11378325,1059,2999.0,3050.0,63.684834085100334,88.15430082575722,86.14610856961478,3181.7083924248636,2646.991607575136,2914.35,2735.48,-0.05836065573770488,0
2012-02-01,3096.0,3096.0,3020.0,3063.0,9110640279,2991414,397,3074.0,3050.0,63.684834085100334,87.59879560642503,86.43664597697683,3175.780118597584,2694.3198814024163,2935.05,2741.0,-0.0360655737704918,0
2012-02-04,3030.0,3050.0,2988.0,3030.0,14839246181,4928093,513,3063.0,2990.0,57.60109699872683,81.37896906015112,85.4251105936117,3152.3473723551097,2752.7526276448907,2952.55,2745.4,-0.03411371237458194,0
2012-02-05,2981.0,2981.0,2912.0,2982.0,11618036568,3956316,384,3030.0,2931.0,52.30934876453535,70.8719372183682,82.51447591856301,3141.3489744982103,2780.5510255017894,2960.95,2749.02,-0.022517911975434957,0
2012-02-06,2921.0,2940.0,2881.0,2960.0,7778773692,2665044,388,2982.0,2915.0,50.94255865466352,60.55592153357111,78.12276504156463,3134.4219961836316,2797.978003816368,2966.2,2752.66,-0.04288164665523153,0
2012-02-07,2900.0,2900.0,2871.0,2930.0,8456977152,2935415,359,2960.0,2872.0,47.36096575579138,48.353277660483855,72.16886756534848,3118.2385195227184,2825.361480477282,2971.8,2757.14,-0.007660167130919215,0
2012-02-08,2880.0,2945.0,2860.0,2920.0,6408071332,2213881,336,2930.0,2940.0,52.98973339343736,43.66626861278928,66.46834777483664,3103.489374046089,2854.1106259539115,2978.8,2764.22,-0.0731292517006803,0
2012-02-12,2920.0,2938.0,2872.0,2913.0,8384626585,2890894,300,2920.0,2888.0,48.70106033817604,35.34834108410769,60.24434643669086,3104.113797491582,2852.786202508418,2978.45,2770.18,-0.0650969529085873,0
2012-02-13,2899.0,2900.0,2863.0,2906.0,4953237333,1720149,253,2913.0,2865.0,46.89325862503697,26.593858364096832,53.51424882217206,3105.859431958812,2849.5405680411877,2977.7,2777.08,-0.0680628272251309,0
2012-02-14,2860.0,2875.0,2790.0,2822.0,16881453554,6033069,480,2906.0,2790.0,41.48539515550297,13.448963260223536,45.501191709782354,3121.1385307460155,2822.961469253985,2972.05,2782.02,-0.027956989247311825,0
2012-02-15,2789.0,2850.0,2730.0,2808.0,7920806415,2845153,296,2822.0,2850.0,46.77369746643941,7.7833165177567025,37.957616671377224,3119.816985641375,2807.183014358625,2963.5,2787.04,-0.01824561403508773,0
2012-02-21,2768.0,2768.0,2661.0,2722.0,3102338666,1139903,92,2808.0,2725.0,38.888438685521514,-6.715789237940044,29.02293548951377,3124.1785571314367,2767.3214428685633,2945.75,2790.06,0.03596330275229365,0
2012-02-22,2700.0,2711.0,2650.0,2683.0,16129091386,6036765,515,2722.0,2700.0,37.525866084276124,-19.993256263196145,19.21969713897179,3136.60978607149,2724.7902139285097,2930.7,2792.16,0.04555555555555557,0
2012-02-25,2686.0,2690.0,2656.0,2677.0,6520021385,2446661,245,2683.0,2670.0,35.90030529167994,-32.561149160325385,8.863527879112354,3139.589566171553,2684.1104338284467,2911.85,2792.04,0.06704119850187262,1
2012-02-26,2650.0,2748.0,2649.0,2691.0,6748632377,2481181,325,2677.0,2712.0,39.830054444697204,-38.6862943172182,-0.6464365601537567,3130.49702379071,2660.1029762092903,2895.3,2792.12,0.0471976401179941,0
2012-02-27,2749.0,2798.0,2744.0,2715.0,5178175144,1856445,242,2691.0,2798.0,46.99567810094918,-36.18392890661016,-7.753935029445039,3119.618721224693,2651.2812787753064,2885.45,2795.48,0.00786275911365264,0
2012-02-28,2823.0,2823.0,2817.0,2823.0,23758649883,8417061,397,2715.0,2823.0,48.90076595234977,-31.8167317455177,-12.566494372659573,3111.293702942571,2645.6062970574285,2878.45,2799.96,-0.017711654268508625,0
2012-02-29,2850.0,2898.0,2818.0,2827.0,165736636099,58628939,600,2823.0,2823.0,48.90076595234977,-28.03255469058149,-15.659706436243958,3089.276701527266,2645.9232984727337,2867.6,2804.42,0.02125398512221044,0
2012-03-03,2833.0,2895.0,2833.0,2836.0,7534674851,2639996,310,2827.0,2849.0,51.02396192004431,-22.674210220866826,-17.06260719316853,3077.9646415372613,2644.9353584627383,2861.45,2809.8,0.02141102141102147,0
2012-03-04,2869.0,2869.0,2802.0,2836.0,3252081312,1146898,233,2836.0,2840.0,50.24569531463225,-18.93563024920013,-17.437211804374854,3062.7329892444736,2645.3670107555267,2854.05,2814.42,0.04225352112676051,0
2012-03-05,2821.0,2868.0,2783.0,2833.0,3345733985,1188235,234,2836.0,2820.0,48.476178226010205,-17.386194314142813,-17.427008306328446,3031.1559118904006,2653.9440881095998,2842.55,2819.62,0.0202127659574467,0
2012-03-06,2800.0,2830.0,2772.0,2823.0,7005623981,2500465,238,2833.0,2773.0,44.509213268559336,-19.723403261728436,-17.886287297408444,2993.518809606215,2663.8811903937844,2828.7,2822.74,0.05301117922827259,1
2012-03-07,2850.0,2934.0,2850.0,2860.0,10512008873,3621107,414,2823.0,2883.0,53.9975567773179,-12.554852969817603,-16.82000043189028,2973.139552372687,2673.560447627313,2823.35,2828.72,0.026708289975719834,0
2012-03-10,2916.0,2918.0,2850.0,2872.0,7571970038,2615698,305,2860.0,2910.0,55.986889128008436,-4.64154601211203,-14.38430954793463,2969.3253039446276,2675.2746960553727,2822.3,2835.02,0.013402061855670055,0
2012-03-11,2886.0,2986.0,2886.0,2968.0,30775099055,10368043,904,2872.0,2960.0,59.48129189580612,5.599837456314162,-10.387480147084872,2978.399894377637,2670.7001056223635,2824.55,2842.22,0.013513513513513598,0
2012-03-12,2970.0,2970.0,2850.0,2915.0,15940410962,5509282,383,2968.0,2877.0,52.088246039123995,6.938814960565196,-6.922221125554859,2978.973408861613,2670.6265911383875,2824.8,2848.76,0.0726451164407369,1
2012-03-13,2804.0,2937.0,2799.0,2890.0,8640733703,3031055,281,2915.0,2920.0,55.1952520439876,11.338996025598135,-3.2699776953242603,2975.206208591359,2672.3937914086414,2823.8,2855.62,0.06404109589041096,1
2012-03-14,2919.0,2998.0,2919.0,2912.0,7449017319,2518664,272,2890.0,2960.0,57.92841257640086,17.848095195916358,0.9536368829238633,2987.892242803227,2666.907757196773,2827.4,2863.02,0.04391891891891886,0
2012-03-17,2945.0,2965.0,2926.0,2942.0,18357875429,6225480,309,2912.0,2949.0,56.90045726264709,21.866926794360097,5.136294865211111,3000.0095009196625,2663.1904990803373,2831.6,2871.0,0.06476771787046465,1
2012-03-18,2931.0,3009.0,2931.0,2968.0,13210021528,4421421,335,2942.0,3000.0,60.40836542476789,28.83476435104012,9.875988762376913,3024.435843980303,2659.7641560196967,2842.1,2880.0,0.04833333333333334,0
2012-03-24,3000.0,3086.0,3000.0,2988.0,4200884419,1362977,125,2968.0,3086.0,65.50664808589477,40.82569389714536,16.065929789330603,3065.0264076329845,2642.7735923670157,2853.9,2889.12,-0.01166558651976668,0
2012-03-25,3107.0,3107.0,3015.0,3100.0,63915083881,20618237,838,2988.0,3107.0,66.63643981767686,51.43026042019437,23.13879591550336,3102.355619072236,2643.644380927764,2873.0,2898.54,-0.032829095590601876,0
2012-03-26,3107.0,3107.0,3000.0,3081.0,13403737742,4372115,352,3100.0,3090.0,64.78648251862606,57.7964562952875,30.07032799146019,3125.9844748586256,2659.0155251413744,2892.5,2907.54,-0.013268608414239491,0
2012-03-27,3082.0,3150.0,3082.0,3110.0,14280711543,4562281,383,3081.0,3140.0,67.63266431327659,66.11417151029991,37.279096695228134,3149.7862271392555,2682.2137728607445,2916.0,2915.08,-0.03917197452229304,0
2012-03-28,3140.0,3170.0,3100.0,3115.0,7517113079,2403686,268,3110.0,3145.0,67.91197075725427,72.27632250200168,44.27854185658285,3172.0558659675717,2703.2441340324285,2937.65,2921.78,-0.014626391096979385,0
2012-04-02,3090.0,3150.0,3049.0,3109.0,4986215257,1616812,212,3115.0,3050.0,57.72039010733556,68.70220920487918,49.163275326242115,3180.326400354332,2720.173599645668,2950.25,2927.58,0.029180327868852496,0
2012-04-03,3040.0,3050.0,2989.0,3078.0,7343121204,2440265,313,3109.0,3005.0,53.61587198584568,61.52930324041108,51.636480909075914,3182.878320353387,2735.8216796466127,2959.35,2931.68,0.08119800332778704,1
2012-04-04,2990.0,3075.0,2990.0,3071.0,4130943328,1358733,181,3078.0,3049.0,56.8471010196642,58.718287989157034,53.05284232509214,3188.2351787231983,2753.064821276802,2970.65,2934.76,0.06592325352574613,1
2012-04-07,3005.0,3050.0,3005.0,3061.0,4942875548,1635542,184,3071.0,3017.0,53.905951860022945,53.294064781033285,53.10108681628038,3190.0736716579586,2768.026328342042,2979.05,2937.5,0.0967848856479947,1
2012-04-08,3020.0,3140.0,3020.0,3099.0,22265824100,7176831,607,3061.0,3099.0,59.66486815593552,54.978288025026814,53.47652705802967,3199.052650309059,2784.947349690941,2992.0,2941.42,0.09067441110035501,1
2012-04-09,3064.0,3182.0,3064.0,3145.0,25098814174,7980770,661,3099.0,3139.0,62.14915809916602,58.86218614467953,54.553658875359645,3208.59443675319,2807.3055632468095,3007.95,2943.78,0.05829882128066255,1
2012-04-10,3150.0,3270.0,3150.0,3253.0,59284251843,18226526,1723,3145.0,3249.0,67.98825322421013,70.0092608977443,57.644779279836584,3228.150483706136,2835.349516293864,3031.75,2947.16,0.01939058171745156,0
2012-04-11,3251.0,3269.0,3190.0,3247.0,15333293191,4728417,524,3253.0,3250.0,68.03652752135858,78.02466976812002,61.72075737749328,3255.8366277550103,2844.3633722449895,3050.1,2952.14,0.021230769230769164,0
2012-04-14,3185.0,3364.0,3185.0,3310.0,29329053446,8860947,641,3247.0,3309.0,70.8313816141762,88.121931193421,67.00099214067882,3294.138799363117,2845.9612006368834,3070.05,2957.38,-0.0293139921426413,0
2012-04-15,3442.0,3442.0,3365.0,3422.0,68147338265,19915446,1024,3310.0,3380.0,73.800264787459,100.69247013126778,73.73928773879662,3346.4778567423737,2835.6221432576267,3091.05,2964.12,-0.053254437869822535,0
2012-04-16,3355.0,3355.0,3286.0,3301.0,25037077385,7589666,811,3422.0,3322.0,67.7350647604479,104.76690981042111,79.94481215312152,3367.7940863753065,2858.805913624694,3113.3,2970.66,-0.03943407585791692,0
2012-04-17,3301.0,3320.0,3210.0,3295.0,9692063795,2950037,319,3301.0,3312.0,66.71698844907857,105.96748893442509,85.14934750938224,3385.197364235145,2880.602635764855,3132.9,2977.64,-0.02898550724637683,0
2012-04-18,3300.0,3378.0,3300.0,3307.0,8749753479,2626717,290,3295.0,3319.0,67.08987696753988,106.25891145113019,89.37126029773182,3402.470567521816,2899.2294324781838,3150.85,2983.22,-0.05122024706236816,0
2012-04-21,3345.0,3345.0,3185.0,3288.0,10088710727,3095427,324,3307.0,3212.0,56.64327247451961,96.74069363429044,90.84514696504354,3398.990212562142,2929.009787437858,3164.0,2988.02,-0.028642590286425906,0
2012-04-22,3249.0,3249.0,3187.0,3246.0,12451955881,3886332,353,3288.0,3200.0,55.597692926874664,87.2236774685698,90.1208530657488,3396.935865216883,2951.064134783117,3174.0,2992.26,-0.021874999999999978,0
2012-04-23,3200.0,3200.0,3151.0,3219.0,10045173030,3158411,274,3246.0,3191.0,54.78095209846059,78.05537503139749,87.70775745887855,3398.565184152854,2959.934815847146,3179.25,2995.08,-0.02977123158884365,0
2012-04-24,3180.0,3250.0,3170.0,3215.0,8827083406,2752417,291,3219.0,3216.0,56.68445465689833,71.97701414721541,84.56160879654593,3401.9704305698315,2967.429569430168,3184.7,2998.4,-0.03638059701492535,0
2012-04-28,3213.0,3230.0,3149.0,3198.0,10332136015,3255546,280,3215.0,3149.0,50.543740181987864,61.04978537303077,79.8592441118429,3401.2686087399693,2974.031391260031,3187.65,3001.58,-0.028580501746586218,0
2012-04-29,3150.0,3150.0,3071.0,3081.0,47537295079,15428891,689,3198.0,3120.0,48.114136131942466,49.47945188473159,73.78328566642064,3401.336073139363,2971.963926860637,3186.65,3005.36,-0.011217948717948678,0
2012-04-30,3065.0,3134.0,3065.0,3096.0,13186387018,4241001,313,3081.0,3130.0,49.024090873114595,40.64822819008441,67.1562741711534,3401.266571222184,2970.533428777816,3185.9,3009.66,-0.019169329073482455,0
2012-05-01,3102.0,3128.0,3095.0,3108.0,17489464495,5618957,384,3096.0,3096.0,46.06597867111885,30.55369990293775,59.83575931751027,3398.638209458263,2977.7617905417364,3188.2,3014.14,-0.007428940568475428,0
2012-05-02,3060.0,3100.0,3060.0,3081.0,54911647328,17823644,318,3108.0,3099.0,46.373455172945064,22.536007371379128,52.375808928284044,3390.5733669465867,2995.2266330534135,3192.9,3017.32,-0.01903839948370445,0
2012-05-05,3099.0,3099.0,3057.0,3077.0,6887585493,2244806,237,3081.0,3059.0,42.864556079568175,12.806635645840288,44.46197427179529,3389.6604392127965,2997.1395607872037,3193.4,3020.74,-0.03857469761359922,0
2012-05-06,3060.0,3150.0,3060.0,3093.0,12707941010,4089026,254,3077.0,3085.0,45.73858151076591,7.112038018756266,36.99198702118749,3382.8070966388104,3010.79290336119,3196.8,3025.14,-0.04894651539708261,0
2012-05-07,3061.0,3078.0,3057.0,3083.0,8035395180,2622160,238,3093.0,3070.0,44.35244760535959,1.3728286184054923,29.868155340631095,3384.8042424967034,3005.8957575032964,3195.35,3030.74,-0.02931596091205213,0
2012-05-08,3080.0,3080.0,3051.0,3080.0,4486780807,1463239,215,3083.0,3073.0,44.71332332169781,-2.900031494329596,23.31451797363896,3387.5191535767217,2996.5808464232787,3192.05,3035.2,-0.033843150016270696,0
2012-05-09,3071.0,3080.0,3021.0,3063.0,10835992412,3562116,300,3080.0,3040.0,41.52338892477774,-8.847143759358005,16.88218562703957,3385.9197494125324,2977.2802505874674,3181.6,3041.5,-0.03618421052631582,0
2012-05-12,3056.0,3056.0,2941.0,3025.0,8404496668,2840812,282,3063.0,2941.0,33.74542911471302,-21.30317594695134,9.245113312241386,3392.9400130076287,2939.3599869923714,3166.15,3046.32,-0.010540632437946229,0
2012-05-13,2921.0,2987.0,2906.0,2996.0,7420673104,2527098,315,3025.0,2934.0,33.2708761725235,-31.377808846667904,1.1205288804595277,3385.5700233026837,2909.2299766973165,3147.4,3051.6,-0.008179959100204526,0
2012-05-14,2950.0,3000.0,2950.0,2990.0,11108330294,3723028,346,2996.0,2980.0,39.31072589737764,-35.243942214289746,-6.152365338490327,3350.8031333710455,2903.9968666289546,3127.4,3056.96,0.005704697986577134,0
2012-05-15,3000.0,3030.0,2946.0,2984.0,5555343629,1874550,175,2990.0,2969.0,38.41529027658725,-38.74881659388757,-12.671655589569777,3324.4757553252557,2895.0242446747443,3109.75,3060.38,0.013809363422027543,0
2012-05-16,2997.0,2997.0,2930.0,2980.0,2651705505,898559,146,2984.0,2930.0,35.34156085116662,-44.164329950052434,-18.970190461666313,3297.8429294160446,2883.4570705839556,3090.65,3062.52,0.04095563139931735,0
2012-05-19,2950.0,2950.0,2891.0,2971.0,2670011919,919369,182,2980.0,2910.0,33.84595102689377,-49.499397907731236,-25.076031950879297,3263.472450183678,2876.9275498163215,3070.2,3064.26,0.008247422680412342,0
2012-05-20,2910.0,2940.0,2890.0,2962.0,3355684878,1152206,203,2971.0,2910.0,33.84595102689377,-53.115198753117966,-30.683865311327033,3248.887409291736,2861.312590708264,3055.1,3065.48,0.016494845360824684,0
2012-05-21,2920.0,2997.0,2900.0,2962.0,3015850807,1018577,228,2962.0,2997.0,45.48477314093394,-48.40261880288608,-34.227616009638844,3228.300456776096,2861.5995432239038,3044.95,3068.62,-0.03570236903570234,0
2012-05-22,3000.0,3040.0,2999.0,2975.0,5620462603,1863177,283,2962.0,3010.0,46.985682809901036,-43.121792701675076,-36.00645134804609,3206.9788122474647,2864.8211877525355,3035.9,3072.42,-0.039867109634551534,0
2012-05-23,3047.0,3080.0,3041.0,2992.0,4781462658,1561740,275,2975.0,3050.0,51.41783737600872,-35.30209370270131,-35.86557981897714,3177.749791874659,2877.450208125341,3027.6,3077.96,-0.058032786885245935,0
2012-05-26,3000.0,3000.0,2897.0,2979.0,4414228146,1508696,241,2992.0,2934.0,40.77226057034651,-38.02680709435799,-36.29782527405331,3161.3744270011257,2872.325572998874,3016.85,3078.98,-0.02862985685071573,0
2012-05-27,2944.0,2968.0,2932.0,2975.0,3646697283,1235516,171,2979.0,2958.0,43.384015314557445,-37.8136702121019,-36.600994261663025,3147.276351283804,2870.223648716196,3008.75,3079.94,-0.03989181879648407,0
2012-05-28,2950.0,2960.0,2889.0,2954.0,7074087470,2432036,291,2975.0,2890.0,38.23890138442602,-42.640259034127666,-37.808847216155954,3132.7409923487735,2860.7590076512265,2996.75,3078.54,-0.02076124567474047,0
2012-05-29,2900.0,2906.0,2888.0,2943.0,4010004652,1386920,202,2954.0,2890.0,38.23890138442602,-45.93584561509806,-39.434246895944376,3122.016183098899,2850.8838169011005,2986.45,3078.8,-0.03667820069204153,0
2012-05-30,2885.0,2901.0,2873.0,2929.0,5986891714,2069932,240,2943.0,2873.0,36.96774895197527,-49.35049782964688,-41.41749708268488,3108.971186663415,2841.328813336585,2975.15,3077.86,-0.03167420814479638,0
2012-06-02,2890.0,2890.0,2850.0,2917.0,3903245240,1363244,205,2929.0,2850.0,35.25994709731316,-53.29815414782979,-43.79362849571386,3103.2555484273535,2826.144451572646,2964.7,3075.66,0.0056140350877194045,0
2012-06-05,2856.0,2870.0,2810.0,2909.0,2099385596,740828,176,2917.0,2840.0,34.51339687776483,-56.581381700277234,-46.351179136626534,3089.61045348425,2815.28954651575,2952.45,3073.48,-0.017253521126760596,0
2012-06-06,2830.0,2839.0,2820.0,2899.0,2574358356,910940,172,2909.0,2830.0,33.74398580121796,-59.30662970632238,-48.9422692505657,3076.3624350455293,2804.5375649544703,2940.45,3070.08,0.0017667844522968323,0
2012-06-09,2822.0,2822.0,2784.0,2887.0,2361727878,845467,137,2899.0,2784.0,30.388033077508027,-64.43545216454777,-52.04090583336212,3063.9072151847236,2788.0927848152764,2926.0,3064.04,0.005747126436781658,0
2012-06-10,2772.0,2820.0,2772.0,2837.0,11433562359,4094499,372,2887.0,2782.0,30.247181661779635,-67.87899737068392,-55.20852414082648,3054.17005351954,2772.02994648046,2913.1,3057.54,-0.0017972681524083267,0
2012-06-11,2828.0,2870.0,2820.0,2838.0,137255814016,48365061,295,2837.0,2866.0,42.33631096563042,-63.10252712055444,-56.78732473677208,3051.239076394224,2767.460923605776,2909.35,3053.06,-0.03000697836706212,0
2012-06-12,2860.0,2860.0,2791.0,2835.0,2544016956,904313,171,2838.0,2791.0,36.28884933891218,-64.62406721380921,-58.35467323217951,3052.5590369748556,2751.840963025144,2902.2,3046.08,-0.029380150483697576,0
2012-06-13,2800.0,2850.0,2792.0,2839.0,29624806875,10435084,178,2835.0,2835.0,41.56268350838971,-61.56972891406531,-58.997684368556676,3043.5776892103427,2746.322310789657,2894.95,3039.88,-0.05784832451499122,0
2012-06-16,2830.0,2835.0,2796.0,2835.0,3212251884,1141973,179,2839.0,2800.0,38.81060105822205,-61.26710228134152,-59.451567951113645,3036.536662186302,2736.463337813698,2886.5,3034.88,-0.0485714285714286,0
2012-06-17,2800.0,2810.0,2755.0,2825.0,3327435534,1200357,216,2835.0,2777.0,37.07334395453889,-62.16655888212699,-59.99456613731632,3034.723378099041,2722.976621900959,2878.85,3030.32,-0.07850198055455526,0
2012-06-19,2757.0,2800.0,2757.0,2821.0,2751903490,985160,117,2825.0,2780.0,37.46653563400028,-61.92349429434216,-60.38035176872149,3033.246581691491,2711.453418308509,2872.35,3024.94,-0.09172661870503596,0
2012-06-20,2790.0,2790.0,2709.0,2782.0,7639215039,2814069,331,2821.0,2709.0,32.31951123572978,-66.69119589315005,-61.64252059360721,3037.0479327488797,2687.5520672511207,2862.3,3018.78,-0.07456626061277227,0
2012-06-23,2671.0,2671.0,2671.0,2775.0,1224413110,458410,37,2782.0,2671.0,29.94817578374918,-72.69790004158222,-63.85359648320221,3028.110955189432,2663.889044810568,2846.0,3010.22,-0.06252339947585173,0
2012-06-24,2664.0,2680.0,2664.0,2665.0,28926524837,10856112,365,2775.0,2664.0,29.518518777949097,-77.1339457414474,-66.50966633485126,3010.94390250433,2646.45609749567,2828.7,3000.72,-0.06681681681681684,0
2012-06-25,2565.0,2660.0,2559.0,2630.0,7235281429,2815592,233,2665.0,2559.0,23.964619449326975,-88.10652917306288,-70.82903890249358,2992.7100965209984,2615.589903479002,2804.15,2986.92,-0.019148104728409554,0
2012-06-26,2525.0,2527.0,2525.0,2611.0,3497732425,1385197,151,2630.0,2525.0,22.48908443845552,-98.41147027563238,-76.34552517712135,2998.3970889416264,2569.0029110583732,2783.7,2972.42,-0.00990099009900991,0
2012-06-27,2507.0,2508.0,2507.0,2507.0,41083738214,16387602,545,2611.0,2507.0,21.726399764322878,-106.79954127877818,-82.43632839745271,2992.0121016971157,2530.2878983028845,2761.15,2956.38,0.0031910650179496347,0
2012-06-30,2557.0,2597.0,2470.0,2518.0,8651140360,3416489,439,2507.0,2504.0,21.594950280249705,-112.3936192296328,-88.42778656388874,2990.269222283642,2493.4307777163576,2741.85,2938.86,0.0,0
2012-07-01,2525.0,2525.0,2475.0,2512.0,3758364701,1510448,212,2518.0,2486.0,20.78248550751718,-116.93150230532092,-94.12852971217518,2983.9134362621107,2459.3865637378894,2721.65,2922.14,-0.03137570394207567,0
2012-07-02,2520.0,2540.0,2490.0,2527.0,121031318752,47888997,903,2512.0,2510.0,24.842681763643327,-117.23974115601322,-98.75077200094279,2971.5339530731335,2435.4660469268665,2703.5,2906.1,-0.04342629482071714,0
2012-07-03,2530.0,2548.0,2494.0,2515.0,10381580013,4143499,405,2527.0,2500.0,24.284182324947054,-116.94289420249834,-102.38919644125392,2959.143185893427,2412.856814106573,2686.0,2889.72,-0.040000000000000036,0
2012-07-04,2519.0,2528.0,2488.0,2512.0,14093588583,5612272,339,2515.0,2515.0,26.93753234097288,-114.18105805142523,-104.74756876328819,2942.982410229847,2396.517589770153,2669.75,2875.78,-0.042544731610338005,0
2012-07-07,2534.0,2534.0,2495.0,2508.0,9122958664,3644446,263,2512.0,2504.0,26.212101724193516,-111.59351054786202,-106.11675712020295,2925.3907839953617,2381.509216004638,2653.45,2861.86,-0.021166134185303553,0
2012-07-08,2500.0,2500.0,2408.0,2414.0,32054085914,13280468,590,2508.0,2408.0,20.91771612789556,-115.95262848042239,-108.08393139224684,2919.5684269225358,2349.7315730774644,2634.65,2846.2,-0.11544850498338866,0
2012-07-09,2425.0,2425.0,2358.0,2403.0,7029349779,2948542,312,2414.0,2401.0,20.591124329059483,-118.60489890074268,-110.18812489394601,2909.3736543667806,2321.8263456332193,2615.6,2829.9,-0.14827155351936694,0
2012-07-10,2400.0,2450.0,2396.0,2411.0,17370993471,7202207,814,2403.0,2400.0,20.54178243931956,-119.41103784656934,-112.03270748447068,2876.70822772911,2307.89177227089,2592.3,2814.92,-0.16708333333333336,0
2012-07-11,2446.0,2446.0,2400.0,2413.0,14853639581,6154742,417,2411.0,2408.0,22.14899969000591,-118.04364200245527,-113.2348943880676,2853.003729651784,2293.2962703482162,2573.15,2800.68,-0.19393687707641194,0
2012-07-14,2431.0,2459.0,2425.0,2424.0,7316297174,2998011,314,2413.0,2451.0,30.308755101488387,-112.19689435248074,-113.02729438095022,2811.0775753395856,2296.822424660414,2553.95,2787.1,-0.2186862505099959,0
2012-08-01,2130.0,2135.0,2126.0,2130.0,24512723888,11507905,526,2124.0,2130.0,16.448685677955538,-131.94434967683128,-116.81070544012644,2812.792590123326,2228.1074098766735,2520.45,2767.78,-0.09201877934272296,0
2012-08-04,2120.0,2120.0,2045.0,2082.0,10573305511,5138024,316,2130.0,2045.0,14.551137434167217,-152.69299017679987,-123.98716238746113,2818.7423857002664,2148.9576142997335,2483.85,2746.7,-0.006356968215158965,0
2012-08-05,1999.0,2037.0,1999.0,2005.0,14424974615,7216051,339,2082.0,1999.0,13.63444691561341,-170.8784721619395,-133.3654243423568,2812.941603190969,2076.6583968090313,2444.8,2725.5,-0.008504252126062983,0
2012-08-06,1946.0,2058.0,1935.0,1991.0,12485418765,6283112,540,2005.0,1941.0,12.560033460541575,-187.8058045188218,-144.2535003776498,2814.3614687688264,1998.438531231174,2406.4,2702.62,0.04276146316331797,0
2012-08-07,1965.0,1969.0,1912.0,1968.0,4622383907,2410583,263,1991.0,1915.0,12.099734706722444,-201.00179648482572,-155.603159599085,2810.198641302279,1927.001358697721,2368.6,2679.52,0.0830287206266318,1
2012-08-08,1929.0,1954.0,1895.0,1954.0,5781569260,2994028,288,1968.0,1934.0,14.563820134946099,-207.53424835010173,-165.98937734928836,2790.36145375759,1873.8385462424096,2332.1,2656.74,0.09410548086866588,1
2012-08-11,1960.0,2032.0,1960.0,1990.0,8454396712,4183610,446,1954.0,2032.0,26.07486757834596,-202.46953971634275,-173.28540982269925,2769.367892234565,1842.132107765435,2305.75,2636.58,0.04330708661417315,0
2012-08-12,2058.0,2058.0,1951.0,1992.0,3224070511,1612962,285,1990.0,1982.0,24.27762062855973,-200.18272195808277,-178.66487224977595,2751.1904781097705,1806.0095218902293,2278.6,2617.4,0.07013118062563062,1
2012-08-13,2000.0,2029.0,1977.0,1995.0,2246062826,1116079,188,1992.0,2024.0,28.72194215689909,-192.7593436921179,-181.48376653824437,2727.2499471235396,1781.65005287646,2254.45,2599.2,0.048913043478260976,0
2012-08-14,2039.0,2074.0,2032.0,2035.0,8812875360,4261304,251,1995.0,2074.0,33.71003369071572,-180.75801492314667,-181.33861621522485,2697.4370181178615,1768.4629818821381,2232.95,2581.08,0.02555448408871741,0
2012-08-15,2116.0,2116.0,2116.0,2039.0,869024272,410692,43,2035.0,2116.0,37.65671627864159,-165.9449167147145,-178.25987631512277,2666.4541924584582,1762.4458075415412,2214.45,2564.02,0.04914933837429114,0
2012-08-18,2120.0,2120.0,2120.0,2040.0,197251160,93043,11,2039.0,2120.0,38.03509402024162,-152.12901450907975,-173.03370395391417,2627.5017194510083,1762.3982805489916,2194.95,2547.82,0.05613207547169807,1
2012-08-21,2121.0,2121.0,2121.0,2042.0,502456416,236896,11,2040.0,2121.0,38.136181489099904,-139.4911536413142,-166.32519389139418,2586.0575569356383,1765.9424430643617,2176.0,2532.04,0.08769448373408761,1
2012-08-22,2123.0,2123.0,2123.0,2046.0,873060397,411239,16,2042.0,2123.0,38.35279204562396,-127.8405087604001,-158.62825686519537,2536.1211608536255,1776.6788391463747,2156.4,2516.3,0.12105511069241648,1
2012-08-25,2127.0,2127.0,2127.0,2047.0,280285425,131775,10,2046.0,2127.0,38.81422440095486,-116.93655042053433,-150.28991557626316,2482.186895877423,1792.9131041225776,2137.55,2498.9,0.16220028208744708,1
2012-08-26,2210.0,2298.0,2210.0,2232.0,42182857225,18895817,1313,2047.0,2220.0,48.47140912290265,-99.64214943721436,-140.16036234845342,2452.4216608031384,1803.8783391968616,2128.15,2483.1,0.10585585585585577,1
2012-08-27,2229.0,2248.0,2158.0,2219.0,7247089583,3290918,535,2232.0,2239.0,50.200740763191504,-83.44121249088448,-128.81653237693965,2424.1187257841984,1815.981274215802,2120.05,2466.88,0.09423849933005801,1
2012-09-02,2240.0,2307.0,2211.0,2289.0,25056169837,10945411,632,2219.0,2307.0,55.904536082700425,-64.37277229087204,-115.92778035972614,2404.6869855351706,1826.1130144648296,2115.4,2454.34,0.05288253142609456,1
2012-09-03,2345.0,2380.0,2320.0,2377.0,69472965950,29221944,1110,2289.0,2380.0,61.060711588174044,-42.876156495524356,-101.31745558688579,2397.8288216514065,1830.1711783485932,2114.0,2442.78,0.04663865546218493,0
2012-09-04,2400.0,2472.0,2380.0,2459.0,78794821624,32040758,1660,2377.0,2472.0,66.39405488970587,-18.206430086115688,-84.69525048673177,2403.967618015977,1826.1323819840231,2115.05,2434.42,-0.021035598705501646,0
2012-09-05,2500.0,2529.0,2421.0,2471.0,24425308581,9883881,801,2459.0,2455.0,64.63245229808419,-0.026941530753902043,-67.76158869553619,2456.0855292343326,1806.5144707656675,2131.3,2425.72,0.04073319755600813,0
2012-09-08,2457.0,2522.0,2431.0,2482.0,22674187163,9133615,710,2471.0,2450.0,64.09380981800864,13.817694135478632,-51.44573212933322,2501.7924731525645,1801.3075268474356,2151.55,2417.26,0.03959183673469391,0
2012-09-09,2448.0,2478.0,2383.0,2396.0,22742386078,9491040,815,2482.0,2429.0,61.76555614507383,22.831950635968496,-36.59019557627288,2535.765025881234,1810.3349741187662,2173.05,2408.84,0.045697818032111925,0
2012-09-10,2393.0,2491.0,2393.0,2467.0,50300372701,20392385,1003,2396.0,2491.0,65.72430178358509,34.58007808636921,-22.356140843744466,2572.0149243199467,1829.085075680054,2200.55,2401.86,0.007627458851866775,0
2012-09-11,2502.0,2530.0,2420.0,2477.0,17578069900,7093799,617,2467.0,2420.0,58.28228366033019,37.72655881718083,-10.339600911559405,2584.6312138039593,1866.968786196041,2225.8,2393.66,0.020247933884297575,0
2012-09-15,2500.0,2576.0,2481.0,2559.0,29723937260,11617227,969,2477.0,2555.0,66.1343544152603,50.531048747962814,1.8345290203450393,2616.778479006624,1896.921520993376,2256.85,2389.08,0.019960861056751433,0
2012-09-16,2557.0,2600.0,2490.0,2546.0,9210909996,3638600,424,2559.0,2547.0,65.34939687936775,59.349027482929614,13.337428712861955,2648.143649924357,1917.056350075643,2282.6,2384.38,0.052218296034550526,1
2012-09-17,2500.0,2598.0,2500.0,2556.0,14655155666,5726483,498,2546.0,2540.0,64.62658877387865,65.02295352903775,23.674533676097116,2665.0241881734164,1955.9758118265836,2310.5,2377.86,0.051181102362204633,1
2012-09-18,2550.0,2590.0,2500.0,2542.0,10894877078,4304599,461,2556.0,2510.0,61.48768865542047,66.33417247081434,32.206461435040566,2673.723354167309,1995.876645832691,2334.8,2372.24,0.07211155378486045,1
2012-09-19,2508.0,2549.0,2460.0,2506.0,13221085814,5310293,552,2542.0,2469.0,57.385499209526586,63.33488050245387,38.43214524852323,2675.9646698581423,2033.135330141858,2354.55,2364.92,0.13001215066828675,1
2012-09-22,2470.0,2606.0,2470.0,2597.0,56078314188,21596603,1343,2506.0,2606.0,65.63557625476561,71.19201778647357,44.9841197561133,2698.6913458863196,2059.4086541136808,2379.05,2361.04,0.11243284727551806,1
2012-09-23,2690.0,2700.0,2586.0,2657.0,46250261924,17403845,1158,2597.0,2680.0,69.11382446523795,82.43972343308178,52.475240491506995,2729.1173687289925,2084.982631271008,2407.05,2359.1,0.09179104477611943,1
2012-09-24,2621.0,2700.0,2588.0,2648.0,17747892881,6704904,617,2657.0,2670.0,68.11055205656085,89.51482360141517,59.883157113488636,2747.8320921961486,2121.1679078038514,2434.5,2356.9,0.0715355805243445,1
2012-09-25,2651.0,2729.0,2642.0,2683.0,46465455988,17317124,1130,2648.0,2691.0,69.12417513482076,95.71309497430957,67.04914468565283,2760.730085787207,2165.0699142127933,2462.9,2356.54,0.11445559271646233,1
2012-09-26,2735.0,2790.0,2730.0,2788.0,49962970456,17921694,783,2683.0,2790.0,73.4143700833477,107.37597887074435,75.11451152267114,2784.390406464328,2207.7095935356724,2496.05,2358.92,0.06594982078853051,1
2012-09-29,2899.0,2899.0,2862.0,2899.0,72155109635,24890309,991,2788.0,2899.0,77.17488577063358,123.98506478537865,84.88862217521265,2839.4556511036963,2220.5443488963037,2530.0,2363.62,0.0341497067954466,0
2012-09-30,3014.0,3014.0,2862.0,2980.0,95898238038,32184553,1896,2899.0,2926.0,78.00483149674027,137.73879232778017,95.45865620572616,2889.1116202694084,2239.5883797305914,2564.35,2370.96,0.05946684894053322,1
2012-10-01,2930.0,2980.0,2861.0,2907.0,41437227697,14254058,989,2980.0,2861.0,71.284847569698,141.7596467575504,104.71885431609101,2918.78443344712,2265.3155665528802,2592.05,2377.68,0.1135966445298846,1
2012-10-02,2851.0,3020.0,2799.0,2915.0,85890700615,29467609,1855,2907.0,2999.0,76.0101051620696,154.30294129075992,114.6356717110248,2979.4441050150913,2266.5558949849087,2623.0,2387.52,0.043681227075691886,0
2012-10-03,3031.0,3031.0,2971.0,3029.0,134381824250,44360056,1523,2915.0,2974.0,73.64577667542187,160.37756873084436,123.78405111498873,3028.3793183963708,2267.820681603629,2648.1,2396.92,0.027236045729656988,0
2012-10-06,3020.0,3069.0,2960.0,3012.0,45245567071,15023088,1013,3029.0,2998.0,74.46687720411225,165.22375753739698,132.0719923994704,3073.612084039141,2276.887915960859,2675.25,2407.16,-0.020013342228152098,0
2012-10-07,3030.0,3132.0,3016.0,3084.0,80894368280,26233023,1956,3012.0,3100.0,77.65349085935185,175.2744894224461,140.71249180406554,3132.4879780523593,2283.0120219476407,2707.75,2418.96,-0.011290322580645107,0
2012-10-08,3130.0,3197.0,3110.0,3166.0,44893962229,14179511,1077,3084.0,3186.0,79.92805364535403,188.0119632421006,150.17238609167254,3198.23247784489,2292.9675221551097,2745.6,2432.68,-0.026993094789704908,0
2012-10-09,3233.0,3245.0,3112.0,3173.0,30974012188,9762991,1061,3166.0,3130.0,74.60305946715378,191.38164257952667,158.41423738924337,3243.791772045367,2311.3082279546334,2777.55,2444.98,-0.005111821086261958,0
2012-10-10,3101.0,3101.0,3047.0,3060.0,46993487969,15357552,1276,3173.0,3055.0,68.06290094424077,185.8578113757494,163.90295218654458,3260.0509733766557,2358.5490266233446,2809.3,2456.0,0.06939443535188206,1
2012-10-13,3039.0,3039.0,2938.0,2976.0,19432650546,6563929,681,3060.0,2938.0,59.32549893859457,170.07865232577296,165.13809221439027,3266.729123390565,2390.170876609435,2828.45,2466.6,0.2712729748127978,1
2012-10-14,2911.0,3090.0,2883.0,3016.0,52828080823,17517899,1368,2976.0,3065.0,64.63281444448114,165.90889919743495,165.29225361099924,3284.179861689484,2424.520138310516,2854.35,2479.88,0.20424143556280594,1
2012-10-15,3086.0,3136.0,3076.0,3126.0,60251641290,19274999,1342,3016.0,3100.0,65.95137844039155,163.54332168437895,164.9424672256752,3299.391137059643,2465.308862940357,2882.35,2493.88,0.2225806451612904,1
2012-10-16,3100.0,3200.0,3091.0,3156.0,52955409617,16780143,1486,3126.0,3114.0,66.48955598016029,160.94301654811716,164.1425770901636,3304.058096978848,2521.0419030211524,2912.55,2508.0,0.2276814386640975,1
2012-10-17,3123.0,3280.0,3101.0,3190.0,93737983885,29384570,2086,3156.0,3267.0,71.74561233180385,169.27676019864566,165.16941371186002,3316.7166468399178,2588.183353160082,2952.45,2524.32,0.14906642179369456,1
2012-10-22,3781.0,3820.0,3691.0,3746.0,296279734565,79095495,4875,3190.0,3735.0,81.3708575059646,211.21029997955975,174.37759096539997,3476.2490772431197,2541.5509227568805,3008.9,2556.42,-0.008835341365461824,0
2012-10-23,3740.0,3790.0,3621.0,3706.0,98059925037,26462618,2341,3746.0,3691.0,78.65779876826117,238.1472864178304,187.13153005588606,3588.232554553375,2530.6674454466247,3059.45,2589.34,-0.008398807911135231,0
2012-10-24,3676.0,3848.0,3670.0,3752.0,112488307984,29981039,2639,3706.0,3790.0,80.2531466702834,264.43526967951993,202.59227798061283,3701.5160287032436,2529.383971296756,3115.45,2625.16,-0.05013192612137207,0
2012-10-27,3802.0,3894.0,3792.0,3852.0,81080186410,21047064,2084,3752.0,3823.0,80.76917962247609,284.65023924717434,219.00387023392517,3800.3437131628725,2543.756286837128,3172.05,2662.8,-0.0714098875228878,0
2012-10-28,3859.0,3859.0,3738.0,3774.0,58429496193,15481359,1598,3852.0,3754.0,76.28055572544216,291.7400274925194,233.55110168564403,3871.403399745396,2569.096600254604,3220.25,2699.58,-0.08470964304741613,0
2012-10-29,3745.0,3750.0,3670.0,3707.0,64481961068,17394623,1614,3774.0,3702.0,72.98854538766759,289.82188406659316,244.80525816183388,3926.2295277321264,2594.570472267874,3260.4,2734.94,-0.04754186925985948,0
2012-10-30,3683.0,3790.0,3640.0,3698.0,92343228884,24970059,1908,3707.0,3660.0,70.34778849913148,281.6658242990825,252.1773713892836,3966.0639452167698,2628.13605478323,3297.1,2767.5,-0.0035519125683060038,0
2012-10-31,3639.0,3640.0,3555.0,3593.0,80129201842,22302046,1835,3698.0,3600.0,66.63854080934063,267.27955725275297,255.19780856197747,3983.9458301143222,2684.154169885678,3334.05,2799.86,-0.011388888888888893,0
2012-11-04,3590.0,3649.0,3520.0,3579.0,44995770113,12572818,999,3593.0,3550.0,63.62771817813769,248.9737405383612,253.95299495725422,3998.9411645264904,2724.2588354735094,3361.6,2830.38,-0.019718309859154903,0
2012-11-05,3520.0,3520.0,3436.0,3438.0,75059710748,21829919,1696,3579.0,3436.0,57.273884229426905,222.70025176738864,247.70244631928114,3997.1782771657963,2772.2217228342033,3384.7,2857.62,0.012805587892898762,0
2012-11-06,3410.0,3560.0,3410.0,3507.0,45113603029,12865310,1211,3438.0,3526.0,60.617491272391625,206.75720214036028,239.513397483497,3999.6809714898886,2822.519028510111,3411.1,2885.82,0.0011344299489506326,0
2012-11-07,3599.0,3647.0,3550.0,3616.0,87228568419,24120300,2131,3507.0,3647.0,64.62559130361277,201.56242306345348,231.9232025994883,4017.422011413315,2859.4779885866847,3438.45,2916.36,-0.015903482314230888,0
2012-11-10,3650.0,3650.0,3530.0,3582.0,33662616757,9398520,979,3616.0,3559.0,59.85453827080446,188.17548876600858,223.17365983279234,4026.2902669582286,2887.9097330417712,3457.1,2945.12,-0.021916268614779466,0
2012-11-11,3566.0,3581.0,3470.0,3536.0,15707227356,4484830,700,3582.0,3480.0,55.86709166941671,169.24070561255712,212.3870689887453,4023.652420083892,2925.5475799161077,3474.6,2972.26,-0.004022988505747116,0
2012-11-12,3479.0,3539.0,3400.0,3487.0,23022789661,6618830,782,3536.0,3480.0,55.86709166941671,152.47709253663288,200.40507369832284,4010.0924622685084,2981.6075377314914,3495.85,2999.32,-0.025574712643678166,0
2012-11-13,3480.0,3588.0,3480.0,3541.0,25274582053,7127959,798,3487.0,3530.0,57.924585212952834,141.59418095251476,188.64289514916123,3971.4708403202444,3079.4291596797552,3525.45,3025.52,-0.031161473087818692,0
2012-11-14,3552.0,3670.0,3552.0,3617.0,43701558369,12081923,1169,3541.0,3589.0,60.27787340046247,136.16062707945912,178.14644153522082,3944.834066309885,3158.465933690115,3551.65,3052.52,-0.03872945110058512,0
2012-11-17,3580.0,3580.0,3481.0,3504.0,32583714736,9300002,1072,3617.0,3481.0,54.29185786675917,121.73649652843869,166.86445253386438,3907.364283819914,3234.0357161800857,3570.7,3076.0,0.019821890261419117,0
2012-11-18,3480.0,3520.0,3440.0,3493.0,17795642869,5102913,603,3504.0,3466.0,53.49723070546108,107.85164784569088,155.06189159622969,3857.7090570117775,3318.890942988223,3588.3,3097.72,0.0447201384881708,0
2012-11-19,3485.0,3485.0,3381.0,3413.0,22924240274,6739661,849,3493.0,3391.0,49.589095527700024,89.76122055469841,142.00175738792345,3838.5618773999227,3350.4381226000773,3594.5,3116.1,0.07932763196697135,1
2012-11-20,3380.0,3495.0,3333.0,3399.0,17675928557,5210516,686,3413.0,3420.0,51.07732496072812,76.87827928050547,128.97706176643987,3825.15606729538,3332.34393270462,3578.75,3135.4,0.10058479532163744,1
2012-11-21,3429.0,3500.0,3425.0,3414.0,8730241386,2535256,401,3399.0,3450.0,52.63511814148499,68.30186341861054,116.84202209687402,3813.540920432524,3319.8590795674754,3566.7,3155.4,0.09855072463768111,1
2012-11-26,3500.0,3550.0,3452.0,3482.0,15775066243,4466318,507,3414.0,3550.0,57.49376837192759,68.78128844511866,107.22987536652295,3779.283258503336,3330.1167414966635,3554.7,3177.82,0.06478873239436611,1
2012-11-27,3619.0,3621.0,3582.0,3584.0,20866478980,5766289,393,3482.0,3621.0,60.58521248047775,74.03689166024515,100.59127862526739,3735.680506593364,3353.519493406636,3544.6,3200.42,0.06048053024026512,1
2012-11-28,3640.0,3725.0,3600.0,3689.0,81430694429,22072695,1872,3584.0,3660.0,62.211004846863275,80.42191535687925,96.55740597158977,3714.0182356905125,3365.7817643094877,3539.9,3225.22,0.09480874316939891,1
2012-12-01,3661.0,3798.0,3658.0,3739.0,53557669780,14322958,1265,3689.0,3764.0,66.21326678400055,92.80423403251189,95.8067715837742,3730.2634507851885,3355.7365492148115,3543.0,3249.4,0.08660998937300746,1
2012-12-02,3772.0,3875.0,3741.0,3831.0,88001825557,22968001,1687,3739.0,3790.0,67.1499670979548,103.52195682359161,97.34980863173769,3760.124310087835,3338.875689912165,3549.5,3274.26,0.10765171503957793,1
2012-12-03,3800.0,3831.0,3731.0,3804.0,119543687759,31421963,1434,3831.0,3780.0,66.38761974548407,109.94157488698875,99.8681618827879,3791.2114092604315,3325.7885907395685,3558.5,3299.06,0.12142857142857144,1
2012-12-04,3830.0,3900.0,3820.0,3853.0,92342679739,23964462,1353,3804.0,3840.0,68.68481547898202,118.50461952484193,103.59545341119872,3835.9593124420117,3310.0406875579883,3573.0,3325.66,0.09375,1
2012-12-05,3850.0,4007.0,3850.0,3979.0,130822554092,32876728,1986,3853.0,4007.0,74.00918852481088,137.185014958774,110.31336572071378,3917.46864459062,3285.6313554093804,3601.55,3356.42,0.04467182430746197,0
2012-12-08,4138.0,4138.0,4073.0,4136.0,179343997703,43365928,1691,3979.0,4090.0,76.17715897467515,156.87837303426159,119.62636718342334,4008.16610695103,3251.33389304897,3629.75,3386.1,0.029095354523227313,0
2012-12-09,4099.0,4250.0,4085.0,4150.0,117636786581,28345352,2591,4136.0,4198.0,78.67030908582821,179.13523907022181,131.52814156078304,4109.721087041677,3204.878912958324,3657.3,3416.46,0.043353978084802236,0
2012-12-10,4250.0,4316.0,4210.0,4276.0,99435123349,23252596,1921,4150.0,4239.0,79.54547241838827,197.8021826702452,144.78294978267547,4206.86109240319,3175.73890759681,3691.3,3447.84,0.06322245812691674,1
2012-12-11,4255.0,4299.0,4192.0,4242.0,60912646784,14359720,1530,4276.0,4200.0,76.33695205096797,207.06201389339458,157.2387626048193,4278.158275784225,3176.441724215775,3727.3,3478.02,0.1138095238095238,1
2012-12-12,4189.0,4189.0,4140.0,4170.0,95738632991,22959399,1269,4242.0,4186.0,75.16488503415297,210.8403772289862,167.95908552965267,4335.583559973555,3189.616440026445,3762.6,3505.94,0.12971810797897754,1
2012-12-15,4200.0,4295.0,4190.0,4212.0,40636918359,9648790,891,4170.0,4209.0,75.82167767149308,213.23265189671156,177.01379880306447,4390.463958414825,3202.636041585175,3796.55,3532.14,0.12401995723449755,1
2012-12-16,4230.0,4380.0,4212.0,4334.0,98770033590,22790040,1664,4212.0,4380.0,80.046706282141,226.31796507630588,186.87463205771274,4473.237630343684,3198.962369656316,3836.1,3561.22,0.12831050228310503,1
2012-12-17,4485.0,4507.0,4471.0,4499.0,60772577433,13508635,613,4334.0,4507.0,82.49348891016292,244.12192309363672,198.32409026489756,4565.794988189007,3209.005011810993,3887.4,3594.14,0.13756378966052796,1
2012-12-18,4678.0,4678.0,4603.0,4674.0,307913906133,65878747,3339,4499.0,4678.0,85.13639649544078,268.92990247367015,212.44525270665207,4679.453621222809,3216.546378777191,3948.0,3627.72,0.049380076955964025,0
2012-12-19,4740.0,4859.0,4701.0,4800.0,151287486114,31519409,3075,4674.0,4729.0,85.82378371603741,289.37000138995063,227.83020244331178,4774.547523526509,3255.2524764734912,4014.9,3662.82,0.06576443222668638,1
2012-12-22,4800.0,4800.0,4680.0,4752.0,88482392593,18619565,1818,4800.0,4731.0,85.85141714554715,302.24620422874614,242.71340280039868,4849.641647120505,3311.258352879495,4080.45,3697.48,0.0405833861762841,0
2012-12-23,4810.0,4942.0,4810.0,4931.0,146937019689,29799690,1910,4752.0,4942.0,88.41674180975838,325.72190498018153,259.31510323635524,4954.021457562754,3356.0785424372457,4155.05,3734.32,-0.02468636179684336,0
2012-12-24,5110.0,5128.0,5009.0,5112.0,183560430908,35905689,3651,4931.0,5127.0,90.10992162994084,355.1604522358057,278.48417303624535,5087.835805549778,3379.964194450221,4233.9,3773.14,-0.025746050321825642,0
2012-12-25,5120.0,5150.0,4908.0,4978.0,124853956797,25082051,2421,5112.0,4909.0,76.01011421989588,356.78711515988925,294.14476146097417,5151.903912830739,3444.696087169262,4298.3,3808.72,-0.006926054186188635,0
2012-12-26,4902.0,5177.0,4900.0,5106.0,122098790298,23914038,2532,4978.0,5040.0,78.21597537712972,364.44575858861754,308.2049608865028,5226.447274918535,3508.1527250814656,4367.3,3848.42,-0.04166666666666663,0
2012-12-29,5030.0,5105.0,4902.0,4938.0,101057375250,20466968,2217,5106.0,4923.0,71.86061513149173,356.95955889786455,317.95588048877516,5270.038464646589,3580.4615353534105,4425.25,3888.12,-0.043266301035953636,0
2012-12-30,4897.0,4897.0,4761.0,4803.0,102627314006,21367178,1844,4938.0,4820.0,66.72086043285572,338.8098633122554,322.1266770534712,5285.1530863374655,3668.3469136625345,4476.75,3923.22,-0.010373443983402453,0
2012-12-31,4830.0,4995.0,4830.0,4938.0,62219442329,12600121,1472,4803.0,4995.0,70.57206632722907,334.6890492402008,324.63915149081714,5309.107283532198,3765.8927164678016,4537.5,3961.12,-0.041041041041041004,0
2013-01-01,5000.0,5070.0,4850.0,4953.0,57283192440,11566172,1397,4938.0,4875.0,65.01593689190054,318.0737214146284,323.3260654755794,5303.494740967643,3875.0052590323567,4589.25,3996.34,0.0010256410256410664,0
2013-01-02,4960.0,4960.0,4755.0,4861.0,24731890473,5136607,697,4953.0,4830.0,63.012470868677966,297.84149908502513,318.2291521974686,5299.1012486902755,3961.698751309724,4630.4,4027.6,0.006418219461697738,0
2013-01-06,4813.0,4880.0,4667.0,4727.0,55033781726,11642722,1412,4861.0,4710.0,57.88957061056006,269.0231881534546,308.3879593886658,5282.832345472886,4039.967654527113,4661.4,4047.1,0.07515923566878979,1
2013-01-07,4702.0,4799.0,4680.0,4726.0,46224975846,9781395,1155,4727.0,4770.0,59.65571459266278,248.16527288623092,296.34342208817884,5275.078798111786,4104.921201888214,4690.0,4068.68,0.05031446540880502,1
2013-01-08,4803.0,4848.0,4755.0,4802.0,36000348780,7493763,912,4726.0,4790.0,60.25411521150977,230.59094869810633,283.1929274101643,5265.820909313937,4169.279090686064,4717.55,4088.68,0.04801670146137793,0
2013-01-09,4770.0,4888.0,4763.0,4845.0,44793512273,9244506,775,4802.0,4880.0,62.91945917839606,221.37356138606447,270.8290542053444,5249.2279983080725,4253.872001691928,4751.55,4109.82,-0.006967213114754123,0
2013-01-13,4857.0,4994.0,4850.0,4870.0,108044588123,22185752,1416,4845.0,4861.0,61.97459246715359,210.11351649616245,258.68594666350805,5211.391117015983,4359.208882984018,4785.3,4131.96,-0.03312075704587536,0
2013-01-14,4896.0,5064.0,4881.0,5031.0,132223246337,26280904,2697,4870.0,5064.0,67.57690306171293,215.0908201693601,249.96692136467846,5179.267582133819,4476.8324178661815,4828.05,4159.2,-0.09794628751974721,0
2013-01-15,5119.0,5219.0,5010.0,5126.0,69677154606,13592903,1692,5031.0,5010.0,64.84024608230288,212.23154731879458,242.4198465555017,5152.562269367555,4566.537730632445,4859.55,4186.2,-0.10858283433133731,0
2013-01-16,5040.0,5100.0,4965.0,5047.0,93558614019,18537755,1784,5126.0,5020.0,65.12193218525152,208.37050394791004,235.60997803398337,5137.221903809814,4633.178096190186,4885.2,4214.6,-0.07410358565737052,0
2013-01-19,4870.0,4888.0,4846.0,4849.0,107139055343,22094106,1607,5047.0,4846.0,56.621603984468905,189.09053544994822,226.30608951717633,5128.022183250483,4659.177816749518,4893.6,4240.52,-0.03982666116384648,0
2013-01-20,4721.0,4840.0,4685.0,4743.0,58646969006,12365464,1690,4849.0,4700.0,50.647722179145205,160.18354548202933,213.08158071014694,5130.944702621148,4653.355297378851,4892.15,4265.8,-0.04404255319148931,0
2013-01-21,4760.0,4840.0,4567.0,4652.0,67019198435,14405747,2124,4743.0,4568.0,45.929563580744215,125.1802508293058,195.50131473397872,5153.403043783702,4614.596956216298,4884.0,4286.64,-0.0061295971978984065,0
2013-01-22,4501.0,4549.0,4466.0,4470.0,78726428976,17614126,1215,4652.0,4466.0,42.62518486169886,88.19270942527146,174.03959367223726,5183.594866996872,4536.805133003128,4860.2,4303.02,-0.00582176444245408,0
2013-01-23,4556.0,4648.0,4556.0,4642.0,95720397290,20620367,2174,4470.0,4648.0,49.59367137464481,72.72733984176557,153.77714290614293,5147.793175177897,4524.706824822103,4836.25,4324.8,-0.04905335628227192,0
2013-01-26,4768.0,4790.0,4646.0,4680.0,40163400937,8582727,1020,4642.0,4653.0,49.77415082201168,60.180656095807535,135.05784554407586,5142.920483769513,4503.979516230486,4823.45,4348.26,-0.03932946486137978,0
2013-01-27,4650.0,4650.0,4493.0,4498.0,56134041666,12479283,984,4680.0,4493.0,44.307127319977255,36.90128101170012,115.42653263760072,5130.061015688851,4462.13898431115,4796.1,4368.52,0.04006231916314262,0
2013-01-28,4421.0,4600.0,4421.0,4510.0,33608693219,7451630,888,4498.0,4540.0,46.1772725829989,21.991214709202723,96.73946905192113,5123.302118515146,4430.597881484854,4776.95,4388.72,0.05682819383259918,1
2013-01-30,4542.0,4590.0,4421.0,4487.0,14860894250,3335126,588,4510.0,4440.0,42.87814905537191,2.0817187205320806,77.80791898564333,5133.252797751269,4382.6472022487305,4757.95,4405.74,0.10630630630630633,1
2013-02-02,4491.0,4620.0,4410.0,4500.0,58613805139,13024548,1222,4487.0,4420.0,42.22833524286166,-15.13605413350433,59.2191243618138,5115.398705331765,4343.001294668235,4729.2,4424.52,0.092760180995475,1
2013-02-05,4475.0,4530.0,4400.0,4494.0,8422673966,1881451,368,4500.0,4470.0,44.49310739455677,-24.46466757602775,42.48236597424549,5104.796674862797,4313.103325137203,4708.95,4444.6,0.07158836689038028,1
2013-02-06,4520.0,4673.0,4520.0,4653.0,70690636655,15193953,1125,4494.0,4673.0,52.61506374954041,-15.300878477422884,30.925717083911817,5093.242780119606,4308.957219880394,4701.1,4470.24,0.03680719024181478,0
2013-02-09,4680.0,4800.0,4610.0,4724.0,42799246204,9060396,1037,4653.0,4798.0,56.80621784002448,2.024607323221062,25.145495131773664,5099.911713821906,4311.088286178094,4705.5,4497.8,0.010837849103793262,0
2013-02-11,4806.0,4912.0,4806.0,4887.0,66674362731,13641875,1456,4724.0,4912.0,60.25857913881242,24.66965053086733,25.0503262115924,5116.401139176121,4308.798860823879,4712.6,4527.04,-0.0228013029315961,0
2013-02-12,4990.0,5074.0,4804.0,4896.0,177999912254,36355088,1041,4887.0,4830.0,56.74525482764009,35.589047339925855,27.15807043725909,5120.306494894934,4308.893505105067,4714.6,4552.64,-0.017805383022774346,0
2013-02-13,4800.0,4896.0,4780.0,4849.0,24621082021,5103138,802,4896.0,4790.0,55.05886704670605,40.54767393004295,29.835991135815867,5110.327885085401,4309.8721149145995,4710.1,4576.02,-0.014405010438413357,0
2013-02-16,4825.0,4867.0,4750.0,4822.0,32383050282,6721053,742,4849.0,4845.0,56.95319931481021,48.35802041597617,33.54039699184793,5108.38049313382,4310.21950686618,4709.3,4599.72,-0.042311661506707954,0
2013-02-17,4839.0,4951.0,4792.0,4870.0,49312964567,10126044,946,4822.0,4850.0,57.130110991177624,54.32500959537083,37.69731951255251,5069.550347081566,4327.649652918435,4698.6,4621.44,-0.07979381443298972,0
2013-02-18,4895.0,4945.0,4792.0,4851.0,44565351055,9186536,896,4870.0,4800.0,54.708763069047556,54.392308700646936,41.0363173501714,5034.258287492781,4341.94171250722,4688.1,4641.64,-0.06874999999999998,0
2013-02-19,4835.0,4850.0,4725.0,4776.0,45222328832,9468896,879,4851.0,4744.0,52.048042679164475,49.35794408283709,42.70064269670454,4986.8015839958825,4361.798416004118,4674.3,4660.92,-0.04110455311973016,0
2013-02-20,4750.0,4797.0,4702.0,4730.0,37767355748,7984451,765,4776.0,4721.0,50.95199850617695,43.01639979158517,42.76379411568067,4971.4325802512985,4364.667419748702,4668.05,4678.54,-0.027748358398644313,0
2013-02-23,4700.0,4700.0,4588.0,4648.0,28319522496,6121713,817,4730.0,4640.0,47.18360183031697,31.096199565772622,40.43027520569906,4968.296088185711,4361.80391181429,4665.05,4691.2,-0.06681034482758619,0
2013-02-24,4620.0,4620.0,4463.0,4533.0,45204750140,9972996,893,4648.0,4463.0,40.18882821212762,7.2829805903829765,33.80081628263585,4973.055550629093,4346.544449370907,4659.8,4698.66,-0.0253192919560834,0
2013-02-25,4462.0,4500.0,4360.0,4426.0,100914301440,22799528,856,4533.0,4470.0,40.56409566980513,-10.898692174841017,24.860914591140478,4972.76508756563,4347.23491243437,4660.0,4704.1,-0.03803131991051456,0
2013-02-26,4402.0,4580.0,4402.0,4500.0,23277340428,5130268,759,4426.0,4549.0,44.77529441290316,-18.717396567254582,16.14525235946147,4971.5296833920565,4338.570316607944,4655.05,4710.3,-0.0773796438777753,0
2013-02-27,4600.0,4680.0,4500.0,4510.0,1018276075457,225783985,1288,4500.0,4590.0,46.87890491898178,-21.35920318162789,8.644361251243598,4969.650153422365,4334.149846577634,4651.9,4718.1,-0.09150326797385622,0
2013-03-02,4500.0,4500.0,4330.0,4346.0,80089213836,18428526,1589,4510.0,4330.0,37.201364991205956,-43.92632570648857,-1.869776140302835,4984.88567682073,4302.61432317927,4643.75,4720.98,-0.04018475750577366,0
2013-03-03,4350.0,4450.0,4301.0,4392.0,390783768121,88973628,676,4346.0,4350.0,38.25724567283855,-59.5110932036705,-13.398039552976368,4996.351574147279,4272.148425852721,4634.25,4723.8,0.0034482758620688614,0
2013-03-04,4375.0,4450.0,4282.0,4355.0,28516175196,6558561,725,4392.0,4300.0,36.60042516150161,-75.03179602107775,-25.724790846596647,5008.9823014888025,4245.5176985111975,4627.25,4722.2,-0.013953488372092981,0
2013-03-05,4300.0,4338.0,4181.0,4216.0,37159181057,8812987,1045,4355.0,4197.0,33.392241390224825,-94.55335183504576,-39.49050304428647,5032.819042041445,4199.380957958556,4616.1,4716.0,0.029306647605432445,0
2013-03-06,4202.0,4250.0,4099.0,4158.0,58331599915,14028822,1097,4216.0,4170.0,32.585908882630235,-110.92433314986374,-53.777269065401924,5057.484443205441,4144.71555679456,4601.1,4705.84,0.04628297362110301,0
2013-03-09,4200.0,4298.0,4132.0,4198.0,244132647536,58153600,694,4158.0,4156.0,32.152367547831375,-123.6033147138969,-67.74247819510093,5069.418746482354,4081.0812535176456,4575.25,4694.38,0.02670837343599608,0
2013-03-10,4198.0,4365.0,4171.0,4353.0,157250016713,36123748,1085,4198.0,4365.0,44.10756233548432,-115.45604027302306,-77.28519061068536,5044.767344191308,4062.4326558086927,4553.6,4687.06,-0.03298969072164948,0
2013-03-11,4400.0,4457.0,4200.0,4319.0,13305455735,3116586,590,4353.0,4240.0,39.61187807031208,-117.72861966808705,-85.3738764221657,5000.321142570202,4039.6788574297975,4520.0,4673.02,0.03490566037735854,0
2013-03-12,4240.0,4350.0,4174.0,4299.0,152560950404,35483725,632,4319.0,4320.0,43.57569528839964,-111.78572751700631,-90.65624664113383,4960.211713402128,4028.7882865978713,4494.5,4656.88,0.03472222222222232,0
2013-03-13,4270.0,4467.0,4270.0,4444.0,288674174672,64964663,1011,4299.0,4363.0,45.64105759667115,-102.42550457793095,-93.01009822849326,4921.5454839201075,4024.754516079892,4473.15,4645.96,0.05661242264496913,1
2013-03-16,4380.0,4429.0,4267.0,4267.0,2765194570988,648001016,850,4444.0,4267.0,41.94922942625472,-101.5828740179386,-94.72465338638233,4866.816858615237,4021.683141384763,4444.25,4630.5,0.05460510897586124,1
2013-03-17,4200.0,4260.0,4190.0,4220.0,1675805558962,397108047,437,4267.0,4221.0,40.26840819817056,-103.43456945933576,-96.46663660097302,4802.219876226101,4023.3801237738994,4412.8,4616.46,0.07083629471689168,1
2013-03-18,4250.0,4388.0,4230.0,4299.0,29193369648,6772449,1126,4220.0,4388.0,48.35827869144272,-90.38464914180622,-95.25023910913967,4738.738078715677,4045.6619212843225,4392.2,4607.82,0.03236098450319047,0
2013-03-25,4470.0,4470.0,4470.0,4470.0,50394838110,11274013,315,4299.0,4470.0,51.80956057523019,-72.5890175637769,-90.71799480006712,4688.008965944371,4068.991034055629,4378.5,4597.32,-0.015212527964205802,0
2013-03-26,4648.0,4648.0,4558.0,4634.0,42955967844,9270526,1131,4470.0,4610.0,57.08315121407848,-46.65125473126136,-81.90464678630597,4660.925328804316,4084.974671195683,4372.95,4592.02,-0.05965292841648595,0
2013-03-27,4630.0,4630.0,4490.0,4576.0,23086002164,5078018,815,4634.0,4500.0,52.245406227822365,-34.57293621882036,-72.43830467280885,4633.716670816132,4098.1833291838675,4365.95,4585.42,-0.03644444444444439,0
2013-03-30,4500.0,4535.0,4419.0,4535.0,14763963325,3296359,668,4576.0,4520.0,53.02492134425381,-23.120430988629778,-62.574729935973046,4641.80007325998,4095.79992674002,4368.8,4581.62,-0.04646017699115046,0
2013-03-31,4524.0,4579.0,4500.0,4536.0,11464270963,2525712,457,4535.0,4530.0,53.434211253645,-13.086468987899025,-52.67707774635824,4650.442853846917,4093.157146153083,4371.8,4576.82,-0.04282560706401761,0
2013-04-03,4496.0,4496.0,4360.0,4494.0,11012492272,2499661,557,4536.0,4402.0,47.70467918771217,-15.286795409116166,-45.19902127890983,4631.523379429615,4097.376620570385,4364.45,4569.06,-0.02294411631076787,0
2013-04-06,4421.0,4455.0,4315.0,4432.0,14165179261,3259583,746,4494.0,4335.0,44.98559451381329,-22.18121872592019,-40.5954607683119,4598.026693640692,4105.373306359307,4351.7,4558.16,-0.013379469434832703,0
2013-04-07,4385.0,4385.0,4280.0,4398.0,9541022262,2212861,578,4432.0,4336.0,45.035950413048226,-27.25028293451669,-37.92642520155286,4598.234847249441,4105.765152750559,4352.0,4547.66,-0.012453874538745358,0
2013-04-08,4300.0,4417.0,4280.0,4351.0,20026320050,4635708,795,4398.0,4310.0,43.910565741168696,-32.98530152604326,-36.938200466450944,4596.91618010968,4103.08381989032,4350.0,4532.58,-0.011600928074245953,0
2013-04-09,4300.0,4400.0,4300.0,4347.0,62177656522,14304820,675,4351.0,4336.0,45.38042141034954,-35.02857476412282,-36.556275325985325,4597.754955225456,4105.8450447745445,4351.8,4519.1,-0.026752767527675303,0
2013-04-10,4340.0,4340.0,4277.0,4298.0,39586073368,9209687,828,4347.0,4301.0,43.719503260776975,-39.02226662000703,-37.049473584789666,4593.873806065499,4120.126193934501,4357.0,4504.72,-0.046733317833062116,0
2013-04-13,4260.0,4277.0,4200.0,4222.0,29542284031,7010571,704,4298.0,4277.0,42.56896599928468,-43.62105919518672,-38.363790706869075,4586.584051829679,4138.115948170322,4362.35,4493.34,-0.020341360766892636,0
2013-04-15,4174.0,4340.0,4174.0,4254.0,18204931599,4253015,546,4222.0,4282.0,42.90606610086292,-46.32813532451382,-39.95665963039803,4575.76665794898,4161.53334205102,4368.65,4484.98,0.008640822045772989,0
2013-04-16,4283.0,4310.0,4240.0,4261.0,33183174294,7787362,779,4254.0,4260.0,41.74500747084955,-49.67609371273829,-41.90054644686609,4575.874374925436,4150.925625074563,4363.4,4478.82,0.05258215962441315,1
2013-04-17,4261.0,4265.0,4198.0,4235.0,25600204682,6055000,668,4261.0,4220.0,39.644425764842225,-54.92391189481987,-44.50521953645685,4577.361764041782,4147.438235958217,4362.4,4473.9,0.03578199052132702,0
2013-04-20,4220.0,4220.0,4082.0,4135.0,29133282345,7062357,841,4235.0,4100.0,34.10067222844289,-67.98218640334835,-49.20061290983515,4594.578452992768,4108.2215470072315,4351.4,4462.94,0.07804878048780495,1
2013-04-21,4100.0,4300.0,4068.0,4153.0,23742145087,5708776,789,4135.0,4190.0,40.78834381694317,-70.25881530429342,-53.4122533887268,4595.770848943237,4089.729151056763,4342.75,4453.68,0.050357995226730345,1
2013-04-22,4200.0,4319.0,4200.0,4312.0,35031339091,8124532,564,4153.0,4319.0,48.80755595122983,-60.95123036566838,-54.920048784115124,4596.263750121344,4094.4362498786563,4345.35,4450.2,0.05348460291734192,1
2013-04-23,4470.0,4484.0,4413.0,4481.0,35451644163,7911315,555,4312.0,4484.0,56.85618568690742,-39.801968885370115,-51.89643280436613,4609.534260609892,4107.465739390108,4358.5,4449.08,-0.00535236396074934,0
2013-04-24,4590.0,4590.0,4368.0,4441.0,33907639193,7636381,1239,4481.0,4371.0,50.94838677763027,-31.79269600040334,-47.87568544357357,4608.3939131862535,4106.906086813746,4357.65,4447.7,0.028140013726835944,0
2013-04-27,4371.0,4438.0,4302.0,4411.0,22593378314,5140081,728,4441.0,4420.0,53.21838498408776,-21.24648281701957,-42.54984491826278,4602.3351735035,4107.964826496499,4355.15,4447.7,0.06040723981900453,1
2013-04-28,4401.0,4489.0,4356.0,4409.0,30228384402,6857189,777,4411.0,4401.0,52.209449178994426,-14.257324535828047,-36.89134084177583,4564.004445919266,4125.395554080734,4344.7,4446.32,0.07361963190184051,1
2013-04-29,4420.0,4577.0,4420.0,4514.0,80676277051,17873925,1135,4409.0,4550.0,58.80516534739853,3.267028243291861,-28.859667024762295,4574.522326224143,4119.877673775856,4347.2,4443.86,0.029010989010989086,0
2013-04-30,4573.0,4610.0,4451.0,4496.0,37128833831,8257638,841,4514.0,4460.0,53.96077607288078,9.780215996239349,-21.13169042056197,4563.772858067558,4124.627141932441,4344.2,4437.1,0.03139013452914807,0
2013-05-01,4470.0,4540.0,4470.0,4507.0,44609696334,9898567,971,4496.0,4494.0,55.453761895005144,17.483936133206953,-13.408565109808187,4556.369530541047,4128.430469458952,4342.4,4428.74,0.001335113484646211,0
2013-05-04,4603.0,4687.0,4603.0,4682.0,54968449296,11739782,613,4507.0,4687.0,62.82360211366411,38.71637856378675,-2.983576375089201,4617.437480527642,4095.8625194723572,4356.65,4425.88,-0.018561979944527462,0
2013-05-05,4869.0,4869.0,4560.0,4774.0,108510872508,22727829,1766,4682.0,4725.0,64.08354672374836,57.941609772203265,9.201460854369293,4681.979544027313,4070.320455972687,4376.15,4424.58,-0.041269841269841234,0
2013-05-06,4700.0,4740.0,4613.0,4687.0,47558334169,10147367,970,4774.0,4682.0,61.54184715620422,68.91361018025418,21.14389071954627,4726.197637106491,4060.702362893509,4393.45,4421.32,-0.04933788979068776,0
2013-05-07,4730.0,4730.0,4500.0,4603.0,20707808411,4557204,701,4687.0,4600.0,56.90662469502802,70.18325596798331,30.95176376923368,4750.031554603507,4065.868445396493,4407.95,4416.32,-0.04760869565217396,0
2013-05-08,4552.0,4590.0,4440.0,4502.0,46516409021,10331677,763,4603.0,4500.0,51.784279694536174,62.4009755342322,37.241606122233385,4758.801586892504,4073.4984131074953,4416.15,4410.32,-0.04222222222222227,0
2013-05-11,4451.0,4680.0,4451.0,4632.0,44963822060,9706444,877,4502.0,4600.0,56.04514256994027,63.569833023068895,42.50725150240049,4778.410178370791,4083.7898216292097,4431.1,4407.44,-0.0889130434782609,0
2013-05-12,4770.0,4770.0,4488.0,4636.0,29763755529,6419324,703,4632.0,4530.0,52.54471827160903,58.1771164342872,45.64122448877784,4786.081929565371,4101.418070434629,4443.75,4403.62,-0.050331125827814516,0
2013-05-13,4540.0,4540.0,4451.0,4553.0,18999307869,4236867,496,4636.0,4451.0,48.837486405081194,46.987072195962355,45.910394030214746,4786.3907239884875,4118.009276011512,4452.2,4399.84,-0.03841833295888564,0
2013-05-14,4450.0,4450.0,4371.0,4446.0,20835417213,4758361,661,4553.0,4381.0,45.756903236955935,32.1004327249575,43.1484017691633,4782.538066385349,4133.961933614651,4458.25,4398.2,-0.01620634558320022,0
2013-05-15,4400.0,4550.0,4280.0,4365.0,25236383127,5817939,701,4446.0,4310.0,42.80743430600087,14.40747664112132,37.4002167435549,4775.9987031097635,4149.5012968902365,4462.75,4395.0,-0.002320185614849146,0
2013-05-18,4350.0,4350.0,4191.0,4251.0,21754043472,5185016,564,4365.0,4191.0,38.345944207160656,-9.111591249531557,28.09785514493761,4761.398690918454,4173.201309081546,4467.3,4387.84,0.055833929849677943,1
2013-05-19,4100.0,4340.0,4100.0,4234.0,11030138021,2625777,382,4251.0,4302.0,44.18901469162355,-18.579674739365146,18.76234916807706,4749.403815525117,4196.396184474882,4472.9,4382.08,0.015806601580660162,0
2013-05-20,4299.0,4376.0,4250.0,4243.0,4614709088,1074114,386,4234.0,4280.0,43.31286013779376,-27.540940439498627,9.501691246561922,4752.275772015199,4189.6242279848,4470.95,4381.08,0.004672897196261738,0
2013-05-21,4281.0,4359.0,4200.0,4251.0,10084543288,2361767,453,4243.0,4310.0,44.91673089423497,-31.85485584057824,1.23038182913389,4752.05743606738,4172.44256393262,4462.25,4380.28,0.011600928074245953,0
2013-05-22,4250.0,4310.0,4150.0,4255.0,7693069075,1802244,361,4251.0,4300.0,44.46511659150605,-35.66940658683052,-6.149575854058992,4754.567605526439,4162.83239447356,4458.7,4380.28,0.03488372093023262,0
2013-05-25,4300.0,4425.0,4293.0,4290.0,7528497161,1705624,291,4255.0,4425.0,51.08561709360829,-28.280015785895557,-10.575663840426305,4754.694805533332,4163.205194466667,4458.95,4384.84,0.001129943502824915,0
2013-05-26,4459.0,4459.0,4360.0,4322.0,9344709632,2121155,426,4290.0,4370.0,48.35414941197304,-26.555792044013288,-13.771689481143703,4754.664461380685,4160.1355386193145,4457.4,4388.84,0.02494279176201375,0
2013-05-27,4398.0,4400.0,4193.0,4267.0,24808892741,5838055,726,4322.0,4300.0,45.05246177691722,-30.486319972236743,-17.11461557936231,4746.530833967533,4143.269166032466,4444.9,4391.72,0.03674418604651164,0
2013-05-28,4330.0,4380.0,4260.0,4279.0,8272956021,1916548,366,4267.0,4360.0,48.310403213279024,-28.432046184123465,-19.378101700314545,4743.671558905618,4136.128441094381,4439.9,4391.62,-0.0016055045871559148,0
2013-05-29,4350.0,4450.0,4345.0,4400.0,27086880189,6110450,602,4279.0,4450.0,52.828453786748,-19.31907331669572,-19.36629602359078,4740.508256162129,4134.89174383787,4437.7,4395.82,-0.008988764044943864,0
2013-06-01,4576.0,4576.0,4400.0,4434.0,13645891870,3041062,620,4400.0,4430.0,51.74603043552288,-13.554560975358072,-18.20394901394424,4705.232078599812,4144.467921400189,4424.85,4398.02,0.007223476297968379,0
2013-06-02,4455.0,4550.0,4435.0,4454.0,10246796677,2275233,424,4434.0,4479.0,54.220872732513904,-4.974905312197734,-15.558140273594939,4658.674744794082,4166.425255205919,4412.55,4400.34,0.029024335789238576,0
2013-06-03,4502.0,4509.0,4431.0,4456.0,8137692267,1823223,448,4454.0,4458.0,52.967072483104964,0.12852753286733787,-12.420806712302484,4615.751749059918,4186.948250940082,4401.35,4404.16,0.054733064154329325,1
2013-06-08,4480.0,4480.0,4351.0,4436.0,9672101309,2205806,345,4456.0,4353.0,47.10221015716119,-4.250589497726651,-10.786763269387318,4583.764473146292,4194.235526853708,4389.0,4406.8,0.12221456466804503,1
2013-06-09,4400.0,4447.0,4360.0,4425.0,10735149791,2438639,341,4436.0,4410.0,50.31823300515526,-3.086073330839099,-9.246625281677675,4572.85126758255,4196.14873241745,4384.5,4407.24,0.1149659863945578,1
2013-06-10,4410.0,4500.0,4405.0,4432.0,7452134946,1671005,294,4425.0,4462.0,53.11848069442942,2.0096139603792835,-6.995377433266284,4542.521072031302,4212.678927968699,4377.6,4407.08,0.13110712684894676,1
2013-06-11,4486.0,4609.0,4470.0,4522.0,24529066047,5377176,693,4432.0,4609.0,59.98478764691585,17.70555569611497,-2.055190807390033,4563.7602905984,4199.3397094016,4381.55,4407.06,0.08917335647645919,1
2013-06-12,4702.0,4702.0,4632.0,4698.0,67993072718,14471775,1207,4522.0,4702.0,63.61547265164411,37.219976649229466,5.799842683933868,4622.449644186175,4165.750355813826,4394.1,4411.1,0.05572096980008512,1
2013-06-15,4885.0,4885.0,4885.0,4728.0,6133918640,1255664,111,4698.0,4885.0,69.48303382850725,66.68318421478307,17.97651099010371,4731.9749750139135,4106.625024986087,4419.3,4418.4,-0.021084953940634588,0
2013-06-16,4917.0,4917.0,4917.0,4853.0,25110932154,5106962,196,4728.0,4917.0,70.38247592686365,91.55967807138677,32.693144406360325,4825.4596725736965,4073.840327426303,4449.65,4426.14,-0.022778116737848242,0
2013-06-17,5047.0,5047.0,4980.0,5044.0,308573367450,61177395,3690,4853.0,5047.0,73.76534554953241,120.37676382147401,50.22986828938306,4930.503638268131,4054.396361731868,4492.45,4439.04,-0.021200713295026707,0
2013-06-18,5050.0,5150.0,4980.0,5043.0,75234647948,14919792,1673,5044.0,5020.0,71.9277988898119,139.4285915308419,68.06961293767483,5013.265776192057,4043.4342238079435,4528.35,4452.74,-0.01195219123505975,0
2013-06-19,5000.0,5000.0,4920.0,4980.0,30137184384,6072871,962,5043.0,4964.0,68.13660966879092,148.29907088683376,84.11550452750663,5068.600778084515,4056.4992219154856,4562.55,4465.3,0.0414987912973408,0
2013-06-22,4880.0,4900.0,4781.0,4795.0,76638131698,15984106,1593,4980.0,4782.0,57.52454418992411,139.04034022971155,95.10047166794762,5086.884370699617,4085.415629300383,4586.15,4474.74,0.10957758260142203,1
2013-06-23,4709.0,4850.0,4700.0,4785.0,33901034613,7086772,998,4795.0,4805.0,58.40618023520845,132.03660150712585,102.48769763578326,5102.711876510165,4120.088123489834,4611.4,4484.12,0.09053069719042672,1
2013-06-25,4813.0,4976.0,4777.0,4899.0,39400045385,8042229,1174,4785.0,4940.0,63.23043660215729,135.81388197795332,109.15293450421728,5140.520350735855,4133.779649264145,4637.15,4496.9,0.03846153846153855,0
2013-06-26,5045.0,5045.0,4890.0,4979.0,36932477310,7412429,1050,4899.0,4960.0,63.89848497631207,138.820994802928,115.08654656395943,5173.081940145896,4160.218059854104,4666.65,4510.56,0.028830645161290303,0
2013-06-29,5040.0,5171.0,5000.0,5102.0,58063668427,11380243,1348,4979.0,5170.0,70.05127105777588,156.34712599283193,123.33866244973393,5232.347386052375,4187.952613947624,4710.15,4528.32,0.02843326885880071,0
2013-06-30,5190.0,5306.0,5120.0,5297.0,148345936319,28007637,2493,5102.0,5306.0,73.23291622500564,179.14569457759535,134.50006887530623,5314.4306010983955,4200.469398901604,4757.45,4549.24,-0.01884658876743306,0
2013-07-01,5380.0,5500.0,5230.0,5337.0,62684114253,11745911,1423,5297.0,5240.0,69.38077495943745,189.70131731975926,145.54031856419684,5372.8425160131255,4221.057483986874,4796.95,4569.64,-0.01717557251908397,0
2013-07-02,5180.0,5230.0,5124.0,5159.0,96233713777,18654872,1708,5337.0,5130.0,63.39545423018269,187.0346249688091,153.8391798451193,5399.405892558995,4264.494107441004,4831.95,4590.24,-0.012280701754386003,0
2013-07-03,5050.0,5198.0,5021.0,5113.0,90338506149,17667453,2535,5159.0,5103.0,61.98203856846836,180.66004121841888,159.20335211977923,5418.0295454870575,4308.270454512942,4863.15,4608.5,0.0015677052714089257,0
2013-07-06,5131.0,5317.0,5131.0,5283.0,119943925096,22704720,1559,5113.0,5317.0,68.06027567296732,190.6781304029464,165.49830777641267,5461.868980782412,4350.331019217589,4906.1,4628.46,-0.05021628738010153,0
2013-07-07,5350.0,5364.0,5100.0,5209.0,62853340606,12065624,1406,5283.0,5206.0,62.48037665506247,187.49938967398157,169.89852415592645,5457.087633861509,4440.412366138491,4948.75,4642.9,-0.0395697272378025,0
2013-07-08,5162.0,5200.0,5090.0,5160.0,33239814143,6453461,834,5209.0,5150.0,59.81597583112736,178.40494164218308,171.5998076531778,5436.284293922133,4535.215706077867,4985.75,4658.48,-0.034563106796116516,0
2013-07-09,5103.0,5180.0,4980.0,5103.0,31974870856,6282424,908,5160.0,5067.0,56.00400347168353,162.6254744760481,169.80494101775187,5397.809376521731,4634.190623478269,5016.0,4671.42,-0.009275705545687796,0
2013-07-10,5142.0,5290.0,5080.0,5155.0,52484654257,10182165,998,5103.0,5111.0,57.54849287006304,151.91933382479056,166.22781957915964,5375.664732151958,4706.535267848043,5041.1,4685.62,-0.2991586773625513,0
2013-07-13,5150.0,5150.0,5000.0,5074.0,29751307974,5893325,825,5155.0,5050.0,54.682456918786,136.93396056440633,160.369047776209,5354.710398196805,4762.289601803195,5058.5,4695.62,-0.2607920792079208,0
2013-07-14,5074.0,5074.0,4941.0,4990.0,37897826296,7597664,741,5074.0,5000.0,52.379763776362985,119.64417854485328,152.22407392993787,5351.081570786601,4777.418429213399,5064.25,4706.42,-0.22799999999999998,0
2013-07-15,5020.0,5070.0,4962.0,4989.0,25016161447,5014125,864,4990.0,4972.0,51.082486568346965,102.50096837517594,142.27945281898548,5349.1481880145775,4784.8518119854225,5067.0,4715.98,-0.21781979082864034,0
2013-07-16,5000.0,5048.0,4972.0,4999.0,142537771689,28511163,1930,4989.0,5020.0,53.22135833947574,91.73063598155113,132.1696894514986,5348.425723851799,4782.8742761482,5065.65,4722.64,-0.2450199203187251,0
2013-07-28,3590.0,3590.0,3581.0,3590.0,51418555032,14323744,744,3233.0,3582.0,22.077494468447796,-32.46527271409741,99.24269701837942,5700.227423559956,4287.272576440044,4993.75,4699.78,0.055276381909547645,1
2013-07-29,3680.0,3733.0,3601.0,3712.0,71556185703,19276853,1390,3590.0,3733.0,26.913914215880155,-117.35420092049844,55.92331743060386,5827.564640802795,4036.8353591972045,4932.2,4680.8,0.03937851593892305,0
2013-07-31,3860.0,3860.0,3860.0,3860.0,38797427420,10051147,319,3712.0,3860.0,30.80395205022613,-172.39419651331445,10.2598146418202,5895.350989595711,3876.8490104042894,4886.1,4666.0,-0.015544041450777257,0
2013-08-03,3980.0,4013.0,3840.0,3937.0,133793980115,33981232,3820,3860.0,3889.0,31.697940446254222,-211.2387036414375,-34.039889014831346,5939.264621814517,3741.335378185483,4840.3,4653.78,-0.0182566212393932,0
2013-08-04,3900.0,3929.0,3780.0,3842.0,38793704225,10098002,1519,3937.0,3790.0,30.260630460595806,-247.1625915208342,-76.66442951603193,5971.554070445157,3594.0459295548435,4782.8,4637.58,0.0079155672823219,0
2013-08-05,3850.0,3850.0,3720.0,3807.0,16856839229,4457936,793,3842.0,3780.0,30.112101904896548,-273.2891408107216,-115.98937177496987,5986.358450132086,3461.241549867915,4723.8,4622.58,-0.021164021164021163,0
2013-08-06,3800.0,3930.0,3720.0,3880.0,29814953092,7682996,1156,3807.0,3880.0,33.620820582072184,-282.66704534484234,-149.32490648894435,5955.445686255962,3363.154313744039,4659.3,4611.16,-0.04407216494845356,0
2013-08-07,3929.0,3988.0,3790.0,3855.0,54922803829,14245885,1701,3880.0,3800.0,32.226894644881966,-293.17489595881307,-178.09490438291812,5896.001676828175,3271.998323171825,4584.0,4599.54,-0.02684210526315789,0
2013-08-11,3890.0,3950.0,3806.0,3866.0,27127895106,7015193,1282,3855.0,3818.0,32.90097981086984,-296.63062055997125,-201.80204761832877,5829.111062102103,3196.6889378978967,4512.9,4589.7,-0.04400209533787325,0
2013-08-12,3864.0,3864.0,3753.0,3822.0,16510599570,4358280,1039,3866.0,3820.0,32.98074238685702,-295.7981470074892,-220.6012674961609,5764.635802732354,3130.1641972676452,4447.4,4582.28,-0.03507853403141359,0
2013-08-13,3830.0,3830.0,3700.0,3755.0,25976972072,6932357,1226,3822.0,3700.0,30.62818519024286,-301.3476546571692,-236.75054492836256,5696.789749306536,3057.7102506934643,4377.25,4570.24,-0.01621621621621616,0
2013-08-14,3737.0,3797.0,3670.0,3732.0,17718691510,4765486,975,3755.0,3709.0,31.025572336986983,-301.5434494863234,-249.70912583995474,5572.7865619026525,3020.9134380973483,4296.85,4558.82,-0.01590725262874093,0
2013-08-17,3765.0,3830.0,3650.0,3707.0,28061539758,7571980,1291,3732.0,3698.0,30.79339321381461,-299.1379502842501,-259.5948907288138,5450.956807626523,2991.9431923734764,4221.45,4546.58,-0.01919956733369388,0
2013-08-18,3700.0,3740.0,3633.0,3686.0,25815368187,7008246,922,3707.0,3650.0,29.74726796034308,-297.67338025089566,-267.2105886332302,5322.059199521665,2970.840800478335,4146.45,4533.58,-0.014246575342465762,0
2013-08-19,3688.0,3716.0,3650.0,3690.0,17443852044,4724259,862,3686.0,3686.0,31.623468060148426,-290.2618409911356,-271.8208391048113,5189.112984542311,2965.6870154576886,4077.4,4518.8,-0.02604449267498643,0
2013-08-20,3700.0,3700.0,3630.0,3676.0,11352559885,3106473,575,3690.0,3640.0,30.502504609871593,-284.81676788458617,-274.42002486076626,5023.097423347235,2984.6025766527646,4003.85,4504.2,-0.04670329670329665,0
2013-08-21,3651.0,3658.0,3628.0,3659.0,13672659649,3754345,594,3676.0,3650.0,31.074495042242262,-276.5071890360414,-274.8374576958213,4842.377000149133,3025.322999850867,3933.85,4491.2,-0.06630136986301371,0
2013-08-24,3650.0,3650.0,3602.0,3648.0,10496161398,2892649,767,3659.0,3627.0,30.453666440137795,-268.6805139947478,-273.6060689556066,4638.547425158956,3091.852574841044,3865.2,4476.54,-0.03501516404742211,0
2013-08-25,3630.0,3633.0,3598.0,3625.0,15326274349,4250999,842,3648.0,3598.0,29.649330682802358,-261.80000774878,-271.2448567142413,4386.809579796898,3206.1904202031014,3796.5,4459.5,0.0063924402445803,0
2013-08-26,3580.0,3599.0,3535.0,3593.0,15781023145,4420854,701,3625.0,3590.0,29.4184992349592,-254.06399849340596,-267.8086850700742,3917.754766478018,3532.245233521982,3725.0,4442.7,-0.010584958217270235,0
2013-08-27,3580.0,3720.0,3450.0,3549.0,25963494620,7319953,1183,3593.0,3470.0,26.13203268126638,-254.6803559315781,-265.183019242375,3933.7458886939417,3505.0541113060585,3719.4,4422.52,-0.005187319884726205,0
2013-08-28,3410.0,3460.0,3408.0,3408.0,31952178440,9374565,661,3549.0,3408.0,24.602750950719,-257.20678576568343,-263.5877725470367,3956.6157965091083,3449.684203490892,3703.15,4401.52,0.004988262910798014,0
2013-08-31,3380.0,3544.0,3380.0,3482.0,21327950736,6090255,913,3408.0,3500.0,31.05074607021345,-248.91601955860733,-260.65342194935084,3942.6038987857783,3427.696101214222,3685.15,4384.46,-0.008571428571428563,0
2013-09-01,3525.0,3621.0,3525.0,3570.0,20080940943,5570391,942,3482.0,3621.0,38.50021056821844,-229.93133356094268,-254.5090042716692,3912.7403525039927,3430.7596474960073,3671.75,4368.68,-0.03893951946975971,0
2013-09-03,3696.0,3696.0,3550.0,3595.0,16608868843,4597672,757,3570.0,3552.0,36.10465066835096,-217.94126523159366,-247.1954564636541,3899.811059340884,3419.8889406591156,3659.85,4350.48,0.0163288288288288,0
2013-09-04,3480.0,3480.0,3452.0,3567.0,5351076652,1549089,221,3595.0,3452.0,32.90876585377261,-214.04088388829678,-240.56454194858264,3892.9667128670953,3393.9332871329043,3643.45,4327.34,0.057358053302433376,1
2013-09-07,3425.0,3430.0,3425.0,3487.0,15009090951,4381904,526,3567.0,3425.0,32.083010252188586,-210.6996633613453,-234.59156623113518,3862.6529706368615,3378.747029363138,3620.7,4301.8,0.06569343065693434,1
2013-09-08,3400.0,3495.0,3400.0,3460.0,20548801770,5952277,717,3487.0,3470.0,35.009991625591525,-202.09101863668138,-228.09145671224442,3839.9215306245974,3368.4784693754023,3604.2,4273.5,0.043227665706051965,0
2013-09-09,3546.0,3546.0,3458.0,3472.0,9118623100,2609113,499,3460.0,3480.0,35.67343530138341,-192.24560161722502,-220.92228569324055,3807.2209858108235,3367.379014189177,3587.3,4244.76,0.04195402298850581,0
2013-09-10,3595.0,3610.0,3570.0,3510.0,7764047755,2151976,195,3472.0,3610.0,43.71722979200582,-171.97075236702722,-211.1319790279979,3769.666378614846,3383.9336213851543,3576.8,4216.02,0.005540166204986097,0
2013-09-11,3650.0,3650.0,3650.0,3650.0,34560426500,9468610,573,3510.0,3650.0,45.95654403935923,-150.93523512123647,-199.09263024664563,3761.9391217204056,3386.6608782795947,3574.3,4188.62,0.013424657534246487,0
2013-09-14,3740.0,3740.0,3550.0,3644.0,12803897151,3520357,651,3650.0,3650.0,45.95654403935923,-132.73435710677086,-185.8209756186707,3752.156277545901,3390.5437224540988,3571.35,4162.34,0.0046575342465753344,0
2013-09-15,3679.0,3750.0,3601.0,3667.0,17536864087,4763824,690,3644.0,3620.0,44.41930307616594,-119.3549300913719,-172.52776651321093,3740.3528339848876,3394.547166015112,3567.45,4139.1,0.008287292817679592,0
2013-09-16,3620.0,3660.0,3574.0,3650.0,8920372036,2468046,405,3667.0,3626.0,44.816874862882884,-107.03367040590092,-159.42894729174895,3737.166207540437,3395.333792459563,3566.25,4115.52,0.019029233314947547,0
2013-09-17,3649.0,3710.0,3620.0,3654.0,7987332730,2178796,478,3650.0,3630.0,45.09882133327792,-95.8414165736267,-146.7114411481245,3728.149089250687,3398.7509107493124,3563.45,4089.32,0.019283746556473913,0
2013-09-18,3740.0,3740.0,3681.0,3686.0,18708762169,5052861,707,3654.0,3699.0,49.85803799686751,-80.4760733537696,-133.46436758925353,3738.4283697533806,3394.3716302466196,3566.4,4064.1,-0.013246823465801527,0
2013-09-21,3710.0,3740.0,3655.0,3704.0,23154018215,6242842,921,3686.0,3667.0,47.789005225642,-70.07329933987876,-120.78615393937858,3741.080808546718,3393.419191453282,3567.25,4034.04,0.007635669484592267,0
2013-09-22,3685.0,3685.0,3569.0,3681.0,8785627753,2419320,560,3704.0,3650.0,46.68071547854729,-62.480547057316016,-109.12503256296608,3744.0910925459957,3392.7089074540045,3568.4,4000.92,0.022739726027397156,0
2013-09-23,3669.0,3746.0,3650.0,3696.0,24915249944,6737350,929,3681.0,3695.0,49.987116279352065,-52.23003689795951,-97.74603342996478,3757.107417582227,3389.392582417773,3573.25,3970.02,0.044113667117726685,0
2013-09-24,3714.0,3714.0,3685.0,3696.0,13225286241,3578054,485,3696.0,3700.0,50.355486586882286,-43.20493592526782,-86.83781392902539,3770.6863175639382,3386.8136824360618,3578.75,3941.42,0.07027027027027022,1
2013-09-25,3720.0,3740.0,3645.0,3695.0,16765321416,4537839,658,3696.0,3650.0,46.65478871390807,-39.630227916175954,-77.3962967264555,3775.2747983601216,3400.2252016398784,3587.75,3912.36,0.07945205479452055,1
2013-09-28,3750.0,3750.0,3673.0,3705.0,29114988503,7857600,886,3695.0,3695.0,50.20191513635399,-32.7881606393521,-68.47466950903483,3775.8249550295045,3428.3750449704953,3602.1,3879.92,0.06901217861975639,1
2013-09-29,3740.0,3740.0,3660.0,3710.0,24825495015,6689959,786,3705.0,3733.0,53.0414775402876,-24.022573335409106,-59.58425027430968,3789.7600849383425,3437.7399150616575,3613.75,3850.46,0.06697026520225013,1
2013-09-30,3703.0,3858.0,3703.0,3834.0,65454951073,17073342,1621,3710.0,3858.0,60.93298702768141,-6.90967646382569,-49.049335512212885,3831.3643312141385,3419.8356687858613,3625.6,3824.62,0.018662519440124425,0
2013-10-01,3901.0,3987.0,3851.0,3936.0,55024984270,13981611,1661,3834.0,3960.0,65.96000047511848,14.71335870865505,-36.2967966680393,3894.9088186465083,3397.0911813534917,3646.0,3802.48,-0.0108585858585859,0
2013-10-02,3960.0,3991.0,3880.0,3936.0,28643207384,7277520,1096,3936.0,3940.0,64.21517490428806,29.89136793257967,-23.059163747915505,3933.7138051830907,3407.0861948169095,3670.4,3779.06,0.0076142131979695105,0
2013-10-05,3960.0,3980.0,3880.0,3928.0,20048447167,5110006,733,3936.0,3950.0,64.71772873711353,42.24004902901561,-9.999321192529282,3961.5441486707414,3431.755851329259,3696.65,3757.06,0.030126582278481084,0
2013-10-06,3851.0,4025.0,3851.0,3953.0,25851778393,6531833,1027,3928.0,3983.0,66.39493712707487,54.06605217831475,2.813753481639525,3993.7082533748653,3450.891746625135,3722.3,3736.72,0.05197087622395169,1
2013-10-07,3990.0,3997.0,3911.0,3946.0,19063406924,4835510,613,3953.0,3930.0,61.35068784424777,58.487381686416484,13.948479122594918,4006.569822554078,3483.030177445922,3744.8,3715.88,0.1119592875318065,1
2013-10-08,3910.0,3970.0,3890.0,3921.0,29768615905,7593229,664,3946.0,3917.0,60.14369730590626,60.24782638152328,23.208348574380594,4024.4931671142504,3495.80683288575,3760.15,3693.82,0.14603012509573654,1
2013-10-09,3900.0,4000.0,3871.0,3913.0,1446305741294,369647413,1057,3921.0,3970.0,63.31266488994731,65.16842748017962,31.6003643555404,4050.4383701508164,3501.861629849184,3776.15,3701.58,0.1503778337531485,1
2013-10-12,3940.0,4069.0,3920.0,4069.0,1494585616197,367353866,797,3913.0,4069.0,68.37142838225554,76.17837503633245,40.51596649169881,4092.816012417302,3501.383987582698,3797.1,3708.3,0.12066846891128047,1
2013-10-13,4231.0,4231.0,4133.0,4224.0,850274281483,201292316,1893,4069.0,4190.0,73.23002680128303,93.58869434629469,51.13051206261799,4155.4486925849305,3495.7513074150697,3825.6,3714.9,0.10978520286396187,1
2013-10-14,4280.0,4392.0,4160.0,4317.0,584025311357,135299839,2435,4224.0,4370.0,78.5169126925417,120.52169443989715,65.00874853807383,4255.9552365160425,3469.644763483958,3862.8,3724.52,0.03661327231121292,0
2013-10-15,4370.0,4489.0,4370.0,4481.0,81771202285,18246906,1219,4317.0,4489.0,81.16523771296852,149.74245867915897,81.95549056629086,4369.191851800183,3442.3081481998174,3905.75,3738.5,0.03809311650701708,0
2013-10-19,4660.0,4660.0,4522.0,4655.0,135190402996,29044462,1672,4481.0,4567.0,82.67299174058964,177.151975291923,100.9947875114173,4484.075518179849,3414.2244818201516,3949.15,3754.24,-0.0013137727173199165,0
2013-10-20,4500.0,4687.0,4469.0,4556.0,69421991308,15236816,1724,4655.0,4560.0,82.03828219090568,196.04943730714376,120.00571747056262,4574.2107511064705,3413.3892488935303,3993.8,3767.84,-0.013157894736842146,0
2013-10-21,4719.0,4735.0,4650.0,4697.0,96792660269,20608525,1698,4556.0,4650.0,83.76417885706852,215.80044672297663,139.16466332104542,4667.784486986635,3419.815513013366,4043.8,3784.84,-0.021505376344086002,0
2013-10-22,4700.0,4700.0,4510.0,4592.0,24261982916,5339147,1050,4697.0,4530.0,73.60830787698988,219.24297037671477,155.18032473217932,4722.205471978346,3448.894528021654,4085.55,3799.08,-0.01655629139072845,0
2013-10-23,4549.0,4700.0,4409.0,4580.0,39249993286,8569511,1041,4592.0,4660.0,76.87881908023726,229.81197927492303,170.10665564072806,4791.108354824853,3475.991645175147,4133.55,3815.88,-0.04270386266094417,0
2013-10-26,4676.0,4700.0,4560.0,4639.0,67027530173,14447384,1485,4580.0,4561.0,69.78638018721044,227.57616596981643,181.60055770654574,4822.421350492866,3535.778649507135,4179.1,3833.1,-0.033106774830081176,0
2013-10-27,4561.0,4562.0,4454.0,4485.0,31801029230,7112016,856,4639.0,4500.0,65.76074035303915,218.364902941943,188.95342675362522,4836.688569992158,3602.011430007843,4219.35,3848.92,-0.026666666666666616,0
2013-10-28,4490.0,4550.0,4470.0,4490.0,16700440943,3714642,522,4485.0,4550.0,67.41973036617284,212.64821649056648,193.6923847010135,4850.954297487508,3669.445702512492,4260.2,3865.96,-0.04461538461538461,0
2013-10-29,4490.0,4555.0,4413.0,4482.0,16787943748,3752230,668,4490.0,4455.0,61.338507816124455,198.16764201737442,194.5874361642857,4856.321127641129,3723.7788723588706,4290.05,3882.06,-0.01683501683501687,0
2013-10-30,4470.0,4524.0,4450.0,4483.0,17605868349,3926819,523,4482.0,4461.0,61.57425068240441,185.04277435869153,192.67850380316688,4864.837355470733,3765.3626445292675,4315.1,3897.56,-0.02084734364492269,0
2013-11-02,4460.0,4465.0,4400.0,4461.0,16948432722,3819169,583,4483.0,4410.0,58.3190767669091,168.58263275307218,187.85932959314795,4861.728435472546,3815.4715645274546,4338.6,3912.96,-0.014058956916099818,0
2013-11-03,4440.0,4440.0,4377.0,4407.0,28903875653,6572470,690,4461.0,4380.0,56.42927902901195,151.37217841530128,180.56189935757862,4851.989377807605,3868.210622192396,4360.1,3927.56,-0.03447488584474889,0
2013-11-04,4362.0,4380.0,4340.0,4389.0,12423472193,2851168,489,4407.0,4347.0,54.34321617073933,133.53068651630292,171.1556567893235,4838.977370835546,3917.6226291644543,4378.3,3941.96,-0.03404646882907747,0
2013-11-05,4390.0,4440.0,4373.0,4390.0,16602365106,3781275,550,4389.0,4380.0,56.09128411476582,120.66307107958073,161.05713964737498,4813.116189349812,3988.4838106501884,4400.8,3957.6,-0.0182648401826484,0
2013-11-06,4399.0,4420.0,4360.0,4388.0,16940309809,3861500,605,4390.0,4368.0,55.26269909857228,108.24926330346352,150.49556437859272,4771.736724775714,4074.9632752242874,4423.35,3973.16,-0.01739926739926745,0
2013-11-09,4400.0,4439.0,4332.0,4369.0,18537007415,4258374,762,4388.0,4348.0,53.83531010098757,95.69429409649456,139.5353103221731,4725.048072836339,4159.451927163661,4442.25,3990.72,-0.014029438822447116,0
2013-11-10,4321.0,4322.0,4195.0,4267.0,24000103392,5673617,842,4369.0,4229.0,46.19053227719892,75.27436900161592,126.68312205806168,4697.132056861058,4203.367943138942,4450.25,4007.14,0.055568692362260474,1
2013-11-11,4205.0,4265.0,4172.0,4216.0,24163457285,5754889,1064,4267.0,4199.0,44.47586055426461,56.02486222925745,112.55147009230085,4695.708652908314,4205.691347091685,4450.7,4021.12,0.07120743034055721,1
2013-11-12,4211.0,4357.0,4180.0,4232.0,19890527110,4687689,799,4216.0,4300.0,51.062375821521044,48.36185991781713,99.71354805740411,4698.635558344374,4195.764441655626,4447.2,4034.7,0.032558139534883734,0
2013-11-16,4350.0,4401.0,4250.0,4293.0,20623201620,4761046,965,4232.0,4292.0,50.55086391737378,41.16877423315145,88.00459329255358,4696.77187648683,4177.928123513171,4437.35,4049.5,0.025163094128611396,0
2013-11-17,4370.0,4370.0,4280.0,4293.0,10417992740,2427126,483,4293.0,4287.0,50.21230861679049,34.665145571569155,77.3367037483567,4683.494017805424,4163.205982194577,4423.35,4066.2,0.028691392582225417,0
2013-11-18,4290.0,4464.0,4280.0,4350.0,18539457560,4215736,670,4293.0,4464.0,60.3387226129987,43.29432373617965,70.52822774592128,4671.884936398336,4165.215063601664,4418.55,4086.98,-0.038754480286738335,0
2013-11-19,4524.0,4524.0,4400.0,4474.0,50238816378,11229274,1885,4350.0,4498.0,61.94009283510448,52.27394396502132,66.8773709897413,4644.3941903323985,4177.505809667601,4410.95,4107.54,-0.05513561582925741,0
2013-11-20,4542.0,4542.0,4423.0,4468.0,14148067254,3171858,464,4474.0,4440.0,57.662932453251514,54.08676387120704,64.31924956603444,4633.934922577188,4178.965077422811,4406.45,4126.74,-0.04054054054054057,0
2013-11-23,4499.0,4538.0,4372.0,4472.0,27428384438,6131568,737,4468.0,4400.0,54.849890990966536,51.69980779917296,61.79536121266215,4588.960076466535,4197.939923533465,4393.45,4142.54,-0.011363636363636354,0
2013-11-24,4455.0,4486.0,4350.0,4421.0,26168163101,5939843,1114,4472.0,4410.0,55.43521443844555,50.03823471938358,59.44393591400644,4566.000971679641,4205.799028320358,4385.9,4157.74,0.0174603174603174,0
2013-11-25,4418.0,4418.0,4280.0,4331.0,35697972785,8241741,1476,4421.0,4291.0,47.53744268785974,38.673318662917154,55.28981246378858,4552.076696736228,4198.823303263772,4375.45,4170.56,0.037054299697040216,0
2013-11-26,4340.0,4349.0,4246.0,4287.0,23765496281,5566183,1043,4331.0,4250.0,45.150703589854636,26.057805300582004,49.44341103114727,4525.831347194756,4195.068652805244,4360.45,4183.16,0.04235294117647048,0
2013-11-27,4270.0,4365.0,4212.0,4270.0,67818650887,15883419,1628,4287.0,4260.0,45.86462613964671,16.674621836637925,42.889653192245405,4515.626771628965,4185.773228371035,4350.7,4195.84,0.016431924882629012,0
2013-11-30,4251.0,4360.0,4237.0,4318.0,39287663278,9099342,1173,4270.0,4350.0,51.92905481971595,16.312587819738837,37.57424011774409,4502.13569998555,4188.1643000144495,4345.15,4210.24,-0.00666666666666671,0
2013-12-01,4330.0,4490.0,4330.0,4488.0,150221558626,33475054,2060,4318.0,4487.0,59.3872521298336,26.77181942678726,35.413755979552725,4515.638530958338,4182.361469041662,4349.0,4226.0,-0.030532649877423657,0
2013-12-02,4535.0,4565.0,4400.0,4497.0,42286835770,9402475,1647,4488.0,4450.0,56.82311026728896,31.709715193826923,34.672947822407565,4524.4517374147545,4180.5482625852455,4352.5,4241.66,-0.004494382022471877,0
2013-12-03,4559.0,4560.0,4380.0,4491.0,19032069912,4242279,840,4497.0,4430.0,55.42993379000299,33.621631077476195,34.46268447342129,4531.846204296647,4181.453795703353,4356.65,4257.26,0.04153498871331829,0
2013-12-04,4361.0,4480.0,4325.0,4426.0,17196184731,3940964,982,4491.0,4330.0,48.96555889213571,26.75921040423873,32.92198965958478,4529.369034354012,4178.930965645987,4354.15,4269.96,0.04618937644341803,0
2013-12-07,4399.0,4399.0,4297.0,4369.0,19433162254,4490561,878,4426.0,4321.0,48.41826750490877,20.3597730060701,30.40954632888185,4527.473105511211,4176.12689448879,4351.8,4282.38,0.03216847951862989,0
2013-12-08,4299.0,4465.0,4261.0,4359.0,46946862810,10769352,1310,4369.0,4350.0,50.34418715850854,17.42733888492785,27.81310484009105,4527.566616065639,4176.23338393436,4351.9,4296.38,0.06896551724137923,1
2013-12-09,4450.0,4500.0,4380.0,4437.0,43823266159,9877723,1262,4359.0,4430.0,55.302173418521996,21.31301199360678,26.513086270794197,4531.224304015559,4192.675695984441,4361.95,4311.08,0.08261851015801347,1
2013-12-10,4479.0,4614.0,4479.0,4600.0,83288070611,18106317,1709,4437.0,4614.0,64.16472023135029,38.79252212725987,28.968973442087332,4567.975038793547,4197.424961206452,4382.7,4328.7,0.01452102297355884,0
2013-12-11,4689.0,4689.0,4510.0,4590.0,33356162447,7268591,1274,4600.0,4530.0,58.465469974105474,45.34436029890003,32.244050813449874,4585.953591882785,4202.446408117215,4394.2,4342.14,0.0008830022075054789,0
2013-12-14,4407.0,4599.0,4407.0,4472.0,34057816419,7618600,919,4590.0,4460.0,54.149123567388244,44.37677641287519,34.67059593333494,4590.387539522592,4214.812460477408,4402.6,4352.14,-0.004484304932735439,0
2013-12-15,4500.0,4650.0,4499.0,4612.0,54931305082,11911278,1155,4472.0,4650.0,62.28757151858511,58.26967477666949,39.39041170200185,4629.352852329367,4212.147147670633,4420.75,4366.34,-0.053763440860215006,0
2013-12-16,4796.0,4796.0,4780.0,4796.0,149812400552,31236972,1250,4612.0,4796.0,67.11751954650282,80.13710597591944,47.539750556785364,4702.305298116393,4172.394701883608,4437.35,4383.26,-0.0417014178482068,0
2013-12-17,4850.0,4850.0,4630.0,4722.0,52252366638,11065284,1535,4796.0,4681.0,60.540438572167346,87.18267622062012,55.46833568955232,4731.111665256268,4161.888334743732,4446.5,4397.22,0.016876735740226412,0
2013-12-18,4651.0,4797.0,4534.0,4602.0,69454188440,15092779,1837,4722.0,4534.0,53.344446418006385,79.9826793898801,60.37120442961788,4738.320601838226,4164.0793981617735,4451.2,4409.3,0.08072342302602564,1
2013-12-21,4501.0,4600.0,4422.0,4469.0,68695826610,15370751,1519,4602.0,4440.0,49.308356373095904,65.93159720750737,61.483282985195785,4739.4220117320565,4166.977988267943,4453.2,4419.76,0.06644144144144137,1
2013-12-22,4500.0,4520.0,4396.0,4420.0,267607309378,60546016,2828,4469.0,4400.0,47.65599145969388,50.980674161972274,59.38276122055109,4739.256870446244,4166.143129553756,4452.7,4428.36,0.09090909090909083,1
2013-12-24,4500.0,4596.0,4471.0,4577.0,147318575741,32186832,1476,4420.0,4596.0,55.52133883315339,54.321339306787195,58.370476837798314,4750.902628543974,4184.997371456026,4467.95,4438.9,0.028067885117493363,0
2013-12-25,4760.0,4760.0,4760.0,4719.0,28523214720,5992272,274,4577.0,4760.0,60.82560907956088,69.40224402928561,60.57683027609578,4785.03084642161,4201.86915357839,4493.45,4450.3,0.0516806722689076,1
2013-12-28,4907.0,4907.0,4810.0,4905.0,364586448348,74324534,4961,4719.0,4900.0,64.69609549247957,91.59495007649457,66.78045423617553,4846.511037810476,4204.388962189523,4525.45,4460.9,0.04081632653061229,0
2013-12-29,4899.0,4899.0,4730.0,4797.0,51775449045,10794157,1856,4905.0,4735.0,57.48710688697966,94.77618757699656,72.37960090433974,4867.536862826937,4221.863137173063,4544.7,4465.82,0.0834213305174234,1
2013-12-30,4741.0,4850.0,4710.0,4810.0,48954477735,10178082,1246,4797.0,4800.0,59.40609040205778,101.3737247916115,78.1784256817941,4900.370161166861,4220.32983883314,4560.35,4470.48,0.04312500000000008,0
2014-01-01,4870.0,4870.0,4725.0,4814.0,37297090759,7745000,965,4810.0,4725.0,56.25098890235191,99.40457332395545,82.42365521022637,4917.3840806095395,4230.815919390461,4574.1,4473.78,0.057989417989418035,1
2014-01-04,4841.0,5006.0,4732.0,4940.0,75350705050,15253701,1715,4814.0,5006.0,63.97167908931229,119.14492960059033,89.76791008829917,4987.192544814409,4218.60745518559,4602.9,4480.9,-0.001198561725928915,0
2014-01-05,5022.0,5121.0,4940.0,5050.0,62072239588,12292364,1613,4940.0,5100.0,66.12530140026695,140.75181922358843,99.96469191535704,5061.255403680758,4221.5445963192415,4641.4,4492.3,-0.02941176470588236,0
2014-01-06,5125.0,5200.0,5010.0,5094.0,33758929503,6591199,1277,5050.0,5130.0,66.80724260964885,158.46944705672195,111.66564294363002,5125.638812387075,4238.061187612926,4681.85,4501.7,-0.042884990253411304,0
2014-01-07,5161.0,5170.0,4976.0,5022.0,47762160407,9529044,1391,5094.0,5007.0,61.35367597264386,160.7328939680756,121.47909314851914,5152.594553517085,4276.805446482915,4714.7,4510.62,-0.029358897543439233,0
2014-01-08,5000.0,5029.0,4923.0,4992.0,58740027639,11767171,5395,5022.0,4999.0,61.00486422685054,160.03635928075255,129.19054637496583,5177.279600465028,4309.020399534971,4743.15,4520.6,-0.039807961592318475,0
2014-01-11,5030.0,5155.0,4972.0,5024.0,174046502606,34639918,3109,4992.0,5000.0,61.03468530884622,157.74663712651727,134.90176452527612,5206.113149247178,4318.786850752822,4762.45,4529.6,-0.06000000000000005,0
2014-01-12,4910.0,4980.0,4824.0,4838.0,52200254709,10789353,944,5024.0,4950.0,58.620785281211845,150.16640880480554,137.954693381182,5220.830143582127,4346.069856417873,4783.45,4539.5,-0.0753535353535354,0
2014-01-13,4932.0,5006.0,4900.0,4919.0,68089259554,13842907,908,4838.0,4910.0,56.689184166732,139.3253021846058,138.2288151418668,5220.142455266777,4391.757544733223,4805.95,4548.48,-0.07128309572301428,0
2014-01-14,4998.0,4998.0,4781.0,4896.0,23160592668,4759418,679,4919.0,4860.0,54.28143186370251,125.25520096154833,135.6340923058031,5224.903901927647,4407.996098072353,4816.45,4557.48,-0.07551440329218106,0
2014-01-15,4810.0,4898.0,4720.0,4779.0,55100333755,11529622,755,4896.0,4800.0,51.45705616450113,108.01788289833621,130.11085042430975,5225.06756818227,4408.232431817729,4816.65,4565.88,-0.06666666666666665,0
2014-01-18,4703.0,4840.0,4674.0,4767.0,15167186575,3201520,538,4779.0,4700.0,47.06190231340497,85.30468062205,121.14961646385781,5224.837719274529,4410.3622807254715,4817.6,4572.94,-0.0651063829787234,0
2014-01-20,4650.0,4740.0,4577.0,4693.0,20372190048,4441394,403,4767.0,4577.0,42.27848415477148,56.725337748925085,108.26476072087127,5221.391569063661,4418.108430936339,4819.75,4576.88,-0.038890102687349826,0
2014-01-21,4600.0,4800.0,4520.0,4680.0,22734893225,4874840,655,4693.0,4560.0,41.64840410642163,32.33154674862726,93.07811792642246,5207.619022048031,4443.880977951969,4825.75,4580.72,-0.028508771929824595,0
2014-01-22,4561.0,4599.0,4493.0,4574.0,29562709269,6560433,780,4680.0,4493.0,39.170706563630574,7.506422212795769,75.96377878369712,5193.207607417373,4467.592392582626,4830.4,4583.62,0.019808591141776022,0
2014-01-25,4450.0,4698.0,4440.0,4577.0,27039708494,5905074,701,4574.0,4480.0,38.68975740968675,-13.066041992916325,58.15781462837443,5205.470266626209,4443.7297333737915,4824.6,4588.64,0.015625,0
2014-01-26,4500.0,4577.0,4394.0,4498.0,22834889635,5175412,694,4577.0,4394.0,35.5776485323769,-35.89556760146206,39.347138182407136,5230.530173372806,4382.069826627195,4806.3,4592.54,-0.000910332271279013,0
2014-01-27,4322.0,4449.0,4319.0,4394.0,28977086147,6691727,760,4498.0,4399.0,35.90047550988915,-52.974021367684145,20.88290627238888,5238.28823691232,4324.21176308768,4781.25,4594.52,0.011138895203455235,0
2014-01-28,4402.0,4549.0,4401.0,4406.0,7711941791,1724613,420,4394.0,4430.0,37.97572962704804,-63.277949288595664,4.050735160191971,5247.872597270194,4284.127402729806,4766.0,4597.28,-0.018058690744920947,0
2014-01-29,4433.0,4582.0,4406.0,4454.0,22024591473,4881187,844,4406.0,4582.0,47.03106064472328,-58.50435493274563,-8.46028285839555,5243.224943021686,4266.975056978315,4755.1,4603.18,-0.07202095154954169,0
2014-02-01,4591.0,4630.0,4500.0,4503.0,17889742867,3896724,748,4454.0,4550.0,45.524190016923065,-56.65034961197762,-18.098296209111965,5242.527095400346,4250.172904599654,4746.35,4604.9,-0.07428571428571429,0
2014-02-02,4589.0,4589.0,4350.0,4481.0,11284922147,2559953,555,4503.0,4390.0,38.825854400577896,-67.31572607448652,-27.941782182186877,5219.842167299797,4211.257832700203,4715.55,4602.74,-0.005694760820045608,0
2014-02-03,4410.0,4449.0,4350.0,4463.0,9360843126,2132355,384,4481.0,4448.0,42.148847113540626,-70.27787884625923,-36.40900151500135,5167.52795038562,4198.37204961438,4682.95,4602.9,-0.03394784172661869,0
2014-02-04,4411.0,4441.0,4303.0,4429.0,13288350404,3060418,595,4463.0,4350.0,38.35749215062681,-79.61543011934282,-45.05028723586965,5103.223545939597,4184.676454060403,4643.95,4601.9,-0.03563218390804601,0
2014-02-05,4260.0,4330.0,4252.0,4387.0,11216217479,2635652,465,4429.0,4252.0,34.969923447825565,-93.84154088749165,-54.80853796619405,5064.016382406674,4148.383617593326,4606.2,4598.74,-0.012229539040451542,0
2014-02-08,4212.0,4250.0,4212.0,4212.0,70941172526,16841252,728,4387.0,4212.0,33.66311826319385,-107.10881808889098,-65.26859399073345,5018.09550967288,4115.60449032712,4566.85,4597.16,0.04463437796771119,0
2014-02-09,4085.0,4370.0,4085.0,4369.0,1592516419745,364471314,564,4212.0,4365.0,42.51237256057213,-104.07766697216539,-73.03040858701983,4947.671399881208,4122.528600118792,4535.1,4599.46,-0.0013745704467353903,0
2014-02-10,4369.0,4380.0,4210.0,4369.0,1686790929473,386119797,1106,4369.0,4297.0,39.96091023634296,-105.94126462177155,-79.61257979397018,4880.419562266517,4124.480437733483,4502.45,4600.2,-0.005352571561554553,0
2014-02-12,4221.0,4221.0,4195.0,4331.0,9967599550,2375230,295,4369.0,4195.0,36.42909377192376,-114.33079252819516,-86.55622234081518,4818.032378240242,4115.367621759758,4466.7,4597.1,0.028605482717520836,0
2014-02-15,4161.0,4369.0,4158.0,4322.0,6092070623,1429561,358,4331.0,4200.0,36.72431942747233,-119.20200906424634,-93.08537968550141,4753.648808405262,4113.751191594738,4433.7,4591.36,0.027142857142857135,0
2014-02-16,4260.0,4470.0,4202.0,4337.0,11018723562,2512858,664,4322.0,4400.0,47.27249984568308,-105.7056458481693,-95.60943291803498,4686.021941826119,4141.378058173881,4413.7,4590.36,-0.045454545454545414,0
2014-02-17,4360.0,4467.0,4250.0,4359.0,18548589753,4222183,1189,4337.0,4359.0,45.59450070868416,-97.19760462932572,-95.92706726029314,4635.817953538824,4157.482046461175,4396.65,4588.94,-0.04794677678366599,0
2014-02-18,4280.0,4281.0,4185.0,4322.0,11559362494,2744734,676,4359.0,4274.0,42.246442070764566,-96.20472214015354,-95.98259823626523,4611.2533460038185,4151.7466539961815,4381.5,4587.82,-0.04796443612540946,0
2014-02-19,4250.0,4370.0,4201.0,4315.0,17037048964,3960291,821,4322.0,4315.0,44.36847053840343,-91.05981737353522,-94.99804206371924,4585.348010171198,4153.151989828802,4369.25,4587.7,-0.0590961761297798,0
2014-02-22,4300.0,4350.0,4260.0,4314.0,13638871777,3163778,635,4315.0,4314.0,44.32569171752767,-86.07096244386594,-93.2126261397486,4569.8844459876545,4150.715554012346,4360.3,4586.98,-0.04728789986091797,0
2014-02-23,4251.0,4280.0,4188.0,4287.0,11916170841,2829974,804,4314.0,4200.0,39.634170741334856,-90.27546684433764,-92.6251942806664,4559.4085169578,4133.1914830422,4346.3,4582.38,-0.04547619047619045,0
2014-02-24,4175.0,4175.0,4120.0,4238.0,13821996281,3346587,758,4287.0,4150.0,37.74708598036491,-96.52941796329014,-93.40603901719116,4562.291936754904,4105.908063245097,4334.1,4573.1,-0.05084337349397594,0
2014-02-25,4110.0,4111.0,4069.0,4196.0,11370468984,2790658,655,4238.0,4069.0,34.852076513184755,-106.79072533040926,-96.08297627983478,4570.968822075556,4064.2311779244446,4317.6,4563.88,-0.017694765298599147,0
2014-02-26,4029.0,4105.0,4029.0,4154.0,12212733566,3019661,791,4196.0,4060.0,34.535141679779315,-114.33117155444415,-99.73261533475666,4570.340778645019,4027.859221354982,4299.1,4555.88,-0.004679802955665058,0
2014-03-01,4001.0,4160.0,4001.0,4136.0,9938528116,2438524,574,4154.0,4110.0,37.9130939717037,-114.94740524501867,-102.77557331680907,4525.477999031829,4025.5220009681707,4275.5,4545.08,-0.019708029197080257,0
2014-03-02,4028.0,4100.0,3990.0,4103.0,11975467786,2982487,688,4136.0,4009.0,34.086885302580555,-122.17724753541188,-106.65590816052965,4490.723791401296,4006.1762085987034,4248.45,4529.34,-0.024694437515589973,0
2014-03-03,4000.0,4000.0,3939.0,4062.0,11237593410,2845520,576,4103.0,3939.0,31.699138700131158,-132.03336616708293,-111.73139976184031,4493.868580247685,3957.9314197523145,4225.9,4514.5,0.0007616146230007281,0
2014-03-04,3910.0,4040.0,3900.0,4043.0,8454174339,2133048,485,4062.0,3997.0,35.7171458441786,-133.6239620617871,-116.10991222182967,4468.654560835206,3938.045439164795,4203.35,4503.76,-0.02001501125844385,0
2014-03-05,3979.0,4099.0,3960.0,4041.0,11124783814,2756116,617,4043.0,4041.0,38.66497582381332,-129.83740372217562,-118.85541052189886,4453.233676716624,3922.5663232833754,4187.9,4495.78,-0.012620638455827726,0
2014-03-08,4060.0,4060.0,3950.0,4032.0,30773553823,7638241,436,4041.0,4029.0,38.15113571143331,-126.34836338519062,-120.35400109455722,4449.023300196627,3904.476699803373,4176.75,4488.36,0.024075452965996558,0
2014-03-09,3950.0,3969.0,3901.0,4013.0,7818758220,1990993,372,4032.0,3910.0,33.409476568156876,-131.66779487746544,-122.61675985113887,4456.952065688615,3866.347934311384,4161.65,4474.64,0.08542199488491042,1
2014-03-10,3900.0,3958.0,3900.0,3995.0,8016225601,2047297,347,4013.0,3942.0,35.72296018547017,-131.78224638990287,-124.44985715889167,4435.106517239461,3845.8934827605394,4140.5,4458.28,0.09563673262303407,1
2014-03-11,3911.0,3950.0,3881.0,3981.0,6910648041,1768273,449,3995.0,3917.0,34.70843292889637,-132.36442639093002,-126.03277100529934,4422.2341018241295,3820.765898175871,4121.5,4438.62,0.08629052846566254,1
2014-03-12,3876.0,4095.0,3840.0,3968.0,57172642434,14407619,677,3981.0,3990.0,40.061352902799506,-125.48876198841936,-125.92396920192336,4415.221626965357,3807.2783730346428,4111.25,4423.72,0.07769423558897248,1
2014-03-15,3950.0,4126.0,3950.0,4081.0,103341969892,25325646,1085,3968.0,4126.0,48.52789914266813,-107.82277122305231,-122.30372960614915,4408.900609755425,3806.199390244575,4107.55,4410.24,0.03756665050896757,0
2014-03-16,4170.0,4244.0,4150.0,4153.0,1222699055165,294436057,1031,4081.0,4244.0,54.529374892292026,-83.34004032456687,-114.5109917498327,4377.575754745608,3821.924245254392,4099.75,4400.62,-0.012723845428840752,0
2014-03-17,4287.0,4319.0,4202.0,4314.0,51905076291,12032571,941,4153.0,4319.0,57.890109459659804,-57.225763520060354,-103.05394610387823,4368.569404769981,3826.9305952300188,4097.75,4386.88,-0.02060662190321838,0
2014-03-18,4325.0,4400.0,4229.0,4339.0,2249640676320,518443000,642,4314.0,4255.0,54.20821139868632,-41.219127692939765,-90.68698242169054,4365.262734844087,3828.3372651559125,4096.8,4369.98,0.005875440658049458,0
2014-03-19,4300.0,4338.0,4230.0,4323.0,12554684151,2932433,600,4339.0,4300.0,56.31220649567623,-24.618838908808357,-77.4733537191141,4362.143573766762,3829.9564262332387,4096.05,4353.38,-0.023255813953488413,0
2014-03-25,4349.0,4349.0,4280.0,4320.0,4511379501,1050613,238,4323.0,4281.0,55.159800332473154,-12.848027594644918,-64.54828849422027,4355.428274330516,3833.3717256694845,4094.4,4338.86,-0.02592852137351087,0
2014-03-26,4309.0,4309.0,4171.0,4306.0,4960787321,1183230,206,4320.0,4190.0,49.89334808736728,-10.738724968509814,-53.786375789078186,4354.15441398748,3833.6455860125193,4093.9,4322.68,-0.01670644391408116,0
2014-03-29,4190.0,4230.0,4135.0,4296.0,3724721114,889408,272,4306.0,4230.0,52.06003643170885,-5.77287561790763,-44.183675754844074,4363.876615513407,3831.9233844865926,4097.9,4307.28,-0.032151300236406666,0
2014-03-30,4181.0,4284.0,4142.0,4292.0,4689848819,1102556,281,4296.0,4280.0,54.69710667727361,2.1721388376108735,-34.91251283635309,4385.512068858165,3831.3879311418355,4108.45,4293.88,-0.04065420560747668,0
2014-03-31,4290.0,4294.0,4180.0,4281.0,11033707461,2599289,351,4292.0,4200.0,49.961614445364866,1.9903451621612476,-27.531941236650223,4394.330243115151,3836.5697568848486,4115.45,4279.68,-0.017380952380952386,0
2014-04-05,4240.0,4240.0,4150.0,4260.0,9895528902,2365684,381,4281.0,4170.0,48.27378680876137,-0.5679301694544847,-22.139139023211076,4398.320309250491,3838.5796907495087,4118.45,4265.88,-0.033333333333333326,0
2014-04-06,4136.0,4160.0,4090.0,4213.0,13620386720,3316797,463,4260.0,4120.0,45.51403274934966,-6.5544087891594245,-19.02219297640075,4399.333979014515,3848.6660209854854,4124.0,4252.28,-0.02014563106796119,0
2014-04-07,4101.0,4190.0,4080.0,4199.0,6557372648,1592575,479,4213.0,4094.0,44.102124263882544,-13.244049772813014,-17.8665643356832,4394.24485709241,3869.2551429075897,4131.75,4240.16,-0.020517830972154427,0
2014-04-08,4100.0,4186.0,4089.0,4178.0,12071875274,2929708,376,4199.0,4106.0,44.95092132448381,-17.3770271842468,-17.768656905395922,4392.710939100392,3881.6890608996073,4137.2,4230.74,-0.025815879201169012,0
2014-04-09,4137.0,4178.0,4081.0,4178.0,1511544008473,361816894,348,4178.0,4127.0,46.482458179649164,-18.741872424723624,-17.963300009261463,4393.257422929224,3889.742577070776,4141.5,4222.08,-0.03537678701235769,0
2014-04-12,4100.0,4143.0,4020.0,4148.0,8852420895,2195652,419,4178.0,4031.0,40.88287786041913,-27.255732685214753,-19.821786544452124,4393.180126401043,3890.0198735989584,4141.6,4212.84,-0.01885388241131236,0
2014-04-13,4014.0,4148.0,3992.0,4146.0,1516699284799,365835340,721,4148.0,4037.0,41.35836324849417,-33.136896904286914,-22.484808616419084,4381.598860472213,3914.3011395277863,4147.95,4203.98,0.008174386920980936,0
2014-04-14,4000.0,4050.0,3981.0,4033.0,37153460578,9254751,924,4146.0,4010.0,39.80676949558558,-39.520864347670795,-25.892019762669428,4374.662583613114,3928.037416386887,4151.35,4196.3,0.042144638403990076,0
2014-04-15,3900.0,4020.0,3900.0,3991.0,26058571660,6572960,787,4033.0,4000.0,39.219899275681215,-44.86988881929392,-29.687593573994327,4363.819466205066,3947.180533794934,4155.5,4188.32,0.05824999999999991,1
2014-04-16,4018.0,4085.0,3980.0,4003.0,14165511877,3515574,459,3991.0,3981.0,38.07142170601932,-50.0650517093768,-33.76308520107082,4364.831290872098,3945.268709127902,4155.05,4179.34,0.08440090429540326,1
2014-04-19,4000.0,4000.0,3845.0,3991.0,5416060154,1384706,297,4003.0,3955.0,36.496455768740255,-55.638868199220724,-38.138241800700804,4373.548452978575,3919.451547021425,4146.5,4166.8,0.13426042983565112,1
2014-04-20,4040.0,4110.0,4031.0,4019.0,16647818142,4095961,347,3991.0,4070.0,46.95006179708852,-50.19796809070294,-40.55018705870123,4362.560850683487,3913.0391493165134,4137.8,4157.2,0.06412776412776422,1
2014-04-21,4060.0,4179.0,4050.0,4164.0,69751916109,16750846,792,4019.0,4179.0,54.58161885206294,-36.66794130379367,-39.77373790771972,4340.78628526636,3920.8137147336406,4130.8,4152.98,0.05288346494376639,1
2014-04-22,4290.0,4330.0,4233.0,4316.0,74076851241,17165137,1514,4164.0,4233.0,57.81902254464699,-21.34193238181342,-36.087376802538465,4337.289113394621,3922.1108866053783,4129.7,4148.68,0.02291519017245447,0
2014-04-23,4316.0,4344.0,4160.0,4318.0,65344822633,15132847,1227,4316.0,4317.0,62.31851406098318,-2.390307928616494,-29.347963027754073,4341.0403560735385,3920.059643926462,4130.55,4148.02,0.007644197359277349,0
2014-04-26,4320.0,4490.0,4320.0,4480.0,56871316829,12695783,1232,4318.0,4486.0,69.39253394687648,25.96655234586615,-18.28505995303003,4395.020062150816,3886.579937849185,4140.8,4152.7,-0.04101649576460098,0
2014-04-27,4560.0,4560.0,4330.0,4446.0,20372628151,4629231,807,4480.0,4331.0,58.538113181208,35.52287817520846,-7.523472327382331,4414.646008215947,3881.053991784053,4147.85,4155.08,-0.001385361348418379,0
2014-04-28,4330.0,4453.0,4276.0,4402.0,50892210772,11562361,742,4446.0,4400.0,61.430398505081754,48.10948242127233,3.6031186223486023,4443.155352111782,3869.544647888218,4156.35,4155.78,-0.007499999999999951,0
2014-04-29,4390.0,4438.0,4300.0,4385.0,17454089426,4006732,451,4402.0,4330.0,57.080180304884905,51.83848025028328,13.25019094793554,4450.749486124871,3866.95051387513,4158.85,4156.44,0.00484988452655899,0
2014-04-30,4300.0,4380.0,4300.0,4376.0,10297095146,2370312,401,4385.0,4350.0,57.99543267659173,55.76474942970344,21.75310264428912,4469.581446258403,3863.118553741597,4166.35,4159.54,-0.0027586206896551557,0
2014-05-03,4380.0,4380.0,4270.0,4361.0,10657019811,2472307,399,4376.0,4302.0,54.96592246905476,54.37633070212996,28.27774825585729,4481.90402570603,3863.9959742939695,4172.95,4161.58,-0.002789400278940035,0
2014-05-04,4367.0,4377.0,4281.0,4355.0,9041442363,2089042,416,4361.0,4325.0,56.14798238149852,54.503622802155405,33.522923165116914,4497.994282031872,3868.4057179681276,4183.2,4160.08,-0.02150289017341045,0
2014-05-05,4349.0,4398.0,4300.0,4357.0,13402743323,3072850,369,4355.0,4367.0,58.30044574621519,57.33265652380305,38.28486983685414,4518.5879523773365,3875.1120476226642,4196.85,4160.24,-0.035951454087474244,0
2014-05-06,4370.0,4397.0,4310.0,4372.0,68776061907,15729992,628,4357.0,4351.0,57.14960612420072,57.619419051889054,42.15177967986112,4534.702149869991,3883.4978501300093,4209.1,4161.78,-0.011721443346357163,0
2014-05-07,4379.0,4379.0,4304.0,4366.0,9118744247,2101043,246,4372.0,4338.0,56.179259292137495,56.15042195506794,44.95150813490249,4547.592845630087,3891.707154369912,4219.65,4162.24,-0.017289073305670866,0
2014-05-10,4334.0,4349.0,4282.0,4355.0,8148678155,1893142,305,4366.0,4290.0,52.6262316039527,50.53054762616193,46.067316033154384,4550.007876398742,3915.192123601259,4232.6,4161.76,-0.027972027972028024,0
2014-05-11,4285.0,4299.0,4183.0,4341.0,5409747861,1275952,297,4355.0,4232.0,48.62448966440091,40.9248848599118,45.038829798505866,4546.842545064667,3937.8574549353334,4242.35,4162.4,-0.019139886578449894,0
2014-05-12,4200.0,4250.0,4170.0,4323.0,6179849938,1469606,360,4341.0,4210.0,47.15962821642688,31.17771448909025,42.26660673662274,4538.230586958887,3966.4694130411135,4252.35,4163.6,0.009976247030878849,0
2014-05-14,4310.0,4310.0,4172.0,4299.0,13551362486,3193717,371,4323.0,4300.0,53.35101837452553,30.365228136007318,39.88633101649966,4529.162356469203,4005.537643530798,4267.35,4168.22,-0.009302325581395321,0
2014-05-17,4180.0,4263.0,4160.0,4277.0,9688674333,2308107,319,4299.0,4263.0,50.71987576966488,26.431055316514176,37.19527587650256,4508.066393934675,4054.833606065325,4281.45,4172.28,-0.009617640159512053,0
2014-05-18,4279.0,4279.0,4157.0,4249.0,17216383493,4094808,744,4277.0,4170.0,44.746417288092545,15.6287141580342,32.881963532808896,4471.261553662295,4113.138446337704,4292.2,4173.48,0.0023980815347721673,0
2014-05-19,4200.0,4246.0,4150.0,4225.0,13027940057,3126735,365,4249.0,4151.0,43.61622819846066,5.471566935200826,27.399884213287287,4457.83697348473,4134.66302651527,4296.25,4176.32,-0.00024090580582991628,0
2014-05-20,4240.0,4290.0,4240.0,4260.0,43379519935,10178652,691,4225.0,4252.0,50.73899271223487,5.508314074745613,23.021570185578952,4453.845314965914,4145.954685034085,4299.9,4182.58,-0.021636876763875823,0
2014-05-21,4290.0,4294.0,4252.0,4289.0,187396782492,43689185,403,4260.0,4260.0,51.26415826250124,6.112508396899102,19.639757827842985,4453.286673207337,4149.213326792663,4301.25,4187.84,-0.03356807511737092,0
2014-05-24,4292.0,4292.0,4200.0,4281.0,5653727547,1337479,215,4289.0,4222.0,48.61306944423824,3.4848827701316623,16.40878281630072,4452.164382566966,4140.835617433034,4296.5,4191.46,-0.03126480341070581,0
2014-05-25,4210.0,4278.0,4168.0,4271.0,114786920080,26878822,766,4281.0,4180.0,45.79422238567066,-1.9639393906709302,12.734238374906392,4418.413118906159,4143.986881093841,4281.2,4194.48,-0.023444976076555046,0
2014-05-26,4180.0,4180.0,4130.0,4238.0,12103328678,2916079,427,4271.0,4150.0,43.838829342421455,-8.603740919611482,8.466642516002818,4418.596270010391,4125.703729989608,4272.15,4199.28,-0.01855421686746983,0
2014-05-28,4120.0,4169.0,4120.0,4223.0,7930163310,1909181,342,4238.0,4160.0,44.686674559694836,-12.910095497332804,4.191294913335693,4401.984093221472,4118.315906778527,4260.15,4203.64,-0.025000000000000022,0
2014-05-31,4200.0,4200.0,4116.0,4199.0,23550532441,5638023,431,4223.0,4117.0,41.76679641703863,-19.56709585882527,-0.5603832410964991,4400.449660483083,4098.550339516917,4249.5,4207.64,-0.01870293903327669,0
2014-06-01,4167.0,4167.0,4033.0,4181.0,6952034478,1701718,317,4199.0,4090.0,39.999453827241496,-26.713553739095914,-5.791017340696382,4395.17513982965,4077.82486017035,4236.5,4209.64,-0.020537897310513475,0
2014-06-02,4150.0,4154.0,4081.0,4166.0,8142455195,1986649,377,4181.0,4082.0,39.46657323464971,-32.64637910125657,-11.16208969280842,4394.644317078522,4056.355682921477,4225.5,4208.76,-0.01763841254287113,0
2014-06-03,4150.0,4179.0,4073.0,4157.0,5995060594,1461952,287,4166.0,4073.0,38.839686948964136,-37.64051430977179,-16.457774616201096,4387.9598754711105,4037.840124528889,4212.9,4205.34,-0.031671986250920714,0
2014-06-07,4140.0,4140.0,4050.0,4144.0,6342752085,1559813,338,4157.0,4056.0,37.624017202022,-42.480471931146894,-21.662314079190256,4370.129946752979,4024.5700532470223,4197.35,4200.08,-0.038954635108481295,0
2014-06-08,4100.0,4100.0,4001.0,4131.0,4906919097,1217450,279,4144.0,4040.0,36.46711398847299,-47.06470685466138,-26.742792634284484,4352.433642638148,4011.1663573618525,4181.8,4195.78,-0.034653465346534684,0
2014-06-09,4049.0,4049.0,4006.0,4117.0,5369289466,1335230,281,4131.0,4006.0,34.06969610484461,-52.83224467958462,-31.960683043344513,4336.416354358935,3993.983645641065,4165.2,4189.9,-0.026460309535696447,0
2014-06-10,4035.0,4039.0,4002.0,4107.0,4665355013,1160710,229,4117.0,4010.0,34.61431260822242,-56.42980571415865,-36.85450757750734,4325.077658139179,3977.3223418608204,4151.2,4184.48,-0.04588528678304238,0
2014-06-11,4091.0,4099.0,3943.0,4060.0,16560672461,4156717,475,4107.0,3944.0,30.183850837038094,-63.87029022028719,-42.25766410606332,4328.332347137412,3945.2676528625875,4136.8,4179.56,-0.0040567951318458695,0
2014-06-14,4040.0,4070.0,3898.0,4023.0,11451568603,2919046,405,4060.0,3898.0,27.5382284332008,-72.64137876246468,-48.334407037343595,4335.78014819635,3906.61985180365,4121.2,4172.92,0.030015392508979,0
2014-06-15,3980.0,3980.0,3865.0,3997.0,8484266100,2178869,332,4023.0,3900.0,27.83439791151325,-78.52594809023913,-54.372715247922706,4319.915888768897,3882.4841112311024,4101.2,4165.32,0.05230769230769239,1
2014-06-16,3900.0,3990.0,3885.0,3981.0,8294657891,2118330,373,3997.0,3900.0,27.834397911513236,-82.24148305541576,-59.94646880942132,4305.26473848503,3860.8352615149706,4083.05,4159.32,0.02564102564102555,0
2014-06-17,3949.0,3949.0,3822.0,3947.0,13956814659,3597074,325,3981.0,3826.0,23.681008614950642,-90.11842374829894,-65.98085979719684,4310.592538190588,3821.1074618094117,4065.85,4152.44,0.032932566649241934,0
2014-06-18,3851.0,3930.0,3850.0,3929.0,12852420934,3304563,360,3947.0,3928.0,37.52027457560179,-87.1260733082695,-70.20990249941137,4303.199577464374,3806.200422535626,4054.7,4148.6,0.012983706720977706,0
2014-06-21,3950.0,4050.0,3930.0,3947.0,13528546565,3394793,486,3929.0,4015.0,46.441290273768665,-76.84857853835183,-71.53763770719947,4274.625990991244,3811.074009008756,4042.85,4147.02,-0.03362391033623913,0
2014-06-22,4020.0,4104.0,3996.0,4010.0,26496368532,6541512,585,3947.0,4104.0,53.7210077104999,-60.82092789481658,-69.3942957447229,4246.6954346305965,3823.4045653694043,4035.05,4146.98,-0.06115984405458086,0
2014-06-23,4066.0,4090.0,4000.0,4017.0,14816123176,3676580,349,4010.0,4000.0,45.874386285618584,-55.86683205848749,-66.68880300747581,4217.745226979342,3830.1547730206576,4023.95,4144.44,-0.04049999999999998,0
2014-06-24,4050.0,4099.0,3952.0,4055.0,32115424289,7891802,484,4017.0,3952.0,42.76936932513659,-55.17781871596799,-64.38660614917424,4194.763583467247,3830.3364165327525,4012.55,4142.86,-0.004807692307692291,0
2014-06-25,4050.0,4080.0,3893.0,4028.0,37447253181,9306858,724,4055.0,3979.0,45.023494606620254,-51.855340242871534,-61.8803529679137,4175.33592734735,3832.6640726526502,4004.0,4141.7,-0.016838401608444298,0
2014-06-28,3990.0,3990.0,3867.0,4013.0,5530250660,1413407,323,4028.0,3880.0,38.96360438145057,-56.55875066716544,-60.81603250776405,4153.645959314544,3826.354040685456,3990.0,4139.1,0.05154639175257736,1
2014-06-29,3880.0,3880.0,3853.0,3997.0,4310618782,1117674,154,4013.0,3853.0,37.481903801556946,-61.75306082104544,-61.00343817042033,4139.928906083436,3813.671093916564,3976.8,4136.16,0.01193874902673242,0
2014-06-30,3838.0,3858.0,3838.0,3962.0,9236656068,2406399,194,3997.0,3838.0,36.648097940736946,-66.31551965019935,-62.06585446637614,4129.324922407186,3799.075077592813,3964.2,4133.3,0.022928608650338633,0
2014-07-01,3804.0,3959.0,3804.0,3943.0,10993765446,2827114,320,3962.0,3933.0,44.99395181190716,-61.55601565993311,-61.96388670508754,4113.15827983192,3800.341720168081,3956.75,4132.86,0.017289600813628292,0
2014-07-02,3890.0,3949.0,3890.0,3937.0,8933372365,2280948,361,3943.0,3912.0,43.62579815301644,-58.80078016146308,-61.33126539636265,4096.693378230178,3800.7066217698216,3948.7,4129.7,0.0327198364008181,0
2014-07-05,3980.0,4094.0,3980.0,4015.0,23558795231,5770698,744,3937.0,4080.0,55.3284957905179,-42.570316108115094,-57.57907553871314,4101.694466302236,3798.1055336977647,3949.9,4127.72,-0.0051470588235293935,0
2014-07-06,4080.0,4098.0,3889.0,4005.0,6996854763,1769199,352,4015.0,3899.0,44.588932340143494,-43.80775519898907,-54.82481147076833,4090.2857826308827,3795.414217369117,3942.85,4121.04,0.04642215952808404,0
2014-07-07,3920.0,3938.0,3880.0,3985.0,7988126218,2049164,296,4005.0,3926.0,46.26452604991108,-42.124178928887886,-52.28468496239225,4083.530717443553,3794.169282556447,3938.85,4113.22,0.031584309730005034,0
2014-07-08,3901.0,4078.0,3900.0,3994.0,12220723268,3043357,477,3985.0,4001.0,50.72217549703566,-34.342184085602184,-48.69618478703424,4082.2463068694547,3794.5536931305455,3938.4,4103.52,-0.025243689077730558,0
2014-07-09,4035.0,4068.0,3921.0,3993.0,11847657706,2968157,373,3994.0,4040.0,52.909754807487246,-24.742704546439654,-43.905488738915324,4093.7252138346958,3792.674786165304,3943.2,4097.7,-0.1732673267326733,0
2014-07-12,4050.0,4090.0,4011.0,4009.0,8942263320,2197069,452,3993.0,4059.0,53.981564808012315,-15.424107134885162,-38.20921241810929,4108.3230721670025,3794.1769278329975,3951.25,4090.88,-0.1697462429169746,0
2014-07-13,4080.0,4090.0,4010.0,4027.0,17236254784,4251038,580,4009.0,4080.0,55.19540029981429,-6.27222475107601,-31.821814884702633,4124.986000922627,3795.513999077373,3960.25,4085.88,-0.17475490196078436,0
2014-07-14,4090.0,4090.0,4040.0,4039.0,17006089026,4192004,496,4027.0,4050.0,53.04290634514808,-1.4236305785634613,-25.7421780234748,4134.477172350458,3801.0228276495423,3967.75,4079.88,-0.1728395061728395,0
2014-07-15,4021.0,4060.0,3879.0,3970.0,35797002717,9046767,1207,4039.0,3900.0,43.83756033555436,-9.574462716013386,-22.508634961982516,4128.42958465985,3814.47041534015,3971.45,4071.84,-0.2948717948717948,0
2014-07-23,3350.0,3399.0,3330.0,3356.0,9579417033,2854596,270,3310.0,3340.0,25.821111573661796,-60.523696297024344,-30.111647228990883,4259.151545250068,3624.948454749932,3942.05,4052.14,-0.19610778443113774,0
2014-07-26,3389.0,3430.0,3360.0,3366.0,12773018301,3774353,484,3356.0,3370.0,27.539193575882493,-97.35829586850514,-43.56097695689374,4310.77012357529,3508.82987642471,3909.8,4032.2,-0.20178041543026703,0
2014-07-27,3420.0,3420.0,3350.0,3366.0,6290133682,1870314,273,3366.0,3367.0,27.470673543661746,-125.34713261689058,-59.91820808889311,4327.624597926897,3418.275402073102,3872.95,4012.52,-0.21591921591921592,0
2014-07-28,3371.0,3372.0,3335.0,3362.0,9248273443,2758895,603,3366.0,3350.0,27.05980457157395,-147.20337642127333,-77.37524175536916,4344.405345243989,3336.4946547560107,3840.45,3992.76,-0.22089552238805965,0
2014-08-10,2759.0,2759.0,2660.0,2736.0,11725708679,4285245,245,2670.0,2750.0,17.25216275530198,-210.51293066776907,-104.00277953784914,4469.443977625689,3091.2560223743117,3780.35,3961.96,-0.05490909090909091,0
2014-08-11,2736.0,2740.0,2681.0,2737.0,283639170898,103638282,568,2736.0,2685.0,16.552250217323362,-262.900610710833,-135.78234577244592,4546.415977878245,2884.8840221217547,3715.65,3931.02,-0.041713221601489714,0
2014-08-12,2700.0,2740.0,2680.0,2730.0,21363617215,7831770,439,2737.0,2690.0,16.831761319052447,-300.5502106225117,-168.7359187424591,4594.766274097142,2717.533725902858,3656.15,3900.62,-0.030855018587360616,0
2014-08-13,2700.0,2700.0,2637.0,2718.0,4825223338,1815622,365,2730.0,2640.0,16.245746253986283,-330.6112907741399,-201.11099314879527,4627.512112332024,2563.4878876679763,3595.5,3867.42,-0.03181818181818186,0
2014-08-16,2680.0,2680.0,2610.0,2690.0,7947531205,3036092,358,2718.0,2610.0,15.888314623878614,-352.7889314539161,-231.44658080981947,4644.257628447424,2423.9423715525754,3534.1,3834.36,-0.02605363984674325,0
2014-08-17,2640.0,2640.0,2583.0,2671.0,5747700513,2214874,471,2690.0,2599.0,15.751469131535927,-367.0216820554051,-258.5616010589366,4632.6092344296,2302.1907655704,3467.4,3802.94,-0.031165833012697153,0
2014-08-18,2600.0,2650.0,2567.0,2659.0,4560352672,1756704,269,2671.0,2573.0,15.413543979915403,-376.0641882867094,-282.0621185044912,4608.853819093609,2192.046180906391,3400.45,3771.38,-0.03769918383210258,0
2014-08-19,2590.0,2700.0,2553.0,2655.0,27831280227,10483090,599,2659.0,2607.0,17.894183329628717,-376.1508904532675,-300.8798728942465,4540.100226654567,2113.499773345433,3326.8,3738.48,-0.04487917146144993,0
2014-08-20,2650.0,2650.0,2551.0,2646.0,3087713363,1200332,263,2655.0,2556.0,17.08480999029294,-376.00057573529193,-315.90401346245557,4487.414191528662,2031.8858084713384,3259.65,3704.4,-0.022691705790297334,0
2014-08-23,2570.0,2680.0,2541.0,2616.0,20110310464,7722800,513,2646.0,2542.0,16.8593751531278,-372.71471006468073,-327.2661527829006,4416.194749121951,1964.7052508780494,3190.45,3670.8,-0.024390243902439046,0
2014-08-24,2577.0,2577.0,2512.0,2560.0,15964482480,6334137,509,2616.0,2518.0,16.458446039355223,-367.8073827151743,-335.37439876935537,4316.0903316830145,1916.5096683169857,3116.3,3637.56,-0.023828435266084247,0
2014-08-25,2558.0,2558.0,2468.0,2547.0,4721126135,1897050,382,2560.0,2476.0,15.752458251487468,-363.12150080071524,-340.92381917562733,4189.789350476092,1886.4106495239075,3038.1,3604.08,-0.0024232633279482885,0
2014-08-26,2529.0,2529.0,2490.0,2537.0,5996703938,2397161,384,2547.0,2490.0,17.03005150540011,-354.19527991843825,-343.57811132418954,4033.6174622631956,1885.6825377368045,2959.65,3570.68,-0.017670682730923648,0
2014-08-27,2538.0,2580.0,2480.0,2529.0,7318526974,2917618,357,2537.0,2498.0,17.79718106554806,-342.5272119346778,-343.3679314462872,3839.698679819794,1921.4013201802063,2880.55,3538.3,-0.011208967173738982,0
2014-08-30,2540.0,2540.0,2474.0,2525.0,2892207816,1159328,254,2529.0,2480.0,17.407199563908577,-330.9180166546985,-340.8779484879695,3610.68006993313,1993.4199300668702,2802.05,3506.1,0.0,0
2014-08-31,2525.0,2525.0,2436.0,2515.0,4925948479,1991871,263,2525.0,2458.0,16.919213064570926,-319.8063335532365,-336.6636255010229,3374.670241655296,2085.2297583447034,2729.95,3473.62,0.048413344182262064,0
2014-09-01,2489.0,2498.0,2450.0,2510.0,3647855305,1470132,235,2515.0,2470.0,18.265164348103156,-306.49881735063036,-330.63066387094443,3275.6679477918733,2097.2320522081263,2686.45,3441.56,0.047368421052631504,0
2014-09-02,2470.0,2489.0,2430.0,2502.0,4030014176,1641014,294,2510.0,2446.0,17.649319402813575,-294.49436656681473,-323.4034044101185,3146.9601242328495,2133.5398757671505,2640.25,3409.36,0.052739165985282055,1
2014-09-03,2450.0,2502.0,2421.0,2496.0,17586998147,7054735,856,2502.0,2470.0,20.534744239813634,-279.8185790117818,-314.6864393304512,2981.2405888447624,2209.5594111552377,2595.4,3377.96,0.04048582995951411,0
2014-09-06,2515.0,2515.0,2470.0,2498.0,7596166381,3036167,371,2496.0,2480.0,21.764781631623038,-264.3339183460239,-304.61593513356576,2725.344976866083,2378.455023133917,2551.9,3347.44,0.008064516129032251,0
2014-09-07,2500.0,2590.0,2470.0,2524.0,14101226596,5530869,710,2498.0,2577.0,32.65427076303523,-241.45181761534604,-291.98311162992184,2691.7799633073296,2394.7200366926704,2543.25,3318.78,-0.010477299185098987,0
2014-09-08,2580.0,2610.0,2550.0,2562.0,27883328225,10883313,538,2524.0,2587.0,33.67913964599947,-219.9749373549539,-277.58147677492826,2673.7357821193827,2402.964217880617,2538.35,3291.64,-0.018554310011596464,0
2014-09-09,2580.0,2637.0,2520.0,2599.0,57298724806,22046889,608,2562.0,2575.0,33.029567984256275,-201.59874983065856,-262.38493138607436,2650.35466020535,2414.84533979465,2532.6,3265.18,-0.029126213592232997,0
2014-09-10,2560.0,2600.0,2501.0,2595.0,4000926625,1556403,218,2599.0,2570.0,32.746167879089526,-185.30289066113255,-246.96852324108602,2637.681582232336,2420.518417767664,2529.1,3238.58,-0.015953307392996163,0
2014-09-13,2600.0,2600.0,2492.0,2585.0,4358747769,1721569,311,2595.0,2500.0,28.995256619315143,-176.00781136123396,-232.77638086511564,2626.212669783404,2420.9873302165956,2523.6,3210.58,0.008799999999999919,0
2014-09-14,2593.0,2595.0,2482.0,2562.0,9790342796,3882939,475,2585.0,2550.0,34.74497913792533,-162.73095081161273,-218.76729485441507,2618.657486892434,2423.642513107566,2521.15,3185.06,-0.018039215686274535,0
2014-09-15,2549.0,2550.0,2513.0,2558.0,3458825027,1368060,190,2562.0,2539.0,34.09093685695329,-151.35186119795935,-205.28420812312393,2614.4352093753455,2424.464790624654,2519.45,3157.28,-0.0074832611264277205,0
2014-09-16,2550.0,2550.0,2500.0,2555.0,2635705635,1041626,245,2558.0,2500.0,31.804992416026096,-143.822923623753,-192.99195122324977,2600.4154679074304,2427.7845320925694,2514.1,3126.98,0.0016000000000000458,0
2014-09-17,2547.0,2547.0,2500.0,2551.0,3099912332,1228194,223,2555.0,2529.0,35.28020929498632,-133.9717853690472,-181.18791805240926,2597.2269199253783,2428.2730800746217,2512.75,3095.48,-0.011071569790431002,0
2014-09-20,2548.0,2548.0,2519.0,2549.0,2245790029,887889,265,2551.0,2522.0,34.818966146312576,-125.28531767240793,-170.007397976409,2595.2865189607446,2428.2134810392554,2511.75,3065.92,-0.011102299762093537,0
2014-09-21,2550.0,2550.0,2500.0,2545.0,4304728037,1705697,315,2549.0,2504.0,33.60242029127363,-118.4878251160967,-159.70348340434654,2594.599925194933,2427.5000748050675,2511.05,3036.96,-0.009584664536741228,0
2014-09-22,2549.0,2549.0,2506.0,2543.0,4086715716,1614170,216,2545.0,2520.0,35.75128569468676,-110.53551242820458,-149.86988920911816,2595.296023670125,2431.203976329875,2513.25,3007.78,-0.001984126984126977,0
2014-09-23,2544.0,2544.0,2500.0,2539.0,3645353142,1449499,206,2543.0,2504.0,34.54720775419047,-104.3217573316715,-140.76026283362884,2595.427542918762,2432.4724570812377,2513.95,2980.26,0.030351437699680517,0
2014-09-24,2520.0,2520.0,2500.0,2536.0,2855192504,1138037,282,2539.0,2501.0,34.31385207998643,-98.50389499300081,-132.30898926550324,2595.4705106293345,2432.7294893706653,2514.1,2953.22,0.02558976409436231,0
2014-09-27,2520.0,2520.0,2489.0,2531.0,4467435449,1784647,355,2536.0,2494.0,33.74115258993139,-93.38159378757018,-124.52351016991663,2595.2203954235406,2434.3796045764598,2514.8,2926.34,0.04210104250200475,0
2014-09-28,2530.0,2531.0,2470.0,2521.0,47463226282,18823554,336,2531.0,2480.0,32.570322020228645,-89.42102624727386,-117.50301338538807,2593.743175680843,2438.0568243191574,2515.9,2897.28,0.040322580645161255,0
2014-09-29,2522.0,2522.0,2470.0,2513.0,33217160346,13220336,466,2521.0,2515.0,38.33163253468632,-82.50695166445166,-110.5038010412008,2593.1040525927615,2443.1959474072387,2518.15,2869.34,0.014314115308151187,0
2014-09-30,2514.0,2599.0,2512.0,2527.0,9552545270,3741633,465,2513.0,2580.0,47.33176599117405,-70.96450631706193,-102.59594209637302,2596.7006089054084,2452.9993910945914,2524.85,2839.34,-0.010465116279069764,0
2014-10-01,2590.0,2606.0,2530.0,2542.0,7264438036,2811009,325,2527.0,2565.0,45.67512343573067,-62.309148779168936,-94.53858343293221,2598.8312068367845,2460.3687931632153,2529.6,2812.66,-0.01754385964912286,0
2014-10-04,2599.0,2599.0,2560.0,2548.0,3927260450,1520835,263,2542.0,2599.0,49.95116954106435,-52.10555926909137,-86.05197860016405,2607.1222711675223,2463.977728832478,2535.55,2786.12,-0.018468641785302053,0
2014-10-06,2594.0,2600.0,2570.0,2551.0,2621740174,1014629,177,2548.0,2580.0,47.69200144283946,-45.03316795186129,-77.8482164705035,2607.630800079502,2463.7691999204976,2535.7,2757.7,0.015891472868217127,0
2014-10-07,2562.0,2596.0,2550.0,2553.0,59863363947,23450173,228,2551.0,2551.0,44.39184051998677,-41.292312441759805,-70.53703566475477,2602.321926310777,2465.478073689223,2533.9,2727.92,0.019600156801254487,0
2014-10-08,2587.0,2587.0,2540.0,2553.0,5318416108,2081552,328,2553.0,2553.0,44.67616778385792,-37.73133091741511,-63.975894715286834,2599.221683207199,2466.3783167928013,2532.8,2697.8,0.04582843713278506,0
2014-10-14,2587.0,2589.0,2520.0,2554.0,2016647579,787597,160,2553.0,2520.0,40.95518622742731,-37.14388008304377,-58.60949178883823,2594.664897266116,2465.9351027338844,2530.3,2666.6,0.051587301587301626,1
2014-10-15,2554.0,2599.0,2537.0,2557.0,7530381684,2936765,301,2554.0,2551.0,45.543603843098936,-33.78740002667837,-53.64507343640626,2596.244873610391,2469.4551263896087,2532.85,2636.62,0.034104272834182714,0
2014-10-18,2560.0,2644.0,2540.0,2569.0,6938046117,2664091,360,2557.0,2621.0,54.19883608143438,-25.188592005005376,-47.953777150126086,2610.3172510316585,2462.4827489683416,2536.4,2611.04,-0.005723006486074045,0
2014-10-19,2601.0,2601.0,2579.0,2573.0,4191302593,1615689,222,2569.0,2601.0,51.67186315594231,-19.76002626717036,-42.31502697353494,2618.6113139827485,2460.3886860172515,2539.5,2596.26,0.005767012687427853,0
2014-10-20,2604.0,2675.0,2604.0,2669.0,52416314761,19639247,931,2573.0,2670.0,58.80749745408346,-9.777417483770478,-35.80750507558205,2643.2029411314397,2452.7970588685603,2548.0,2582.26,-0.014981273408239737,0
2014-10-21,2700.0,2728.0,2626.0,2674.0,9515544066,3544955,334,2669.0,2650.0,56.21652887398526,-3.4403032804366376,-29.33406471655297,2658.5765038163813,2449.523496183619,2554.05,2567.92,-0.018867924528301883,0
2014-10-22,2674.0,2680.0,2590.0,2664.0,7527182283,2853992,333,2674.0,2638.0,54.66042568984848,0.6066130131198406,-23.345929170618408,2669.3731025860548,2450.326897413945,2559.85,2553.68,-0.010614101592115288,0
2014-10-25,2635.0,2640.0,2596.0,2655.0,5377251403,2054596,238,2664.0,2606.0,50.63528521728759,1.2176544053581893,-18.43321245542309,2673.0859792117085,2456.814020788291,2564.95,2550.8,-0.004221028396009241,0
2014-10-26,2655.0,2670.0,2616.0,2654.0,6803683350,2564934,352,2655.0,2616.0,51.82907463816082,2.480234933119391,-14.250522977714594,2678.001327936773,2461.498672063227,2569.75,2549.42,-0.008027522935779796,0
2014-10-27,2675.0,2675.0,2590.0,2650.0,5085200673,1933190,288,2654.0,2630.0,53.52363094631563,4.557980532554666,-10.488822275660743,2682.919031997461,2469.1809680025394,2576.05,2548.22,-0.004562737642585524,0
2014-10-28,2647.0,2647.0,2595.0,2645.0,3536639899,1355345,198,2650.0,2600.0,49.504830039522155,3.740738702681483,-7.642910079992298,2682.5440790990488,2479.4559209009512,2581.0,2547.42,-0.006538461538461493,0
2014-10-29,2630.0,2630.0,2597.0,2630.0,9883855944,3799744,428,2645.0,2610.0,50.830127705291076,3.8555408165675544,-5.343219900680327,2680.773613318173,2492.8263866818274,2586.8,2547.42,-0.009578544061302652,0
2014-11-01,2623.0,2669.0,2590.0,2627.0,14177920075,5404540,605,2630.0,2595.0,48.76271392941209,2.704966509024416,-3.7335826187393786,2672.7434535986135,2512.356546401387,2592.55,2547.34,-0.005780346820809301,0
2014-11-02,2629.0,2650.0,2575.0,2618.0,8266625090,3182024,477,2627.0,2595.0,48.76271392941209,1.7726935728123863,-2.6323273804290257,2668.420647694818,2524.6793523051824,2596.55,2547.78,-0.006936416184971095,0
2014-11-05,2610.0,2619.0,2580.0,2612.0,10528046018,4046102,525,2618.0,2618.0,52.21868609950984,2.856836502301121,-1.5344946038829965,2670.4790913455977,2526.420908654402,2598.45,2548.0,-0.025974025974025983,0
2014-11-08,2620.0,2648.0,2579.0,2605.0,18948778646,7283227,632,2612.0,2583.0,47.021098893673596,0.8816569000223353,-1.0512643031019302,2670.1236532904186,2528.5763467095812,2599.35,2548.54,-0.02516453735965929,0
2014-11-09,2599.0,2600.0,2567.0,2600.0,6199518829,2400806,385,2605.0,2585.0,47.343631320982865,-0.5163516989141499,-0.9442817822643742,2669.700052780223,2527.5999472197773,2598.65,2549.4,-0.02669245647969054,0
2014-11-10,2598.0,2598.0,2567.0,2592.0,8779568113,3409539,375,2600.0,2580.0,46.580154155163214,-2.004633630287117,-1.1563521518689228,2669.700052780223,2527.5999472197773,2598.65,2550.64,-0.03100775193798455,0
2014-11-11,2588.0,2601.0,2551.0,2589.0,10126963075,3920468,490,2592.0,2577.0,46.099791341232034,-3.3871378941225885,-1.6025093003196562,2668.3677608525177,2531.532239147482,2599.95,2552.66,-0.033760186263096625,0
2014-11-12,2589.0,2600.0,2550.0,2585.0,6194008516,2407975,446,2589.0,2550.0,41.91069354535061,-6.585542797194648,-2.599115999694655,2668.6406856449903,2530.95931435501,2599.8,2553.86,-0.039215686274509776,0
2014-11-15,2580.0,2580.0,2500.0,2574.0,4364616244,1732991,358,2585.0,2518.0,37.55497405426207,-11.56907321644303,-4.393107443044331,2669.008296762165,2530.3917032378345,2599.7,2554.26,-0.030976965845909477,0
2014-11-16,2548.0,2548.0,2505.0,2564.0,4646003282,1847207,371,2574.0,2516.0,37.294094631477925,-15.501251485467037,-6.614736251528872,2673.568714615315,2522.3312853846846,2597.95,2554.98,-0.015898251192368873,0
2014-11-17,2519.0,2547.0,2498.0,2553.0,6736490093,2674667,379,2564.0,2500.0,35.18816594547785,-19.68171877332952,-9.228132755889002,2677.832298933946,2505.9677010660544,2591.9,2555.82,-0.023599999999999954,0
2014-11-18,2529.0,2529.0,2470.0,2535.0,7931837795,3182110,378,2553.0,2490.0,33.89972514312271,-23.5304413632698,-12.088594477365163,2682.896931593259,2489.8030684067407,2586.35,2556.22,-0.04056224899598393,0
2014-11-19,2470.0,2495.0,2440.0,2505.0,10797115239,4384973,484,2535.0,2450.0,29.281217713495522,-29.468552322758114,-15.564586046443754,2680.972488136165,2469.727511863835,2575.35,2556.3,-0.03306122448979587,0
2014-11-22,2495.0,2495.0,2434.0,2489.0,7254383935,2963009,412,2505.0,2440.0,28.24518243081758,-34.58281529873648,-19.3682318969023,2680.021654499166,2449.678345500834,2564.85,2555.7,-0.04836065573770487,0
2014-11-23,2463.0,2541.0,2460.0,2490.0,5643578225,2263071,313,2489.0,2476.0,36.90077177479135,-35.32381546169654,-22.55934860986115,2672.985751815334,2440.514248184666,2556.75,2555.62,-0.0945072697899838,0
2014-11-24,2491.0,2540.0,2441.0,2488.0,15246352705,6133222,629,2490.0,2441.0,32.76289057931898,-38.293843333397945,-25.70624755456851,2672.7296260965018,2424.2703739034982,2548.5,2552.9,-0.06226956165505937,0
2014-11-25,2460.0,2460.0,2389.0,2467.0,6458570070,2689085,460,2488.0,2389.0,27.778896282050667,-44.33253932024809,-29.431505907704427,2675.3328860607476,2398.9671139392526,2537.15,2548.94,-0.05064880703223107,0
2014-11-26,2401.0,2444.0,2369.0,2418.0,13259104371,5588721,558,2467.0,2369.0,26.132310109551696,-50.1539388618512,-33.575992498533786,2673.578961730668,2374.6210382693316,2524.1,2544.82,-0.05783030814689738,0
2014-11-29,2399.0,2399.0,2322.0,2335.0,22817630945,9808182,663,2418.0,2322.0,22.72353795563734,-57.89259731909806,-38.439313462646645,2679.2793896371754,2341.120610362824,2510.2,2539.86,-0.009474590869939736,0
2014-11-30,2360.0,2360.0,2242.0,2254.0,26834630207,11903517,840,2335.0,2242.0,18.338602381615885,-69.67767049991335,-44.686984870099984,2690.867425763437,2292.7325742365633,2491.8,2534.7,0.004460303300624524,0
2014-12-01,2252.0,2343.0,2244.0,2324.0,35590608049,15317141,597,2254.0,2289.0,27.223838376468933,-74.36765466722,-50.62311882952399,2688.1293930437896,2264.8706069562104,2476.5,2529.48,-0.00830056793359546,0
2014-12-02,2342.0,2342.0,2252.0,2317.0,3616652277,1590136,314,2324.0,2268.0,25.869443313076317,-78.86986272232116,-56.27246760808343,2682.8689035535244,2237.4310964464757,2460.15,2524.06,-0.012345679012345734,0
2014-12-03,2300.0,2300.0,2232.0,2306.0,3730299697,1662083,298,2317.0,2232.0,23.693291031874494,-84.37022672307239,-61.89201943108123,2672.2390879019267,2209.460912098073,2440.85,2518.7,-0.007168458781361964,0
2014-12-06,2250.0,2373.0,2215.0,2343.0,36327932555,15506602,487,2306.0,2300.0,34.84279927369167,-82.29364322824131,-65.97234419051325,2656.191699196478,2197.2083008035215,2426.7,2514.12,-0.04347826086956519,0
2014-12-07,2300.0,2300.0,2252.0,2334.0,3022595225,1329851,251,2343.0,2252.0,31.35958418386116,-83.55793088068685,-69.48946152854798,2639.505420507096,2180.5945794929044,2410.05,2508.72,-0.04085257548845467,0
2014-12-08,2270.0,2310.0,2250.0,2327.0,2908423232,1277253,233,2334.0,2270.0,34.02321690659032,-82.16034507128461,-72.02363823709531,2617.7875192481984,2171.312480751802,2394.55,2504.04,-0.05947136563876654,0
2014-12-09,2270.0,2298.0,2234.0,2295.0,11710265551,5180032,342,2327.0,2240.0,31.807771218104506,-82.52223259871835,-74.12335710941993,2594.0766161120255,2161.323383887974,2377.7,2498.44,-0.050892857142857184,0
2014-12-10,2251.0,2255.0,2216.0,2289.0,2728806136,1219284,201,2295.0,2216.0,30.11815242598648,-83.77986832421539,-76.05465935237902,2573.120720345968,2148.879279654032,2361.0,2492.68,-0.020758122743682272,0
2014-12-14,2217.0,2248.0,2198.0,2244.0,11779182512,5356559,302,2289.0,2200.0,29.01172613830559,-85.08679240175024,-77.86108596225327,2555.429170587662,2134.7708294123377,2345.1,2486.66,-0.006363636363636349,0
2014-12-15,2195.0,2195.0,2155.0,2201.0,11502321513,5334608,429,2244.0,2160.0,26.400573761760384,-88.33196890236331,-79.95526255027528,2537.018954794495,2117.5810452055052,2327.3,2479.98,-0.0009259259259258856,0
2014-12-16,2126.0,2200.0,2126.0,2195.0,3748985946,1734451,217,2201.0,2135.0,24.89260057868961,-91.86215597375667,-82.33664123497155,2519.003780628254,2099.0962193717464,2309.05,2473.08,0.025292740046838347,0
2014-12-17,2181.0,2181.0,2125.0,2192.0,1233103610,577491,155,2195.0,2126.0,24.353306840408976,-94.2990585969419,-84.72912470736563,2497.9936940872167,2083.706305912783,2290.85,2465.3,0.02775164628410165,0
2014-12-20,2141.0,2180.0,2113.0,2188.0,2541147795,1180516,195,2192.0,2170.0,32.098453139392305,-91.62370813252119,-86.10804139239674,2476.799268566053,2076.900731433947,2276.85,2457.1,0.009216589861751112,0
2014-12-22,2190.0,2219.0,2180.0,2189.0,3642491979,1659025,323,2188.0,2186.0,34.71602293577547,-87.20713773296075,-86.32786066050954,2452.9930830083554,2075.306916991645,2264.15,2449.52,0.0018298261665141702,0
2014-12-24,2200.0,2200.0,2145.0,2187.0,1820123088,841693,217,2189.0,2158.0,32.36469676767706,-84.98666647708887,-86.05962182382541,2415.3665760782033,2081.1334239217967,2248.25,2440.7,-0.003707136237256714,0
2014-12-27,2123.0,2190.0,2114.0,2181.0,3221492343,1502799,255,2187.0,2189.0,37.418488113033625,-79.80553752759306,-84.80880496457894,2379.053312374934,2092.246687625066,2235.65,2432.88,-0.0004568296025582175,0
2014-12-28,2181.0,2209.0,2169.0,2182.0,2643920776,1208789,213,2181.0,2185.0,37.03396096119412,-75.15587196855631,-82.87821836537442,2351.775729762799,2099.1242702372006,2225.45,2425.56,-0.010526315789473717,0
2014-12-29,2182.0,2243.0,2182.0,2191.0,158127159772,72187222,334,2182.0,2190.0,37.89312316256482,-70.2576340294986,-80.35410149819927,2324.9794911497306,2108.0205088502694,2216.5,2418.3,-0.0009132420091324533,0
2014-12-30,2190.0,2210.0,2151.0,2191.0,4574660105,2086866,281,2191.0,2190.0,37.89312316256482,-65.61932642448755,-77.40714648345693,2307.4087688369873,2112.391231163013,2209.9,2411.7,-0.01187214611872145,0
2014-12-31,2191.0,2210.0,2150.0,2190.0,4010608933,1834372,317,2191.0,2150.0,33.63498821037689,-64.42840933880098,-74.81139905452574,2304.9736675361423,2105.626332463858,2205.3,2403.68,0.013488372093023226,0
2015-01-03,2190.0,2200.0,2151.0,2189.0,1742772074,798863,130,2190.0,2188.0,40.47796517682831,-59.729788723646834,-71.79507698834996,2292.399606619376,2108.100393380624,2200.25,2395.02,-0.0415904936014625,0
2015-01-04,2199.0,2199.0,2158.0,2188.0,1142948409,526304,107,2189.0,2162.0,37.61974191882456,-57.44192597703159,-68.92444678608629,2283.005607431362,2106.8943925686376,2194.95,2386.24,-0.03098982423681773,0
2015-01-05,2180.0,2210.0,2170.0,2188.0,3096344512,1415931,265,2188.0,2188.0,42.02812669736019,-52.920758002025195,-65.72370902927408,2279.176558418731,2106.323441581269,2192.75,2376.6,-0.022851919561243106,0
2015-01-06,2200.0,2218.0,2138.0,2186.0,3454109871,1590820,214,2188.0,2164.0,39.2693970796406,-50.689976733834555,-62.716962570186176,2257.7092502755345,2114.190749724465,2185.95,2366.88,-0.03419593345656191,0
2015-01-07,2186.0,2190.0,2158.0,2184.0,8067709105,3700733,339,2186.0,2179.0,41.83899803517358,-47.16796888287263,-59.60716383272347,2247.3633537416194,2117.236646258381,2182.3,2357.7,-0.03625516291877007,0
2015-01-10,2175.0,2184.0,2097.0,2149.0,28726299269,13370205,389,2184.0,2097.0,33.49544361336953,-50.412344852826664,-57.76820003674412,2235.7057007865333,2111.594299213467,2173.65,2347.52,0.0009537434430137992,0
2015-01-11,2071.0,2118.0,2064.0,2138.0,2892965016,1400926,211,2149.0,2095.0,33.32090663066265,-52.53927936087848,-56.722415901571,2229.6246787268096,2103.1753212731905,2166.4,2337.1,-0.025298329355608606,0
2015-01-12,2066.0,2149.0,2066.0,2138.0,2820115966,1319737,332,2138.0,2138.0,40.499590490170476,-50.17674338444158,-55.413281398145116,2222.548313882311,2102.451686117689,2162.5,2327.26,-0.049111318989709996,0
2015-01-13,2120.0,2120.0,2071.0,2135.0,1455971839,695229,139,2138.0,2090.0,35.85864486515196,-51.58299874894874,-54.64722486830584,2222.228827983561,2091.771172016439,2157.0,2317.06,-0.028708133971291905,0
2015-01-14,2101.0,2101.0,2076.0,2133.0,1150643725,550968,126,2135.0,2100.0,37.46637408695361,-51.29920453311934,-53.97762080126854,2223.762454086057,2084.237545913943,2154.0,2306.86,-0.03809523809523807,0
2015-01-17,2100.0,2100.0,2081.0,2125.0,4300505705,2054202,217,2133.0,2099.0,37.365511433629486,-50.57202439783259,-53.29650152058136,2225.593732703204,2078.806267296796,2152.2,2296.94,-0.03954263935207236,0
2015-01-18,2080.0,2081.0,2040.0,2117.0,2716879207,1320712,234,2125.0,2042.0,32.06644799926184,-53.97298555226189,-53.431798326917466,2235.221556969075,2060.778443030925,2148.0,2285.88,-0.01518119490695402,0
2015-01-19,2050.0,2050.0,2033.0,2109.0,2333641770,1143765,201,2117.0,2033.0,31.311385655282734,-56.74042821681769,-54.093524304897514,2240.990422675939,2041.3095773240611,2141.15,2274.18,-0.013280865715691093,0
2015-01-20,2050.0,2050.0,2025.0,2104.0,1422214959,701090,163,2109.0,2030.0,31.048938336891325,-58.50135419939761,-54.975090283797535,2241.947007325758,2024.7529926742418,2133.35,2263.12,-0.014285714285714235,0
2015-01-21,2049.0,2049.0,2020.0,2100.0,1182391039,583814,73,2104.0,2020.0,30.142004893376523,-60.01203576182479,-55.98247937940299,2244.9868719011565,2007.913128098843,2126.45,2251.82,-0.006930693069306937,0
2015-01-24,2016.0,2016.0,2016.0,2094.0,1429460928,709058,76,2100.0,2016.0,29.767450430670024,-60.83080865817874,-56.95214523515814,2241.9331543146795,1993.666845685321,2117.8,2240.54,0.0044642857142858094,0
2015-01-25,2011.0,2011.0,2011.0,2089.0,1250387514,621774,71,2094.0,2011.0,29.277700370324496,-61.17792920480133,-57.79730202908679,2237.4914327364277,1980.7085672635721,2109.1,2229.22,-0.005967180507210346,0
2015-01-26,2006.0,2006.0,2006.0,2084.0,1219170572,607762,43,2089.0,2006.0,28.767985857727595,-61.15156576748495,-58.468154776766426,2230.141160928922,1969.658839071078,2099.9,2218.34,-0.0029910269192422456,0
2015-01-27,2001.0,2001.0,2001.0,2063.0,5591670438,2794438,115,2084.0,2001.0,28.238545499133167,-60.83288711126875,-58.94110124366689,2220.596801728333,1960.3031982716664,2090.45,2208.0,0.00949525237381299,0
2015-01-28,1981.0,2040.0,1981.0,2017.0,15870054972,7934671,740,2063.0,2006.0,29.633179341959575,-59.491097427780005,-59.051100480489524,2215.3406885443283,1951.159311455672,2083.25,2197.8,0.001994017946161497,0
2015-01-31,2000.0,2055.0,2000.0,2019.0,10404173012,5147258,575,2017.0,2025.0,34.817239095919945,-56.24620696433158,-58.49012177725794,2200.265330663548,1949.9346693364519,2075.1,2188.3,-0.012345679012345734,0
2015-02-01,2038.0,2039.0,1992.0,2033.0,30066471966,14789563,343,2019.0,1999.0,31.407367420867075,-55.13700552471391,-57.819498526749136,2189.622694598741,1944.2773054012587,2066.95,2178.48,-0.009504752376188086,0
2015-02-02,2000.0,2032.0,1980.0,2031.0,105484273489,51929674,236,2033.0,2000.0,31.68449155286406,-53.55985903470355,-56.96757062834002,2170.0710646950906,1945.0289353049097,2057.55,2169.48,-0.02949999999999997,0
2015-02-03,2049.0,2049.0,1981.0,2031.0,6404688901,3155538,244,2031.0,2020.0,37.153315291674396,-50.11839259341696,-55.59773502135541,2152.6696462079362,1948.0303537920634,2050.35,2161.08,-0.034653465346534684,0
2015-02-04,2010.0,2031.0,2001.0,2030.0,3018518965,1491590,240,2031.0,2010.0,35.61799571948663,-47.64865800160055,-54.00791961740445,2126.7478638512366,1957.0521361487636,2041.9,2151.76,-0.027363184079602032,0
2015-02-07,2029.0,2030.0,1997.0,2025.0,6685231024,3330278,325,2030.0,2000.0,34.10043587346229,-45.96839690542993,-52.40001507500955,2119.808624928876,1954.291375071124,2037.05,2142.94,-0.03400000000000003,0
2015-02-08,2000.0,2000.0,1970.0,2021.0,2649287989,1335202,228,2025.0,1980.0,31.23414264413509,-45.72353824711445,-51.064719709430534,2113.1293345941344,1949.4706654058655,2031.3,2134.76,0.009595959595959602,0
2015-02-09,1990.0,2005.0,1941.0,2014.0,3358504692,1713540,263,2021.0,1941.0,26.548034052156353,-48.12174256613116,-50.47612428077066,2096.6948669353574,1946.205133064643,2021.45,2126.2,0.017516743946419444,0
2015-02-10,1934.0,1997.0,1934.0,2003.0,6919599934,3519033,297,2014.0,1950.0,29.188315771749203,-48.73433292927939,-50.127766010472406,2088.928117592486,1939.9718824075142,2014.45,2118.76,-0.004102564102564155,0
2015-02-14,1996.0,1996.0,1942.0,2002.0,889309306,454037,121,2003.0,1955.0,30.679128314753683,-48.26004523169718,-49.754221854717365,2074.874515145073,1939.5254848549268,2007.2,2113.02,-0.000511508951406614,0
2015-02-15,1991.0,1991.0,1923.0,1996.0,3330265113,1710716,219,2002.0,1932.0,27.781659241061803,-49.17323811556639,-49.63802510688717,2060.058741206803,1937.6412587931968,1998.85,2105.88,-0.00776397515527949,0
2015-02-16,1924.0,2006.0,1924.0,2004.0,51016659091,25453739,344,1996.0,1999.0,44.28815792923602,-43.98359449904751,-48.507138985319244,2054.6278862045006,1938.7721137954993,1996.7,2100.5,-0.04452226113056523,0
2015-02-17,2005.0,2006.0,1950.0,2002.0,2671918688,1344713,152,2004.0,1975.0,40.69960943428541,-41.330926771016266,-47.07189654245865,2049.948374866258,1937.6516251337423,1993.8,2095.36,-0.040000000000000036,0
2015-02-18,1997.0,2010.0,1942.0,2008.0,74427237095,37069729,221,2002.0,1942.0,36.33949872937124,-41.41409676448461,-45.94033658686384,2047.2771111936502,1931.52288880635,1989.4,2088.2,-0.03192584963954681,0
2015-02-21,1980.0,1999.0,1954.0,1996.0,3876332041,1960183,229,2008.0,1954.0,38.9026919166887,-40.05003796433016,-44.762276862357105,2044.147911246852,1928.052088753148,1986.1,2082.24,-0.05629477993858756,0
2015-02-22,1970.0,1979.0,1917.0,1947.0,7644010314,3953017,472,1996.0,1917.0,34.31494218009723,-41.47648718968685,-44.10511892782306,2044.7716158245198,1917.5283841754804,1981.15,2075.18,-0.026082420448617638,0
2015-02-23,1920.0,1970.0,1890.0,1965.0,32355786130,16469407,221,1947.0,1910.0,33.509799418906326,-42.679813651836184,-43.82005787262568,2045.237254791633,1906.9627452083669,1976.1,2068.58,-0.0010471204188481353,0
2015-02-24,1900.0,1943.0,1888.0,1921.0,6077020738,3202958,260,1965.0,1896.0,31.897799469957775,-44.253020268598675,-43.90665035182028,2046.516796561259,1894.6832034387407,1970.6,2062.18,0.007383966244725704,0
2015-02-25,1900.0,1910.0,1849.0,1859.0,11315779431,6087351,837,1921.0,1880.0,30.114805445866438,-46.25763490830036,-44.3768472631163,2048.6558261960736,1880.4441738039266,1964.55,2055.78,0.0031914893617022155,0
2015-02-28,1850.0,1856.0,1814.0,1853.0,4659577440,2523300,229,1859.0,1844.0,26.522517723989935,-50.17284427093523,-45.536046664680086,2053.270400743463,1859.6295992565372,1956.45,2049.46,0.013015184381778733,0
2015-03-01,1883.0,1883.0,1844.0,1857.0,15886683125,8556413,375,1853.0,1867.0,32.09564188993079,-50.833787853957574,-46.59559490253559,2047.4691083670157,1849.6308916329842,1948.55,2044.1,0.025709694697375385,0
2015-03-02,1852.0,1909.0,1852.0,1868.0,2851356922,1504343,271,1857.0,1908.0,40.726356916735035,-47.50166344915783,-46.77680861186004,2041.5807358043878,1846.4192641956122,1944.0,2039.74,0.0062893081761006275,0
2015-03-03,1910.0,1911.0,1890.0,1911.0,80237331957,41996703,293,1868.0,1910.0,41.11950072038397,-44.19015101292848,-46.25947709207373,2034.605204905547,1844.394795094453,1939.5,2034.54,-0.005235602094240788,0
2015-03-04,1920.0,1951.0,1886.0,1923.0,16256744805,8454428,1142,1911.0,1886.0,37.873206905525684,-43.00659966245894,-45.60890160615077,2023.032145048905,1842.567854951095,1932.8,2028.54,0.012195121951219523,0
2015-03-07,1937.0,1937.0,1852.0,1901.0,3991508384,2136010,253,1923.0,1868.0,35.60296514854751,-43.02510957690629,-45.09214320030188,2012.809356559024,1838.590643440976,1925.7,2022.74,0.0064239828693790635,0
2015-03-08,1899.0,1930.0,1876.0,1905.0,9984309946,5239861,358,1901.0,1915.0,44.89189238731434,-38.800009258289265,-43.83371641189936,2001.6658961810408,1841.2341038189593,1921.45,2017.26,-0.007832898172323799,0
2015-03-09,1920.0,1925.0,1900.0,1911.0,5822162396,3038896,415,1905.0,1920.0,45.78778036597894,-34.64871972936362,-41.99671707539221,1994.0369697773879,1842.8630302226122,1918.45,2011.96,-0.01041666666666663,0
2015-03-10,1914.0,1930.0,1900.0,1910.0,5391399785,2824844,293,1911.0,1900.0,42.79112634636063,-32.59686930380235,-40.116747521074245,1991.652641150513,1841.147358849487,1916.4,2006.16,0.007894736842105177,0
2015-03-11,1921.0,1929.0,1909.0,1925.0,18739237920,9733113,235,1910.0,1909.0,44.54980812362298,-29.899871172051462,-38.07337225126969,1988.0474219367818,1840.652578063218,1914.35,2000.54,0.0005238344683080598,0
2015-03-14,1924.0,1930.0,1850.0,1896.0,9356924680,4938648,393,1925.0,1880.0,40.25553519595478,-29.759489488519648,-36.41059569871968,1983.2674617702332,1837.9325382297666,1910.6,1995.14,0.02127659574468077,0
2015-03-15,1891.0,1919.0,1891.0,1901.0,4429642394,2323618,323,1896.0,1900.0,44.24696932524192,-27.714922762236483,-34.67146111142304,1981.1193455331402,1836.8806544668598,1909.0,1989.38,0.050000000000000044,1
2015-03-16,1910.0,1915.0,1897.0,1901.0,4225157789,2221777,284,1901.0,1900.0,44.24696932524192,-25.797214668855077,-32.89661182290945,1963.2056421664818,1844.8943578335181,1904.05,1984.14,0.0642105263157895,1
2015-03-17,1920.0,1923.0,1896.0,1902.0,1276081588,667523,203,1901.0,1915.0,47.308925541042996,-22.804170268982944,-30.87812351212415,1950.8555217835237,1851.2444782164762,1901.05,1978.68,0.06266318537859017,1
2015-03-18,1920.0,1977.0,1908.0,1920.0,15186369719,7909237,986,1902.0,1910.0,46.39426855286958,-20.598176277413586,-28.822134065182038,1945.8287666947838,1853.0712333052163,1899.45,1973.6,0.09476439790575908,1
2015-03-25,1950.0,1950.0,1911.0,1920.0,2079754812,1083259,188,1920.0,1920.0,48.537270984728586,-17.837375557210407,-26.625182363587715,1938.1077749650462,1857.3922250349538,1897.75,1968.42,0.12031250000000004,1
2015-03-28,1960.0,1996.0,1911.0,1945.0,7005990778,3581975,445,1920.0,1995.0,61.09831630744095,-9.48817413189795,-23.197780717249763,1959.8334168825536,1843.4665831174466,1901.65,1966.38,0.12130325814536347,1
2015-03-29,1999.0,2022.0,1996.0,2018.0,12195131695,6042766,582,1945.0,2022.0,64.4612782828379,-0.6848035094235456,-18.695185275684523,1985.6256977648595,1828.8743022351405,1907.25,1964.92,0.09545004945598423,1
2015-03-30,2084.0,2089.0,2010.0,2045.0,7670097715,3730970,466,2018.0,2035.0,65.98594943436478,7.257265251881563,-13.504695170171306,2010.0553076262765,1818.3446923737235,1914.2,1962.86,0.07125307125307123,1
2015-03-31,2050.0,2100.0,2022.0,2069.0,8514844959,4103688,546,2045.0,2091.0,71.63186656546779,17.864216386785756,-7.230912858779895,2046.2438270042035,1803.2561729957965,1924.75,1962.88,0.02869440459110484,0
2015-04-04,2151.0,2151.0,2151.0,2151.0,22991137731,10688581,262,2069.0,2151.0,76.1917304957082,30.757249710294445,0.3667196550349727,2090.9375284871976,1789.262471512802,1940.1,1963.9,-0.01441190144119009,0
2015-04-05,2237.0,2237.0,2233.0,2237.0,98868593409,44197173,2029,2151.0,2237.0,80.92461859648733,47.36851798700036,9.767079321428051,2153.392607662932,1763.807392337068,1958.6,1966.66,-0.08001788109074659,0
2015-04-06,2290.0,2300.0,2162.0,2239.0,23126383237,10329716,1121,2237.0,2215.0,76.72285077295139,58.08824648884115,19.43131275491067,2196.7453994141797,1751.1546005858206,1973.95,1970.12,-0.0753950338600452,0
2015-04-07,2240.0,2240.0,2180.0,2202.0,23431846101,10639228,824,2239.0,2180.0,70.4553365200271,63.03289706448459,28.151629616825456,2225.32011161582,1749.5798883841799,1987.45,1973.06,-0.059633027522935755,0
2015-04-08,2190.0,2230.0,2150.0,2187.0,13041460066,5962208,801,2202.0,2151.0,65.66856434843663,63.87519712158996,35.29634311777836,2243.9513925964698,1757.4486074035303,2000.7,1975.48,-0.036262203626220346,0
2015-04-11,2190.0,2190.0,2105.0,2142.0,14387178873,6717229,523,2187.0,2120.0,60.90501877347499,61.33426187149803,40.5039268685223,2253.8428028441526,1772.7571971558473,2013.3,1977.48,0.004716981132075526,0
2015-04-12,2110.0,2111.0,2057.0,2068.0,20505043742,9916218,1080,2142.0,2058.0,52.67514422259101,53.69866574254797,43.14287464332743,2257.3537568299,1783.5462431701,2020.45,1978.32,0.03498542274052485,0
2015-04-13,2050.0,2065.0,2000.0,2047.0,4353668711,2150742,280,2068.0,2048.0,51.46715437466203,46.30668967864085,43.77563765039012,2259.4296852696293,1794.2703147303705,2026.85,1979.06,0.0146484375,0
2015-04-14,2016.0,2070.0,2008.0,2045.0,4738421750,2319352,374,2047.0,2050.0,51.70569816855973,40.147088036791956,43.049927727670486,2259.643830364081,1809.0561696359186,2034.35,1979.94,0.029268292682926855,0
2015-04-15,2050.0,2075.0,2030.0,2056.0,26155078902,12722999,387,2045.0,2073.0,54.47677105296981,36.69843047651966,41.779628277440324,2260.826407337391,1824.2735926626085,2042.55,1981.38,-0.011095031355523366,0
2015-04-18,2060.0,2138.0,2030.0,2107.0,20636226437,9793802,997,2056.0,2130.0,60.522315658177504,38.12528360762781,41.04875934347782,2263.0514182646793,1847.0485817353212,2055.05,1983.86,-0.04225352112676062,0
2015-04-19,2171.0,2171.0,2060.0,2115.0,7451530610,3518339,445,2107.0,2130.0,60.522315658177504,38.80871231595893,40.600749937974044,2264.163233362842,1868.936766637158,2066.55,1985.96,-0.04225352112676062,0
2015-04-20,2102.0,2149.0,2065.0,2099.0,5923580686,2837668,354,2115.0,2078.0,53.06611601629246,34.75374948270337,39.431349846919915,2257.6932166093334,1893.2067833906663,2075.45,1987.54,-0.02887391722810395,0
2015-04-21,2081.0,2110.0,2072.0,2091.0,4627506696,2222535,276,2099.0,2110.0,56.60881928071462,33.7334367275007,38.291767223036075,2252.2994913221332,1918.1005086778662,2085.2,1989.74,-0.05876777251184839,0
2015-04-22,2100.0,2100.0,2050.0,2082.0,5122086524,2470964,317,2091.0,2050.0,49.12180660481724,27.763294976530233,36.18607277373491,2239.966843371966,1944.4331566280332,2092.2,1990.34,-0.006341463414634152,0
2015-04-25,2082.0,2082.0,2040.0,2066.0,5801858374,2824528,314,2082.0,2040.0,47.98275580840783,21.97172186706257,33.34320259240044,2225.892756255454,1970.5072437445456,2098.2,1990.94,-0.02941176470588236,0
2015-04-26,2041.0,2054.0,2020.0,2057.0,2744844495,1350092,224,2066.0,2040.0,47.98275580840783,17.183774594778242,30.111316992876002,2222.239121025298,1978.6608789747017,2100.45,1991.74,-0.02892156862745099,0
2015-04-27,2010.0,2024.0,2000.0,2027.0,6165139430,3067520,302,2057.0,2018.0,45.30246077464175,11.481721608290172,26.385397915958837,2222.5657798491866,1977.9342201508132,2100.25,1992.5,-0.038652130822596664,0
2015-04-28,1981.0,2000.0,1981.0,2011.0,3904526010,1963363,348,2027.0,1986.0,41.65742483636852,4.33074879428068,21.974468091623205,2227.0139311379194,1968.586068862081,2097.8,1993.4,-0.01812688821752262,0
2015-04-29,2001.0,2040.0,1999.0,2010.0,4110373028,2046961,289,2011.0,2037.0,48.736738232707005,2.747157571973503,18.129005987693265,2226.9982941516496,1963.2017058483502,2095.1,1995.14,-0.06921944035346095,0
2015-05-03,2020.0,2020.0,1980.0,2001.0,4794925351,2406614,316,2010.0,1980.0,42.52592242309205,-3.071862987634404,13.888832192627731,2224.859038027584,1948.2409619724162,2086.55,1995.64,-0.04292929292929293,0
2015-05-04,2000.0,2000.0,1970.0,1995.0,2798222414,1413722,220,2001.0,1981.0,42.66397026892146,-7.516145614248444,9.607836631252496,2200.931563129711,1946.5684368702894,2073.75,1996.62,-0.025744573447753605,0
2015-05-05,1972.0,1990.0,1939.0,1977.0,5276193531,2688988,263,1995.0,1940.0,38.57314257942659,-14.183134616704137,4.84964238166117,2182.500612243848,1937.4993877561521,2060.0,1995.44,-0.0077319587628865705,0
2015-05-06,1935.0,1979.0,1929.0,1962.0,4270381788,2198423,217,1977.0,1950.0,40.08220284453097,-18.447207087383504,0.19027248785223527,2166.8951012505095,1930.1048987494903,2048.5,1994.94,-0.008717948717948731,0
2015-05-09,1944.0,1950.0,1890.0,1936.0,4564377850,2393974,354,1962.0,1896.0,35.071677446666314,-25.88547233264626,-5.024876476247464,2161.9131879754127,1909.586812024587,2035.75,1994.02,0.05643459915611815,1
2015-05-10,1900.0,1939.0,1892.0,1924.0,3260712944,1716840,260,1936.0,1895.0,34.98446111855132,-31.497953965457555,-10.319491974089482,2158.4902981566956,1890.5097018433044,2024.5,1992.84,0.04379947229551462,0
2015-05-11,1886.0,1930.0,1886.0,1920.0,2247832566,1178293,196,1924.0,1930.0,40.556314921544725,-32.744223575603655,-14.804438294392318,2157.208446904279,1878.9915530957207,2018.1,1993.1,0.023316062176165886,0
2015-05-12,1924.0,1985.0,1920.0,1930.0,3140575290,1608157,247,1920.0,1925.0,40.02855176682009,-33.74635248867412,-18.59282113324868,2156.0145341509183,1867.8854658490818,2011.95,1993.4,0.03428571428571425,0
2015-05-13,1930.0,1950.0,1925.0,1931.0,2933344780,1516505,164,1930.0,1933.0,41.3437746552565,-33.508745768274366,-21.576006060253818,2152.9834912443243,1859.2165087556755,2006.1,1994.14,0.0191412312467667,0
2015-05-17,1930.0,2007.0,1910.0,1961.0,6831504637,3457558,338,1931.0,2003.0,51.3894299538655,-27.356675024163223,-22.7321398530357,2146.240384293978,1858.9596157060216,2002.6,1996.6,0.008487269096355554,0
2015-05-18,1995.0,1995.0,1960.0,1965.0,2138792234,1081281,208,1961.0,1978.0,48.213578511558936,-24.21922159189171,-23.0295562008069,2126.4397200245126,1863.5602799754872,1995.0,1999.28,0.01718907987866536,0
2015-05-19,1980.0,1980.0,1952.0,1966.0,747678156,378934,88,1965.0,1975.0,47.83157531876164,-21.724416519976785,-22.768528264640878,2103.3152833543386,1871.1847166456616,1987.25,2001.44,0.013164556962025342,0
2015-05-20,1980.0,1995.0,1961.0,1977.0,5662873350,2851928,320,1966.0,1991.0,50.10228541866688,-18.245872187052328,-21.863997049123167,2091.302767492916,1874.4972325070842,1982.9,2003.1,0.006027122049221401,0
2015-05-23,1995.0,1998.0,1956.0,1981.0,6447760598,3251747,286,1977.0,1970.0,47.19848966342099,-16.987800448298913,-20.888757728958318,2067.3196915337376,1884.4803084662628,1975.9,2004.3,-0.001522842639593902,0
2015-05-24,1982.0,2040.0,1982.0,1998.0,5437632386,2702662,311,1981.0,2020.0,54.03002323086882,-11.81993455100428,-19.074993093367514,2061.8034324275873,1886.996567572413,1974.4,2006.98,-0.03366336633663369,0
2015-05-25,2000.0,2028.0,2000.0,2002.0,2601814483,1291130,147,1998.0,2012.0,52.85177683521379,-8.27451329755695,-16.9148971342054,2056.9857130714736,1889.0142869285264,1973.0,2009.86,0.003976143141153132,0
2015-05-26,2001.0,2020.0,1999.0,2004.0,3918803147,1953086,196,2002.0,2001.0,51.198499986049136,-6.279958032918103,-14.787909313947942,2050.4060961749256,1891.6939038250746,1971.05,2011.58,0.007996001999000413,0
2015-05-27,2019.0,2020.0,1980.0,2005.0,4608431741,2297407,813,2004.0,2003.0,51.49559078720954,-4.486161651415614,-12.727559781441476,2048.135981397578,1892.4640186024221,1970.3,2013.24,-0.009985022466300508,0
2015-05-30,2000.0,2010.0,1940.0,1991.0,3735538641,1899043,327,2005.0,1967.0,46.06010744665178,-5.901436148513085,-11.3623350548558,2046.8594187832946,1891.8405812167052,1969.35,2014.58,-0.0066090493136756745,0
2015-05-31,1970.0,2010.0,1950.0,1989.0,3131782479,1578071,590,1991.0,1952.0,43.97720381132106,-8.139597806939491,-10.71778760527254,2036.3766441418536,1893.8233558581462,1965.1,2015.44,-0.006659836065573743,0
2015-06-01,2000.0,2020.0,1980.0,2000.0,6398176221,3189244,1504,1989.0,2020.0,54.10876389055798,-4.375882891952415,-9.449406662608515,2042.085065180503,1892.1149348194967,1967.1,2018.24,-0.05940594059405946,0
2015-06-02,2011.0,2025.0,1990.0,2011.0,9751746397,4848529,998,2000.0,2017.0,53.647806757483345,-1.6165520281654153,-7.882835735719896,2046.804813715997,1890.9951862840032,1968.9,2020.58,-0.05850272682201285,0
2015-06-06,2012.0,2017.0,1983.0,2006.0,4117218369,2059051,143,2011.0,1983.0,48.59506143799005,-2.1485115847065117,-6.735970905517219,2048.01356280815,1894.08643719185,1971.05,2022.24,-0.04437720625315178,0
2015-06-07,2000.0,2000.0,1921.0,1992.0,3511408894,1785963,223,2006.0,1954.0,44.725724205138654,-4.854194865931049,-6.3596156975999865,2048.0142494923516,1894.4857505076484,1971.25,2023.02,-0.03787103377686796,0
2015-06-08,2000.0,2000.0,1922.0,1982.0,5119020807,2595951,473,1992.0,1939.0,42.826254024377285,-8.115294931096741,-6.710751544299338,2043.7545307718265,1903.0454692281737,1973.4,2023.6,-0.040742650850954076,0
2015-06-09,1926.0,1937.0,1895.0,1926.0,6676654030,3508602,372,1982.0,1900.0,38.27483840317577,-13.688916977239387,-8.106384630887348,2042.9155036805757,1904.3844963194244,1973.65,2023.2,-0.017894736842105297,0
2015-06-10,1940.0,1940.0,1898.0,1906.0,9143796518,4798168,682,1926.0,1899.0,38.16284376968614,-17.979487902539404,-10.08100528521776,2046.4072001903176,1897.7927998096823,1972.1,2021.28,0.005792522380200005,0
2015-06-13,1906.0,1908.0,1888.0,1901.0,4555926548,2404060,333,1906.0,1895.0,37.6878046646516,-21.455240189854067,-12.355852266145021,2049.7060048297476,1891.4939951702522,1970.6,2018.74,-0.0036939313984168942,0
2015-06-14,1902.0,1902.0,1880.0,1895.0,5084043997,2689646,290,1901.0,1880.0,35.88393701746638,-25.13048497119894,-14.910778807155806,2055.062513453144,1880.8374865468559,1967.95,2015.64,0.010638297872340496,0
2015-06-15,1894.0,1894.0,1857.0,1884.0,3800795985,2036576,183,1895.0,1860.0,33.57633684720173,-29.319004558050892,-17.792423957334826,2058.108992390861,1863.4910076091385,1960.8,2011.02,0.02311827956989254,0
2015-06-16,1884.0,1886.0,1852.0,1875.0,3886214238,2086731,290,1884.0,1866.0,34.928280824756754,-31.787856034267634,-20.591510372721388,2060.470318704396,1849.929681295604,1955.2,2005.32,0.02893890675241151,0
2015-06-17,1880.0,1935.0,1870.0,1888.0,3327921036,1738289,226,1875.0,1910.0,43.93941770731375,-29.84991509928932,-22.443191318034973,2058.5792173849427,1845.3207826150574,1951.95,1998.78,0.01308900523560208,0
2015-06-20,1945.0,1945.0,1882.0,1892.0,2658484959,1397446,183,1888.0,1888.0,40.890377746194126,-29.74640108927133,-23.903833272282245,2055.320228529642,1838.2797714703581,1946.8,1992.24,0.01165254237288127,0
2015-06-21,1915.0,1924.0,1900.0,1896.0,3441911767,1806941,254,1892.0,1900.0,43.205420193559256,-28.369045086103142,-24.796875635046426,2053.1091070910147,1833.4908929089852,1943.3,1986.64,-0.002105263157894721,0
2015-06-22,1900.0,1920.0,1898.0,1900.0,3012969133,1579321,199,1896.0,1903.0,43.798041033965696,-26.727309811984696,-25.18296247043408,2042.661168609261,1832.238831390739,1937.45,1981.68,-0.0015764582238571023,0
2015-06-23,1891.0,1940.0,1891.0,1903.0,2341917251,1225003,201,1900.0,1920.0,47.162568493566006,-23.780339898507236,-24.902437956048715,2032.5200055188452,1833.1799944811546,1932.85,1977.68,0.004687499999999956,0
2015-06-24,1903.0,1940.0,1889.0,1910.0,3724085669,1936389,266,1903.0,1935.0,50.0064631620981,-20.003878115600173,-23.92272598795901,2024.220956476244,1834.8790435237559,1929.55,1975.22,-0.0025839793281653423,0
2015-06-27,1920.0,1930.0,1898.0,1908.0,3736266038,1961195,226,1910.0,1910.0,45.60111068150821,-18.81144933280325,-22.900470656927858,2013.6330828954299,1836.1669171045703,1924.9,1972.46,0.005235602094240788,0
2015-06-28,1899.0,1900.0,1881.0,1902.0,4958026549,2615485,167,1908.0,1896.0,43.300615620833774,-18.779643883799054,-22.076305302302096,2008.7325497460874,1833.9674502539124,1921.35,1969.38,0.0021097046413502962,0
2015-06-29,1891.0,1900.0,1883.0,1900.0,1814426128,960674,152,1902.0,1900.0,44.167280712141775,-18.221623729920566,-21.30536898782579,2005.421506275867,1832.078493724133,1918.75,1965.92,0.002631578947368318,0
2015-06-30,1891.0,1940.0,1891.0,1908.0,3197627547,1660329,277,1900.0,1929.0,50.12008194634624,-15.263384307595288,-20.09697205177969,1987.683603614194,1840.716396385806,1914.2,1961.9,-0.015033696215655756,0
2015-07-01,1940.0,1941.0,1917.0,1918.0,5909763559,3070811,420,1908.0,1930.0,50.3167930647069,-12.691961577196935,-18.615969956863143,1966.9508756511516,1852.7491243488482,1909.85,1957.9,-0.016580310880829008,0
2015-07-04,1930.0,1945.0,1911.0,1928.0,13525924182,7014050,550,1918.0,1920.0,48.2668725613904,-11.330397197799584,-17.15885540505043,1953.296566398486,1860.103433601514,1906.7,1954.74,-0.00520833333333337,0
2015-07-05,1938.0,1938.0,1900.0,1916.0,8974151256,4686162,394,1928.0,1900.0,44.373199445626476,-11.72996473875287,-16.073077271790922,1945.2746895824635,1862.7253104175365,1904.0,1950.54,-0.007894736842105288,0
2015-07-06,1911.0,1911.0,1883.0,1902.0,8301788101,4370751,377,1916.0,1905.0,45.55566292130999,-11.510481020254701,-15.160558021483679,1940.3426076935957,1864.2573923064042,1902.3,1947.64,-0.018372703412073532,0
2015-07-07,1900.0,1910.0,1860.0,1893.0,29600659443,15638867,1418,1902.0,1900.0,44.53613101272305,-11.606207667924082,-14.449687950771759,1940.3426076935957,1864.2573923064042,1902.3,1944.84,-0.021052631578947323,0
2015-07-11,1900.0,1900.0,1851.0,1884.0,7709077455,4096921,530,1893.0,1898.0,44.11087661353107,-11.708486862902646,-13.901447733197937,1940.312448688029,1864.187551311971,1902.25,1942.0,-0.3782929399367756,0
2015-07-12,1901.0,1917.0,1890.0,1899.0,8376406276,4403518,550,1884.0,1910.0,47.35874553173978,-10.697925128337147,-13.26074321222578,1941.052595182573,1864.947404817427,1903.0,1939.84,-0.38952879581151834,0
2015-07-13,1931.0,1950.0,1880.0,1897.0,28198021853,14861968,1772,1899.0,1885.0,41.89626447713319,-11.77856279922321,-12.964307129625267,1940.756666075896,1865.743333924104,1903.25,1937.82,-0.3846153846153846,0
2015-07-14,1920.0,1920.0,1860.0,1886.0,17165293965,9103670,821,1897.0,1870.0,38.99035004625406,-13.687568805766887,-13.10895946485359,1939.1442085676276,1868.3557914323724,1903.75,1934.48,-0.37058823529411766,0
2015-07-15,1887.0,1899.0,1820.0,1845.0,20021659551,10850856,966,1886.0,1860.0,37.140856345592724,-15.824965890030171,-13.652160749888907,1940.1949316250384,1866.7050683749617,1903.45,1932.08,-0.382258064516129,0
2015-09-09,1170.0,1207.0,1170.0,1187.0,17158254326,14460212,915,1395.0,1180.0,8.302088855855473,-71.56423749861233,-25.234576099633593,2184.2646545625203,1549.63534543748,1866.95,1916.06,-0.03050847457627115,0
2015-09-12,1200.0,1235.0,1164.0,1187.0,8472407004,7140864,694,1187.0,1166.0,8.161580275577492,-115.53586924324372,-43.294834728355625,2270.9105753758613,1390.7894246241387,1830.85,1900.58,-0.0480274442538593,0
2015-09-13,1171.0,1171.0,1140.0,1174.0,3607007686,3132523,346,1187.0,1160.0,8.098321847018227,-149.1485622711657,-64.46558023691765,2320.375317530066,1267.324682469934,1793.85,1884.78,-0.06120689655172418,0
2015-09-14,1169.0,1198.0,1163.0,1177.0,6655909868,5650260,389,1174.0,1177.0,10.221559246096277,-172.42746920448167,-86.05795803043046,2345.4923356079566,1169.6076643920433,1757.55,1870.4,-0.08241291418861507,0
2015-09-15,1179.0,1180.0,1135.0,1171.0,1943482256,1696706,248,1177.0,1149.0,9.819172385098312,-190.93456188209984,-107.03327880076434,2358.1560059955173,1079.8439940044825,1719.0,1855.48,-0.06875543951261964,0
2015-09-16,1150.0,1158.0,1125.0,1155.0,4682701765,4113979,366,1171.0,1144.0,9.745395086703226,-203.65738877331523,-126.35810079527452,2356.9877406463384,1001.9122593536617,1679.45,1839.76,-0.06468531468531469,0
2015-09-19,1140.0,1154.0,1110.0,1146.0,3072136045,2729045,323,1155.0,1110.0,9.237143048641428,-214.016784328845,-143.8898375019886,2351.4060309458355,927.4939690541645,1639.45,1823.46,-0.04054054054054057,0
2015-09-20,1112.0,1125.0,1089.0,1109.0,6613856825,6050942,504,1146.0,1089.0,8.927449511642777,-221.36939584011407,-159.3857491696137,2339.2380682008934,858.9619317991064,1599.1,1806.58,-0.026629935720844822,0
2015-09-21,1070.0,1120.0,1055.0,1098.0,4226042759,3898627,345,1109.0,1080.0,8.791411282853119,-225.32520946472505,-172.57364122863598,2317.616398769739,798.5836012302609,1558.1,1788.12,-0.017592592592592604,0
2015-09-22,1099.0,1100.0,1070.0,1089.0,4434632139,4108563,302,1098.0,1070.0,8.63398151519344,-226.65440578640346,-183.38979414018948,2283.0180290259236,747.2819709740767,1515.15,1769.96,0.01869158878504673,0
2015-09-23,1073.0,1094.0,1068.0,1083.0,2944720053,2748959,310,1089.0,1070.0,8.63398151519344,-225.11284272462558,-191.7344038570767,2238.59432935482,705.7056706451805,1472.15,1751.86,0.010280373831775602,0
2015-09-26,1077.0,1087.0,1055.0,1081.0,1528958903,1432476,172,1083.0,1065.0,8.54524706726032,-221.73853727480378,-197.73523054062213,2186.4779088047426,672.3220911952575,1429.4,1733.34,0.020657276995305063,0
2015-09-27,1075.0,1082.0,1055.0,1076.0,3187495460,2989073,275,1081.0,1060.0,8.451704321078836,-216.96677616995999,-201.5815396664897,2128.419136055315,646.3808639446853,1387.4,1715.14,0.0641509433962264,1
2015-09-28,1069.0,1079.0,1057.0,1073.0,4246498758,3974692,240,1076.0,1061.0,8.66704579238369,-210.67588896622237,-203.40040952643625,2059.140781858109,631.2592181418909,1345.2,1695.96,0.07917059377945335,1
2015-09-29,1075.0,1095.0,1070.0,1077.0,3779319660,3485117,294,1073.0,1090.0,14.917349281238046,-201.03287604060188,-202.92690282926938,1978.9516147553309,630.4483852446692,1304.7,1677.52,0.062385321100917324,1
2015-09-30,1099.0,1099.0,1078.0,1081.0,4464000852,4107385,281,1077.0,1081.0,14.583789874090215,-191.9047847052516,-200.72247920446586,1886.3833003142674,641.3166996857324,1263.85,1659.12,0.09065679925994452,1
2015-10-03,1082.0,1100.0,1077.0,1086.0,4253419872,3894320,307,1081.0,1087.0,15.933369764270907,-182.08756460256677,-196.99549628408604,1773.633426105348,671.7665738946521,1222.7,1640.8,0.0671573137074517,1
2015-10-04,1096.0,1128.0,1081.0,1111.0,14625431444,13162227,358,1086.0,1128.0,24.6898415244177,-169.05028315912364,-191.40645365909356,1645.1352485146354,724.5647514853646,1184.85,1624.02,-0.054964539007092195,0
2015-10-05,1120.0,1158.0,1120.0,1121.0,3055493254,2664993,349,1111.0,1145.0,28.036913430445367,-155.5532645563219,-184.23581583853922,1484.810886201179,812.3891137988207,1148.6,1607.88,-0.06113537117903933,0
2015-10-06,1149.0,1166.0,1125.0,1135.0,5710590155,4979316,373,1121.0,1158.0,30.577820826928487,-142.16895351929702,-175.8224433746908,1196.6228007238974,1030.3771992761026,1113.5,1590.64,-0.07599309153713296,0
2015-10-07,1157.0,1188.0,1157.0,1162.0,6671196045,5657134,467,1135.0,1179.0,34.59525646570911,-128.38729725360167,-166.33541415047299,1196.4137872820713,1030.4862127179288,1113.45,1573.88,-0.10093299406276501,0
2015-10-10,1165.0,1189.0,1147.0,1162.0,6742308279,5801407,546,1162.0,1160.0,32.74869538050967,-117.6422697263065,-156.5967852656397,1195.3917777056454,1030.9082222943548,1113.15,1557.42,-0.0767241379310345,0
2015-10-28,1107.0,1107.0,1060.0,1069.0,6800152380,6358695,470,1041.0,1066.0,25.497577299062897,-115.38172371801215,-148.3537729561142,1190.187323177268,1026.7126768227322,1108.45,1539.66,0.011257035647279645,0
2015-10-31,1061.0,1080.0,1048.0,1066.0,4348584568,4096207,438,1069.0,1075.0,27.160519493181553,-111.57780050674978,-140.99857846624133,1179.9065803846115,1026.7934196153883,1103.35,1522.38,0.013953488372093092,0
2015-11-01,1075.0,1075.0,1053.0,1069.0,6416061374,5991981,451,1066.0,1070.0,26.802591453268562,-107.72483730126805,-134.34383023324668,1174.260937745835,1024.5390622541652,1099.4,1505.78,0.014018691588784993,0
2015-11-02,1070.0,1074.0,1058.0,1068.0,2022694003,1900397,191,1069.0,1060.0,26.062826352199806,-104.27622125935181,-128.3303084384677,1168.998644975271,1021.4013550247291,1095.2,1489.0,0.02264150943396226,0
2015-11-03,1074.0,1074.0,1060.0,1068.0,2216799373,2077919,225,1068.0,1071.0,28.403736681312992,-99.50848822070702,-122.56594439491558,1167.441306769636,1019.058693230364,1093.25,1472.52,0.02147525676937434,0
2015-11-04,1062.0,1079.0,1062.0,1069.0,2535464446,2369047,196,1068.0,1078.0,29.92421400945676,-94.08068041868364,-116.86889159966918,1167.1717396076274,1018.2282603923726,1092.7,1456.48,-0.002782931354359919,0
2015-11-07,1077.0,1090.0,1066.0,1074.0,4597931117,4257111,403,1069.0,1090.0,32.56798374700871,-87.79871498497664,-111.05485627673067,1167.4579288708367,1018.9420711291634,1093.2,1441.08,0.0,0
2015-11-08,1099.0,1120.0,1070.0,1088.0,7053002817,6446793,596,1074.0,1085.0,32.02582138067302,-82.27525243737182,-105.29893550885892,1167.5556383722483,1020.3443616277518,1093.95,1425.46,0.011981566820276512,0
2015-11-09,1099.0,1112.0,1075.0,1087.0,2161865234,1995991,205,1088.0,1084.0,31.911402139964977,-77.0899156557739,-99.65713153824193,1167.5945679964323,1021.7054320035679,1094.65,1408.94,0.005535055350553542,0
2015-11-10,1091.0,1094.0,1078.0,1088.0,4019175592,3691983,235,1087.0,1094.0,34.43407905743392,-71.35109150317408,-93.99592353122836,1167.7711936567684,1024.4288063432314,1096.1,1393.06,-0.003656307129798919,0
2015-11-11,1098.0,1098.0,1075.0,1095.0,15594322853,14244813,258,1088.0,1075.0,32.00758914296168,-67.55741341776775,-88.70822150853624,1167.29792403035,1026.4020759696498,1096.85,1376.56,0.040930232558139545,0
2015-11-14,1090.0,1096.0,1070.0,1094.0,2293210664,2105187,180,1095.0,1090.0,35.85087841461696,-62.61869225777377,-83.49031565838376,1166.9064136957024,1029.6935863042975,1098.3,1360.3,0.03669724770642202,0
2015-11-15,1081.0,1104.0,1080.0,1092.0,5759806653,5277975,333,1094.0,1098.0,37.868041841902304,-57.39754385882952,-78.27176129847292,1167.2013868486313,1030.1986131513688,1098.7,1343.86,0.020036429872495543,0
2015-11-16,1090.0,1104.0,1087.0,1102.0,19419931105,17624171,231,1092.0,1090.0,36.62769085919265,-53.290974100581934,-73.27560385889473,1167.297707226185,1031.0022927738153,1099.15,1326.96,0.0183486238532109,0
2015-11-17,1091.0,1099.0,1085.0,1100.0,1297347690,1190479,133,1102.0,1090.0,36.627690859192654,-49.46627159368609,-68.513737405853,1167.3532144735705,1031.2467855264294,1099.3,1310.56,0.02752293577981657,0
2015-11-18,1098.0,1119.0,1085.0,1098.0,3270100489,2987734,255,1100.0,1119.0,44.29810937308316,-43.59260129234394,-63.5295101831512,1166.2540799965834,1031.4459200034164,1098.85,1295.02,0.01251117068811447,0
2015-11-21,1109.0,1130.0,1089.0,1110.0,7491845052,6726643,397,1098.0,1130.0,46.92238990668909,-37.61644819251933,-58.34689778502484,1163.7441924330392,1032.4558075669606,1098.1,1279.62,-0.017699115044247815,0
2015-11-22,1120.0,1134.0,1112.0,1116.0,5044002952,4493492,264,1110.0,1120.0,44.85353971934421,-33.30332028590442,-53.33818228520076,1156.805610302892,1035.594389697108,1096.2,1263.44,0.03571428571428581,0
2015-11-23,1116.0,1143.0,1108.0,1114.0,28738099814,25793343,1326,1116.0,1110.0,42.820323585421896,-30.342284800255356,-48.739002788211685,1140.628492041691,1044.871507958309,1092.75,1247.04,0.05225225225225216,1
2015-11-24,1135.0,1140.0,1105.0,1123.0,5593313049,4944017,302,1114.0,1120.0,45.48174387919132,-26.87888338215157,-44.36697890699966,1129.7416657785534,1051.7583342214466,1090.75,1231.04,0.0,0
2015-11-25,1138.0,1145.0,1110.0,1128.0,5805003187,5128262,269,1123.0,1133.0,48.81697371520062,-22.82204314423916,-40.05799175444756,1135.4516626048598,1052.74833739514,1094.1,1215.7,-0.02030008826125329,0
2015-11-28,1129.0,1138.0,1109.0,1135.0,9901048822,8720698,127,1128.0,1110.0,43.72083304966848,-21.218284631410825,-36.29005032984021,1136.780550939195,1054.9194490608047,1095.85,1199.8,-0.028828828828828867,0
2015-11-29,1110.0,1160.0,1109.0,1137.0,7868130486,6919181,319,1135.0,1160.0,54.773976570294316,-15.731370871999161,-32.178314438272004,1148.1381784564524,1052.5618215435475,1100.35,1185.0,-0.07758620689655171,0
2015-11-30,1143.0,1170.0,1110.0,1138.0,16366862569,14385706,544,1137.0,1168.0,56.2543711253963,-10.61505529557121,-27.865662609731846,1158.2547616905872,1053.2452383094128,1105.75,1170.4,-0.043664383561643816,0
2015-12-01,1126.0,1138.0,1120.0,1132.0,4136094407,3678474,258,1138.0,1120.0,46.43338020462821,-10.314636478762395,-24.35545738353796,1158.5173926210925,1057.8826073789076,1108.2,1154.6,-0.0401785714285714,0
2015-12-05,1130.0,1131.0,1109.0,1129.0,1440077216,1292824,131,1132.0,1110.0,44.68318455853479,-10.759440693755096,-21.63625404558139,1158.171892666972,1061.4281073330278,1109.8,1139.1,-0.037837837837837784,0
2015-12-06,1100.0,1110.0,1073.0,1119.0,2200362265,2030701,267,1129.0,1078.0,39.546331285305726,-13.538025868535897,-20.016608410172292,1158.820963313756,1059.579036686244,1109.2,1123.26,-0.008348794063079756,0
2015-12-07,1076.0,1090.0,1070.0,1112.0,1402424207,1305344,155,1119.0,1070.0,38.35907133034415,-16.198877206400766,-19.253062169417987,1159.9299961167944,1056.9700038832057,1108.45,1107.46,0.0,0
2015-12-08,1070.0,1119.0,1066.0,1115.0,20088276420,18021056,178,1112.0,1117.0,48.198588113034596,-14.349699454512347,-18.27238962643686,1160.4424274363587,1059.7575725636411,1110.1,1106.2,-0.017905102954342,0
2015-12-09,1079.0,1090.0,1070.0,1103.0,2932798415,2728760,189,1115.0,1075.0,41.78038891559424,-16.087811478480035,-17.835473996845494,1161.354501723368,1056.9454982766322,1109.15,1104.38,-0.009302325581395321,0
2015-12-13,1095.0,1095.0,1065.0,1096.0,2010453953,1880627,158,1103.0,1068.0,40.80511432977587,-17.82464783368573,-17.83330876421354,1162.00000000174,1055.5999999982598,1108.8,1102.54,-0.010299625468164764,0
2015-12-14,1065.0,1085.0,1063.0,1092.0,1511644878,1412087,148,1096.0,1069.0,41.01693503450057,-18.902515088235077,-18.04715002901785,1163.1751747871417,1052.3248252128583,1107.75,1100.38,0.028999064546304965,0
2015-12-15,1071.0,1083.0,1066.0,1089.0,1210433454,1129796,133,1092.0,1070.0,41.24336080413782,-19.451812622845182,-18.328082547783318,1164.0571052833643,1048.6428947166355,1106.35,1098.8,0.01869158878504673,0
2015-12-16,1080.0,1118.0,1065.0,1091.0,9244934898,8470821,385,1089.0,1097.0,47.14329356406765,-17.506654706966174,-18.16379697961989,1164.0902430748058,1049.3097569251943,1106.7,1097.86,0.001823154056517673,0
2015-12-19,1071.0,1079.0,1064.0,1088.0,1311118193,1224922,183,1091.0,1065.0,41.78767955820733,-18.335871100998475,-18.198211803895607,1165.2780034781822,1045.621996521818,1105.45,1096.96,0.001877934272300541,0
2015-12-20,1064.0,1100.0,1050.0,1095.0,22282169637,20343017,210,1088.0,1057.0,40.54751786021043,-19.414762907137856,-18.441522024544057,1165.387369870463,1039.3126301295367,1102.35,1096.32,0.010406811731314969,0
2015-12-21,1060.0,1100.0,1060.0,1092.0,11531211528,10559121,191,1095.0,1100.0,49.263455184688354,-16.608598220698468,-18.074937263774938,1162.598765171343,1039.1012348286567,1100.85,1096.72,-0.036363636363636376,0
2015-12-22,1072.0,1111.0,1070.0,1109.0,13165431350,11871613,142,1092.0,1090.0,47.51873724533929,-15.018485167554218,-17.463646844530796,1160.6207923907123,1038.0792076092876,1099.35,1097.12,-0.025688073394495414,0
2015-12-23,1080.0,1110.0,1074.0,1104.0,5115355012,4655880,228,1109.0,1099.0,49.260440809696235,-12.883570551357707,-16.54763158589618,1159.875690746694,1037.7243092533058,1098.8,1097.7,-0.0436760691537762,0
2015-12-26,1099.0,1099.0,1064.0,1093.0,3206443713,2994606,228,1104.0,1067.0,43.70642171357748,-13.616801885661289,-15.961465645849202,1157.9117195371537,1034.3882804628465,1096.15,1097.74,-0.015932521087160256,0
2015-12-27,1080.0,1082.0,1060.0,1084.0,3689770579,3451026,258,1093.0,1068.0,43.91921497169481,-13.956321570535465,-15.560436830786454,1153.3909910663253,1032.4090089336748,1092.9,1097.9,-0.029962546816479363,0
2015-12-28,1064.0,1081.0,1060.0,1079.0,3195719170,2992397,287,1084.0,1060.0,42.534022459515725,-14.701457260160396,-15.388640916661243,1151.9805164007776,1028.8194835992226,1090.4,1097.88,-0.025471698113207597,0
2015-12-30,1070.0,1074.0,1058.0,1076.0,1695696432,1593381,191,1079.0,1062.0,43.01788148917104,-14.958170894366049,-15.302546912202207,1139.245697503956,1031.754302496044,1085.5,1097.32,-0.020715630885122405,0
2016-01-02,1076.0,1078.0,1050.0,1069.0,3526117122,3335121,337,1076.0,1051.0,40.97441201557214,-15.866329201571261,-15.41530337007602,1120.0048014514653,1039.295198548535,1079.65,1096.72,-0.0371075166508088,0
2016-01-03,1060.0,1084.0,1040.0,1079.0,19572991911,18147736,295,1069.0,1050.0,40.7847375775146,-16.476808454207003,-15.627604386902217,1113.9615061877655,1038.3384938122347,1076.15,1095.98,-0.046666666666666634,0
2016-01-04,1067.0,1067.0,1030.0,1043.0,8664220112,8338864,613,1079.0,1036.0,38.12397014753946,-17.884143384856543,-16.078912186493085,1110.766967523379,1034.133032476621,1072.45,1094.14,-0.02992277992277992,0
2016-01-05,1050.0,1050.0,1028.0,1039.0,6315390743,6091727,503,1043.0,1033.0,37.55851833931321,-19.022264559754603,-16.66758266114539,1112.069320512612,1028.3306794873881,1070.2,1091.9,-0.03194578896418199,0
2016-01-06,1062.0,1062.0,1030.0,1041.0,9508927249,9132782,767,1039.0,1040.0,39.80209205566828,-19.138772436842828,-17.161820616284878,1112.5912291943155,1024.8087708056846,1068.7,1089.54,-0.03653846153846152,0
2016-01-09,1050.0,1050.0,1011.0,1033.0,5215294630,5082694,570,1041.0,1012.0,34.467283119097644,-21.245566101948043,-17.978569713417514,1108.0884363546518,1018.8115636453483,1063.45,1086.2,0.011857707509881354,0
2016-01-10,1010.0,1020.0,998.0,1017.0,5223835609,5206855,575,1033.0,1001.0,32.61765248894547,-23.531566083418284,-19.08916898741767,1111.626295166372,1007.8737048336279,1059.75,1083.02,0.0009990009990010762,0
2016-01-11,1000.0,1030.0,1000.0,1015.0,4557478478,4502523,399,1017.0,1005.0,34.004548663013765,-24.735337395585475,-20.21840266905123,1113.4978031226933,999.7021968773066,1056.6,1081.8,0.029850746268656803,0
2016-01-12,1010.0,1020.0,999.0,1004.0,7588938754,7577074,636,1015.0,1000.0,33.08777922156136,-25.7954392795275,-21.333809991146484,1114.7917877757372,991.508212224263,1053.15,1080.3,0.03299999999999992,0
2016-01-13,1001.0,1007.0,995.0,1001.0,7762374665,7761819,593,1004.0,1002.0,33.855951379971955,-26.172494154074457,-22.30154682373208,1114.7111422327935,984.7888577672064,1049.75,1078.94,0.038922155688622784,0
2016-01-16,1019.0,1040.0,1003.0,1016.0,10094512273,9939689,799,1001.0,1024.0,41.77446992165671,-24.41465972069568,-22.724169403124804,1108.1706049607176,984.0293950392821,1046.1,1078.22,0.05859375,1
2016-01-17,1050.0,1059.0,1000.0,1016.0,15345719745,15096857,975,1016.0,1002.0,37.003753264589996,-24.514195025362596,-23.082174527572363,1107.2196662523597,978.6803337476404,1042.95,1076.84,0.11776447105788423,1
2016-01-18,1000.0,1050.0,999.0,1025.0,7834470877,7618030,585,1016.0,1035.0,46.815259092668704,-21.68033584781824,-22.80180679162154,1105.872730340011,977.8272696599889,1041.85,1075.98,0.13429951690821262,1
2016-01-19,1035.0,1051.0,1029.0,1031.0,4885084198,4707453,439,1025.0,1033.0,46.344155192359125,-19.372550613584735,-22.115955556014182,1096.7528969253033,980.2471030746968,1038.5,1074.84,0.14036786060019368,1
2016-01-20,1021.0,1060.0,1018.0,1038.0,6742764193,6468174,613,1031.0,1041.0,48.57341963960802,-16.705510323361068,-21.03386650948356,1089.3434329931013,982.7565670068988,1036.05,1073.96,0.10182516810758879,1
2016-01-23,1056.0,1085.0,1056.0,1067.0,10069518688,9429664,779,1038.0,1084.0,58.54353108042569,-10.995373226195852,-19.02616785282602,1085.352372573038,985.2476274269618,1035.3,1073.96,0.037822878228782386,0
2016-01-24,1090.0,1120.0,1085.0,1119.0,62507248329,55876423,1726,1067.0,1120.0,64.7117673733906,-3.524520819856207,-15.925838446232058,1098.8678955659996,977.0321044340004,1037.95,1074.48,0.008928571428571397,0
2016-01-25,1174.0,1174.0,1168.0,1174.0,257738634236,219539914,4972,1119.0,1174.0,71.54978466356054,6.676568909553453,-11.405356975074957,1127.6297961611053,958.8702038388948,1043.25,1076.46,0.013628620102214661,0
2016-01-26,1219.0,1220.0,1175.0,1207.0,102434871254,84861629,4157,1174.0,1178.0,71.98287134295525,14.911877741318449,-6.141910031796277,1151.892931631277,946.4070683687231,1049.15,1078.22,0.051782682512733436,1
2016-01-27,1200.0,1210.0,1147.0,1155.0,58271924233,50435885,2714,1207.0,1147.0,63.8683757975214,18.721172378840038,-1.169293549669014,1164.601438840462,942.1985611595384,1053.4,1079.2,0.13339145597210122,1
2016-01-30,1141.0,1199.0,1111.0,1149.0,44451926590,38673783,1983,1155.0,1125.0,58.80229290826435,19.737330030700605,3.0120311664049098,1172.5779632665412,941.6220367334585,1057.1,1079.9,0.14222222222222225,1
2016-01-31,1130.0,1158.0,1110.0,1134.0,27594816394,24342674,1387,1149.0,1130.0,59.58687937598237,20.707398504030834,6.551104633930095,1180.7827472954577,941.4172527045421,1061.1,1080.7,0.12212389380530975,1
2016-02-01,1144.0,1190.0,1135.0,1180.0,96892378204,82136085,2983,1134.0,1190.0,67.56864234911791,26.01776669818946,10.444437046781967,1200.2680189254704,937.3319810745295,1068.8,1082.12,0.13781512605042012,1
2016-02-02,1239.0,1239.0,1201.0,1239.0,248124373102,200292727,4834,1180.0,1239.0,72.36833104068926,33.79064472269329,15.113678581964232,1228.7554709998506,929.4445290001493,1079.1,1084.3,0.07828894269572229,1
2016-02-03,1275.0,1300.0,1250.0,1297.0,321222539521,247682646,7618,1239.0,1300.0,76.94308355389458,44.36152471656146,20.96324780888368,1268.6626234518114,915.5373765481884,1092.1,1087.9,0.007692307692307665,0
2016-02-06,1320.0,1343.0,1278.0,1306.0,62686060579,47986438,3071,1297.0,1285.0,73.71131141538777,50.94142756399037,26.958883759905017,1297.0297689254805,914.4702310745195,1105.75,1091.4,-0.011673151750972721,0
2016-02-07,1295.0,1340.0,1251.0,1290.0,94379626471,73182113,3938,1306.0,1268.0,70.11683376331744,54.15996765740056,32.39910053940413,1316.446294619849,921.7537053801509,1119.1,1094.36,-0.014195583596214534,0
2016-02-08,1295.0,1354.0,1251.0,1321.0,135102787455,102283592,6036,1290.0,1354.0,76.38937296342687,62.92480713050077,38.504241857623455,1351.3973644245677,921.7026355754323,1136.55,1098.78,-0.04800590841949781,0
2016-02-09,1387.0,1387.0,1320.0,1377.0,156051340536,113292438,4238,1321.0,1336.0,72.93847445976192,67.63885734867904,44.33116495583457,1375.2898792470198,931.41012075298,1153.35,1103.3,-0.058383233532934176,0
2016-02-10,1336.0,1369.0,1309.0,1336.0,55892558105,41850966,2677,1377.0,1310.0,68.14944930670434,68.48731427347775,49.162394819363215,1389.2837842603276,948.2162157396724,1168.75,1106.3,0.011450381679389388,0
2016-02-13,1320.0,1320.0,1270.0,1277.0,38227264572,29931513,1581,1336.0,1270.0,61.463278162211374,65.18069432255402,52.36605472000138,1395.2690234320469,966.830976567953,1181.05,1108.34,0.053543307086614256,1
2016-02-14,1277.0,1289.0,1215.0,1255.0,44181696736,35207756,2076,1277.0,1250.0,58.37918253705359,60.251796135105906,53.94320300302229,1392.9839319518837,993.9160680481164,1193.45,1110.94,0.07040000000000002,1
2016-02-15,1286.0,1297.0,1260.0,1286.0,36927512566,28719396,1976,1255.0,1289.0,62.34682899562684,58.81460472174808,54.917483346767455,1395.8163122438407,1016.4836877561595,1206.15,1114.52,0.048099301784328974,0
2016-02-16,1309.0,1309.0,1238.0,1262.0,36805409411,29165062,1792,1286.0,1258.0,57.64300819366109,54.545413674567044,54.84306941232738,1390.6297895864832,1044.170210413517,1217.4,1118.12,0.06438791732909377,1
2016-02-17,1273.0,1325.0,1221.0,1318.0,107707979003,81726508,2520,1262.0,1325.0,63.97001463360937,55.92373506296326,55.05920254245456,1390.6413782641996,1072.5586217358002,1231.6,1123.22,-0.02264150943396226,0
2016-02-20,1358.0,1383.0,1270.0,1358.0,146806913659,108104917,5121,1318.0,1338.0,65.0605565998508,57.403346007570235,55.5280312354777,1394.486683831075,1094.113316168925,1244.3,1127.64,-0.03288490284005974,0
2016-02-21,1369.0,1376.0,1313.0,1353.0,77012742066,56930294,2047,1358.0,1338.0,65.0605565998508,57.90841616636408,56.004108221654974,1399.2369397070574,1111.1630602929426,1255.2,1132.9,-0.05007473841554555,0
2016-02-22,1340.0,1381.0,1339.0,1355.0,43862803527,32372069,1991,1353.0,1351.0,66.24545186048687,58.68123847121524,56.53953427156703,1408.791804604523,1119.308195395477,1264.05,1138.56,-0.06217616580310881,0
2016-02-23,1367.0,1367.0,1290.0,1335.0,83276874108,62376352,1775,1355.0,1339.0,64.08500792986251,57.66072901238135,56.7637732197299,1414.6957923648986,1129.5042076351012,1272.1,1143.96,-0.06646751306945486,0
2016-02-24,1339.0,1340.0,1295.0,1308.0,16932340835,12948025,924,1335.0,1295.0,56.77377203789438,52.69411072967819,55.94984072171956,1410.2264319109672,1148.7735680890328,1279.5,1148.46,-0.04169884169884175,0
2016-02-27,1291.0,1339.0,1280.0,1306.0,23837702334,18245856,1222,1308.0,1294.0,56.61568250801037,48.12261081326187,54.38439474002803,1397.8216979033823,1178.0783020966178,1287.95,1152.4,-0.026275115919629055,0
2016-02-28,1297.0,1317.0,1270.0,1284.0,20142190516,15691093,1060,1306.0,1271.0,52.96277552094145,42.15778767859683,51.939073327741795,1378.3114637980366,1211.6885362019634,1295.0,1156.52,-0.009441384736427971,0
2016-02-29,1280.0,1309.0,1254.0,1286.0,47736418403,37120485,1356,1284.0,1267.0,52.33040329496778,36.68497425196597,48.88825351258664,1368.3720109042542,1229.3279890957456,1298.85,1160.72,-0.003946329913180779,0
2016-03-01,1287.0,1296.0,1250.0,1264.0,21076862716,16671936,1244,1286.0,1250.0,49.61882505171262,30.622969723956658,45.23519675486064,1367.1713803915136,1231.6286196084866,1299.4,1163.72,0.05919999999999992,1
2016-03-02,1260.0,1264.0,1225.0,1247.0,29653405046,23774075,1030,1264.0,1241.0,48.19502647804921,24.80660754703831,41.14947891329617,1368.8391566477428,1224.0608433522573,1296.45,1166.74,0.11442385173247382,1
2016-03-05,1255.0,1298.0,1245.0,1267.0,47012419673,37113213,2226,1247.0,1260.0,51.36768132946782,21.482601766865173,37.21610348400997,1369.1827006817914,1221.2172993182087,1295.2,1169.96,0.14444444444444438,1
2016-03-06,1271.0,1290.0,1251.0,1262.0,36178885972,28669010,1533,1267.0,1259.0,51.18998948513756,18.553735679642614,33.4836299231365,1369.4945650209538,1220.0054349790462,1294.75,1173.8,0.20254169976171554,1
2016-03-07,1258.0,1269.0,1245.0,1261.0,43384403365,34399051,1833,1262.0,1262.0,51.72945743842153,16.28691768333283,30.044287475175764,1360.9632049844656,1219.3367950155346,1290.15,1177.68,0.13866877971473857,1
2016-03-08,1285.0,1324.0,1269.0,1318.0,407414472959,309032240,10276,1261.0,1324.0,61.2591873864925,19.27118372402083,27.889666724944778,1358.9891100185764,1220.1108899814235,1289.55,1182.96,0.095166163141994,1
2016-03-09,1344.0,1383.0,1335.0,1374.0,186169594199,135527086,5690,1318.0,1383.0,67.77834226901963,26.09622197556814,27.530977775069452,1373.3962592654527,1213.0037407345474,1293.2,1189.38,0.0657989877078815,1
2016-03-12,1442.0,1442.0,1442.0,1442.0,99960476798,69320719,1649,1374.0,1442.0,72.72172426440166,35.852634030477475,29.195309026151058,1404.0557577849338,1199.544242215066,1301.8,1197.2,0.05062413314840497,1
2016-03-14,1514.0,1514.0,1481.0,1512.0,347915389619,230157722,7996,1442.0,1514.0,77.29881908302758,48.83155932671184,33.122559086263216,1450.0125920059684,1179.9874079940316,1315.0,1206.48,-0.02509907529722588,0
2016-03-15,1519.0,1519.0,1437.0,1452.0,183129560281,126143639,6047,1512.0,1437.0,64.78015733871942,52.30129784283031,36.958306837576636,1466.7986149523933,1178.0013850476068,1322.4,1214.5,0.012526096033402823,0
2016-03-16,1440.0,1470.0,1380.0,1404.0,100284320788,71444636,4039,1452.0,1450.0,65.78756746120685,55.46076479599628,40.65879842926057,1483.3578541079676,1180.6421458920324,1332.0,1222.84,0.006896551724137945,0
2016-03-26,1469.0,1474.0,1420.0,1474.0,121884651654,82707686,2111,1404.0,1474.0,67.62848564696932,59.218629049377114,44.370764553283884,1502.8825243033598,1176.0174756966403,1339.45,1231.52,-0.035278154681139706,0
2016-03-27,1530.0,1540.0,1461.0,1505.0,108151216329,71864856,3552,1474.0,1515.0,70.54440575658552,64.75862378864281,48.44833640035567,1528.7440079364442,1167.8559920635557,1348.3,1241.58,-0.08250825082508251,0
2016-03-28,1523.0,1525.0,1460.0,1501.0,59144681165,39408328,2508,1505.0,1476.0,64.58491524915432,65.24997438164405,51.80866399661335,1543.9056967877946,1166.4943032122055,1355.2,1251.08,-0.051490514905149,0
2016-03-29,1494.0,1494.0,1426.0,1442.0,62385327958,43250694,2700,1501.0,1455.0,61.56880873463232,63.21613254560066,54.090157706410814,1554.0237588731475,1166.7762411268527,1360.4,1260.08,-0.044673539518900296,0
2016-03-30,1450.0,1505.0,1410.0,1480.0,64829129647,43809882,2283,1442.0,1460.0,62.02355100634879,61.30111535159972,55.5323492354486,1564.5312711998947,1168.3687288001054,1366.45,1269.28,-0.05136986301369861,0
2016-04-02,1480.0,1490.0,1420.0,1435.0,34621344092,24124207,1747,1480.0,1422.0,56.547204773403934,56.07081851468615,55.64004309129611,1569.4495359774992,1176.1504640225007,1372.8,1277.68,-0.009845288326300938,0
2016-04-03,1440.0,1447.0,1364.0,1379.0,40629257273,29460493,2102,1435.0,1390.0,52.35499095849128,48.78131736309069,54.26829794565503,1570.9808677200654,1184.2191322799345,1377.6,1285.0,-0.005035971223021574,0
2016-04-04,1398.0,1430.0,1390.0,1413.0,49043352302,34700087,1580,1379.0,1400.0,53.51478749803855,43.31197808633556,52.07703397379113,1571.2861877420198,1196.81381225798,1384.05,1292.96,0.005714285714285783,0
2016-04-05,1405.0,1440.0,1379.0,1412.0,59614676053,42226303,1649,1413.0,1390.0,52.14773703864039,37.73557861780819,49.208742902594544,1569.5684476159743,1210.8315523840258,1390.2,1300.06,0.0,0
2016-04-06,1426.0,1426.0,1382.0,1401.0,46719482035,33351788,1756,1412.0,1385.0,51.44016963143436,32.537709192406055,45.87453616055685,1564.4760875212096,1229.4239124787905,1396.95,1307.1,-0.02382671480144405,0
2016-04-09,1409.0,1438.0,1391.0,1409.0,29040442905,20616000,1469,1401.0,1408.0,54.498606796146866,29.929262101935365,42.68548134883256,1556.7808238694367,1253.8191761305632,1405.3,1314.44,-0.04616477272727271,0
2016-04-10,1409.0,1437.0,1380.0,1421.0,94181204694,66259319,1712,1409.0,1383.0,50.75654215684642,25.550230767783887,39.25843123262283,1548.0962220486279,1274.8037779513722,1411.45,1320.42,-0.015184381778741818,0
2016-04-11,1400.0,1422.0,1381.0,1401.0,27183880153,19403632,1369,1421.0,1408.0,54.14714520677437,23.82249703569596,36.17124439323746,1536.3919571722352,1301.408042827765,1418.9,1326.18,0.0078125,0
2016-04-12,1450.0,1467.0,1390.0,1416.0,151192820947,106771653,5929,1401.0,1390.0,51.4028382501246,20.761480612713058,33.089291637132575,1519.5551855345998,1331.0448144654001,1425.3,1330.5,0.05755395683453246,1
2016-04-13,1420.0,1458.0,1346.0,1413.0,67991726034,48102035,1853,1416.0,1352.0,46.09183139855517,15.095311271484888,29.49049556400304,1515.5731680551658,1337.8268319448343,1426.7,1333.98,0.06434911242603558,1
2016-04-16,1430.0,1434.0,1343.0,1365.0,31819705754,23312743,1197,1413.0,1343.0,44.908352599980844,9.76602975033461,25.545602401269356,1519.0485029036597,1330.3514970963404,1424.7,1337.9,0.0618019359642592,1
2016-04-17,1310.0,1390.0,1297.0,1352.0,34971412932,25866431,1692,1365.0,1362.0,47.946985117947285,6.995042464529661,21.835490413921416,1518.4959099357543,1322.9040900642458,1420.7,1342.64,0.04625550660792954,0
2016-04-18,1393.0,1419.0,1393.0,1416.0,25317173212,17883611,862,1352.0,1419.0,55.81973842208131,9.291333993149465,19.326659129767027,1503.8896952471553,1328.0103047528448,1415.95,1348.42,0.014799154334038,0
2016-04-19,1486.0,1486.0,1431.0,1476.0,172688357854,117008305,5349,1416.0,1470.0,61.43933650848118,15.052914717929298,18.47191024739948,1508.2540677529828,1326.945932247017,1417.6,1354.02,-0.04081632653061229,0
2016-04-20,1475.0,1527.0,1430.0,1465.0,82390398502,56228054,3631,1476.0,1439.0,56.71690469888942,16.922496029731974,18.16202740386598,1507.0421663266445,1327.0578336733554,1417.05,1358.02,-0.02918693537178596,0
2016-04-23,1476.0,1485.0,1413.0,1456.0,52294794066,35912985,1835,1465.0,1426.0,54.81416947260912,17.15738171812768,17.96109826671832,1500.9223014655495,1328.3776985344507,1414.65,1360.54,-0.020336605890603043,0
2016-04-24,1440.0,1449.0,1403.0,1420.0,37704653436,26555605,1896,1456.0,1425.0,54.662256548153564,17.06611116951308,17.78210084727727,1483.4255757409178,1336.8744242590824,1410.15,1363.34,-0.03298245614035089,0
2016-04-25,1422.0,1467.0,1422.0,1442.0,37558954663,26052523,1664,1420.0,1440.0,56.605008852242996,17.996698504136475,17.825020378649114,1476.6677136631713,1340.0322863368285,1408.35,1366.78,-0.040277777777777746,0
2016-04-26,1425.0,1440.0,1399.0,1411.0,33919833628,24042726,1677,1442.0,1410.0,51.822149257661685,16.127538170817388,17.485523937082768,1471.0026964013302,1341.1973035986696,1406.1,1367.9,-0.0375886524822695,0
2016-04-27,1429.0,1429.0,1381.0,1403.0,25062282622,17858226,1395,1411.0,1397.0,49.856259141187316,13.442269668407107,16.676873083347637,1463.0182112282653,1342.8817887717348,1402.95,1369.12,-0.04795991410164635,0
2016-04-30,1400.0,1432.0,1390.0,1408.0,27258601525,19363889,1224,1403.0,1397.0,49.856259141187316,11.185238566308726,15.578546179939856,1461.1679745759309,1342.2320254240692,1401.7,1370.86,-0.040801717967072326,0
2016-05-01,1400.0,1400.0,1369.0,1381.0,15712618073,11381171,1142,1408.0,1378.0,46.84409726268241,7.7737727334249485,14.017591490636875,1461.266103415159,1340.9338965848408,1401.1,1373.02,-0.0420899854862119,0
2016-05-02,1380.0,1408.0,1369.0,1385.0,50363796041,36373070,2087,1381.0,1382.0,47.5623754896687,5.331470183633428,12.280367229236186,1460.940760615617,1339.4592393843832,1400.2,1375.66,-0.04486251808972508,0
2016-05-03,1400.0,1400.0,1356.0,1377.0,21972373410,15961836,1239,1385.0,1357.0,43.597182512856556,1.362925790678446,10.096878941524638,1462.040077966276,1335.059922033724,1398.55,1377.02,-0.02800294767870304,0
2016-05-04,1356.0,1404.0,1318.0,1359.0,77240012606,56848538,2476,1377.0,1330.0,39.74350478761536,-3.9157107085388816,7.294361011511935,1465.8274232009433,1325.7725767990567,1395.8,1378.46,-0.015037593984962405,0
2016-05-07,1369.0,1389.0,1310.0,1360.0,51822305096,38099855,1698,1359.0,1340.0,41.79558264585211,-7.2090502938683585,4.3936787504358765,1466.227908003439,1318.572091996561,1392.4,1378.76,-0.014179104477611948,0
2016-05-08,1334.0,1389.0,1317.0,1351.0,46396707958,34333310,1441,1360.0,1320.0,38.93935144051871,-11.302589281874589,1.2544251439737835,1469.5092673786928,1308.9907326213072,1389.25,1378.4,-0.015909090909090873,0
2016-05-09,1332.0,1369.0,1318.0,1336.0,27094842816,20285302,1382,1351.0,1320.0,38.939351440518706,-14.380973511430739,-1.872654587107121,1470.0140182246284,1299.6859817753714,1384.85,1378.04,-0.02954545454545454,0
2016-05-10,1311.0,1376.0,1292.0,1340.0,61719409333,46056840,1998,1336.0,1319.0,38.785651592230764,-16.708699349271683,-4.839863539540033,1471.1022271447937,1291.4977728552062,1381.3,1377.4,-0.029567854435178176,0
2016-05-11,1330.0,1363.0,1286.0,1331.0,52784295287,39672408,1591,1340.0,1310.0,37.356500634059906,-19.059952363542607,-7.683881304340549,1473.4965534903863,1284.9034465096138,1379.2,1376.82,-0.005343511450381699,0
2016-05-14,1319.0,1355.0,1312.0,1329.0,20162508784,15174689,1232,1331.0,1321.0,40.25417408111697,-19.807401849212965,-10.108585413315033,1474.5487428646188,1281.651257135381,1378.1,1377.34,-0.015897047691143085,0
2016-05-15,1310.0,1333.0,1290.0,1303.0,48133358520,36946392,2304,1329.0,1299.0,36.607032408198805,-21.922270798394266,-12.47132249033088,1477.2348473634565,1272.6651526365436,1374.95,1377.44,-0.010777521170130866,0
2016-05-16,1300.0,1318.0,1275.0,1302.0,73483700394,56450414,2362,1303.0,1281.0,33.90067836694581,-24.765290393355144,-14.930116070935734,1475.980486889322,1260.1195131106779,1368.05,1377.64,-0.006245120999219367,0
2016-05-17,1277.0,1313.0,1275.0,1291.0,47487298916,36796283,1767,1302.0,1280.0,33.75139069807659,-26.790273946177876,-17.302147645984164,1462.2794075957577,1254.8205924042422,1358.55,1377.9,0.005468749999999911,0
2016-05-18,1292.0,1344.0,1292.0,1315.0,36569357877,27798861,1971,1291.0,1303.0,40.266829013864005,-26.236739419800415,-19.089066000747415,1451.2364312364623,1252.2635687635377,1351.75,1378.96,-0.024558710667689998,0
2016-05-21,1320.0,1328.0,1288.0,1301.0,24195790075,18595133,1446,1315.0,1300.0,39.71813051479731,-25.743380580960093,-20.419928916789953,1441.219462774769,1249.680537225231,1345.45,1380.14,-0.03769230769230769,0
2016-05-23,1300.0,1300.0,1282.0,1293.0,39299249191,30400682,1460,1301.0,1285.0,37.00307423537219,-26.260055216273713,-21.587954176686708,1430.3248605450283,1246.5751394549718,1338.45,1380.64,-0.01322957198443575,0
2016-05-24,1285.0,1289.0,1272.0,1280.0,23134567134,18077060,1250,1293.0,1273.0,34.945050493983416,-27.322862349738443,-22.734935811297056,1413.5047960261818,1246.695203973818,1330.1,1380.92,-0.025137470542026752,0
2016-05-25,1285.0,1318.0,1273.0,1300.0,42107703423,32397855,1401,1280.0,1287.0,39.194081493905564,-26.7273652337949,-23.533421695796626,1400.76009048406,1247.1399095159402,1323.95,1381.42,-0.023310023310023298,0
2016-05-28,1300.0,1301.0,1269.0,1282.0,14100974189,11001557,1024,1300.0,1271.0,36.277814381504555,-27.232575581887204,-24.273252473014743,1389.9999136154975,1245.3000863845027,1317.65,1380.36,-0.016522423288748977,0
2016-05-29,1284.0,1294.0,1249.0,1272.0,60273749997,47400052,2096,1282.0,1251.0,32.974985189417126,-28.913494508946542,-25.201300880201106,1378.5446478850831,1242.1553521149167,1310.35,1377.72,-0.007194244604316502,0
2016-05-30,1260.0,1280.0,1255.0,1270.0,11209135494,8824486,693,1272.0,1268.0,38.1310827344422,-28.544829913235617,-25.87000668680801,1367.8810241085364,1241.8189758914634,1304.85,1374.24,-0.029968454258675115,0
2016-05-31,1262.0,1267.0,1241.0,1252.0,12567340965,10036850,681,1270.0,1241.0,33.69726004166108,-30.084539077128966,-26.7129131648722,1356.101286436677,1239.498713563323,1297.8,1368.78,-0.02256244963738918,0
2016-06-01,1249.0,1269.0,1244.0,1251.0,17093844000,13666639,940,1252.0,1257.0,38.27745448008559,-29.671666894115106,-27.304663910720784,1346.9390801563143,1238.6609198436856,1292.8,1365.18,-0.06364359586316626,0
2016-06-05,1250.0,1269.0,1250.0,1264.0,29371091877,23243383,834,1251.0,1250.0,37.0708963054698,-29.568457441393775,-27.757422616855383,1343.174994254456,1234.425005745544,1288.8,1361.18,-0.05120000000000002,0
2016-06-06,1241.0,1250.0,1230.0,1241.0,10238703160,8250318,816,1264.0,1242.0,35.686422138696514,-29.788809494772977,-28.1636999924389,1336.57219380444,1231.22780619556,1283.9,1356.54,-0.04589371980676327,0
2016-06-07,1249.0,1249.0,1222.0,1230.0,9518280716,7738041,662,1241.0,1230.0,33.655982930546045,-30.579241337223493,-28.64680826139582,1334.2977230873269,1224.5022769126733,1279.4,1350.84,-0.047967479674796754,0
2016-06-08,1230.0,1258.0,1206.0,1235.0,35037557134,28375943,1230,1230.0,1213.0,30.967851965474296,-32.206169517636454,-29.358680512643947,1332.7985318980245,1215.3014681019754,1274.05,1345.58,-0.03544929925803797,0
2016-06-11,1221.0,1232.0,1174.0,1184.0,20069108126,16945926,1335,1235.0,1177.0,26.19623768315273,-35.98560134539434,-30.684064679194027,1335.7205605631782,1198.179439436822,1266.95,1340.02,-0.034834324553950746,0
2016-06-12,1185.0,1217.0,1158.0,1191.0,37001142235,31067939,1125,1184.0,1186.0,29.135950500262254,-37.81865361676705,-32.110982466708634,1335.0167489538503,1186.4832510461497,1260.75,1334.54,-0.04300168634064083,0
2016-06-13,1182.0,1214.0,1160.0,1200.0,30721563101,25602779,678,1191.0,1185.0,28.99774263172469,-38.903595953406466,-33.4695051640482,1329.7931934993162,1178.106806500684,1253.95,1329.8,-0.04641350210970463,0
2016-06-14,1175.0,1212.0,1150.0,1200.0,49644722732,41357481,899,1200.0,1171.0,27.062297093404354,-40.42708529460924,-34.861021190160415,1328.5351220915002,1166.5648779084997,1247.55,1325.42,0.015371477369769515,0
2016-06-15,1166.0,1187.0,1161.0,1174.0,9753416957,8310160,584,1200.0,1170.0,26.92406336689379,-41.23976685487264,-36.136770323102866,1328.106910292819,1155.893089707181,1242.0,1320.82,0.03333333333333344,0
2016-06-18,1180.0,1188.0,1136.0,1154.0,10119754586,8767860,826,1174.0,1136.0,22.681858847640314,-44.118765036219884,-37.733169265726275,1330.5363045044883,1139.0636954955116,1234.8,1315.74,0.0484154929577465,0
2016-06-19,1136.0,1177.0,1121.0,1163.0,23552739397,20255593,683,1154.0,1135.0,22.56922384113058,-45.95138452261767,-39.37681231710456,1326.1244202799733,1126.675579720027,1226.4,1310.74,0.05726872246696035,1
2016-06-20,1123.0,1148.0,1120.0,1139.0,7103515917,6280591,492,1163.0,1130.0,21.981455910567576,-47.26239540771439,-40.95392893522653,1320.0330504791536,1115.7669495208465,1217.9,1305.18,0.09203539823008855,1
2016-06-21,1137.0,1189.0,1123.0,1152.0,37780998289,32791859,1554,1139.0,1189.0,41.38109515545572,-43.0443851848388,-41.37202018514898,1311.1079588613989,1115.092041138601,1213.1,1301.3,0.029436501261564274,0
2016-06-22,1189.0,1209.0,1180.0,1199.0,12679749540,10573181,597,1152.0,1209.0,46.25931818070728,-37.65370042122049,-40.62835623236329,1303.9763519710343,1115.8236480289659,1209.9,1297.32,0.03391232423490487,0
2016-06-25,1207.0,1210.0,1173.0,1201.0,30002891358,24972912,882,1199.0,1191.0,42.80659450436778,-34.43702488936856,-39.390089963764346,1292.5114408997943,1117.6885591002056,1205.1,1293.34,0.033585222502099166,0
2016-06-26,1208.0,1228.0,1170.0,1212.0,34776500545,28698079,1021,1201.0,1200.0,45.01638241630779,-30.806444060830927,-37.673360783177664,1283.568229682056,1119.531770317944,1201.55,1290.3,0.006666666666666599,0
2016-06-28,1221.0,1272.0,1220.0,1250.0,94812248428,75842801,1631,1212.0,1234.0,52.48524132818902,-24.898650601881627,-35.11841874691846,1280.9847432590936,1120.4152567409064,1200.7,1288.12,-0.014586709886547866,0
2016-06-29,1245.0,1259.0,1200.0,1242.0,51077063086,41121366,850,1250.0,1224.0,50.320186238693495,-20.784012984734773,-32.251537594481725,1273.5266619288018,1123.4733380711982,1198.5,1285.36,-0.02777777777777779,0
2016-07-02,1235.0,1263.0,1230.0,1246.0,24307894556,19512994,1263,1242.0,1250.0,55.46416730197196,-15.249365131018749,-28.85110310178913,1275.090593642148,1122.8094063578521,1198.95,1281.98,-0.04079999999999995,0
2016-07-03,1251.0,1251.0,1231.0,1243.0,10492232681,8441623,618,1246.0,1231.0,51.285133990961356,-12.25499014442039,-25.531880510315382,1270.60279295667,1124.69720704333,1197.65,1277.2,-0.025182778229081992,0
2016-07-04,1234.0,1267.0,1200.0,1247.0,34148331752,27391202,847,1243.0,1208.0,46.69820091745133,-11.60406968318921,-22.74631834489015,1264.6715595901808,1126.4284404098191,1195.55,1272.58,-0.009933774834437137,0
2016-07-05,1215.0,1243.0,1201.0,1231.0,6651463437,5437415,381,1247.0,1216.0,48.42605897525768,-10.32367251631922,-20.261789179175963,1260.7567665743795,1127.7432334256205,1194.25,1268.38,-0.004934210526315819,0
2016-07-09,1234.0,1244.0,1185.0,1210.0,17486387781,14452276,1023,1231.0,1190.0,43.4915991677433,-11.276937727274799,-18.46481888879573,1256.7104529939027,1127.7895470060973,1192.25,1263.68,0.04285714285714293,0
2016-07-10,1196.0,1250.0,1186.0,1229.0,31731488759,25817150,754,1210.0,1199.0,45.55953087889321,-11.177337106487812,-17.007322532334147,1255.3950467944005,1127.7049532055994,1191.55,1258.86,0.0592160133444537,1
2016-07-11,1203.0,1241.0,1189.0,1225.0,33482135505,27328910,692,1229.0,1200.0,45.79688109251495,-10.892153291267277,-15.784288684120774,1256.2833311503819,1129.1166688496182,1192.7,1254.66,0.05333333333333323,1
2016-07-12,1200.0,1237.0,1195.0,1225.0,30996839711,25296180,587,1225.0,1196.0,44.95263779073048,-10.863679894256848,-14.80016692614799,1256.7219647065413,1129.6780352934588,1193.2,1250.64,0.10953177257525093,1
2016-07-13,1210.0,1237.0,1190.0,1223.0,37467265403,30630656,838,1225.0,1210.0,48.529042795991614,-9.600759940539092,-13.760285529026211,1258.260579061618,1130.639420938382,1194.45,1246.9,0.08925619834710741,1
2016-07-16,1207.0,1251.0,1201.0,1236.0,40431667735,32713966,1688,1223.0,1241.0,55.43360336349156,-6.028947897705621,-12.214018002762094,1263.8756399299905,1132.0243600700096,1197.95,1244.16,0.036261079774375427,0
2016-07-17,1240.0,1290.0,1229.0,1262.0,69430455075,55033316,2298,1236.0,1270.0,60.73941203815902,-0.8484233866799968,-9.940899079545675,1274.561381778167,1131.338618221833,1202.95,1241.92,0.012598425196850505,0
2016-07-23,1260.0,1272.0,1253.0,1264.0,8643956614,6839933,256,1212.0,1264.0,59.169835979720645,2.7414282773622745,-7.404433608164085,1278.7280224579654,1139.9719775420344,1209.35,1240.06,0.039556962025316444,0
2016-07-24,1269.0,1327.0,1269.0,1316.0,126681257313,96241850,3854,1264.0,1327.0,68.40268846037617,10.548389800160294,-3.81386892649921,1297.0997920673965,1140.8002079326036,1218.95,1240.0,-0.03541823662396382,0
2016-07-25,1340.0,1367.0,1289.0,1325.0,43815144015,33079683,1895,1316.0,1318.0,66.10303285591277,15.826796807479013,0.11426422029643435,1306.6680055937115,1150.0319944062883,1228.35,1239.56,-0.006069802731411222,0
2016-07-26,1278.0,1329.0,1271.0,1303.0,30446307644,23357926,1402,1325.0,1286.0,58.564048014667634,17.229231963555094,3.5372577689481663,1313.166492984101,1153.233507015899,1233.2,1238.88,0.012441679626749691,0
2016-07-27,1358.0,1358.0,1282.0,1320.0,78832915504,59720502,1486,1303.0,1286.0,58.56404801466763,18.13166142243449,6.456138499645432,1319.3651869351945,1154.7348130648054,1237.05,1238.2,0.0645412130637637,1
2016-07-31,1297.0,1355.0,1297.0,1321.0,90074583928,68178685,3150,1320.0,1314.0,62.86222935051469,20.86568266318136,9.338047332352618,1329.1339281086089,1157.2660718913912,1243.2,1238.1,0.017503805175038023,0
2016-08-01,1308.0,1312.0,1278.0,1307.0,76683977598,58668233,837,1321.0,1280.0,55.35362761238653,20.057685827149044,11.481975031311904,1332.1602259894316,1162.2397740105685,1247.2,1237.5,0.0390625,0
2016-08-02,1311.0,1330.0,1301.0,1314.0,40471606211,30806589,1614,1307.0,1310.0,59.904474478182514,21.589224649891094,13.503424955027743,1339.9629136223348,1162.0370863776652,1251.0,1237.28,0.016030534351145098,0
2016-08-03,1328.0,1338.0,1299.0,1319.0,17748020854,13460560,748,1314.0,1302.0,58.200793151037374,21.90494054064493,15.18372807215118,1345.6081032773518,1164.1918967226484,1254.9,1237.34,0.007680491551459223,0
2016-08-06,1305.0,1384.0,1300.0,1360.0,143070647951,105234217,5101,1319.0,1369.0,66.73379530756125,27.247396688208028,17.59646179536255,1364.219773145607,1157.4802268543929,1260.85,1239.1,-0.050401753104455826,0
2016-08-07,1370.0,1407.0,1337.0,1360.0,71158512493,52320497,1784,1360.0,1337.0,60.3925171376576,28.56986350822808,19.79114213793566,1373.641906672893,1158.6580933271073,1266.15,1240.24,-0.02617801047120416,0
2016-08-08,1347.0,1347.0,1317.0,1327.0,9979654897,7519416,582,1360.0,1330.0,59.07021030563913,28.721997187637044,21.577313147875937,1379.6964983150845,1164.8035016849155,1272.25,1240.78,-0.02706766917293235,0
2016-08-09,1337.0,1350.0,1330.0,1341.0,10972947852,8180324,591,1327.0,1331.0,59.20761918800892,28.59364611381079,22.98057974106291,1385.0980858847302,1170.9019141152698,1278.0,1241.4,-0.002253944402704766,0
2016-08-10,1340.0,1345.0,1308.0,1319.0,11140249643,8444785,735,1341.0,1312.0,55.40188772050065,26.651563123048845,23.7147764174601,1384.1177984169447,1184.0822015830552,1284.1,1241.94,-0.009146341463414642,0
2016-08-13,1319.0,1344.0,1296.0,1314.0,34319613025,26114978,1174,1319.0,1300.0,53.08121587202243,23.869001655949887,23.74562146515806,1381.3655626788245,1196.9344373211757,1289.15,1242.48,-0.010769230769230753,0
2016-08-14,1311.0,1320.0,1300.0,1309.0,6659930673,5097859,532,1314.0,1302.0,53.4313354433531,21.576464875106694,23.31179014714779,1376.9733340731127,1211.5266659268873,1294.25,1242.78,-0.013056835637480835,0
2016-08-15,1301.0,1310.0,1290.0,1299.0,8631998734,6653039,458,1309.0,1294.0,51.76727306519071,18.896255546809243,22.42868322708008,1368.551080684464,1229.748919315536,1299.15,1243.24,-0.022411128284389514,0
2016-08-16,1290.0,1329.0,1280.0,1308.0,18229485277,13937942,688,1299.0,1328.0,57.784775682075164,19.293285212139835,21.80160362409203,1362.0955081506952,1248.0044918493047,1305.05,1244.78,-0.050451807228915624,0
2016-08-17,1299.0,1310.0,1287.0,1302.0,4693684109,3623463,314,1308.0,1300.0,52.02804662217216,17.15086360848545,20.871455620970718,1357.0306026902672,1258.9693973097328,1308.0,1245.42,-0.03076923076923077,0
2016-08-20,1290.0,1296.0,1282.0,1295.0,4575705403,3557084,347,1302.0,1286.0,49.379175203078006,14.160067610083843,19.529178018793345,1355.8046806198145,1261.7953193801854,1308.8,1246.32,-0.027993779160186638,0
2016-08-21,1285.0,1307.0,1260.0,1294.0,28229966247,21814619,612,1295.0,1285.0,49.18654414312609,11.575711000395131,17.938484615113705,1353.6325307648003,1266.0674692351995,1309.85,1246.88,-0.054474708171206254,0
2016-08-22,1288.0,1288.0,1261.0,1277.0,6304152357,4971680,468,1294.0,1265.0,45.374086263414874,7.823571650919348,15.915502022274834,1353.8875646397958,1259.6124353602042,1306.75,1247.18,-0.033992094861660105,0
2016-08-23,1261.0,1285.0,1260.0,1270.0,9652166731,7601229,459,1277.0,1261.0,44.629026961113084,4.475615503598874,13.627524718539643,1354.7208618597829,1253.0791381402173,1303.9,1247.56,-0.009516256938937317,0
2016-08-24,1260.0,1290.0,1259.0,1280.0,25439567385,19877898,514,1270.0,1260.0,44.43259627588414,1.7217966929792965,11.246379113427574,1356.427130707211,1248.7728692927888,1302.6,1248.16,-0.03492063492063491,0
2016-08-27,1262.0,1263.0,1242.0,1249.0,12651746529,10128196,560,1280.0,1250.0,42.42181053478969,-1.2530960696769853,8.746484076806661,1358.960467674971,1242.639532325029,1300.8,1248.9,-0.040000000000000036,0
2016-08-28,1249.0,1249.0,1200.0,1214.0,17223546199,14190313,946,1249.0,1215.0,36.240129712052116,-6.3615950025880466,5.72486826092772,1364.5676105534212,1227.1323894465786,1295.85,1249.66,-0.027983539094650234,0
2016-08-29,1201.0,1246.0,1200.0,1225.0,15355313240,12536296,654,1214.0,1222.0,38.18038273388756,-9.733078838884921,2.6332788409651915,1368.640091822985,1217.2599081770152,1292.95,1250.38,-0.026186579378068786,0
2016-08-30,1240.0,1250.0,1213.0,1241.0,9428110056,7591622,459,1225.0,1249.0,45.117729751190005,-10.109790347790977,0.08466500321395776,1367.488401196133,1212.3115988038671,1289.9,1251.66,-0.048839071257005595,0
2016-08-31,1250.0,1250.0,1216.0,1231.0,6873394951,5601965,343,1241.0,1216.0,39.31118122314576,-12.922202038839714,-2.5167084051967765,1369.3195317722952,1201.8804682277046,1285.6,1252.56,-0.012335526315789491,0
2016-09-03,1220.0,1238.0,1194.0,1209.0,10057012560,8319975,490,1231.0,1200.0,36.83585574958887,-16.254750206597464,-5.264316765476915,1359.5982261796637,1194.7017738203365,1277.15,1253.16,0.0,0
2016-09-04,1210.0,1210.0,1177.0,1187.0,8731285845,7371136,530,1209.0,1181.0,34.090679827483555,-20.19615119037826,-8.250683650457184,1357.0250249510857,1181.6749750489141,1269.35,1254.06,0.012701100762066098,0
2016-09-05,1198.0,1199.0,1187.0,1191.0,29739982164,24969211,933,1187.0,1190.0,36.50455913727024,-22.336039127068034,-11.067754745779354,1351.8737957203223,1172.8262042796775,1262.35,1255.16,-0.004201680672268893,0
2016-09-06,1198.0,1198.0,1182.0,1191.0,4629379005,3889842,400,1191.0,1188.0,36.18738476583213,-23.917591907926862,-13.637722178208858,1344.4918809308801,1165.90811906912,1255.2,1256.32,0.0016835016835017313,0
2016-09-07,1190.0,1201.0,1189.0,1192.0,5366180474,4495904,374,1191.0,1201.0,39.84597453310812,-23.8470980250338,-15.679597347573846,1337.922929033622,1161.3770709663781,1249.65,1256.56,-0.013322231473771873,0
2016-09-10,1200.0,1214.0,1181.0,1204.0,13840996798,11499595,576,1192.0,1200.0,39.65762040014414,-23.59987805382093,-17.263653488823266,1332.2748252504691,1157.025174749531,1244.65,1256.38,-0.02083333333333337,0
2016-09-11,1212.0,1212.0,1189.0,1201.0,4083140910,3412007,321,1204.0,1196.0,38.86619961379437,-23.456331033026345,-18.502188997663882,1325.2645505730873,1153.4354494269126,1239.35,1256.48,-0.01170568561872909,0
2016-09-13,1193.0,1204.0,1185.0,1198.0,4101052188,3438521,251,1201.0,1185.0,36.697333765371084,-23.954049680175785,-19.592561134166264,1319.081922965944,1148.7180770340563,1233.9,1256.18,0.0025316455696202667,0
2016-09-14,1181.0,1210.0,1180.0,1194.0,7999853109,6708450,420,1198.0,1190.0,38.38055197054433,-23.67215916520513,-20.40848074037404,1302.3657747268378,1151.6342252731622,1227.0,1255.3,0.009243697478991564,0
2016-09-17,1182.0,1199.0,1180.0,1188.0,4671336062,3951666,324,1194.0,1185.0,37.31210528803823,-23.58039697637969,-21.042863987575167,1290.7823665653402,1151.7176334346598,1221.25,1254.52,-0.0008438818565400519,0
2016-09-18,1181.0,1195.0,1175.0,1180.0,13199026733,11182391,649,1188.0,1175.0,35.201452014611036,-24.0375018486518,-21.641791559790494,1281.2807898715564,1150.1192101284437,1215.7,1253.02,0.015319148936170146,0
2016-09-19,1174.0,1191.0,1174.0,1181.0,3096623355,2619738,274,1180.0,1182.0,37.851656719907936,-23.56329624318232,-22.026092496468863,1269.3835788489669,1151.716421151033,1210.55,1252.04,0.04145516074450084,0
2016-09-21,1185.0,1196.0,1180.0,1183.0,5729125990,4834792,448,1181.0,1188.0,40.1125891213482,-22.44460756376111,-22.109795509927316,1260.6522010688896,1152.7477989311105,1206.7,1251.64,0.031144781144781142,0
2016-09-24,1190.0,1207.0,1190.0,1196.0,7730282144,6439227,572,1183.0,1201.0,44.798417072411695,-20.27532603357372,-21.7429016146566,1251.5710768646172,1155.8289231353829,1203.7,1251.34,0.02248126561198993,0
2016-09-25,1202.0,1207.0,1184.0,1195.0,7933661140,6641359,624,1196.0,1184.0,40.35203761266141,-19.70081399671949,-21.33448409106918,1240.858027298423,1158.9419727015772,1199.9,1251.22,0.014358108108108114,0
2016-09-26,1186.0,1194.0,1185.0,1191.0,5899840726,4962365,388,1195.0,1193.0,43.546605952944546,-18.308238309762828,-20.729234934807913,1230.9998159078743,1163.1001840921256,1197.05,1251.1,-0.005867560771165126,0
2016-09-27,1199.0,1241.0,1193.0,1222.0,21065262450,17237913,1143,1191.0,1231.0,54.60209897971661,-13.977209058617063,-19.378829759569744,1234.1282303892913,1161.5717696107085,1197.85,1251.72,-0.02924451665312755,0
2016-09-28,1230.0,1260.0,1218.0,1242.0,10689073337,8603062,794,1222.0,1225.0,52.84246059545624,-10.90330056773496,-17.683723921202787,1234.6987738239097,1161.3012261760903,1198.0,1252.3,-0.033469387755102,0
2016-10-01,1247.0,1251.0,1220.0,1240.0,6034242811,4871618,522,1242.0,1228.0,53.64681666221431,-8.131397327668083,-15.773258602495847,1228.6073846073639,1165.2926153926362,1196.95,1252.66,-0.02687296416938112,0
2016-10-02,1236.0,1239.0,1199.0,1212.0,8695156237,7191190,578,1240.0,1201.0,46.036139564426016,-8.020858922172238,-14.222778666431125,1226.7063927755908,1165.6936072244093,1196.2,1251.86,0.017485428809325576,0
2016-10-03,1201.0,1216.0,1182.0,1194.0,14082167273,11797840,950,1212.0,1186.0,42.434420813272375,-9.039430155220543,-13.18610896418901,1226.2668652965924,1164.7331347034076,1195.5,1250.18,0.02866779089376048,0
2016-10-04,1192.0,1207.0,1192.0,1197.0,9366464814,7824366,607,1194.0,1195.0,45.20449722291782,-9.016493883047815,-12.352185947960773,1226.243967783544,1166.1560322164562,1196.2,1248.8,0.030125523012552335,0
2016-10-05,1200.0,1209.0,1181.0,1191.0,8609918421,7236619,690,1197.0,1184.0,42.51188337551338,-9.773264679686918,-11.836401694306003,1226.3032892986703,1165.49671070133,1195.9,1245.94,0.02195945945945943,0
2016-10-08,1186.0,1205.0,1186.0,1193.0,4237630954,3542811,396,1191.0,1195.0,45.977284602357365,-9.377307159336397,-11.344582787312083,1226.4418863302478,1166.0581136697522,1196.25,1243.48,0.029288702928870203,0
2016-10-09,1192.0,1235.0,1192.0,1220.0,12452653900,10204486,786,1193.0,1222.0,53.402275353480874,-6.806373977758767,-10.43694102540142,1229.4751456900901,1165.1248543099098,1197.3,1242.2,-0.018003273322422242,0
2016-10-10,1220.0,1230.0,1210.0,1219.0,5708076705,4682229,379,1220.0,1220.0,52.823120796437195,-4.874088733186454,-9.324370566958427,1231.9576885745064,1164.6423114254935,1198.3,1240.88,0.007377049180327777,0
2016-10-15,1230.0,1246.0,1219.0,1231.0,9750944523,7919203,616,1219.0,1231.0,55.670682440720206,-2.427151989055119,-7.944926851377766,1236.5656131014985,1163.5343868985015,1200.05,1239.22,0.006498781478472715,0
2016-10-16,1221.0,1240.0,1210.0,1218.0,7806620939,6427343,384,1231.0,1210.0,49.524879304062985,-2.157590129817663,-6.787459507065746,1237.378248296976,1165.221751703024,1201.3,1237.82,0.01074380165289246,0
2016-10-17,1230.0,1230.0,1210.0,1221.0,32053926471,26259852,546,1218.0,1230.0,54.658708020406195,-0.3263654238073741,-5.495240690414072,1241.0470528674505,1165.5529471325494,1203.3,1236.22,-0.013008130081300862,0
2016-10-18,1230.0,1230.0,1200.0,1211.0,11487501751,9484745,588,1221.0,1200.0,46.945517145727514,-1.281088341619352,-4.652410220655128,1240.898202129521,1167.201797870479,1204.05,1234.18,0.04499999999999993,0
2016-10-19,1220.0,1238.0,1210.0,1223.0,23100335936,18894200,1165,1211.0,1229.0,53.74116457094903,0.29889898307646945,-3.662148379908808,1242.5878291778095,1170.9121708221905,1206.75,1231.38,0.07078925956061832,1
2016-10-22,1240.0,1250.0,1227.0,1242.0,10885453538,8764455,749,1223.0,1239.0,55.84159737933286,2.3310953316774885,-2.463499637591549,1246.1699330075628,1173.030066992437,1209.6,1229.42,0.07425343018563368,1
2016-10-23,1244.0,1244.0,1212.0,1233.0,8938661228,7257243,506,1242.0,1223.0,51.78966779565065,2.620353492756294,-1.4467290115219804,1246.954915393489,1175.7450846065108,1211.35,1227.28,0.0711365494685201,1
2016-10-24,1233.0,1238.0,1211.0,1221.0,11455781214,9380587,588,1233.0,1214.0,49.60908547066777,2.0991699609205625,-0.7375492170334719,1247.2987251919594,1176.7012748080406,1212.0,1224.94,0.07084019769357486,1
2016-10-25,1228.0,1280.0,1228.0,1254.0,35528248617,28328055,1585,1221.0,1254.0,58.06091094632003,4.857796311067204,0.3815198885866634,1252.8229152154172,1178.1770847845828,1215.5,1223.78,0.012759170653907415,0
2016-10-26,1253.0,1316.0,1250.0,1306.0,108860215203,83347900,3568,1254.0,1316.0,67.23437095356032,11.909622695813823,2.6871404500320955,1277.8684133552058,1165.4315866447944,1221.65,1224.1,-0.018237082066869248,0
2016-10-29,1326.0,1371.0,1326.0,1359.0,64119185431,47184271,2882,1306.0,1331.0,69.00100288335506,18.49541689815578,5.848795739656833,1300.369129133329,1152.9308708666713,1226.65,1224.68,-0.03981968444778361,0
2016-10-30,1339.0,1339.0,1301.0,1310.0,21579350607,16473448,1332,1359.0,1310.0,63.813560772647584,21.769239513687126,9.032884494462891,1313.0654428587598,1148.7345571412404,1230.9,1225.0,-0.00992366412213741,0
2016-10-31,1306.0,1329.0,1286.0,1299.0,34583636094,26623243,1489,1310.0,1300.0,61.44465724396538,23.28839695304987,11.883986986180286,1321.9791403717243,1147.0208596282757,1234.5,1224.44,0.024615384615384706,0
2016-11-01,1308.0,1315.0,1269.0,1295.0,27359035289,21123121,1192,1299.0,1270.0,54.86456104283746,21.820062787843426,13.871202146512914,1325.3146953876426,1150.5853046123575,1237.95,1223.84,0.07795275590551176,1
2016-11-02,1290.0,1302.0,1285.0,1294.0,8776130217,6781734,540,1295.0,1292.0,58.38415784320501,22.17598259814781,15.532158236839894,1330.2255712839828,1156.2744287160172,1243.25,1223.96,0.037151702786377694,0
2016-11-05,1283.0,1300.0,1270.0,1282.0,8761907127,6840888,595,1294.0,1278.0,55.4223931170538,21.085310283164972,16.64278864610491,1332.6746152156368,1162.1253847843634,1247.4,1223.82,0.07198748043818459,1
2016-11-06,1280.0,1297.0,1268.0,1282.0,9402653702,7336643,537,1282.0,1297.0,58.49934520656265,21.50617601606291,17.61546612009651,1335.7070626152083,1170.3929373847916,1253.05,1224.46,0.040863531225906025,0
2016-11-07,1295.0,1339.0,1295.0,1319.0,22356986388,16951393,1104,1282.0,1332.0,63.497662149255135,24.38285229094231,18.96894335426567,1344.8538698363645,1174.9461301636356,1259.9,1225.88,0.006006006006006093,0
2016-11-08,1339.0,1376.0,1330.0,1355.0,69972615530,51644605,2172,1319.0,1369.0,67.89918770212412,29.310358178201568,21.03722631905285,1362.614301497853,1171.885698502147,1267.25,1228.06,-0.0387143900657414,0
2016-11-09,1296.0,1350.0,1288.0,1305.0,63349443788,48545271,2152,1355.0,1340.0,61.62679702475712,30.523528224593292,22.93448670016094,1371.0372691109274,1175.4627308890726,1273.25,1229.86,-0.03656716417910444,0
2016-11-12,1369.0,1370.0,1352.0,1369.0,218734334335,159801816,5421,1305.0,1370.0,65.20745365890717,33.51933349484784,25.05145605909832,1384.5275610765075,1175.8724389234926,1280.2,1232.96,-0.03065693430656935,0
2016-11-13,1380.0,1380.0,1332.0,1356.0,30508897372,22493564,1338,1369.0,1350.0,61.113303118087494,33.88904607416589,26.818974062111835,1390.5297633800246,1183.8702366199755,1287.2,1235.52,-0.03037037037037038,0
2016-11-14,1344.0,1359.0,1331.0,1343.0,32089107087,23887201,1221,1356.0,1340.0,59.114743698956204,32.99478617392606,28.054136484474682,1394.9704258335296,1190.4295741664705,1292.7,1237.34,-0.014925373134328401,0
2016-11-15,1342.0,1357.0,1311.0,1321.0,15394378620,11654804,694,1343.0,1316.0,54.50757521139673,30.003616324177756,28.4440324524153,1391.8520219393827,1205.1479780606173,1298.5,1239.34,-0.008358662613981771,0
2016-11-16,1310.0,1325.0,1291.0,1302.0,16414909384,12604097,727,1321.0,1291.0,50.125215826335236,25.323883634783215,27.820002688888884,1389.4712694808193,1213.7287305191805,1301.6,1241.16,0.016266460108443015,0
2016-11-19,1300.0,1333.0,1281.0,1304.0,16589660753,12719442,782,1302.0,1328.0,55.79040090531884,24.320402084576244,27.12008256802636,1389.702794335697,1222.3972056643029,1306.05,1244.1,-0.0060240963855421326,0
2016-11-21,1320.0,1332.0,1300.0,1309.0,5980547825,4557368,365,1304.0,1309.0,52.49300518415007,21.74137349584339,26.044340753589765,1384.822209582972,1235.8777904170279,1310.35,1246.48,0.03896103896103886,0
2016-11-22,1311.0,1329.0,1309.0,1314.0,10422311879,7933064,526,1309.0,1320.0,54.18141185021177,20.35049498904891,24.905571600681597,1375.6142393445436,1255.6857606554565,1315.65,1249.12,0.008333333333333304,0
2016-11-23,1319.0,1321.0,1304.0,1313.0,11447761679,8720436,569,1314.0,1305.0,51.49385204367848,17.832279691827353,23.49091321891075,1371.4187936745047,1264.9812063254954,1318.2,1251.2,0.03065134099616862,0
2016-11-26,1320.0,1350.0,1310.0,1330.0,16357042917,12294168,692,1313.0,1312.0,52.67363583525697,16.214506684695834,22.035631912067768,1371.280390390551,1264.719609609449,1318.0,1253.44,0.05945121951219523,1
2016-11-27,1329.0,1330.0,1310.0,1318.0,9525353310,7232114,368,1330.0,1320.0,54.04918306140705,15.400416645664336,20.708588858787085,1370.408379886186,1264.4916201138142,1317.45,1255.92,0.06969696969696959,1
2016-11-29,1307.0,1360.0,1307.0,1337.0,22214970170,16611761,996,1318.0,1360.0,60.267501119208035,17.77797668180051,20.12246642338977,1375.9016755796408,1263.9983244203593,1319.95,1259.42,0.061764705882352944,1
2016-12-03,1327.0,1348.0,1310.0,1323.0,16053341954,12130998,851,1337.0,1331.0,54.5082666886093,17.124749055618622,19.522922949835543,1376.8696667875947,1266.1303332124053,1321.5,1262.24,0.051840721262208955,1
2016-12-04,1331.0,1360.0,1324.0,1347.0,37049070513,27511836,1273,1323.0,1345.0,56.66140118684467,17.534616310825186,19.125261622033474,1376.1376212862124,1274.3623787137876,1325.25,1265.44,0.03643122676579935,0
2016-12-05,1365.0,1402.0,1358.0,1387.0,117887255597,85008765,3962,1347.0,1390.0,62.76226213732211,21.24565628215987,19.54934055405875,1385.9255322714955,1274.3744677285047,1330.15,1269.74,0.005035971223021685,0
2016-12-06,1400.0,1456.0,1385.0,1439.0,234135825611,162692651,6651,1387.0,1412.0,65.33173050275195,25.6660362450898,20.772679692264962,1397.9016994044237,1275.7983005955762,1336.85,1274.34,-0.010623229461756423,0
2016-12-07,1414.0,1470.0,1410.0,1448.0,101970679815,70418126,3344,1439.0,1444.0,68.7133942042565,31.389513010974042,22.896046356006778,1418.2934545028613,1270.1065454971388,1344.2,1279.46,-0.0166204986149584,0
2016-12-10,1441.0,1441.0,1399.0,1411.0,27142627528,19231114,1347,1448.0,1400.0,60.04109527168221,32.00603169637111,24.718043424079646,1425.2953023043692,1269.9046976956306,1347.6,1283.44,0.0071428571428571175,0
2016-12-11,1396.0,1400.0,1378.0,1391.0,17850939274,12830063,849,1411.0,1394.0,58.94852584376912,31.645685575854486,26.103571854434616,1428.6579569978285,1269.0420430021713,1348.85,1287.64,0.017934002869440357,0
2016-12-12,1400.0,1424.0,1385.0,1403.0,17663290233,12592333,826,1391.0,1397.0,59.346861520046694,31.242044762619344,27.131266436071563,1434.070140221849,1269.329859778151,1351.7,1291.72,0.0035790980672869566,0
2016-12-13,1390.0,1410.0,1390.0,1399.0,9385225752,6710011,477,1403.0,1397.0,59.346861520046694,30.569767262077676,27.818966601272788,1437.4359585486054,1268.6640414513945,1353.05,1295.04,0.010021474588403745,0
2016-12-14,1390.0,1438.0,1382.0,1418.0,35320768868,24915880,993,1399.0,1420.0,62.57572574358345,31.52943853929355,28.56106098887694,1445.8057561178364,1267.2942438821635,1356.55,1298.94,-0.02464788732394363,0
2016-12-18,1408.0,1448.0,1404.0,1426.0,19954117372,13992421,841,1418.0,1410.0,60.3320473081394,31.12428710646509,29.07370621239457,1451.8878462300072,1268.2121537699927,1360.05,1302.58,-0.019858156028368823,0
2016-12-19,1428.0,1429.0,1391.0,1406.0,13115992114,9331849,569,1426.0,1419.0,61.66429615438973,31.170116757594087,29.492988321434474,1458.1249159276786,1272.2750840723215,1365.2,1306.94,-0.006342494714587699,0
2016-12-20,1400.0,1413.0,1384.0,1395.0,19873122646,14249311,830,1406.0,1402.0,57.72090554980597,29.494682817508647,29.493327220649313,1458.3944521927413,1283.1055478072587,1370.75,1311.26,-0.014978601997146956,0
2016-12-21,1382.0,1419.0,1382.0,1400.0,8664566802,6186715,389,1395.0,1411.0,59.208167627252315,28.563847875077045,29.30743135153486,1461.9124129085353,1287.8875870914649,1374.9,1315.58,-0.03260099220411061,0
2016-12-24,1398.0,1404.0,1385.0,1398.0,7378431819,5281105,424,1400.0,1385.0,53.36760042438658,25.434973229296702,28.532939727087232,1460.3409211129147,1297.0590788870854,1378.7,1319.6,-0.01949458483754518,0
2016-12-25,1391.0,1398.0,1377.0,1382.0,14059996569,10173483,635,1398.0,1382.0,52.721362236592405,22.45440223070159,27.317232227810102,1458.8703574674787,1304.7296425325212,1381.8,1323.34,-0.02604920405209843,0
2016-12-26,1390.0,1411.0,1386.0,1399.0,30671548643,21928570,1021,1382.0,1410.0,57.85138940253597,22.096924642278964,26.273170710703873,1456.3968816902718,1317.703118309728,1387.05,1327.1,-0.021276595744680882,0
2016-12-27,1407.0,1409.0,1377.0,1385.0,22662537045,16364490,849,1399.0,1381.0,51.605742970034555,19.251642490183713,24.86886506659984,1450.8506420857668,1330.1493579142332,1390.5,1330.32,-0.007965242577842147,0
2016-12-28,1380.0,1382.0,1362.0,1372.0,16640196105,12129871,707,1385.0,1365.0,48.4949791016874,15.526687613298009,23.000429575939478,1445.2661879820325,1340.2338120179675,1392.75,1333.0,0.02417582417582409,0
2016-12-31,1360.0,1377.0,1352.0,1361.0,11904268966,8745289,507,1372.0,1358.0,47.15571542578248,11.872928805330048,20.774929421817593,1445.422246495333,1339.8777535046672,1392.65,1335.96,0.022091310751104487,0
2017-01-01,1360.0,1360.0,1340.0,1349.0,12451696707,9231106,622,1361.0,1346.0,44.86814076895377,7.917728271391297,18.203489191732334,1442.9758005499068,1343.8241994500934,1393.4,1338.28,0.04903417533432397,0
2017-01-02,1348.0,1397.0,1345.0,1367.0,23475335941,17175228,768,1349.0,1380.0,51.97661026678773,7.440944624899203,16.05098027836571,1440.015465562769,1350.2845344372313,1395.15,1341.88,0.016666666666666607,0
2017-01-03,1367.0,1385.0,1355.0,1368.0,13488053388,9856959,470,1367.0,1370.0,49.93720533150073,6.1848782964518705,14.077759881982944,1440.3031147395718,1347.9968852604284,1394.15,1344.7,0.029927007299270114,0
2017-01-04,1370.0,1399.0,1370.0,1390.0,14523166189,10446286,659,1368.0,1398.0,55.23370969576898,7.363916035742932,12.734991112734942,1438.9185605684206,1347.9814394315795,1393.45,1347.88,0.012160228898426384,0
2017-01-07,1400.0,1410.0,1387.0,1399.0,21302608209,15230630,874,1390.0,1388.0,53.0740604997499,7.4060234834985295,11.66919758688766,1429.776845006521,1351.5231549934792,1390.65,1351.18,0.033141210374639796,0
2017-01-08,1394.0,1420.0,1378.0,1401.0,22225522863,15864974,941,1399.0,1412.0,57.38108473894666,9.269144435631688,11.189186956636465,1431.2893556412223,1351.2106443587777,1391.25,1355.14,0.016997167138810276,0
2017-01-09,1397.0,1420.0,1378.0,1406.0,19069443303,13565685,708,1401.0,1403.0,55.330194183861764,9.905274589745886,10.932404483258349,1432.053934134905,1351.3460658650952,1391.7,1358.12,0.03349964362081259,0
2017-01-11,1400.0,1431.0,1400.0,1417.0,24989131333,17634207,966,1406.0,1411.0,56.807973135842204,10.928963176704201,10.93171622194752,1433.5747495458588,1351.2252504541414,1392.4,1360.02,0.028348688873139682,0
2017-01-14,1420.0,1433.0,1403.0,1420.0,13035583652,9178460,548,1417.0,1415.0,57.563909891953614,11.925540124586632,11.130481002475342,1435.6088643213702,1350.9911356786297,1393.3,1361.7,0.01978798586572439,0
2017-01-15,1420.0,1459.0,1405.0,1436.0,25072390628,17459075,1051,1420.0,1434.0,61.050950720300634,14.08609995412894,11.721604792806062,1438.4612190584567,1349.5387809415433,1394.0,1364.18,0.004881450488145145,0
2017-01-16,1421.0,1455.0,1421.0,1443.0,27506485538,19057010,927,1436.0,1436.0,61.41041263417787,15.777865063267427,12.532856846898335,1442.9617246872579,1347.638275312742,1395.3,1366.9,0.013231197771587766,0
2017-01-17,1448.0,1450.0,1425.0,1442.0,18748550677,13005289,684,1443.0,1450.0,63.92055629118248,18.040326444350057,13.634350766388682,1449.2724188698296,1344.4275811301702,1396.85,1370.5,0.0,0
2017-01-18,1440.0,1485.0,1427.0,1458.0,35333284874,24228603,1251,1442.0,1451.0,64.10018563892463,19.687094461502056,14.844899505411359,1456.791216721893,1341.8087832781068,1399.3,1373.68,-0.01447277739490005,0
2017-01-21,1451.0,1472.0,1442.0,1461.0,16788051925,11491564,748,1458.0,1443.0,61.46378486416166,20.11476633292864,15.898872870914815,1461.3115882936675,1340.4884117063327,1400.9,1376.98,-0.023562023562023526,0
2017-01-22,1441.0,1470.0,1440.0,1459.0,26512577784,18173166,825,1461.0,1441.0,60.790632312948944,20.061064621562764,16.731311221044404,1466.0637715357511,1341.336228464249,1403.7,1379.86,-0.015961138098542715,0
2017-01-23,1445.0,1468.0,1436.0,1458.0,22853671839,15673107,755,1459.0,1455.0,63.78092865923634,20.907183626942015,17.56648570222393,1472.6807737606334,1342.0192262393664,1407.35,1382.32,-0.03298969072164948,0
2017-01-24,1440.0,1463.0,1439.0,1454.0,25928810407,17837770,880,1458.0,1450.0,61.96337960663189,20.932978475864047,18.239784256951953,1477.2801847499543,1341.4198152500455,1409.35,1383.94,-0.022068965517241357,0
2017-01-25,1450.0,1456.0,1428.0,1440.0,14140558835,9821791,590,1454.0,1430.0,55.188680826226495,19.119194058627727,18.41566621728711,1478.994047356613,1344.605952643387,1411.8,1385.74,-0.020279720279720248,0
2017-01-28,1439.0,1445.0,1401.0,1418.0,15149832652,10687236,705,1440.0,1409.0,49.116355764326634,15.805041662688836,17.893541306367457,1477.711851332092,1350.288148667908,1414.0,1386.52,-0.0276792051100071,0
2017-01-29,1402.0,1418.0,1395.0,1404.0,11143433228,7936988,527,1418.0,1418.0,51.57546788309974,13.74631780076902,17.06409660524777,1475.3026586028664,1358.6973413971336,1417.0,1387.88,-0.027503526093088815,0
2017-01-30,1400.0,1420.0,1397.0,1408.0,9664119895,6864928,399,1404.0,1407.0,48.49089402951999,11.099211438287512,15.871119571855719,1468.771555806051,1371.3284441939488,1420.05,1389.22,-0.026297085998578495,0
2017-01-31,1407.0,1420.0,1391.0,1409.0,20274637359,14385633,706,1408.0,1418.0,51.60772141782663,9.776273844453954,14.652150426375366,1467.109605845955,1376.790394154045,1421.95,1391.26,-0.0430183356840621,0
2017-02-01,1400.0,1419.0,1396.0,1406.0,7673041231,5461156,349,1409.0,1401.0,46.885876706416646,7.272248392368283,13.17617001957395,1463.221530687549,1383.778469312451,1423.5,1393.46,-0.019985724482512457,0
2017-02-04,1400.0,1400.0,1361.0,1370.0,14431202703,10537077,678,1406.0,1370.0,39.74464542973539,2.7545959909634803,11.091855213851858,1466.9593357079882,1377.2406642920116,1422.1,1394.3,-0.0021897810218978186,0
2017-02-05,1370.0,1380.0,1356.0,1373.0,17154623305,12495512,652,1370.0,1379.0,42.48362060473335,-0.09831795305399282,8.853820580470687,1468.0235916245663,1375.276408375434,1421.65,1395.7,0.005801305293691161,0
2017-02-06,1373.0,1379.0,1362.0,1370.0,8025018883,5858866,366,1373.0,1370.0,40.50098579450529,-3.050335225967501,6.47298941918305,1471.0066808117485,1368.0933191882514,1419.55,1396.7,0.0,0
2017-02-07,1369.0,1375.0,1356.0,1363.0,10867178053,7971399,434,1370.0,1357.0,37.75981209678504,-6.365444653737541,3.9053026045989325,1475.1667506008612,1359.3332493991388,1417.25,1397.74,0.02358142962417098,0
2017-02-08,1356.0,1398.0,1351.0,1379.0,10775107728,7812930,443,1363.0,1373.0,42.8836211989158,-7.613858653799525,1.601470352919241,1476.3722090731112,1354.3277909268886,1415.35,1398.96,0.030589949016751605,0
2017-02-11,1380.0,1401.0,1352.0,1367.0,18833378926,13775716,674,1379.0,1367.0,41.50379063529365,-8.983825649246455,-0.5155888475138983,1477.5115210490171,1348.388478950983,1412.95,1399.9,0.024871982443306573,0
2017-02-12,1365.0,1400.0,1353.0,1388.0,25407521685,18302752,837,1367.0,1387.0,47.56074436876716,-8.359340239420135,-2.084339125895146,1475.3468918185486,1345.8531081814513,1410.6,1400.44,0.016582552271088735,0
2017-02-13,1375.0,1400.0,1369.0,1387.0,18712050048,13491339,676,1388.0,1370.0,43.44308168940989,-9.130933263181305,-3.493657953352378,1473.2487679957942,1341.3512320042057,1407.3,1401.22,0.029197080291970767,0
2017-02-14,1364.0,1415.0,1363.0,1395.0,27057531681,19396246,1010,1387.0,1389.0,48.780450798992625,-8.115731976804,-4.418072758042703,1467.6088983502973,1340.8911016497027,1404.25,1402.1,0.017998560115190854,0
2017-02-15,1381.0,1430.0,1380.0,1419.0,18121603029,12774958,811,1395.0,1415.0,55.034045707902,-5.153785305405108,-4.5652152675151845,1462.3448244856218,1342.5551755143783,1402.45,1402.6,-0.004946996466431042,0
2017-02-26,1420.0,1437.0,1401.0,1419.0,40494317959,28541559,1114,1419.0,1401.0,51.39526037682544,-3.8912483371536837,-4.430421881442885,1457.2825038985955,1343.4174961014044,1400.35,1402.38,-0.00785153461812993,0
2017-02-27,1418.0,1430.0,1402.0,1418.0,34744161278,24506808,1090,1419.0,1410.0,53.52273653368529,-2.13978776844192,-3.9722950588426924,1452.8355438592387,1344.7644561407612,1398.8,1401.7,-0.014184397163120588,0
2017-02-28,1410.0,1430.0,1407.0,1412.0,37061541843,26256400,1084,1418.0,1410.0,53.52273653368529,-0.7431757813492368,-3.3264712033440014,1444.4351751606264,1348.6648248393735,1396.55,1401.9,-0.007092198581560294,0
2017-03-01,1410.0,1420.0,1405.0,1414.0,26953557445,19061482,1030,1412.0,1414.0,54.54820882928352,0.6785934482115863,-2.525458273032884,1436.8160195426665,1352.6839804573335,1394.75,1402.3,-0.021216407355021172,0
2017-03-04,1410.0,1429.0,1400.0,1415.0,21765853402,15380475,811,1414.0,1408.0,52.67092361756964,1.3061494719618167,-1.7591367240339437,1433.0366728750232,1354.263327124977,1393.65,1402.52,-0.027698863636363646,0
2017-03-05,1399.0,1428.0,1382.0,1411.0,18737975001,13276201,670,1415.0,1390.0,47.400575336316514,0.3470420891796948,-1.3379009613912163,1431.4716391214527,1353.9283608785474,1392.7,1402.38,-0.014388489208633115,0
2017-03-06,1408.0,1420.0,1389.0,1402.0,15877931098,11328354,489,1411.0,1390.0,47.400575336316514,-0.40835021458610754,-1.1519908120301945,1428.297837776879,1354.3021622231208,1391.3,1401.78,-0.021582733812949617,0
2017-03-07,1386.0,1420.0,1380.0,1410.0,32719844832,23203705,981,1402.0,1400.0,50.58633018123636,-0.19780743019077818,-0.9611541356623113,1427.4765656771108,1354.4234343228893,1390.95,1401.58,0.00642857142857145,0
2017-03-08,1398.0,1418.0,1382.0,1397.0,10896433357,7798083,378,1410.0,1384.0,45.80599503161873,-1.3069513178559191,-1.030313572101033,1423.6876247753007,1354.8123752246993,1389.25,1400.88,0.020231213872832443,0
2017-03-11,1398.0,1415.0,1369.0,1394.0,39994679392,28690206,1165,1397.0,1369.0,41.816408734006565,-3.3576258587006578,-1.495776029420958,1422.722924032144,1352.5770759678562,1387.65,1400.22,0.025566106647187725,0
2017-03-12,1395.0,1400.0,1369.0,1385.0,25970711472,18750568,823,1394.0,1370.0,42.17797860670428,-4.8462440789217,-2.1658696393211065,1422.722924032144,1352.5770759678562,1387.65,1399.4,0.029197080291970767,0
2017-03-13,1372.0,1399.0,1351.0,1373.0,28105790476,20466463,926,1385.0,1360.0,39.53234914430862,-6.755033350274971,-3.0837023815118796,1423.6383269811263,1349.7616730188738,1386.7,1398.9,0.034558823529411864,0
2017-03-18,1394.0,1430.0,1388.0,1409.0,11196153484,7948662,312,1373.0,1409.0,54.569655550175156,-4.264711174266722,-3.319904140062848,1425.9717095021713,1351.328290497829,1388.65,1399.44,0.0007097232079489313,0
2017-03-25,1427.0,1427.0,1393.0,1408.0,3117468291,2215304,200,1409.0,1412.0,55.302546886702515,-2.0256871198525914,-3.0610607360207966,1427.0561355192099,1355.7438644807903,1391.4,1399.48,-0.011331444759206777,0
2017-03-26,1400.0,1420.0,1385.0,1408.0,7855841886,5580798,348,1408.0,1404.0,52.85391157706837,-0.8865578792733686,-2.6261601646713113,1427.961283897683,1357.9387161023171,1392.95,1399.94,-0.002849002849002802,0
2017-03-27,1410.0,1420.0,1389.0,1409.0,8493586422,6028539,400,1408.0,1410.0,54.48174704518172,0.4946579972977361,-2.0019965322775017,1428.7267750485232,1361.4732249514766,1395.1,1400.84,-0.007092198581560294,0
2017-03-28,1410.0,1419.0,1393.0,1408.0,4677752724,3323272,230,1409.0,1407.0,53.48732575705918,1.331853820852757,-1.33522646165145,1429.8928986647184,1362.3071013352815,1396.1,1401.82,-0.01563610518834402,0
2017-03-29,1410.0,1420.0,1393.0,1409.0,3893009951,2758171,250,1408.0,1410.0,54.38397281857079,2.2119148926312846,-0.6257981907949031,1430.1680526406544,1366.0319473593454,1398.1,1403.1,-0.015602836879432647,0
2017-04-03,1412.0,1412.0,1394.0,1406.0,3977006737,2837101,311,1409.0,1396.0,49.58052774398312,1.7594053062166495,-0.1487574913925926,1430.2649336030074,1366.6350663969927,1398.45,1403.42,-0.022206303724928378,0
2017-04-04,1407.0,1420.0,1390.0,1409.0,11932997839,8468208,551,1406.0,1400.0,50.91451483186292,1.7039131196388553,0.22177663081369703,1428.6134275059208,1366.7865724940793,1397.7,1404.02,-0.042857142857142816,0
2017-04-05,1408.0,1418.0,1396.0,1402.0,9231310341,6588089,365,1409.0,1400.0,50.91451483186292,1.6410185219538107,0.5056250090417198,1428.5451452523503,1366.75485474765,1397.65,1404.06,-0.04428571428571426,0
2017-04-08,1390.0,1407.0,1385.0,1398.0,15432172968,11042275,573,1402.0,1385.0,45.66046383625924,0.37645986539746445,0.47979198031286874,1427.2181764574725,1365.5818235425277,1396.4,1404.0,-0.04693140794223827,0
2017-04-09,1381.0,1400.0,1381.0,1390.0,13885522198,9990092,509,1398.0,1388.0,46.84197063697605,-0.37926512039916815,0.3079805601704614,1425.6651115618563,1364.9348884381436,1395.3,1403.52,-0.0417867435158501,0
2017-04-10,1389.0,1390.0,1365.0,1373.0,22394260971,16309268,935,1390.0,1365.0,39.71275738084944,-2.8017930708620042,-0.31397416603603173,1424.6573890812206,1361.0426109187792,1392.85,1402.76,-0.03809523809523807,0
2017-04-12,1390.0,1390.0,1330.0,1349.0,48789942915,36179735,1749,1373.0,1340.0,33.707520867838525,-6.662157783379826,-1.5836108895047907,1427.8972365738346,1351.0027634261655,1389.45,1401.34,-0.0052238805970149516,0
2017-04-15,1360.0,1371.0,1319.0,1331.0,136292679815,102363933,3836,1349.0,1338.0,33.27402980748981,-9.77028218454484,-3.2209451485128007,1431.3529212542792,1342.3470787457206,1386.85,1399.8,-0.004484304932735439,0
2017-04-16,1320.0,1353.0,1320.0,1331.0,81118159278,60936003,2863,1331.0,1320.0,29.586208721457524,-13.529977573667793,-5.2827516335438,1436.4848285041442,1330.2151714958557,1383.35,1397.52,0.011363636363636465,0
2017-04-17,1319.0,1365.0,1311.0,1333.0,21772666855,16338905,888,1331.0,1330.0,33.96496745308123,-15.52369928795315,-7.33094116442567,1437.1920439133892,1322.5079560866106,1379.85,1395.4,-0.003759398496240629,0
2017-04-18,1350.0,1352.0,1313.0,1330.0,43370377446,32620987,1487,1333.0,1313.0,30.49334879410941,-18.264949072217178,-9.517742745983972,1440.5498249037714,1312.0501750962285,1376.3,1392.66,0.031987814166031914,0
2017-04-19,1317.0,1386.0,1317.0,1354.0,31828793624,23501677,1191,1330.0,1333.0,38.46240821851118,-18.609062731429958,-11.33600674307317,1441.4283198665962,1307.5716801334038,1374.5,1390.3,0.01275318829707417,0
2017-04-22,1336.0,1348.0,1329.0,1335.0,13152772375,9855281,649,1354.0,1332.0,38.22641530504521,-18.74637043900225,-12.818079482258986,1442.0417741720755,1303.1582258279243,1372.6,1388.08,0.013513513513513598,0
2017-04-23,1329.0,1335.0,1318.0,1323.0,12893012683,9746180,592,1335.0,1335.0,39.42714830688385,-18.400997612296578,-13.934663108266506,1442.5322309299563,1300.1677690700435,1371.35,1385.96,0.01872659176029967,0
2017-04-24,1339.0,1360.0,1318.0,1344.0,16023773383,11922528,629,1323.0,1325.0,36.85551215403109,-18.718429185535115,-14.891416323720229,1438.8612961824422,1295.438703817558,1367.15,1383.36,0.014339622641509342,0
2017-04-26,1348.0,1358.0,1329.0,1343.0,11596314275,8636685,508,1344.0,1355.0,47.84580658647231,-16.36065131060218,-15.18526332109662,1433.1276107399212,1295.4723892600787,1364.3,1381.46,0.01845018450184499,0
2017-04-29,1360.0,1372.0,1341.0,1360.0,25111012716,18461688,888,1343.0,1350.0,46.396395570313565,-14.725803672855818,-15.09337139144846,1428.186485116473,1295.0135148835268,1361.6,1379.86,-0.007407407407407418,0
2017-04-30,1342.0,1380.0,1333.0,1355.0,14139648476,10434448,489,1360.0,1350.0,46.396395570313565,-13.277124712537898,-14.73012205566635,1421.49801268853,1295.7019873114698,1358.6,1378.68,0.0,0
2017-05-01,1350.0,1378.0,1343.0,1367.0,16431868972,12023346,581,1355.0,1360.0,49.91563800540871,-11.193092766846576,-14.022716197902396,1415.1223194733032,1297.3776805266968,1356.25,1377.52,-0.008088235294117618,0
2017-05-02,1361.0,1363.0,1344.0,1360.0,4924576375,3642451,257,1367.0,1344.0,44.842783352029564,-10.709100869033136,-13.359993132128544,1406.5652030693432,1299.334796930657,1352.95,1376.26,0.018601190476190466,0
2017-05-03,1350.0,1380.0,1340.0,1365.0,11294751620,8274997,448,1360.0,1380.0,55.74158705695641,-7.336069030358203,-12.155208311774476,1403.6059034530242,1300.694096546976,1352.15,1375.5,-0.006521739130434745,0
2017-05-06,1350.0,1375.0,1336.0,1356.0,5050391098,3750833,285,1365.0,1340.0,45.082368112832945,-7.80066153247526,-11.284298955914634,1395.875902882311,1302.4240971176891,1349.15,1374.28,0.009701492537313339,0
2017-05-07,1338.0,1370.0,1329.0,1356.0,23338710605,17205115,808,1356.0,1350.0,47.771300942598,-7.278041281627111,-10.483047421057131,1387.1630843082496,1306.1369156917506,1346.65,1373.88,0.0007407407407407085,0
2017-05-08,1360.0,1380.0,1343.0,1369.0,14090229658,10288410,592,1356.0,1349.0,47.52072699711162,-6.865412409519422,-9.75952041874959,1381.3918937682142,1308.3081062317856,1344.85,1373.28,-0.002965159377316562,0
2017-05-09,1342.0,1380.0,1341.0,1373.0,19207051631,13990751,729,1369.0,1369.0,52.84776510864492,-4.868447767161342,-8.781305888431941,1376.7018292198397,1311.0981707801604,1343.9,1373.26,-0.015339663988312657,0
2017-05-10,1360.0,1389.0,1350.0,1371.0,30803324268,22472853,1067,1373.0,1371.0,53.35763949831687,-3.0888492836368187,-7.642814567472917,1377.8666006624892,1310.533399337511,1344.2,1373.54,-0.026258205689277947,0
2017-05-13,1352.0,1379.0,1350.0,1366.0,8373827767,6131796,352,1371.0,1353.0,48.29591495463992,-3.0952738417456658,-6.733306422327467,1378.6687817664601,1311.0312182335397,1344.85,1373.14,-0.006651884700665134,0
2017-05-14,1352.0,1373.0,1346.0,1364.0,13359282666,9796974,462,1366.0,1351.0,47.75384860120514,-3.224577711013353,-6.031560680064644,1379.2668476492465,1311.7331523507535,1345.5,1372.82,0.00888230940044421,0
2017-05-15,1350.0,1378.0,1340.0,1361.0,13664786595,10043116,525,1364.0,1345.0,46.08280828431499,-3.767769315584701,-5.578802407168656,1378.435170035323,1315.064829964677,1346.75,1371.98,0.011152416356877248,0
2017-05-16,1358.0,1371.0,1341.0,1361.0,8635284111,6343443,329,1361.0,1348.0,47.07994233361317,-3.911093002179541,-5.245260526170833,1378.389388415635,1316.9106115843651,1347.65,1371.54,0.005192878338278861,0
2017-05-17,1377.0,1377.0,1330.0,1349.0,20114793999,14906745,656,1361.0,1335.0,43.33954759732365,-5.015849816438504,-5.199378384224367,1375.804574477659,1321.695425522341,1348.75,1370.46,0.04119850187265928,0
2017-05-20,1351.0,1372.0,1344.0,1350.0,5871055275,4345263,289,1349.0,1344.0,46.50804824118068,-5.106290627422595,-5.180760832864014,1375.484728376807,1323.115271623193,1349.3,1369.04,0.030505952380952328,0
2017-05-21,1361.0,1377.0,1345.0,1363.0,10443033201,7663949,417,1350.0,1363.0,52.54171816248375,-3.603287950815684,-4.8652662564543485,1376.417753130986,1325.2822468690138,1350.85,1368.28,0.019809244314013208,0
2017-05-22,1365.0,1371.0,1351.0,1366.0,12464288572,9123709,487,1363.0,1360.0,51.552939973002985,-2.623974879960315,-4.417007981155542,1376.8782162426387,1327.3217837573611,1352.1,1367.28,0.0235294117647058,0
2017-05-23,1351.0,1381.0,1348.0,1370.0,13942406221,10180590,535,1366.0,1355.0,49.8685044764521,-2.2256643557295774,-3.978739256070349,1375.042014834592,1332.1579851654078,1353.6,1366.18,0.03321033210332103,0
2017-05-24,1374.0,1398.0,1355.0,1381.0,20194191969,14617656,809,1370.0,1390.0,59.776092292369924,0.9037887826930273,-3.002233648317674,1382.0353892639164,1328.6646107360834,1355.35,1365.7,-0.0007194244604316058,0
2017-05-27,1385.0,1416.0,1380.0,1395.0,12818598985,9190499,580,1381.0,1385.0,58.01223474106049,2.9464795460421556,-1.8124910094457083,1386.5950843390322,1327.6049156609677,1357.1,1365.24,0.0021660649819494893,0
2017-05-28,1380.0,1415.0,1380.0,1405.0,10926132238,7776437,492,1395.0,1390.0,59.30540988898954,4.912160576631095,-0.4675606922303477,1391.6631693814727,1326.5368306185271,1359.1,1365.24,0.017985611510791477,0
2017-05-29,1390.0,1419.0,1390.0,1409.0,13983998883,9921926,617,1405.0,1392.0,59.838243924351225,6.5557891837693205,0.937109282969586,1396.2870763082103,1325.1129236917898,1360.7,1365.28,-0.001436781609195359,0
2017-05-30,1385.0,1430.0,1385.0,1414.0,27353466466,19349853,989,1409.0,1400.0,61.98253206016769,8.406999184418737,2.4310872632594163,1402.077195338259,1324.922804661741,1363.5,1365.28,0.004999999999999893,0
2017-05-31,1400.0,1428.0,1388.0,1416.0,36464261031,25747128,1007,1414.0,1389.0,57.44121864703893,8.884078254050792,3.7216854614176915,1403.4846683325682,1324.415331667432,1363.95,1365.38,0.004319654427645814,0
2017-06-03,1390.0,1396.0,1384.0,1400.0,5542262514,3994494,280,1416.0,1388.0,57.032124085248924,9.076843015112672,4.792716972156688,1405.6044265041025,1327.0955734958973,1366.35,1365.76,-0.0014409221902017544,0
2017-06-06,1400.0,1418.0,1380.0,1400.0,13672989029,9767260,543,1400.0,1415.0,64.40360191507537,11.278275884718141,6.089828754668979,1413.4013698434853,1325.7986301565145,1369.6,1366.66,-0.024028268551236742,0
2017-06-07,1410.0,1410.0,1361.0,1388.0,6248529022,4522419,318,1400.0,1390.0,54.99556015812165,10.880215872189865,7.047906178173156,1415.240251205581,1328.0597487944192,1371.65,1367.26,-0.005035971223021574,0
2017-06-10,1395.0,1409.0,1388.0,1395.0,9409265409,6741977,381,1388.0,1407.0,59.34466809701853,11.800479784059007,7.998420899350326,1419.747294294856,1327.352705705144,1373.55,1367.22,-0.03269367448471927,0
2017-06-11,1407.0,1409.0,1387.0,1404.0,13925758766,9921404,569,1395.0,1395.0,55.28344426099522,11.429740914052672,8.684684902290796,1421.8578549730876,1327.6421450269124,1374.75,1366.88,-0.022939068100358395,0
2017-06-12,1389.0,1400.0,1385.0,1401.0,2248556484,1616187,126,1404.0,1386.0,52.38776131660628,10.291073811750493,9.005962684182736,1422.6488918804043,1330.1511081195958,1376.4,1366.52,0.022366522366522368,0
2017-06-13,1384.0,1399.0,1376.0,1397.0,3591215207,2586039,172,1401.0,1381.0,50.79593012291839,8.882818118360092,8.981333771018207,1422.6790129431772,1333.120987056823,1377.9,1365.94,0.03692976104272261,0
2017-06-14,1377.0,1400.0,1377.0,1396.0,2578354962,1853264,134,1397.0,1383.0,51.43164913923575,7.837799348685394,8.752626886551646,1421.9834090628663,1337.6165909371337,1379.8,1365.46,0.04121475054229928,0
2017-06-17,1398.0,1400.0,1360.0,1376.0,9699627141,7050920,345,1396.0,1361.0,44.604761347846015,5.174747043684647,8.037050917978247,1421.0232670629944,1339.8767329370057,1380.45,1364.48,0.041880969875091933,0
2017-06-18,1377.0,1396.0,1360.0,1377.0,23323376765,16935760,574,1376.0,1363.0,45.31540085164874,3.188882735849802,7.067417281552559,1417.7123758298994,1345.9876241701004,1381.85,1363.82,0.0506236243580338,1
2017-06-25,1400.0,1417.0,1399.0,1404.0,22574008521,16083557,755,1377.0,1417.0,60.171861684862954,5.904357905086499,6.834805406259347,1420.0456220115475,1350.9543779884525,1385.5,1364.16,0.011291460832745237,0
2017-06-28,1411.0,1454.0,1411.0,1437.0,14731731501,10254788,673,1404.0,1432.0,63.16542326078315,9.161162007422035,7.300076726491885,1427.3816276023342,1350.5183723976659,1388.95,1364.8,0.007681564245810124,0
2017-07-01,1441.0,1457.0,1439.0,1448.0,28947802124,19991212,991,1437.0,1440.0,64.68976455175155,12.24656508466569,8.289374398126647,1434.980822025797,1350.9191779742032,1392.95,1365.9,0.004166666666666652,0
2017-07-02,1435.0,1459.0,1418.0,1439.0,24787150844,17224346,745,1448.0,1418.0,57.627069684030026,12.769355927695415,9.185370704040402,1435.6519911023959,1356.548008897604,1396.1,1366.5,0.02256699576868826,0
2017-07-03,1422.0,1446.0,1421.0,1432.0,12544517576,8757442,442,1439.0,1432.0,60.576765074057974,14.150239284169402,10.178344420066203,1440.5915085856102,1355.80849141439,1398.2,1367.84,0.06145251396648055,1
2017-07-04,1421.0,1446.0,1421.0,1436.0,13996747880,9747544,458,1432.0,1433.0,60.7867452085517,15.150643745404977,11.172804285133958,1445.1124701647043,1356.0875298352955,1400.6,1369.7,0.04466154919748777,0
2017-07-05,1430.0,1455.0,1430.0,1443.0,18376592978,12735686,563,1436.0,1443.0,62.914005180702574,16.55950030340523,12.250143488788213,1451.1076012788303,1355.3923987211697,1403.25,1371.8,0.05197505197505192,1
2017-07-08,1449.0,1450.0,1439.0,1445.0,21503661520,14878854,640,1443.0,1446.0,63.552794795610836,17.713909284136207,13.342896647857813,1456.9538233876965,1354.9461766123036,1405.95,1374.32,0.05739972337482713,1
2017-07-09,1447.0,1453.0,1445.0,1450.0,31441029157,21690765,919,1445.0,1450.0,64.43247531636005,18.735581171783906,14.421433552643032,1462.831890369526,1354.068109630474,1408.45,1376.72,0.06413793103448273,1
2017-07-10,1449.0,1522.0,1445.0,1508.0,92963545569,61655018,2426,1450.0,1520.0,75.55271434458115,24.906571041914958,16.518461050497418,1487.1027045273802,1342.8972954726198,1415.0,1380.86,0.06513157894736832,1
2017-07-11,1502.0,1521.0,1496.0,1504.0,33877417208,22519882,1050,1508.0,1497.0,68.02686660501975,27.622798763050014,18.73932859300794,1499.690078244297,1341.2099217557031,1420.45,1384.14,0.0701402805611222,1
2017-07-12,1485.0,1521.0,1485.0,1509.0,22267662769,14755660,694,1504.0,1518.0,70.87910736082402,31.11132135068533,21.21372714454342,1515.434069261956,1335.7659307380438,1425.6,1387.86,0.07048748353096168,1
2017-07-15,1507.0,1544.0,1507.0,1531.0,60195988262,39327013,1443,1509.0,1529.0,72.27432263058553,34.36744222304105,23.844470160242945,1531.3517712400007,1333.7482287599992,1432.55,1391.74,0.06605624591236103,1
2017-07-16,1532.0,1551.0,1531.0,1544.0,39118560177,25342052,1136,1531.0,1543.0,73.98282914970603,37.64369142818555,26.604314413831467,1548.373437847836,1330.326562152164,1439.35,1396.1,0.06934543097861301,1
2017-07-17,1541.0,1621.0,1529.0,1583.0,181759418344,114850435,4405,1544.0,1619.0,80.87325172606793,45.84424346722267,30.45230022450971,1582.6325120905874,1318.4674879094125,1450.55,1401.38,0.019765287214329907,0
2017-07-23,1635.0,1635.0,1580.0,1602.0,215981772100,134810511,3982,1483.0,1602.0,76.02314145810759,50.390610523821806,34.43996228437213,1605.3406594198368,1317.359340580163,1461.35,1406.42,0.03370786516853941,0
2017-07-24,1600.0,1643.0,1584.0,1617.0,161131092739,99618612,5346,1602.0,1625.0,77.9498737877567,55.213084878435666,38.59458680318484,1629.1231017887044,1317.9768982112955,1473.55,1411.92,0.040000000000000036,0
2017-07-25,1619.0,1638.0,1614.0,1629.0,81340381281,49937327,2700,1617.0,1630.0,78.35704081002264,58.761028206085484,42.62787508376497,1649.754691724582,1322.0453082754182,1485.9,1417.32,0.042944785276073594,0
2017-07-26,1634.0,1710.0,1634.0,1681.0,147648512872,87808056,3547,1629.0,1650.0,79.95175395663094,62.46655613280723,46.59561129357342,1668.5133432117616,1332.1866567882382,1500.35,1423.44,0.023636363636363678,0
2017-07-29,1670.0,1670.0,1617.0,1644.0,27956646165,17008431,1165,1681.0,1651.0,80.03098170917481,64.73765002259984,50.2240190393787,1682.7248493083289,1346.7751506916711,1514.75,1428.86,0.005451241671714069,0
2017-07-30,1642.0,1680.0,1642.0,1662.0,30796053471,18527808,1588,1644.0,1656.0,80.44705310639227,66.17810648870409,53.414836529243786,1699.1054523504258,1354.2945476495743,1526.7,1435.18,0.015096618357487879,0
2017-07-31,1652.0,1714.0,1652.0,1693.0,74207659484,43822176,2669,1662.0,1690.0,83.03553385827237,69.26475350358692,56.584819924112416,1720.1484976402573,1359.0515023597425,1539.6,1441.98,0.00591715976331364,0
2017-08-01,1716.0,1716.0,1690.0,1700.0,60067237873,35333955,2841,1693.0,1700.0,83.71824908926205,71.69144556933747,59.606145053157434,1739.9055258131834,1365.2944741868164,1552.6,1449.0,0.03705882352941181,0
2017-08-02,1700.0,1701.0,1683.0,1692.0,37730083651,22294532,1643,1700.0,1689.0,79.90872298925413,71.89821062860824,62.0645581682476,1751.7477101155944,1380.5522898844058,1566.15,1455.4,0.06571936056838368,1
2017-08-06,1695.0,1695.0,1655.0,1672.0,39842264518,23831412,3192,1692.0,1660.0,70.76618830811064,68.92746290434911,63.43713911546791,1756.6840001232356,1398.4159998767643,1577.55,1461.18,0.07168674698795185,1
2017-08-07,1677.0,1692.0,1671.0,1680.0,45465017656,27063210,2240,1672.0,1681.0,73.16086517245346,67.48966952603382,64.2476451975811,1761.5174502933191,1418.382549706681,1589.95,1467.74,0.07376561570493756,1
2017-08-08,1690.0,1700.0,1673.0,1685.0,47071134059,27933850,2365,1680.0,1700.0,75.14467445703983,67.10974970511984,64.82006609908885,1766.7458447175457,1438.8541552824543,1602.8,1474.72,0.04117647058823537,0
2017-08-09,1700.0,1769.0,1700.0,1750.0,155940532054,89115078,4305,1685.0,1763.0,80.33502260778714,71.0729492789892,66.07064273506893,1780.1706178794166,1457.1293821205836,1618.65,1483.08,0.006806579693704018,0
2017-08-12,1777.0,1802.0,1751.0,1778.0,53784975090,30246469,2182,1750.0,1800.0,82.62927333790051,76.3196389818329,68.12044198442172,1796.6271323277783,1475.6728676722219,1636.15,1492.12,-0.0050000000000000044,0
2017-08-13,1762.0,1815.0,1762.0,1796.0,47717727886,26572950,1977,1778.0,1779.0,77.12919967435909,77.88534015663231,70.07342161886385,1811.78116055692,1486.4188394430798,1649.1,1501.0,0.008431703204047292,0
2017-08-14,1780.0,1810.0,1766.0,1800.0,93557141243,51978081,2180,1796.0,1805.0,78.99354389255447,80.29852096131413,72.1184414873539,1824.969934879233,1504.030065120767,1664.5,1510.22,-0.007756232686980558,0
2017-08-15,1800.0,1801.0,1760.0,1778.0,46384269752,26089712,2495,1800.0,1770.0,70.64508918388954,78.48208403095032,73.39116999607319,1828.9194980894893,1525.2805019105106,1677.1,1518.36,0.027683615819209084,0
2017-08-16,1780.0,1790.0,1767.0,1775.0,25032454913,14102512,1626,1778.0,1775.0,71.11474249046373,76.56342735865996,74.02562146859054,1830.7299685139128,1548.0700314860874,1689.4,1526.66,0.02929577464788724,0
2017-08-19,1786.0,1810.0,1780.0,1796.0,46222179001,25739060,1711,1775.0,1791.0,72.62412492345634,75.46404190477256,74.31330555582694,1832.708517676058,1570.891482323942,1701.8,1535.38,0.04410943606923512,0
2017-08-20,1780.0,1800.0,1773.0,1790.0,25026964787,13978955,1716,1796.0,1794.0,72.90996203635714,73.9820271827266,74.24704988120688,1841.545381598521,1579.5546184014788,1710.55,1543.46,0.04403567447045709,0
2017-08-21,1798.0,1809.0,1787.0,1796.0,46867420072,26090115,2047,1790.0,1791.0,72.09925107845282,71.73848827305869,73.74533755957724,1845.4607508352374,1594.5392491647626,1720.0,1551.58,0.06644332774986039,1
2017-08-22,1805.0,1860.0,1800.0,1821.0,68603780221,37676155,2670,1796.0,1819.0,74.90406475335746,71.39681547177383,73.27563314201656,1854.2762417162312,1605.123758283769,1729.7,1560.16,0.06652006597031335,1
2017-08-23,1840.0,1840.0,1816.0,1825.0,59043497000,32351336,2195,1821.0,1827.0,75.65703576249318,70.95366082151622,72.81123867791649,1862.1737742044347,1616.9262257955652,1739.55,1568.86,0.03995621237000546,0
2017-08-26,1835.0,1910.0,1823.0,1874.0,94087950622,50203913,3270,1825.0,1870.0,79.25920011064942,73.22807058759349,72.8946050598519,1878.4256818169092,1622.6743181830907,1750.55,1578.26,0.005347593582887722,0
2017-08-27,1879.0,1879.0,1857.0,1867.0,32998117324,17674886,2079,1874.0,1873.0,79.4872612002703,74.41482387340807,73.19864882256313,1891.558082889937,1631.7419171100632,1761.65,1587.94,0.0021356113187400716,0
2017-08-28,1875.0,1912.0,1856.0,1890.0,65078656170,34431612,2160,1867.0,1910.0,82.10130160574161,77.44815110447712,74.04854927894593,1909.9970051277867,1638.7029948722131,1774.35,1598.38,-0.006282722513089034,0
2017-08-29,1916.0,1982.0,1916.0,1960.0,193101325099,98542716,5151,1890.0,1940.0,83.89352953488643,81.33525191395302,75.50588980594735,1934.6339977810078,1639.066002218992,1786.85,1608.88,-0.008762886597938113,0
2017-08-30,1957.0,1965.0,1881.0,1914.0,54862007729,28666469,1965,1960.0,1900.0,73.34767953634034,80.26292061751496,76.45729596826088,1946.8236976944165,1646.8763023055833,1796.85,1619.08,0.012631578947368327,0
2017-09-02,1919.0,1919.0,1869.0,1892.0,23613058696,12482740,2213,1914.0,1880.0,68.69771036232746,76.91265626141649,76.548368026892,1951.9464187128478,1660.8535812871523,1806.4,1628.54,0.0015957446808509967,0
2017-09-03,1898.0,1908.0,1864.0,1876.0,17358142699,9253296,1286,1892.0,1877.0,68.00131328848818,73.17199152360217,75.87309272623403,1949.2467802642734,1685.2532197357266,1817.25,1638.18,0.017581246670218542,0
2017-09-04,1860.0,1930.0,1860.0,1900.0,29018861774,15274811,1808,1876.0,1898.0,70.2730002133905,71.0826161133648,74.9149974036602,1948.6966832053608,1707.503316794639,1828.1,1648.42,0.012644889357218192,0
2017-09-05,1900.0,1952.0,1900.0,1928.0,27478651526,14255174,991,1900.0,1923.0,72.75294122045605,70.62988476786995,74.05797487650216,1951.3461640741261,1727.1538359258739,1839.25,1659.26,0.008840353614144592,0
2017-09-06,1909.0,1943.0,1897.0,1916.0,21071463615,10995856,643,1928.0,1924.0,72.85050680962935,69.55005383031266,73.15639066726426,1959.460777458668,1735.139222541332,1847.3,1670.08,-0.012474012474012475,0
2017-09-10,1876.0,1900.0,1861.0,1881.0,21572692301,11471433,866,1916.0,1883.0,62.904924254585175,64.64078396378977,71.45326932656937,1962.4391436138355,1740.4608563861646,1851.45,1680.52,0.02442910249601704,0
2017-09-11,1888.0,1923.0,1870.0,1903.0,51735723491,27180535,1291,1881.0,1910.0,66.17941216855156,62.21168895196956,69.60495325164942,1966.548606624554,1749.451393375446,1858.0,1691.46,0.03821989528795822,0
2017-09-12,1900.0,1933.0,1900.0,1918.0,27983427061,14588444,900,1903.0,1922.0,67.55041527284851,60.55685167544948,67.79533293640944,1972.9522914522502,1754.7477085477497,1863.85,1701.56,0.05046826222684708,1
2017-09-13,1910.0,1946.0,1900.0,1916.0,77857932200,40641068,1479,1918.0,1940.0,69.54473856178967,60.006117607800434,66.23748987068764,1977.2905069557567,1767.4094930442432,1872.35,1711.72,0.0489690721649485,0
2017-09-16,1918.0,1943.0,1900.0,1906.0,48435724365,25413420,1042,1916.0,1900.0,60.6275382704702,55.69991721169049,64.12997533888822,1974.0660148960392,1783.1339851039606,1878.6,1720.92,0.05263157894736836,1
2017-09-17,1900.0,1938.0,1900.0,1921.0,24226745366,12609609,803,1906.0,1929.0,64.21050295739006,54.00474690463329,62.104929652037235,1974.3628156212167,1796.6371843787833,1885.5,1731.14,0.022809745982374396,0
2017-09-18,1907.0,2000.0,1907.0,1965.0,59939671515,30503244,1537,1921.0,1983.0,69.73369138479609,56.368875616715286,60.957718844972845,1983.0759893568847,1806.8240106431153,1894.95,1742.16,-0.00655572365103374,0
2017-09-19,1980.0,2034.0,1980.0,2019.0,75829959657,37552672,1845,1965.0,2019.0,72.7526174561576,60.4505277345379,60.85628062288586,1996.6988240107694,1816.0011759892304,1906.35,1753.88,-0.02922238732045568,0
2017-09-20,2020.0,2048.0,2020.0,2035.0,73808676885,36264921,1683,2019.0,2035.0,73.99417218902956,64.23586169882014,61.53219683807272,2014.5179105256361,1819.782089474364,1917.15,1765.72,-0.018181818181818188,0
2017-09-23,2016.0,2016.0,1985.0,1997.0,51690110502,25885423,1337,2035.0,2000.0,66.82136482202375,63.67752378822843,61.96126222810386,2020.29148109818,1831.30851890182,1925.8,1776.8,-0.025000000000000022,0
2017-09-24,2004.0,2010.0,1961.0,1979.0,32559800793,16453193,922,1997.0,1973.0,61.841133703859064,60.36056361567671,61.64112250561843,2023.9305893728758,1837.9694106271243,1930.95,1787.26,-0.011657374556512945,0
2017-09-25,1978.0,1985.0,1956.0,1967.0,38306679905,19469986,1343,1979.0,1970.0,61.29449821493053,56.8346197355786,60.67982195161047,2026.2690002162453,1845.3309997837546,1935.8,1796.26,-0.014213197969543123,0
2017-09-26,1959.0,1969.0,1956.0,1961.0,30502658284,15552918,1137,1967.0,1960.0,59.40937899042985,52.62671931971158,59.069201425230695,2028.5421187701554,1848.0578812298445,1938.3,1805.52,-0.027551020408163263,0
2017-09-27,1966.0,1998.0,1956.0,1975.0,41954023374,21247509,1995,1961.0,1998.0,63.94698883490383,51.761535582839315,57.607668256752426,2035.1267799944546,1847.2732200055455,1941.2,1815.12,-0.04654654654654655,0
2017-10-02,1994.0,1999.0,1945.0,1956.0,40999682941,20957984,995,1975.0,1950.0,55.50616220468189,46.66475019830568,55.41908464506308,2035.7502036941066,1851.6497963058935,1943.7,1823.54,-0.019487179487179485,0
2017-10-03,1945.0,1962.0,1939.0,1949.0,38555290802,19784431,836,1956.0,1950.0,55.50616220468189,42.13975025089849,52.76321776623016,2034.4962771263831,1859.903722873617,1947.2,1831.68,-0.00512820512820511,0
2017-10-04,1942.0,1960.0,1939.0,1944.0,26562759653,13666016,865,1949.0,1942.0,54.12519777045431,37.47612065961448,49.70579834490703,2031.6792435033472,1869.220756496653,1950.45,1838.14,0.004119464469618972,0
2017-10-07,1936.0,1959.0,1905.0,1925.0,32558320577,16910088,817,1944.0,1906.0,48.30149665087583,30.52340664183248,45.86932000429212,2031.1152477734045,1870.5847522265954,1950.85,1844.22,0.03882476390346268,0
2017-10-08,1929.0,1930.0,1887.0,1907.0,59279374199,31080227,1322,1925.0,1905.0,48.14652697325128,24.64850640976033,41.62515728538577,2031.831560806607,1868.068439193393,1949.95,1849.82,0.055118110236220375,1
2017-10-09,1900.0,1929.0,1900.0,1914.0,20083019626,10491709,518,1907.0,1912.0,49.371052283442296,20.323174246059807,37.36476067752058,2032.154045795638,1866.5459542043618,1949.35,1855.46,0.07112970711297062,1
2017-10-10,1933.0,1950.0,1926.0,1938.0,14421987300,7441629,433,1914.0,1940.0,54.04581585684526,18.9363963486187,33.6790878117402,2029.407771630361,1874.9922283696392,1952.2,1861.26,0.08247422680412364,1
2017-10-11,1944.0,1960.0,1916.0,1939.0,31004354753,15988809,798,1938.0,1950.0,55.62181836966715,18.431810858046447,30.629632421001453,2028.9652325625075,1879.4347674374926,1954.2,1867.24,0.09025641025641029,1
2017-10-14,1966.0,2006.0,1962.0,1988.0,41253749206,20750405,904,1939.0,1980.0,60.048431959010415,20.219593612064727,28.54762465921411,2031.140259319681,1883.0597406803188,1957.1,1873.72,0.1464646464646464,1
2017-10-15,1988.0,2012.0,1985.0,2002.0,90700635383,45305402,1908,1988.0,2010.0,63.92375669342798,23.783017779890315,27.594703283349354,2037.633499207328,1883.5665007926718,1960.6,1880.12,0.1094527363184079,1
2017-10-16,2011.0,2055.0,2011.0,2040.0,80464995522,39440098,1776,2002.0,2048.0,68.1394976342793,29.335181811321718,27.942798988943828,2048.674655252594,1887.3253447474058,1968.0,1887.08,0.11669921875,1
2017-10-17,2037.0,2103.0,2037.0,2075.0,183875742935,88615056,2852,2040.0,2100.0,72.82012891883535,37.49901195775601,29.854041582706266,2073.4860098215536,1879.613990178446,1976.55,1895.3,0.11523809523809514,1
2017-10-18,2111.0,2130.0,2099.0,2115.0,97871794640,46270556,2318,2075.0,2126.0,74.81259069736936,45.54191008436101,32.99161528303722,2100.5368092688427,1866.8631907311574,1983.7,1904.62,0.11100658513640638,1
2017-10-21,2240.0,2280.0,2230.0,2256.0,251999404811,111715486,5064,2115.0,2270.0,82.47511188075761,62.81150935638061,38.9555940977059,2167.028072363296,1825.471927636704,1996.25,1916.4,0.06079295154185016,1
2017-10-22,2290.0,2315.0,2230.0,2274.0,90341222569,39722918,2654,2256.0,2230.0,75.59546548461246,72.43513830902975,45.65150293997067,2204.5255651046546,1807.4744348953454,2006.0,1927.0,0.06547085201793723,1
2017-10-23,2250.0,2287.0,2203.0,2265.0,88001412234,38848602,2253,2274.0,2287.0,78.36495968410973,83.69655542795408,53.260513437567354,2253.5317102607355,1787.1682897392645,2020.35,1937.48,0.023174464363795444,0
2017-10-24,2281.0,2355.0,2279.0,2323.0,115784446538,49835197,2808,2265.0,2342.0,80.64712894568763,95.95326051625125,61.799062853304136,2309.4574218456246,1768.1425781543753,2038.8,1948.32,-0.004269854824935915,0
2017-10-25,2335.0,2380.0,2335.0,2360.0,63798330086,27032435,2803,2323.0,2362.0,81.41485806689897,106.05804928325051,70.65086013929341,2361.160235169877,1755.639764830123,2058.4,1959.98,-0.013547840812870415,0
2017-10-28,2379.0,2420.0,2360.0,2399.0,107387945323,44755740,3281,2360.0,2408.0,83.07764266206561,116.43578351057795,79.80784481355033,2415.7093011549814,1745.8906988450192,2080.8,1972.04,-0.03280730897009965,0
2017-10-29,2426.0,2430.0,2366.0,2395.0,92624762313,38666187,2824,2399.0,2376.0,77.85902025477927,120.68687689654007,87.98365123014828,2455.7798225119145,1743.6201774880851,2099.7,1984.16,-0.02651515151515149,0
2017-10-30,2380.0,2381.0,2337.0,2351.0,56887509133,24200634,1837,2395.0,2340.0,72.35267418421157,119.77036172147837,94.3409933284143,2482.9837819366267,1755.4162180633728,2119.2,1995.46,-0.014102564102564052,0
2017-10-31,2332.0,2372.0,2299.0,2337.0,67251633510,28780922,1492,2351.0,2332.0,71.14849134491232,117.04921323137069,98.88263730900559,2504.647430726782,1771.9525692732182,2138.3,2006.28,-0.008147512864494,0
2017-11-01,2349.0,2349.0,2317.0,2333.0,51887416577,22244931,1208,2337.0,2330.0,70.83110622406707,113.42382095870653,101.79087403894579,2521.4967014695335,1793.903298530466,2157.7,2017.0,-0.012875536480686733,0
2017-11-04,2307.0,2340.0,2307.0,2327.0,39463506780,16958764,1076,2333.0,2329.0,70.66137660010449,109.21106267147707,103.27491176545205,2530.6410032961503,1827.0589967038497,2178.85,2027.76,-0.021468441391155002,0
2017-11-05,2321.0,2329.0,2310.0,2319.0,33581175659,14480849,946,2327.0,2313.0,67.85950036156876,103.38954478066853,103.29783836849535,2531.9551998393035,1866.5448001606967,2199.25,2037.64,-0.0099437959360138,0
2017-11-06,2310.0,2327.0,2290.0,2304.0,61229855392,26571452,1294,2319.0,2307.0,66.78996773126953,97.17166558096733,102.07260381098976,2527.1428240282576,1910.8571759717427,2219.0,2047.24,0.016471608149111416,0
2017-11-07,2300.0,2322.0,2300.0,2310.0,29770688397,12887741,745,2304.0,2313.0,67.3442459104663,91.67137087372612,99.99235722353703,2520.0676163062576,1955.2323836937426,2237.65,2056.1,0.02031993082576733,0
2017-11-08,2309.0,2350.0,2300.0,2309.0,23983876340,10386660,757,2310.0,2300.0,64.81992931501071,85.28029814442061,97.04994540771375,2505.676864827123,2004.6231351728773,2255.15,2064.64,0.04695652173913034,0
2017-11-11,2300.0,2330.0,2269.0,2283.0,44793110157,19620945,993,2309.0,2279.0,60.8518723383385,77.62597850585462,93.16515202734193,2486.5300348845017,2053.669965115498,2270.1,2072.02,0.06186924089512935,1
2017-11-12,2268.0,2300.0,2261.0,2288.0,31909077493,13946740,794,2283.0,2290.0,62.15862772031892,71.62187077186809,88.85649577624716,2464.6734199712287,2103.526580028771,2284.1,2079.02,0.07423580786026207,1
2017-11-13,2311.0,2348.0,2311.0,2330.0,46333384243,19888384,1128,2288.0,2345.0,67.92389690844757,70.48905849285484,85.1830083195687,2444.956130008657,2152.9438699913426,2298.95,2087.92,0.09125799573560767,1
2017-11-14,2340.0,2370.0,2333.0,2352.0,38595934294,16406770,972,2330.0,2360.0,69.29773750656977,69.99481458772652,82.14536957320027,2428.0145940849497,2195.88540591505,2311.95,2097.52,0.1055084745762711,1
2017-11-15,2356.0,2420.0,2353.0,2399.0,97041440444,40450398,2212,2352.0,2408.0,73.24657130956177,72.63898458128415,80.24409257481705,2413.2588871623957,2238.8411128376047,2326.05,2108.14,0.07973421926910307,1
2017-11-18,2407.0,2430.0,2407.0,2420.0,39322768735,16247263,1271,2399.0,2420.0,74.1419742792273,74.84009799981186,79.16329365981602,2425.839706902249,2241.2602930977514,2333.55,2118.58,0.11157024793388426,1
2017-11-20,2430.0,2462.0,2423.0,2450.0,76107221569,31069687,1705,2420.0,2460.0,76.91544746340628,78.90262164111073,79.11115925607497,2440.138327359894,2249.9616726401064,2345.05,2129.32,0.11585365853658547,1
2017-11-21,2452.0,2560.0,2452.0,2525.0,141196004763,55922640,2972,2450.0,2559.0,82.04770527320139,89.0837712559046,81.1056816560409,2488.198871087716,2229.1011289122844,2358.65,2142.02,0.06291520125048855,1
2017-11-22,2550.0,2614.0,2550.0,2592.0,103320941154,39858499,2416,2525.0,2609.0,83.9843544090393,100.0338597432119,84.89131727347511,2540.966268823398,2203.033731176602,2372.0,2156.54,0.046377922575699504,0
2017-11-25,2650.0,2674.0,2598.0,2628.0,71333202839,27140064,2058,2592.0,2600.0,82.26407735512444,106.75505317636453,89.264064454053,2579.756988642479,2188.043011357521,2383.9,2170.34,0.03807692307692312,0
2017-11-26,2630.0,2712.0,2572.0,2650.0,143131973209,54014316,2802,2628.0,2690.0,85.46937876186756,117.98385084420352,95.00802173208311,2635.040080999183,2160.959919000817,2398.0,2185.7,0.0074349442379182396,0
2017-11-28,2700.0,2772.0,2681.0,2740.0,199338361960,72760572,3720,2650.0,2745.0,87.01391528797372,129.8242609732033,101.97126958030717,2697.1836638169675,2135.716336183032,2416.45,2201.8,-0.015664845173041897,0
2017-11-29,2774.0,2774.0,2691.0,2717.0,117674792257,43316491,2464,2740.0,2720.0,82.71027967482202,135.6271548238651,108.70244662901877,2743.0650028852574,2127.8349971147422,2435.45,2218.2,0.006617647058823506,0
2017-12-02,2725.0,2765.0,2725.0,2738.0,50982362138,18620043,1270,2717.0,2730.0,83.07096108585908,139.42569382567854,114.84709606835072,2784.3705312744114,2126.3294687255884,2455.35,2234.22,0.001098901098901095,0
2017-12-03,2712.0,2735.0,2670.0,2692.0,88524284137,32881516,1901,2738.0,2699.0,77.6622691649801,138.339925877518,119.54566203018419,2813.8344688411676,2133.765531158833,2473.8,2248.54,0.026676546869210727,0
2017-12-04,2692.0,2720.0,2671.0,2701.0,59671662832,22092725,1293,2692.0,2710.0,78.20455032696947,136.79022248933006,122.99457412201338,2840.8967066358964,2144.8032933641034,2492.85,2262.36,0.07011070110701101,1
2017-12-05,2700.0,2720.0,2690.0,2699.0,30125114044,11162686,838,2701.0,2702.0,76.74533482451739,133.37902784058588,125.07146486572788,2861.4458720937323,2163.154127906268,2512.3,2275.7,0.03626943005181338,0
2017-12-09,2701.0,2752.0,2701.0,2738.0,34701128937,12672857,888,2699.0,2738.0,78.67374415385838,132.05824539110745,126.46882097080379,2882.853882500025,2184.8461174999748,2533.85,2290.46,0.05843681519357191,1
2017-12-10,2730.0,2742.0,2729.0,2732.0,32678843181,11960200,841,2738.0,2733.0,77.70987620940853,129.11964665842697,126.99898610832842,2898.6768604982603,2211.0231395017395,2554.85,2305.66,0.04976216611781914,0
2017-12-11,2720.0,2796.0,2720.0,2771.0,133070501382,48019020,2329,2732.0,2771.0,79.74128738485042,128.37721578058972,127.2746320427807,2913.5909306650296,2243.2090693349705,2578.4,2321.68,0.032118368819920695,0
2017-12-12,2781.0,2909.0,2781.0,2886.0,162014858200,56136860,2901,2771.0,2900.0,84.80419380291764,136.62314924347402,129.14433548291936,2942.997283005104,2275.902716994896,2609.45,2340.48,-0.01758620689655177,0
2017-12-13,2900.0,2945.0,2800.0,2850.0,252076123732,88434887,4226,2886.0,2800.0,70.16537932637931,133.54947148085103,130.02536268250572,2943.9888163323258,2325.911183667674,2634.95,2356.52,0.04285714285714293,0
2017-12-16,2840.0,2900.0,2800.0,2826.0,351965536067,124551445,5033,2850.0,2898.0,74.76303516450243,137.43705190636456,131.5077005272775,2961.718304354788,2363.481695645212,2662.6,2375.48,0.03864734299516903,0
2017-12-17,2900.0,2949.0,2830.0,2850.0,522764159313,183433032,6246,2826.0,2869.0,71.26327471385227,136.60325250291908,132.52681092240582,2965.6968800474483,2410.403119952552,2688.05,2393.86,0.05263157894736836,1
2017-12-18,2860.0,2900.0,2854.0,2871.0,92672185547,32281473,1612,2850.0,2860.0,70.165522420906,133.67530992183902,132.75651072229246,2966.134852780122,2455.1651472198782,2710.65,2412.22,0.09055944055944054,1
2017-12-19,2851.0,2874.0,2848.0,2854.0,68572125585,24026270,1478,2871.0,2849.0,68.77114704484487,128.98047958142752,132.00130449411947,2956.5209437643443,2507.6790562356555,2732.1,2431.08,0.08459108459108466,1
2017-12-20,2853.0,2936.0,2852.0,2890.0,105023145405,36335911,2022,2854.0,2920.0,72.56140032308211,129.4961483508323,131.50027326546206,2956.351981356899,2553.8480186431007,2755.1,2451.38,0.02910958904109595,0
2017-12-23,2929.0,3025.0,2929.0,2997.0,276616664793,92302517,4285,2890.0,3010.0,76.46137766832913,135.60390994109684,132.32100060058903,2986.8678529668923,2568.432147033108,2777.65,2473.34,-0.008970099667774067,0
2017-12-24,3002.0,3034.0,2999.0,3014.0,80939191953,26851650,1724,2997.0,3020.0,76.85501761944795,139.6415703330017,133.78511454707157,3017.61066519218,2578.7893348078196,2798.2,2494.94,-0.006291390728476842,0
2017-12-25,3021.0,3124.0,3020.0,3093.0,242875364486,78531773,3863,3014.0,3119.0,80.35721808348164,149.11105844252234,136.85030332616174,3065.341438488337,2582.958561511663,2824.15,2518.32,-0.049374799615261256,0
2017-12-26,3127.0,3129.0,3024.0,3077.0,117889054979,38307067,2625,3093.0,3090.0,76.69617098527891,152.51751142357125,139.98374494564365,3103.2046467447976,2585.0953532552026,2844.15,2540.52,-0.04854368932038833,0
2017-12-27,3080.0,3087.0,3001.0,3038.0,146140431622,48098134,2712,3077.0,3005.0,67.05330322404855,146.6676667628708,141.3205293090891,3121.047157999231,2593.2528420007693,2857.15,2560.42,-0.01830282861896837,0
2017-12-30,3000.0,3041.0,2911.0,3000.0,217755199535,72586869,3269,3038.0,2983.0,64.78300930966708,138.65804297727527,140.78803204272634,3131.7491155082957,2608.8508844917046,2870.3,2579.12,-0.017432115320147545,0
2017-12-31,2950.0,3005.0,2850.0,2943.0,501339798823,170346099,7363,3000.0,3001.0,65.80320120383618,132.23844550448894,139.07811473507888,3142.8884334419686,2624.8115665580312,2883.85,2597.14,-0.043652115961346216,0
2018-01-01,2963.0,3014.0,2943.0,2964.0,123374794651,41629722,2296,2943.0,2965.0,61.938591582106696,122.83006064114397,135.8285039162919,3143.8816558532135,2650.4183441467867,2897.15,2613.92,-0.03170320404721749,0
2018-01-02,2980.0,2990.0,2924.0,2956.0,139152823246,47074830,2137,2964.0,2940.0,59.33259326508302,112.06474417395157,131.07575196782386,3140.403554449695,2676.896445550305,2908.65,2627.32,-0.02687074829931968,0
2018-01-03,2970.0,2970.0,2913.0,2934.0,59818464932,20388813,1261,2956.0,2950.0,60.05653434806003,103.15100911647642,125.49080339755437,3132.936266662252,2709.1637333377485,2921.05,2641.72,-0.037288135593220306,0
2018-01-06,2905.0,2976.0,2905.0,2945.0,88353324666,30003330,1498,2934.0,2931.0,57.94587777713111,93.47613396755469,119.08786951155444,3125.229278002223,2736.1707219977766,2930.7,2654.6,-0.019447287615148467,0
2018-01-07,2950.0,2957.0,2857.0,2895.0,97331074569,33622303,2111,2945.0,2870.0,51.66765173346974,79.96475162617662,111.26324593447889,3112.403624497938,2762.6963755020624,2937.55,2665.16,0.03484320557491283,0
2018-01-08,2890.0,2922.0,2865.0,2890.0,84108777703,29104036,1397,2895.0,2871.0,51.75992528196518,68.54740361938548,102.72007747146021,3103.2104805173494,2781.889519482651,2942.55,2675.34,0.05085336119818873,1
2018-01-09,2891.0,2895.0,2851.0,2860.0,52048786054,18197832,1131,2890.0,2861.0,50.71717794462912,58.02330015401503,93.78072200797118,3104.1987775017456,2777.0012224982543,2940.6,2684.4,0.0720027962250962,1
2018-01-10,2850.0,2870.0,2834.0,2848.0,106416704375,37371765,1823,2860.0,2840.0,48.50716255441509,47.44147208110098,84.51287202259715,3100.1403440394415,2785.0596559605583,2942.6,2693.68,0.0911971830985916,1
2018-01-13,2895.0,2917.0,2846.0,2880.0,63077148101,21902045,1265,2848.0,2874.0,52.143198693900914,41.32247319683938,75.8747922574456,3100.63743278534,2782.16256721466,2941.4,2704.36,0.04384133611691032,0
2018-01-14,2899.0,2999.0,2891.0,2958.0,215366213048,72815892,3713,2880.0,2970.0,60.60238032823981,43.7155940345624,69.44295261286896,3102.5582637148505,2790.341736285149,2946.45,2717.12,0.0016835016835017313,0
2018-01-15,3000.0,3035.0,3000.0,3017.0,136687324921,45304390,2424,2958.0,3017.0,63.96105585410223,48.841650599335935,65.32269221016236,3108.001138577646,2800.5988614223543,2954.3,2730.86,-0.011600928074245953,0
2018-01-16,3040.0,3080.0,3035.0,3059.0,143297343364,46843572,2623,3017.0,3067.0,67.16773656760398,56.28979576433676,63.51611292099724,3118.4039163992356,2811.996083600764,2965.2,2745.62,-0.0185849364199544,0
2018-01-17,3050.0,3137.0,3050.0,3100.0,149642271518,48264548,2564,3059.0,3099.0,69.06487982181257,64.03646453162446,63.62018324312268,3136.393366582623,2811.906633417377,2974.15,2761.34,-0.04808002581477899,0
2018-01-20,3090.0,3130.0,2985.0,3050.0,89522887741,29352618,2256,3100.0,3000.0,57.91521364711162,61.478595736403804,63.19186574177891,3135.5095378717715,2811.7904621282287,2973.65,2775.2,-0.02733333333333332,0
2018-01-21,3000.0,3000.0,2957.0,2977.0,53070906904,17826533,1370,3050.0,2975.0,55.47949779403153,56.7796547061148,61.90942353464609,3131.864824806135,2810.9351751938652,2971.4,2788.44,-0.02722689075630247,0
2018-01-22,2973.0,3025.0,2968.0,2985.0,46175440433,15470465,1125,2977.0,2982.0,56.037022063648436,53.0094911672154,60.129437061159955,3110.243479607236,2818.856520392764,2964.55,2802.08,-0.03856472166331326,0
2018-01-23,2985.0,3010.0,2970.0,2985.0,51127531954,17127052,1085,2985.0,3010.0,58.28720431922801,51.68518080292415,58.4405858095128,3096.3004696126845,2824.799530387316,2960.55,2816.7,-0.052823920265780755,0
2018-01-24,3012.0,3047.0,2950.0,2998.0,115262414192,38447670,1999,2985.0,2950.0,52.129839536220715,45.2722860069357,55.80692584899738,3092.0573647889178,2823.5426352110826,2957.8,2829.9,-0.034237288135593236,0
2018-01-27,2964.0,2964.0,2890.0,2906.0,120923354007,41606913,2553,2998.0,2918.0,49.14782748306445,37.179308192336066,52.08140231766512,3089.355749135802,2819.7442508641984,2954.55,2841.36,-0.04420836189170663,0
2018-01-28,2910.0,2934.0,2891.0,2905.0,78977970243,27187774,1529,2906.0,2894.0,46.9773395720629,28.500430324005265,47.36520791893316,3084.698487076664,2813.7015129233355,2949.2,2852.04,-0.03420870767104356,0
2018-01-29,2890.0,2900.0,2860.0,2879.0,68901273911,23928711,1718,2905.0,2867.0,44.59149428464707,19.2221023038137,41.73658679590927,3084.1758020533407,2804.4241979466597,2944.3,2861.22,-0.011510289501220794,0
2018-01-30,2881.0,2904.0,2851.0,2878.0,60497516479,21020330,1319,2879.0,2851.0,43.19160370368561,10.457348415586239,35.480739119844664,3085.5322226631156,2794.1677773368842,2939.85,2869.84,0.015783935461241683,0
2018-01-31,2851.0,2894.0,2842.0,2855.0,49138434871,17209294,1215,2878.0,2849.0,43.009841073058645,3.311659774774398,29.046923250830613,3085.6358047681847,2783.9641952318157,2934.8,2877.62,0.04773604773604778,0
2018-02-03,2840.0,2848.0,2777.0,2795.0,94968596505,33971980,2434,2855.0,2789.0,37.86210822222592,-7.110878730417426,21.815362854581007,3091.4022907599838,2763.997709240016,2927.7,2882.22,0.06633201864467542,1
2018-02-04,2785.0,2830.0,2780.0,2801.0,70533256931,25181768,1513,2795.0,2795.0,38.65283661323448,-14.717017117899104,14.508886860084985,3095.991245054977,2751.908754945023,2923.95,2885.94,0.07084078711985686,1
2018-02-05,2805.0,2844.0,2782.0,2818.0,57811727103,20516541,1279,2801.0,2834.0,43.67053427963012,-17.397415944354634,8.127626299197061,3097.148450436063,2747.051549563937,2922.1,2890.62,0.03034580098800288,0
2018-02-06,2845.0,2897.0,2830.0,2868.0,94218736928,32850443,2105,2818.0,2896.0,50.58949775433461,-14.353313418707785,3.6314383556160923,3097.110814958451,2750.5891850415487,2923.85,2894.74,0.0013812154696133394,0
2018-02-07,2899.0,2989.0,2883.0,2962.0,124153070603,41917158,2576,2868.0,2985.0,58.47452220915794,-4.705047184440446,1.9641412476047848,3101.8359364634935,2760.3640635365064,2931.1,2899.54,-0.028475711892797295,0
2018-02-13,3011.0,3015.0,2968.0,2994.0,84039527773,28072068,1826,2962.0,2974.0,57.258309164319066,2.030261656474977,1.9773653293788231,3105.707664921329,2766.4923350786707,2936.1,2904.62,-0.02824478816408882,0
2018-02-14,2982.0,3005.0,2969.0,2988.0,72738414293,24340332,1444,2994.0,2993.0,58.85035182466713,8.799745658257507,3.3418413951545602,3108.069056314176,2766.430943685824,2937.25,2909.88,-0.04944871366521886,0
2018-02-17,2968.0,2990.0,2915.0,2963.0,47598350982,16064570,1224,2988.0,2920.0,50.99156848506741,8.179828615115639,4.309438839146776,3099.3507711873954,2765.449228812605,2932.4,2914.3,-0.022945205479452002,0
2018-02-18,2920.0,2960.0,2885.0,2915.0,47620700665,16337263,1090,2963.0,2900.0,49.058649465243505,6.0054796084932605,4.648646993016073,3079.5498070740496,2768.550192925951,2924.05,2918.1,0.0,0
2018-02-19,2873.0,2940.0,2873.0,2908.0,31762867702,10921340,752,2915.0,2900.0,49.058649465243505,4.233491302923085,4.565615854997476,3047.435516649043,2780.7644833509567,2914.1,2922.06,0.010689655172413826,0
2018-02-21,2899.0,2899.0,2849.0,2867.0,55055187285,19205208,1319,2908.0,2890.0,48.00346771551756,1.9992156640532812,4.052335816808637,3036.262680529854,2780.9373194701457,2908.6,2925.1,0.0186851211072665,0
2018-02-24,2875.0,2875.0,2840.0,2852.0,35760784047,12536904,978,2867.0,2845.0,43.472192656676945,-3.3638118668459356,2.5691062800777225,3028.8121146539193,2775.3878853460806,2902.1,2927.34,0.004217926186291798,0
2018-02-25,2846.0,2890.0,2841.0,2855.0,31938518003,11187659,785,2852.0,2853.0,44.475637604952176,-6.889103386874012,0.6774643466873755,3018.5113446128134,2772.7886553871867,2895.65,2928.98,0.002804065895548602,0
2018-02-26,2876.0,2918.0,2868.0,2889.0,57107971684,19768483,1309,2855.0,2900.0,50.08199970833531,-5.823287872515721,-0.6226860971532437,3001.3368247593608,2778.9631752406394,2890.15,2928.98,-0.015172413793103412,0
2018-02-27,2912.0,2975.0,2912.0,2945.0,64861578516,22021266,1375,2889.0,2931.0,53.42257711243621,-2.448950499471266,-0.9879389776168483,2998.6360086994623,2779.7639913005373,2889.2,2931.6,-0.027294438758103,0
2018-02-28,2945.0,2969.0,2925.0,2946.0,28846320318,9792666,715,2945.0,2944.0,54.78896850455322,1.2597064224241876,-0.5384098976086412,3001.8741442169985,2779.1258557830015,2890.5,2932.52,-0.03192934782608692,0
2018-03-03,2930.0,2930.0,2856.0,2880.0,58268950066,20232509,1089,2946.0,2857.0,45.22680520576527,-2.789177258967811,-0.9885633698804753,3000.9554317478405,2776.3445682521597,2888.65,2932.28,-0.012250612530626537,0
2018-03-04,2850.0,2900.0,2850.0,2877.0,45529253034,15824500,960,2880.0,2861.0,45.69607186570755,-5.610505758532327,-1.9129518476108456,3000.91691343405,2775.78308656595,2888.35,2932.3,-0.010835372247465891,0
2018-03-05,2877.0,2886.0,2856.0,2870.0,42521491647,14815132,717,2877.0,2856.0,45.17506302771886,-8.155871326469878,-3.161535743382652,3000.8557793615496,2776.34422063845,2888.6,2932.44,-0.0056022408963585235,0
2018-03-06,2857.0,2900.0,2850.0,2871.0,43133240604,15025026,936,2870.0,2851.0,44.62710210102004,-10.456019605321217,-4.620432515770365,3000.8179735817093,2776.5820264182903,2888.7,2931.06,0.006664328305857614,0
2018-03-07,2870.0,2880.0,2849.0,2871.0,72737967646,25338045,1163,2871.0,2850.0,44.510815131983364,-12.2187452413973,-6.140095060895753,2995.888129424667,2787.611870575333,2891.75,2927.86,0.0017543859649122862,0
2018-03-10,2875.0,2878.0,2820.0,2850.0,70399229221,24699626,1195,2871.0,2822.0,41.26823322215584,-15.694171363777514,-8.050910321472106,2992.791323594727,2793.4086764052727,2893.1,2923.9,0.010985116938341699,0
2018-03-11,2820.0,2832.0,2803.0,2820.0,52339519726,18563047,1014,2850.0,2830.0,42.55585355941479,-17.60005597403233,-9.960739451984152,2993.07963865012,2792.72036134988,2892.9,2918.12,-0.001413427561837488,0
2018-03-12,2833.0,2850.0,2818.0,2841.0,28013877995,9861803,737,2820.0,2840.0,44.20258779973809,-18.094979176094967,-11.587587396806315,2992.8733428475925,2787.3266571524073,2890.1,2913.12,0.012323943661971759,0
2018-03-13,2849.0,2880.0,2843.0,2871.0,63130085501,21989200,904,2841.0,2870.0,48.93225272135172,-15.883366537527763,-12.446743224950605,2977.6758270794808,2791.024172920519,2884.35,2910.42,0.0,0
2018-03-14,2879.0,2880.0,2834.0,2852.0,45500572277,15954051,828,2871.0,2855.0,46.79634287244681,-15.166195763293672,-12.99063373261922,2962.85685288992,2793.94314711008,2878.4,2907.86,0.013660245183887865,0
2018-03-17,2864.0,2870.0,2834.0,2846.0,46210925745,16235924,827,2852.0,2853.0,46.504862381888024,-14.591019848855922,-13.310710955866561,2938.0285224214826,2804.7714775785175,2871.4,2904.9,0.009463722397476282,0
2018-03-18,2849.0,2850.0,2819.0,2829.0,50475305226,17839730,952,2846.0,2826.0,42.643269181379814,-16.127950174025045,-13.87415879949826,2932.2045036624986,2801.195496337501,2866.7,2902.12,0.04741684359518761,0
2018-03-19,2844.0,2905.0,2828.0,2877.0,42533165101,14782742,916,2829.0,2875.0,50.65185746232114,-13.239471651874737,-13.747221369973555,2929.298179301139,2801.6018206988606,2865.45,2900.82,0.03826086956521735,0
2018-03-25,2900.0,2900.0,2850.0,2872.0,14352200501,4996777,338,2877.0,2870.0,49.88641512188987,-11.224401907718857,-13.242657477522616,2925.861146008376,2802.0388539916235,2863.95,2899.22,0.027874564459930307,0
2018-03-26,2898.0,2900.0,2867.0,2880.0,14028150601,4871709,333,2872.0,2894.0,53.517469781252146,-7.6032002345737055,-12.114766028932834,2926.4212614298963,2801.878738570104,2864.15,2898.48,-0.006565307532826581,0
2018-03-27,2871.0,2898.0,2869.0,2885.0,18063694991,6262255,398,2880.0,2880.0,51.18753887814484,-5.796239376873018,-10.851060698520872,2927.8867727831544,2803.913227216846,2865.9,2898.68,-0.00694444444444442,0
2018-03-28,2895.0,2962.0,2893.0,2946.0,80376702920,27284175,1661,2885.0,2960.0,61.5017326836077,2.0672910885837155,-8.267390341099954,2945.1793581743414,2797.3206418256586,2871.25,2900.46,0.015878378378378466,0
2018-04-03,2972.0,3009.0,2971.0,2994.0,52254090973,17451836,1361,2946.0,2985.0,64.05764426354662,10.198919902391026,-4.574128292401759,2963.907013296852,2787.092986703148,2875.5,2902.94,-0.025125628140703515,0
2018-04-04,2980.0,2995.0,2941.0,2963.0,18975771145,6403809,651,2994.0,2950.0,58.22913245599946,13.661604358764635,-0.9269817621684799,2967.5883014987094,2785.3116985012903,2876.45,2905.14,-0.03050847457627115,0
2018-04-07,2961.0,2961.0,2860.0,2905.0,35276781177,12142140,1046,2963.0,2875.0,48.12430138260642,10.235939994285218,1.3056025891222598,2958.71114279993,2787.28885720007,2873.0,2905.16,-0.01252173913043475,0
2018-04-08,2880.0,2898.0,2820.0,2864.0,70121467957,24483397,1285,2905.0,2860.0,46.390372515721246,6.23878483699491,2.29223903869679,2958.7590532599793,2787.540946740021,2873.15,2902.96,-0.02447552447552448,0
2018-04-09,2899.0,3007.0,2855.0,2978.0,214040022651,71882390,3749,2864.0,3007.0,61.159686532911515,14.762509031858826,4.786293037329198,2983.742739338588,2777.157260661412,2880.45,2902.76,-0.06518124376454937,0
2018-04-10,2949.0,2949.0,2845.0,2895.0,92552478471,31965771,1502,2978.0,2910.0,51.14649554470404,13.534515064508469,6.535937442765053,2986.5681318728457,2779.7318681271545,2883.15,2899.62,-0.037800687285223344,0
2018-04-11,2920.0,2920.0,2845.0,2870.0,59185441646,20625075,971,2895.0,2860.0,46.88534103720683,8.429568052316881,6.914663564675418,2986.531822096324,2780.6681779036758,2883.6,2894.84,-0.036713286713286664,0
2018-04-15,2899.0,2900.0,2835.0,2865.0,22010453300,7683619,652,2870.0,2839.0,45.182720943539316,2.6586885635365434,6.063468564447644,2986.8083249675387,2779.2916750324616,2883.05,2891.62,-0.041916167664670656,0
2018-04-16,2854.0,2857.0,2780.0,2805.0,62147042009,22152127,1442,2865.0,2790.0,41.40448136757103,-5.801786119280678,3.6904176277019793,2989.809540420165,2773.0904595798347,2881.45,2887.92,-0.008243727598566286,0
2018-04-17,2800.0,2850.0,2800.0,2820.0,28189256025,9995389,665,2805.0,2811.0,43.581907392118794,-10.689032254031645,0.8145276513552546,2990.9599474926067,2770.0400525073933,2880.5,2884.5,0.00462468872287447,0
2018-04-18,2815.0,2868.0,2795.0,2815.0,54670202223,19423324,942,2820.0,2800.0,42.68709158705677,-15.273751792608437,-2.4031282374374836,2993.18827315846,2763.81172684154,2878.5,2880.3,0.014999999999999902,0
2018-04-21,2810.0,2810.0,2748.0,2765.0,42755440177,15460879,1212,2815.0,2755.0,39.146133414038324,-22.281452265366624,-6.378793043023312,2999.4668102505343,2746.0331897494657,2872.75,2876.4,0.005444646098003547,0
2018-04-22,2777.0,2777.0,2709.0,2720.0,57553804620,21161331,1541,2765.0,2720.0,36.60293439027997,-30.30991899171113,-11.165018232760875,3009.102760281101,2722.897239718899,2866.0,2872.44,0.013235294117647012,0
2018-04-23,2710.0,2780.0,2705.0,2746.0,33237868904,12102022,919,2720.0,2767.0,42.04767090737128,-32.505328318713964,-15.433080249951493,3011.1350695120473,2712.2649304879524,2861.7,2869.9,-0.012649078424286198,0
2018-04-24,2751.0,2847.0,2751.0,2811.0,28582566700,10168338,790,2746.0,2824.0,47.89247353813529,-29.307938722277868,-18.20805194441677,3011.1331401398047,2712.066859860195,2861.6,2869.04,-0.01593484419263458,0
2018-04-25,2810.0,2870.0,2810.0,2857.0,36900353998,12916078,862,2811.0,2842.0,49.62044134437343,-25.03297036356298,-19.57303562824601,3009.583518972423,2710.3164810275766,2859.95,2868.86,-0.044334975369458074,0
2018-04-28,2839.0,2839.0,2760.0,2794.0,26478458403,9476921,617,2857.0,2770.0,43.41816229946726,-27.14194990743499,-21.086818484083807,3009.508047348143,2700.3919526518566,2854.95,2867.28,0.0036101083032491488,0
2018-04-29,2755.0,2808.0,2745.0,2767.0,18621039243,6729069,475,2794.0,2756.0,42.31071947928462,-29.601783454258566,-22.789811478118757,3007.269942218528,2688.8300577814725,2848.05,2866.62,0.0341074020319303,0
2018-04-30,2750.0,2777.0,2725.0,2744.0,33791503490,12316400,723,2767.0,2732.0,40.40795667389702,-33.10619112251925,-24.85308740699886,3006.8466004467955,2674.4533995532047,2840.65,2865.36,0.03330893118594447,0
2018-05-01,2724.0,2791.0,2716.0,2753.0,25574426464,9289806,543,2744.0,2779.0,45.5702413602531,-31.72524338542962,-26.227518602685013,2990.3607004270016,2672.8392995729982,2831.6,2864.26,-0.0032385750269880997,0
2018-05-05,2779.0,2783.0,2716.0,2749.0,31200274719,11348083,591,2753.0,2716.0,40.50510842505395,-35.30740406565383,-28.04349569527878,2967.9755986140985,2668.3244013859016,2818.15,2860.66,0.02356406480117812,0
2018-05-06,2721.0,2818.0,2721.0,2774.0,58697741597,21158893,862,2749.0,2780.0,46.955339871010196,-32.60616352661964,-28.956029261546952,2947.392186711528,2671.907813288472,2809.65,2856.56,0.013669064748201398,0
2018-05-07,2770.0,2869.0,2770.0,2850.0,43346921906,15209253,963,2774.0,2850.0,52.96217365441603,-24.534181183768396,-28.071659645991243,2944.1871864355157,2672.6128135644844,2808.4,2854.08,0.0,0
2018-05-08,2851.0,2885.0,2812.0,2852.0,35994840446,12619088,803,2850.0,2823.0,50.5828284208946,-20.084232838984008,-26.474174284589797,2940.470088112552,2672.6299118874485,2806.55,2850.68,0.00921006021962456,0
2018-05-09,2845.0,2845.0,2741.0,2813.0,231983977452,82480996,2477,2852.0,2770.0,46.19561093665422,-20.59684615473452,-25.298708658618743,2892.700204081799,2696.699795918201,2794.7,2847.68,0.031768953068592065,0
2018-05-12,2799.0,2848.0,2778.0,2805.0,154264712259,54993816,2278,2813.0,2780.0,47.127416711616675,-19.966023582690468,-24.23217164343309,2870.779900702741,2705.6200992972585,2788.2,2845.28,0.026978417266187105,0
2018-05-13,2810.0,2823.0,2793.0,2809.0,95543381999,34008762,1412,2805.0,2818.0,50.62661743109428,-16.21291731020392,-22.62832077678726,2863.2256118295,2708.9743881705,2786.1,2843.64,0.03264726756564951,0
2018-05-14,2824.0,2860.0,2823.0,2849.0,92885367850,32605876,1973,2809.0,2850.0,53.42217593992572,-10.534980289763098,-20.20965267938243,2865.4161729429247,2707.8838270570755,2786.65,2842.84,0.023859649122806914,0
2018-05-15,2866.0,2885.0,2840.0,2856.0,42067677554,14729419,896,2849.0,2849.0,53.320573246896835,-6.046169458480108,-17.376956035201967,2872.9340266642293,2706.2659733357705,2789.6,2842.92,0.025974025974025983,0
2018-05-16,2860.0,2864.0,2841.0,2854.0,51076322582,17896328,766,2856.0,2858.0,54.16546996176447,-1.742443941566762,-14.250053616474927,2880.0782588054158,2703.821741194584,2791.95,2843.02,0.03568929321203629,0
2018-05-19,2850.0,2870.0,2840.0,2855.0,38682705665,13550682,762,2854.0,2855.0,53.81580559101225,1.4099614513611414,-11.118050602907715,2886.995395335164,2702.4046046648355,2794.7,2842.12,0.07530647985989503,1
2018-05-20,2851.0,2910.0,2851.0,2888.0,55265983574,19134426,1176,2855.0,2910.0,59.036753427135274,8.251191187114728,-7.244202244903228,2905.512068677442,2699.3879313225575,2802.45,2841.7,0.047766323024055035,0
2018-05-21,2911.0,2936.0,2896.0,2912.0,84131610450,28889926,1511,2888.0,2918.0,59.749506618497456,14.155274983650088,-2.964306799192565,2919.776765752643,2704.923234247357,2812.35,2841.18,0.04352296093214525,0
2018-05-22,2920.0,2958.0,2919.0,2931.0,65917225323,22488717,1269,2912.0,2923.0,60.21544024876902,19.01852838567993,1.4322602377819336,2935.62514884196,2704.6748511580404,2820.15,2842.5,0.04686965446459124,0
2018-05-23,2911.0,2969.0,2911.0,2948.0,118021327356,40031614,2006,2931.0,2960.0,63.57561228464318,25.563601240425214,6.258528438310591,2957.5570059379374,2696.342994062062,2826.95,2844.48,0.06587837837837829,1
2018-05-26,2990.0,3095.0,2982.0,3059.0,277516278053,90732912,4534,2948.0,3070.0,71.32863379434298,39.17511300707292,12.841845352063057,3006.5989524486613,2670.1010475513385,2838.35,2848.76,0.03876221498371346,0
2018-05-27,3077.0,3077.0,3026.0,3047.0,106533635213,34966579,2069,3059.0,3049.0,68.33807224417002,47.71774914325442,19.81702611030133,3040.633852506848,2663.966147493152,2852.3,2852.72,0.06592325352574613,1
2018-05-28,3047.0,3083.0,3035.0,3051.0,97963798370,32109161,1800,3047.0,3045.0,67.75535503415728,53.547817350880905,26.563184358417246,3067.2652113932268,2666.2347886067732,2866.75,2856.62,0.06239737274220025,1
2018-05-29,3062.0,3071.0,3051.0,3062.0,57373026749,18736708,1248,3051.0,3060.0,68.82876370619404,58.70188426738741,32.99092434021128,3090.4375056535478,2675.8624943464524,2883.15,2861.38,0.03431372549019618,0
2018-05-30,3069.0,3155.0,3060.0,3114.0,220926548077,70955603,3487,3062.0,3155.0,74.59663735122317,69.64935111915247,40.32260969599952,3134.684591326834,2669.2154086731657,2901.95,2867.88,0.01204437400950864,0
2018-06-02,3152.0,3220.0,3152.0,3191.0,148939821389,46675306,2532,3114.0,3189.0,76.2877570255363,80.14495220108711,48.28707819701704,3173.5761278834466,2677.6238721165532,2925.6,2874.86,0.04107870805895275,0
2018-06-03,3198.0,3253.0,3180.0,3221.0,86017025740,26701381,2009,3191.0,3250.0,78.99011242110069,92.32076555928506,57.093815669470644,3224.944811443076,2673.2551885569237,2949.1,2882.46,0.05507692307692302,1
2018-06-09,3255.0,3268.0,3222.0,3241.0,49029426855,15127234,1171,3221.0,3235.0,76.67604691178074,99.61155077657122,65.59736269089076,3266.6647834085084,2670.0352165914915,2968.35,2890.06,0.11221020092735712,1
2018-06-10,3229.0,3239.0,3165.0,3195.0,118420605122,37066828,1982,3241.0,3165.0,66.83584865282526,98.60448448496845,72.19878704970631,3287.660175209347,2683.2398247906526,2985.45,2896.3,0.15955766192733023,1
2018-06-11,3190.0,3196.0,3152.0,3182.0,93231062411,29303794,1427,3195.0,3193.0,68.57320498589594,98.92539283787255,77.54410820733956,3304.716353124184,2708.483646875816,3006.6,2903.64,0.22518008142812396,1
2018-06-12,3196.0,3320.0,3185.0,3266.0,117200166333,35889978,1973,3182.0,3320.0,74.97644046451555,108.18051598800639,83.67138976347293,3342.3584168894213,2724.8415831105785,3033.6,2912.54,0.16867469879518082,1
2018-06-13,3351.0,3429.0,3351.0,3427.0,451157404476,131646682,3830,3266.0,3429.0,78.94214974679319,122.89401115135342,91.51591404104903,3401.1516468803384,2727.148353119662,3064.15,2923.72,0.15543890347039957,1
2018-06-17,3598.0,3598.0,3521.0,3598.0,724824181995,201455433,5592,3427.0,3598.0,83.3484279790336,146.5026582320229,102.51326287924381,3496.267861263027,2706.8321387369733,3101.55,2937.8,0.13785436353529734,1
2018-06-18,3750.0,3777.0,3660.0,3726.0,617122592881,165621502,7669,3598.0,3670.0,84.80701231412147,169.07350528118604,115.82531135963227,3590.855016703724,2694.344983296276,3142.6,2953.6,0.16839237057220702,1
2018-06-19,3700.0,3912.0,3650.0,3835.0,281597930729,73433191,3736,3726.0,3912.0,88.46448343077441,204.13529706863574,133.48730850143298,3735.688045759761,2654.9119542402395,3195.3,2972.64,0.06595092024539873,1
2018-06-20,4003.0,4003.0,3855.0,3916.0,335674337741,85715572,4135,3835.0,3880.0,85.5323259135394,226.7263271349443,152.13511222813526,3839.942778857352,2653.1572211426483,3246.55,2990.54,0.027061855670102997,0
2018-06-23,3900.0,3983.0,3831.0,3901.0,237560947781,60903357,3370,3916.0,3962.0,86.74475070646416,248.38338684917517,171.38476715234324,3947.816717197705,2650.483282802295,3299.15,3010.78,0.0035335689045936647,0
2018-06-24,3960.0,4096.0,3960.0,4084.0,873648556218,213915020,9509,3901.0,4094.0,88.42617651295805,273.0505032993656,191.71791438174773,4068.049281790965,2647.8507182090348,3357.95,3035.16,-0.05959941377625799,0
2018-06-25,4200.0,4288.0,4195.0,4286.0,1347754650136,314465711,11974,4084.0,4288.0,90.36134478943667,304.74068851476386,214.32246920835098,4214.090246163792,2638.309753836208,3426.2,3063.72,-0.06763059701492535,0
2018-06-26,4270.0,4299.0,4073.0,4193.0,461115747987,109984278,6138,4286.0,4170.0,81.44158684399581,316.68324743264293,234.79462485320937,4307.254227336643,2666.1457726633557,3486.7,3086.98,-0.006474820143884896,0
2018-06-27,4200.0,4249.0,3984.0,4028.0,696611505656,172942555,6826,4193.0,3985.0,69.80716540607244,307.673192483031,249.3703383791737,4356.992169934342,2707.9078300656574,3532.45,3108.48,0.026348808030112858,0
2018-06-30,4035.0,4145.0,3911.0,4029.0,395620698545,98181934,5121,4028.0,3976.0,69.28858545324623,296.38983669649133,258.7742380426372,4393.58772695717,2764.01227304283,3578.8,3130.8,-0.006539235412474809,0
2018-07-01,3940.0,3980.0,3828.0,3855.0,480047108372,124521862,5353,4029.0,3850.0,62.30972847312882,274.12065667345905,261.84352176880157,4403.34598366945,2834.7540163305507,3619.05,3151.02,0.029090909090909056,0
2018-07-02,3851.0,4019.0,3851.0,3963.0,243324059820,61392817,3213,3855.0,3998.0,66.5691087153258,265.355679086485,262.54595323233826,4422.610419210643,2909.289580789356,3665.95,3175.18,-0.004502251125562795,0
2018-07-03,4040.0,4161.0,4003.0,4131.0,373526496893,90416960,4665,3963.0,4143.0,70.13061999503347,267.0314866284689,263.44305991156443,4461.054304667758,2969.645695332242,3715.35,3201.82,-0.05865314989138304,0
2018-07-04,4200.0,4210.0,4011.0,4129.0,236859135124,57360799,3336,4131.0,4090.0,67.30804246628094,261.0734271627475,262.9691333618011,4481.940407738903,3038.8595922610975,3760.4,3227.62,-0.07090464547677267,0
2018-07-07,4097.0,4097.0,3943.0,3994.0,220247110013,55146314,2598,4129.0,3950.0,60.39347426146313,242.262144935612,258.8277356765633,4481.554909623199,3109.2450903768013,3795.4,3251.52,-0.026835443037974693,0
2018-07-08,3980.0,3991.0,3948.0,3964.0,100202032205,25279568,1602,3994.0,3962.0,60.76552641992608,225.7204036472799,252.20626927070663,4470.705984399566,3192.7940156004342,3831.75,3276.36,-0.04063604240282681,0
2018-07-10,4000.0,4100.0,3972.0,4001.0,211594450216,52885260,2598,3964.0,3980.0,61.35198881945372,211.62393507497063,244.08980243155946,4435.6225443897765,3309.3774556102235,3872.5,3300.62,-0.04723618090452264,0
2018-07-11,3965.0,3968.0,3871.0,3919.0,170958823396,43621201,3346,4001.0,3900.0,57.25567652549182,191.78625815848955,233.6290935769455,4376.80171393227,3438.8982860677293,3907.85,3322.14,-0.07179487179487176,0
2018-07-14,3930.0,3938.0,3797.0,3836.0,157135711686,40962049,2723,3919.0,3800.0,52.53396659729583,166.08111233323007,220.11949732820244,4320.211313727324,3543.488686272676,3931.85,3341.3,-0.05315789473684207,0
2018-07-15,3810.0,3845.0,3770.0,3807.0,110108697868,28922585,1773,3836.0,3844.0,54.319029143906214,147.55906232958478,205.60741032847892,4268.9450015410575,3636.2549984589423,3952.6,3362.78,-0.032258064516129004,0
2018-07-16,3814.0,3880.0,3801.0,3820.0,91306678600,23900477,1830,3807.0,3801.0,52.25095917976655,127.93570050530889,190.07306836384492,4244.015621788392,3681.4843782116072,3962.75,3383.68,0.010523546435148745,0
2018-07-17,3820.0,3820.0,3770.0,3790.0,224879515853,59328181,3354,3820.0,3792.0,51.806373816967316,110.38536630674162,174.13552795242427,4228.950192233706,3708.749807766294,3968.85,3404.88,0.06355485232067504,1
2018-07-23,3641.0,3649.0,3601.0,3629.0,168606904784,46456843,1906,3540.0,3620.0,44.08609256712127,81.65635385707446,155.6396931333543,4255.0694641309165,3653.430535869084,3954.25,3421.7,0.162707182320442,1
2018-07-24,3638.0,3660.0,3560.0,3603.0,131305156698,36442057,1983,3629.0,3598.0,43.19933299411416,56.46232582548828,135.8042196717811,4277.755257660499,3602.5447423395003,3940.15,3439.34,0.2262367982212341,1
2018-07-25,3600.0,3745.0,3591.0,3659.0,211950288754,57927106,3022,3603.0,3720.0,49.2906869714488,45.81216339817229,117.80580841705935,4278.748431704525,3577.3515682954758,3928.05,3458.14,0.1801075268817205,1
2018-07-28,3841.0,3841.0,3830.0,3841.0,208102780190,54179527,1585,3659.0,3841.0,54.50216979489679,46.598364762546225,103.56431968615674,4259.430463767402,3571.369536232598,3915.4,3477.96,0.17156990367091907,1
2018-07-29,4033.0,4033.0,3910.0,4009.0,552793189752,137902254,7293,3841.0,4033.0,61.29886543477332,61.99953831283892,95.25136341149317,4207.12743758777,3598.17256241223,3902.65,3502.16,0.14827671708405643,1
2018-07-30,4088.0,4209.0,4051.0,4202.0,570391352132,135735293,4624,4009.0,4209.0,66.27263511319705,87.39932342132624,93.6809554134598,4216.314869712714,3592.885130287286,3904.6,3530.94,0.1261582323592303,1
2018-07-31,4412.0,4412.0,4412.0,4412.0,136481866880,30934240,700,4202.0,4412.0,70.91555147562971,122.49716846733418,99.44419802423468,4307.448348620296,3544.4516513797034,3925.95,3563.58,0.07660924750679965,1
2018-08-01,4538.0,4538.0,4325.0,4438.0,853187788922,192234557,10106,4412.0,4390.0,69.79420673362233,146.84451523024882,108.92426146543751,4378.384304868182,3514.9156951318187,3946.65,3595.02,0.07448747152619584,1
2018-08-04,4389.0,4500.0,4333.0,4411.0,514057746875,116527538,6622,4438.0,4500.0,72.16424500681045,173.02155881680255,121.74372093571053,4470.617710027841,3487.682289972159,3979.15,3628.02,0.03111111111111109,0
2018-08-05,4525.0,4631.0,4525.0,4627.0,1205925512822,260608113,9152,4411.0,4631.0,74.70925786623276,202.00902534396755,137.79678181736193,4578.641738515238,3442.9582614847623,4010.8,3663.66,-0.00021593608291947675,0
2018-08-06,4858.0,4858.0,4701.0,4851.0,1953665451188,402745783,15072,4627.0,4740.0,76.62435360744189,231.1130629325562,156.4600380404008,4690.058430804534,3391.2415691954666,4040.65,3701.3,-0.03586497890295359,0
2018-08-07,4770.0,4970.0,4671.0,4836.0,760408599921,157241306,11346,4851.0,4750.0,76.79793919469337,252.07932528335868,175.5838954889924,4793.041207897348,3354.2587921026525,4073.65,3739.2,-0.017894736842105297,0
2018-08-08,4830.0,4850.0,4690.0,4720.0,424967282363,90041745,5275,4836.0,4717.0,74.82330991155098,263.0007066091057,193.06725771301507,4881.001170350216,3342.998829649784,4112.0,3775.34,-0.03328386686453255,0
2018-08-11,4675.0,4698.0,4561.0,4623.0,331422462670,71695309,4622,4720.0,4640.0,70.28238847941074,262.4177352078068,206.93735321197343,4944.663269060364,3347.136730939635,4145.9,3809.78,-0.010775862068965525,0
2018-08-12,4640.0,4815.0,4600.0,4672.0,315174775199,67466162,4080,4623.0,4630.0,69.69085838593497,258.17275493376565,217.1844335563319,5000.083491376088,3356.7165086239115,4178.4,3843.92,-0.0019438444924405607,0
2018-08-13,4601.0,4610.0,4499.0,4536.0,316203804121,69704298,4062,4672.0,4570.0,66.09631670418528,247.11845124403226,223.17123709387198,5040.056724298001,3383.743275701998,4211.9,3876.12,0.07221006564551424,1
2018-08-14,4541.0,4740.0,4541.0,4645.0,475016899750,102268210,5102,4536.0,4665.0,68.83702990380316,243.21985489174585,227.1809606534468,5083.092576511193,3427.207423488806,4255.15,3908.02,0.030010718113612,0
2018-08-15,4531.0,4588.0,4490.0,4524.0,418667341637,92549493,4623,4645.0,4560.0,62.794882219436566,229.01759444603158,227.54828741196377,5106.511272989339,3475.3887270106607,4290.95,3938.24,0.009210526315789558,0
2018-08-18,4513.0,4600.0,4463.0,4522.0,193497088899,42787696,3148,4524.0,4590.0,63.7732786995493,217.67374259316603,225.5733784482042,5123.363403947488,3537.4365960525106,4330.4,3969.14,0.050108932461873534,1
2018-08-19,4620.0,4738.0,4616.0,4667.0,157762039199,33805601,2768,4522.0,4621.0,64.80328401071083,208.77843139683955,222.2143890379313,5133.974209036812,3609.7257909631885,4371.85,4000.36,0.04522830556156676,0
2018-08-20,4711.0,4900.0,4711.0,4885.0,1195117230634,244672211,9472,4667.0,4900.0,72.40714633163637,221.6863393610074,222.10877910254655,5148.017192448502,3723.682807551498,4435.85,4035.26,-0.04693877551020409,0
2018-08-21,4755.0,4879.0,4700.0,4785.0,320462713960,66970452,4175,4885.0,4805.0,67.09209413354412,221.6946850382219,222.02596028968162,5112.210908994295,3880.1890910057045,4496.2,4067.58,-0.042663891779396446,0
2018-08-25,4820.0,4820.0,4591.0,4678.0,259403329285,55448842,4490,4785.0,4602.0,57.39661074675378,202.98105632335228,218.21697949641577,5043.719943983127,4036.8800560168725,4540.3,4094.62,-0.019991308126901308,0
2018-08-26,4600.0,4900.0,4582.0,4782.0,228300101531,47736849,3866,4678.0,4820.0,63.497171734591134,203.39652036357347,215.25288766984733,4991.356391394084,4187.143608605916,4589.25,4126.32,-0.07385892116182569,0
2018-08-27,4880.0,4920.0,4752.0,4845.0,283712726890,58561180,3918,4782.0,4830.0,63.75357232634488,202.20183811174047,212.64267775822597,4953.209179135627,4304.990820864374,4629.1,4159.62,-0.04140786749482406,0
2018-08-28,4770.0,4777.0,4603.0,4666.0,286873798006,61480035,3975,4845.0,4670.0,56.870473315671006,186.19800628353187,207.35374346328717,4912.840065019685,4391.459934980314,4652.15,4189.16,-0.01498929336188437,0
2018-08-29,4681.0,4730.0,4589.0,4624.0,187258037816,40495751,2753,4666.0,4600.0,54.117632964337965,165.95343141774356,199.07368105417845,4899.489887366468,4423.6101126335325,4661.55,4214.76,0.01304347826086949,0
2018-09-01,4610.0,4650.0,4499.0,4532.0,256619868506,56622339,4044,4624.0,4510.0,50.718341680109724,141.02160288850519,187.4632654210438,4882.7638239053595,4452.336176094641,4667.55,4236.38,0.023503325942350273,0
2018-09-02,4530.0,4530.0,4388.0,4410.0,457765777491,103793052,5395,4532.0,4464.0,49.02340655521391,116.21151953495973,173.212916243827,4887.055106131709,4444.444893868291,4665.75,4253.7,0.06384408602150549,1
2018-09-03,4490.0,4630.0,4401.0,4538.0,248745104783,54814083,3428,4410.0,4630.0,54.8829487006409,108.69123748263792,160.3085804915892,4887.036937721581,4444.3630622784185,4665.7,4272.9,0.059611231101511786,1
2018-09-04,4690.0,4720.0,4590.0,4647.0,203763856242,43853092,3246,4538.0,4600.0,53.68201364960249,99.1674696355758,148.08035832038652,4879.047997494798,4438.352002505201,4658.7,4286.66,0.11913043478260876,1
2018-09-05,4610.0,4669.0,4521.0,4606.0,157147626780,34121226,2363,4647.0,4660.0,55.766724666791696,95.36203933220077,137.53669452274937,4870.545649366859,4437.854350633141,4654.2,4302.26,0.16974248927038627,1
2018-09-08,4641.0,4748.0,4579.0,4656.0,268475656069,57656889,4239,4606.0,4616.0,53.85252016769107,87.78385844685363,127.58612730757022,4864.106995699066,4434.193004300933,4649.15,4315.34,0.14601386481802425,1
2018-09-09,4600.0,4750.0,4575.0,4673.0,294298928648,62982378,4499,4656.0,4749.0,58.49064878886968,91.4558379988257,120.36006944582132,4873.837223116806,4435.362776883195,4654.6,4328.44,0.11581385554853663,1
2018-09-10,4780.0,4906.0,4780.0,4903.0,920716824926,187787517,7285,4673.0,4906.0,63.19341144189048,105.81472980736362,117.4510015181298,4912.986508213284,4423.8134917867155,4668.4,4340.8,0.055646147574398785,1
2018-09-11,5050.0,5148.0,4955.0,5118.0,799976610803,156318564,7516,4903.0,5148.0,69.01971288381331,135.16355125499467,120.99351146550278,5014.39374008322,4380.20625991678,4697.3,4360.36,0.012043512043512061,0
2018-09-12,5373.0,5641.0,5373.0,5477.0,943633127730,172289926,8199,5118.0,5451.0,74.46907718708746,180.78825693328145,132.95246055905852,5192.42294808397,4280.77705191603,4736.6,4389.68,-0.03870849385433861,0
2018-09-15,5589.0,5589.0,5250.0,5399.0,753842917464,139633614,10958,5477.0,5290.0,67.65897328221584,201.63053908084748,146.68807626341632,5280.503547484602,4265.696452515399,4773.1,4415.96,0.013232514177693666,0
2018-09-16,5250.0,5399.0,5130.0,5206.0,678112737342,130244731,7185,5399.0,5299.0,67.83604472760408,216.38012721263476,160.62648645326001,5357.2216595560185,4259.878340443982,4808.55,4444.94,0.05151915455746359,1
2018-09-17,5310.0,5380.0,5150.0,5240.0,442470598627,84434172,5944,5206.0,5179.0,62.89167107469646,215.8975523618965,171.68069963498732,5400.665021069054,4272.2349789309455,4836.45,4468.56,0.11218381927012944,1
2018-09-18,5140.0,5269.0,5061.0,5184.0,472377280862,91126951,5112,5240.0,5210.0,63.629182844356556,215.53203015847612,180.4509657396851,5438.872303205417,4265.027696794583,4851.95,4489.9,0.14203454894433776,1
2018-09-22,5240.0,5310.0,5212.0,5262.0,369930657998,70299892,4932,5184.0,5240.0,64.36724211406057,215.18260928504515,187.39729444875712,5483.832149620022,4263.567850379977,4873.7,4512.9,0.17347328244274807,1
2018-09-23,5221.0,5380.0,5221.0,5308.0,451170513578,85003736,5711,5262.0,5360.0,67.23166557734037,222.02927259748412,194.32369007850252,5543.30322145763,4279.896778542371,4911.6,4541.1,0.18190298507462677,1
2018-09-24,5407.0,5573.0,5395.0,5518.0,443206247861,80321619,6015,5308.0,5572.0,71.57850851749892,241.77490029130422,203.8139321210629,5641.255951495212,4257.144048504788,4949.2,4573.3,0.14860014357501794,1
2018-09-25,5700.0,5793.0,5655.0,5758.0,494410891159,85867112,6853,5518.0,5760.0,74.77424151150093,269.4870028971018,216.94854627627066,5769.605704850364,4221.794295149635,4995.7,4608.9,0.07743055555555545,1
2018-09-26,5890.0,6021.0,5794.0,5925.0,666710427602,112523240,8612,5758.0,5950.0,77.52472516332242,303.28438239854313,234.21571350072514,5921.945695843089,4197.45430415691,5059.7,4649.9,0.04873949579831938,0
2018-09-29,6190.0,6190.0,5921.0,6034.0,620500070597,102834373,9686,5925.0,6149.0,79.98611495095338,342.18222237946065,255.80901527647225,6093.457330307536,4180.8426696924635,5137.15,4696.88,-0.051227841925516326,0
2018-09-30,6195.0,6335.0,6149.0,6315.0,1150789250870,182219733,9279,6034.0,6335.0,81.97329115824888,383.59583236588423,281.3663786943547,6272.202165163456,4184.597834836543,5228.4,4746.7,-0.10071033938437257,0
2018-10-01,6630.0,6630.0,6202.0,6532.0,1049165307621,160615000,12276,6315.0,6400.0,82.62263394864733,416.85611560463985,308.46432607641174,6425.068101183006,4225.331898816994,5325.2,4798.68,-0.06015625000000002,0
2018-10-02,6440.0,6440.0,6206.0,6214.0,961653405953,154749494,7480,6532.0,6206.0,74.04926723268701,422.68846155403935,331.3091531719373,6519.066455418647,4288.933544581353,5404.0,4846.96,-0.017241379310344862,0
2018-10-03,5975.0,6299.0,5975.0,6140.0,536798724193,87423553,7632,6214.0,6240.0,74.5477390424432,425.15325155366554,350.07797284828297,6593.688223283022,4378.311776716978,5486.0,4899.36,-0.014743589743589691,0
2018-10-06,6140.0,6412.0,5833.0,5996.0,765166152772,127612924,8400,6140.0,5834.0,59.78096312496555,389.851839142505,358.0327461071274,6593.964523368581,4495.435476631419,5544.7,4944.08,0.011312992800822652,0
2018-10-07,5820.0,5996.0,5697.0,5731.0,1779793206007,310558307,12564,5996.0,5697.0,55.76670400853432,346.8225064654689,355.7906981787957,6558.652469003955,4638.847530996045,5598.75,4983.62,0.06020712655783744,1
2018-10-08,5690.0,6017.0,5690.0,5865.0,663576256232,113145358,7966,5731.0,6015.0,62.124318460360264,334.5251944653355,351.5375974361037,6554.02701203556,4770.0729879644405,5662.05,5027.1,0.04156275976724855,0
2018-10-09,6100.0,6158.0,6051.0,6141.0,541308321328,88145190,5848,5865.0,6099.0,63.6120985584691,327.77915008386117,346.7859079656552,6561.493569872906,4881.906430127094,5721.7,5068.42,0.021478930972290478,0
2018-10-10,6190.0,6223.0,6079.0,6146.0,344336660408,56024305,4860,6141.0,6148.0,64.48839306850908,322.6672446558232,341.9621753036888,6587.649287639787,4955.750712360213,5771.7,5107.2,0.02911515940143139,0
2018-10-13,6185.0,6228.0,5839.0,5893.0,417106516151,70783678,4917,6146.0,5900.0,57.0057956930894,295.20159516484364,332.6100592759198,6598.189619670495,4990.110380329505,5794.15,5136.96,0.07440677966101705,1
2018-10-14,5941.0,6100.0,5920.0,5977.0,75448708127,12622487,960,5893.0,6040.0,59.83874702658012,281.48689433669915,322.3854262880757,6607.607286195491,5055.6927138045085,5831.65,5169.96,0.038079470198675525,0
2018-10-15,6055.0,6265.0,6055.0,6206.0,458707688074,73910186,5839,5977.0,6265.0,63.949995176422114,285.4826484532632,315.0048707211132,6637.309485317155,5122.5905146828445,5879.95,5205.26,0.004628890662410123,0
2018-10-16,6300.0,6355.0,6196.0,6265.0,355934420885,56808663,4647,6206.0,6230.0,62.871811821560435,282.5678387331536,308.5174643235213,6631.633892755788,5233.366107244212,5932.5,5237.24,-0.02199036918138042,0
2018-10-17,6022.0,6350.0,6000.0,6154.0,1608646654594,261402007,11350,6265.0,6327.0,64.65059334063027,284.80190133154974,303.774351725127,6623.201250294002,5353.498749705998,5988.35,5268.98,-0.05642484589853014,0
2018-10-20,6262.0,6444.0,6261.0,6342.0,277751808875,43794197,4440,6154.0,6339.0,64.8747914565408,284.26389452024796,299.87226028415125,6594.247946724418,5492.352053275582,6043.3,5300.76,-0.07067360782457799,0
2018-10-21,6350.0,6400.0,6227.0,6309.0,342998175508,54366087,3790,6342.0,6270.0,62.42319844099737,275.09863112654693,294.9175344526304,6549.409856603013,5628.190143396987,6088.8,5331.82,-0.046251993620414655,0
2018-10-22,6310.0,6310.0,6100.0,6219.0,296390367421,47657657,3339,6309.0,6294.0,62.94768526135216,266.6973719875905,289.2735019596224,6527.334541260868,5722.4654587391315,6124.9,5364.9,-0.05354305687956784,0
2018-10-23,6219.0,6219.0,5990.0,6082.0,316259719815,52001112,3573,6219.0,6093.0,55.90936784318613,241.0417145768679,279.62714448307156,6508.180317895075,5774.919682104925,6141.55,5394.16,-0.023797800754964737,0
2018-10-24,6100.0,6100.0,5902.0,5989.0,204151329516,34089940,2819,6082.0,5970.0,52.07238142908501,208.38224834821813,265.3781652561009,6507.188711603477,5777.911288396524,6142.55,5422.16,-0.02495812395309882,0
2018-10-27,5989.0,6100.0,5880.0,5959.0,209449706534,35149678,2615,5989.0,5891.0,49.71256347304069,174.11762667792846,247.1260575404664,6510.363685070349,5748.9363149296505,6129.65,5446.68,-0.011203530809709705,0
2018-10-28,5950.0,5990.0,5936.0,5956.0,225339762419,37834030,2940,5959.0,5980.0,52.33335940278329,152.38759401114476,228.1783648346021,6485.702033167085,5738.097966832915,6111.9,5475.08,-0.013377926421404673,0
2018-10-29,6000.0,6070.0,5957.0,5999.0,185796981017,30971786,2300,5956.0,5957.0,51.58515380908893,131.7912710498631,208.9009460776543,6444.66400366828,5734.83599633172,6089.75,5502.42,-0.01661910357562535,0
2018-10-31,6000.0,6050.0,5920.0,5991.0,220187973645,36752008,2475,5999.0,5948.0,51.27622547528721,113.43470723632345,189.80769830938817,6432.678764997786,5721.021235002215,6076.85,5528.96,-0.02992602555480839,0
2018-11-03,5950.0,5997.0,5816.0,5895.0,333977718956,56658338,3527,5991.0,5821.0,46.99895143501334,87.62902667316484,169.3719639821435,6420.079571090761,5691.720428909238,6055.9,5547.38,-0.020443222813949502,0
2018-11-04,5900.0,5950.0,5805.0,5878.0,128533943299,21867703,2003,5895.0,5825.0,47.14848868573174,66.73136780831737,148.84384474737828,6420.745756887281,5690.154243112719,6055.45,5567.78,-0.011158798283261828,0
2018-11-05,5885.0,5930.0,5855.0,5886.0,157892284633,26827123,2186,5878.0,5900.0,49.99717995002444,55.5809927112623,130.19127434015508,6400.509778895526,5730.690221104474,6065.6,5593.74,-0.022203389830508513,0
2018-11-06,5914.0,5950.0,5850.0,5882.0,176719063161,30046385,2437,5886.0,5858.0,48.4231474398376,42.861114869282574,112.72524244598058,6404.197037799216,5711.302962200784,6057.75,5614.5,-0.01331512461590989,0
2018-11-10,5880.0,5910.0,5752.0,5825.0,176235232970,30256007,2464,5882.0,5770.0,45.21144955528868,25.387009837882033,95.25759592436088,6408.9449918057535,5673.655008194247,6041.3,5633.3,-0.042980935875216675,0
2018-11-11,5845.0,5845.0,5602.0,5707.0,145197209200,25440054,2291,5825.0,5702.0,42.8465719131101,5.9826596299426456,77.40260866547723,6411.3284338406465,5626.6715661593535,6019.0,5653.94,-0.035776920378814414,0
2018-11-12,5749.0,5794.0,5733.0,5756.0,124340403234,21602310,1780,5707.0,5760.0,45.46671879327696,-4.6615766826016625,60.989771595861455,6417.351205746148,5606.648794253852,6012.0,5677.14,-0.04496527777777781,0
2018-11-13,5840.0,5880.0,5769.0,5818.0,120956020195,20790448,1874,5756.0,5769.0,45.881319228528426,-12.230005968126534,46.34581608306386,6417.052663632061,5579.847336367939,5998.45,5702.32,-0.03952158086323454,0
2018-11-14,5822.0,5849.0,5754.0,5803.0,173646846574,29923111,2087,5818.0,5780.0,46.417517994409465,-17.142820867405135,33.64808869297006,6384.33441699016,5564.065583009839,5974.2,5728.64,-0.05830449826989614,0
2018-11-17,5780.0,5798.0,5515.0,5651.0,178198975765,31532894,3347,5803.0,5522.0,37.126311418599926,-41.37772916892118,18.642925120591816,6375.844437099779,5501.755562900222,5938.8,5746.48,-0.05595798623687065,0
2018-11-18,5551.0,5555.0,5369.0,5434.0,251224890990,46235249,3369,5651.0,5498.0,36.396474647012155,-61.80818177929541,2.552703740614369,6336.504312286543,5458.195687713458,5897.35,5764.44,-0.05420152782830123,0
2018-11-19,5490.0,5568.0,5447.0,5511.0,101210052553,18366446,1750,5434.0,5501.0,36.56434425162438,-76.87126366173379,-13.332089739855263,6277.63691358197,5433.26308641803,5855.45,5781.26,-0.05108162152335938,0
2018-11-20,5500.0,5599.0,5500.0,5531.0,69360738646,12540723,1375,5511.0,5541.0,38.88063531086016,-84.60591455353824,-27.58685470259186,6216.910542710134,5421.089457289866,5819.0,5799.76,-0.09222162064609274,0
2018-11-21,5471.0,5588.0,5437.0,5487.0,90631292359,16518250,1630,5531.0,5443.0,35.46400317005815,-97.51932007214873,-41.57334777650324,6142.839123746703,5410.060876253297,5776.45,5813.64,-0.09792393900422558,0
2018-11-24,5409.0,5440.0,5213.0,5254.0,69257588437,13181961,974,5487.0,5213.0,29.018871035244146,-124.87290764288628,-58.23325974977985,6144.701610063419,5320.1983899365805,5732.45,5819.78,-0.018223671590255175,0
2018-11-26,5135.0,5290.0,5120.0,5195.0,331633781460,63842374,3768,5254.0,5200.0,28.701368734840344,-145.91776505422968,-75.77016081066982,6151.592862939962,5236.307137060037,5693.95,5820.82,0.017115384615384643,0
2018-11-27,5243.0,5350.0,5195.0,5241.0,75031932070,14317226,1885,5195.0,5220.0,29.970822006351995,-159.14757909383843,-92.44564446730355,6152.431055930301,5168.368944069698,5660.4,5816.2,0.007471264367816088,0
2018-11-28,5235.0,5241.0,4989.0,5045.0,196836069000,39017983,3313,5241.0,5030.0,25.35267634125725,-182.85586554545262,-110.52768868293337,6153.382710176646,5072.417289823354,5612.9,5811.0,0.04711729622266403,0
2018-12-01,4990.0,4999.0,4793.0,4875.0,476402625300,97731978,4793,5045.0,4910.0,22.947651597696662,-208.919555893066,-130.2060621249599,6157.452161162027,4963.647838837974,5560.55,5803.22,0.05397148676171071,1
2018-12-02,4950.0,5118.0,4950.0,5084.0,223825931326,44025493,3148,4875.0,5118.0,34.53925361665311,-210.36638387603307,-146.23812647517454,6117.840272131989,4920.259727868011,5519.05,5802.0,0.004103165298944944,0
2018-12-03,5250.0,5337.0,5151.0,5285.0,112360019988,21261740,2604,5084.0,5289.0,42.23326559673535,-195.46157521452824,-156.08281622304528,6082.424058751657,4902.475941248343,5492.45,5803.58,-0.02817167706560786,0
2018-12-04,5369.0,5369.0,5121.0,5255.0,173140092166,32946474,2140,5285.0,5259.0,41.31578323617194,-183.9496986254353,-161.6561927035233,6041.772463205774,4886.527536794225,5464.15,5803.96,-0.035558090891804506,0
2018-12-05,5200.0,5330.0,5171.0,5270.0,106891833525,20283154,1838,5255.0,5267.0,41.679628525818956,-172.19595259551352,-163.76414468192135,5979.694115465352,4885.305884534648,5432.5,5802.1,-0.048794380102525126,0
2018-12-08,5270.0,5275.0,5145.0,5213.0,96803295185,18571155,1849,5270.0,5175.0,38.70746501553853,-168.3638615168502,-164.6840880489071,5919.701810201052,4876.998189798949,5398.35,5794.16,-0.03729468599033814,0
2018-12-09,5170.0,5240.0,5090.0,5152.0,88528373551,17183553,1438,5213.0,5139.0,37.578229497649716,-166.31462934391766,-165.0101963079092,5870.440586132528,4863.159413867473,5366.8,5781.74,-0.05039891029383148,0
2018-12-10,5152.0,5190.0,5120.0,5150.0,74834572132,14530523,1255,5152.0,5140.0,37.632658354771664,-162.73401007060602,-164.55495906044857,5826.8713223858185,4850.528677614181,5338.7,5765.54,-0.08560311284046696,0
2018-12-11,5170.0,5180.0,5061.0,5143.0,80857144041,15722071,1206,5150.0,5072.0,35.3739004864446,-163.49866437133733,-164.34370012262633,5765.065493499592,4843.5345065004085,5304.3,5744.0,-0.07945583596214512,0
2018-12-12,5000.0,5130.0,4950.0,5054.0,117300110573,23209204,2064,5143.0,5010.0,33.405171453331235,-167.18038880215227,-164.91103785853153,5691.411536721363,4841.288463278638,5266.35,5717.5,-0.08902195608782437,0
2018-12-15,5048.0,5060.0,4960.0,5026.0,63802733634,12695652,1241,5054.0,4982.0,32.52479466245313,-170.39335935276722,-166.00750215737867,5597.547008880332,4855.352991119667,5226.45,5689.14,-0.08470493777599353,0
2018-12-16,4973.0,4980.0,4840.0,4914.0,103262570405,21015445,1833,5026.0,4880.0,29.47713177550213,-179.10559144395756,-168.62712001469447,5568.685290882295,4820.014709117706,5194.35,5662.62,-0.024590163934426257,0
2018-12-17,4820.0,4987.0,4669.0,4763.0,211275402122,44353159,2875,4914.0,4700.0,25.02138305257924,-198.24929930521466,-174.5515558727985,5559.659316279792,4749.240683720208,5154.45,5631.82,0.017021276595744705,0
2018-12-18,4778.0,4790.0,4644.0,4746.0,112598999912,23724471,2114,4763.0,4669.0,24.339024700156358,-213.46161401924655,-182.33356750208813,5537.567918152673,4688.132081847328,5112.85,5608.52,0.01306489612336681,0
2018-12-19,4601.0,4697.0,4509.0,4545.0,129514074353,28495309,2520,4746.0,4564.0,22.13695357043997,-231.32355159839608,-192.1315643213497,5504.936276575137,4623.063723424863,5064.0,5585.86,0.05521472392638027,1
2018-12-22,4580.0,4580.0,4540.0,4554.0,68563895269,15057314,1357,4545.0,4560.0,22.055089680851324,-243.00086962652222,-202.30542538238421,5476.690136152627,4563.009863847374,5019.85,5556.76,0.08355263157894743,1
2018-12-23,4603.0,4781.0,4602.0,4747.0,106112701040,22353014,2315,4554.0,4760.0,34.998596152369274,-233.42610888358377,-208.52956208262415,5458.3874239395,4536.0125760605,4997.2,5529.98,0.02941176470588225,0
2018-12-24,4860.0,4861.0,4755.0,4806.0,108782308438,22634085,2151,4747.0,4780.0,36.14061584508328,-221.66894751651216,-211.15743916940175,5436.78597460187,4515.614025398129,4976.2,5502.62,0.010460251046025215,0
2018-12-25,4806.0,4848.0,4700.0,4742.0,66842437045,14096584,1417,4806.0,4730.0,34.50831824115224,-213.9199584395583,-211.70994302343306,5409.928807474997,4493.471192525003,4951.7,5479.22,0.008456659619450413,0
2018-12-26,4780.0,4880.0,4740.0,4805.0,122702226421,25537182,1888,4742.0,4816.0,39.56435353219881,-198.5505800067367,-209.0780704200938,5401.404604668501,4480.595395331499,4941.0,5454.74,-0.026162790697674465,0
2018-12-29,4804.0,5000.0,4796.0,4877.0,78865411891,16171412,1618,4805.0,4941.0,46.080168263878335,-174.2748495535934,-202.11742624679374,5402.735386556286,4482.364613443714,4942.55,5428.26,-0.05484719692369966,0
2018-12-30,4921.0,4957.0,4891.0,4929.0,67007936939,13595634,1442,4877.0,4900.0,44.38966523924507,-156.5400197164754,-193.00194494073008,5384.972081968173,4478.327918031826,4931.65,5401.66,-0.037142857142857144,0
2018-12-31,4915.0,4940.0,4830.0,4889.0,65376101772,13372959,1261,4929.0,4830.0,41.58465854321829,-146.44532375045492,-183.69062070267506,5332.8707674981415,4484.529232501858,4908.7,5371.72,-0.006418219461697738,0
2019-01-01,4889.0,4897.0,4761.0,4812.0,52981742581,11009272,1367,4889.0,4770.0,39.29272472947115,-141.65380612749777,-175.28325778763963,5280.2741785547505,4488.2258214452495,4884.25,5340.34,0.027253668763102645,0
2019-01-02,4715.0,4887.0,4645.0,4751.0,94576216571,19906632,1620,4812.0,4690.0,36.41116929952641,-142.6672460966638,-168.76005544944448,5218.377905663648,4492.422094336352,4855.4,5308.74,0.05330490405117261,1
2019-01-05,4786.0,4786.0,4670.0,4704.0,43258222471,9196638,1187,4751.0,4670.0,35.70617938042709,-143.4308558035973,-163.69421552027504,5170.221330752786,4490.078669247213,4830.15,5276.26,0.051391862955032064,1
2019-01-06,4645.0,4789.0,4645.0,4705.0,55588308815,11815119,1288,4704.0,4718.0,38.77030322664311,-138.5655260206704,-158.6684776203541,5121.051855259709,4497.148144740292,4809.1,5248.76,0.0540483255616786,1
2019-01-07,4759.0,4899.0,4710.0,4802.0,77337890405,16106344,1767,4705.0,4799.0,43.65068903179163,-126.71302518195898,-152.2773871326751,5064.579980002157,4519.5200199978435,4792.05,5225.34,0.04563450718899764,0
2019-01-08,4810.0,4930.0,4807.0,4896.0,95663752576,19539442,1670,4802.0,4900.0,49.098745166113844,-107.92587466522491,-143.4070846391851,5029.687669742014,4537.212330257986,4783.45,5205.52,0.044897959183673564,0
2019-01-09,4921.0,4995.0,4920.0,4945.0,50755837458,10264412,1215,4896.0,4940.0,51.11458298624345,-88.78578950635801,-132.48282561261968,5014.940616833901,4544.959383166099,4779.95,5184.72,0.03441295546558698,0
2019-01-12,4951.0,4970.0,4889.0,4938.0,39037088716,7904697,1030,4945.0,4910.0,49.53026024256371,-75.17135481486457,-121.02053145306866,5000.819396577747,4551.880603422253,4776.35,5163.78,0.04012219959266794,0
2019-01-13,4853.0,5053.0,4853.0,4977.0,121929549980,24499175,2542,4938.0,4973.0,52.83631856086018,-58.622480286601785,-108.5409212197753,5017.401353633978,4544.598646366022,4781.0,5144.28,0.011461894228835812,0
2019-01-14,5029.0,5083.0,4999.0,5031.0,68207412888,13556723,1630,4977.0,5018.0,55.09884471324596,-41.3990318067772,-95.11254333717568,5051.450505793988,4542.3494942060115,4796.9,5128.22,-0.008967716221602196,0
2019-01-15,5033.0,5140.0,5033.0,5108.0,93699359580,18344147,1927,5031.0,5120.0,59.80562117845495,-19.296341039885192,-79.94930287771759,5102.944250382565,4535.955749617435,4819.45,5114.12,-0.027539062500000044,0
2019-01-16,5125.0,5137.0,5084.0,5104.0,99276962527,19451360,1604,5108.0,5110.0,59.1509662930646,-2.557237549700403,-64.47088981211415,5131.7425437620595,4561.7574562379405,4846.75,5098.32,-0.03522504892367906,0
2019-01-19,5109.0,5117.0,5087.0,5105.0,51481611130,10085060,1471,5104.0,5107.0,58.94251480157609,10.34727074089642,-49.50725770151204,5148.562310709442,4599.637689290559,4874.1,5083.3,-0.04053260231055411,0
2019-01-20,5070.0,5103.0,4977.0,5033.0,75343927770,14968653,1288,5105.0,5030.0,53.710636689582486,14.197272726511073,-36.76635161590742,5164.832321347934,4610.367678652066,4887.6,5068.5,-0.05586481113320074,0
2019-01-21,5004.0,5100.0,4906.0,4969.0,111949383374,22530670,1495,5033.0,4973.0,50.16115226745757,12.504855219781348,-26.912110248769665,5172.256090841573,4622.243909158427,4897.25,5053.92,-0.0458475769153428,0
2019-01-22,4995.0,5032.0,4968.0,4986.0,46788790005,9383440,1003,4969.0,4979.0,50.5317413956706,11.515014093770333,-19.226685380261667,5175.689548666788,4643.7104513332115,4909.7,5038.3,-0.036151837718417346,0
2019-01-23,5005.0,5079.0,4921.0,4982.0,68057542506,13660741,1465,4986.0,4930.0,47.42998838213755,6.699440401382162,-14.041460223932901,5177.977531407318,4652.822468592682,4915.4,5021.52,-0.013184584178498993,0
2019-01-26,4999.0,4999.0,4880.0,4930.0,45664937591,9263104,1145,4982.0,4900.0,45.58507704699689,0.45704573753027944,-11.141759031640266,5175.736184849663,4650.963815150338,4913.35,5003.92,-0.020408163265306145,0
2019-01-27,4899.0,4899.0,4733.0,4800.0,106131241604,22111859,1822,4930.0,4749.0,37.64733328105605,-16.484511856513564,-12.210309596614925,5177.801911757918,4633.7980882420825,4905.8,4988.46,0.014950515898083827,0
2019-01-28,4850.0,4874.0,4725.0,4765.0,49703896319,10430587,1166,4800.0,4745.0,37.46124274350353,-29.889042599921595,-15.74605619727626,5180.718390044365,4622.381609955635,4901.55,4973.4,0.021917808219177992,0
2019-01-29,4720.0,4849.0,4720.0,4794.0,57053039873,11899865,1005,4765.0,4799.0,41.65417916940087,-35.74285964846149,-19.745416887513308,5179.710679230063,4626.289320769937,4903.0,4959.36,0.031464888518441425,0
2019-01-30,4900.0,4919.0,4840.0,4891.0,55266083751,11298814,1771,4794.0,4865.0,46.385537555439385,-34.65690024605283,-22.727713559221215,5171.514412497096,4651.985587502904,4911.75,4945.84,0.013360739979445091,0
2019-02-02,4908.0,4920.0,4790.0,4863.0,34616117643,7118939,928,4891.0,4800.0,42.712034114783116,-38.5963121074592,-25.901433268868814,5159.325817949376,4677.174182050624,4918.25,4932.98,0.015625,0
2019-02-03,4850.0,4898.0,4726.0,4786.0,95339665849,19919186,1494,4863.0,4820.0,44.176950171890155,-39.64746029394519,-28.65063867388409,5151.218624430746,4695.481375569255,4923.35,4925.12,0.012448132780082943,0
2019-02-04,4801.0,4900.0,4792.0,4838.0,56303143208,11636611,1204,4786.0,4849.0,46.32039037264462,-37.705796220178854,-30.461670183143045,5149.260183295121,4702.439816704879,4925.85,4918.1,-0.3586306454939163,0
2019-02-05,4800.0,4980.0,4800.0,4921.0,125490737645,25499269,2042,4838.0,4950.0,53.07785428263957,-27.69787369833648,-29.908910886181737,5151.666166006762,4705.033833993239,4928.35,4912.7,-0.3539393939393939,0
2019-02-06,4950.0,4950.0,4889.0,4924.0,82181749713,16688733,1392,4921.0,4930.0,51.69021672974912,-21.13670507070219,-28.15446972308583,5151.10436165943,4704.595638340571,4927.85,4910.7,-0.3450304259634889,0
2019-02-10,4929.0,4985.0,4872.0,4906.0,47374937774,9657438,1179,4924.0,4875.0,47.97570742071492,-20.14277859525373,-26.55213149751941,5150.432699355131,4701.7673006448695,4926.1,4910.0,-0.3154871794871795,0
2019-02-12,4920.0,4950.0,4866.0,4888.0,70621395284,14448155,1570,4906.0,4880.0,48.339159006451666,-18.73565353790582,-24.988835905596694,5145.556648718774,4697.343351281225,4921.45,4905.24,-0.3325819672131147,0
2019-02-20,3010.0,3120.0,3010.0,3046.0,419457161632,137718369,5530,2820.0,3110.0,13.195340852723035,-158.61627460650288,-51.71432364577794,5643.500298183304,4008.5997018166963,4826.05,4861.66,0.04019292604501601,0
2019-02-23,3168.0,3198.0,3148.0,3196.0,644157163454,201549362,9623,3046.0,3198.0,16.447727781298354,-259.38181789834925,-93.2478224962922,5799.581801135318,3660.318198864682,4729.95,4820.44,-0.011882426516572897,0
2019-02-24,3251.0,3275.0,3180.0,3245.0,289517810591,89210761,6024,3196.0,3229.0,17.618713093902713,-332.9003282506692,-141.17832364716762,5872.998686443403,3398.8013135565957,4635.9,4779.68,-0.019200991018891278,0
2019-02-25,3251.0,3379.0,3251.0,3322.0,217810875759,65568770,4916,3245.0,3337.0,21.73411656483819,-378.09118019906145,-188.5608949575464,5886.10286471644,3208.6971352835585,4547.4,4742.92,-0.055439017081210684,0
2019-02-26,3270.0,3330.0,3230.0,3275.0,138035632422,42152442,3221,3322.0,3257.0,20.901191729615675,-415.5701533187521,-233.96274662978755,5889.531587105459,3027.968412894541,4458.75,4705.28,-0.032852318084126475,0
2019-02-27,3250.0,3294.0,3235.0,3255.0,97041129194,29809873,2492,3275.0,3235.0,20.666633361358805,-441.95316469949285,-275.5608302437286,5876.360455264445,2867.3395447355556,4371.85,4667.18,-0.02040185471406486,0
2019-03-02,3268.0,3270.0,3159.0,3188.0,98685745084,30955210,2611,3255.0,3160.0,19.848849587396458,-463.57001789295646,-313.1626677735742,5846.29258973589,2715.5074102641092,4280.9,4628.94,-0.0075949367088608,0
2019-03-03,3158.0,3188.0,3131.0,3165.0,102395885826,32356501,2392,3188.0,3167.0,20.166373234058796,-474.66504511982384,-345.4631432428241,5800.002547050416,2585.497452949584,4192.75,4592.08,0.02241869276918229,0
2019-03-04,3166.0,3204.0,3150.0,3167.0,92421960251,29182731,2183,3165.0,3152.0,19.983681159355356,-479.1450232021866,-372.19951923469665,5739.1484300396605,2471.55156996034,4105.35,4555.48,0.04695431472081224,0
2019-03-05,3160.0,3170.0,3110.0,3144.0,83309401623,26497564,1916,3167.0,3150.0,19.95771987048721,-477.35417955501,-393.2304512987593,5681.724533417309,2369.0754665826908,4025.4,4520.88,0.08507936507936509,1
2019-03-06,3141.0,3198.0,3136.0,3150.0,105115079590,33367510,2178,3144.0,3169.0,21.007611067962983,-468.99549373964373,-408.3834597869362,5608.43409520929,2284.7659047907105,3946.6,4490.26,0.0744714420952981,1
2019-03-09,3149.0,3160.0,3121.0,3145.0,83759266586,26631513,1645,3150.0,3136.0,20.504550679256965,-459.7344664627649,-418.653661122102,5512.732932064746,2214.1670679352533,3863.45,4459.6,0.10331632653061229,1
2019-03-10,3130.0,3282.0,3121.0,3206.0,204201575294,63700618,3445,3145.0,3238.0,26.37335187944801,-439.10278450552096,-422.74348579878585,5385.621113050931,2178.578886949069,3782.1,4433.08,0.05373687461395926,1
2019-03-11,3245.0,3366.0,3245.0,3352.0,430662253580,128488094,6105,3206.0,3300.0,29.76743043071778,-412.98847203753166,-420.79248304653504,5252.428431111039,2161.771568888961,3707.1,4407.88,0.051515151515151514,1
2019-03-12,3364.0,3444.0,3310.0,3405.0,180627294115,53047535,3902,3352.0,3418.0,35.83047403969174,-378.4090138698766,-412.31578921120337,5098.981668831765,2175.018331168235,3637.0,4381.04,0.029549444119367996,0
2019-03-13,3428.0,3525.0,3370.0,3471.0,280821539494,80902768,5556,3405.0,3405.0,35.46720769789417,-348.04152939242704,-399.4609372474481,4918.873498743743,2210.7265012562575,3564.8,4353.54,0.027900146842878115,0
2019-03-16,3435.0,3496.0,3400.0,3466.0,131311344727,37889433,3605,3471.0,3460.0,38.31655412270955,-315.8955910765626,-382.74786801327105,4686.023563370786,2294.576436629214,3490.3,4328.14,0.017052023121387316,0
2019-03-17,3475.0,3475.0,3402.0,3429.0,141927112263,41393814,2787,3466.0,3412.0,36.78984606115781,-290.9391369421787,-364.3861217990526,4411.089801292327,2417.710198707673,3414.4,4300.06,0.05011723329425566,1
2019-03-18,3439.0,3530.0,3415.0,3478.0,156495980489,44997647,3041,3429.0,3470.0,39.90568078350002,-263.44403313954535,-344.19770406715116,4084.14872297197,2604.15127702803,3344.15,4270.64,0.06628242074927959,1
2019-03-19,3497.0,3541.0,3480.0,3515.0,166704686145,47425139,3677,3478.0,3519.0,42.48509302304174,-234.99124203332758,-322.35641166038647,3527.9379637786055,3024.2620362213943,3276.1,4243.02,0.042909917590224556,0
2019-03-25,3530.0,3531.0,3497.0,3506.0,98603616988,28121230,1678,3515.0,3500.0,41.73700818026542,-211.53687587280547,-300.1925045028703,3553.3009119117587,3037.899088088241,3295.6,4216.42,0.050000000000000044,1
2019-03-26,3516.0,3519.0,3480.0,3497.0,66072878386,18896498,1693,3506.0,3519.0,42.821268297458936,-189.23460180547,-278.0009239633903,3582.677138862791,3040.6228611372094,3311.65,4191.4,0.05143506678033538,1
2019-03-27,3528.0,3586.0,3500.0,3557.0,84495436538,23757584,2001,3497.0,3583.0,46.43715952402552,-164.4993773731644,-255.30061464534512,3621.860700659221,3036.839299340779,3329.35,4169.26,0.03935249790678208,0
2019-03-30,3605.0,3730.0,3605.0,3686.0,174935498214,47453747,3507,3557.0,3700.0,52.367441212805915,-133.91195791910013,-231.0228833000961,3681.7295618286125,3013.2704381713875,3347.5,4149.86,0.022162162162162158,0
2019-03-31,3700.0,3732.0,3611.0,3675.0,103486603397,28159704,3424,3686.0,3670.0,50.81392933330625,-110.81455569247828,-206.98121777857256,3727.547982743565,3008.752017256435,3368.15,4128.9,0.07438692098092647,1
2019-04-06,3671.0,3683.0,3621.0,3654.0,85622310484,23433538,2286,3675.0,3675.0,51.074438181762396,-91.05659604834455,-183.79629343252697,3767.663589159571,3012.636410840429,3390.15,4106.42,0.05877551020408167,1
2019-04-07,3673.0,3770.0,3670.0,3729.0,139539954401,37421159,2969,3654.0,3700.0,52.431059131246045,-72.54472913572317,-161.54598057316622,3802.1280643103423,3032.171935689658,3417.15,4082.42,0.06486486486486487,1
2019-04-08,3653.0,3761.0,3593.0,3705.0,296731237793,80089704,5663,3729.0,3724.0,53.756704593926614,-55.299879228276495,-140.29676030418827,3834.1297983965437,3055.8702016034563,3445.0,4058.1,0.0875402792696025,1
2019-04-09,3720.0,3798.0,3699.0,3756.0,357432911665,95166991,5642,3705.0,3782.0,56.88383148153036,-36.531978255453396,-119.5438038944413,3867.648309468584,3085.351690531416,3476.5,4035.54,0.048387096774193505,0
2019-04-10,3820.0,3943.0,3800.0,3930.0,766635164873,195084157,9899,3756.0,3943.0,64.1341963242575,-8.568158652752118,-97.34867484610346,3927.13967140322,3105.1603285967803,3516.15,4014.94,0.0065939639868120015,0
2019-04-13,4000.0,4000.0,3880.0,3936.0,230002901181,58430145,5789,3930.0,3891.0,60.59026957964216,9.290311504951205,-76.02087757589254,3961.7613551540694,3142.7386448459306,3552.25,3992.4,0.02955538421999493,0
2019-04-14,3885.0,3959.0,3870.0,3921.0,192064018237,48980107,3742,3936.0,3940.0,62.68284456974686,27.084949816485732,-55.39971209741689,3988.243620464147,3196.6563795358525,3592.45,3968.8,0.002538071065989911,0
2019-04-15,3957.0,4095.0,3951.0,4052.0,340808699121,84106222,5134,3921.0,4050.0,66.92822279801197,49.49288638744247,-34.42119240044502,4041.4647279422143,3224.635272057786,3633.05,3947.6,-0.02370370370370367,0
2019-04-16,4050.0,4062.0,3950.0,4021.0,305073318494,75869278,6222,4052.0,3965.0,61.14001246993076,59.7043137705291,-15.596091166250199,4069.082869546495,3263.517130453505,3666.3,3924.76,0.011853720050441385,0
2019-04-17,3951.0,4010.0,3921.0,3978.0,174917826750,43966566,3343,4021.0,3969.0,61.309588361918095,67.34341711886782,0.9918104907734051,4100.289306662268,3287.4106933377316,3693.85,3903.54,0.014361300075585781,0
2019-04-20,3999.0,4020.0,3980.0,4003.0,208894287445,52190645,4343,3978.0,4006.0,62.92138900965831,75.51259020239331,15.895966433097389,4129.33995856366,3318.4600414363404,3723.9,3884.2,0.02845731402895657,0
2019-04-22,4024.0,4050.0,3943.0,3983.0,219641120513,55150517,3820,4003.0,3950.0,58.92059590990779,76.58516067863275,28.03380528220446,4146.239364568288,3350.560635431712,3748.4,3863.62,0.09164556962025316,1
2019-04-23,3922.0,4000.0,3922.0,3974.0,151204009595,38052018,2380,3983.0,3954.0,59.12054046612169,76.87181662806688,37.80140755137695,4151.212390000777,3399.787609999223,3775.5,3844.1,0.09484066767830046,1
2019-04-24,3994.0,4020.0,3962.0,3992.0,174163258847,43630592,2937,3974.0,4012.0,62.00808888616522,80.84715315109224,46.41055667132001,4164.183406699053,3441.0165933009466,3802.6,3826.34,0.0987038883349951,1
2019-04-27,3986.0,4027.0,3970.0,3991.0,148017869520,37091902,3074,3992.0,4026.0,62.6931006209838,84.15720708621393,53.95988675429879,4177.332011557679,3478.567988442321,3827.95,3811.88,0.11847988077496274,1
2019-04-28,4040.0,4149.0,4040.0,4107.0,274413128170,66816031,4222,3991.0,4120.0,66.99597160273832,93.29007319394486,61.82592404222801,4196.251334121414,3521.6486658785852,3858.95,3799.38,0.07669902912621351,1
2019-04-29,4108.0,4312.0,4108.0,4279.0,879681607792,205588050,8558,4107.0,4312.0,73.67478308751885,114.69855720206533,72.40045067419548,4252.748782293659,3544.4512177063407,3898.6,3789.64,-0.008580705009276435,0
2019-04-30,4420.0,4430.0,4240.0,4350.0,267971095621,61597932,4800,4279.0,4329.0,74.17313519409657,131.52060527450112,84.22448159425662,4306.013982443352,3565.7860175566484,3935.9,3778.92,-0.01016401016401014,0
2019-05-01,4295.0,4444.0,4290.0,4391.0,194567308925,44306231,3979,4350.0,4408.0,76.40819130827191,149.50345655319597,97.2802765860445,4378.015674642708,3564.5843253572916,3971.3,3771.08,-0.00907441016333943,0
2019-05-04,4410.0,4550.0,4401.0,4487.0,261190743202,58207882,4655,4391.0,4503.0,78.78572231059155,169.46718953162326,111.71765917516026,4456.642900551799,3569.2570994482007,4012.95,3764.74,-0.07172995780590719,0
2019-05-05,4600.0,4600.0,4350.0,4499.0,290350559708,64536009,4850,4487.0,4436.0,73.1840551319621,177.83231150011625,124.94058964015147,4502.690602071888,3599.3093979281125,4051.0,3756.48,-0.059062218214607776,0
2019-05-06,4443.0,4444.0,4275.0,4295.0,615775504354,143365604,7301,4499.0,4275.0,61.811129104056626,169.5162980965133,133.85573133142384,4511.158333252918,3648.341666747082,4079.75,3742.98,-0.006081871345029244,0
2019-05-07,4250.0,4330.0,4100.0,4216.0,366427852440,86917031,5722,4295.0,4285.0,62.204009431957694,161.86681411253358,139.4579478876458,4515.328943757444,3700.2710562425564,4107.8,3730.08,-0.012835472578763163,0
2019-05-08,4250.0,4389.0,4233.0,4336.0,289424108742,66752568,4836,4216.0,4368.0,65.38693376725584,160.650075217819,143.69637335368043,4530.746491156792,3743.453508843208,4137.1,3719.94,-0.031364468864468864,0
2019-05-11,4209.0,4340.0,4127.0,4212.0,305354862293,72487944,5471,4336.0,4180.0,54.2440599990793,142.8688686738942,143.5308724177232,4532.654300210531,3765.2456997894687,4148.95,3705.94,-0.006937799043062243,0
2019-05-12,4110.0,4250.0,4019.0,4126.0,223725876018,54223782,3643,4212.0,4174.0,53.92819593785237,126.83095621157281,140.19088917649313,4528.128711199615,3798.071288800386,4163.1,3727.22,-0.0007187350263536674,0
2019-05-13,4170.0,4276.0,4170.0,4233.0,133684520171,31581771,2278,4126.0,4249.0,57.27710530650408,118.80317914039188,135.91334716927287,4530.419563901242,3826.6804360987585,4178.55,3748.24,-0.014356319133913886,0
2019-05-14,4250.0,4340.0,4221.0,4292.0,155023333056,36115999,2658,4233.0,4230.0,56.16332883898922,109.64405831094336,130.65948939760696,4534.987174176928,3840.112825823072,4187.55,3768.26,0.015366430260047359,0
2019-05-15,4250.0,4300.0,4211.0,4245.0,94177964800,22185485,1791,4292.0,4231.0,56.21159105111331,101.29837608489743,124.78726673506506,4533.230670316503,3868.4693296834976,4200.85,3786.14,0.010163082013708413,0
2019-05-18,4250.0,4261.0,4120.0,4187.0,116318410173,27782110,2481,4245.0,4151.0,51.341747866896576,87.22357233417824,117.27452785488771,4526.006624673564,3893.893375326435,4209.95,3804.02,0.026017827029631402,0
2019-05-19,4130.0,4200.0,4122.0,4162.0,145048761698,34848004,2394,4187.0,4171.0,52.45081258618443,76.79774520943647,109.17917132579747,4520.861262800586,3915.5387371994134,4218.2,3822.74,0.02013905538240235,0
2019-05-20,4150.0,4249.0,4150.0,4187.0,142171722636,33957022,2166,4162.0,4188.0,53.42261746258242,69.11029951102591,101.16539696284316,4507.288672207297,3952.9113277927036,4230.1,3843.3,0.07497612225405925,1
2019-05-21,4200.0,4352.0,4200.0,4295.0,194879032897,45369223,2857,4187.0,4295.0,59.09002826438713,70.83540274434017,95.09939811914256,4494.67153441679,3999.6284655832096,4247.15,3865.86,0.04074505238649584,0
2019-05-22,4296.0,4333.0,4250.0,4273.0,75572250568,17685100,1653,4295.0,4274.0,57.60847857922047,69.70452461950845,90.02042341921575,4483.107690017735,4037.3923099822655,4260.25,3888.3,0.0252690687880206,0
2019-05-25,4219.0,4299.0,4219.0,4251.0,72899540572,17147374,1374,4273.0,4259.0,56.51842284265221,66.82757424114152,85.3818535836009,4467.21605156781,4076.5839484321896,4271.9,3910.48,0.0260624559755811,0
2019-05-26,4250.0,4329.0,4250.0,4288.0,132197590062,30832557,2312,4251.0,4255.0,56.212964351105704,63.492897172721314,81.004062301425,4461.429949666363,4095.8700503336354,4278.65,3932.2,0.029612220916568788,0
2019-05-28,4400.0,4502.0,4400.0,4499.0,856201370477,190310337,7721,4288.0,4502.0,67.78955228958927,79.86039636785972,80.77532911471195,4495.036708127993,4081.2632918720064,4288.15,3959.52,-0.02509995557529987,0
2019-05-29,4565.0,4565.0,4451.0,4500.0,138005637948,30665657,2877,4499.0,4470.0,65.37795883668615,89.22113908350548,82.46449110847065,4516.295997250146,4074.1040027498534,4295.2,3984.16,-0.015659955257270708,0
2019-06-01,4475.0,4478.0,4340.0,4390.0,197710551925,45032953,2582,4500.0,4382.0,59.14652560511005,88.51834617885743,83.675262122548,4512.620735185388,4075.179264814611,4293.9,4005.8,0.002053856686444533,0
2019-06-02,4350.0,4429.0,4343.0,4385.0,205871174957,46946800,3091,4390.0,4370.0,58.33007042893544,86.0017039181912,84.14055048167664,4487.438785899804,4087.0612141001957,4287.25,4024.84,0.0,0
2019-06-03,4398.0,4399.0,4375.0,4385.0,159725860575,36423696,2646,4385.0,4381.0,58.890271378666974,83.92739213085315,84.09791881151195,4477.833390804687,4091.166609195313,4284.5,4044.36,-0.004793426158411274,0
2019-06-08,4400.0,4444.0,4350.0,4378.0,109068573176,24913408,1870,4385.0,4389.0,59.318621330148524,81.98395819911093,83.67512668903174,4488.729191808251,4091.670808191749,4290.2,4062.94,-0.008885850991114164,0
2019-06-09,4352.0,4478.0,4351.0,4444.0,190390854763,42838835,2952,4378.0,4400.0,59.9367623115942,80.4045275323715,83.02100685769969,4500.12490051433,4091.7750994856697,4295.95,4082.7,-0.013636363636363669,0
2019-06-10,4463.0,4470.0,4391.0,4417.0,153429602595,34735005,2550,4444.0,4391.0,59.144910775620744,77.5328422233033,81.92337393082042,4503.135822128184,4091.064177871817,4297.1,4101.12,-0.015030744705078591,0
2019-06-11,4431.0,4432.0,4360.0,4382.0,97928613400,22348465,1793,4417.0,4370.0,57.24450747558857,72.72416749713011,80.08353264408235,4507.622784778332,4105.577215221669,4306.6,4118.14,0.0011441647597254523,0
2019-06-12,4400.0,4406.0,4345.0,4382.0,181909922460,41510171,2946,4382.0,4360.0,56.316546320346205,67.3302010592779,77.53286632712147,4508.560219038686,4123.239780961313,4315.9,4135.34,-0.004587155963302725,0
2019-06-15,4304.0,4365.0,4301.0,4336.0,146076862171,33688105,2072,4382.0,4350.0,55.350272046667804,61.53914244205134,74.33412155010744,4511.615649764277,4130.284350235723,4320.95,4151.96,0.0045977011494253706,0
2019-06-16,4301.0,4510.0,4300.0,4375.0,241664563220,55241225,3626,4336.0,4340.0,54.34607878913791,55.50296668847386,70.56789057778073,4512.59668946837,4140.30331053163,4326.45,4167.1,0.01774193548387104,0
2019-06-17,4338.0,4450.0,4310.0,4349.0,166989493875,38400053,2782,4375.0,4325.0,52.79869974443931,48.944675523267506,66.24324756687808,4512.0933889370735,4150.206611062926,4331.15,4179.6,0.04739884393063587,0
2019-06-18,4411.0,4467.0,4348.0,4399.0,226767755673,51555380,3174,4349.0,4375.0,57.17575144839307,47.23724312291142,62.44204667808476,4504.005528826057,4180.694471173943,4342.35,4193.7,0.07954285714285714,1
2019-06-19,4399.0,4399.0,4332.0,4351.0,185455369412,42625991,2726,4399.0,4340.0,53.44000873306748,42.56917223234268,58.467471788936344,4492.135911926273,4209.464088073727,4350.8,4207.0,0.11635944700460832,1
2019-06-22,4300.0,4400.0,4300.0,4365.0,121159344482,27758329,1809,4351.0,4370.0,56.0884004913105,40.819895355318295,54.937956502212735,4479.973144374711,4239.826855625288,4359.9,4220.4,0.0821510297482837,1
2019-06-23,4351.0,4422.0,4351.0,4388.0,140800003061,32089275,2143,4365.0,4417.0,59.933535924384,42.73348304021056,52.4970618098123,4484.652433603486,4247.347566396514,4366.0,4234.26,0.05501471587050033,1
2019-06-24,4420.0,4550.0,4404.0,4499.0,264193574887,58724043,3423,4388.0,4530.0,67.33865043829567,52.7599864054082,52.549646728931485,4509.603058068336,4247.996941931664,4378.8,4249.22,0.008388520971302382,0
2019-06-25,4554.0,4723.0,4490.0,4698.0,692483897957,147395625,7870,4499.0,4723.0,75.62493855761673,75.41026697466077,57.12177077807734,4591.158134903118,4212.841865096882,4402.0,4264.82,-0.05145034935422399,0
2019-06-26,4799.0,4874.0,4770.0,4835.0,288473149841,59660458,4923,4698.0,4845.0,79.21472691014141,102.0290307599762,66.10322277445711,4690.783242806054,4172.216757193946,4431.5,4283.9,-0.09164086687306505,0
2019-06-30,4870.0,4871.0,4720.0,4772.0,113219000297,23727806,2759,4835.0,4729.0,68.83439029914194,112.46790232100739,75.37615868376716,4731.6747046220635,4154.025295377937,4442.85,4299.68,-0.06364982025798271,0
2019-07-01,4661.0,4710.0,4609.0,4640.0,167392003842,36076884,2890,4772.0,4660.0,63.5037354361725,113.86054639507984,83.0730362260297,4756.228446093206,4148.471553906795,4452.35,4311.88,-0.03326180257510725,0
2019-07-02,4689.0,4689.0,4550.0,4583.0,135604579931,29587731,2563,4640.0,4568.0,57.148872588599204,106.31506187881132,87.72144135658604,4767.724026993504,4155.575973006496,4461.65,4323.94,-0.030210157618213662,0
2019-07-03,4594.0,4620.0,4449.0,4499.0,168592472526,37477038,3455,4583.0,4480.0,51.80832277057607,92.1718468090412,88.61152244707708,4770.378807998217,4163.921192001782,4467.15,4334.16,-0.004464285714285698,0
2019-07-06,4497.0,4497.0,4371.0,4408.0,150022633569,34036128,2861,4499.0,4401.0,47.51550226093295,73.73859458276547,85.63693687421477,4770.365998914715,4165.934001085284,4468.15,4342.06,0.005453306066802943,0
2019-07-07,4405.0,4455.0,4398.0,4424.0,98621008933,22293420,2144,4408.0,4428.0,49.06877831630021,60.61010814243309,80.63157112785844,4770.7472351444785,4169.452764855522,4470.1,4351.62,-0.0015808491418247694,0
2019-07-08,4435.0,4549.0,4435.0,4504.0,219935228562,48828347,4048,4424.0,4505.0,53.31234747382937,55.77599360208751,75.66045562270425,4774.581198239787,4176.1188017602135,4475.35,4362.64,-0.023307436182020025,0
2019-07-09,4530.0,4547.0,4430.0,4472.0,218699136131,48902641,3479,4504.0,4430.0,49.02743836117075,45.37005208356004,69.60237491487541,4774.810403179483,4179.7895968205175,4477.3,4371.0,-0.031828442437923266,0
2019-07-10,4450.0,4480.0,4445.0,4461.0,168142824920,37695735,2995,4472.0,4460.0,50.733179100603614,39.093373662108206,63.500574664321974,4775.379018323889,4188.2209816761115,4481.8,4379.68,-0.03856502242152471,0
2019-07-13,4463.0,4480.0,4400.0,4428.0,145435844413,32847132,3028,4461.0,4425.0,48.686197712856675,30.938216794451364,56.98810309034785,4774.574765780093,4195.525234219907,4485.05,4385.78,-0.06892655367231637,0
2019-07-14,4432.0,4446.0,4401.0,4419.0,240921052575,54514198,4314,4428.0,4421.0,48.44562133762878,23.8771882879455,50.36592012986738,4773.111792374267,4204.088207625734,4488.6,4387.96,-0.0773580637864737,0
2019-07-15,4420.0,4505.0,4390.0,4425.0,246192963252,55637123,4400,4419.0,4400.0,47.128945611544694,16.397725061618075,43.572281116217525,4771.000357909608,4212.199642090392,4491.6,4389.38,-0.06931818181818183,0
2019-07-16,4430.0,4430.0,4249.0,4311.0,223696368610,51891347,4327,4425.0,4289.0,40.81460174051001,1.496177234021161,35.157060339778255,4773.89477291921,4205.705227080791,4489.8,4387.0,-0.06738167404989504,0
2019-07-17,4290.0,4350.0,4250.0,4297.0,292584565098,68088206,5870,4311.0,4288.0,40.761616658531764,-10.275647157788626,26.07051884026488,4778.951260644682,4191.948739355317,4485.45,4382.7,-0.04920708955223885,0
2019-07-22,4196.0,4200.0,4100.0,4147.0,189677418057,45741206,3640,3997.0,4120.0,33.008767688030815,-32.7831945056987,14.299776171072164,4803.294324871235,4145.605675128764,4474.45,4376.38,-0.01747572815533982,0
2019-07-23,4150.0,4150.0,4060.0,4090.0,96825962895,23676615,2989,4147.0,4079.0,31.437269102604546,-53.31437041069148,0.7769468547194354,4829.204698047588,4090.595301952412,4459.9,4372.46,-0.012012748222603564,0
2019-07-24,4095.0,4139.0,4061.0,4101.0,144203994319,35163887,2963,4090.0,4095.0,32.78216908062244,-67.5161250894098,-12.88166753410641,4845.809253624866,4041.7907463751344,4443.8,4368.66,-0.02124542124542128,0
2019-07-27,4060.0,4110.0,3996.0,4017.0,151980296245,37830454,3934,4101.0,4000.0,29.12865626081627,-85.45178901046438,-27.39569182937801,4860.817801221128,3973.782198778872,4417.3,4361.3,-0.010000000000000009,0
2019-07-28,4050.0,4120.0,4011.0,4054.0,89531578930,22085899,2393,4017.0,4077.0,35.41181238277049,-92.38768764934775,-40.39409099337196,4828.852678261635,3941.147321738364,4385.0,4359.24,-0.028697571743929395,0
2019-07-29,4100.0,4102.0,4025.0,4054.0,63699873135,15712337,1882,4054.0,4048.0,34.18266200010484,-99.0823354416425,-52.13173988302607,4758.728178824791,3931.5718211752087,4345.15,4356.72,-0.0259387351778656,0
2019-07-30,4060.0,4079.0,4016.0,4034.0,80942927966,20065684,1957,4054.0,4030.0,33.40755658787474,-104.63418387786623,-62.63222868199411,4705.8723897368045,3914.527610263195,4310.2,4352.34,-0.0347394540942928,0
2019-07-31,4020.0,4033.0,3999.0,4009.0,118327079377,29517675,3102,4034.0,4008.0,32.439363296059625,-109.54649608427644,-72.01508216245057,4659.828413386599,3895.3715866134016,4277.6,4347.9,-0.031936127744510934,0
2019-08-03,4000.0,4000.0,3950.0,3966.0,126588551418,31918382,3507,4009.0,3960.0,30.371210157269772,-115.97584045016174,-80.8072338199928,4628.919058995014,3865.4809410049857,4247.2,4342.48,-0.03838383838383841,0
2019-08-04,3980.0,3980.0,3923.0,3952.0,79218751524,20044701,2537,3966.0,3960.0,30.371210157269772,-119.69141406502695,-88.58406986899963,4606.768463440725,3835.631536559275,4221.2,4338.66,-0.033080808080808044,0
2019-08-05,3960.0,3970.0,3905.0,3938.0,141090446611,35825542,3681,3952.0,3943.0,29.596172207419613,-122.5945966514314,-95.38617522548599,4592.734836189761,3803.865163810239,4198.3,4334.1,-0.010905401978189233,0
2019-08-06,3949.0,3949.0,3855.0,3879.0,185425353784,47808062,4436,3938.0,3890.0,27.26052760587676,-127.7000007102788,-101.84894032244455,4572.824662919514,3769.9753370804856,4171.4,4328.14,0.020822622107969257,0
2019-08-07,3856.0,3884.0,3856.0,3876.0,119876492445,30927302,3517,3879.0,3880.0,26.8302928989703,-131.04241128960075,-107.6876345158758,4529.971125646171,3750.3288743538283,4140.15,4319.84,0.002577319587628857,0
2019-08-10,3855.0,3870.0,3805.0,3826.0,117581719652,30731968,3704,3876.0,3808.0,23.904953454619786,-137.91133796810527,-113.7323752063217,4500.654124084579,3717.4458759154213,4109.05,4310.52,0.023897058823529438,0
2019-08-11,3800.0,3890.0,3795.0,3829.0,112596032057,29406196,3494,3826.0,3829.0,26.424686077225388,-140.04612282484686,-118.99512473002675,4452.2327047377275,3702.7672952622725,4077.5,4301.92,0.01645338208409508,0
2019-08-13,3880.0,3914.0,3805.0,3865.0,115769774056,29955942,4676,3829.0,3900.0,34.34088719487964,-134.4588901875377,-122.08787782152893,4397.397873025467,3705.1021269745333,4051.25,4294.82,0.004615384615384688,0
2019-08-14,3976.0,3989.0,3935.0,3975.0,164191515886,41310406,5071,3865.0,3971.0,41.158792364611465,-122.88531601087061,-122.24736545939729,4331.633393404221,3725.8666065957786,4028.75,4284.2,-0.02568622513220853,0
2019-08-17,3996.0,4027.0,3880.0,3931.0,109916800237,27961634,4198,3975.0,3890.0,36.50202770825737,-118.8788369150675,-121.57365975053133,4259.0279310262285,3747.4720689737715,4003.25,4272.6,-0.003341902313624634,0
2019-08-18,3890.0,3938.0,3890.0,3902.0,84596348834,21677522,2448,3931.0,3899.0,37.35019893735135,-113.66716426832636,-119.99236065409035,4206.784414384999,3760.7155856150007,3983.75,4262.94,0.02282636573480379,0
2019-08-19,3918.0,3918.0,3860.0,3895.0,121651681965,31231287,3218,3902.0,3892.0,36.936937597626766,-108.84699721725246,-117.76328796672279,4140.998552662994,3786.9014473370057,3963.95,4253.38,0.02954779033915722,0
2019-08-21,3969.0,3969.0,3870.0,3901.0,135301123133,34680392,4050,3895.0,3918.0,39.609692249274616,-101.75601736564431,-114.5618338465071,4116.607826232908,3791.092173767091,3953.85,4244.12,0.049004594180704464,0
2019-08-24,3928.0,3928.0,3847.0,3870.0,177391267430,45831957,6045,3901.0,3869.0,36.47239455582931,-98.94962554611493,-111.43939218642868,4099.415723334954,3787.2842766650456,3943.35,4233.72,0.10777978805892996,1
2019-08-25,3870.0,3900.0,3836.0,3869.0,153787741441,39748870,4157,3870.0,3877.0,37.344941877175664,-94.98507781803755,-108.14852931275047,4074.443626617758,3790.4563733822415,3932.45,4223.26,0.11426360588083573,1
2019-08-26,3884.0,4010.0,3883.0,3976.0,320323818717,80567372,7344,3869.0,3988.0,48.01409173339028,-81.94179879668945,-102.90718320953827,4072.7943507206423,3790.9056492793575,3931.85,4215.2,0.053159478435305996,1
2019-08-27,4043.0,4075.0,4000.0,4040.0,268783994130,66537758,6591,3976.0,4007.0,49.59625673799792,-69.27322635777864,-96.18039183918636,4057.7026574913084,3798.9973425086914,3928.35,4207.94,0.10556526079361128,1
2019-08-28,4028.0,4128.0,3962.0,4082.0,244284147596,59847896,5474,4040.0,4110.0,57.2007548248372,-50.34174394714728,-87.01266226077854,4074.382816386103,3788.5171836138966,3931.45,4202.94,0.0948905109489051,1
2019-08-31,4180.0,4286.0,4180.0,4268.0,805225517388,188663037,11464,4082.0,4286.0,66.50108943553903,-20.8958048055174,-73.7892907697263,4151.549662325008,3736.9503376749917,3944.25,4201.66,0.04526364909006064,0
2019-09-01,4380.0,4442.0,4286.0,4339.0,330168607521,76090189,8348,4268.0,4320.0,67.949999526922,5.124754975594897,-58.00648162066207,4223.335312683765,3696.364687316235,3959.85,4201.26,0.0219907407407407,0
2019-09-02,4365.0,4365.0,4123.0,4221.0,253079581326,59960593,6463,4339.0,4200.0,58.35631134140545,15.8801820978274,-43.22914887696418,4255.368800082218,3688.3311999177827,3971.85,4198.76,0.06499999999999995,1
2019-09-03,4173.0,4432.0,4173.0,4380.0,777440531579,177510532,13839,4221.0,4430.0,67.75370193413518,42.47340640045604,-26.08863782148014,4341.9421378220495,3648.7578621779503,3995.35,4199.86,0.025282167042889325,0
2019-09-04,4490.0,4540.0,4433.0,4489.0,633614887082,141142184,12954,4380.0,4500.0,69.97447215732406,68.40857180678358,-7.189195895827396,4432.357475796369,3614.042524203631,4023.2,4203.06,0.0,0
2019-09-07,4518.0,4518.0,4435.0,4481.0,302080954529,67416432,10081,4489.0,4480.0,68.52244987003341,86.35311938374343,11.51926716008677,4502.2705061500965,3603.129493849903,4052.7,4205.26,-0.0015625000000000222,0
2019-09-08,4482.0,4491.0,4400.0,4428.0,241044369552,54437544,8548,4481.0,4415.0,63.88279570776337,94.24297153795669,28.064008035660756,4547.9994530997255,3610.900546900274,4079.45,4205.22,-0.010419026047565172,0
2019-09-11,4467.0,4480.0,4375.0,4427.0,196478879475,44385226,5600,4428.0,4473.0,66.08922380230143,103.97726628512828,43.24665968555426,4593.694428242209,3631.7055717577905,4112.7,4204.08,-0.02839257768835235,0
2019-09-14,4480.0,4581.0,4450.0,4509.0,355732238765,78897157,7152,4427.0,4542.0,68.55068305568092,115.92319788151417,57.78196732474625,4645.37566332137,3651.324336678631,4148.35,4200.46,-0.055041831792162044,0
2019-09-15,4516.0,4521.0,4440.0,4484.0,222063647186,49522402,6006,4509.0,4500.0,65.43707678290886,120.61105656379368,70.34778517255575,4684.146905882239,3672.5530941177626,4178.35,4193.56,-0.01777777777777778,0
2019-09-16,4520.0,4559.0,4466.0,4499.0,264229174161,58734351,6141,4484.0,4473.0,63.44214111296668,120.75554918878424,80.42933797580145,4715.382993662299,3691.517006337701,4203.45,4188.44,0.019450033534540667,0
2019-09-17,4475.0,4480.0,4360.0,4402.0,248927730391,56546079,6888,4499.0,4369.0,56.31983496670435,111.19632775037189,86.58273593071554,4722.99273602429,3731.8072639757092,4227.4,4182.62,0.03112840466926059,0
2019-09-18,4344.0,4349.0,4200.0,4291.0,223632867324,52116075,5032,4402.0,4346.0,54.853193687065634,100.60495679149699,89.38718010287184,4723.9418915376355,3775.5581084623645,4249.75,4178.18,0.041417395306028615,0
2019-09-21,4245.0,4375.0,4245.0,4303.0,111608785904,25934730,4186,4291.0,4292.0,51.46458358569664,86.8526865896265,88.88028140022277,4714.7420785812255,3824.757921418775,4269.75,4174.42,0.10298229263746506,1
2019-09-22,4299.0,4444.0,4270.0,4369.0,327418001188,74938697,6080,4303.0,4420.0,58.07585241789679,85.29916792332187,88.16405870484259,4713.49938791313,3876.2006120868714,4294.85,4174.8,0.06357466063348416,1
2019-09-23,4487.0,4579.0,4421.0,4523.0,334480961793,73957861,6586,4369.0,4560.0,63.87238289804316,94.27804454746183,89.38685587336644,4714.476304126903,3944.3236958730963,4329.4,4177.44,0.04824561403508776,0
2019-09-24,4580.0,4580.0,4430.0,4510.0,180573012516,40034355,4587,4523.0,4505.0,60.342605803696344,95.85091888777151,90.67966847624746,4691.819395202205,4029.7806047977956,4360.8,4177.44,0.021975582685904493,0
2019-09-25,4499.0,4563.0,4455.0,4514.0,174433353342,38639739,5035,4510.0,4526.0,61.223738636773426,97.66612335510399,92.07695945201877,4678.116321855421,4097.2836781445785,4387.7,4179.36,0.016349977905435242,0
2019-09-28,4575.0,4739.0,4572.0,4723.0,644223638595,136413113,10288,4514.0,4734.0,68.652948562233,114.56788043515007,96.57514364864502,4696.179730092155,4151.920269907845,4424.05,4184.84,-0.04520490071820871,0
2019-09-29,4800.0,4800.0,4613.0,4692.0,172965675206,36864120,5519,4723.0,4701.0,66.47683129701451,123.87190230202214,102.03449537932046,4710.848051498991,4196.35194850101,4453.6,4190.36,-0.04701127419697937,0
2019-09-30,4735.0,4801.0,4688.0,4732.0,273709771150,57843822,5254,4692.0,4780.0,69.00934438769798,136.05172681535987,108.83794166652835,4760.12554887736,4196.47445112264,4478.3,4197.54,-0.06903765690376573,0
2019-10-01,4781.0,4784.0,4530.0,4647.0,343469862193,73912719,6502,4732.0,4604.0,58.420632102847634,130.00399129942343,113.07115159310737,4769.569305409358,4215.430694590642,4492.5,4201.62,-0.05538662033014774,0
2019-10-02,4600.0,4639.0,4549.0,4585.0,196769823893,42915226,4145,4647.0,4600.0,58.20205454521305,123.46512169235757,115.14994561295742,4758.1977818378155,4266.8022181621845,4512.5,4207.84,-0.03282608695652178,0
2019-10-05,4585.0,4610.0,4511.0,4558.0,220837208418,48451495,4673,4585.0,4520.0,53.86161818266172,110.55329938833347,114.23061636803264,4759.7682022012405,4274.2317977987595,4517.0,4212.48,0.023893805309734617,0
2019-10-06,4477.0,4499.0,4360.0,4453.0,180078427726,40436555,3822,4558.0,4480.0,51.782253277197086,95.98644944200896,110.58178298282792,4759.204440748977,4272.795559251023,4516.0,4219.68,0.022767857142857117,0
2019-10-07,4500.0,4545.0,4420.0,4470.0,207787542204,46489109,4091,4453.0,4450.0,50.21642877868111,81.08665020267199,104.68275642679674,4758.940994925202,4270.059005074798,4514.5,4227.1,0.020000000000000018,0
2019-10-08,4451.0,4529.0,4302.0,4384.0,175434850605,40019517,4095,4470.0,4349.0,45.25493051310521,60.43197387324744,95.83259991608689,4762.607716667613,4259.792283332386,4511.2,4232.18,0.02322372959300978,0
2019-10-09,4323.0,4451.0,4323.0,4408.0,224224921018,50865537,3972,4384.0,4449.0,50.47259232684485,51.53805966787695,86.97369186644491,4762.352927464737,4257.647072535263,4510.0,4241.16,0.011463250168577188,0
2019-10-12,4451.0,4628.0,4442.0,4582.0,620188339911,135353076,7729,4408.0,4628.0,58.159706805713576,58.261767231556405,81.23130693946722,4771.57036362555,4257.02963637445,4514.3,4252.18,-0.04926534140017291,0
2019-10-13,4740.0,4741.0,4570.0,4637.0,194894312879,42034074,4607,4582.0,4582.0,55.764383494855615,59.196161850034514,76.82427792158069,4777.236937085923,4259.563062914076,4518.4,4262.86,0.011130510694020046,0
2019-10-14,4650.0,4689.0,4500.0,4595.0,189790706989,41300290,4188,4637.0,4539.0,53.544392389482816,55.82343784057957,72.62410990538046,4779.8194297220225,4263.580570277977,4521.7,4273.04,0.022031284423881914,0
2019-10-15,4580.0,4680.0,4420.0,4477.0,279759324177,62482126,4976,4595.0,4450.0,49.18032029550825,45.44511062131369,67.18831004856712,4776.598061583146,4274.901938416854,4525.75,4281.88,0.022471910112359605,0
2019-10-16,4460.0,4600.0,4460.0,4524.0,127863527821,28264094,3403,4477.0,4500.0,51.56851844518175,40.784653562101994,61.907578751274094,4770.848799491533,4296.0512005084665,4533.45,4292.68,0.016000000000000014,0
2019-10-20,4561.0,4678.0,4380.0,4458.0,190179951542,42658937,4235,4524.0,4400.0,46.82866523389388,28.69130796229547,55.26432459347838,4758.266749588587,4319.433250411414,4538.85,4301.48,0.040909090909091006,0
2019-10-21,4551.0,4650.0,4460.0,4566.0,316818881156,69380067,5755,4458.0,4633.0,56.79349678554963,37.476392658034456,51.706738206389595,4765.4578662610365,4333.5421337389635,4549.5,4315.28,-0.007338657457371056,0
2019-10-22,4680.0,4710.0,4560.0,4644.0,180562020731,38879978,4211,4566.0,4639.0,57.01689013801587,44.41084485374995,50.24755953586167,4772.893363991759,4334.006636008241,4553.45,4330.26,-0.018107350722138427,0
2019-10-23,4680.0,4681.0,4544.0,4573.0,244578085742,53479735,4545,4644.0,4550.0,52.66695505134723,42.237998626987974,48.64564735408693,4774.0301170247,4337.369882975299,4555.7,4343.66,-0.0037362637362637896,0
2019-10-26,4610.0,4614.0,4559.0,4576.0,131728829738,28788791,2887,4573.0,4572.0,53.60912483795668,41.80926726839061,47.27837133694767,4775.999082566921,4340.000917433079,4558.0,4358.94,-0.015966754155730567,0
2019-10-28,4600.0,4610.0,4529.0,4573.0,139849441824,30583169,3401,4576.0,4580.0,53.96794520049939,41.63508438324061,46.14971394620626,4753.248367818073,4347.351632181927,4550.3,4373.96,-0.008733624454148492,0
2019-10-30,4591.0,4639.0,4584.0,4612.0,219154113052,47515122,5249,4573.0,4599.0,54.860932728403725,42.539811930393626,45.427733543043736,4737.596049855552,4352.803950144447,4545.2,4387.94,-0.019352033050663242,0
2019-11-02,4631.0,4645.0,4500.0,4568.0,156880037572,34343570,4679,4612.0,4555.0,52.32922763503579,39.25388836271759,44.19296450697851,4693.64655600551,4374.253443994489,4533.95,4399.62,-0.009879253567508184,0
2019-11-03,4579.0,4598.0,4528.0,4554.0,110548572326,24274233,3308,4568.0,4533.0,51.06043934065713,34.47712330698596,42.249796266980006,4686.833244548661,4373.966755451338,4530.4,4412.48,-0.007721155967350568,0
2019-11-04,4575.0,4590.0,4475.0,4521.0,147401528586,32603577,3807,4554.0,4499.0,49.07987390134293,27.629491160108046,39.325735245605614,4678.965461461475,4371.734538538526,4525.35,4424.48,-0.00422316070237827,0
2019-11-05,4510.0,4598.0,4474.0,4512.0,145137576068,32163735,3646,4521.0,4540.0,51.5218441189099,25.220326473407113,36.50465349116592,4680.073485518713,4372.626514481288,4526.35,4437.44,-0.010352422907488945,0
2019-11-09,4550.0,4610.0,4500.0,4532.0,115338321682,25448947,3454,4512.0,4510.0,49.64574821928888,20.65223076190796,33.33416894531433,4680.315438706684,4375.384561293316,4527.85,4449.28,-0.01263858093126391,0
2019-11-10,4499.0,4532.0,4481.0,4498.0,102136922185,22707837,2446,4532.0,4510.0,49.64574821928889,16.83788533823372,30.03491222389821,4679.380501918028,4382.319498081973,4530.85,4462.1,-0.016629711751662946,0
2019-11-11,4500.0,4551.0,4480.0,4499.0,101266256279,22507786,2500,4498.0,4498.0,48.8210405662463,12.700288378508048,26.56798745482018,4662.5627860625245,4414.037213937476,4538.3,4474.52,-0.017563361493997287,0
2019-11-12,4500.0,4549.0,4475.0,4487.0,91940407936,20490208,3135,4499.0,4480.0,47.545188045127276,7.877951291788122,22.82998022221377,4660.334480328467,4419.365519671534,4539.85,4484.36,-0.011383928571428559,0
2019-11-13,4480.0,4500.0,4452.0,4482.0,145679336533,32505242,3582,4487.0,4493.0,48.590137815026736,5.047026778925101,19.27338953355604,4648.074605892002,4418.1253941079985,4533.1,4494.08,-0.019808591141776133,0
2019-11-16,4549.0,4549.0,4452.0,4475.0,102925942926,22998443,2731,4482.0,4453.0,45.58130434626292,-0.41933318732299085,15.334844989380233,4644.368775053182,4408.931224946818,4526.65,4500.94,-0.016618010330114563,0
2019-11-17,4439.0,4529.0,4397.0,4452.0,221412165013,49731900,3229,4475.0,4435.0,44.253319643727,-6.133212554756028,11.041233480552982,4645.542666987304,4397.357333012696,4521.45,4503.92,-0.016910935738444155,0
2019-11-18,4488.0,4499.0,4415.0,4442.0,91321105038,20557669,2505,4452.0,4419.0,43.05261007861062,-11.816357785026412,6.469715227437105,4648.225991132047,4391.574008867952,4519.9,4505.9,-0.00973070830504641,0
2019-11-19,4473.0,4497.0,4419.0,4440.0,69381947630,15624847,2441,4442.0,4429.0,44.073951513648254,-15.336584301220682,2.1084553217055473,4650.4787068454125,4382.221293154588,4516.35,4510.48,-0.011515014675999136,0
2019-11-20,4450.0,4478.0,4393.0,4411.0,116111314511,26322584,2947,4440.0,4404.0,42.04382082574263,-19.914122633837906,-2.2960602694031436,4649.994332963309,4383.105667036692,4516.55,4509.96,-0.00544959128065392,0
2019-11-23,4400.0,4400.0,4365.0,4383.0,112728236604,25721985,3266,4411.0,4379.0,40.05679771983138,-25.26787349120059,-6.890422913762634,4638.883736525446,4368.816263474555,4503.85,4507.54,0.004795615437314549,0
2019-11-24,4380.0,4408.0,4350.0,4374.0,105270447015,24068738,3096,4383.0,4360.0,38.56505816024475,-30.69012418011789,-11.650363167033685,4623.844615420048,4355.955384579951,4489.9,4505.14,0.032110091743119185,0
2019-11-25,4390.0,4397.0,4349.0,4368.0,109680227213,25110536,3628,4374.0,4376.0,40.57210805803088,-33.312228005564066,-15.982736134739763,4620.880492553632,4341.519507446367,4481.2,4504.36,0.039533820840950584,0
2019-11-26,4419.0,4420.0,4361.0,4379.0,91861087449,20976160,3155,4368.0,4378.0,40.832316857132774,-34.82741216503928,-19.751671340799668,4611.554989200765,4331.445010799235,4471.5,4502.46,0.055276381909547645,1
2019-11-27,4417.0,4425.0,4372.0,4398.0,93703139613,21304838,2875,4379.0,4380.0,41.11000532977156,-35.45808451602261,-22.892953975844257,4597.644775882247,4325.355224117753,4461.5,4499.22,0.055022831050228316,1
2019-11-30,4440.0,4456.0,4390.0,4409.0,214554578860,48659958,5052,4398.0,4400.0,43.943261215205844,-33.95267869966028,-25.104898920607464,4574.491408809351,4328.608591190649,4451.55,4497.22,0.08749999999999991,1
2019-12-01,4446.0,4577.0,4410.0,4484.0,334526164107,74611238,6328,4409.0,4500.0,55.47728013629146,-24.409096607641004,-24.965738458014176,4564.616406437207,4332.983593562793,4448.8,4497.76,0.09333333333333327,1
2019-12-02,4610.0,4645.0,4491.0,4562.0,300957193413,65976536,6267,4484.0,4549.0,59.83791611400308,-12.744932898991465,-22.521577346209636,4567.925652332993,4331.2743476670075,4449.6,4501.36,0.07232358760167079,1
2019-12-03,4590.0,4653.0,4550.0,4609.0,212945180448,46200501,5092,4562.0,4620.0,65.1622490931945,2.20271596560724,-17.57671868384626,4594.119166242986,4317.180833757014,4455.65,4506.84,0.06060606060606055,1
2019-12-04,4650.0,4650.0,4570.0,4601.0,195285681526,42445863,4365,4609.0,4621.0,65.2321612978976,13.968506774445814,-11.267673592187844,4611.861887475238,4307.538112524761,4459.7,4513.42,0.05929452499458998,1
2019-12-07,4740.0,4831.0,4725.0,4800.0,676727047883,140984936,11769,4601.0,4785.0,74.33029473356068,36.1101547668477,-1.7921079203807349,4680.946963833271,4265.953036166728,4473.45,4520.72,0.038035527690700066,0
2019-12-08,4830.0,4990.0,4820.0,4903.0,427644480499,87229341,8145,4800.0,4920.0,79.16384998465155,63.815318809134624,11.329377425522338,4778.534240603769,4209.365759396231,4493.95,4527.92,0.022154471544715504,0
2019-12-09,4989.0,4995.0,4865.0,4906.0,243846573039,49707633,6596,4903.0,4878.0,74.46595022370596,81.44397646267498,25.352297232952864,4843.1617351034365,4182.738264896563,4512.95,4535.38,0.029315293152931465,0
2019-12-10,4950.0,4979.0,4883.0,4941.0,375149982078,75927443,6697,4906.0,4900.0,75.29304289728934,96.08245210048972,39.498328206460236,4904.112383286066,4163.787616713934,4533.95,4542.86,0.03693877551020419,0
2019-12-11,4880.0,4915.0,4839.0,4879.0,164942453475,33806431,4417,4941.0,4895.0,74.70081099683546,106.05752615176334,52.81016779552086,4955.472707379663,4152.627292620337,4554.05,4546.08,0.06128702757916238,1
2019-12-14,4915.0,4980.0,4897.0,4937.0,359125704815,72744710,6276,4879.0,4967.0,77.45127583446947,118.40771207624493,65.92967665166567,5016.283561138221,4143.216438861779,4579.75,4551.4,0.0589893295751962,1
2019-12-15,4990.0,5120.0,4961.0,5048.0,390747053171,77412645,7271,4937.0,5029.0,79.5164150834151,131.68027697917205,79.07979671716696,5081.898716793699,4137.0012832063,4609.45,4556.38,0.07973752237025256,1
2019-12-16,5060.0,5060.0,4998.0,5019.0,152044921159,30294915,3954,5048.0,5021.0,78.51716326270147,139.94020358996477,91.25187809172652,5135.73967139594,4143.360328604061,4639.55,4564.72,0.07548297151961769,1
2019-12-17,5020.0,5104.0,5020.0,5091.0,334972704439,65796658,6041,5019.0,5081.0,80.49673574480511,149.60322069426184,102.92214661223359,5193.746117700282,4150.553882299717,4672.15,4574.34,0.05491045069868128,1
2019-12-18,5110.0,5224.0,5081.0,5183.0,311707334832,60143651,5884,5091.0,5195.0,83.59065700850832,164.56309767689618,115.25033682516612,5264.962360910267,4158.437639089732,4711.7,4587.84,0.02001924927815213,0
2019-12-21,5230.0,5266.0,5196.0,5238.0,209773618272,40049540,5315,5183.0,5260.0,85.04718275566863,179.5936212652632,128.11899371318555,5335.686505145175,4175.813494854825,4755.75,4603.44,0.023574144486691928,0
2019-12-22,5296.0,5460.0,5268.0,5363.0,410185692475,76481176,7525,5238.0,5430.0,88.03778593828972,202.88427511637474,143.07204999382338,5429.311569523538,4189.188430476462,4809.25,4623.04,0.00847145488029466,0
2019-12-23,5514.0,5535.0,5250.0,5446.0,373950445481,68670299,7614,5363.0,5400.0,84.81404196443971,216.42670448557692,157.7429808921741,5497.824764169392,4223.075235830607,4860.45,4644.06,0.02314814814814814,0
2019-12-24,5432.0,5462.0,5330.0,5399.0,190002718589,35192423,5181,5446.0,5360.0,80.57734126351323,221.3795855641756,170.4703018265744,5541.975323654883,4277.124676345117,4909.55,4662.28,0.045149253731343375,0
2019-12-25,5379.0,5379.0,5252.0,5284.0,222017014078,42018897,6509,5399.0,5299.0,74.4681318806908,217.8711068016637,179.95046282159228,5560.285747186537,4350.714252813463,4955.5,4675.7,0.09435742592942065,1
2019-12-28,5300.0,5439.0,5299.0,5360.0,273851698307,51087866,6250,5284.0,5384.0,77.07627295959507,219.42006381904957,187.84438302108376,5580.103892930846,4429.296107069154,5004.7,4691.74,0.026002971768201988,0
2019-12-29,5500.0,5500.0,5381.0,5442.0,265228929642,48734408,6186,5360.0,5476.0,79.51537560445345,225.47215192305157,195.36993680147734,5614.787983124498,4492.212016875502,5053.5,4710.48,0.059167275383491535,1
2019-12-30,5499.0,5549.0,5481.0,5511.0,364380418286,66113626,7003,5442.0,5525.0,80.6936283151705,231.55316508803298,202.60658245878847,5649.179182269687,4555.4208177303135,5102.3,4731.98,-0.27601809954751133,0
2019-12-31,5590.0,5631.0,5455.0,5577.0,394225887292,70687324,8095,5511.0,5602.0,82.40620238050633,239.82115927611903,210.04949782225458,5692.557056684984,4610.2429433150155,5151.4,4754.02,-0.2948946804712602,0
2020-01-01,5650.0,5855.0,5647.0,5814.0,809630710787,139267200,12242,5577.0,5799.0,85.86167109291331,259.2810275513857,219.8958037680808,5764.002483288587,4656.597516711413,5210.3,4782.0,-0.3240213829970685,0
2020-01-04,5524.0,5544.0,5524.0,5524.0,2319715067382,419929040,16803,5814.0,5524.0,66.28935164720538,249.63527161261936,225.84369733698853,5780.757966201015,4713.742033798985,5247.25,4799.82,-0.2869297610427227,0
2020-01-05,5530.0,5800.0,5530.0,5715.0,742974876319,129997241,14770,5524.0,5800.0,72.95313616178554,261.2503030382277,232.92501847723636,5853.899757842246,4728.600242157754,5291.25,4823.04,-0.3258620689655173,0
2020-01-13,4000.0,4019.0,3899.0,3976.0,2857062466399,718660988,37833,3555.0,4000.0,30.54529069695893,123.78344386412391,211.0967035546139,6027.206467563066,4467.493532436934,5247.35,4812.04,-0.04500000000000004,0
2020-01-14,4000.0,4017.0,3903.0,3974.0,710215064885,178731503,17625,3976.0,3950.0,30.023205376878607,10.682247145221481,171.0138122727354,6154.65056032658,4245.049439673421,5199.85,4799.6,-0.05063291139240511,0
2020-01-15,3900.0,3980.0,3850.0,3926.0,412382736754,105050384,13169,3974.0,3920.0,29.69524597917392,-80.44469896953524,120.72211002428129,6251.6245840052625,4050.5754159947383,5151.1,4786.4,-0.021428571428571463,0
2020-01-18,3980.0,4000.0,3891.0,3950.0,868987302707,219976080,19024,3926.0,3939.0,30.215171419981132,-149.40803625067383,66.69608076929028,6319.390632906542,3880.0093670934575,5099.7,4773.2,-0.03351104341203348,0
2020-01-19,3911.0,3955.0,3888.0,3913.0,496318714716,126845211,12247,3950.0,3910.0,29.85229134103662,-204.04987558774064,12.546889497884088,6369.344640152098,3718.155359847902,5043.75,4760.3,-0.04347826086956519,0
2020-01-20,3910.0,3922.0,3803.0,3844.0,629881986249,163862388,18565,3913.0,3820.0,28.70028857137217,-251.71456594484152,-40.30540159066104,6412.750887827294,3554.649112172706,4983.7,4746.04,-0.004973821989528782,0
2020-01-21,3815.0,3828.0,3748.0,3791.0,442446848100,116697256,13167,3844.0,3750.0,27.80164682919417,-291.7742000884973,-90.5991612902283,6442.594364767192,3391.705635232807,4917.15,4731.06,0.04266666666666663,0
2020-01-22,3780.0,3840.0,3733.0,3801.0,375209456234,98702175,11133,3791.0,3836.0,30.673642629914127,-312.97449236528155,-135.07422750523895,6438.806441859114,3259.5935581408858,4849.2,4716.98,-0.009384775808133461,0
2020-01-25,3839.0,3840.0,3799.0,3816.0,395123958498,103554430,12940,3801.0,3807.0,30.236848034269073,-328.3311373984852,-173.7256094838882,6416.434566059454,3136.665433940547,4776.55,4702.92,0.023903335960073546,0
2020-01-26,3869.0,3869.0,3729.0,3765.0,335504104574,89103849,10836,3816.0,3740.0,29.20220845529657,-341.96576085870583,-207.3736397588517,6362.423667776169,3021.6763322238307,4692.05,4687.52,0.06657754010695194,1
2020-01-27,3731.0,3853.0,3688.0,3778.0,341163734864,90299058,8657,3765.0,3801.0,31.50036978832439,-343.8850155827113,-234.67591492362365,6292.318902405286,2931.8810975947144,4612.1,4673.58,0.03920021047092881,0
2020-01-28,3840.0,3940.0,3819.0,3874.0,467258628548,120613900,12062,3778.0,3910.0,35.5276831773358,-332.77463092963535,-254.295658124826,6209.578610641476,2869.621389358525,4539.6,4662.18,0.009718670076726443,0
2020-02-01,3965.0,3965.0,3796.0,3853.0,254774349030,66129050,9321,3874.0,3800.0,33.39392343694175,-329.05253889740106,-269.24703427934105,6126.101928284427,2803.198071715572,4464.65,4648.32,0.026578947368421035,0
2020-02-02,3810.0,3910.0,3786.0,3870.0,258979583049,66923282,8138,3853.0,3898.0,37.02286206059743,-314.5688196254523,-278.3113913485633,6013.161791305465,2767.5382086945356,4390.35,4637.22,0.01334017444843516,0
2020-02-03,3909.0,4059.0,3899.0,4001.0,681653855880,170381419,14119,3870.0,3989.0,40.276796977077986,-292.3770872086784,-281.1245305205863,5867.739540000209,2764.2604599997912,4316.0,4628.3,-0.015041363750313397,0
2020-02-04,4063.0,4069.0,3896.0,3972.0,293878620711,73993133,8960,4001.0,3950.0,39.338687113796475,-274.7695807601094,-279.8535405684909,5692.428459846101,2782.071540153899,4237.25,4618.92,0.012658227848101333,0
2020-02-05,3994.0,3994.0,3899.0,3926.0,362865913031,92421571,10366,3972.0,3948.0,39.28815000092422,-258.0027927361871,-275.48339100203015,5471.520686841617,2837.5793131583832,4154.55,4609.3,0.011398176291793405,0
2020-02-08,4020.0,4020.0,3889.0,3948.0,497579428853,126039935,11359,3926.0,3901.0,38.05103634463303,-245.67550533583517,-269.5218138687912,5141.501242084646,2977.798757915354,4059.65,4599.24,0.07818508074852604,1
2020-02-09,4000.0,4000.0,3898.0,3925.0,306710158913,78140364,8194,3948.0,3950.0,40.1663577666642,-229.3088214143536,-261.47921537790364,4828.98761119428,3132.9123888057193,3980.95,4590.66,0.08860759493670889,1
2020-02-10,3950.0,3990.0,3800.0,3918.0,339556237003,86656376,9519,3925.0,3929.0,39.543166069112324,-215.54792863924013,-252.29295803017095,4038.768953223947,3736.0310467760532,3887.4,4582.04,0.09442606261135156,1
2020-02-12,3929.0,4020.0,3929.0,3979.0,710432462958,178530575,14256,3918.0,4000.0,42.77584330639823,-196.6463980759545,-241.16364603932766,4038.768953223947,3736.0310467760532,3887.4,4574.52,0.06000000000000005,1
2020-02-15,4040.0,4078.0,3938.0,4006.0,619372001973,154628478,12997,3979.0,3993.0,42.53436325713841,-180.15492657393906,-228.96190214624994,4045.564710845206,3733.5352891547946,3889.55,4566.82,0.0894064613072878,1
2020-02-16,4059.0,4206.0,4010.0,4168.0,1795509365858,430782117,18883,4006.0,4206.0,51.50539421955753,-148.18975743049214,-212.80747320309837,4112.093391251947,3695.606608748053,3903.85,4563.34,0.0710889205896339,1
2020-02-17,4349.0,4374.0,4255.0,4329.0,1627863714674,376064567,24412,4168.0,4300.0,54.854878127746765,-113.95847382886814,-193.03767332825234,4192.458607329557,3651.3413926704434,3921.9,4561.34,0.07674418604651168,1
2020-02-18,4370.0,4376.0,4210.0,4288.0,903031225341,210601472,16211,4329.0,4300.0,54.854878127746765,-85.84042002327806,-171.5982226672575,4258.014213199766,3624.785786800234,3941.4,4557.34,0.10162790697674429,1
2020-02-19,4329.0,4329.0,4235.0,4277.0,737475500084,172411174,13927,4288.0,4240.0,52.186569998010924,-67.61869216963078,-150.80231656773216,4299.097727940217,3625.7022720597834,3962.4,4551.16,0.11202830188679247,1
2020-02-22,4100.0,4396.0,4100.0,4297.0,742622560388,172810546,13106,4277.0,4350.0,56.376153049900815,-43.79689750173384,-129.4012327545325,4354.0481162678725,3630.751883732127,3992.4,4545.76,0.04275862068965508,0
2020-02-23,4411.0,4511.0,4405.0,4461.0,1343314620166,301117928,22558,4297.0,4505.0,61.4959320600727,-12.269315952792567,-105.9748493941845,4442.9510788766875,3608.7489211233124,4025.85,4543.44,0.021309655937846728,0
2020-02-24,4590.0,4650.0,4433.0,4512.0,1064959438610,236031176,19688,4461.0,4630.0,65.05752227673753,22.543111938290167,-80.27125712768957,4547.229528454979,3586.7704715450204,4067.0,4540.34,0.008639308855291628,0
2020-02-25,4665.0,4737.0,4602.0,4703.0,1749260033690,371914178,23517,4512.0,4737.0,67.80296077563983,58.096517130013126,-52.59770227614903,4654.506498147364,3579.1935018526365,4116.85,4536.68,0.036732108929702356,0
2020-02-26,4888.0,4888.0,4700.0,4774.0,842090764412,176398293,18055,4703.0,4715.0,66.64354370296635,83.53469479156229,-25.371222862606768,4739.026356843957,3586.0736431560435,4162.55,4533.42,0.04347826086956519,0
2020-02-29,4550.0,4677.0,4536.0,4578.0,1388418014269,303292073,23065,4774.0,4536.0,57.95934877723502,88.23372635213218,-2.6502330196589803,4779.975336425648,3607.7246635743536,4193.85,4526.14,0.09126984126984117,1
2020-03-01,4537.0,4647.0,4500.0,4603.0,642444120564,139572044,13809,4578.0,4601.0,59.99780019175828,96.09497641979033,17.098808868230883,4816.3582045091935,3651.441795490806,4233.9,4520.26,0.027820039121930096,0
2020-03-02,4642.0,4722.0,4601.0,4678.0,896967871342,191761660,14317,4603.0,4670.0,62.09870051494267,106.6632495335416,35.01169700129303,4863.066338356725,3681.933661643275,4272.5,4514.32,-0.03319057815845827,0
2020-03-03,4730.0,4911.0,4720.0,4816.0,1436255446524,298232723,18939,4678.0,4911.0,68.35093301735019,132.9527712091749,54.5999118428694,4955.569198627426,3681.6308013725743,4318.6,4511.96,-0.04907350845041747,0
2020-03-04,5000.0,5055.0,4820.0,4966.0,1225855578493,246866390,17220,4816.0,4920.0,68.5595167248355,152.752792223313,74.23048791895813,5031.5425934571485,3702.6574065428526,4367.1,4509.94,-0.08882113821138216,0
2020-03-07,4920.0,5119.0,4818.0,4977.0,1340504047266,269340186,19002,4966.0,4950.0,69.28615306753544,168.91801903241503,93.16799414164952,5098.573201703776,3735.8267982962234,4417.2,4507.32,-0.09111111111111114,0
2020-03-09,4729.0,4777.0,4729.0,4730.0,758214128076,160307128,9206,4977.0,4729.0,58.55079779039081,162.028461472225,106.94008760776461,5109.418684427585,3807.781315572416,4458.6,4498.0,-0.03193064072742646,0
2020-03-10,4510.0,4710.0,4501.0,4594.0,822638674272,179063359,16223,4730.0,4515.0,50.406353830521844,137.71295670031304,113.09466142627431,5094.52928218761,3879.1707178123906,4486.85,4483.1,0.01882613510520481,0
2020-03-11,4600.0,4814.0,4599.0,4718.0,389687499494,82595898,10269,4594.0,4670.0,55.26059586056431,129.45764148926628,116.36725743887271,5079.105151272973,3968.6948487270265,4523.9,4467.9,-0.006638115631691699,0
2020-03-14,4602.0,4659.0,4483.0,4497.0,468655832124,104211448,6623,4718.0,4483.0,49.0258964192849,106.59712226136162,114.4132304033705,5049.408344899178,4046.691655100822,4548.05,4449.56,-0.0205219718938211,0
2020-03-15,4380.0,4550.0,4274.0,4417.0,759679416515,171993669,14409,4497.0,4499.0,49.55036687710636,88.74803030489693,109.2801903836758,5006.553081706537,4140.146918293463,4573.35,4432.34,-0.008668593020671245,0
2020-03-16,4568.0,4593.0,4446.0,4535.0,626347189822,138110458,14198,4417.0,4578.0,52.167274275251884,80.05431973723898,103.43501625438844,4991.0692678887335,4192.830732111266,4591.95,4417.92,-0.01834862385321101,0
2020-03-17,4585.0,4608.0,4452.0,4537.0,531308879158,117098437,10409,4535.0,4600.0,52.89998352576568,74.08569385389274,97.56515177428932,4982.931635189855,4230.9683648101445,4606.95,4402.24,-0.029565217391304355,0
2020-03-18,4626.0,4662.0,4536.0,4622.0,504941751062,109237495,11748,4537.0,4639.0,54.238229582826136,71.67624971333498,92.38737136209846,4972.575723273123,4275.224276726876,4623.9,4385.5,-0.03190342746281527,0
2020-03-24,4525.0,4549.0,4391.0,4411.0,360775938993,81785766,9409,4622.0,4391.0,45.40379388404549,49.18820943553874,83.74753897678653,4951.94865834358,4310.95134165642,4631.45,4362.82,0.05898428603962658,1
2020-03-25,4441.0,4522.0,4400.0,4453.0,486884045881,109339844,14626,4411.0,4460.0,47.944319233697954,36.51309856905391,74.30065089524001,4941.3093106839915,4332.590689316008,4636.95,4339.98,0.05358744394618831,1
2020-03-28,4400.0,4520.0,4329.0,4413.0,1142219431513,258849936,29098,4453.0,4494.0,49.19875924357304,28.878603177146033,65.21624135162122,4941.74924267146,4331.0507573285395,4636.4,4313.88,0.041388518024032095,0
2020-03-29,4500.0,4550.0,4450.0,4490.0,633070279824,140995529,15932,4413.0,4464.0,48.097396561108766,20.17489763445792,56.20797260818856,4942.581732378902,4313.618267621098,4628.1,4292.68,0.09722222222222232,1
2020-03-30,4450.0,4525.0,4414.0,4481.0,473396809751,105642056,11024,4490.0,4491.0,49.19962178477668,15.279687905748688,48.02231566770059,4931.523043188229,4300.076956811771,4615.8,4266.5,0.13181919394344255,1
2020-04-04,4577.0,4703.0,4510.0,4665.0,842542740512,180596289,17484,4481.0,4650.0,55.229287704285724,23.954042814529203,43.20866109706631,4925.4470917091385,4299.652908290862,4612.55,4279.5,0.13268817204301064,1
2020-04-05,4700.0,4751.0,4600.0,4698.0,562819215533,119810418,13873,4665.0,4699.0,56.926063675584224,34.386041186769944,41.44413711500704,4933.688242590733,4307.711757409266,4620.7,4294.48,0.18344328580549063,1
2020-04-06,4700.0,4718.0,4600.0,4665.0,485364197156,104034987,11578,4698.0,4680.0,56.03918438991597,40.651726051782134,41.285654902362054,4938.536778950684,4310.763221049316,4624.65,4309.68,0.17521367521367526,1
2020-04-07,4738.0,4898.0,4700.0,4841.0,1172804723917,242271587,15572,4665.0,4898.0,63.135724150747265,62.487784267369534,45.52608077536355,4971.516525900923,4300.583474099078,4636.05,4328.86,0.11290322580645151,1
2020-04-08,5000.0,5083.0,4945.0,5071.0,848748596825,167361051,10689,4841.0,5083.0,67.87511379422513,93.64153034206174,55.149170688703194,5014.886829610499,4274.4131703895,4644.65,4352.32,0.12433602203423177,1
2020-04-11,5289.0,5324.0,5157.0,5297.0,1262188452568,238264769,21824,5071.0,5267.0,71.76341308712259,131.66065868728128,70.45146828841882,5107.164688626616,4216.835311373384,4662.0,4381.26,0.1289158913992785,1
2020-04-12,5330.0,5561.0,5327.0,5522.0,956454610526,173208702,15473,5297.0,5561.0,76.63061685091921,183.4003101408034,93.04123665889574,5275.207523765059,4109.892476234942,4692.55,4417.48,0.09081100521488938,1
2020-04-13,5730.0,5730.0,5402.0,5523.0,635197662522,115016599,12856,5522.0,5500.0,73.78861803615068,216.98094520962331,117.82917836904127,5412.03667840705,4050.1633215929505,4731.1,4450.76,0.1829090909090909,1
2020-04-14,5260.0,5590.0,5260.0,5443.0,671225858131,123314843,16389,5523.0,5451.0,71.49486145185487,236.90901034662238,141.6451447645575,5518.997267570203,4036.8027324297964,4777.9,4483.64,0.2383048981838194,1
2020-04-15,5400.0,5715.0,5390.0,5663.0,699520854995,123535206,11079,5443.0,5715.0,75.8505577141687,270.8821780710905,167.4925514258641,5673.718438243167,3986.581561756832,4830.15,4523.14,0.31128608923884515,1
2020-04-18,5946.0,5946.0,5910.0,5946.0,389829594273,65565430,5056,5663.0,5946.0,78.89013153092506,312.8397063102475,196.5619824027408,5859.921994311238,3946.678005688762,4903.3,4566.04,0.3210561722166163,1
2020-04-19,6243.0,6243.0,5649.0,6197.0,1186082526878,191387234,14385,5946.0,6066.0,80.27878297826086,351.71993833454235,227.5935735891011,6043.842689675467,3919.457310324532,4981.65,4609.16,0.3595450049455984,1
2020-04-20,6170.0,6506.0,6162.0,6480.0,895325832376,138177573,9851,6197.0,6506.0,84.3451958868223,413.27316925574723,264.72949272243034,6312.239365535125,3843.860634464875,5078.05,4663.28,0.3309252997233323,1
2020-04-21,6804.0,6804.0,6740.0,6799.0,176316640427,25932767,2343,6480.0,6750.0,86.0615752741545,476.2533567950877,307.0342655369618,6596.356645150208,3774.743354849792,5185.55,4720.32,0.3468148148148149,1
2020-04-26,7138.0,7494.0,7138.0,7481.0,1718828437296,229746254,12284,6799.0,7494.0,89.75135159486128,579.5198472399252,361.5313818775545,7035.610762573695,3620.989237426305,5328.3,4790.42,0.27368561515879364,1
2020-04-27,7855.0,7855.0,7855.0,7855.0,1119601506550,142533610,7932,7481.0,7855.0,90.99674067811682,682.620147762349,425.74913505451343,7475.342293598948,3527.6577064010517,5501.5,4868.52,0.275875238701464,1
2020-04-28,8247.0,8247.0,8247.0,8247.0,1024294100175,124202025,6890,7855.0,8247.0,92.11694346752931,786.8882447783526,497.97695699928136,7936.567994317173,3445.1320056828285,5690.85,4954.5,0.18346065235843345,1
2020-04-29,8659.0,8659.0,8659.0,8659.0,837391498055,96707645,3331,8247.0,8659.0,93.09006421927461,892.4784832407095,576.877262247567,8418.081929272204,3380.1180707277954,5899.1,5049.66,0.19297840397274513,1
2020-05-02,9091.0,9091.0,9091.0,9091.0,1229618068785,135256635,4342,8659.0,9091.0,93.93542770409431,999.4967215432325,661.4011541067002,8915.575022328423,3345.3249776715766,6130.45,5152.48,0.17775822241777584,1
2020-05-03,9545.0,9545.0,9545.0,9545.0,1240806322080,129995424,4287,9091.0,9545.0,94.6730065101224,1108.1691678310399,750.7547568515681,9432.045424575903,3334.254575424096,6383.15,5264.8,0.17716081718177046,1
2020-05-04,10022.0,10022.0,10021.0,10022.0,4692460059922,468215951,28525,9545.0,10022.0,95.31738875384875,1218.733971414582,844.350599764171,9976.605417909155,3326.8945820908457,6651.75,5385.24,0.10437038515266406,1
2020-05-05,10523.0,10523.0,9615.0,10262.0,11092675067558,1080966094,110855,10022.0,9760.0,88.95255012206621,1270.569826399812,929.5944450912992,10364.297570457282,3445.3024295427185,6904.8,5500.58,0.12428278688524586,1
2020-05-06,9749.0,10727.0,9749.0,10198.0,6491018973353,636475471,73200,10262.0,10330.0,90.44709502177444,1342.1726207455067,1012.1100802221408,10793.593171665307,3581.0068283346945,7187.3,5623.06,0.009196515004840311,0
2020-05-09,10695.0,10707.0,10500.0,10701.0,3800377997963,355155961,23398,10198.0,10707.0,91.28671016930922,1413.0503357372,1092.2981313251528,11232.398365692823,3723.1016343071774,7477.75,5751.2,-0.045110675259176225,0
2020-05-10,11236.0,11236.0,11236.0,11236.0,278170685712,24757092,804,10701.0,11236.0,92.30827838040338,1494.6776014915204,1172.7740253584263,11709.26459501341,3861.5354049865887,7785.4,5889.92,-0.14053043787824848,0
2020-05-13,11650.0,12232.0,11068.0,11550.0,5889847250498,509965126,57935,11236.0,11068.0,88.74959080259468,1528.1955150997028,1243.8583233066818,12068.797241350261,4082.102758649739,8075.45,6026.48,-0.16263100831225152,0
2020-05-16,10973.0,10973.0,10973.0,10973.0,286775854613,26134681,5211,11550.0,10973.0,86.71378493776517,1529.4623076405915,1300.9791201734638,12354.614854159117,4337.48514584088,8346.05,6158.94,-0.19702907135696712,0
2020-05-17,10425.0,10425.0,10425.0,10425.0,423465032475,40620147,5539,10973.0,10425.0,75.89835035035611,1469.309939316323,1334.6452840020356,12474.366774283988,4710.233225716011,8592.3,6277.34,-0.19702637889688246,0
2020-05-18,10020.0,10700.0,9904.0,10165.0,8756693717364,861474427,89696,10425.0,10224.0,72.33464046693481,1389.403554568631,1345.5969381153548,12491.764525484688,5170.135474515313,8830.95,6389.22,-0.13888888888888884,0
2020-05-19,10350.0,10350.0,9657.0,9755.0,3163185701800,324276938,44852,10165.0,9657.0,63.30483178502061,1265.7344092014246,1329.6244323325689,12410.476967430288,5645.623032569711,9028.05,6487.62,-0.05902454178316252,0
2020-05-20,9268.0,9433.0,9268.0,9274.0,2250471820469,242669672,23703,9755.0,9268.0,57.95912348923031,1123.3869658601507,1288.3769390380853,12266.960457870717,6121.339542129283,9194.15,6578.68,-0.02934829520932236,0
2020-05-23,8811.0,8811.0,8811.0,8811.0,1213015339404,137670564,11602,9274.0,8811.0,52.364665543634516,962.6032200416557,1223.2221952387995,12058.873218933531,6603.926781066469,9331.4,6664.18,0.04494382022471921,0
2020-05-26,8371.0,8811.0,8371.0,8385.0,2978040000000,355168587,32188,8808.0,8371.0,47.60067914029478,790.5634964511937,1136.6904554812784,11872.552062991825,6976.7479370081755,9424.65,6739.58,0.1526699319077769,1
2020-05-27,8150.0,8804.0,8150.0,8655.0,2670337172137,308524869,35096,8385.0,8804.0,52.20856926483979,681.3065791486824,1045.6136802147591,11671.254407850225,7383.445592149776,9527.35,6822.26,0.14800090867787374,1
2020-05-30,9087.0,9087.0,9080.0,9087.0,2174536324247,239302335,19256,8655.0,9087.0,54.99422790287047,610.5177513002909,958.5944944318655,11551.949562327933,7662.050437672067,9607.0,6905.78,0.16088918234840976,1
2020-05-31,9350.0,9541.0,8633.0,9047.0,2391159812952,264309250,40758,9087.0,8996.0,53.90616024420153,540.8396924298941,875.0435340314714,11461.429589847288,7866.67041015271,9664.05,6987.3,0.14161849710982666,1
2020-06-01,9040.0,9449.0,8774.0,9190.0,1378692935777,150021727,25000,9047.0,9207.0,56.07618454424718,496.9171141989009,799.4182500649574,11403.655802189034,8020.444197810964,9712.05,7072.44,0.17682198327359622,1
2020-06-02,9430.0,9649.0,9274.0,9626.0,2834928167031,294517212,26426,9190.0,9649.0,60.293251811229545,492.10122397007217,737.9548448459805,11383.506038245057,8139.593961754941,9761.55,7170.84,0.1712094517566587,1
2020-06-06,10000.0,10107.0,9800.0,10066.0,1675088468941,166412659,16994,9626.0,10107.0,64.13564167006389,519.2557119791672,694.2150182726178,11410.586062038272,8214.113937961729,9812.35,7282.68,0.1724547343425349,1
2020-06-07,10569.0,10569.0,10107.0,10562.0,2413479648628,228499778,17705,10066.0,10549.0,67.41299337288731,569.8724109950763,669.3464968171096,11486.900267029741,8238.199732970257,9862.55,7400.26,0.11858943975732306,1
2020-06-08,10034.0,11090.0,10034.0,10589.0,3835662739500,362219387,55100,10562.0,10270.0,63.47026452946024,580.7786861671411,651.632934687116,11507.74422769668,8242.155772303322,9874.95,7516.0,0.09834469328140205,1
2020-06-09,10420.0,11070.0,10380.0,10763.0,3282499825565,304990042,41186,10589.0,10835.0,67.6025731066375,627.7761531974793,646.8615783891887,11612.789439429982,8244.61056057002,9928.7,7642.72,0.09736963544070143,1
2020-06-10,11100.0,11301.0,11050.0,11291.0,3112603869843,275676980,19884,10763.0,11301.0,70.5605703288188,694.617175478259,656.4126978070028,11758.025659649353,8196.474340350647,9977.25,7777.18,0.08574462436952479,1
2020-06-13,11850.0,11850.0,11790.0,11850.0,4657892708510,393121085,35286,11291.0,11850.0,73.61679896811148,782.8645043252727,681.7030591106568,11971.67358935169,8097.126410648309,10034.4,7922.18,0.08607594936708862,1
2020-06-14,12000.0,12090.0,11260.0,11680.0,4140572334120,354608361,60392,11850.0,11800.0,72.874778238236,839.0940126319019,713.1812498149059,12083.626511453915,8041.573488546085,10062.6,8065.4,0.14406779661016955,1
2020-06-15,11700.0,11880.0,11160.0,11470.0,3447322090390,300459716,50009,11680.0,11280.0,65.48243762293099,832.1046642951387,736.9659327109524,12117.300154101942,8029.099845898059,10073.2,8203.18,0.25531914893617014,1
2020-06-16,11320.0,11990.0,11100.0,11690.0,4342526335210,371368524,48400,11470.0,11890.0,69.40337112493631,865.8069735549943,762.7341408797608,12279.642740430176,7958.457259569823,10119.05,8351.78,0.249789739276703,1
2020-06-20,12200.0,12270.0,12010.0,12260.0,2648305286080,216076048,24294,11690.0,12270.0,71.56990792261163,912.6585608833157,792.7190248804719,12565.172732328485,7857.427267671514,10211.3,8507.3,0.23227383863080675,1
2020-06-21,12870.0,12870.0,12500.0,12860.0,4030356889460,313371052,37924,12260.0,12870.0,74.6251668603633,986.8282254752085,831.5408649994193,12967.415649011868,7719.784350988133,10343.6,8675.42,0.20745920745920743,1
2020-06-22,13500.0,13500.0,13100.0,13490.0,3061102242020,226987185,24775,12860.0,13500.0,77.37458217558036,1083.9488661044688,882.0224652204292,13474.288812062818,7597.211187937182,10535.75,8855.6,0.17481481481481476,1
2020-06-23,14160.0,14160.0,14160.0,14160.0,203760332640,14389854,976,13490.0,14160.0,79.8391160491308,1200.3374151319003,945.6854552027235,14051.633128987698,7509.066871012303,10780.35,9045.8,0.17584745762711873,1
2020-06-27,14860.0,14860.0,14860.0,14860.0,1702942477400,114599090,9502,14160.0,14860.0,82.06990992120296,1333.6864217473285,1023.2856485116445,14672.84599413427,7492.754005865729,11082.8,9249.02,0.14199192462987886,1
2020-06-28,15600.0,15600.0,14300.0,15390.0,11386317150650,740019948,101074,14860.0,15120.0,82.82985771487331,1443.7041742608708,1107.3693536614899,15191.452082890746,7649.047917109254,11420.25,9457.82,0.17394179894179884,1
2020-06-29,14800.0,16150.0,14630.0,15110.0,6936992526940,459042305,88743,15390.0,15540.0,84.0089274869992,1546.9522233895932,1195.2859276071106,15731.18429440922,7782.915705590777,11757.05,9670.66,0.18339768339768336,1
2020-06-30,15860.0,15860.0,15860.0,15860.0,2125786868660,134034481,17444,15110.0,15860.0,84.86187641761796,1635.7425499332985,1283.3772520723483,16252.142522157556,7939.257477842445,12095.7,9886.2,0.21689785624211844,1
2020-07-01,16650.0,16650.0,16650.0,16650.0,2277093343950,136762363,14947,15860.0,16650.0,86.74199564218239,1749.6866228671606,1376.6391262313107,16827.75385545939,8129.046144540612,12478.4,10113.86,0.16876876876876867,1
2020-07-04,17480.0,17480.0,15820.0,16910.0,9548905865290,564699680,111457,16650.0,16970.0,87.42336912612458,1844.5466615148616,1470.220633288021,17361.96097008932,8371.139029910677,12866.55,10342.04,0.24219210371243372,1
2020-07-05,17300.0,17750.0,16070.0,17520.0,4649702434850,265465012,43224,16910.0,17750.0,88.9183656871661,1960.068952062038,1568.1902970428243,17988.7547526024,8554.445247397602,13271.6,10587.04,0.19154929577464785,1
2020-07-06,18390.0,18390.0,18390.0,18390.0,1936422643320,105297588,6662,17520.0,18390.0,89.97171540713046,2079.2950320968666,1670.411244053633,18665.924008004076,8705.575991995926,13685.75,10845.82,0.20717781402936386,1
2020-07-07,19300.0,19300.0,19300.0,19300.0,3399460910300,176137871,9547,18390.0,19300.0,91.24588469776143,2221.6027012740487,1780.6495354977164,19449.879919610645,8796.720080389354,14123.3,11117.52,0.1917098445595855,1
2020-07-08,20260.0,20260.0,18340.0,20080.0,17938997673620,893263244,173613,19300.0,19460.0,91.45154542417335,2320.543436939657,1888.6283157861046,20083.198334666253,9082.401665333744,14582.8,11387.8,0.1238437821171634,1
2020-07-11,19500.0,21080.0,19080.0,20150.0,6825724484320,338823684,59164,20080.0,21080.0,93.19479647763167,2500.846937111406,2011.072040051165,20997.44800335417,9192.651996645829,15095.05,11688.08,0.08918406072106255,1
2020-07-12,21150.0,21150.0,21000.0,21150.0,11152349562060,527309863,86314,20150.0,21150.0,93.25876692381482,2619.194728560935,2132.696577753119,21777.959999063016,9397.040000936984,15587.5,11980.96,0.10023640661938527,1
2020-07-13,21150.0,22200.0,20100.0,21930.0,17463993691330,796433515,154135,21150.0,22200.0,94.14747207727108,2765.8296679751184,2259.323195797519,22677.80914069466,9532.190859305341,16105.0,12289.96,0.013513513513513598,0
2020-07-14,23020.0,23020.0,22900.0,23020.0,2574316557640,111838508,28384,21930.0,23000.0,94.71874170550531,2913.0128294195565,2390.061122521927,23575.066569867413,9754.933430132587,16665.0,12600.08,-0.02347826086956517,0
2020-07-18,21870.0,21870.0,21870.0,21870.0,1190866945860,54452078,33394,23020.0,21870.0,82.4730619077495,2904.9880946034427,2493.04651693823,23994.96314599228,10394.036854007722,17194.5,12880.38,0.019661636945587535,0
2020-07-19,20780.0,22960.0,20780.0,22170.0,19658591696240,886851975,148385,21870.0,22960.0,84.54824967672069,2952.547198726388,2584.946653295862,24533.389008745125,10962.610991254875,17748.0,13174.64,-0.04050522648083621,0
2020-07-20,23260.0,23270.0,21070.0,23260.0,20110219892860,864680953,173561,22170.0,23270.0,85.08897742105727,2980.8906882959163,2664.135460295873,25000.857897941678,11595.142102058322,18298.0,13466.86,-0.09325311559948435,0
2020-07-21,22740.0,24420.0,22100.0,23640.0,18405798875590,778642302,222795,23260.0,22500.0,77.80571153341039,2907.7023603142516,2712.848840299549,25232.37989970363,12326.620100296372,18779.5,13735.04,-0.10488888888888892,0
2020-07-22,23200.0,24820.0,22460.0,22690.0,8061572988600,355217157,112934,23640.0,22460.0,77.43490822708435,2814.0339852823017,2733.0858692960996,25389.59663994318,13065.403360056818,19227.5,13993.34,-0.1170970614425646,0
2020-07-25,23400.0,23820.0,21560.0,23180.0,12153699426740,524224778,170906,22690.0,22300.0,75.87719305302514,2695.8147856386713,2725.6316525646143,25470.67845854623,13798.32154145377,19634.5,14238.9,-0.07040358744394615,0
2020-07-26,22920.0,24330.0,22030.0,22210.0,3490053784850,157129954,64738,23180.0,22030.0,73.20112304096237,2550.932908018862,2690.691903655464,25482.572296636507,14503.427703363492,19993.0,14484.3,-0.029051293690422142,0
2020-07-27,21100.0,21990.0,21100.0,21190.0,10583990540610,499427002,117520,22210.0,21100.0,64.73250584879585,2334.162970760961,2619.3861170765636,25319.291915136717,15264.708084863283,20292.0,14699.7,-0.034597156398104234,0
2020-07-28,21500.0,22240.0,20140.0,20710.0,7525937111910,363457353,98010,21190.0,20140.0,57.356061842953785,2061.1476299376955,2507.73841964879,25055.25313654543,15988.74686345457,20522.0,14888.36,-0.05114200595829199,0
2020-07-29,19690.0,20500.0,19680.0,19750.0,11242770686530,569322331,142628,20710.0,19830.0,55.16980479621208,1799.028515276299,2365.996438774292,24738.17333166834,16702.82666833166,20720.5,15060.24,-0.0680786686838124,0
2020-08-01,20600.0,20730.0,19000.0,20650.0,5166473132360,250228158,64841,19750.0,20730.0,59.94355608186988,1644.9576588860182,2221.7886827966377,24482.794394790708,17366.205605209292,20924.5,15253.48,-0.10274963820549932,0
2020-08-02,21680.0,21680.0,20800.0,21430.0,8856588209550,413360829,121774,20650.0,21390.0,63.050832741478146,1558.1504903878085,2089.061044314872,24208.47551410372,18082.52448589628,21145.5,15461.82,-0.15334268349696123,0
2020-08-03,21600.0,22500.0,20360.0,20940.0,2792445901280,133363122,45764,21430.0,20370.0,55.84134627173655,1391.0149539246777,1949.4518262368333,23946.251111995076,18606.748888004924,21276.5,15660.72,-0.15071183112420228,0
2020-08-10,19200.0,20140.0,18700.0,19280.0,3463661127560,179613365,44608,20720.0,19110.0,48.46860371006263,1143.703465767816,1788.3021541430298,23841.28528151343,18783.71471848657,21312.5,15838.44,-0.04186289900575613,0
2020-08-11,19000.0,20240.0,18320.0,18620.0,7801356040200,418906516,110197,19280.0,18480.0,45.25152907767077,886.6508358355932,1607.9718904815425,23951.539365382334,18591.460634617666,21271.5,16014.9,-0.04220779220779225,0
2020-08-12,19550.0,19550.0,17690.0,19060.0,9458911515330,496178223,110378,18620.0,18600.0,45.9869311688306,684.7246917481207,1423.3224507348582,24047.416635872538,18409.583364127462,21228.5,16201.54,-0.07634408602150533,0
2020-08-15,18870.0,19200.0,18110.0,18200.0,7262036906160,399122646,86542,19060.0,18110.0,43.42207532984254,479.62899832633775,1234.5837602531542,24210.28433213326,17949.71566786674,21080.0,16387.52,-0.029265599116510166,0
2020-08-16,18200.0,18490.0,17290.0,17440.0,9065895600070,519906075,110715,18200.0,17300.0,39.50013704173318,248.8602470890255,1037.4390576203286,24424.045630979326,17350.954369020674,20887.5,16566.1,-0.034682080924855474,0
2020-08-17,18310.0,18310.0,17900.0,18300.0,4985117549230,272467806,34053,17440.0,18310.0,46.044225329738524,145.792305269606,859.1097071501841,24345.39702113543,17040.60297886457,20693.0,16756.22,-0.08793009284543962,0
2020-08-18,18860.0,19210.0,17390.0,18080.0,7806257137450,431821069,96145,18300.0,17700.0,43.01776004746096,14.718649368129263,690.2314955937733,24140.98586046311,16715.01413953689,20428.0,16928.48,-0.0361581920903955,0
2020-08-19,17180.0,17180.0,17180.0,17180.0,2666570111860,155213627,26576,18080.0,17180.0,40.56970825192358,-129.62360125973282,526.260476223072,24099.947363014,16287.052636986004,20193.5,17092.16,0.04249126891734578,0
2020-08-22,17800.0,18030.0,16350.0,17570.0,6500552570430,369911387,82507,17180.0,17580.0,43.24527720276011,-209.32623521307687,379.14313393584223,23772.390201136073,16076.609798863925,19924.5,17259.62,0.0693970420932879,1
2020-08-23,17940.0,18000.0,16700.0,16830.0,7060284429280,419529484,56036,17570.0,16700.0,39.07717109931658,-339.5852648322143,235.39745418223092,23366.36019499451,15825.63980500549,19596.0,17400.64,0.07784431137724557,1
2020-08-24,17500.0,17670.0,15990.0,16250.0,10573015247380,650651559,100132,16830.0,16700.0,39.077171099316566,-437.7701425699197,100.76393483180078,23030.23629755136,15581.763702448641,19306.0,17532.5,0.052694610778443174,1
2020-08-25,17060.0,17060.0,17060.0,17060.0,1008750566560,59129576,7302,16250.0,17060.0,41.74126968127492,-480.9888343294333,-15.586619000446035,22585.323315788388,15486.676684211612,19036.0,17662.72,0.08382180539273154,1
2020-08-26,17910.0,17910.0,17910.0,17910.0,540017573850,30151735,3110,17060.0,17910.0,47.57093292926264,-441.56201067287475,-100.78169733493178,22061.15884185057,15571.84115814943,18816.5,17815.52,0.027917364600781758,0
2020-08-31,18800.0,18800.0,17910.0,18720.0,15668097021370,836882421,114025,17910.0,18800.0,52.88687378292683,-334.6428524157636,-147.55392835109814,21546.05862963709,15763.941370362909,18655.0,17974.82,-0.04308510638297869,0
2020-09-01,18690.0,19450.0,17790.0,18500.0,7550155219100,408200456,84980,18720.0,18000.0,48.159948992534886,-310.8783511896436,-180.21881291880723,21174.38217164247,15825.617828357528,18500.0,18108.8,-0.04833333333333334,0
2020-09-02,17950.0,18100.0,17580.0,17610.0,5648079863240,320807603,47981,18500.0,17580.0,45.84334864874548,-322.2209402439403,-208.61923838383387,20963.93827086972,15780.06172913028,18372.0,18223.4,-0.011945392491467532,0
2020-09-05,18150.0,18490.0,18000.0,18380.0,6317426973660,343688943,66449,17610.0,18490.0,51.30841903060839,-254.8429579902513,-217.8639823051174,20810.557822122475,15799.442177877525,18305.0,18357.2,-0.04975662520281232,0
2020-09-06,19290.0,19290.0,18000.0,18930.0,8474706007620,447589909,89314,18380.0,18410.0,50.82286631289742,-205.53151368334147,-215.39748858076223,20436.23741513867,15941.762584861332,18189.0,18499.8,0.0010863661053774898,0
2020-09-07,18120.0,18400.0,17990.0,18030.0,1165487470390,64652211,12780,18930.0,17990.0,48.24170926169558,-198.05922525276037,-211.92983591516185,19719.91622368626,16318.083776313739,18019.0,18621.8,0.042245692051139594,0
2020-09-08,17130.0,17130.0,17130.0,17130.0,260544285120,15209824,3630,18030.0,17130.0,43.383122860299146,-258.5517716361828,-221.25422305936604,19213.747581534288,16500.252418465712,17857.0,18719.0,0.14419147694103907,1
2020-09-09,16280.0,17580.0,16280.0,16740.0,6286764740350,375517715,62947,17130.0,17370.0,45.0464603958363,-283.8544587270517,-233.7742701929032,19012.545773804388,16527.454226195612,17770.0,18809.0,0.18480138169257332,1
2020-09-12,17570.0,17570.0,17110.0,17560.0,4996669596670,284629059,48362,16740.0,17570.0,46.45812488861423,-284.4892767187339,-243.91727149806937,18925.674009042465,16523.325990957535,17724.5,18890.4,0.2043255549231644,1
2020-09-13,17590.0,18430.0,16690.0,17860.0,10891254011610,609948922,89659,17560.0,18430.0,52.15018200563483,-213.14060959861308,-237.76193911817813,18894.463406304647,16537.536593695353,17716.0,18975.8,0.09983722192078126,1
2020-09-14,18500.0,18750.0,18010.0,18670.0,4070811025100,218019660,31669,17860.0,18750.0,54.1053062418835,-129.28463838372045,-216.06647897128659,18999.984025456855,16496.015974543145,17748.0,19053.6,0.04160000000000008,0
2020-09-15,19600.0,19600.0,19600.0,19600.0,1891479046800,96504033,13528,18670.0,19600.0,58.90819886761936,5.694081381610886,-171.7143669007071,19332.831282834577,16393.168717165423,17863.0,19143.2,0.015306122448979664,0
2020-09-16,20580.0,20580.0,20100.0,20550.0,10291432370110,500745007,77447,19600.0,20580.0,63.633540923129985,189.55838796263197,-99.45981592803929,19859.404936527368,16093.59506347263,17976.5,19244.0,-0.02478134110787167,0
2020-09-19,21380.0,21570.0,20500.0,21330.0,9420821063580,441572984,78858,20550.0,21160.0,66.11694417986074,377.7192163328036,-4.024009475870713,20481.293086875234,15817.706913124766,18149.5,19350.0,-0.05340264650283555,0
2020-09-20,20990.0,21300.0,20270.0,20550.0,2856599797920,139013548,34946,21330.0,20270.0,59.412389382585765,449.8370252686036,86.74819747302415,20764.304046251014,15843.695953748986,18304.0,19422.4,-0.07153428712382837,0
2020-09-21,19530.0,19530.0,19530.0,19530.0,1004587713990,51438183,7069,20550.0,19530.0,54.466827420514534,442.1818952294889,157.8349370243171,20893.657900294264,15909.342099705736,18401.5,19473.6,-0.08192524321556582,0
2020-09-22,19500.0,20270.0,18560.0,19130.0,8550772732210,446998696,81239,19530.0,19900.0,56.42017185610677,460.6608458230112,218.40011878405593,21006.60347429288,16116.396525707121,18561.5,19516.6,-0.09748743718592967,0
2020-09-23,19980.0,20080.0,19160.0,19880.0,5088032819170,255917094,61805,19130.0,20070.0,57.32600069832673,483.4502134296381,271.4101377131724,21102.138275901954,16357.861724098046,18730.0,19550.2,-0.08868958644743397,0
2020-09-26,20500.0,20630.0,19100.0,19810.0,5124398619130,258637027,59100,19880.0,20030.0,57.02565138758504,492.604843737623,315.6490789180625,21184.80678791853,16572.19321208147,18878.5,19564.8,-0.06090863704443339,0
2020-09-27,19430.0,19800.0,18820.0,18870.0,1888645817530,100078046,15092,19810.0,18820.0,48.71152236164426,397.6393279534277,332.04712872513556,21187.59360310085,16660.40639689915,18924.0,19552.0,-0.038788522848034024,0
2020-09-28,17930.0,17930.0,17930.0,17930.0,1536077013680,85670776,6796,18870.0,17930.0,43.66836253380766,247.7074927612084,315.1792015323502,21185.021425372106,16575.978574627894,18880.5,19489.0,-0.012827663134411638,0
2020-09-29,17040.0,18700.0,17040.0,17500.0,6457530689360,369086717,70828,17930.0,17960.0,43.87927886281289,129.80981569880169,278.1053243656405,21186.14186996143,16570.85813003857,18878.5,19425.2,0.015590200445434244,0
2020-09-30,18170.0,18290.0,17100.0,17920.0,3083679969340,172105119,42033,17500.0,18290.0,46.26275387423274,62.285312978128786,234.94132208813818,21161.713504875363,16666.286495124637,18914.0,19347.0,-0.012575177692728312,0
2020-10-03,18290.0,18810.0,17930.0,18710.0,3342359852500,178638666,37819,17920.0,18810.0,49.87529870152646,50.153177650212456,197.98369320055306,21169.95535669778,16690.04464330222,18930.0,19263.2,-0.06964380648591173,0
2020-10-04,18760.0,19000.0,17780.0,18210.0,5425314064160,297946667,62606,18710.0,18090.0,45.331189211840105,-17.359500201007904,154.9150545202409,21173.07414663598,16654.92585336402,18914.0,19187.6,-0.0033167495854062867,0
2020-10-05,17610.0,18410.0,17330.0,17860.0,3807782375150,213147215,44472,18210.0,17700.0,43.043546890380895,-101.16733042402848,103.69857753138702,21185.671253427678,16613.328746572322,18899.5,19082.4,0.019774011299435124,0
2020-10-06,17700.0,18350.0,17320.0,17860.0,3972704029530,222404695,56258,17860.0,18240.0,47.029557472193055,-122.59890874207485,58.43908027669465,21117.179456011705,16792.820543988295,18955.0,18981.8,-0.0334429824561403,0
2020-10-07,18280.0,18460.0,17550.0,18000.0,3793241143150,210699577,53829,17860.0,18060.0,45.877022368199796,-152.3518671537422,16.280890790607284,21069.889146289483,16909.110853710517,18989.5,18893.0,-0.06367663344407526,0
2020-10-10,17700.0,17990.0,17120.0,17490.0,4418951869060,252686562,67084,18000.0,17500.0,42.395988558979234,-218.59875061412095,-30.695037490338365,21076.142578868505,16895.857421131495,18986.0,18793.8,-0.0754285714285714,0
2020-10-11,17600.0,18360.0,17560.0,18230.0,7242205025340,397335925,66811,17490.0,18030.0,46.531096254671866,-225.73122340371629,-69.70227467301396,21084.503245217973,16847.496754782027,18966.0,18708.4,-0.14143094841930115,0
2020-10-12,18000.0,18260.0,17320.0,17600.0,5672976346350,322364710,64970,18230.0,18050.0,46.686624433765346,-227.15146592087694,-101.19211292258656,21085.445636352673,16776.554363647327,18931.0,18628.8,-0.18504155124653743,0
2020-10-13,17600.0,18000.0,17020.0,17580.0,3112948836350,177118808,46400,17600.0,17630.0,43.805011877340526,-259.17984434975733,-132.78965920802074,21035.188130444047,16629.811869555953,18832.5,18559.4,-0.18547929665343166,0
2020-10-14,17390.0,17620.0,16840.0,17030.0,3124167500750,183427178,50169,17580.0,16910.0,39.32406858570793,-338.75558420885136,-173.98284420818686,20850.27145077546,16447.72854922454,18649.0,18494.8,-0.19455943228858663,0
2020-10-18,16700.0,16940.0,16180.0,16290.0,1256374286450,77129959,21448,17030.0,16180.0,35.37317988871371,-455.4744050761292,-230.28115638177533,20534.422638560394,16265.577361439608,18400.0,18421.8,-0.19283065512978992,0
2020-10-19,15480.0,15480.0,15480.0,15480.0,1865322151560,120498847,14565,16290.0,15480.0,32.04812485816758,-597.5706390311097,-303.73905291164226,20469.65980391118,15851.340196088819,18160.5,18316.8,-0.19638242894056845,0
2020-10-20,14710.0,14710.0,14710.0,14710.0,618643789420,42056002,6464,15480.0,14710.0,28.837033344185954,-763.5141768701287,-395.69407770333953,20585.204222152024,15253.795777847974,17919.5,18183.2,-0.1223657375934738,0
2020-10-21,14500.0,15250.0,13980.0,14330.0,5150401312650,359350446,69251,14710.0,14360.0,27.48879177568996,-912.7461318508977,-499.1044885328512,20566.298043641036,14718.701956358964,17642.5,18063.0,-0.09052924791086348,0
2020-10-24,13960.0,14280.0,13620.0,13740.0,895100745920,65151597,10681,14330.0,13620.0,24.844024618980242,-1078.2954284101797,-614.9426765083169,20512.1967357917,14127.803264208302,17320.0,17953.2,-0.09177679882525702,0
2020-10-26,13060.0,13700.0,13060.0,13080.0,5762390630260,440495689,44563,13740.0,13060.0,23.037637905832028,-1240.383390917761,-740.0308193902058,20416.062526649675,13526.937473350325,16971.5,17844.8,-0.057427258805513026,0
2020-10-27,12850.0,13190.0,12430.0,12500.0,3409012907120,272763658,30884,13080.0,12440.0,21.19979344155726,-1402.698650535749,-872.5643856193145,20510.15148762809,12794.848512371911,16652.5,17721.6,0.04019292604501601,0
2020-10-28,12070.0,13010.0,11880.0,12440.0,3532876118970,284033286,46437,12500.0,12910.0,26.018024077557513,-1476.390678435475,-993.3296441825466,20537.238265412747,12265.761734587253,16401.5,17617.6,-0.047250193648334604,0
2020-10-31,12900.0,13060.0,12450.0,13010.0,2367451880040,181913059,29424,12440.0,13060.0,27.54078573733321,-1505.335820767903,-1095.730879499618,20470.613002692353,11842.386997307647,16156.5,17532.8,-0.10490045941807047,0
2020-11-01,13100.0,13120.0,12360.0,12510.0,2421422917390,193483428,30741,13010.0,12370.0,24.992446222076254,-1565.9015497090604,-1189.7650135415065,20356.971839120008,11364.028160879992,15860.5,17414.0,-0.051738075990299115,0
2020-11-02,12100.0,12680.0,11910.0,12330.0,1191311312440,96584869,24997,12510.0,12310.0,24.777747417390202,-1600.2946245238254,-1271.8709357379703,20071.69433005237,10999.30566994763,15535.5,17306.2,-0.05767668562144601,0
2020-11-04,12940.0,12940.0,12610.0,12940.0,2017339314720,155946138,14153,12330.0,12940.0,31.43782696705648,-1558.7473797260063,-1329.2462245355775,19789.547849685216,10766.452150314784,15278.0,17221.4,-0.07264296754250388,0
2020-11-07,12300.0,12300.0,12300.0,12300.0,170879299800,13892626,3335,12940.0,12300.0,28.661584543215724,-1559.4867477080443,-1375.294329170071,19553.651108477123,10462.348891522877,15008.0,17115.8,0.003252032520325132,0
2020-11-08,11690.0,11690.0,11690.0,12040.0,47023515980,4022542,1530,12300.0,11690.0,26.27950332716604,-1590.9550645292056,-1418.426476241898,19191.218235491917,10169.781764508083,14680.5,17015.6,0.06244653550042778,1
2020-11-09,11440.0,12060.0,11440.0,11540.0,5177266529360,448720148,43606,12040.0,11730.0,26.70965141334878,-1594.2883034685292,-1453.5988416872242,18768.858227003377,9959.141772996623,14364.0,16916.2,0.10741687979539649,1
2020-11-10,11840.0,11840.0,11250.0,11600.0,1831999763420,157957655,32704,11540.0,11600.0,26.175104035731394,-1589.1016581535441,-1480.6994049804882,18383.593375974073,9754.406624025927,14069.0,16807.0,0.1732758620689656,1
2020-11-11,11650.0,12160.0,11290.0,11760.0,2036028177970,173100493,28812,11600.0,12000.0,30.76640923064045,-1535.0197946372064,-1491.563482911832,17763.79265695086,9771.20734304914,13767.5,16688.8,0.1858333333333333,1
2020-11-14,12200.0,12340.0,12000.0,12310.0,978816059980,79522632,8839,11760.0,12340.0,34.49554150735136,-1448.0323540516165,-1482.857257139789,17001.077151754333,9962.922848245667,13482.0,16559.6,0.09400324149108585,1
2020-11-15,12920.0,12920.0,12310.0,12660.0,3621034376110,285931951,42647,12310.0,12420.0,35.377544665612845,-1356.9962412959358,-1457.6850539710185,16204.258957743552,10238.741042256448,13221.5,16448.0,0.06924315619967802,1
2020-11-16,12450.0,13250.0,12150.0,12970.0,2154058995330,166110885,31263,12660.0,12990.0,41.42889439964617,-1224.7372214298503,-1411.0954874627848,15481.696042664229,10569.303957335771,13025.5,16356.2,0.007698229407236301,0
2020-11-17,12990.0,13610.0,12980.0,13560.0,3194374712160,235596378,32557,12970.0,13610.0,47.218536811000526,-1057.699673427307,-1340.4163246556893,14908.219530533508,10885.780469466492,12897.0,16258.6,-0.07861866274797946,0
2020-11-18,14200.0,14230.0,13750.0,14210.0,1496511912780,105286012,11389,13560.0,14230.0,52.29664476137537,-865.3175526455161,-1245.3965702536548,14581.033423670851,11087.966576329149,12834.5,16175.0,-0.06746310611384398,0
2020-11-21,14700.0,14700.0,13500.0,13970.0,5059526672080,362214809,69792,14210.0,13500.0,46.610474244273036,-762.963269381773,-1148.9099100792785,14329.897168838426,11218.102831161574,12774.0,16085.2,0.020000000000000018,0
2020-11-22,13280.0,13900.0,13280.0,13390.0,5689232051990,424794132,52645,13970.0,13280.0,45.021734431642244,-691.6262865468543,-1057.4531853727938,14119.028234168072,11320.971765831928,12720.0,16008.2,0.03990963855421681,0
2020-11-23,13070.0,13750.0,12890.0,13190.0,3364279871960,254999176,47836,13390.0,13090.0,43.63831820519929,-643.0104021428924,-974.5646287268136,14042.518532118605,11344.481467881395,12693.5,15922.6,0.09090909090909083,1
2020-11-24,13050.0,13250.0,12540.0,12640.0,4131993407530,327023562,52683,13190.0,12540.0,39.82358019681844,-641.4679240242003,-907.9452877862909,14007.27423471249,11327.72576528751,12667.5,15822.0,0.13636363636363646,1
2020-11-25,12350.0,13270.0,12350.0,13120.0,3674662605210,280121990,33060,12640.0,13270.0,46.50754419845686,-574.7156357656913,-841.2993573821711,14069.277912780854,11348.722087219146,12709.0,15718.8,0.058779201205727105,1
2020-11-28,13270.0,13770.0,12910.0,13650.0,6317418658120,462832122,59179,13120.0,13770.0,50.5582734166413,-475.98132860286205,-768.2357516263094,14187.278370212354,11316.721629787646,12752.0,15619.2,0.04502541757443712,0
2020-11-29,13980.0,14200.0,13250.0,13740.0,4993642408760,363363855,68399,13650.0,13810.0,50.87874153554799,-390.01021810659586,-692.5906449223668,14292.596470623037,11286.403529376963,12789.5,15503.4,0.051412020275162895,1
2020-11-30,13880.0,14420.0,13750.0,14250.0,6629114882960,465357397,69404,13740.0,14280.0,54.602216213091246,-280.71649657126727,-610.2158152521469,14507.325491385567,11262.674508614433,12885.0,15377.4,-0.021008403361344574,0
2020-12-01,14220.0,14840.0,13900.0,14420.0,3850525210230,267082723,48231,14250.0,14250.0,54.3191811667331,-194.28162646158125,-527.0289774940337,14685.180554139642,11278.819445860358,12982.0,15239.2,0.004210526315789442,0
2020-12-02,14500.0,14750.0,13830.0,14320.0,2704206494560,188800494,44263,14420.0,14050.0,52.37020017912829,-140.302379207993,-449.6836578368256,14802.79742536475,11272.20257463525,13037.5,15114.8,0.05124555160142341,1
2020-12-05,13900.0,14570.0,13900.0,14310.0,2544830838080,177800363,35806,14320.0,14390.0,55.306068367015094,-69.2895515397031,-373.60483657740116,14966.736693333974,11317.263306666026,13142.0,15012.0,0.053509381514941,1
2020-12-06,14560.0,14840.0,14300.0,14560.0,3009050319240,206649764,44264,14310.0,14520.0,56.41236159738799,-2.4927258561165218,-299.3824144331443,15074.502791734118,11492.497208265882,13283.5,14904.4,0.024793388429751984,0
2020-12-07,14520.0,14820.0,13840.0,14320.0,3821650261400,266796598,46853,14560.0,13980.0,50.788645173322124,6.792453535364984,-238.14744083944242,15060.757039330183,11731.242960669817,13396.0,14782.6,0.027181688125894166,0
2020-12-08,14250.0,14650.0,13910.0,14320.0,2932253253530,204837728,38111,14320.0,14310.0,53.818501378123635,40.31454618070893,-182.45504343541216,15021.443287511102,12041.556712488898,13531.5,14668.2,-0.033542976939203384,0
2020-12-09,14200.0,14850.0,14020.0,14440.0,3472594852450,240497564,44818,14320.0,14770.0,57.72566876382896,102.81402564722521,-125.4012296188847,15077.437387594695,12262.562612405305,13670.0,14587.2,-0.044008124576845,0
2020-12-12,15130.0,15160.0,14950.0,15160.0,9127601222970,602215894,48448,14440.0,15160.0,60.75709239444404,181.72029559224757,-63.976924576658256,15222.239171791716,12399.760828208284,13811.0,14531.8,-0.03562005277044855,0
2020-12-13,15200.0,15460.0,14800.0,15110.0,4192208127680,277490489,51027,15160.0,14880.0,57.565480133768766,219.13437836293815,-7.354663988738977,15265.411281309935,12602.588718690065,13934.0,14470.2,-0.024193548387096753,0
2020-12-14,14960.0,15170.0,14360.0,14550.0,3780876051210,259853930,37825,15110.0,14360.0,52.09256309594723,204.46866682016844,35.01000217304251,15272.127898243954,12732.872101756046,14002.5,14391.6,-0.014623955431754876,0
2020-12-15,13980.0,14150.0,13830.0,13840.0,4198354732030,303302198,30337,14550.0,13830.0,47.17011774585861,148.3691074425551,57.68182322694503,15273.107478542168,12753.892521457832,14013.5,14292.0,0.029645697758496015,0
2020-12-16,13470.0,14260.0,13360.0,13930.0,2444235889320,175432644,34433,13840.0,14120.0,49.956615287404276,125.859548301205,71.31736824179703,15264.735453466385,12751.264546533615,14008.0,14212.6,-0.011331444759206777,0
2020-12-19,14550.0,14620.0,14300.0,14600.0,4299569893910,294540609,30191,13930.0,14620.0,54.420427900388596,146.67559685654487,86.3890139647466,15325.005947646305,12802.994052353695,14064.0,14151.0,-0.07934336525307795,0
2020-12-20,14800.0,14880.0,14160.0,14510.0,2656415847450,183053486,30196,14600.0,14520.0,53.394607441887864,153.33574205680816,99.77835958315892,15348.054008626195,12903.945991373805,14126.0,14076.6,-0.06198347107438018,0
2020-12-21,14510.0,14790.0,14010.0,14330.0,1791779774280,125040946,22858,14510.0,14150.0,49.664335924897856,127.29071915608074,105.28083149774329,15304.893423019847,13053.106576980153,14179.0,13998.4,-0.04240282685512364,0
2020-12-22,14100.0,14450.0,14070.0,14250.0,2201296468330,154424442,26208,14330.0,14240.0,50.56896024797574,112.61395512666604,106.74745622352785,15101.983293389161,13426.016706610839,14264.0,13933.2,-0.044241573033707904,0
2020-12-23,14200.0,14290.0,13870.0,14030.0,2242339545820,159829750,29569,14250.0,13960.0,47.696966922875674,77.49553367767658,100.89707171435761,15018.45208173832,13578.54791826168,14298.5,13851.8,-0.07449856733524352,0
2020-12-26,13850.0,14200.0,13380.0,13560.0,2993309973680,220671994,32340,14030.0,13460.0,43.00051661318828,9.211921047524811,82.56004158099105,15058.966494121585,13507.033505878415,14283.0,13760.0,-0.06686478454680533,0
2020-12-27,13330.0,13940.0,13170.0,13500.0,1744139993550,129166986,25460,13560.0,13620.0,44.87116617339251,-31.62808225014487,59.722416814763875,15076.575961537477,13470.424038462523,14273.5,13679.8,-0.0675477239353891,0
2020-12-28,13450.0,13950.0,12830.0,13640.0,1352925868060,99193496,23256,13500.0,13550.0,44.1879035643742,-68.84884742922804,34.008163965965494,15099.718957714125,13374.281042285875,14237.0,13612.6,-0.06715867158671585,0
2020-12-29,13530.0,13660.0,13150.0,13360.0,2030760037840,151977013,22333,13640.0,13610.0,44.96151813026754,-92.43948855324743,8.71863346212291,15109.8646307594,13300.1353692406,14205.0,13561.2,-0.1138868479059515,0
2020-12-30,13510.0,13610.0,12850.0,13220.0,1607648908800,121632790,23202,13360.0,12920.0,38.37407672125766,-164.9114781683238,-26.007388863966433,15212.196855311395,13084.803144688605,14148.5,13510.0,-0.09287925696594423,0
2021-01-02,12700.0,13070.0,12560.0,12600.0,2297349323520,182265257,25300,13220.0,12560.0,35.455336122945596,-248.5301426454571,-70.51193962026457,15318.334214234814,12795.665785765186,14057.0,13467.0,-0.10589171974522293,0
2021-01-03,12410.0,13130.0,12320.0,12640.0,1188881697180,94039761,20571,12600.0,12700.0,37.447888525620414,-300.0429978039447,-116.4181512570006,15338.317747462066,12593.682252537934,13966.0,13433.8,-0.06929133858267722,0
2021-01-04,12720.0,13000.0,12570.0,12690.0,1074519281720,84691004,20590,12640.0,12640.0,36.921822283334,-341.76910372237217,-161.48834175007494,15387.931160262073,12410.068839737927,13899.0,13414.2,-0.08860759493670889,0
2021-01-05,12610.0,12750.0,12060.0,12320.0,1737493836030,141067026,22845,12690.0,12060.0,32.211170216476134,-416.8334989151899,-212.55737318309792,15462.474641812749,12110.525358187251,13786.5,13394.2,-0.06467661691542292,0
2021-01-06,11850.0,12280.0,11710.0,11780.0,2254561888270,191378399,28550,12320.0,11720.0,29.810140525122364,-498.0169025686464,-269.6492790602076,15471.52442160625,11796.47557839375,13634.0,13379.8,-0.08361774744027306,0
2021-01-09,11370.0,11700.0,11200.0,11260.0,1783184345690,158313112,23877,11780.0,11230.0,26.719036201789308,-595.0350461425114,-334.7264324766684,15415.416833438503,11459.583166561497,13437.5,13346.2,-0.08281389136242212,0
2021-01-10,11650.0,11820.0,11500.0,11780.0,1243223345660,105531560,18609,11260.0,11820.0,35.4044912563362,-617.1998589580162,-391.22111777293793,15265.81749096388,11303.18250903612,13284.5,13321.4,-0.1700507614213198,0
2021-01-11,12300.0,12300.0,11400.0,11870.0,971574771470,81843369,19202,11780.0,11520.0,33.24672590952268,-651.4634603495615,-443.26958628826264,15200.731036594145,11084.268963405855,13142.5,13304.4,-0.10590277777777779,0
2021-01-12,11500.0,11670.0,11280.0,11300.0,1549499198200,137108027,15784,11870.0,11280.0,31.588116019118345,-690.029376421573,-492.6215443149248,15199.156587792968,10830.843412207032,13015.0,13283.8,-0.05053191489361697,0
2021-01-13,11180.0,11500.0,10740.0,10840.0,1610977961440,148548869,21471,11300.0,10740.0,28.181475574822187,-755.4581781711931,-545.1888710861786,15179.927162530876,10512.072837469124,12846.0,13239.8,0.043761638733705865,0
2021-01-16,10370.0,10840.0,10300.0,10320.0,1752637711270,169871357,14152,10840.0,10300.0,25.745117835664047,-833.2105649759269,-602.7932098641282,15064.666301569774,10195.333698430226,12630.0,13199.8,0.11067961165048534,1
2021-01-18,9810.0,10000.0,9810.0,9810.0,1687151987440,171942544,18153,10320.0,9810.0,23.326561837107008,-923.7207191394518,-666.978711719193,14960.005603190033,9828.994396809967,12394.5,13162.2,0.19367991845056065,1
2021-01-19,9400.0,10300.0,9390.0,10200.0,1265785927350,124121004,12768,9810.0,10300.0,30.370848922822717,-945.0181821548704,-722.5866058063285,14789.397147714179,9614.602852285821,12202.0,13133.6,0.09708737864077666,1
2021-01-20,10550.0,10710.0,10450.0,10680.0,396092162840,37096676,4431,10200.0,10710.0,35.694535153269726,-918.2282379970948,-761.7149322444818,14512.373338149628,9538.626661850372,12025.5,13115.8,0.10364145658263313,1
2021-01-23,11210.0,11210.0,11210.0,11210.0,387496058790,34566999,2648,10680.0,11210.0,41.56245464847041,-846.8887861584153,-778.7497030272685,14231.813985793131,9544.186014206869,11888.0,13100.0,0.09277430865298841,1
2021-01-24,11770.0,11770.0,11160.0,11620.0,2881755388860,248088725,34078,11210.0,11440.0,44.08982914864354,-762.9973206305785,-775.5992265479306,14022.74685507986,9551.25314492014,11787.0,13082.0,0.03146853146853146,0
2021-01-25,11400.0,12100.0,11100.0,11790.0,1206384835980,102333432,19715,11620.0,11710.0,46.98830658105857,-667.0368012497329,-753.8867414882911,13763.04314461454,9619.95685538546,11691.5,13067.8,-0.018787361229718136,0
2021-01-26,11890.0,12150.0,11210.0,11680.0,1564647132020,133965745,25865,11790.0,11300.0,43.31605227304543,-616.9590518630321,-726.5012035632393,13471.225145166267,9686.774854833733,11579.0,13034.0,-0.011504424778761013,0
2021-01-27,11580.0,11940.0,11190.0,11670.0,1051001762850,90083984,12415,11680.0,11820.0,48.78318586158794,-529.211994060197,-687.0433616626309,13143.313471948848,9835.686528051152,11489.5,12998.2,-0.09729272419627755,0
2021-01-30,11830.0,12250.0,11830.0,12220.0,1101367414080,90129496,12609,11670.0,12250.0,52.83431028495965,-420.13139898321424,-633.6609691267475,13017.094487851235,9894.905512148765,11456.0,12958.6,-0.16326530612244894,0
2021-01-31,12630.0,12700.0,11760.0,12090.0,1261326072420,104365384,18827,12220.0,11800.0,48.50994341691434,-365.7790079800743,-580.084576897413,12904.99159378912,9931.00840621088,11418.0,12924.6,-0.08389830508474572,0
2021-02-01,12000.0,12150.0,11490.0,11750.0,1111377127550,94614721,13359,12090.0,11490.0,45.73298183789284,-343.75614884108836,-532.8188912861481,12724.553400566165,9990.446599433835,11357.5,12888.8,-0.012184508268059169,0
2021-02-02,11300.0,11600.0,11170.0,11230.0,1094916595940,97460009,12971,11750.0,11170.0,42.99678075012559,-348.11138856021716,-495.8773907409619,12519.02874460456,10048.97125539544,11284.0,12850.4,0.06535362578334825,1
2021-02-03,10750.0,11490.0,10670.0,10780.0,810371684980,75189910,8201,11230.0,10670.0,39.06399853833113,-387.4425719463143,-474.19042698203236,12423.193095868228,10005.806904131772,11214.5,12813.0,0.1790065604498594,1
2021-02-06,10670.0,10800.0,10250.0,10300.0,1135693759180,110236217,14819,10780.0,10250.0,36.07875689472871,-447.34657520383917,-468.82165662639375,12395.701558140232,9886.298441859768,11141.0,12752.6,0.22634146341463413,1
2021-02-07,10800.0,10810.0,10500.0,10810.0,395411565080,36586710,4029,10300.0,10810.0,42.399294492519665,-444.50957974800986,-463.959241250717,12382.077652127446,9857.922347872554,11120.0,12693.4,0.16003700277520805,1
2021-02-08,11350.0,11350.0,11150.0,11340.0,1795485045790,158299571,14612,10810.0,11350.0,47.76314028730804,-394.1443031971703,-449.9962536400077,12322.55505585986,9870.44494414014,11096.5,12644.2,0.09867841409691636,1
2021-02-09,11680.0,11900.0,11480.0,11870.0,878148818120,73986789,7898,11340.0,11900.0,52.60421529944224,-306.318011845975,-421.26060528120115,12378.440616180953,9852.559383819047,11115.5,12596.6,0.025210084033613356,0
2021-02-13,12580.0,12580.0,12580.0,12580.0,1084662067000,86221150,4956,11870.0,12580.0,57.810202528168126,-179.77242162100993,-372.96296854916295,12595.299985863558,9765.700014136442,11180.5,12563.2,-0.031796502384737635,0
2021-02-14,12750.0,13190.0,12400.0,12770.0,2774064436130,217250609,26560,12580.0,12570.0,57.70981290653513,-79.37604840633867,-314.24558452059813,12793.67802113309,9750.32197886691,11272.0,12533.6,-0.05727923627684961,0
2021-02-15,12600.0,13030.0,12520.0,12660.0,1981417466800,156503255,20063,12770.0,12540.0,57.38784677118283,-2.2065132848001667,-251.83777027343854,12932.527042062718,9835.472957937282,11384.0,12496.6,-0.0717703349282297,0
2021-02-16,12550.0,12700.0,12410.0,12430.0,1472999894920,118544579,12141,12660.0,12470.0,56.59444024973828,52.69504857150241,-190.93120650445036,12954.902639263,10079.097360737,11517.0,12455.6,-0.024057738572574205,0
2021-02-17,12300.0,12430.0,12190.0,12200.0,642911604320,52683594,6312,12430.0,12200.0,53.52082807656022,73.5701178484178,-138.03094163387675,12964.236665676352,10259.763334323648,11612.0,12420.0,-0.04590163934426228,0
2021-02-20,12220.0,12530.0,11960.0,12090.0,1420126805620,117439487,18276,12200.0,12180.0,53.28995591211175,87.49138160841176,-92.92647698541906,12992.687438739944,10378.312561260056,11685.5,12377.4,-0.04761904761904767,0
2021-02-21,11890.0,12090.0,11850.0,11870.0,552042382560,46505058,4804,12090.0,11850.0,49.496038938373125,71.07651553309915,-60.12587848171542,13007.784852270805,10427.215147729195,11717.5,12319.0,-0.020253164556962022,0
2021-02-22,11640.0,11820.0,11640.0,11650.0,1526289334650,131051701,12396,11870.0,11640.0,47.193461057181835,40.65373994094989,-39.96995479718235,13012.11472823547,10442.88527176453,11727.5,12248.6,0.0077319587628865705,0
2021-02-23,11430.0,12280.0,11420.0,11810.0,1594495542540,134965921,22624,11650.0,12170.0,53.12086750740557,58.63414379392816,-20.24913507896025,13049.429944223124,10451.570055776876,11750.5,12194.4,-0.025472473294987696,0
2021-02-24,12240.0,12240.0,11580.0,11830.0,919204481860,77691558,16434,11810.0,11640.0,47.39202416708931,29.77395713977785,-10.24451663521263,13051.21141616778,10483.78858383222,11767.5,12140.0,0.02319587628865971,0
2021-02-27,11600.0,11700.0,11600.0,11600.0,848352221640,73127741,7767,11830.0,11600.0,46.980224792170006,3.6325122439084225,-7.46911085938842,13041.992512618992,10471.007487381008,11756.5,12095.4,-0.004310344827586188,0
2021-02-28,11370.0,11620.0,11370.0,11390.0,880833280220,77302357,6292,11600.0,11610.0,47.10396994473773,-16.092352130279323,-9.193759113566601,12990.982925269618,10458.017074730382,11724.5,12045.2,0.036175710594315236,0
2021-03-01,11690.0,11780.0,11360.0,11560.0,1061173363080,91798722,14642,11390.0,11730.0,48.652693520606675,-21.790267498883622,-11.713060790630006,12987.015797689543,10454.984202310457,11721.0,11987.4,0.0639386189258313,1
2021-03-02,11810.0,12100.0,11600.0,11820.0,739704570690,62580371,10582,11560.0,11860.0,50.348702784528676,-15.635753699369161,-12.497599372377838,13002.282245677967,10476.717754322033,11739.5,11934.2,0.045531197301855064,0
2021-03-03,11900.0,11920.0,11600.0,11740.0,933915865210,79521076,8799,11820.0,11910.0,51.01882054339194,-6.647051962436308,-11.327489890389533,13013.468471707944,10539.531528292056,11776.5,11889.4,0.057094878253568515,1
2021-03-06,11750.0,11800.0,11510.0,11570.0,716732332870,61958127,8896,11740.0,11550.0,46.18552257834032,-28.246820664697225,-14.711356045251073,12955.285882886938,10685.714117113062,11820.5,11835.6,0.10043290043290054,1
2021-03-07,11450.0,12030.0,11450.0,11780.0,925200597650,78545797,11613,11570.0,12030.0,52.62937636313961,-6.557216990802772,-13.080528234361413,12787.87292763352,11031.12707236648,11909.5,11797.0,0.12219451371571077,1
2021-03-08,12140.0,12480.0,11970.0,12410.0,2162898569810,174284774,19517,11780.0,12480.0,57.73851054815202,46.40822425786973,-1.1827777359151845,12745.970118928684,11240.029881071316,11993.0,11777.4,0.12099358974358965,1
2021-03-09,12700.0,13000.0,12240.0,12590.0,1604384493000,127413792,17137,12410.0,12400.0,56.57038506523466,80.99472980303653,15.25272377187516,12757.103119722977,11333.896880277023,12045.5,11753.0,0.1225806451612903,1
2021-03-10,12480.0,12640.0,12340.0,12500.0,1101407037500,88138499,12192,12590.0,12590.0,58.70710476243984,122.32609762556785,36.6673985426137,12826.109911473819,11333.890088526181,12080.0,11733.8,0.09451945988880062,1
2021-03-13,12380.0,13030.0,12380.0,12740.0,1444911020060,113400632,16928,12500.0,12710.0,60.04417435602495,162.88684338253006,61.91128751059697,12851.93517034395,11321.06482965605,12086.5,11715.8,0.09598741148701806,1
2021-03-16,13500.0,13500.0,13500.0,13500.0,771845031000,57173706,3345,12740.0,13500.0,67.50414579041593,255.8288881393255,100.69480763634269,13097.40862708681,11168.59137291319,12133.0,11727.4,0.014814814814814836,0
2021-03-17,14310.0,14310.0,13860.0,14170.0,2943596839720,207764062,26202,13500.0,13990.0,71.10741807086515,364.8196196366498,153.5197700364041,13456.746978018115,10954.253021981885,12205.5,11756.0,-0.035739814152966454,0
2021-03-27,14100.0,14320.0,13890.0,14060.0,1070518206970,76163418,15439,14170.0,13920.0,69.91473654593959,440.4696842612011,210.90975288136354,13733.508158685296,10822.491841314704,12278.0,11780.4,-0.049568965517241326,0
2021-03-28,14060.0,14060.0,13780.0,13800.0,1159415227850,84018743,11461,14060.0,13780.0,67.4770365185282,483.55198920338626,265.4382001457681,13951.842938975326,10762.157061024674,12357.0,11803.2,-0.029753265602322165,0
2021-03-30,13640.0,14300.0,13600.0,13970.0,777505009350,55662597,11833,13800.0,13930.0,68.73486034296232,523.7611798081944,317.1027960782534,14176.983477554533,10712.016522445467,12444.5,11840.6,-0.08111988513998569,0
2021-03-31,13900.0,14090.0,13700.0,13760.0,419956043890,30518130,5643,13970.0,13700.0,64.60873690757853,530.9477401987642,359.87178490235556,14329.16182305043,10744.83817694957,12537.0,11880.2,-0.07226277372262768,0
2021-04-03,13490.0,13490.0,13490.0,13490.0,373008050920,27650708,1821,13760.0,13490.0,61.00771265815886,513.7754129811328,390.65251051811106,14417.890058124747,10841.109941875253,12629.5,11925.4,-0.07561156412157155,0
2021-04-04,13230.0,13230.0,13230.0,13230.0,153414061290,11595923,781,13490.0,13230.0,56.78757285067935,473.7255792581309,407.26712426611505,14476.098338536094,10888.901661463906,12682.5,11953.6,-0.0755857898715041,0
2021-04-05,12970.0,13380.0,12970.0,13020.0,1423966918650,109388395,14212,13230.0,13370.0,58.45408983862773,448.1170134722124,415.43710210733457,14519.495929729466,11018.504070270534,12769.0,11990.6,-0.06507105459985041,0
2021-04-06,13380.0,13410.0,12760.0,12960.0,703737016140,54293452,10660,13020.0,12800.0,49.99940498301709,377.47649026703584,407.84497973927483,14495.348102888296,11162.651897111704,12829.0,12021.0,0.018750000000000044,0
2021-04-07,12750.0,12880.0,12710.0,12720.0,308364419690,24243843,3428,12960.0,12710.0,48.79922121258076,310.6501374394247,388.40601127930483,14455.704806889456,11312.295193110544,12884.0,12060.4,0.00472069236821393,0
2021-04-10,12470.0,12530.0,12470.0,12470.0,252279732970,20230451,1740,12720.0,12470.0,45.652211048302604,235.6078366492511,357.8463763532941,14415.22755964392,11426.77244035608,12921.0,12103.8,0.01844426623897344,0
2021-04-11,12230.0,12300.0,12230.0,12230.0,1524768395510,124626379,12667,12470.0,12230.0,42.68757476502168,154.98372250710054,317.2738455840554,14389.223766791252,11489.776233208748,12939.5,12152.2,0.017988552739165886,0
2021-04-12,12250.0,12530.0,12110.0,12310.0,945807481830,76851728,12207,12230.0,12500.0,46.86784394815704,111.5889467831148,276.13686582386725,14356.39900533315,11581.60099466685,12969.0,12196.2,-0.0023999999999999577,0
2021-04-13,12700.0,13040.0,12600.0,12980.0,2449523849120,188712769,19672,12310.0,13040.0,54.081534488391725,119.39544504172227,244.78858166743828,14268.64121634994,11818.35878365006,13043.5,12242.8,-0.06595092024539873,0
2021-04-14,13030.0,13170.0,12730.0,12950.0,1377891123040,106404742,13957,12980.0,12770.0,50.39718329839278,102.6125539902987,216.3533761320104,14222.874281923141,11938.125718076859,13080.5,12274.0,-0.05873140172278779,0
2021-04-17,12700.0,12880.0,12700.0,12700.0,123122528580,9692007,1202,12950.0,12700.0,49.45647679078843,82.71014585610283,189.6247300768289,14214.60774193726,11968.39225806274,13091.5,12299.2,-0.04488188976377949,0
2021-04-18,12450.0,12450.0,12450.0,12470.0,105200657400,8449852,619,12700.0,12450.0,46.143737176413026,46.23150534234446,160.94608512993202,14211.14636462704,11976.85363537296,13094.0,12314.0,-0.053815261044176665,0
2021-04-19,12230.0,12590.0,12230.0,12290.0,1735482831380,141171735,14929,12470.0,12470.0,46.45274962248584,18.71996071940339,132.5008602478263,14217.134181574276,11958.865818425724,13088.0,12337.4,-0.020048115477145134,0
2021-04-20,12310.0,12650.0,12120.0,12350.0,842585511130,68198392,9962,12290.0,12180.0,42.63297222184552,-26.181904278279035,100.76430734260524,14248.281782805674,11874.718217194326,13061.5,12344.6,0.03530377668308704,0
2021-04-21,12200.0,12360.0,11980.0,12110.0,675013743150,55757581,7164,12350.0,12020.0,40.64704959212586,-73.82659162087111,65.84612754990997,14238.513589054659,11736.486410945341,12987.5,12340.0,0.0532445923460898,1
2021-04-24,11800.0,12250.0,11800.0,12000.0,575701433780,47959966,7339,12110.0,12130.0,42.62579878845699,-101.53879291069825,32.369143457788326,14109.612751969718,11679.387248030282,12894.5,12346.6,0.021434460016487966,0
2021-04-25,11750.0,11990.0,11650.0,11760.0,712834032460,60595344,6562,12000.0,11780.0,38.25557916379695,-150.0137222071662,-4.107429675202582,13999.438529794077,11575.561470205923,12787.5,12352.4,0.022920203735144362,0
2021-04-26,11710.0,12300.0,11710.0,12040.0,666961908120,55383192,8584,11760.0,12220.0,45.78131588414794,-151.18338222910097,-33.52262018598226,13854.864134238293,11564.135865761707,12709.5,12373.4,-0.041734860883797076,0
2021-04-27,12250.0,12760.0,12230.0,12660.0,1544152408070,121999895,12443,12040.0,12610.0,51.43196623909069,-119.26578387330665,-50.67125292344714,13642.745215149633,11644.254784850367,12643.5,12412.2,-0.04996034892942114,0
2021-04-28,12670.0,13200.0,12450.0,12770.0,726552365030,56904744,9133,12660.0,12660.0,52.12091259431662,-88.91136027405446,-58.319274393568605,13465.851759876676,11717.148240123324,12591.5,12460.4,-0.06635071090047395,0
2021-05-01,12550.0,12750.0,12390.0,12420.0,580748556940,46744067,5079,12770.0,12390.0,48.14899225059315,-85.6546311262191,-63.78634574009871,13310.483849960348,11762.516150039652,12536.5,12492.0,-0.06537530266343827,0
2021-05-02,12050.0,12050.0,12050.0,12070.0,105851899500,8784390,719,12420.0,12050.0,43.6391190632276,-109.24944867562226,-72.87896632720343,13209.80799531307,11745.19200468693,12477.5,12506.0,0.018257261410788317,0
2021-05-03,11710.0,11860.0,11710.0,11720.0,1117632133810,95381332,9929,12070.0,11710.0,39.64057607962462,-153.6129160015007,-89.02575626206288,13078.034198119925,11710.965801880075,12394.5,12502.2,0.08795900939368062,1
2021-05-05,11580.0,12210.0,11580.0,11970.0,786018916900,65679451,9789,11720.0,11980.0,44.026656348892615,-165.08158224255567,-104.23692145816145,13033.184485625097,11673.815514374903,12353.5,12490.2,0.057595993322203665,1
2021-05-08,12010.0,12350.0,11680.0,11930.0,544485078010,45623577,8182,11970.0,11820.0,42.07545875839072,-184.94926568221308,-120.37939030297179,13005.818484255014,11612.181515744986,12309.0,12475.2,0.07868020304568524,1
2021-05-09,11650.0,11750.0,11580.0,11580.0,690754738960,59627396,5735,11930.0,11580.0,39.26445719184115,-217.55272973684805,-139.81405818974704,13025.24897305186,11503.75102694814,12264.5,12456.0,0.08635578583765113,1
2021-05-10,11410.0,12270.0,11400.0,12020.0,1279381849560,106481412,12821,11580.0,12270.0,49.67430820158963,-185.57478585102763,-148.96620372200317,13027.085958323882,11505.914041676118,12266.5,12452.0,-0.0032599837000815146,0
2021-05-11,12300.0,12740.0,12090.0,12660.0,1760231182120,138985009,12946,12020.0,12740.0,55.29501579861705,-120.91315134389333,-143.3555932463812,13060.70905134079,11496.29094865921,12278.5,12462.8,-0.035321821036106704,0
2021-05-12,13100.0,13150.0,12450.0,12730.0,990734527650,77854760,11861,12660.0,12670.0,54.321907631772916,-74.458444520993,-129.57616350130357,12984.679239387646,11535.320760612354,12260.0,12472.6,-0.2991318074191003,0
2021-05-15,12680.0,13190.0,12570.0,12910.0,770638353100,59697544,9348,12730.0,12750.0,55.290304711854944,-30.832011032729497,-109.82733300758876,12980.91135189818,11537.08864810182,12259.0,12490.6,-0.29490196078431374,0
2021-05-16,12940.0,13090.0,12580.0,12740.0,656634827320,51548294,8088,12910.0,12580.0,52.73193761902489,-9.861648487420098,-89.83419610355503,12962.030323751713,11543.969676248287,12253.0,12509.4,-0.25198728139904614,0
2021-05-17,12570.0,12700.0,12200.0,12470.0,512407923680,41101240,6055,12740.0,12230.0,47.82538810064417,-21.239721724145056,-76.11530122767303,12945.266663506425,11538.733336493575,12242.0,12510.6,-0.21422730989370398,0
2021-05-18,12220.0,12820.0,12220.0,12440.0,842391663160,67706877,8784,12470.0,12290.0,48.7065032185588,-25.12579367059152,-65.91739971625672,12928.933904907255,11537.066095092745,12233.0,12523.6,-0.22131814483319767,0
2021-05-25,9000.0,9000.0,8790.0,8900.0,582914427500,65478842,7232,8870.0,8880.0,23.950631982443667,-299.90689512526296,-112.71529879805797,13687.686389397488,10448.313610602512,12068.0,12469.2,0.07770270270270263,1
2021-05-26,8900.0,9130.0,8760.0,8970.0,551146136150,61427501,10754,8900.0,8990.0,25.27012921753628,-502.99856270227974,-190.77195157890233,14020.289675799242,9812.710324200758,11916.5,12416.8,0.09788654060066748,1
2021-05-29,9040.0,9410.0,9040.0,9390.0,921701755030,98191699,6145,8970.0,9410.0,30.246579534056252,-622.8795152175808,-277.193464306638,14146.792247377633,9414.207752622367,11780.5,12370.4,0.06269925611052063,1
2021-05-30,9850.0,9850.0,9450.0,9770.0,1853228501870,189740020,17198,9390.0,9610.0,32.54999775701501,-693.7505804051525,-360.50488752634095,14220.423826603317,9123.576173396683,11672.0,12325.4,0.019771071800208206,0
2021-05-31,9520.0,9950.0,9470.0,9640.0,811361579940,84163749,9335,9770.0,9570.0,32.32012106048049,-744.5612373993445,-437.3161575009417,14231.68480049188,8847.31519950812,11539.5,12278.6,0.028213166144200663,0
2021-06-01,9520.0,9800.0,9520.0,9650.0,569295889040,58977676,7348,9640.0,9570.0,32.320121060480474,-775.8851283503591,-505.0299516708252,14162.754042425577,8612.245957574423,11387.5,12239.0,0.010449320794148287,0
2021-06-02,9560.0,9940.0,9560.0,9840.0,880045727480,89406208,9352,9650.0,9870.0,36.2370272570048,-767.6530186584132,-557.5545650683429,14033.839909255288,8462.160090744712,11248.0,12195.8,-0.012158054711246202,0
2021-06-07,9970.0,10150.0,9920.0,10010.0,759661624540,75864677,10968,9840.0,10000.0,37.913842303823465,-742.0848071486744,-594.4606134844092,13913.181489865496,8343.818510134504,11128.5,12146.2,-0.008000000000000007,0
2021-06-08,9970.0,10140.0,9720.0,9930.0,934965878710,94171046,11876,10010.0,9800.0,36.33090348040216,-729.5503416393476,-621.4785591153969,13824.376043196411,8207.623956803589,11016.0,12094.2,-0.004081632653061273,0
2021-06-09,9700.0,9890.0,9630.0,9770.0,466893651610,47787996,6554,9930.0,9840.0,36.89834584229149,-708.2250442558106,-638.8278561434797,13756.626849666318,8088.373150333681,10922.5,12039.2,0.009146341463414531,0
2021-06-12,9670.0,9850.0,9640.0,9740.0,765151971460,78592576,7866,9770.0,9670.0,35.45220710851184,-697.0075030663611,-650.463785528056,13647.599232556317,7966.4007674436825,10807.0,11978.4,0.0558428128231645,1
2021-06-13,9650.0,9820.0,9550.0,9720.0,525946305740,54092184,6396,9740.0,9750.0,36.70930379992811,-673.8939593644718,-655.1498202953392,13539.760037443595,7867.239962556405,10703.5,11903.4,0.02564102564102555,0
2021-06-14,9830.0,9930.0,9740.0,9850.0,832339529140,84498866,8446,9720.0,9920.0,39.40973880462625,-634.544100801857,-651.0286763966428,13446.440374459367,7794.559625540633,10620.5,11822.0,0.014112903225806495,0
2021-06-15,9900.0,10020.0,9750.0,9920.0,891977399880,89910141,9679,9850.0,9760.0,37.77606149412835,-609.2467004943755,-642.6722812161894,13238.512347338637,7751.4876526613625,10495.0,11738.8,0.058401639344262346,1
2021-06-16,9730.0,9960.0,9730.0,9920.0,1127095207490,113619491,8371,9920.0,9930.0,40.5938460180308,-568.9225640654986,-627.9223377860512,12904.742929604858,7804.257070395142,10354.5,11661.8,0.07955689828801615,1
2021-06-19,9910.0,10240.0,9880.0,10090.0,1588033866820,157409167,11316,9920.0,10210.0,45.0107868497593,-508.5099493241796,-604.0398600936769,12549.924249355492,7913.075750644508,10231.5,11587.4,0.0372184133202742,0
2021-06-20,10110.0,10290.0,9980.0,10140.0,1142462577300,112701749,9822,10090.0,10000.0,42.46087575267195,-472.1352802325582,-577.6589441214531,12104.377079057454,8083.6229209425455,10094.0,11513.4,0.06099999999999994,1
2021-06-21,9870.0,10140.0,9860.0,10080.0,728768645200,72315904,8171,10140.0,10060.0,43.44666325310159,-433.46982404701157,-548.8211201065649,11623.990338135942,8312.009661864058,9968.0,11444.8,0.05666003976143141,1
2021-06-22,10060.0,10390.0,10050.0,10210.0,996064911490,97535316,11970,10080.0,10330.0,47.78213506803158,-376.6980868754654,-514.396513460345,11180.319394792105,8565.680605207895,9873.0,11386.8,0.028073572120038692,0
2021-06-23,10380.0,10720.0,10230.0,10590.0,2607674601760,246232566,19090,10210.0,10720.0,53.34572490489435,-296.81483881370696,-470.8801785310174,10606.620065014773,8982.379934985227,9794.5,11333.8,-0.011194029850746245,0
2021-06-26,10880.0,10960.0,10580.0,10800.0,1557425927120,144220200,20109,10590.0,10590.0,51.380563238453256,-241.21611353667504,-424.947365532149,10647.854152817836,9112.145847182164,9880.0,11289.6,-0.04627006610009443,0
2021-06-27,10650.0,10820.0,10520.0,10650.0,808570658720,75911169,12782,10800.0,10610.0,51.675505704804515,-193.31151551579023,-378.6201955288773,10676.203467552828,9245.796532447172,9961.0,11247.6,-0.03581526861451456,0
2021-06-28,10550.0,10690.0,10410.0,10610.0,730766947230,68898363,10074,10650.0,10630.0,51.98916009532425,-151.98100122004507,-333.2923566671109,10746.861366055322,9297.138633944678,10022.0,11210.8,-0.0235183443085607,0
2021-06-29,10510.0,10820.0,10510.0,10670.0,629647739420,59021339,8894,10610.0,10620.0,51.808094324142914,-118.66528772656966,-290.3669428790027,10816.00184935855,9328.99815064145,10072.5,11178.6,0.013182674199623268,0
2021-06-30,10580.0,10730.0,10520.0,10630.0,506046838270,47625377,8536,10670.0,10600.0,51.422358276436064,-92.80636361941106,-250.85482702708438,10863.821600116935,9384.178399883065,10124.0,11140.6,-0.016981132075471694,0
2021-07-03,10630.0,10630.0,10100.0,10250.0,1168765515660,114014851,16321,10630.0,10100.0,42.83571664578069,-111.37494030332527,-222.95884968233258,10845.66832493978,9455.33167506022,10150.5,11081.8,0.022772277227722793,0
2021-07-04,10050.0,10470.0,10010.0,10270.0,572845246960,55760104,9048,10250.0,10230.0,45.389058942654735,-114.28337000948886,-201.22375374776385,10852.233135075066,9484.766864924934,10168.5,11031.0,0.035190615835777095,0
2021-07-05,10130.0,10430.0,10130.0,10260.0,1176114786030,114635355,15407,10270.0,10380.0,48.260745486894194,-103.29386769939447,-181.63777653808998,10872.565690280559,9502.434309719441,10187.5,10984.6,0.034682080924855585,0
2021-07-06,10400.0,10770.0,10380.0,10690.0,2343965963550,219330222,23503,10260.0,10760.0,54.75206723996159,-63.193330360152686,-157.94888730250253,10939.502130678291,9531.497869321709,10235.5,10950.8,-0.005576208178438624,0
2021-07-07,10490.0,10720.0,10330.0,10460.0,1216297653510,116233464,17032,10690.0,10420.0,48.846926949567234,-58.17788566006129,-137.9946869740143,10948.443711133872,9580.556288866128,10264.5,10909.8,0.028790786948176494,0
2021-07-10,10260.0,10430.0,10200.0,10260.0,904850387860,88156494,11959,10460.0,10330.0,47.3899124272874,-60.76489752568705,-122.54872908434885,10924.87150078687,9670.12849921313,10297.5,10872.8,0.030009680542110395,0
2021-07-11,10400.0,10690.0,10350.0,10540.0,1039841681900,98697009,14398,10260.0,10590.0,51.8574785429736,-41.35854046854911,-106.3106913611889,10925.758475418112,9753.241524581888,10339.5,10844.2,-0.0009442870632672129,0
2021-07-12,10660.0,11060.0,10610.0,10850.0,1695540395300,156216780,19250,10540.0,10740.0,54.270182446247176,-13.716995304483135,-87.79195214984775,10958.305330539244,9802.694669460756,10380.5,10816.4,-0.0027932960893854997,0
2021-07-13,10720.0,11050.0,10660.0,10830.0,1168130199640,107829635,15788,10850.0,10700.0,53.50019442284636,4.904921793338872,-69.25257736121043,10945.607131778326,9909.392868221674,10427.5,10794.8,-0.0261682242990654,0
2021-07-14,10510.0,10770.0,10510.0,10670.0,895027074850,83900309,12026,10830.0,10720.0,53.85274646542251,21.03428793216517,-51.195204302535316,10946.378764652296,9987.621235347704,10467.0,10764.8,-0.006529850746268662,0
2021-07-17,10730.0,10790.0,10510.0,10660.0,826922788750,77603918,10842,10670.0,10640.0,52.14954016035476,27.049782338001023,-35.54620697442805,10958.32017836568,10018.67982163432,10488.5,10725.4,0.03571428571428581,0
2021-07-18,10490.0,10630.0,10390.0,10490.0,1010096717920,96260142,12234,10660.0,10580.0,50.85056417681218,26.668192116499995,-23.103327156242447,10931.402162351875,10103.597837648125,10517.5,10683.8,0.03969754253308122,0
2021-07-26,10840.0,10840.0,10660.0,10790.0,415617143050,38512453,3324,10490.0,10710.0,53.55023577438406,36.43568476784276,-11.195524771425404,10914.197748482271,10185.802251517729,10550.0,10650.2,0.06442577030812324,1
2021-07-27,10760.0,10800.0,10410.0,10540.0,1123802677170,106614974,13499,10790.0,10420.0,47.307667953730935,20.539154112708275,-4.848588994598669,10909.829424618278,10199.170575381722,10554.5,10617.6,0.1410748560460653,1
2021-07-28,10350.0,10770.0,10350.0,10600.0,1221678979660,115208632,13123,10540.0,10650.0,52.07902632471448,26.19812121637551,1.3607530475961673,10901.079990858598,10200.920009141402,10551.0,10596.4,0.1615023474178403,1
2021-07-31,10690.0,11050.0,10650.0,10950.0,2536912447630,231700713,24868,10600.0,11020.0,58.57721715163946,59.848900329317985,13.058382503940532,10977.956532811539,10167.043467188461,10572.5,10577.2,0.1225045372050817,1
2021-08-08,11020.0,11120.0,10860.0,11000.0,2785194821720,253156718,18100,10550.0,11000.0,58.11844843717032,83.93599051376805,27.233904105906035,11038.255532178093,10145.744467821907,10592.0,10560.8,0.1327272727272728,1
2021-08-09,11000.0,11480.0,11000.0,11330.0,2493765269560,220118923,24154,11000.0,11400.0,64.16356330060492,133.75993877208384,48.5391110391416,11199.269724932288,10061.730275067712,10630.5,10557.2,0.08771929824561409,1
2021-08-10,11550.0,11890.0,11470.0,11790.0,4164183800780,353301509,27255,11330.0,11890.0,69.89586145212176,210.35978497136603,80.9032458255865,11484.326514802298,9903.673485197702,10694.0,10549.6,0.03111858704793935,0
2021-08-11,12150.0,12370.0,12070.0,12280.0,4185538811670,340891219,36166,11790.0,12370.0,74.24236275500633,306.2672452702773,125.97604571452464,11856.425043939074,9708.574956060926,10782.5,10542.2,0.010509296685529579,0
2021-08-14,12490.0,12490.0,11900.0,12210.0,2372205548300,194218710,29310,12280.0,12370.0,74.24236275500633,377.91819285181555,176.36447514198284,12125.900809008408,9666.099190991592,10896.0,10536.2,0.007275666936135794,0
2021-08-15,12370.0,12490.0,11970.0,12330.0,1928917996730,156398366,19446,12210.0,12460.0,75.0264502479634,436.9277022920287,228.47712057199203,12372.576920909414,9642.423079090586,11007.5,10530.4,0.015248796147672605,0
2021-08-22,12400.0,12580.0,12110.0,12360.0,2200362916580,178042872,27877,12330.0,12400.0,73.42181240928733,473.3946660723468,277.46062967206296,12568.531164050797,9648.468835949203,11108.5,10526.8,0.0040322580645162365,0
2021-08-23,12370.0,12420.0,12030.0,12250.0,1594870643520,130225077,20272,12360.0,12260.0,69.67713522178585,485.40274691365084,319.04905312038056,12716.500652315424,9650.499347684576,11183.5,10527.4,-0.021207177814029365,0
2021-08-24,12160.0,12670.0,12160.0,12470.0,1891247681620,151607814,19624,12250.0,12500.0,72.28657553303573,508.4244313686486,356.92412877003414,12880.257043619495,9694.742956380505,11287.5,10531.6,-0.04800000000000004,0
2021-08-25,12600.0,12610.0,12210.0,12370.0,1511965006490,122251981,19921,12470.0,12460.0,71.18703442189943,517.4764698291874,389.0345969818648,13001.201294175533,9786.798705824467,11394.0,10603.2,-0.028089887640449396,0
2021-08-28,12420.0,12710.0,12290.0,12510.0,2128435976380,170089447,25828,12370.0,12650.0,73.26710515683327,533.8280501634654,417.9932876181849,13148.327950468803,9845.672049531197,11497.0,10676.4,-0.04822134387351784,0
2021-08-29,12680.0,13100.0,12350.0,12630.0,3416681016610,270492020,32565,12510.0,12450.0,67.72469951206907,524.6011908793407,439.3148682704161,13245.231186932962,9919.768813067038,11582.5,10737.2,-0.04497991967871484,0
2021-08-30,12450.0,12500.0,12000.0,12100.0,3794469787870,313525813,26640,12630.0,12000.0,57.233874885755654,475.49637302563315,446.5511692214596,13268.263708872917,10026.736291127083,11647.5,10785.0,-0.01749999999999996,0
2021-08-31,11750.0,12270.0,11570.0,11930.0,1923778199760,161311348,23380,12100.0,11900.0,55.187998663134536,423.62796732229253,441.9665288416262,13272.913419247769,10140.086580752231,11706.5,10831.6,-0.031932773109243695,0
2021-09-01,12000.0,12300.0,11750.0,12040.0,1218727217110,101181740,14077,11930.0,12110.0,58.53968079906785,394.9147951350933,432.5561821003197,13275.700504780112,10284.299495219888,11780.0,10882.4,-0.03798513625103217,0
2021-09-04,12200.0,12250.0,11920.0,12060.0,1272707357080,105516641,17378,12040.0,12040.0,57.00903191485327,362.3342209697912,418.511789874214,13246.314034953886,10459.685965046114,11853.0,10925.8,-0.04568106312292364,0
2021-09-05,12050.0,12060.0,11720.0,11890.0,696750759120,58579333,13019,12060.0,11890.0,53.76487556446679,320.71315322239207,398.95206254384965,13202.884967764161,10621.115032235839,11912.0,10963.6,-0.04793944491169044,0
2021-09-06,11750.0,11950.0,11510.0,11800.0,1314885922610,111468142,17728,11890.0,11790.0,51.65450024662834,276.4719958337191,374.4560492018236,13078.39753620248,10882.60246379752,11980.5,11003.4,-0.05089058524173029,0
2021-09-07,11500.0,11810.0,11400.0,11590.0,1195044354610,103122623,15824,11800.0,11520.0,46.3629758236212,217.12098083309138,342.9890355280772,12965.369215557568,11082.630784442432,12024.0,11037.0,-0.01388888888888884,0
2021-09-08,11430.0,11800.0,11430.0,11600.0,1270161344700,109476794,21851,11590.0,11650.0,49.06833413596965,178.5169550538758,310.0946194332369,12897.271346625359,11213.728653374641,12055.5,11076.6,-0.03519313304721028,0
2021-09-11,11750.0,11790.0,11460.0,11580.0,1518837478070,131105853,15124,11600.0,11490.0,45.99352522988429,133.47372169347727,274.770439885285,12819.810786620112,11340.189213379888,12080.0,11111.4,-0.07223672758920796,0
2021-09-12,11440.0,11450.0,11080.0,11260.0,1200061894020,106561064,17391,11580.0,11320.0,42.9163434610794,83.10111753141427,236.43657541451086,12831.179448872563,11320.820551127437,12076.0,11139.4,-0.08215547703180215,0
2021-09-13,11200.0,11390.0,11060.0,11180.0,1070467663800,95728347,14257,11260.0,11190.0,40.67522148816441,32.318010367047464,195.6128624050182,12886.858144134978,11195.141855865022,12041.0,11168.0,-0.06434316353887404,0
2021-09-14,11200.0,11430.0,11180.0,11310.0,934316872930,82630655,13814,11180.0,11360.0,44.73918952806325,5.723632840927166,157.6350164922,12871.62371435541,11109.37628564459,11990.5,11196.6,-0.10563380281690138,0
2021-09-15,11220.0,11330.0,11100.0,11220.0,712021835420,63440038,14600,11310.0,11240.0,42.524705845013195,-24.750294085133646,121.15795437673329,12854.57373414598,11013.42626585402,11934.0,11217.2,-0.08540925266903909,0
2021-09-18,11140.0,11150.0,10660.0,10710.0,1182365992900,110358481,17347,11220.0,10660.0,33.813058938266096,-94.61162949346908,78.00403760269282,12885.314553821026,10802.685446178974,11844.0,11230.4,-0.007504690431519689,0
2021-09-19,10450.0,10880.0,10290.0,10440.0,807092774310,77340350,13109,10710.0,10390.0,30.663819705558396,-169.80656031773833,28.441918018606593,12928.797852862093,10558.202147137907,11743.5,11237.0,0.005774783445620768,0
2021-09-20,10410.0,10590.0,10390.0,10480.0,694784135400,66306057,10858,10440.0,10470.0,32.66494068424281,-220.40308378042573,-21.327082341199873,12936.145077594378,10371.854922405622,11654.0,11239.8,0.0019102196752627254,0
2021-09-21,10480.0,10580.0,9980.0,10140.0,878695470420,86617042,13281,10480.0,10160.0,29.153679054146707,-282.2618633163729,-73.5140385362345,12912.646756983602,10161.353243016398,11537.0,11228.6,0.03937007874015741,0
2021-09-22,10160.0,10280.0,9920.0,10100.0,999847299730,98950600,15427,10140.0,10280.0,32.192219901582746,-317.9374100944933,-122.39871284788626,12838.852224720755,10017.147775279245,11428.0,11222.4,0.057392996108949434,1
2021-09-25,10280.0,10600.0,10280.0,10550.0,1069930657640,101417753,16336,10100.0,10580.0,39.21151916779543,-318.33349477712727,-161.58566923373448,12663.461911332623,9985.538088667377,11324.5,11221.8,0.02930056710775042,0
2021-09-26,10750.0,10750.0,10350.0,10500.0,512583511180,48809259,10829,10550.0,10450.0,37.4045710147747,-325.3864557703346,-194.34582654105452,12509.964507483392,9939.035492516608,11224.5,11218.2,0.032535885167464196,0
2021-09-28,10600.0,10600.0,10350.0,10440.0,455163241800,43601832,10422,10500.0,10490.0,38.34601502714938,-324.01328896136147,-220.27931902511594,12420.705940852493,9877.294059147507,11149.0,11215.6,0.012392755004766443,0
2021-09-29,10410.0,10660.0,10380.0,10480.0,649826970080,61996626,10047,10440.0,10560.0,40.04542034162101,-313.6609413023507,-238.9556434805629,12329.342775663341,9834.657224336659,11082.0,11214.8,-0.019886363636363646,0
2021-10-02,10590.0,11000.0,10590.0,10900.0,1386646483970,127159011,15429,10480.0,10870.0,47.01117886051121,-277.24629921848464,-246.61377462814727,12176.77136894009,9863.22863105991,11020.0,11230.2,-0.05151793928242865,0
2021-10-03,10870.0,11020.0,10700.0,10860.0,705010036710,64915676,9427,10900.0,10890.0,47.43549700176146,-243.96136540099906,-246.08329278271762,12020.892649256188,9904.107350743812,10962.5,11243.4,-0.06244260789715339,0
2021-10-04,10890.0,10960.0,10720.0,10830.0,443535511980,40935944,7689,10860.0,10790.0,45.474703296286386,-223.08044727731613,-241.48272368163734,11878.064268866074,9936.935731133926,10907.5,11251.6,-0.06580166821130673,0
2021-10-06,10820.0,10840.0,10600.0,10670.0,766722013190,71842154,11121,10830.0,10620.0,42.27543858630795,-217.7397798325237,-236.73413491181464,11737.299499042716,9960.700500957284,10849.0,11248.8,-0.04143126177024481,0
2021-10-09,10620.0,10720.0,10260.0,10380.0,627965516340,60522468,9303,10670.0,10350.0,37.73475385618754,-232.6125927480589,-235.9098264790635,11647.902472587724,9933.097527412276,10790.5,11247.4,0.019323671497584627,0
2021-10-10,10230.0,10410.0,10140.0,10280.0,455139478460,44285258,7323,10380.0,10310.0,37.09901822322076,-244.80510893261635,-237.68888296977408,11508.10881973092,9938.89118026908,10723.5,11247.0,0.022308438409311293,0
2021-10-11,10300.0,10400.0,10210.0,10310.0,501169565310,48597848,7594,10280.0,10210.0,35.48927412481075,-259.545056268862,-242.06011762959167,11390.567028390387,9928.432971609613,10659.5,11239.4,0.04701273261508332,0
2021-10-12,10150.0,10250.0,9990.0,10070.0,683649281270,67893378,10131,10310.0,10080.0,33.45688013949308,-278.506040007871,-249.34930210524755,11303.895781414041,9891.104218585959,10597.5,11226.2,0.05456349206349209,1
2021-10-13,10020.0,10200.0,9970.0,10050.0,672671751620,66932409,9869,10070.0,10180.0,36.47075893234425,-282.2104456152683,-255.9215308072517,11220.382506454955,9873.617493545045,10547.0,11215.8,0.028487229862475427,0
2021-10-16,10400.0,10550.0,10400.0,10550.0,998100464110,94628320,5615,10050.0,10550.0,46.183171681383,-252.38101473086135,-255.21342759197364,11067.47326139448,9945.52673860552,10506.5,11212.4,0.03601895734597149,0
2021-10-17,10710.0,10950.0,10500.0,10600.0,1067060764300,100696047,11633,10550.0,10540.0,45.978578121453815,-226.93196187577632,-249.5571344487342,10921.401100242667,10021.598899757333,10471.5,11210.4,0.03130929791271342,0
2021-10-18,10500.0,10760.0,10400.0,10630.0,850987891140,80021213,8684,10600.0,10690.0,49.586297432671735,-192.44131406195447,-238.13397037137827,10925.59695093931,10020.40304906069,10473.0,11212.6,0.035547240411599734,0
2021-10-19,10800.0,10870.0,10620.0,10770.0,560191947270,52028961,7694,10630.0,10630.0,48.1996834016607,-168.0119881216433,-224.1095739214313,10940.872789273017,10029.127210726983,10485.0,11211.0,0.09125117591721543,1
2021-10-20,10620.0,10660.0,10430.0,10550.0,567244587130,53755334,6227,10770.0,10470.0,44.61670019854902,-159.7210690730044,-211.23187295174594,10940.872789273017,10029.127210726983,10485.0,11212.0,0.11747851002865328,1
2021-10-23,11070.0,11070.0,10800.0,10990.0,3075311302770,279919222,25408,10550.0,10930.0,54.97865288055639,-114.70999495714386,-191.92749735282553,10992.936896717289,10054.063103282711,10523.5,11217.6,-0.0009149130832570851,0
2021-10-25,10990.0,11160.0,10820.0,10960.0,990474088320,90378714,11675,10990.0,10870.0,53.570762925792145,-82.92399677568937,-170.1267972373983,11031.585415573392,10074.414584426608,10553.0,11214.6,0.04691812327506906,0
2021-10-26,10800.0,11180.0,10770.0,11050.0,990346036780,89600552,10262,10960.0,11070.0,57.479499582129854,-41.121018180238025,-144.32564142596627,11106.607739500714,10048.392260499286,10577.5,11216.0,0.06594399277326102,1
2021-10-27,11070.0,11600.0,11040.0,11480.0,2053247627470,178922727,19469,11050.0,11600.0,65.7163698050098,34.37842109745543,-108.58482892128193,11322.444543217525,9947.555456782475,10635.0,11220.0,0.037931034482758585,0
2021-10-30,11700.0,11730.0,11130.0,11310.0,1086001186690,95982108,13625,11480.0,11700.0,67.0147228696953,101.11583453613093,-66.64469622979937,11520.472120740786,9870.527879259214,10695.5,11216.2,0.036752136752136844,0
2021-10-31,11320.0,11440.0,10770.0,10980.0,1545396383920,140709717,14748,11310.0,10920.0,50.84130009391588,90.02844239223123,-35.31006850539325,11541.564611005415,9885.435388994585,10713.5,11187.2,0.0714285714285714,1
2021-11-01,11200.0,11520.0,11200.0,11400.0,1042798253560,91477408,11467,10980.0,11380.0,57.37480216757597,117.01093068527553,-4.8458686672594915,11614.805914572142,9863.194085427858,10739.0,11167.4,0.054481546572934914,1
2021-11-02,11680.0,11840.0,11510.0,11670.0,942911578100,80821341,9937,11400.0,11800.0,62.30139897218017,170.32187244552006,30.18767955529642,11774.11558193045,9794.88441806955,10784.5,11154.2,0.011864406779660941,0
2021-11-03,11810.0,12110.0,11750.0,11930.0,1096950339960,91949372,12940,11670.0,12040.0,64.80469376630852,229.29401345488077,70.0089463352133,11977.912905576526,9716.087094423474,10847.0,11147.0,-0.002491694352159457,0
2021-11-06,12050.0,12480.0,12030.0,12290.0,1849620869080,150487290,21413,11930.0,12130.0,65.72386115304877,280.0637078245527,112.01989863308118,12177.519920160448,9667.480079839552,10922.5,11144.4,-0.036273701566364336,0
2021-11-07,12050.0,12320.0,11680.0,11940.0,1848999019230,154811384,20929,12290.0,11700.0,57.938358224453985,282.34693038968544,146.08530498440206,12259.72437954051,9720.27562045949,10990.0,11128.4,-0.004273504273504258,0
2021-11-08,11710.0,12150.0,11620.0,11940.0,966600408080,80923031,11648,11940.0,12000.0,61.37598339443195,304.84977507302574,177.8381990021268,12376.490399349983,9772.509600650017,11074.5,11119.2,-0.0625,0
2021-11-09,12030.0,12200.0,11880.0,12010.0,806501814590,67165074,10873,11940.0,11940.0,60.31427057975879,314.21981264461283,205.114521730624,12451.5797147017,9870.4202852983,11161.0,11105.0,-0.06616415410385257,0
2021-11-10,11940.0,12080.0,11800.0,11970.0,901008061090,75246306,10570,12010.0,12010.0,61.1584535394527,323.5642031905045,228.8044580226001,12497.981761252264,10017.018238747736,11257.5,11096.2,-0.06744379683597002,0
2021-11-13,11800.0,11950.0,11510.0,11750.0,724840198640,61711653,9829,11970.0,11690.0,55.36093371465905,301.67090002058467,243.37774642219705,12482.436383624388,10183.563616375612,11333.0,11090.0,-0.08554319931565435,0
2021-11-14,11750.0,11930.0,11600.0,11740.0,710444880000,60503628,9077,11750.0,11650.0,54.66338115830028,277.88929896129594,250.28005693001683,12486.446175285575,10289.553824714425,11388.0,11085.0,-0.05236051502145922,0
2021-11-15,11650.0,11660.0,11160.0,11280.0,809287914550,71773060,10567,11740.0,11250.0,48.132170945031596,224.18132891243476,245.06031132650043,12453.806265146197,10393.193734853803,11423.5,11067.8,-0.015111111111111075,0
2021-11-16,11060.0,11390.0,11060.0,11220.0,516800766400,46062879,7117,11280.0,11150.0,46.63211660648038,171.57045404324344,230.36233986984905,12429.745137287495,10463.254862712505,11446.5,11050.0,-0.02959641255605383,0
2021-11-17,11150.0,11340.0,11050.0,11160.0,597674516320,53548043,8786,11220.0,11200.0,47.512919325588946,132.38449277486507,210.76677045085228,12392.790825841872,10557.209174158128,11475.0,11036.2,-0.04107142857142854,0
2021-11-20,11020.0,11190.0,10610.0,10690.0,1438134421010,134548898,17586,11160.0,10690.0,40.22107771876667,59.490825196793594,180.51158140004057,12359.553661774424,10612.446338225576,11486.0,11014.2,-0.04209541627689428,0
2021-11-21,10700.0,11170.0,10570.0,10880.0,1015589013680,93324728,13456,10690.0,11040.0,46.31076861607955,29.62267167896789,150.33379945582604,12352.27348936843,10630.72651063157,11491.5,11004.6,-0.07608695652173914,0
2021-11-22,11180.0,11290.0,10950.0,11130.0,722011790110,64860126,10572,10880.0,11080.0,46.97558193149069,9.074999587463026,122.08203948215343,12336.927541766052,10667.072458233948,11502.0,10993.2,-0.0830324909747292,0
2021-11-23,11120.0,11130.0,10800.0,10910.0,433959061350,39776506,8463,11130.0,10820.0,43.22859893226302,-27.867763442491196,92.09207889722451,12356.782537584784,10622.217462415216,11489.5,10979.8,-0.0739371534195934,0
2021-11-24,10800.0,10940.0,10690.0,10770.0,558423537610,51873959,7960,10910.0,10740.0,42.11545237832542,-62.87570868313742,61.098521381152125,12370.994997282032,10522.005002717968,11446.5,10968.2,-0.056797020484171346,0
2021-11-27,10350.0,10550.0,10240.0,10280.0,1192050965120,116006291,16071,10770.0,10240.0,35.89429345294708,-129.47309360178406,22.984198384564888,12427.848614073879,10319.151385926121,11373.5,10949.2,-0.0009765625,0
2021-11-28,10110.0,10450.0,10110.0,10300.0,754752495350,73268483,9904,10280.0,10200.0,35.44322984702606,-183.36593826907847,-18.285828946163786,12495.409754687087,10179.590245312913,11337.5,10926.0,0.009803921568627416,0
2021-11-29,10300.0,10400.0,10120.0,10220.0,584363887680,57199650,8523,10300.0,10160.0,34.96997788900663,-226.69091983725593,-59.96684712438221,12542.521721772386,10010.478278227614,11276.5,10904.4,0.0029527559055118058,0
2021-11-30,10250.0,10250.0,10020.0,10100.0,569508052650,56379579,9364,10220.0,10020.0,33.29433230650646,-269.2197125777129,-101.81742021504836,12541.041650633448,9833.958349366552,11187.5,10891.6,0.02594810379241519,0
2021-12-01,10080.0,10190.0,9980.0,10070.0,641740004640,63712750,9695,10100.0,10130.0,35.89352247339018,-290.69703210282387,-139.59334259260348,12460.906132647351,9723.093867352649,11092.0,10886.4,0.03455083909180656,0
2021-12-04,10400.0,10420.0,9990.0,10100.0,624409014300,61827229,9648,10070.0,10230.0,38.24916900426548,-296.23399717688153,-170.9214735094591,12327.760684721161,9666.239315278839,10997.0,10881.6,0.011730205278592365,0
2021-12-05,10270.0,10470.0,10210.0,10320.0,663247544490,64240048,8119,10100.0,10300.0,39.91360493454894,-291.6121436346002,-195.05960753448733,12249.741093335932,9604.258906664068,10927.0,10884.4,-0.01747572815533982,0
2021-12-06,10350.0,10380.0,10160.0,10270.0,392663069250,38216266,5740,10320.0,10190.0,38.17238780173053,-293.44274677229987,-214.73623538204984,12099.532461973777,9573.467538026223,10836.5,10882.6,-0.055937193326790924,0
2021-12-07,10170.0,10370.0,10130.0,10260.0,375099099720,36566182,5121,10270.0,10280.0,40.46097875129904,-284.3534159340634,-228.65967149245256,11930.823659831716,9576.176340168284,10753.5,10876.6,-0.03696498054474706,0
2021-12-08,10260.0,10650.0,10260.0,10460.0,532025543280,50875004,7184,10260.0,10480.0,45.30601918215881,-258.0372346114091,-234.53518411624387,11707.477559192606,9646.522440807394,10677.0,10877.2,-0.06106870229007633,0
2021-12-11,10540.0,10600.0,10320.0,10410.0,405066125380,38903883,5344,10460.0,10350.0,42.86433311097039,-244.84891893569693,-236.5979310801345,11537.404981655562,9682.595018344438,10610.0,10874.4,-0.04057971014492756,0
2021-12-12,10300.0,10300.0,10050.0,10120.0,515191744430,50932531,5566,10410.0,10120.0,38.87272351772343,-250.0734702560294,-239.29303891531347,11351.039601487022,9715.960398512978,10533.5,10865.6,-0.04347826086956519,0
2021-12-13,10090.0,10190.0,9620.0,9790.0,1309343954410,133774229,15950,10120.0,9620.0,31.91491424209164,-291.2029794641985,-249.6750270250905,11292.252343049136,9611.747656950864,10452.0,10840.6,0.03534303534303529,0
2021-12-14,9670.0,10020.0,9630.0,9850.0,659248406760,66947017,7942,9790.0,9900.0,38.548284953576214,-297.77221910633307,-259.294465441339,11198.140216659775,9580.859783340225,10389.5,10820.8,0.027272727272727337,0
2021-12-15,9850.0,10100.0,9770.0,9870.0,412129633110,41755901,8472,9850.0,9840.0,37.70064968843472,-304.3119684657686,-268.29796604622493,11072.772919783198,9570.227080216802,10321.5,10801.8,0.0792682926829269,1
2021-12-18,9910.0,10070.0,9880.0,9950.0,422256697210,42451768,6070,9870.0,9930.0,39.83765049899054,-298.7882738788212,-274.3960276127442,11033.253959642478,9533.746040357522,10283.5,10788.0,0.07049345417925479,1
2021-12-19,9910.0,9990.0,9590.0,9700.0,420690620270,43384852,6730,9950.0,9680.0,36.13021272565843,-310.9986183035344,-281.71654575090224,10924.032991468694,9506.967008531306,10215.5,10774.6,0.12706611570247928,1
2021-12-20,9920.0,10060.0,9830.0,9950.0,629590672430,63269962,6417,9700.0,9960.0,42.576004424920164,-294.6848013336803,-284.3101968674579,10753.68768078746,9565.31231921254,10159.5,10767.6,0.10040160642570273,1
2021-12-21,9960.0,10230.0,9960.0,10120.0,693792806600,68536996,5995,9950.0,10170.0,46.9040160375316,-261.7929526953794,-279.8067480330422,10638.472384395856,9615.527615604144,10127.0,10766.8,0.07866273352999009,1
2021-12-22,10300.0,10620.0,10210.0,10550.0,1202956716160,114037521,9305,10120.0,10620.0,54.770716595199616,-197.14215444377078,-263.2738293151879,10605.681338612889,9636.318661387111,10121.0,10777.6,0.005649717514124353,0
2021-12-25,10800.0,11060.0,10580.0,10810.0,1028243353060,95133663,13112,10550.0,10630.0,54.93051986598295,-143.44546459486082,-239.30815637112252,10671.893451220074,9609.106548779926,10140.5,10786.6,-0.01411100658513642,0
2021-12-26,10590.0,10950.0,10450.0,10710.0,769932276850,71882370,8826,10810.0,10910.0,59.269867959451666,-77.40451996001684,-206.9274290889014,10804.534804127488,9547.465195872512,10176.0,10793.8,-0.02108157653528875,0
2021-12-27,11000.0,11240.0,10870.0,11100.0,1174308082290,105818947,11795,10710.0,10960.0,60.010302577766616,-20.792332340581197,-169.70040973923736,10931.217449451267,9500.782550548733,10216.0,10802.2,-0.04105839416058399,0
2021-12-28,11090.0,11090.0,10820.0,10960.0,637999439450,58207314,7189,11100.0,10970.0,60.1662709506862,24.59661616285848,-130.8410045588182,11043.583969838872,9483.416030161128,10263.5,10807.8,-0.05378304466727435,0
2021-12-29,10940.0,11070.0,10680.0,10820.0,863067247710,79734418,7422,10960.0,10680.0,53.63336842596475,36.743551700734315,-97.32409330690771,11088.894729898357,9493.105270101643,10291.0,10808.8,-0.023408239700374533,0
2022-01-01,10680.0,10680.0,10450.0,10530.0,572053019020,54312297,6498,10820.0,10480.0,49.630951166344595,29.887235649774084,-71.88182751557136,11105.00545849643,9501.99454150357,10303.5,10809.0,-0.006679389312977069,0
2022-01-02,10540.0,10680.0,10480.0,10570.0,378578998570,35831288,5119,10530.0,10680.0,53.377788530433214,40.129298736344936,-49.4796022651881,11140.616739835808,9504.383260164192,10322.5,10804.0,-0.05711610486891383,0
2022-01-03,10690.0,10720.0,10490.0,10570.0,316164450650,29918409,4132,10570.0,10510.0,49.97483461764681,34.135139630538106,-32.756653886042855,11158.14077497375,9518.85922502625,10338.5,10796.8,-0.04281636536631783,0
2022-01-04,10440.0,10500.0,10360.0,10390.0,414731151650,39916173,4486,10570.0,10380.0,47.481944691063,18.679486318233103,-22.469425845187665,11162.872320742877,9524.127679257123,10343.5,10783.0,-0.03179190751445082,0
2022-01-05,10390.0,10490.0,10330.0,10400.0,277921735720,26713888,3902,10390.0,10430.0,48.54508344795946,10.346088579894058,-15.90632296017132,11158.995110009571,9523.004889990429,10341.0,10759.6,-0.03739213806327901,0
2022-01-08,10400.0,10560.0,10240.0,10360.0,428292717090,41338897,5721,10400.0,10410.0,48.12542059640627,2.1037275190301443,-12.304312864331028,11162.54505068418,9525.45494931582,10344.0,10733.8,-0.03938520653218058,0
2022-01-09,10230.0,10300.0,9970.0,10060.0,608531465420,60495870,7467,10360.0,10070.0,41.54952455716787,-31.500443996104877,-16.1435390906858,11163.066187229957,9519.933812770043,10341.5,10716.8,-0.003972194637537285,0
2022-01-10,10020.0,10180.0,9960.0,10030.0,493990561670,49246139,5983,10060.0,10060.0,41.37047359485335,-58.26723998094167,-24.568279268736973,11128.20321040229,9598.79678959771,10363.5,10690.4,-0.011928429423459286,0
2022-01-11,10180.0,10270.0,10040.0,10100.0,281137128560,27833048,4386,10030.0,10050.0,41.17936731693087,-79.37208310318601,-35.529040035626785,11120.156859409008,9621.843140590992,10371.0,10655.4,-0.05074626865671639,0
2022-01-12,10020.0,10180.0,10010.0,10100.0,309719350490,30675607,4504,10100.0,10040.0,40.975525315471955,-95.80041223766966,-47.58331447603537,11106.503962773166,9655.496037226834,10381.0,10615.4,-0.041832669322709126,0
2022-01-15,10100.0,10200.0,9970.0,10050.0,586069962480,58314729,5826,10100.0,10000.0,40.12002557723387,-110.7707508787862,-60.220801756585544,11101.897379420616,9667.102620579384,10384.5,10572.8,-0.010000000000000009,0
2022-01-16,10060.0,10100.0,9890.0,9990.0,398099911880,39831559,5531,10050.0,10030.0,41.11305096443552,-118.84414154201113,-71.94546971367066,11064.800120699721,9739.199879300279,10402.0,10539.4,-0.03788634097706878,0
2022-01-17,10010.0,10100.0,9820.0,9930.0,422461546920,42529152,6437,9990.0,9940.0,39.022321744594414,-130.99458560531275,-83.75529289199909,11066.519346074603,9735.480653925397,10401.0,10498.2,-0.046277665995975825,0
2022-01-18,9820.0,9830.0,9440.0,9580.0,804643408120,83956395,9512,9930.0,9540.0,31.383567221885855,-170.93018040584502,-101.19027039476828,11128.801652836057,9610.198347163943,10369.5,10450.2,0.01048218029350112,0
2022-01-19,9620.0,9760.0,9580.0,9620.0,454972319400,47305116,6183,9580.0,9620.0,34.15955092301007,-193.88906316517023,-119.73002894884867,11135.795902231275,9503.204097768725,10319.5,10402.4,0.03430353430353428,0
2022-01-22,9900.0,10100.0,9840.0,9970.0,581773143490,58374900,8085,9620.0,9900.0,42.871134421574126,-187.3310475131875,-133.25023266171644,11105.753912175185,9460.246087824815,10283.0,10366.6,0.051515151515151514,1
2022-01-23,9900.0,9900.0,9550.0,9700.0,487277613430,50232031,5841,9970.0,9650.0,38.032469921301875,-200.0011942529345,-146.60042497996005,11033.97788667726,9406.02211332274,10220.0,10326.6,0.10984455958549222,1
2022-01-24,9600.0,9760.0,9430.0,9560.0,467430062850,48904568,6079,9700.0,9480.0,35.12898402707677,-221.20998506894284,-161.5223369977566,10946.409894991048,9345.590105008952,10146.0,10291.2,0.1350210970464134,1
2022-01-25,9430.0,9650.0,9100.0,9480.0,2935041304130,309472216,12985,9560.0,9640.0,39.788097465460424,-222.54211479579862,-173.726292557365,10813.243143068188,9345.756856931812,10079.5,10261.0,0.11514522821576767,1
2022-01-26,9920.0,9950.0,9720.0,9920.0,854013361560,86080853,8962,9480.0,9950.0,47.63534301714715,-196.32036897158832,-178.2451078402097,10724.383885925978,9361.616114074022,10043.0,10236.0,0.08743718592964833,1
2022-01-29,10240.0,10410.0,10100.0,10390.0,937936824500,90300564,6831,9920.0,10410.0,56.66127134999813,-136.8438402606389,-169.96485432429554,10712.537146077084,9366.462853922916,10039.5,10230.4,0.04034582132564846,0
2022-01-30,10610.0,10800.0,10520.0,10660.0,1785569560790,167499431,13047,10390.0,10710.0,61.34130440401619,-64.75432243569776,-148.92274794657598,10719.849025925196,9362.150974074804,10041.0,10223.8,-0.014939309056956063,0
2022-01-31,10710.0,10900.0,10680.0,10740.0,737877658830,68680765,8425,10660.0,10760.0,62.076353380872426,-3.547385992387717,-119.84767555573833,10774.340481659838,9332.659518340162,10053.5,10217.4,-0.029739776951672847,0
2022-02-01,10850.0,10850.0,10740.0,10760.0,1356344340400,126077575,6991,10740.0,10750.0,61.823170095659464,43.64947174516237,-87.14824609555819,10842.677623912608,9301.322376087392,10072.0,10216.0,-0.043720930232558186,0
2022-02-02,10760.0,10830.0,10760.0,10790.0,1028977288330,95405420,6633,10760.0,10820.0,62.961949685492215,85.7136825452908,-52.575860367388394,10915.32704495518,9267.67295504482,10091.5,10217.6,-0.031423290203327126,0
2022-02-05,10800.0,10840.0,10790.0,10810.0,1196976783620,110739404,6628,10790.0,10830.0,63.131144136532505,118.49089975285096,-18.362508343340522,10987.551427059909,9237.448572940091,10112.5,10229.4,-0.05724838411819022,0
2022-02-06,10810.0,10820.0,10310.0,10670.0,3949281623610,370043527,14669,10810.0,10550.0,55.48788035467864,120.48454970461171,9.406903266249927,11031.670933397405,9241.329066602595,10136.5,10236.4,-0.03222748815165877,0
2022-02-07,10340.0,10540.0,10340.0,10440.0,521430293760,49945065,3981,10670.0,10440.0,52.784181502699305,111.89855408613766,29.905233430227476,11059.457410500949,9251.542589499051,10155.5,10242.0,0.011494252873563315,0
2022-02-08,10440.0,10500.0,10210.0,10390.0,657432709470,63260500,4967,10440.0,10280.0,49.04107532250628,91.13290448093903,42.15076764036979,11071.148217937513,9262.851782062487,10167.0,10247.2,0.020428015564202262,0
2022-02-09,10310.0,10490.0,10080.0,10330.0,633146443170,61317877,8068,10390.0,10480.0,53.481726310245435,89.77938522352088,51.676491157000015,11101.0942933708,9276.9057066292,10189.0,10254.2,0.000954198473282375,0
2022-02-12,10410.0,10500.0,10140.0,10260.0,354383023030,34530073,4678,10330.0,10210.0,47.467974035772194,66.15734722727211,54.572662371054435,11107.475219925951,9291.524780074049,10199.5,10253.8,0.028403525954946218,0
2022-02-13,10140.0,10260.0,10100.0,10220.0,572751114150,56030732,3761,10260.0,10210.0,47.467974035772194,46.89612261793445,53.03735442043044,11113.138601873465,9303.861398126535,10208.5,10252.0,0.008814887365328206,0
2022-02-14,10380.0,10580.0,10300.0,10480.0,680100878470,64920148,6077,10220.0,10560.0,55.06432518042288,59.191218748874235,54.2681272861192,11147.69546354272,9331.30453645728,10239.5,10259.4,-0.01041666666666663,0
2022-02-16,10540.0,10610.0,10470.0,10490.0,560893826600,53472515,4437,10480.0,10490.0,53.40111963799089,62.565539435521714,55.92760971599971,11141.683567175345,9432.316432824655,10287.0,10263.6,-0.007626310772163913,0
2022-02-19,10490.0,10500.0,10470.0,10490.0,985779027570,93975742,5003,10490.0,10490.0,53.40111963799089,64.49624037878675,57.64133584855712,11131.860717779186,9529.139282220814,10330.5,10263.8,-0.03431839847473783,0
2022-02-20,10500.0,10510.0,10470.0,10490.0,722905289170,68904742,4368,10490.0,10500.0,53.63315515873149,66.0716187203343,59.32739242291256,11139.76824649768,9581.23175350232,10360.5,10266.8,-0.040000000000000036,0
2022-02-21,10490.0,10490.0,10260.0,10360.0,423369359080,40848872,6366,10490.0,10300.0,48.438201479010154,50.598520626441314,57.581618063618315,11102.086736584155,9683.913263415845,10393.0,10270.4,-0.01941747572815533,0
2022-02-22,10410.0,10460.0,10330.0,10400.0,661966522200,63647744,5350,10360.0,10450.0,52.179388388203925,49.86491362266315,56.03827717542728,11013.628482073356,9869.371517926644,10441.5,10287.0,-0.03923444976076551,0
2022-02-23,10400.0,10470.0,10390.0,10400.0,457519403850,43979966,3814,10400.0,10410.0,51.114320343777884,45.53100598582387,53.9368229375066,10919.454206942613,10040.545793057387,10480.0,10297.2,-0.007684918347742542,0
2022-02-26,10400.0,10410.0,10070.0,10240.0,447416954160,43711296,5928,10400.0,10130.0,44.298065019103014,19.280440105274465,47.00554637106018,10890.392575914853,10087.607424085147,10489.0,10303.0,0.05330700888450157,1
2022-02-27,10100.0,10190.0,10000.0,10050.0,324651256690,32296255,5692,10240.0,10080.0,43.190452962147816,-5.494566668436164,36.50552376316091,10910.946119836362,10034.053880163638,10472.5,10306.0,0.05654761904761907,1
2022-02-28,10010.0,10210.0,10010.0,10110.0,385260930410,38119433,5355,10050.0,10100.0,43.79581646835052,-23.24712677127536,24.554993656273655,10894.751587517441,9989.248412482559,10442.0,10314.4,0.044554455445544594,0
2022-03-02,10160.0,10180.0,10020.0,10070.0,257174086580,25550776,4557,10110.0,10040.0,42.338232537307334,-41.677227971264074,11.30854933076611,10866.321626691128,9945.678373308872,10406.0,10316.0,0.05079681274900394,1
2022-03-05,10100.0,10360.0,10070.0,10170.0,672276197350,66073828,7225,10070.0,10330.0,50.852274721144724,-32.50790864964438,2.5452577346840126,10818.151243793167,9951.848756206833,10385.0,10319.2,0.010648596321394033,0
2022-03-06,10350.0,10670.0,10320.0,10590.0,1786604993480,168635516,12189,10170.0,10670.0,58.5750806501705,2.168998609737173,2.470005909694645,10784.679321674821,9970.320678325179,10377.5,10320.2,-0.018744142455482615,0
2022-03-07,10710.0,10960.0,10560.0,10740.0,792671971160,73826403,8636,10590.0,10650.0,57.997757907545555,27.717356164985176,7.519475960752751,10741.824255841444,9995.175744158556,10368.5,10320.6,-0.012206572769953072,0
2022-03-08,10620.0,10650.0,10420.0,10530.0,533906737770,50706125,5465,10740.0,10550.0,55.0748586318862,39.440800333170046,13.90374083523621,10741.824255841444,9995.175744158556,10368.5,10313.4,-0.0028436018957346265,0
2022-03-09,10470.0,10790.0,10470.0,10590.0,661008588490,62395650,5895,10530.0,10550.0,55.0748586318862,48.1763671278095,20.75826609375087,10754.54697476076,9993.45302523924,10374.0,10305.2,0.014218009478673022,0
2022-03-12,10540.0,10610.0,10360.0,10470.0,594572532040,56776747,5778,10590.0,10440.0,51.747827832514396,45.69652496260824,25.745917867522344,10761.0303417928,10002.9696582072,10382.0,10294.6,0.05555555555555558,1
2022-03-13,10340.0,10630.0,10310.0,10510.0,505428624450,48103494,4904,10470.0,10470.0,52.58902075240791,45.62603295326335,29.72194088467055,10760.037976958147,10002.962023041853,10381.5,10290.4,0.09646609360076419,1
2022-03-14,10460.0,10580.0,10460.0,10520.0,393552927480,37398632,3885,10510.0,10520.0,54.027521497934806,49.03945336812649,33.58544338136174,10771.545057369025,10022.454942630975,10397.0,10291.2,0.11406844106463887,1
2022-03-15,10520.0,10590.0,10450.0,10520.0,448239269510,42623906,3934,10520.0,10520.0,54.027521497934806,51.15493143255662,37.09934099160072,10780.406238054706,10044.593761945294,10412.5,10288.0,0.12072243346007605,1
2022-03-16,10520.0,10750.0,10500.0,10670.0,332493105390,31151156,4262,10520.0,10700.0,59.19645483478635,66.58836944391624,42.99714668206383,10803.347626017883,10035.652373982117,10419.5,10291.8,0.06728971962616814,1
2022-03-19,10780.0,11060.0,10770.0,10940.0,592879371170,54184282,6637,10670.0,11020.0,66.42404534565961,103.44831809163406,55.08738096397788,10910.387769002979,9981.612230997021,10446.0,10304.6,0.05989110707803991,1
2022-03-26,11400.0,11480.0,11100.0,11440.0,1433610233860,125349807,8955,10940.0,11480.0,73.64965483597857,167.84345372056669,77.63859551529565,11143.033010741197,9847.966989258803,10495.5,10325.6,0.061846689895470375,1
2022-03-27,11570.0,11850.0,11460.0,11670.0,997204363580,85471309,10221,11440.0,11720.0,76.49213473938681,235.52803629342816,109.21648367092216,11395.72047162802,9717.27952837198,10556.5,10351.8,0.03668941979522189,0
2022-03-28,11750.0,11940.0,11620.0,11750.0,697502208570,59376845,8237,11670.0,11790.0,77.26254906717851,291.45723305229694,145.66463354719713,11617.527242401116,9644.472757598884,10631.0,10386.2,0.04156064461407971,0
2022-03-29,11850.0,11850.0,11410.0,11510.0,826642407970,71795937,8666,11750.0,11420.0,65.11519073983231,302.4392848371408,177.01956380518587,11719.586054131843,9639.413945868157,10679.5,10413.4,0.04728546409807355,0
2022-03-30,11420.0,11700.0,11310.0,11610.0,410813406180,35378688,5410,11510.0,11680.0,68.8244198660703,328.3375956675791,207.28317017766454,11861.625942842176,9624.374057157824,10743.0,10446.0,0.027397260273972712,0
2022-04-03,11780.0,12190.0,11650.0,12160.0,1786374089940,146890520,9301,11610.0,12190.0,74.54243909596954,385.5703167379488,242.94059948972142,12091.991974291785,9600.008025708215,10846.0,10489.0,-0.0024610336341263084,0
2022-04-04,12670.0,12670.0,12020.0,12360.0,2841988819840,229946162,18851,12160.0,12150.0,73.40524999570086,422.8259208046147,278.9176637527001,12265.698693206894,9633.301306793106,10949.5,10532.0,0.014814814814814836,0
2022-04-05,12200.0,12420.0,12010.0,12300.0,1268017210000,103074692,11113,12360.0,12280.0,74.75328747950729,457.56662574796064,314.6474561517522,12434.934161156838,9682.065838843162,11058.5,10577.0,-0.05130293159609123,0
2022-04-06,12280.0,12370.0,11940.0,12060.0,865448665660,71742464,9884,12300.0,11960.0,65.8985943173801,454.0436267634268,342.5266902740871,12500.894815794953,9808.105184205047,11154.5,10617.4,-0.0008361204013378476,0
2022-04-09,11850.0,12100.0,11670.0,11980.0,590238726840,49277413,6963,12060.0,12000.0,66.43382350633837,449.3000392198355,363.8813600632368,12576.620185115822,9899.379814884178,11238.0,10666.6,0.0008333333333332416,0
2022-04-10,12060.0,12330.0,12060.0,12220.0,753425183250,61678908,6930,11980.0,12160.0,68.55952043494977,453.2268576489878,381.75045958038703,12681.877595844007,9943.122404155993,11312.5,10717.4,-0.009046052631578982,0
2022-04-11,12230.0,12330.0,12210.0,12260.0,650129511990,53011076,6513,12220.0,12330.0,70.6838414943137,464.69969992084225,398.3403076484781,12798.730722812586,9994.269277187414,11396.5,10766.0,-0.016220600162206056,0
2022-04-12,11800.0,11930.0,11650.0,11680.0,2079809754780,178129847,14148,12260.0,11650.0,54.7488831750204,414.1476566874444,401.5017774562714,12801.941039068166,10101.058960931834,11451.5,10806.0,0.030042918454935563,0
2022-04-13,11570.0,11970.0,11570.0,11860.0,686884180610,57938049,6783,11680.0,11950.0,59.126790412187034,393.7533475252385,399.95209147006483,12821.981064836971,10221.018935163029,11521.5,10855.4,0.012552301255230214,0
2022-04-16,11900.0,12080.0,11870.0,11990.0,707921181350,59035946,6469,11860.0,12010.0,59.96111286225689,378.07400732664064,395.57647464138,12816.716893940204,10383.283106059796,11600.0,10902.8,0.006661115736885881,0
2022-04-17,12000.0,12070.0,11800.0,11990.0,927699208860,77393649,8126,11990.0,12050.0,60.53941150063712,364.67197147501247,389.3955740081065,12792.802495956752,10565.197504043248,11679.0,10944.8,0.004149377593360981,0
2022-04-20,12110.0,12140.0,12000.0,12080.0,448167793640,37106890,3902,11990.0,12130.0,61.729951160135265,356.3977613750212,382.7960114814895,12752.807102561685,10766.192897438315,11759.5,10979.2,-0.016488046166529213,0
2022-04-24,12240.0,12240.0,11790.0,11910.0,602160681570,50561981,7452,12080.0,12000.0,58.63417753579594,335.48323481377156,373.3334561479459,12651.455377755708,11015.544622244292,11833.5,11005.0,-0.008333333333333304,0
2022-04-25,11840.0,12200.0,11820.0,12050.0,981254892590,81443515,7174,11910.0,12100.0,60.284156415388004,323.25124694027363,363.31701430641147,12541.223294226798,11265.776705773202,11903.5,11031.8,-0.025619834710743805,0
2022-04-26,12060.0,12200.0,12010.0,12090.0,772071684210,63858219,8023,12050.0,12090.0,60.026308845210515,309.18628496599194,352.49086843832754,12453.068543650448,11460.931456349552,11957.0,11058.6,-0.01985111662531014,0
2022-04-27,12100.0,12150.0,11980.0,12080.0,930332329500,77016131,8354,12090.0,12100.0,60.20959215932493,295.4409582343924,341.08088639754055,12436.133908558006,11539.866091441994,11988.0,11084.2,0.005785123966942196,0
2022-04-30,12070.0,12070.0,11900.0,11960.0,649714786520,54328105,7700,12080.0,11930.0,55.54684686669142,267.7437255160785,326.4134542212482,12430.577539336951,11566.422460663049,11998.5,11106.2,0.0008382229673093988,0
2022-05-01,11900.0,11990.0,11790.0,11880.0,613960835590,51692308,6607,11960.0,11900.0,54.74119521990841,240.5992414716311,309.2506116713248,12428.047167187182,11579.952832812818,12004.0,11133.2,-0.00588235294117645,0
2022-05-02,11810.0,11880.0,11740.0,11770.0,704561265630,59839168,7545,11880.0,11790.0,51.775875968843046,207.815395095251,288.96356835611004,12368.03581579841,11676.96418420159,12022.5,11160.2,0.025445292620865034,0
2022-05-07,11780.0,11970.0,11750.0,11820.0,794385268610,67222216,8397,11770.0,11850.0,53.2630466954507,184.54810354572328,268.0804753940327,12349.741274389546,11712.258725610454,12031.0,11191.6,0.02362869198312234,0
2022-05-08,11820.0,12180.0,11820.0,12050.0,897416123440,74499497,9796,11820.0,12170.0,60.29567561578022,189.7426973055426,252.41291977633472,12346.859590354265,11713.140409645735,12030.0,11225.4,0.0008216926869351049,0
2022-05-09,12180.0,12180.0,11780.0,11940.0,1079179711070,90397371,9046,12050.0,11940.0,54.00556400975713,173.30264743297448,236.59086530766268,12333.663969925694,11705.336030074306,12019.5,11260.0,0.04690117252931314,0
2022-05-10,11940.0,11970.0,11820.0,11890.0,472764804680,39754507,5574,11940.0,11830.0,51.251775201746405,149.67237875864885,219.20716799785993,12297.472960513045,11696.527039486955,11997.0,11292.4,0.06424344885883349,1
2022-05-11,11890.0,12240.0,11850.0,12120.0,892010616450,73623774,7609,11890.0,12090.0,56.85214473104454,150.1937081020278,205.40447601869352,12306.107005866477,11700.892994133523,12003.5,11323.0,0.05459057071960305,1
2022-05-14,12220.0,12470.0,12050.0,12160.0,926593642590,76201024,9297,12120.0,12130.0,57.65807925565661,152.08143099952213,194.73986701485924,12317.571129983739,11702.428870016261,12010.0,11355.8,0.033800494641385015,0
2022-05-15,12190.0,12240.0,11910.0,12090.0,652464801480,53947704,7845,12160.0,12180.0,58.69661369459534,155.81589844343398,186.9550733005742,12320.638498897462,11701.361501102538,12011.0,11389.6,0.031198686371100237,0
2022-05-16,12100.0,12620.0,12090.0,12320.0,1664959495750,135088447,15602,12090.0,12500.0,64.66927108212761,182.49314902264268,186.0626884449879,12370.297662477207,11668.702337522793,12019.5,11429.6,-0.013599999999999945,0
2022-05-17,12700.0,12890.0,12550.0,12770.0,1938810881620,151834110,16825,12320.0,12590.0,66.15177240831649,208.4939219946973,190.5489351549298,12456.3858807388,11676.6141192612,12066.5,11475.4,-0.023828435266084247,0
2022-05-18,12630.0,12830.0,12510.0,12690.0,930343913810,73293898,9650,12770.0,12750.0,68.66876621405159,239.25243162243532,200.28963444843092,12592.638869048205,11620.361130951795,12106.5,11521.4,-0.04941176470588238,0
2022-05-21,12590.0,12660.0,12250.0,12550.0,770988228260,61424001,7022,12690.0,12540.0,62.13768235137845,243.87231886214613,209.00617133117396,12651.88727099387,11614.11272900613,12133.0,11564.0,-0.044657097288676284,0
2022-05-22,12560.0,12600.0,12400.0,12540.0,1129884635110,90110710,7097,12550.0,12560.0,62.50345618943968,246.3081585073669,216.46656876641256,12707.800464226515,11609.199535773485,12158.5,11612.6,-0.06210191082802552,0
2022-05-23,12550.0,12580.0,12270.0,12400.0,1245281441210,100386697,8431,12540.0,12330.0,55.82444209613547,227.06207095296668,218.5856692037234,12722.621827759442,11614.378172240558,12168.5,11657.6,-0.04622871046228716,0
2022-05-24,12390.0,12390.0,12180.0,12260.0,1004115118710,81883317,6780,12400.0,12290.0,54.72911559375078,206.2047422883752,216.10948382065376,12733.893819169778,11632.106180830222,12183.0,11701.4,-0.048006509357200966,0
2022-05-25,12260.0,12280.0,11950.0,12110.0,1006676062960,83136147,10114,12260.0,12120.0,50.219255322525555,173.95236521738843,207.67806010000072,12734.359882258384,11633.640117741616,12184.0,11743.0,-0.05280528052805278,0
2022-05-28,12120.0,12250.0,11750.0,11960.0,804835573370,67288466,8097,12110.0,11980.0,46.79909907839066,135.53295451827034,193.24903898365466,12734.675332066663,11622.324667933337,12178.5,11776.0,-0.05926544240400666,0
2022-05-29,11820.0,11890.0,11580.0,11730.0,699489000490,59616472,6863,11960.0,11780.0,42.36070832275265,87.93332557145732,172.1858963012152,12744.595353013116,11580.404646986884,12162.5,11798.2,-0.03989813242784379,0
2022-05-30,11800.0,11930.0,11680.0,11750.0,661385948440,56275815,6326,11730.0,11760.0,41.93243325744504,48.042638213455575,147.35724468366328,12754.113322631205,11553.886677368795,12154.0,11820.4,-0.03826530612244894,0
2022-05-31,11770.0,11900.0,11600.0,11750.0,334700160320,28475982,5298,11750.0,11700.0,40.606087771457204,11.455431443358975,120.17688203560242,12766.941409764566,11521.058590235434,12144.0,11843.4,-0.013675213675213627,0
2022-06-06,11480.0,11480.0,11020.0,11280.0,702837327640,62333539,6488,11750.0,11480.0,36.09750637352518,-34.890162823166975,89.16347306384854,12799.477644932726,11457.522355067274,12128.5,11862.0,0.015679442508710784,0
2022-06-07,11340.0,11340.0,11150.0,11280.0,897226190540,79572207,7000,11280.0,11270.0,32.399494529102185,-87.55534166077996,53.81971011892285,12860.248973051865,11338.751026948135,12099.5,11878.6,0.04880212954747121,0
2022-06-08,11360.0,11360.0,11250.0,11290.0,569448226590,50448912,4284,11280.0,11310.0,33.79083866770557,-124.6285690502391,18.130054285090463,12890.173197361815,11222.826802638185,12056.5,11895.4,0.04509283819628651,0
2022-06-11,11260.0,11340.0,11150.0,11290.0,687301209400,60888112,6432,11290.0,11310.0,33.79083866770557,-152.25427633200707,-15.946811838329044,12919.304198804564,11130.695801195436,12025.0,11911.2,0.034482758620689724,0
2022-06-12,11300.0,11700.0,11200.0,11460.0,817716551880,71378541,7088,11290.0,11540.0,41.78150191177861,-153.81567917291432,-43.5205853052461,12926.130383942927,11094.869616057073,12010.5,11931.6,0.0060658578856152,0
2022-06-13,11600.0,12100.0,11600.0,11820.0,1263478092340,106858966,10013,11460.0,11660.0,45.47867064316072,-143.71346568162517,-63.559161380521914,12916.27342245935,11061.72657754065,11989.0,11950.8,-0.004288164665523175,0
2022-06-14,11750.0,11910.0,11640.0,11820.0,790861577530,66911238,5887,11820.0,11820.0,50.03483151631966,-121.39733299549516,-75.12679570351656,12901.191220180226,11045.808779819774,11973.5,11966.8,-0.02876480541455162,0
2022-06-15,11730.0,11990.0,11580.0,11710.0,454047359480,38764404,5093,11820.0,11820.0,50.03483151631966,-102.52973806481896,-80.60738417577704,12880.431889384012,11030.568110615988,11955.5,11973.6,-0.029610829103214886,0
2022-06-18,11650.0,11750.0,11550.0,11610.0,704542762480,60658889,5815,11710.0,11700.0,46.64434338995862,-96.15165385343607,-83.71623811130885,12811.523995214124,11019.476004785876,11915.5,11973.2,-0.052991452991453025,0
2022-06-19,11660.0,11740.0,11560.0,11610.0,526781701680,45368856,4662,11610.0,11610.0,44.22391140044438,-97.23832116527774,-86.42065472210264,12715.576557207583,11017.423442792417,11866.5,11969.6,-0.07062876830318687,0
2022-06-20,11590.0,11740.0,11580.0,11620.0,578398022780,49782910,4561,11610.0,11610.0,44.22391140044438,-96.98156967267096,-88.5328377122163,12561.15084979629,11057.84915020371,11809.5,11973.4,-0.06115417743324725,0
2022-06-21,11580.0,11610.0,11460.0,11550.0,492497000270,42656631,4072,11620.0,11480.0,40.687032983706146,-106.04557839302106,-92.03538584837727,12441.139321102351,11071.860678897649,11756.5,11969.4,-0.04878048780487809,0
2022-06-22,11460.0,11550.0,11310.0,11440.0,492403236100,43038062,4235,11550.0,11470.0,40.41924412876856,-112.73623390448483,-96.1755554595988,12288.637878081096,11115.362121918904,11702.0,11955.0,-0.04707933740191805,0
2022-06-25,11320.0,11320.0,11070.0,11150.0,899157015470,80665442,8481,11440.0,11080.0,31.665843139917285,-147.80456817808772,-106.50135800329659,12211.355751041725,11067.644248958275,11639.5,11933.6,-0.03339350180505418,0
2022-06-26,11110.0,11120.0,10750.0,10890.0,831277934730,76316596,6732,11150.0,10790.0,26.985872077777387,-196.72927943885225,-124.54694229040773,12168.00559235147,10960.99440764853,11564.5,11903.8,0.004633920296570837,0
2022-06-27,10800.0,10950.0,10780.0,10890.0,921595286720,84656585,6689,10890.0,10900.0,31.14287534307107,-224.0437480398632,-144.44630344029883,12116.632122792063,10890.367877207937,11503.5,11882.6,-0.010091743119266083,0
2022-06-28,10910.0,11050.0,10880.0,10930.0,490102602240,44829513,5085,10890.0,10920.0,31.90202889781449,-241.29532602595646,-163.81610795743035,12072.897782772003,10828.102217227997,11450.5,11861.0,0.0064102564102563875,0
2022-06-29,10920.0,10970.0,10900.0,10940.0,397507695690,36334015,3670,10930.0,10930.0,32.303911320001575,-251.2639945218889,-181.30568527032207,12050.358155548374,10765.641844451626,11408.0,11836.4,0.0,0
2022-07-02,10900.0,10930.0,10660.0,10830.0,433993062960,40088493,5029,10940.0,10710.0,28.341215995673622,-273.7606550868277,-199.7966792336232,12044.164649883753,10666.835350116247,11355.5,11804.0,0.02614379084967311,0
2022-07-03,10820.0,10840.0,10630.0,10800.0,313663612400,29044751,3937,10830.0,10840.0,33.53001123983728,-277.8960939330118,-215.41656217350092,12016.967884292473,10608.032115707527,11312.5,11787.8,0.04243542435424352,0
2022-07-04,10830.0,10900.0,10760.0,10800.0,300999911850,27861189,3696,10800.0,10790.0,32.55365525135667,-281.9578070582793,-228.72481115045662,12013.189771419267,10542.810228580733,11278.0,11764.6,0.053753475440222465,1
2022-07-05,10830.0,11100.0,10790.0,10980.0,661146645770,60218627,6538,10800.0,10990.0,40.07087285908595,-265.9724505945069,-236.17433903926667,12009.852532341023,10518.147467658977,11264.0,11744.2,0.034576888080072754,0
2022-07-06,10960.0,11220.0,10930.0,11040.0,953796275290,86387594,6988,10980.0,10930.0,38.67813256701025,-255.20361062323718,-239.98019335606077,12004.433999765297,10485.566000234703,11245.0,11721.8,0.009149130832570851,0
2022-07-09,10990.0,11300.0,10950.0,11100.0,760908375230,68566315,5962,11040.0,10990.0,40.8906279163157,-239.07185724833107,-239.79852613451484,11995.730721961445,10462.269278038555,11229.0,11699.0,0.0,0
2022-07-11,11280.0,11660.0,11210.0,11400.0,1298308235010,113911578,13596,11100.0,11300.0,50.773081289044455,-198.97920879507365,-231.6346626666266,11971.29702372442,10462.70297627558,11217.0,11685.0,-0.04159292035398232,0
2022-07-12,11300.0,11460.0,11200.0,11370.0,850160009150,74778647,6903,11400.0,11370.0,52.696282526380934,-159.7159747214955,-217.2509250776004,11932.948492365835,10472.051507634165,11202.5,11670.4,-0.07299912049252422,0
2022-07-13,11400.0,11500.0,11200.0,11310.0,512431333470,45327426,5997,11370.0,11370.0,52.696282526380934,-127.13405657585645,-199.22755137725164,11858.88143294652,10501.11856705348,11180.0,11656.0,-0.06068601583113453,0
2022-07-16,11370.0,11370.0,10910.0,11080.0,533033432680,48110092,6433,11310.0,11030.0,43.19099012765849,-127.28059869450408,-184.83816084070213,11754.681569244409,10526.318430755591,11140.5,11634.6,-0.00906618313689933,0
2022-07-17,11090.0,11090.0,10910.0,10990.0,547339174940,49798334,6205,11080.0,10990.0,42.225981898101466,-129.1358029333951,-173.69768925924072,11665.44625076766,10544.55374923234,11105.0,11615.8,-0.009099181073703333,0
2022-07-24,10990.0,10990.0,10710.0,10930.0,300910282970,27535444,1413,10990.0,10830.0,38.51871135075508,-141.88121020963808,-167.3343934493202,11587.666560169931,10544.333439830069,11066.0,11594.4,0.048014773776546615,0
2022-07-25,10890.0,10930.0,10500.0,10690.0,727470113390,68029792,7488,10930.0,10540.0,32.88344406713702,-173.38395140658577,-168.5443050407733,11519.288910691159,10505.711089308841,11012.5,11569.4,-0.4781783681214421,0
2022-07-26,10600.0,10760.0,10600.0,10690.0,490729649870,45920539,4829,10690.0,10680.0,37.627508552153145,-184.92160959328976,-171.81976595127662,11450.86701391247,10494.13298608753,10972.5,11546.0,-0.4831460674157303,0
2022-07-27,10700.0,11090.0,10680.0,10930.0,490874652810,44930484,5716,10690.0,10930.0,45.091288547628565,-171.91069666728072,-171.83795209447743,11365.95094838701,10525.04905161299,10945.5,11521.2,-0.46843549862763034,0
2022-07-30,10980.0,11170.0,10840.0,11040.0,540332728400,48954520,6181,10930.0,10890.0,44.18032847165702,-162.948748401408,-170.06011135586357,11352.432467513685,10519.567532486315,10936.0,11500.2,-0.4747474747474747,0
2022-07-31,10830.0,11370.0,10690.0,11170.0,1661850318610,148767350,13410,11040.0,11350.0,55.35144597660039,-117.37515647343025,-159.52312037937693,11411.544411203553,10516.455588796447,10964.0,11490.6,-0.49867841409691627,0
2022-08-09,5470.0,5500.0,5390.0,5460.0,692060828940,126831611,6913,5240.0,5500.0,14.796319458616296,-546.9984088777383,-237.01817807904922,13118.65172756822,8269.34827243178,10694.0,11358.8,0.016363636363636358,0
2022-08-10,5590.0,5600.0,5480.0,5520.0,542781015750,98255194,8348,5460.0,5520.0,15.025545517747204,-875.768781458004,-364.7682987548402,13730.232901657046,7117.767098342954,10424.0,11226.6,0.0036231884057971175,0
2022-08-13,5520.0,5850.0,5500.0,5780.0,864611493990,149535604,9910,5520.0,5810.0,18.451444786930736,-1100.2382325512845,-511.8622855141291,14024.893050111654,6311.106949888346,10168.0,11099.2,-0.06540447504302926,0
2022-08-14,5850.0,5850.0,5650.0,5740.0,354087102070,61677930,5739,5780.0,5720.0,18.20612481023325,-1270.745771355978,-663.6389826824989,14222.545887301807,5614.454112698194,9918.5,10963.6,-0.07517482517482521,0
2022-08-15,5720.0,5750.0,5600.0,5670.0,395085094000,69689904,5627,5740.0,5690.0,18.119644817238665,-1392.2460280108671,-809.3603917481726,14315.65315571414,5006.346844285859,9661.0,10825.6,-0.07205623901581726,0
2022-08-16,5730.0,5730.0,5510.0,5600.0,303613535090,54168816,5039,5670.0,5590.0,17.815858428166976,-1479.549693162011,-943.3982520309403,14346.207376844739,4455.792623155261,9401.0,10682.4,-0.046511627906976716,0
2022-08-17,5600.0,5650.0,5500.0,5560.0,423917045370,76206181,5200,5600.0,5540.0,17.656462575485392,-1535.077639440975,-1061.7341295129472,14289.365334418217,3967.6346655817842,9128.5,10542.4,-0.03971119133574008,0
2022-08-21,5420.0,5450.0,5400.0,5420.0,351314262970,64793800,2068,5560.0,5430.0,17.289964473848528,-1569.8636071587844,-1163.3600250421146,14184.422152873707,3522.577847126292,8853.5,10399.8,-0.03130755064456725,0
2022-08-22,5420.0,5420.0,5240.0,5310.0,621874298380,117052411,8497,5420.0,5290.0,16.811666189322622,-1590.3954780811837,-1248.7671156499284,14020.16130642758,3116.83869357242,8568.5,10259.0,-0.015122873345935761,0
2022-08-23,5230.0,5340.0,5220.0,5270.0,329122689880,62393229,6703,5310.0,5280.0,16.77596777274603,-1589.155257543678,-1316.8447440286784,13747.35720616876,2787.642793831241,8267.5,10118.8,-0.02840909090909094,0
2022-08-24,5330.0,5370.0,5280.0,5330.0,365888068740,68699416,5303,5270.0,5330.0,17.716782588046556,-1566.0849393727694,-1366.6927830974967,13393.639552369643,2537.360447630357,7965.5,9983.0,-0.039399624765478425,0
2022-08-27,5380.0,5380.0,5300.0,5330.0,275201828410,51647450,5280,5330.0,5320.0,17.673749870056255,-1530.9605027502885,-1399.5463270280552,12971.510525561735,2354.4894744382655,7663.0,9849.8,-0.045112781954887216,0
2022-08-28,5350.0,5350.0,5240.0,5270.0,260408946750,49398850,4191,5330.0,5260.0,17.400653817730785,-1490.7808386984834,-1417.793229362141,12545.080141531484,2203.9198584685164,7374.5,9719.4,-0.03231939163498099,0
2022-08-29,5270.0,5280.0,5200.0,5230.0,261650169900,50011302,5179,5270.0,5210.0,17.162655092878097,-1446.300693487542,-1423.4947221872212,12057.768999159212,2113.2310008407876,7085.5,9588.4,-0.028790786948176605,0
2022-08-30,5200.0,5280.0,5130.0,5170.0,234455073430,45326522,5325,5230.0,5130.0,16.767487145254407,-1401.351284066006,-1419.0660345629783,11529.040895455993,2071.9591045440056,6800.5,9457.0,-0.011695906432748537,0
2022-08-31,5160.0,5190.0,5120.0,5140.0,185444802610,36092715,3911,5170.0,5120.0,16.71567686993167,-1350.9624158973847,-1405.4453108298596,10982.96819905563,2076.031800944371,6529.5,9329.8,-0.015625,0
2022-09-03,5120.0,5170.0,5020.0,5090.0,331643846300,65174611,5148,5140.0,5080.0,16.496106344828803,-1299.2792580342493,-1384.2121002707377,10310.861717453865,2188.138282546135,6249.5,9206.0,-0.007874015748031482,0
2022-09-04,5100.0,5180.0,5070.0,5090.0,215396544090,42292675,3891,5090.0,5090.0,16.790377920617374,-1243.1824334060475,-1356.0061668977999,9427.525216046683,2487.474783953318,5957.5,9081.6,-0.011787819253438081,0
2022-09-05,5150.0,5150.0,5050.0,5080.0,247383720220,48675596,4011,5090.0,5060.0,16.601365072379068,-1187.4577709947089,-1322.2964877171817,8311.06635077456,3020.9336492254415,5666.0,8956.6,0.01383399209486158,0
2022-09-06,5080.0,5100.0,5020.0,5060.0,175608551800,34701518,3234,5080.0,5070.0,16.93702674664094,-1129.4688443648029,-1283.730959046706,5811.852150152479,4892.147849847521,5352.0,8827.2,0.029585798816567976,0
2022-09-07,5080.0,5090.0,5020.0,5060.0,215291219330,42583792,3401,5060.0,5040.0,16.719618943482104,-1073.5576472118582,-1241.6962966797364,5802.7467677988525,4855.2532322011475,5329.0,8694.8,0.021825396825396748,0
2022-09-10,5050.0,5070.0,4990.0,5030.0,253873785990,50441468,3581,5060.0,5040.0,16.719618943482104,-1017.5183030354847,-1196.860697950886,5786.1860347099255,4823.8139652900745,5305.0,8559.2,0.01388888888888884,0
2022-09-11,5040.0,5060.0,5020.0,5030.0,189855163190,37750629,3062,5030.0,5030.0,16.637060279470376,-962.8149045721093,-1150.0515392751308,5701.403261356485,4830.596738643515,5266.0,8423.4,0.011928429423459175,0
2022-09-12,5100.0,5170.0,5050.0,5100.0,275376150730,53997996,5170,5030.0,5130.0,20.846194401506665,-901.0066590002671,-1100.2425632201582,5621.949088726209,4851.050911273791,5236.5,8292.0,-0.011695906432748537,0
2022-09-13,5160.0,5230.0,5120.0,5180.0,400648290970,77278407,4958,5100.0,5220.0,24.53910576190634,-835.1340260422685,-1047.2208557845804,5537.474960512929,4888.525039487071,5213.0,8164.2,-0.044061302681992376,0
2022-09-14,5250.0,5250.0,5120.0,5170.0,232827879720,45054451,3908,5180.0,5150.0,23.616220536577217,-779.5912620319586,-993.6949370340561,5466.1654048020355,4915.8345951979645,5191.0,8035.0,-0.05242718446601946,0
2022-09-18,5170.0,5190.0,5080.0,5110.0,178779610790,34970851,3165,5170.0,5110.0,23.082013882244127,-730.3815037671056,-941.0322503806661,5394.9306988851995,4944.0693011148005,5169.5,7907.6,-0.03718199608610573,0
2022-09-19,5110.0,5120.0,5080.0,5100.0,210164540620,41222453,2704,5110.0,5090.0,22.804254040616115,-685.0988555109734,-889.8455714067277,5345.774416309739,4959.225583690261,5152.5,7780.0,-0.013752455795677854,0
2022-09-20,5100.0,5110.0,5060.0,5080.0,151667409260,29849060,2366,5100.0,5070.0,22.51250843059185,-643.4090444212861,-840.5582660096395,5327.109805775101,4955.890194224899,5141.5,7659.8,-0.0335305719921104,0
2022-09-21,5050.0,5080.0,4990.0,5020.0,246375980990,49116423,4401,5080.0,4990.0,21.336638888641687,-609.7955565940802,-794.4057241265277,5312.375295009534,4941.624704990466,5127.0,7543.8,-0.01002004008016033,0
2022-09-24,4990.0,4990.0,4860.0,4910.0,232389135810,47330516,4780,5020.0,4880.0,19.804865463043527,-585.2858945460521,-752.5817582104327,5295.022964494764,4913.977035505236,5104.5,7423.4,0.006147540983606481,0
2022-09-26,4880.0,5020.0,4870.0,4950.0,245442683220,49543805,4308,4910.0,4920.0,21.99780833796831,-556.2223599551908,-713.3098785593843,5263.996518071728,4905.003481928272,5084.5,7303.4,0.0,0
2022-09-28,4990.0,5110.0,4950.0,5040.0,224675735280,44592048,3552,4950.0,5020.0,27.346648767630512,-519.1358600910671,-674.4750748657209,5234.71898779081,4910.28101220919,5072.5,7185.2,-0.023505976095617553,0
2022-10-01,5060.0,5060.0,4900.0,4930.0,209322592000,42451061,3400,5040.0,4900.0,25.120533611991377,-493.7360569486209,-638.3272712823009,5222.9035864587495,4891.0964135412505,5057.0,7069.0,0.00020408163265295265,0
2022-10-02,4920.0,4970.0,4870.0,4930.0,173876232690,35283387,2643,4930.0,4940.0,27.246521114965745,-465.01842135897186,-603.665501297635,5217.308715912572,4877.691284087428,5047.5,6951.0,-0.006072874493927127,0
2022-10-03,4930.0,4980.0,4900.0,4930.0,128730444420,26126619,2143,4930.0,4910.0,26.63570826800688,-439.6126564797996,-570.854932334068,5213.419953519655,4860.580046480345,5037.0,6833.4,0.02138492871690434,0
2022-10-04,4910.0,4960.0,4900.0,4920.0,108470642630,22066425,2104,4930.0,4920.0,27.22139349356472,-413.90030329549245,-539.4640065263529,5211.307432651216,4846.692567348784,5029.0,6712.0,0.029471544715447218,0
2022-10-08,4920.0,4980.0,4899.0,4914.0,141391370083,28772541,2848,4920.0,4902.0,26.806556237480393,-390.47438210214113,-509.66608164151063,5207.6536093774275,4831.546390622573,5019.6,6591.44,0.028151774785801775,0
2022-10-09,4914.0,4920.0,4880.0,4909.0,270569610422,55112475,2578,4914.0,4901.0,26.782137409710856,-367.7506617130248,-481.2829976558135,5205.552320769707,4817.747679230292,5011.65,6469.66,0.022240359110385688,0
2022-10-10,4909.0,4920.0,4879.0,4897.0,162276887259,33137450,2719,4909.0,4910.0,27.4229196593201,-345.038337627956,-454.03406565024204,5200.443572049187,4806.856427950812,5003.65,6341.86,0.018329938900203624,0
2022-10-11,4921.0,5060.0,4904.0,4979.0,185088976799,37174234,2794,4897.0,5015.0,34.612739997270324,-314.93565251711243,-426.21438302361616,5198.570741956793,4806.229258043206,5002.4,6214.76,-0.016949152542372836,0
2022-10-12,5055.0,5090.0,5018.0,5058.0,165804890175,32782519,2532,4979.0,5065.0,37.77396953246933,-283.77331344147024,-397.726169107187,5201.0777336137935,4806.222266386206,5003.65,6088.66,-0.03455083909180656,0
2022-10-15,5070.0,5080.0,4940.0,5030.0,147769564460,29365546,2299,5058.0,5040.0,36.8155645901563,-258.1187934996833,-369.8046939856863,5201.892534624898,4806.407465375101,5004.15,5968.86,-0.03293650793650793,0
2022-10-16,5040.0,5040.0,4930.0,4990.0,187280095670,37568225,2303,5030.0,5010.0,35.6467586918626,-237.470736069512,-343.33790240245145,5187.351770604503,4808.948229395496,4998.15,5849.26,-0.06207584830339319,0
2022-10-17,5000.0,5000.0,4910.0,4980.0,148598209630,29816705,2078,4990.0,5000.0,35.24508542753688,-219.3849846804087,-318.5473188580429,5146.744830742978,4827.555169257022,4987.15,5732.66,-0.1058,0
2022-10-18,5000.0,5010.0,4910.0,4950.0,138832419600,28056860,2405,4980.0,4930.0,32.485609426485965,-208.29916823959684,-296.4976887343537,5118.75333095647,4833.54666904353,4976.15,5620.46,-0.1099391480730223,0
2022-10-19,4940.0,4960.0,4880.0,4910.0,107777591770,21968294,2687,4950.0,4890.0,30.992369906525823,-200.43080301400823,-277.28431159028463,5098.3900465321185,4831.909953467881,4965.15,5504.66,-0.12372188139059304,0
2022-10-22,4901.0,4910.0,4859.0,4884.0,229284145937,46946435,3411,4910.0,4874.0,30.39061095065597,-193.25837096531086,-260.4791234652899,5080.169354631478,4828.5306453685225,4954.35,5383.54,-0.10915059499384494,0
2022-10-23,4854.0,4855.0,4643.0,4732.0,370118817921,78221679,6549,4884.0,4699.0,24.73390913663596,-199.39668350874854,-248.26263547398162,5093.34313694948,4778.25686305052,4935.8,5259.72,-0.03170887422855928,0
2022-10-24,4640.0,4640.0,4416.0,4474.0,1403405133900,313694377,17347,4732.0,4471.0,19.612043468476145,-220.1216100483789,-242.6344303888611,5164.303355253736,4655.396644746264,4909.85,5122.14,0.024379333482442478,0
2022-10-25,4474.0,4493.0,4378.0,4432.0,574775783609,129681942,8398,4474.0,4388.0,18.13943558400345,-240.47166235095847,-242.20187678128056,5226.736676167439,4543.763323832561,4885.25,5099.9,0.04421148587055601,0
2022-10-26,4424.0,4444.0,4214.0,4311.0,667857561633,154912131,8843,4432.0,4285.0,16.48518285875963,-261.8915419344494,-246.13980981191432,5282.9175124513295,4424.0824875486705,4853.5,5075.2,0.08891481913652277,1
2022-10-29,4370.0,4404.0,4319.0,4361.0,758034735976,173822689,6457,4311.0,4342.0,20.790241698013958,-271.14197132967,-251.14024211546547,5295.608991511599,4343.591008488402,4819.6,5045.84,0.1358820819898665,1
2022-10-30,4394.0,4550.0,4365.0,4487.0,857329089916,191063150,6832,4361.0,4550.0,34.13328061681503,-258.7069291597745,-252.6535795243273,5290.570633712909,4313.629366287092,4802.1,5022.44,0.09560439560439571,1
2022-10-31,4550.0,4590.0,4517.0,4549.0,534376504795,117473603,5381,4487.0,4580.0,35.81273246213097,-243.62298524706694,-250.84746066887527,5277.42540984617,4290.774590153831,4784.1,5000.24,0.13842794759825328,1
2022-11-01,4580.0,4645.0,4560.0,4611.0,419710974654,91024869,4478,4549.0,4582.0,35.930019370810655,-228.86920599640325,-246.4518097343809,5264.985471334014,4270.414528665986,4767.7,4980.08,0.12527280663465734,1
2022-11-02,4611.0,4669.0,4522.0,4610.0,525215981446,113926621,4848,4611.0,4666.0,40.8210655850055,-208.00092645817585,-238.7616330791399,5249.041698644854,4260.958301355146,4755.0,4962.6,0.10587226746678091,1
2022-11-05,4660.0,4932.0,4660.0,4914.0,1238879152487,252089157,7470,4610.0,4932.0,53.04511258826103,-168.06138064949937,-224.6215825932118,5252.496169339938,4260.503830660062,4756.5,4952.64,0.0360908353609084,0
2022-11-06,4944.0,5050.0,4850.0,4949.0,761510439861,153882871,8739,4914.0,4985.0,55.03795449569008,-130.62656406834776,-205.822578888239,5262.903185971467,4258.496814028533,4760.7,4946.54,0.01905717151454356,0
2022-11-07,4985.0,5249.0,4950.0,5128.0,954036565584,186032836,10364,4949.0,5214.0,62.452968092031206,-81.54086373760674,-180.96623585811258,5312.4836001965505,4239.316399803449,4775.9,4945.22,-0.025700038358266175,0
2022-11-08,5221.0,5347.0,5034.0,5166.0,925203619945,179079767,10808,5128.0,5156.0,59.764609652904184,-46.780946227909226,-154.1291779320719,5335.385145514739,4230.514854485261,4782.95,4941.74,-0.0166795965865012,0
2022-11-09,5149.0,5260.0,5021.0,5157.0,680771015779,132021163,7188,5166.0,5160.0,59.89283466216673,-18.69518810802765,-127.04237996726307,5351.275407554207,4224.124592445793,4787.7,4938.54,-0.023255813953488413,0
2022-11-12,5160.0,5340.0,5100.0,5210.0,565638299160,108555719,7146,5157.0,5110.0,57.429114724248365,-0.466230172415635,-101.72715000829359,5361.824780394166,4220.575219605834,4791.2,4935.54,-0.03718199608610573,0
2022-11-13,5110.0,5160.0,5020.0,5080.0,461236437200,90819243,6412,5210.0,5080.0,55.94218037923002,11.427867699330818,-79.09614646676872,5371.475554266901,4217.924445733099,4794.7,4932.94,-0.023622047244094446,0
2022-11-14,5080.0,5110.0,4920.0,5030.0,416324833280,82687906,4976,5080.0,5080.0,55.94218037923002,20.616373237601692,-59.15364252589463,5382.185766750046,4215.214233249953,4798.7,4931.94,-0.025590551181102317,0
2022-11-15,5030.0,5100.0,5000.0,5040.0,366174324130,72657034,3830,5030.0,5070.0,55.3877822458548,26.78267959108871,-41.96637810249796,5398.601711921874,4212.798288078126,4805.7,4930.94,-0.027613412228796874,0
2022-11-16,5080.0,5110.0,5010.0,5060.0,243801306180,48226617,3079,5040.0,5040.0,53.6694181294098,28.915453177540257,-27.790011846490316,5413.920767078923,4212.479232921077,4813.2,4930.14,-0.023809523809523836,0
2022-11-19,5040.0,5040.0,4820.0,4900.0,523601572860,106945198,5745,5060.0,4920.0,47.34243745824808,20.684259227580696,-18.095157631676113,5417.485215765212,4213.514784234788,4815.5,4926.74,-0.004065040650406471,0
2022-11-20,4860.0,5050.0,4850.0,4980.0,251140080480,50420114,3135,4900.0,4960.0,49.48036628279291,17.190483235701322,-11.038029458200626,5431.183047550405,4225.916952449596,4828.55,4924.74,-0.0020161290322581182,0
2022-11-21,4990.0,5010.0,4920.0,4980.0,311526832330,62515328,3290,4980.0,4950.0,48.945348024312366,13.459570612597417,-6.138509444041018,5434.095907825947,4270.904092174053,4852.5,4922.34,-0.005858585858585896,0
2022-11-22,4950.0,4990.0,4910.0,4950.0,158310638970,31997103,2560,4980.0,4930.0,47.83140365561073,8.787663906602575,-3.1532747739122993,5421.232126078103,4337.967873921898,4879.6,4920.14,0.012170385395537497,0
2022-11-23,4950.0,4970.0,4900.0,4930.0,230020810690,46624018,3450,4950.0,4920.0,47.25233501871815,4.229473024053732,-1.6767252143190934,5379.270623610333,4443.429376389668,4911.35,4917.74,0.012398373983739885,0
2022-11-26,4990.0,5000.0,4880.0,4912.0,200478624168,40813436,3099,4930.0,4900.0,46.05152146831557,-0.9853998671060253,-1.5384601448764799,5327.875719683967,4550.624280316033,4939.25,4915.14,0.01795918367346938,0
2022-11-27,4900.0,4970.0,4871.0,4918.0,312633356598,63563986,3372,4912.0,4950.0,49.50625518454097,-1.0712928745151657,-1.4450266908042173,5304.431039455935,4614.068960544065,4959.25,4911.54,-0.005656565656565693,0
2022-11-28,4930.0,4945.0,4910.0,4922.0,325225129077,66075060,3900,4918.0,4921.0,47.60221876890488,-3.4397698133734593,-1.8439753153180658,5275.48830191015,4677.1116980898505,4976.3,4905.56,-0.02113391587075797,0
2022-12-03,4969.0,5040.0,4949.0,4984.0,191634806729,38451481,2198,4922.0,4990.0,52.30272387284861,0.24805902157550008,-1.425568447939353,5235.010805461853,4758.3891945381465,4996.7,4902.36,-0.05010020040080165,0
2022-12-04,4950.0,5020.0,4933.0,4987.0,370304089737,74246594,4110,4984.0,4981.0,51.651851811705036,2.4166080059776505,-0.6571331571559522,5196.777398939702,4828.122601060298,5012.45,4899.78,-0.035133507327845814,0
2022-12-05,5000.0,5000.0,4929.0,4959.0,370762515248,74759233,3729,4987.0,4988.0,52.15060761715587,4.646478486564774,0.4035891715881931,5196.27582688632,4834.22417311368,5015.25,4897.74,0.006415396952686558,0
2022-12-06,4962.0,4963.0,4921.0,4940.0,262695442028,53175287,3228,4959.0,4922.0,47.205958089011574,1.0756194216519361,0.5379952216009417,5197.266843683949,4826.933156316051,5012.1,4894.78,0.07923608289313289,1
2022-12-07,4915.0,4920.0,4815.0,4865.0,256559863198,52737862,5099,4940.0,4817.0,40.60919915812388,-10.110388329168018,-1.5916814885528503,5171.612063993136,4812.887936006864,4992.25,4891.32,0.12891841395059167,1
2022-12-10,4819.0,4819.0,4706.0,4756.0,345762181236,72699016,4638,4865.0,4740.0,36.57293383305953,-24.901586557541123,-6.2536625023505055,5165.880938895741,4777.019061104259,4971.45,4888.52,0.14135021097046407,1
2022-12-11,4759.0,4880.0,4759.0,4795.0,337452117742,70375438,4971,4756.0,4806.0,41.903160558387086,-30.941396148915373,-11.191209231663478,5140.604890222014,4766.895109777986,4953.75,4886.24,0.17145235122763203,1
2022-12-12,4800.0,5030.0,4800.0,4965.0,469991376180,94668209,5576,4795.0,5020.0,55.08361480258215,-18.24960712621578,-12.602888810573939,5124.831177806395,4773.668822193605,4949.25,4886.24,0.11155378486055767,1
2022-12-13,5051.0,5312.0,5051.0,5287.0,1841278845326,348239330,11985,4965.0,5312.0,66.31373672097573,15.195522246283872,-7.043206599202378,5191.477210016252,4730.222789983749,4960.85,4894.48,0.041039156626506035,0
2022-12-14,5380.0,5647.0,5360.0,5467.0,1130962784485,206867820,10860,5287.0,5438.0,69.82019358237969,51.277084891446975,4.620851698927494,5286.324950215194,4671.175049784806,4978.75,4904.44,0.018756895917616756,0
2022-12-17,5450.0,5460.0,5320.0,5390.0,528401436320,97960083,6174,5467.0,5410.0,68.12318981460456,76.72814297650166,19.042309954442327,5354.882774889563,4636.617225110437,4995.75,4914.44,0.09242144177449174,1
2022-12-18,5470.0,5720.0,5470.0,5620.0,939687870320,167058795,7676,5390.0,5630.0,73.56070996968168,113.34389340807957,37.902626645169775,5478.6354320551945,4571.8645679448055,5025.25,4928.64,0.04440497335701599,0
2022-12-19,5700.0,5740.0,5500.0,5630.0,786143009800,139743574,6804,5620.0,5580.0,70.61262245740933,136.75117487546322,57.67233629122847,5568.677614848446,4547.822385151554,5058.25,4942.2,0.053763440860215006,1
2022-12-20,5630.0,5650.0,5490.0,5550.0,439309298680,79175063,4437,5630.0,5530.0,67.69109042430331,149.54319112625672,76.04650725823413,5634.350538714008,4539.149461285992,5086.75,4954.78,0.1374321880650995,1
2022-12-21,5490.0,5610.0,5450.0,5530.0,362671842750,65637455,4222,5550.0,5540.0,67.97646303490708,158.65895096803342,92.56899600019399,5693.945724408506,4538.554275591494,5116.25,4967.38,0.06678700361010836,1
2022-12-24,5600.0,5910.0,5570.0,5830.0,1127137514960,193191975,10551,5530.0,5910.0,76.31301099861932,193.50851835440517,112.75690047103623,5830.981439846329,4499.518560153671,5165.25,4985.28,0.0016920473773265332,0
2022-12-25,6000.0,6050.0,5830.0,5930.0,835853304270,140889964,9149,5830.0,5880.0,74.6168843384834,216.21392279268002,133.448304935365,5937.215710513877,4489.284289486123,5213.25,5001.58,0.013605442176870763,0
2022-12-26,5890.0,5940.0,5760.0,5880.0,708241517020,120347075,8243,5930.0,5880.0,74.6168843384834,231.53908099596993,153.066460147486,6026.32352394901,4498.17647605099,5262.25,5018.38,0.00340136054421758,0
2022-12-28,6100.0,6290.0,6100.0,6280.0,2584212227560,411315121,12332,5880.0,6290.0,81.2294349186626,273.613902027083,177.1759485234054,6199.655853610748,4458.844146389252,5329.25,5043.98,-0.06518282988871227,0
2022-12-31,5870.0,6250.0,5850.0,5970.0,2074518348440,347343782,18877,6280.0,5910.0,64.46672867410612,273.14700794004057,196.37016040673242,6262.9769023331155,4494.423097666884,5378.7,5062.18,0.0033840947546530664,0
2023-01-01,5870.0,6090.0,5700.0,5840.0,1234269617780,211337374,11497,5970.0,5920.0,64.67333065559528,270.4661421118435,211.18935674775466,6320.565981037836,4529.834018962164,5425.2,5081.98,0.01520270270270263,0
2023-01-02,6000.0,6030.0,5940.0,5980.0,762209973230,127510359,7775,5840.0,5960.0,65.53651422821754,268.4743966098449,222.64636472017273,6374.05850090431,4574.2414990956895,5474.15,5103.38,0.04194630872483218,0
2023-01-03,6020.0,6050.0,5850.0,5940.0,896675120360,150830117,8137,5980.0,5900.0,63.04795809417586,259.06805017255374,229.93070181064894,6408.8614384596785,4630.6385615403215,5519.75,5123.9,0.0949152542372882,1
2023-01-04,5930.0,5930.0,5760.0,5800.0,499673095060,86151879,6707,5940.0,5880.0,62.20010877445628,247.15062148040306,233.37468574459976,6425.459133782006,4709.840866217994,5567.65,5147.52,0.07993197278911568,1
2023-01-07,5880.0,5990.0,5800.0,5900.0,615325795490,104310491,7624,5800.0,5930.0,63.52084799971712,238.98567738848487,234.49688407337678,6421.431091989174,4825.168908010826,5623.3,5176.7,0.08431703204047225,1
2023-01-08,6050.0,6220.0,5960.0,6080.0,1291643168700,212355054,11173,5900.0,6010.0,65.59235381124839,236.2469242977968,234.8468921182608,6390.183138836741,4983.4168611632595,5686.8,5209.14,0.07653910149750409,1
2023-01-09,6050.0,6290.0,6010.0,6130.0,1085120802290,176884698,9445,6080.0,6210.0,70.15519050134728,247.36332088716972,237.3501778720426,6369.063395409185,5144.936604590815,5757.0,5247.64,0.02898550724637672,0
2023-01-10,6410.0,6550.0,6380.0,6500.0,2692696671570,414261588,18219,6130.0,6460.0,74.67591834878093,273.19681313369074,244.51950492437223,6415.594919855103,5242.405080144897,5829.0,5290.0,-0.012383900928792602,0
2023-01-11,6480.0,6530.0,6300.0,6420.0,869126197930,135329474,10207,6500.0,6350.0,69.67495567909059,281.5484459406953,251.92529312763685,6458.956710020574,5302.843289979425,5880.9,5326.0,-0.03464566929133861,0
2023-01-14,6240.0,6470.0,6060.0,6300.0,1018707640060,161647166,9167,6420.0,6430.0,71.1862690423649,291.264985080762,259.7932315182619,6518.189543891846,5342.810456108154,5930.5,5363.0,-0.029548989113530322,0
2023-01-16,6430.0,6560.0,6380.0,6460.0,761003309590,117797090,8144,6300.0,6470.0,71.9392889158937,298.749282297842,267.5844416741779,6565.024720024698,5401.975279975302,5983.5,5400.76,-0.03245749613601234,0
2023-01-17,6510.0,6560.0,6360.0,6440.0,946843758930,147135689,9549,6460.0,6390.0,68.10570383736858,294.82673131637694,273.0328996026177,6604.981790632578,5438.018209367422,6021.5,5435.24,-0.028169014084507005,0
2023-01-18,6410.0,6460.0,6350.0,6400.0,637187728960,99567404,7617,6440.0,6380.0,67.62062442980141,287.5959380252989,275.945507287154,6627.866489121485,5495.133510878515,6061.5,5464.2,-0.043887147335423204,0
2023-01-21,6190.0,6310.0,6100.0,6140.0,1583039003060,257670035,14448,6400.0,6130.0,56.74021954173277,258.7103200562169,272.4984698409666,6602.979227339482,5580.020772660518,6091.5,5487.1,-0.01631321370309946,0
2023-01-22,6130.0,6290.0,6110.0,6180.0,814437533830,131724234,7806,6140.0,6240.0,59.804842001001,241.90580090601088,266.3799360539755,6574.038825131173,5678.961174868827,6126.5,5507.62,-0.043269230769230727,0
2023-01-23,6240.0,6380.0,6110.0,6230.0,852041899700,136778785,7263,6180.0,6260.0,60.35476971606206,227.5785474304239,258.6196583292652,6583.608917106773,5704.391082893227,6144.0,5529.7,-0.04632587859424919,0
2023-01-24,6220.0,6270.0,6140.0,6210.0,455517365500,73351074,5084,6230.0,6210.0,58.21060248792179,209.77139957997406,248.85000657940697,6583.700897919402,5737.299102080598,6160.5,5550.7,-0.03542673107890504,0
2023-01-25,6200.0,6200.0,6030.0,6080.0,719736194500,118382059,6761,6210.0,6100.0,53.69142545026108,184.654444431274,236.01089414978037,6575.98856596916,5767.01143403084,6171.5,5570.5,-0.01967213114754096,0
2023-01-28,6140.0,6180.0,6020.0,6080.0,765625435350,125951557,6878,6080.0,6030.0,50.97911385245519,157.2875485805116,220.26622503592662,6563.630843061583,5753.369156938417,6158.5,5589.5,-0.013266998341625258,0
2023-01-29,6010.0,6020.0,5790.0,5870.0,1112787029200,189522032,9240,6080.0,5970.0,48.707830455515705,129.26747293013614,202.06647461476854,6560.061162181903,5762.938837818097,6161.5,5607.3,0.01340033500837512,0
2023-01-30,5800.0,6010.0,5680.0,5870.0,813328770150,138509344,7765,5870.0,5970.0,48.707830455515705,105.84128861226236,182.8214374142673,6557.059791888954,5770.940208111046,6164.0,5625.3,0.04690117252931314,0
2023-01-31,5970.0,6100.0,5910.0,5990.0,540280991020,90202536,5095,5870.0,5990.0,49.57631429836484,87.87671356421652,163.83249264425717,6555.652534273184,5775.347465726816,6165.5,5644.3,0.036727879799666185,0
2023-02-01,6000.0,6030.0,5960.0,5990.0,589616040120,98408845,4478,5990.0,5980.0,49.12839687663169,72.00273922669567,145.46654196074488,6550.208549943113,5788.791450056887,6169.5,5665.5,0.050167224080267525,1
2023-02-05,5980.0,6000.0,5890.0,5950.0,936777854100,157450063,5581,5990.0,5950.0,47.73502571694316,56.35215831579899,127.6436652317557,6544.165731176502,5801.834268823498,6173.0,5685.3,0.05714285714285716,1
2023-02-06,5950.0,6080.0,5940.0,6000.0,547903510110,91392166,4885,5950.0,6050.0,52.56451289780933,51.42532531363395,112.39999724813136,6537.93732043323,5820.06267956677,6179.0,5707.3,0.034710743801652955,0
2023-02-07,6050.0,6270.0,6050.0,6180.0,648202833750,104857562,5796,6000.0,6250.0,60.438243042983956,62.93364332830697,102.50672646416649,6542.50533424087,5839.49466575913,6191.0,5733.7,0.0032000000000000917,0
2023-02-08,6220.0,6380.0,6200.0,6270.0,644619084580,102835863,5958,6180.0,6210.0,58.35208030345321,68.04205609389555,95.61379239011231,6542.50533424087,5839.49466575913,6191.0,5759.5,0.054750402576489554,1
2023-02-12,6220.0,6300.0,6200.0,6260.0,537581611410,85916203,4999,6270.0,6280.0,60.89587280305415,76.85301132512541,91.86163617711493,6514.180673730106,5849.819326269894,6182.0,5787.1,0.09235668789808926,1
2023-02-13,6290.0,6410.0,6260.0,6320.0,666607514800,105500295,5363,6260.0,6290.0,61.25990159296598,83.67808438292468,90.22492581827689,6506.102430440049,5851.897569559951,6179.0,5813.9,0.16693163751987283,1
2023-02-14,6310.0,6350.0,6240.0,6300.0,640598665600,101760189,5002,6320.0,6260.0,59.47124845506314,85.67860504777673,89.31566166417687,6479.399660083639,5861.600339916361,6170.5,5840.68,0.220447284345048,1
2023-02-15,6260.0,6330.0,6210.0,6270.0,445507459850,71012495,4058,6300.0,6270.0,59.8916344384041,87.06729098123287,88.86598752758808,6441.67432315165,5879.32567684835,6160.5,5866.28,0.26953748006379574,1
2023-02-19,6300.0,6580.0,6290.0,6420.0,1331841386560,207471282,10562,6270.0,6550.0,69.44757437921596,109.49925527688993,92.99264107744844,6482.523884441594,5854.476115558406,6168.5,5897.66,0.29923664122137406,1
2023-02-20,6830.0,6860.0,6700.0,6860.0,2505567764270,365385476,8715,6420.0,6860.0,76.20659037499074,150.55564604668507,104.50524207129578,6620.2791486267015,5764.7208513732985,6192.5,5935.1,0.23177842565597673,1
2023-02-21,7340.0,7340.0,7280.0,7340.0,5502494011290,749737326,19217,6860.0,7340.0,82.61852012560189,219.29719840425423,127.46363333788747,6909.448017743813,5596.551982256187,6253.0,5983.46,0.15531335149863756,1
2023-02-22,7380.0,7700.0,7250.0,7440.0,3247614786220,436560018,24118,7340.0,7640.0,85.28717724796303,294.58705055443806,160.8883167811976,7215.212979058126,5430.787020941874,6323.0,6039.92,0.0759162303664922,1
2023-02-25,7960.0,7960.0,7960.0,7960.0,2116680494600,265914635,6964,7440.0,7960.0,87.49300851773289,375.74477459740956,203.85960834444,7549.185348661544,5266.814651338456,6408.0,6104.32,0.011306532663316604,0
2023-02-26,8510.0,8510.0,8220.0,8480.0,7304527404450,861116981,36474,7960.0,8510.0,90.20984376521231,478.9225381684273,258.8721943092375,7980.821662618498,5065.178337381502,6523.0,6178.4,-0.051703877790834296,0
2023-02-27,8370.0,8750.0,8070.0,8450.0,4432543800570,524418093,29988,8480.0,8450.0,87.96496230057488,549.5156858304108,317.00089261347216,8306.903012479199,4974.096987520801,6640.5,6247.0,-0.05798816568047338,0
2023-02-28,8550.0,8700.0,8270.0,8570.0,2360615169270,275533774,17938,8450.0,8480.0,88.12409552647247,600.9545828780574,373.7916306663892,8584.835338333225,4941.164661666774,6763.0,6310.36,0.001179245283018826,0
2023-03-01,8490.0,8560.0,8200.0,8350.0,3171957615060,379717791,18891,8570.0,8220.0,78.44339927680876,613.6664870278883,421.76660193868906,8764.21887796986,4986.781122030139,6875.5,6366.0,-0.012165450121654486,0
2023-03-04,8210.0,8230.0,8020.0,8110.0,1733561550510,213687956,14240,8350.0,8050.0,72.8112920385837,603.0713522503711,458.0275520010255,8886.303345916858,5072.696654083143,6979.5,6418.8,-0.018633540372670843,0
2023-03-05,8050.0,8350.0,8000.0,8080.0,1190305085530,147265490,10816,8110.0,8070.0,73.05638796002104,589.4931543221146,484.3206724652433,8989.976068562024,5177.023931437975,7083.5,6467.6,-0.01734820322180919,0
2023-03-06,8070.0,8070.0,7760.0,7940.0,1643957876640,206946906,11062,8080.0,7960.0,69.35331627004177,563.36216558263,500.1289710887207,9054.812740970297,5310.187259029703,7182.5,6515.2,-0.24623115577889443,0
2023-03-07,8010.0,8490.0,8010.0,8440.0,4636956055790,549719790,20825,7940.0,8490.0,75.73519557913451,578.7482893271062,515.8528347363978,9174.745024118734,5444.254975881266,7309.5,6574.4,-0.25795053003533563,0
2023-03-11,8440.0,8490.0,8100.0,8260.0,2430862780590,294411392,20572,8440.0,8120.0,65.48325874120874,554.6918530662015,523.6206384023585,9215.88768368961,5610.112316310389,7413.0,6626.0,-0.23891625615763545,0
2023-03-12,8000.0,8060.0,7780.0,7920.0,1738974076590,219466342,13905,8260.0,7900.0,60.2599845242102,511.973085590379,521.2911278399627,9227.57938617134,5763.420613828661,7495.5,6665.8,-0.189873417721519,0
2023-03-13,7920.0,8100.0,7880.0,7940.0,1874264149280,235952241,15895,7920.0,7930.0,60.72009930119967,475.0626770484623,512.0454376816626,9217.889623530922,5945.110376469077,7581.5,6706.8,-0.20302648171500626,0
2023-03-19,5770.0,6060.0,5770.0,5890.0,5248841901830,891831928,25825,5260.0,6000.0,33.69302998541016,286.7703321560948,466.99041657654914,9252.26556232601,5882.73443767399,7567.5,6709.2,0.05333333333333323,1
2023-03-25,6150.0,6300.0,5910.0,6230.0,2845098629170,456619517,25586,5890.0,6300.0,38.2909752234994,159.91142567739007,405.57461839671737,9251.253991529406,5884.7460084705945,7568.0,6709.4,0.0,0
2023-03-26,6380.0,6570.0,6110.0,6320.0,2293861386440,362716933,29399,6230.0,6180.0,37.18036185031897,49.12554253108374,334.28480322359064,9259.999999999905,5868.0000000000955,7564.0,6714.8,0.0,0
2023-03-27,6200.0,6480.0,6050.0,6340.0,1427758013040,225341510,17960,6320.0,6400.0,40.58290768615914,-20.682491757685966,263.29134422733534,9247.502981511861,5893.497018488138,7570.5,6724.4,-0.026562500000000044,0
2023-03-28,6430.0,6460.0,6210.0,6310.0,2013357236110,319285689,25730,6340.0,6320.0,39.73998405013757,-81.52146458498282,194.32878246487172,9266.710748341087,5851.289251658913,7559.0,6731.6,0.017405063291139333,0
2023-03-29,6330.0,6400.0,6250.0,6310.0,1651511976380,261767907,21753,6310.0,6320.0,39.73998405013757,-128.2583069472812,129.81136458244114,9299.106108868304,5764.893891131696,7532.0,6740.0,0.007911392405063333,0
2023-04-03,6240.0,6300.0,6000.0,6210.0,2013119001210,324399386,24873,6310.0,6300.0,39.50209493249251,-165.00929960210397,70.84723174553213,9326.087755227167,5633.912244772832,7480.0,6748.4,-0.020634920634920673,0
2023-04-04,6300.0,6410.0,6160.0,6270.0,1685141103880,268808210,20456,6210.0,6180.0,38.03106565793384,-201.49501407979005,16.378782580467693,9335.627491248553,5478.372508751447,7407.0,6753.4,0.008090614886731462,0
2023-04-05,6230.0,6280.0,6100.0,6210.0,2089704801620,336729315,20790,6270.0,6230.0,39.049543515263565,-223.79584435057313,-31.656142805740473,9296.753779249946,5344.246220750054,7320.5,6757.8,0.009630818619582593,0
2023-04-08,6220.0,6630.0,6180.0,6450.0,3499509067480,542465282,29235,6210.0,6430.0,43.07941843872503,-222.76320887211932,-69.87755601901625,9149.872959363947,5283.127040636054,7216.5,6762.2,-0.021772939346811793,0
2023-04-09,6570.0,6570.0,6350.0,6420.0,2029892784170,316354456,21988,6450.0,6370.0,42.178446789234556,-224.2018767009995,-100.7424201554129,8992.307170961882,5232.692829038118,7112.5,6760.4,-0.00784929356357933,0
2023-04-10,6400.0,6490.0,6110.0,6260.0,2187607400190,349421340,25972,6420.0,6170.0,39.23296808427357,-238.7284469179176,-128.33962550791387,8809.171073601972,5184.828926398028,6997.0,6756.8,0.021069692058346856,0
2023-04-11,6220.0,6320.0,6130.0,6200.0,1377931966390,222345202,14217,6260.0,6230.0,40.57372410942309,-242.6027860118793,-151.19225760870697,8647.607139577383,5147.392860422617,6897.5,6752.8,0.011235955056179803,0
2023-04-15,6300.0,6410.0,6260.0,6330.0,2213780467540,349695944,22662,6200.0,6290.0,41.95298464660339,-238.0872079685514,-168.57124768067587,8494.747459573739,5124.2525404262615,6809.5,6749.2,0.004769475357710551,0
2023-04-16,6400.0,6420.0,6250.0,6320.0,1935944442670,306540311,18765,6330.0,6290.0,41.95298464660338,-231.8361173879557,-181.22422162213186,8315.673658257854,5125.326341742146,6720.5,6747.2,0.007949125596184325,0
2023-04-17,6330.0,6460.0,6270.0,6340.0,2219063608240,350123370,19831,6320.0,6320.0,42.72385430467421,-221.90336986882176,-189.36005127146984,8135.99490817156,5141.00509182844,6638.5,6746.0,0.02689873417721511,0
2023-04-18,6310.0,6500.0,6260.0,6370.0,2566986246960,403022157,24710,6340.0,6300.0,42.320354085740455,-213.18793098780498,-194.12562721473688,7766.673624183597,5291.326375816403,6529.0,6749.4,0.08571428571428563,1
2023-04-19,6370.0,6410.0,6230.0,6310.0,1583916262900,250828258,16527,6370.0,6300.0,42.320354085740455,-203.93010359113578,-196.08652249001668,7439.470918199709,5436.529081800291,6438.0,6750.6,0.12857142857142856,1
2023-04-24,6310.0,6340.0,6210.0,6280.0,1510387193840,240649139,14505,6310.0,6320.0,42.945288198854485,-192.75738863829065,-195.42069571967147,7102.825248294096,5615.174751705904,6359.0,6751.8,0.12658227848101267,1
2023-04-25,6240.0,6490.0,6240.0,6390.0,2123572147670,332099309,16769,6280.0,6340.0,43.60332447148897,-180.21173004402954,-192.37890258454308,6465.131355109475,6093.868644890525,6279.5,6754.4,0.15930599369085163,1
2023-04-26,6330.0,6500.0,6250.0,6400.0,2233264838470,349071534,17351,6390.0,6490.0,48.409240577060956,-156.36300345258314,-185.17572275815112,6463.047162815871,6144.952837184129,6304.0,6762.2,0.11093990755007699,1
2023-04-29,6670.0,6840.0,6670.0,6840.0,7012763736540,1025644709,28194,6400.0,6840.0,57.50815772953976,-107.97596121196148,-169.7357704489132,6613.552649960633,6048.447350039367,6331.0,6778.4,0.0584795321637428,1
2023-04-30,7060.0,7290.0,6880.0,7050.0,4477107510650,634600863,30140,6840.0,7110.0,62.93843436921738,-47.29692855948724,-145.24800207102803,6811.083901914926,5943.916098085074,6377.5,6801.2,-0.053445850914205395,0
2023-05-01,7150.0,7170.0,6890.0,7070.0,3050000331340,431638871,22946,7050.0,7120.0,63.126388979702206,1.5803412230443428,-115.88233341221355,6954.76795582204,5872.23204417796,6413.5,6824.2,-0.101123595505618,0
2023-05-02,7180.0,7370.0,7120.0,7280.0,2705467767180,371862610,18811,7070.0,7350.0,67.24136693065063,58.20406722106236,-81.06505328555838,7140.292529204763,5789.707470795237,6465.0,6851.4,-0.08435374149659869,0
2023-05-03,7340.0,7340.0,7140.0,7240.0,2298557054950,317542345,18767,7280.0,7210.0,62.657718467873515,90.73599992924028,-46.70484264259865,7254.415431441557,5764.584568558443,6509.5,6876.0,-0.08183079056865461,0
2023-05-06,7260.0,7360.0,7090.0,7230.0,2234693932710,308938513,19750,7240.0,7240.0,63.236047333943674,117.58311529970251,-13.847251054138415,7359.00295949595,5753.99704050405,6556.5,6901.8,-0.09944751381215466,0
2023-05-07,7230.0,7250.0,6730.0,6880.0,3997894227690,580962258,30154,7230.0,6730.0,49.26707632164797,96.5934408429448,8.24088732527823,7370.5468835357215,5797.4531164642785,6584.0,6915.4,-0.004457652303120341,0
2023-05-08,6540.0,6870.0,6400.0,6480.0,2776594816510,428610795,20532,6880.0,6400.0,42.69496633549608,52.72297292562325,17.137304445347233,7367.145080020363,5817.854919979637,6592.5,6918.4,0.051562499999999956,1
2023-05-09,6170.0,6800.0,6170.0,6580.0,1890052079370,287446777,20856,6480.0,6730.0,49.89324990414612,44.075478427143935,22.524939241706576,7380.594431489293,5834.405568510707,6607.5,6928.8,-0.038632986627043064,0
2023-05-10,6820.0,6820.0,6420.0,6560.0,2096274772860,319702220,16084,6580.0,6620.0,47.74053323645973,28.023162470477473,23.624583887460755,7385.375724725936,5854.624275274064,6620.0,6935.6,-0.013595166163142047,0
2023-05-13,6560.0,6610.0,6200.0,6420.0,2717886991480,423664181,19008,6560.0,6520.0,45.8056441590133,7.1500013936529285,20.32966738869919,7376.468876205048,5898.531123794952,6637.5,6940.2,-0.021472392638036797,0
2023-05-14,6460.0,6790.0,6460.0,6670.0,1523085572110,228292468,13592,6420.0,6700.0,49.75325159732332,5.073878026982129,17.27850951635578,7376.147537225536,5945.852462774464,6661.0,6949.0,-0.05373134328358209,0
2023-05-15,6750.0,6760.0,6590.0,6680.0,1261697714760,188982290,10152,6670.0,6730.0,50.401706926150645,5.782626067032652,14.979332826491154,7377.9273343305385,5988.0726656694615,6683.0,6958.2,-0.059435364041604766,0
2023-05-20,6500.0,6520.0,6380.0,6440.0,1272714440960,197492942,11166,6680.0,6470.0,44.9834272495951,-14.468726620301823,9.089720937132558,7370.810724723577,6013.189275276423,6692.0,6956.6,-0.026275115919629055,0
2023-05-21,6380.0,6570.0,6320.0,6440.0,1905657025340,295904651,12351,6440.0,6530.0,46.41502751900826,-25.383960473680418,2.1949846549699625,7364.25146391961,6040.74853608039,6702.5,6950.0,-0.049004594180704464,0
2023-05-22,6530.0,6580.0,6360.0,6410.0,1235376975570,192852613,12317,6440.0,6380.0,43.37621057381397,-45.61231793175466,-7.366475862374962,7359.379008698967,6053.620991301033,6706.5,6930.8,-0.040752351097178674,0
2023-05-23,6440.0,6450.0,6310.0,6370.0,1152876798980,181098784,11495,6410.0,6340.0,42.57571073392563,-64.13183083558306,-18.71954685701658,7356.613416000429,6060.386583999571,6708.5,6904.8,-0.029968454258675115,0
2023-05-24,6450.0,6460.0,6320.0,6360.0,927961435990,145969153,9183,6370.0,6330.0,42.36521478339266,-78.70829444017,-30.717296373647265,7355.928125837597,6062.071874162403,6709.0,6872.2,-0.03001579778830965,0
2023-05-27,6300.0,6370.0,6170.0,6250.0,1137412879310,181880942,11296,6360.0,6300.0,41.699152253257424,-91.62480245584266,-42.898797590086346,7358.708523804734,6055.291476195266,6707.0,6828.0,-0.031746031746031744,0
2023-05-28,6220.0,6250.0,6070.0,6130.0,1045888233340,170660998,10058,6250.0,6210.0,39.683473989046924,-107.87990357973558,-55.895018788016195,7374.119666431492,6011.880333568508,6693.0,6783.2,-0.012882447665056307,0
2023-05-29,6210.0,6230.0,6110.0,6140.0,752948297630,122716152,7651,6130.0,6120.0,37.719891695148384,-126.56546823714689,-70.02910867784234,7378.168496261276,5935.831503738724,6657.0,6736.0,0.0032679738562091387,0
2023-05-30,6200.0,6210.0,6120.0,6140.0,903794608510,147161500,7310,6140.0,6150.0,38.80683223578723,-137.3696517352655,-83.49721728932698,7330.966758237354,5887.033241762646,6609.0,6694.6,-0.04552845528455285,0
2023-05-31,6150.0,6150.0,6020.0,6100.0,811105276080,132886502,6705,6140.0,6140.0,38.56522179908514,-145.06672254735076,-95.81111834093174,7269.5068710025,5850.4931289975,6560.0,6656.4,-0.05374592833876224,0
2023-06-03,6140.0,6160.0,6090.0,6120.0,414735237480,67822579,5756,6100.0,6100.0,37.55793333870893,-152.63489229986953,-107.1758731327193,7134.112126808594,5860.887873191406,6497.5,6617.0,-0.09672131147540985,0
2023-06-06,6150.0,6150.0,6100.0,6130.0,702581765230,114689026,6008,6120.0,6130.0,38.848007229946056,-154.43177866096084,-116.62705423836762,7008.381403481976,5878.618596518024,6443.5,6580.4,-0.08156606851549753,0
2023-06-07,6130.0,6200.0,6090.0,6130.0,746408573560,121742996,6172,6130.0,6140.0,39.29820390953472,-153.2819685032864,-123.95803709135137,6834.068176601259,5942.931823398741,6388.5,6533.4,-0.055374592833876246,0
2023-06-10,6060.0,6100.0,5820.0,5890.0,1228038798250,208352537,10322,6130.0,5870.0,32.369183169768846,-172.17277856774945,-133.60098538663098,6816.221786196236,5874.778213803764,6345.5,6488.4,-0.020442930153321992,0
2023-06-11,5860.0,5860.0,5740.0,5820.0,785385098990,134906296,9300,5890.0,5810.0,31.058632956479215,-189.7975126231804,-144.84029083394088,6840.267107493668,5791.732892506332,6316.0,6446.6,-0.005163511187607606,0
2023-06-12,5700.0,5700.0,5460.0,5520.0,1397220009370,253173030,15366,5820.0,5510.0,25.4994872139588,-225.3747542606461,-160.94718351928194,6851.338829860829,5658.661170139171,6255.0,6398.2,0.03266787658802173,0
2023-06-13,5500.0,5700.0,5500.0,5590.0,535405416970,95755494,6673,5520.0,5630.0,30.83249831419886,-241.1076386858913,-176.9792745526038,6835.816587120938,5575.183412879062,6205.5,6390.8,0.01243339253996445,0
2023-06-14,5730.0,5910.0,5680.0,5820.0,365445544530,62838935,6240,5590.0,5800.0,37.64259981034148,-237.12505367790982,-189.008430377665,6806.068142463781,5532.931857536219,6169.5,6380.8,-0.02758620689655178,0
2023-06-17,5820.0,5910.0,5750.0,5810.0,366496391920,63127519,5687,5820.0,5750.0,36.50418657303966,-235.29111894313428,-198.26496809075888,6734.457345453373,5509.542654546627,6122.0,6372.2,-0.022608695652173938,0
2023-06-18,5790.0,5820.0,5590.0,5770.0,700113177290,121290120,5627,5810.0,5780.0,37.721203095873044,-228.77973282394214,-204.36792103739555,6636.228582146036,5512.771417853964,6074.5,6359.8,-0.03114186851211076,0
2023-06-19,5820.0,5820.0,5680.0,5710.0,566527478590,99238817,5748,5770.0,5690.0,35.521573679301966,-228.250530219746,-209.14444287386564,6590.242282505849,5480.757717494151,6035.5,6347.2,0.0,0
2023-06-20,5710.0,5770.0,5640.0,5680.0,262440230040,46171020,4077,5710.0,5700.0,35.96836093436981,-224.43704635355334,-212.2029635698032,6517.885483669669,5470.114516330331,5994.0,6334.8,-0.01403508771929829,0
2023-06-21,5700.0,5750.0,5570.0,5660.0,420564575410,74345505,6119,5680.0,5640.0,34.426941868075474,-223.67791174210925,-214.4979532042644,6471.046690486191,5442.953309513809,5957.0,6321.6,-0.012411347517730542,0
2023-06-24,5600.0,5660.0,5540.0,5580.0,458262281810,82124904,7530,5660.0,5620.0,33.905348902746965,-222.1295537218375,-216.02427330777905,6423.430094639851,5418.569905360149,5921.0,6310.4,-0.02135231316725983,0
2023-06-25,5620.0,5780.0,5580.0,5650.0,375208908800,66455705,5943,5580.0,5600.0,33.361025070920746,-219.9805033786397,-216.8155193219512,6368.503099163437,5400.496900836563,5884.5,6297.8,0.0,0
2023-06-26,5600.0,5730.0,5560.0,5690.0,516200388690,90734114,5471,5650.0,5690.0,38.171367257548205,-208.6103869743847,-215.1744928524379,6305.193971590727,5402.806028409273,5854.0,6283.0,0.024604569420035194,0
2023-06-27,5700.0,5750.0,5570.0,5620.0,326438966470,58122823,4637,5690.0,5620.0,35.9950100575271,-202.90889535310816,-212.72137335257196,6255.428068243201,5393.571931756799,5824.5,6268.0,0.04982206405693956,0
2023-06-28,5620.0,5640.0,5540.0,5580.0,242127726360,43415863,4089,5620.0,5570.0,34.48266820363729,-200.11816664295566,-210.20073201064872,6219.094776086863,5374.905223913137,5797.0,6256.0,0.0574506283662477,1
2023-07-01,5560.0,5580.0,5490.0,5520.0,294346431610,53327532,6061,5580.0,5500.0,32.42844996130225,-201.23519495673463,-208.40762459986593,6172.738900644979,5356.261099355021,5764.5,6241.4,0.049090909090909074,0
2023-07-02,5500.0,5660.0,5490.0,5580.0,263771620220,47231036,4386,5520.0,5600.0,38.10145060688462,-191.83987303782305,-205.09407428745735,6112.9397421688645,5362.0602578311355,5737.5,6227.6,0.03571428571428581,0
2023-07-03,5640.0,5880.0,5590.0,5740.0,605475180490,105465938,6428,5580.0,5830.0,48.75740972917116,-163.94507810947107,-196.8642750518601,6064.082342969794,5383.917657030206,5724.0,6218.4,-0.013722126929674117,0
2023-07-04,5870.0,6030.0,5840.0,5930.0,773796643330,130524700,8122,5740.0,5900.0,51.494314033427436,-134.63781623558316,-184.41898328860472,6009.745689623627,5415.254310376373,5712.5,6210.0,-0.05423728813559325,0
2023-07-05,5870.0,5980.0,5850.0,5910.0,393681573340,66622061,4641,5930.0,5890.0,51.0746319522952,-110.93967298697407,-169.7231212282786,5939.749869655495,5460.250130344505,5700.0,6201.8,-0.06281833616298815,0
2023-07-08,5900.0,5930.0,5760.0,5830.0,379839246810,65120779,5495,5910.0,5770.0,46.20784034877541,-100.68113143336996,-155.91472326929687,5924.303292605726,5465.696707394274,5695.0,6191.2,-0.045060658578856105,0
2023-07-09,5770.0,5850.0,5730.0,5800.0,412802169770,71151549,4266,5830.0,5800.0,47.55332925498979,-89.1032868379998,-142.55243598303747,5922.839659279388,5466.160340720612,5694.5,6180.8,-0.07931034482758625,0
2023-07-10,5800.0,5880.0,5750.0,5770.0,437017503480,75699210,4154,5800.0,5750.0,45.51016634356568,-83.0055078890573,-130.64305036424145,5919.5046947835335,5493.4953052164665,5706.5,6169.0,-0.0852173913043478,0
2023-07-11,5720.0,5780.0,5570.0,5670.0,850373519530,149920504,6515,5770.0,5580.0,39.323732139869286,-90.8433675969909,-122.68311381079134,5921.660285766206,5486.339714233794,5704.0,6150.8,-0.016129032258064502,0
2023-07-12,5570.0,5600.0,5370.0,5470.0,580084861150,106044406,7687,5670.0,5520.0,37.39178522753123,-100.73521360637369,-118.29353376990782,5916.980175345398,5463.019824654602,5690.0,6124.4,-0.08514492753623193,0
2023-07-15,5530.0,5600.0,5470.0,5530.0,414984014580,75064706,5105,5470.0,5510.0,37.064943695987274,-108.1349765640798,-116.26182232874223,5916.126017057835,5439.873982942165,5678.0,6092.4,-0.09074410163339386,0
2023-07-16,5520.0,5520.0,5270.0,5340.0,529456947970,99060289,6711,5530.0,5340.0,31.951779983394815,-126.26145778092632,-118.26174941917905,5930.838134180522,5381.161865819478,5656.0,6056.8,-0.06367041198501877,0
2023-07-17,5280.0,5340.0,5000.0,5140.0,907932231800,176626718,9791,5340.0,5260.0,29.863931029468148,-145.40600622397142,-123.69060078013753,5958.2576253925645,5310.7423746074355,5634.5,6015.0,-0.0513307984790875,0
2023-07-18,5260.0,5490.0,5260.0,5460.0,1223447932340,224243595,9760,5140.0,5490.0,41.665777609391505,-140.40066946312163,-127.03261451673436,5952.170687295244,5295.829312704756,5624.0,5980.6,-0.10382513661202186,0
2023-07-24,5010.0,5050.0,4990.0,5020.0,286859922500,57109828,3685,4960.0,5050.0,30.939824137502484,-169.97881679336024,-135.62185497205954,6006.8821043641865,5182.1178956358135,5594.5,5936.8,-0.017821782178217838,0
2023-07-25,5070.0,5140.0,4980.0,5030.0,357380335300,71003596,6135,5020.0,5010.0,30.179223855835772,-194.40638160430717,-147.37876029850906,6048.289169814727,5079.710830185273,5564.0,5902.4,0.029940119760478945,0
2023-07-26,5000.0,5030.0,4920.0,5000.0,278767916960,55747071,4389,5030.0,5000.0,29.98079425118067,-212.1270505404691,-160.3284183469011,6076.490552912988,4991.509447087012,5534.0,5874.4,0.07200000000000006,1
2023-07-29,5000.0,5030.0,4970.0,4990.0,328165918750,65750231,4100,5000.0,4990.0,29.769998478877923,-224.39108403130376,-173.14095148378163,6085.27297396336,4912.72702603664,5499.0,5839.6,0.08016032064128265,1
2023-07-30,4990.0,5020.0,4900.0,4940.0,648448927660,131186888,5611,4990.0,4920.0,28.27151955915525,-237.0265395123697,-185.91806908949926,6098.772400156029,4829.227599843971,5464.0,5805.6,0.08739837398373984,1
2023-07-31,4900.0,5040.0,4890.0,4970.0,323903370810,65185000,3457,4940.0,4960.0,30.42659134679957,-241.0340725586475,-196.94126978332892,6102.656932266153,4764.343067733847,5433.5,5774.4,0.0766129032258065,1
2023-08-01,5040.0,5160.0,4960.0,5010.0,568271495760,113361598,5019,4970.0,5160.0,40.114815736435055,-225.47263465976357,-202.64754275861586,6095.242219108145,4737.757780891855,5416.5,5743.6,0.03100775193798455,0
2023-08-05,5140.0,5360.0,5140.0,5300.0,729924724230,137682646,7365,5010.0,5360.0,47.92427424774016,-194.75672024143933,-201.06937825518057,6078.309320208507,4730.690679791493,5404.5,5716.2,-0.042910447761194015,0
2023-08-06,5380.0,5400.0,5250.0,5340.0,461207779340,86390288,4993,5300.0,5390.0,48.99865714268812,-166.07893293088364,-194.0712891903212,6027.414723044723,4737.585276955277,5382.5,5694.6,-0.038961038961038974,0
2023-08-07,5430.0,5430.0,5310.0,5370.0,451874959030,84210683,3384,5340.0,5350.0,47.58887308564654,-144.90882682796018,-184.23879671784903,5954.616544134545,4755.383455865455,5355.0,5671.0,-0.03551401869158877,0
2023-08-08,5340.0,5390.0,5220.0,5350.0,458090474400,85572351,3271,5370.0,5340.0,47.22307003184582,-127.46889951851335,-172.88481727798188,5874.5968835588965,4780.4031164411035,5327.5,5650.2,-0.0449438202247191,0
2023-08-09,5350.0,5400.0,5270.0,5320.0,313332478140,58903565,3338,5350.0,5320.0,46.45397593901413,-113.94794336987525,-161.09744249636057,5813.074797642885,4796.925202357115,5305.0,5629.8,-0.041353383458646586,0
2023-08-12,5200.0,5310.0,5110.0,5160.0,554045895380,107356345,4451,5320.0,5130.0,39.81920240845072,-117.21274475347946,-152.32050294778435,5730.598028747522,4812.401971252478,5271.5,5605.8,-0.015594541910331383,0
2023-08-13,5120.0,5220.0,5100.0,5170.0,303011290920,58579340,3139,5160.0,5180.0,42.160356021525295,-114.44627581181794,-144.74565752059107,5647.232606304666,4838.767393695334,5243.0,5583.4,-0.025096525096525046,0
2023-08-14,5180.0,5250.0,5120.0,5170.0,359684109890,69543411,3425,5170.0,5160.0,41.46548626686166,-112.57002492234824,-138.3105310009425,5596.571755475323,4847.428244524677,5222.0,5562.4,-0.01744186046511631,0
2023-08-15,5120.0,5180.0,5080.0,5120.0,332716507350,64986507,2926,5170.0,5100.0,39.36914923137438,-114.6035032861837,-133.56912545799074,5552.7897099118545,4849.2102900881455,5201.0,5542.0,-0.021568627450980427,0
2023-08-16,5090.0,5140.0,5080.0,5110.0,318954306680,62458561,3092,5120.0,5100.0,39.36914923137439,-114.89066151099814,-129.83343266859222,5504.566351230528,4856.433648769472,5180.5,5521.0,-0.0117647058823529,0
2023-08-19,5070.0,5110.0,5010.0,5050.0,379251242390,75146488,4036,5110.0,5050.0,37.53514407590946,-117.79495172689622,-127.42573648025302,5486.149964860016,4845.850035139984,5166.0,5499.2,0.04158415841584162,0
2023-08-20,5050.0,5080.0,5040.0,5050.0,373197419020,73867748,3473,5050.0,5050.0,37.53514407590946,-118.7280001669651,-125.68618921759544,5476.403412259624,4834.596587740376,5155.5,5478.2,0.09306930693069315,1
2023-08-21,5060.0,5110.0,5040.0,5060.0,263109900620,52038276,2807,5050.0,5070.0,38.856512983325864,-116.51055378620003,-123.85106213131635,5417.870781838693,4851.129218161307,5134.5,5457.0,0.09467455621301779,1
2023-08-22,5070.0,5070.0,4970.0,5000.0,385567565300,77110559,3725,5060.0,4990.0,35.61145313390651,-119.82724902877726,-123.04629951080854,5419.616295963751,4843.383704036249,5131.5,5434.0,0.10821643286573157,1
2023-08-23,4960.0,5050.0,4950.0,5000.0,348934801190,69737133,3823,5000.0,5040.0,39.03819510835307,-117.0716427484167,-121.85136815833019,5418.874098161887,4847.125901838113,5133.0,5417.4,0.11309523809523814,1
2023-08-26,5110.0,5310.0,5050.0,5220.0,801176126890,153494477,5931,5000.0,5260.0,51.315450629114075,-96.02868463419236,-116.68683145350262,5430.140810162621,4861.859189837379,5146.0,5406.4,0.06273764258555126,1
2023-08-27,5340.0,5580.0,5270.0,5500.0,1282123166740,233151626,9017,5220.0,5520.0,61.24822241741868,-57.70695181382689,-104.89085552556749,5490.360032089391,4854.639967910609,5172.5,5406.6,0.01449275362318847,0
2023-08-28,5590.0,5690.0,5480.0,5580.0,929474239300,166512551,7310,5500.0,5550.0,62.2063658942637,-24.63201069457955,-88.8390865593699,5539.880931283493,4868.119068716507,5204.0,5405.0,0.01981981981981984,0
2023-08-29,5630.0,5730.0,5520.0,5610.0,739763385740,131877599,5665,5580.0,5530.0,61.12137655880667,-0.033330208621919155,-71.0779352892203,5577.340542859833,4887.659457140167,5232.5,5399.6,0.016274864376130127,0
2023-08-30,5510.0,5730.0,5510.0,5620.0,708472236280,125955299,5462,5610.0,5610.0,63.8383392869692,25.62128647078862,-51.73809093721852,5634.921044428789,4875.078955571211,5255.0,5396.8,-0.010695187165775444,0
2023-09-02,5660.0,5720.0,5490.0,5590.0,750707152930,134370385,5570,5620.0,5590.0,62.65942055707273,43.833635305418284,-32.623745688691166,5671.532097493348,4861.467902506652,5266.5,5393.0,-0.007155635062611854,0
2023-09-03,5590.0,5660.0,5520.0,5600.0,359584676330,64217517,3701,5590.0,5600.0,63.02707580962457,58.40076176781531,-14.41884419738987,5704.555844305583,4849.444155694417,5277.0,5391.2,-0.0017857142857142794,0
2023-09-04,5550.0,5740.0,5530.0,5670.0,569980974380,100566866,4414,5600.0,5660.0,65.23860584435053,73.93454162561466,3.251832967211035,5750.883027608854,4834.116972391146,5292.5,5390.4,-0.019434628975265045,0
2023-09-05,5690.0,5800.0,5590.0,5680.0,686716882640,120871716,5165,5670.0,5620.0,62.55235757539159,82.07143990023724,19.015754353816277,5786.42811961778,4826.57188038222,5306.5,5390.0,-0.010676156583629859,0
2023-09-09,5590.0,5760.0,5550.0,5610.0,440403930660,78512848,4207,5680.0,5550.0,58.047820871302505,81.92717000257471,31.598037483567968,5809.552642145129,4826.447357854871,5318.0,5388.6,0.0018018018018017834,0
2023-09-10,5520.0,5600.0,5470.0,5570.0,615543299200,110475841,3824,5610.0,5550.0,58.047820871302505,80.88049506847892,41.45452900055017,5832.513930907584,4845.486069092416,5339.0,5387.6,0.0018018018018017834,0
2023-09-11,5530.0,5600.0,5500.0,5550.0,412089056980,74309985,3419,5570.0,5590.0,59.958753408217994,82.32961875181172,49.62954695080248,5858.918662046037,4860.081337953963,5359.5,5385.6,0.003577817531305927,0
2023-09-12,5600.0,5600.0,5530.0,5560.0,400713351140,72110806,2838,5550.0,5550.0,57.155061978284465,79.33585960055552,55.57080948075309,5876.188093179887,4881.811906820113,5379.0,5384.2,0.009009009009008917,0
2023-09-13,5560.0,5600.0,5530.0,5560.0,576948771280,103681013,5175,5560.0,5560.0,57.68774454929254,76.88393024158813,59.833433632920105,5887.864178551836,4916.135821448164,5402.0,5384.0,0.003597122302158251,0
2023-09-17,5560.0,5660.0,5530.0,5570.0,462779827120,83045619,4871,5560.0,5560.0,57.68774454929254,74.08673282083964,62.68409347050402,5894.787185861693,4955.212814138307,5425.0,5385.2,-0.003597122302158251,0
2023-09-18,5550.0,5610.0,5530.0,5570.0,841007473450,151092451,4354,5570.0,5560.0,57.68774454929254,71.05090312856282,64.35745540211578,5890.521590379207,5010.478409620793,5450.5,5384.4,-0.008992805755395739,0
2023-09-19,5570.0,5620.0,5550.0,5600.0,694572642810,124079974,3278,5570.0,5610.0,60.736235817588444,71.85131116876164,65.85622655544495,5882.840203294014,5074.159796705986,5478.5,5380.0,-0.017825311942959,0
2023-09-20,5610.0,5650.0,5530.0,5590.0,714668257920,127810415,3542,5600.0,5600.0,59.808138023503076,70.86187232653901,66.85735570966376,5865.915502576216,5144.084497423784,5505.0,5374.0,-0.044642857142857095,0
2023-09-23,5550.0,5610.0,5550.0,5590.0,384804733880,68876272,3201,5590.0,5580.0,57.90242585970399,67.68368665440903,67.02262189861281,5808.103728044483,5260.896271955517,5534.5,5367.8,-0.05017921146953408,0
2023-09-25,5580.0,5610.0,5490.0,5540.0,625239052600,112842856,4224,5590.0,5540.0,54.18381059621296,61.23144788958416,65.86438709680709,5712.663311533271,5406.336688466729,5559.5,5363.2,-0.04332129963898912,0
2023-09-26,5560.0,5560.0,5500.0,5520.0,455205434330,82486265,4196,5540.0,5510.0,51.51180593677567,53.085318397034825,63.30857335685265,5645.375745310264,5498.624254689736,5572.0,5357.4,-0.0362976406533575,0
2023-09-27,5500.0,5540.0,5460.0,5500.0,493620180690,89692328,3700,5520.0,5510.0,51.51180593677567,46.098062317150834,59.86647114891229,5646.406608519121,5496.593391480879,5571.5,5352.6,-0.03992740471869327,0
2023-09-30,5510.0,5550.0,5340.0,5410.0,570334130350,105515003,6119,5500.0,5350.0,39.4718851458363,27.334849578584,53.36014683484664,5683.692471125833,5439.307528874167,5561.5,5348.0,-0.03738317757009346,0
2023-10-01,5410.0,5430.0,5280.0,5310.0,570268323740,107429619,4875,5410.0,5300.0,36.59345942310232,8.33421453180381,44.354960374238075,5716.973051717451,5383.026948282549,5550.0,5343.6,-0.02264150943396226,0
2023-10-02,5280.0,5350.0,5250.0,5300.0,576615417190,108710565,4104,5310.0,5300.0,36.59345942310232,-6.647299701790871,34.154508359032285,5731.220614069395,5337.779385930605,5534.5,5339.4,-0.007547169811320753,0
2023-10-04,5310.0,5360.0,5290.0,5300.0,457959894210,86346374,3694,5300.0,5310.0,37.64812802673392,-17.511479802734357,23.82131072667896,5738.167177130225,5302.832822869775,5520.5,5338.8,-0.015065913370998163,0
2023-10-07,5300.0,5350.0,5260.0,5290.0,536383135250,101466441,3916,5300.0,5290.0,36.34600123496413,-27.419182391192408,13.573212103104686,5741.17789905036,5268.82210094964,5505.0,5339.4,-0.026465028355387554,0
2023-10-08,5260.0,5270.0,5080.0,5130.0,694376466380,135307065,6297,5290.0,5150.0,28.829307960116637,-46.03724929222244,1.6511198240392595,5750.754493050058,5208.245506949942,5479.5,5332.6,0.01747572815533971,0
2023-10-09,5080.0,5400.0,5080.0,5230.0,360610966990,68912694,4532,5130.0,5180.0,32.071224856731305,-57.70625043357268,-10.220354227483128,5750.134584422016,5164.865415577984,5457.5,5335.2,0.019305019305019266,0
2023-10-10,5230.0,5290.0,5190.0,5240.0,304420550580,58044386,3111,5230.0,5260.0,39.929309922460334,-59.80924277584381,-20.138131937155265,5744.469733140571,5141.530266859429,5443.0,5340.2,0.0,0
2023-10-11,5300.0,5300.0,5190.0,5220.0,254034855800,48623209,3041,5240.0,5230.0,38.14717227815319,-63.168461929750265,-28.744197935674265,5737.876181139451,5116.123818860549,5427.0,5344.8,-0.007648183556405397,0
2023-10-14,5220.0,5230.0,5050.0,5140.0,357513300850,69556400,3455,5220.0,5150.0,33.81317346985692,-71.46222665797086,-37.287803680133585,5728.635597547381,5081.364402452619,5405.0,5348.0,0.044660194174757306,0
2023-10-15,5120.0,5250.0,5110.0,5180.0,376248755790,72600489,3218,5140.0,5240.0,41.821246981856206,-69.96631894751044,-43.82350673360896,5713.566351230503,5065.433648769497,5389.5,5354.4,0.028625954198473247,0
2023-10-16,5200.0,5290.0,5200.0,5240.0,254318726760,48551498,3016,5180.0,5280.0,45.005987588914444,-64.80609132310474,-48.02002365150811,5693.020078105074,5057.979921894926,5375.5,5360.8,0.0037878787878788955,0
2023-10-18,5240.0,5280.0,5190.0,5230.0,463799376820,88764855,2908,5240.0,5260.0,43.71738637957387,-61.620088582352764,-50.74003663767705,5669.981824991151,5051.018175008849,5360.5,5362.8,0.017110266159695797,0
2023-10-21,5210.0,5240.0,5180.0,5210.0,462595759440,88739679,3320,5230.0,5190.0,39.45898250325715,-64.00575494122404,-53.39318029838645,5645.749897119085,5038.250102880915,5342.0,5359.4,-0.005780346820809301,0
2023-10-22,5300.0,5440.0,5300.0,5370.0,514261021560,95757133,5329,5210.0,5380.0,52.87645844103731,-49.988761291436276,-52.712296496996416,5609.1736442505035,5051.8263557494965,5330.5,5359.2,-0.022304832713754608,0
2023-10-23,5380.0,5460.0,5350.0,5390.0,463064870970,85893078,4015,5370.0,5390.0,53.461071579046916,-37.639392918623344,-49.697715781321804,5571.79356624,5068.20643376,5320.0,5360.0,0.0,0
2023-10-24,5360.0,5400.0,5280.0,5320.0,519055203910,97500089,3586,5390.0,5300.0,47.72276862931621,-34.71451008615077,-46.7010746422876,5527.756623350596,5084.243376649404,5306.0,5359.2,0.013207547169811429,0
2023-10-25,5330.0,5390.0,5320.0,5350.0,329141791540,61496230,2980,5320.0,5350.0,50.87733665446017,-28.03872427625174,-42.968604569080426,5492.0786286889725,5100.9213713110275,5296.5,5359.8,0.007476635514018781,0
2023-10-28,5330.0,5330.0,5160.0,5200.0,634709280980,122006100,5596,5350.0,5160.0,40.80167472338033,-37.645573293837515,-41.903998314031845,5456.865117434139,5101.134882565861,5279.0,5360.4,0.06589147286821695,1
2023-10-29,5170.0,5270.0,5160.0,5230.0,298969240230,57169267,3255,5200.0,5260.0,46.775986976482706,-36.76608949514957,-40.87641655025539,5409.367071083092,5123.632928916908,5266.5,5362.0,0.05513307984790883,1
2023-10-30,5250.0,5400.0,5250.0,5350.0,322140648670,60200487,3317,5230.0,5390.0,53.36497537792938,-25.287678091674934,-37.7586688585393,5416.99579118568,5120.00420881432,5268.5,5366.6,0.027829313543599188,0
2023-10-31,5400.0,5420.0,5330.0,5360.0,457528960280,85290364,3689,5350.0,5370.0,52.292416445171675,-17.601883652010656,-33.72731181723358,5426.479772138169,5117.520227861831,5272.0,5372.0,0.06517690875232773,1
2023-11-01,5330.0,5410.0,5220.0,5350.0,431903022110,80699528,3521,5360.0,5390.0,53.3031509931652,-9.784216969628687,-28.938692847712602,5439.014614726985,5113.985385273015,5276.5,5377.8,0.04452690166975892,0
2023-11-04,5440.0,5630.0,5440.0,5510.0,648678032760,117686304,4911,5350.0,5500.0,58.5096326634473,5.227165382317253,-22.105521201706633,5475.251155874567,5096.748844125433,5286.0,5386.8,0.025454545454545396,0
2023-11-05,5580.0,5600.0,5510.0,5530.0,481131304090,86997345,3855,5510.0,5550.0,60.65690576126821,20.91725508390209,-13.50096594458489,5520.531036200029,5077.468963799971,5299.0,5396.8,0.009009009009008917,0
2023-11-06,5570.0,5580.0,5500.0,5540.0,398758116190,71995985,3821,5530.0,5540.0,59.98822215902152,32.17396633062526,-4.36597948954286,5552.446575097515,5084.553424902485,5318.5,5406.2,0.0072202166064982976,0
2023-11-07,5520.0,5820.0,5520.0,5660.0,662535144710,117065433,5807,5540.0,5720.0,67.03313011940966,54.9856464660279,7.504345701571294,5628.729588849496,5062.270411150504,5345.5,5420.8,-0.03146853146853146,0
2023-11-08,5780.0,5780.0,5600.0,5660.0,582585749420,102966683,4525,5660.0,5630.0,61.22824079443088,65.05194119928001,19.013864801113037,5669.901945073668,5058.098054926332,5364.0,5432.6,-0.0248667850799289,0
2023-11-11,5600.0,5690.0,5600.0,5640.0,297273997000,52665345,3387,5660.0,5640.0,61.62587623966124,72.99502748659506,29.810097338209445,5706.274765946387,5062.725234053613,5384.5,5440.2,-0.03900709219858156,0
2023-11-12,5620.0,5650.0,5570.0,5620.0,368392376120,65526288,3061,5640.0,5600.0,59.018507347570555,75.1955078827923,38.887179447126016,5722.917710804333,5091.082289195667,5407.0,5441.8,-0.03928571428571426,0
2023-11-13,5660.0,5660.0,5560.0,5600.0,524151242290,93677090,3756,5620.0,5580.0,57.70389061431249,74.46716052502234,46.00317566270528,5738.731631711604,5109.268368288396,5424.0,5442.4,-0.048387096774193505,0
2023-11-14,5600.0,5610.0,5500.0,5540.0,283574463940,51152018,2790,5600.0,5540.0,55.062216136288384,69.85700620739681,50.77394177164359,5748.326195492521,5125.673804507479,5437.0,5442.6,-0.041516245487364656,0
2023-11-15,5530.0,5540.0,5420.0,5490.0,341105648300,62185182,3588,5540.0,5490.0,51.86589243029882,61.460366714016345,52.91122676011815,5749.649464551818,5147.350535448182,5448.5,5440.2,-0.030965391621129323,0
2023-11-18,5440.0,5490.0,5370.0,5410.0,300027017790,55412956,3714,5490.0,5420.0,47.69187564755703,48.59735438485495,52.04845228506551,5737.416654150117,5182.583345849883,5460.0,5436.8,-0.022140221402214055,0
2023-11-19,5400.0,5420.0,5350.0,5380.0,556748833810,103415167,3661,5410.0,5380.0,45.44141799231836,34.77479652713737,48.59372113347988,5737.416654150117,5182.583345849883,5460.0,5432.4,-0.01115241635687736,0
2023-11-20,5350.0,5400.0,5310.0,5350.0,334029511660,62435692,3173,5380.0,5310.0,41.730332024507454,17.96481761836003,42.46794043045591,5739.5771499959865,5172.4228500040135,5456.0,5425.4,0.0,0
2023-11-21,5350.0,5360.0,5300.0,5330.0,335285989050,62888319,3521,5350.0,5310.0,41.73033202450745,4.589878956287976,34.89232813562233,5739.008406954282,5173.991593045718,5456.5,5419.2,0.009416195856873921,0
2023-11-22,5300.0,5390.0,5290.0,5340.0,470867411890,88214879,3378,5330.0,5320.0,42.50823619417584,-5.143647106091521,26.88513308727956,5740.061396895206,5169.938603104794,5455.0,5414.6,0.03383458646616533,0
2023-11-25,5320.0,5360.0,5290.0,5320.0,323305470280,60727272,3511,5340.0,5300.0,41.32011762355149,-14.306453598199369,18.646815750183773,5723.656263062526,5200.343736937474,5462.0,5409.6,0.049056603773584895,0
2023-11-26,5320.0,5350.0,5290.0,5310.0,230714850580,43468629,3112,5320.0,5320.0,43.0347897460988,-19.72681248975732,10.972090102195555,5718.574446661814,5211.425553338186,5465.0,5404.2,0.1278195488721805,1
2023-11-27,5350.0,5360.0,5290.0,5310.0,294804347440,55531768,3188,5310.0,5310.0,42.368157801248735,-24.546446236819975,3.868382834392449,5721.606983789471,5200.393016210529,5461.0,5399.4,0.17514124293785316,1
2023-11-28,5310.0,5370.0,5280.0,5320.0,310101486940,58268193,3183,5310.0,5360.0,46.805169301383565,-24.05417699321697,-1.7161291311294353,5721.840773703312,5199.159226296688,5460.5,5395.4,0.15671641791044766,1
2023-11-29,5400.0,5570.0,5380.0,5480.0,897344085390,163757573,6352,5320.0,5500.0,56.82767299525335,-12.226283118676292,-3.8181599286388073,5725.799923017396,5206.200076982604,5466.0,5394.2,0.11818181818181817,1
2023-12-02,5560.0,5700.0,5540.0,5610.0,1057221262910,188412697,7381,5480.0,5560.0,60.281550849126745,1.9662409496240798,-2.6612797529862298,5731.670896750754,5206.329103249246,5469.0,5394.2,0.08453237410071934,1
2023-12-03,5600.0,6000.0,5540.0,5910.0,3308544093640,560194269,16579,5610.0,6000.0,75.65990580490907,48.16304765897985,7.503585729406987,5840.857982590699,5142.142017409301,5491.5,5402.0,0.014999999999999902,0
2023-12-04,6320.0,6320.0,6150.0,6260.0,4086786702170,653013205,24614,5910.0,6240.0,80.16998264404535,102.95355949498389,26.59358048252237,6004.758298411894,5048.241701588106,5526.5,5414.8,-0.02564102564102566,0
2023-12-05,6240.0,6350.0,6140.0,6230.0,1605023947130,257715593,12522,6260.0,6200.0,77.58951650227759,141.516455554588,49.578155496935494,6106.970124984116,4994.029875015884,5550.5,5427.2,-0.020967741935483897,0
2023-12-06,6190.0,6230.0,6120.0,6170.0,629741503270,102142632,5891,6230.0,6150.0,74.36724048839247,166.12822362915267,72.88816912337893,6190.9680626361605,4962.0319373638395,5576.5,5439.4,-0.013008130081300862,0
2023-12-09,6140.0,6190.0,6030.0,6090.0,1097368512390,180278913,7530,6170.0,6030.0,67.15854175947712,173.94509920177006,93.09955513905716,6241.272035656152,4950.727964343848,5596.0,5449.8,0.01990049751243772,0
2023-12-10,6050.0,6170.0,6010.0,6100.0,635303843850,104171513,5341,6090.0,6090.0,68.78767290369501,182.87347636890172,111.05433938502608,6300.778619390491,4940.221380609509,5620.5,5461.4,0.03612479474548436,0
2023-12-11,6100.0,6150.0,6070.0,6090.0,674740233810,110779742,4487,6100.0,6080.0,68.18061798838897,186.98689464663767,126.2408504373484,6354.1458918245635,4936.8541081754365,5645.5,5476.0,0.044407894736842035,0
2023-12-12,6070.0,6100.0,6040.0,6080.0,719296475570,118383637,4391,6090.0,6070.0,67.53873631471791,187.28103267453298,138.44888688478534,6402.194494638126,4941.805505361874,5672.0,5491.4,0.04448105436573302,0
2023-12-13,6060.0,6100.0,6030.0,6070.0,445641488610,73469939,3286,6080.0,6070.0,67.53873631471791,185.37722591377224,147.8345546905827,6445.899993287573,4956.100006712427,5701.0,5506.8,0.04448105436573302,0
2023-12-16,6100.0,6190.0,6070.0,6140.0,535942341330,87352283,4729,6070.0,6150.0,70.14639186753993,188.15484482298962,155.8986127170641,6495.177371972942,4979.822628027058,5737.5,5523.6,0.021138211382113914,0
2023-12-18,6170.0,6410.0,6170.0,6310.0,1200106530850,190143256,9752,6140.0,6310.0,74.54981504470243,200.95035998180174,164.90896217001165,6562.084828280194,5005.915171719806,5784.0,5544.0,-0.011093502377179099,0
2023-12-19,6350.0,6580.0,6280.0,6390.0,1294093914360,202528370,7525,6310.0,6350.0,75.52188228491377,211.87618684432618,174.30240710487456,6619.4130455895,5052.5869544105,5836.0,5568.0,-0.023622047244094446,0
2023-12-20,6350.0,6480.0,6300.0,6370.0,980725153050,153877890,5259,6390.0,6340.0,74.75317727278976,217.22404336802083,182.88673435750383,6661.189214090394,5113.810785909606,5887.5,5591.2,-0.018927444794952675,0
2023-12-23,6370.0,6380.0,6300.0,6350.0,941287376220,148221279,4916,6370.0,6340.0,74.75317727278976,218.93847177412954,190.09708184082896,6689.9858614769855,5187.0141385230145,5938.5,5612.8,-0.009463722397476393,0
2023-12-24,6340.0,6370.0,6250.0,6300.0,883284123080,140109578,5589,6350.0,6280.0,69.8087351944967,213.00033480712955,194.67773243408908,6692.421981498523,5282.578018501477,5987.5,5633.8,-0.014331210191082855,0
2023-12-25,6290.0,6350.0,6200.0,6270.0,662003973830,105551246,4492,6300.0,6240.0,66.64396702140687,202.7297108608227,196.28812811943584,6675.443143899676,5391.556856100324,6033.5,5655.6,-0.009615384615384581,0
2023-12-26,6230.0,6270.0,6170.0,6210.0,476493645930,76730771,3980,6270.0,6200.0,63.541724041789735,189.18173243154342,194.86684898185737,6630.289779010798,5525.710220989202,6078.0,5674.8,-0.008064516129032251,0
2023-12-27,6270.0,6270.0,6190.0,6220.0,768386352510,123557080,4970,6210.0,6220.0,64.43320964159824,178.00674383388468,191.49482795226285,6566.596229786332,5675.403770213668,6121.0,5693.6,-0.004823151125401881,0
2023-12-30,6280.0,6330.0,6250.0,6280.0,413007029830,65778615,3774,6220.0,6280.0,67.03724926907627,172.0091687920276,187.59769612021583,6506.9870314576465,5813.0129685423535,6160.0,5714.0,-0.01273885350318471,0
2023-12-31,6300.0,6300.0,6180.0,6230.0,498910921170,80066614,3884,6280.0,6190.0,59.947221808801,158.17050835989448,181.71225856815155,6402.713162468127,5980.286837531873,6191.5,5734.0,0.001615508885298933,0
2024-01-01,6230.0,6230.0,6150.0,6200.0,417831898480,67436187,3320,6230.0,6180.0,59.19805020419368,144.7280193220704,174.3154107189353,6392.799245967805,6008.200754032195,6200.5,5750.0,-0.0016181229773463146,0
2024-01-02,6180.0,6220.0,6100.0,6160.0,446092828520,72415054,3753,6200.0,6150.0,56.9006563174318,130.15367014061758,165.48306260327178,6388.603219079502,6003.396780920498,6196.0,5765.2,0.008130081300812941,0
2024-01-03,6180.0,6230.0,6100.0,6160.0,510237384690,82800015,3654,6160.0,6190.0,59.17560317083248,120.44267097975808,156.47498427856902,6388.111006953878,6002.888993046122,6195.5,5783.0,0.011308562197092087,0
2024-01-06,6180.0,6230.0,6140.0,6180.0,412010001770,66717283,3445,6160.0,6200.0,59.7476304520511,112.2594930505411,147.63188603296345,6389.478458317866,6006.521541682134,6198.0,5800.0,0.012903225806451646,0
2024-01-07,6130.0,6220.0,6130.0,6200.0,279873553090,45124110,3056,6180.0,6200.0,59.7476304520511,104.5688608490118,139.01928099617314,6381.802595530659,6031.197404469341,6206.5,5820.8,0.02580645161290329,0
2024-01-08,6190.0,6220.0,6160.0,6190.0,479904849470,77523673,3612,6200.0,6170.0,56.97024794443581,94.95860643642754,130.20714608422404,6378.485118387867,6042.514881612133,6210.5,5839.0,0.021069692058346856,0
2024-01-09,6170.0,6300.0,6150.0,6230.0,532235215560,85498692,3976,6190.0,6200.0,59.02166517861309,88.74021786319008,121.91376044001726,6373.633701031272,6059.366298968728,6216.5,5855.2,0.00967741935483879,0
2024-01-10,6240.0,6290.0,6240.0,6260.0,481666026740,76889340,3570,6230.0,6260.0,62.8376210417964,87.6433012560874,115.0596686032313,6368.88456879518,6083.11543120482,6226.0,5873.0,-0.0015974440894568342,0
2024-01-13,6260.0,6380.0,6230.0,6310.0,736421610760,116692973,5231,6260.0,6280.0,64.03970743504874,87.38055119347246,109.52384512127954,6361.763721802378,6111.236278197622,6236.5,5890.8,-0.014331210191082855,0
2024-01-14,6310.0,6380.0,6300.0,6340.0,695842408130,109819493,5116,6310.0,6360.0,68.43762001512282,92.56066950688364,106.13120999840037,6376.630243383953,6117.369756616047,6247.0,5908.0,-0.01729559748427678,0
2024-01-15,6340.0,6360.0,6270.0,6320.0,598168081220,94699573,3483,6340.0,6300.0,62.285094151774864,90.77801953013204,103.06057190474671,6375.2283962448955,6117.7716037551045,6246.5,5923.0,-0.015873015873015928,0
2024-01-16,6270.0,6330.0,6210.0,6270.0,728649735130,116133373,3743,6320.0,6260.0,58.508739971313894,85.15596590697805,99.47965070519298,6361.933314803616,6122.066685196384,6242.0,5937.4,-0.011182108626198062,0
2024-01-17,6250.0,6280.0,6210.0,6240.0,314644339790,50417391,2739,6270.0,6250.0,57.5690121947389,78.98306388420042,95.38033334099447,6348.832834329247,6126.167165670753,6237.5,5948.0,-0.008000000000000007,0
2024-01-20,6250.0,6310.0,6180.0,6240.0,632437891640,101403368,4387,6240.0,6190.0,52.156197340853524,68.46032795314477,89.99633226342453,6332.567051238612,6127.432948761388,6230.0,5959.2,0.003231017770597644,0
2024-01-21,6170.0,6250.0,6130.0,6230.0,844313812030,135632320,4969,6240.0,6250.0,56.555224427070286,64.2221692840476,84.84149966754914,6328.9539695571275,6128.0460304428725,6228.5,5971.4,-0.008000000000000007,0
2024-01-22,6250.0,6260.0,6170.0,6220.0,770439114340,123935142,4412,6230.0,6200.0,52.24427351672134,56.18119403864057,79.10943854176743,6327.549492822995,6125.450507177005,6226.5,5983.4,-0.006451612903225823,0
2024-01-23,6190.0,6230.0,6080.0,6150.0,876521206620,142462396,5373,6220.0,6190.0,51.400392033009034,48.44332233310888,72.97621530003572,6327.66612021605,6124.33387978395,6226.0,5995.6,-0.011308562197092087,0
2024-01-24,6150.0,6230.0,6150.0,6180.0,276792968980,44754505,2855,6150.0,6200.0,52.23133374839943,42.62654738053516,66.90628171613561,6327.274141403312,6122.725858596688,6225.0,6008.8,-0.014516129032258074,0
2024-01-27,6220.0,6250.0,6150.0,6190.0,482056297820,77880140,3453,6180.0,6210.0,53.09499154543903,38.3811932452636,61.20126402196121,6320.7522040046715,6122.2477959953285,6221.5,6023.2,-0.017713365539452464,0
2024-01-28,6200.0,6230.0,6160.0,6190.0,627040536870,101305577,4424,6190.0,6200.0,52.08093530734189,33.8199477746648,55.72500077250193,6320.711701432934,6123.288298567066,6222.0,6038.8,-0.032258064516129004,0
2024-01-29,6190.0,6190.0,6120.0,6150.0,489988050450,79686813,3980,6190.0,6160.0,48.121844819190954,26.670026704825432,49.914005958966634,6321.7769814976855,6120.2230185023145,6221.0,6054.4,-0.022727272727272707,0
2024-01-30,6110.0,6180.0,6110.0,6140.0,526567574850,85702902,6275,6150.0,6120.0,44.48042877488047,17.573421573700216,43.44588908191336,6325.230790216403,6113.769209783597,6219.5,6070.6,-0.019607843137254943,0
2024-01-31,6140.0,6150.0,6080.0,6110.0,495797020190,81097347,3966,6140.0,6110.0,43.592326920126766,9.448464031380354,36.646404071806764,6330.9945886168925,6100.0054113831075,6215.5,6086.6,-0.018003273322422242,0
2024-02-03,6100.0,6170.0,6080.0,6120.0,687313926660,112289458,4916,6110.0,6100.0,42.67473552203334,2.1773609537067387,29.75259544818676,6336.432521612909,6084.567478387091,6210.5,6102.2,-0.02622950819672132,0
2024-02-04,6130.0,6170.0,5990.0,6050.0,525813035240,86951296,6068,6120.0,6000.0,34.78864913369337,-11.521393434257334,21.497797671697942,6356.381365146019,6044.618634853981,6200.5,6116.2,-0.020000000000000018,0
2024-02-05,6020.0,6080.0,5970.0,6000.0,630079381730,104949166,5836,6050.0,6020.0,37.2848406405692,-20.527296234692585,13.092778890419838,6367.367428150406,6018.632571849594,6193.0,6130.2,-0.01827242524916939,0
2024-02-06,5970.0,6030.0,5940.0,5990.0,532025403110,88840127,4258,6000.0,6000.0,35.80869933017637,-28.94471528079248,4.685280056177374,6376.5045219104395,5989.4954780895605,6183.0,6144.0,-0.013333333333333308,0
2024-02-13,6040.0,6040.0,5970.0,6000.0,528729083590,88077560,3353,5990.0,6000.0,35.80869933017637,-35.20970495758593,-3.2937169465752865,6375.621010599085,5964.378989400915,6170.0,6156.8,-0.2576666666666667,0
2024-02-14,6010.0,6020.0,5940.0,5970.0,486126085530,81472457,4777,6000.0,5940.0,31.473304915183533,-44.50324724045731,-11.535623005351692,6374.999999999528,5931.000000000472,6153.0,6165.6,-0.1956228956228956,0
2024-02-17,5990.0,5990.0,5830.0,5880.0,777774071690,132344831,6377,5970.0,5880.0,27.843017197832623,-56.06367783540827,-20.44123397136301,6359.902576858276,5898.097423141724,6129.0,6172.0,-0.17534013605442178,0
2024-02-18,5880.0,5960.0,5820.0,5910.0,475446797670,80442772,4599,5880.0,5910.0,32.06253407536873,-62.088930548427015,-28.770773286775814,6345.167138141476,5873.832861858524,6109.5,6170.2,-0.19187817258883244,0
2024-02-19,5920.0,5980.0,5890.0,5930.0,797003921280,134372791,7361,5910.0,5920.0,33.45933630675739,-65.3042831805833,-36.077475265537316,6331.320015911136,5853.679984088864,6092.5,6163.8,-0.17179054054054055,0
2024-02-28,4460.0,4500.0,4421.0,4466.0,311274776162,69702325,3862,4393.0,4454.0,7.880261116755179,-184.02509469374672,-65.6669991511792,6748.8595271788745,5256.540472821125,6002.7,6128.88,0.09788953749438711,1
2024-03-02,4460.0,4778.0,4450.0,4667.0,1310384875267,280794749,10217,4466.0,4778.0,22.061530666440945,-249.09666958646812,-102.35293323823699,6843.0217090397,5021.178290960301,5932.1,6101.44,0.008790288823775638,0
2024-03-03,4890.0,4983.0,4811.0,4890.0,1100158892268,224987668,10818,4667.0,4849.0,24.793742772627866,-291.5761465584119,-140.19757590227198,6874.2552114071605,4849.84478859284,5862.05,6077.82,-0.010105176325015508,0
2024-03-04,4860.0,4900.0,4774.0,4820.0,727076382641,150857921,7126,4890.0,4776.0,23.867307334646725,-327.3583447950241,-177.6297296808224,6894.181550350945,4687.518449649056,5790.85,6051.54,0.005025125628140614,0
2024-03-05,4732.0,5039.0,4732.0,4947.0,894183344684,180765641,7396,4820.0,4903.0,28.848385655140405,-341.5311970340217,-210.41002315146227,6878.267424439424,4574.732575560576,5726.5,6028.0,-0.029981643891495047,0
2024-03-06,4950.0,5009.0,4850.0,4895.0,626042756975,127890770,6493,4947.0,4890.0,28.64181103156018,-349.78022716960186,-238.28406395509023,6846.121597136695,4475.878402863305,5661.0,6004.4,-0.04110429447852759,0
2024-03-09,4959.0,4962.0,4819.0,4858.0,541245005191,111423540,6113,4895.0,4820.0,27.499915975121453,-357.84108864711106,-262.1954688934944,6802.436909999788,4380.563090000212,5591.5,5979.4,-0.020746887966805017,0
2024-03-10,4811.0,4899.0,4778.0,4820.0,879555043282,182483986,6715,4858.0,4800.0,27.16665950020993,-361.6740588799512,-282.0911868907858,6745.431452328863,4297.568547671137,5521.5,5952.4,0.018333333333333313,0
2024-03-11,4800.0,4850.0,4755.0,4790.0,836030111581,174553063,7108,4820.0,4800.0,27.16665950020993,-360.55545653952777,-297.7840408205342,6679.09707897818,4227.90292102182,5453.5,5922.2,0.04895833333333344,0
2024-03-12,4777.0,4849.0,4750.0,4794.0,358730776952,74826050,5158,4790.0,4756.0,26.351860368557467,-359.0801361128197,-310.0432598789913,6606.749974415593,4163.850025584407,5385.3,5890.32,0.0931455004205215,1
2024-03-13,4753.0,4810.0,4679.0,4734.0,455656272064,96253614,5467,4794.0,4689.0,25.11653637524502,-359.1769063071324,-319.86998916461954,6524.074925350713,4104.425074649287,5314.25,5857.3,0.09170398805715507,1
2024-03-16,4750.0,4750.0,4633.0,4683.0,429215977284,91663566,5175,4734.0,4720.0,26.825761938490658,-352.68660482054474,-326.4333122958046,6424.98655957585,4065.51344042415,5245.25,5824.9,0.08855932203389827,1
2024-03-17,4719.0,4900.0,4719.0,4826.0,386562063770,80105704,4347,4683.0,4888.0,35.42762434820031,-330.18068080888133,-327.18278599841994,6325.875730213793,4053.4242697862064,5189.65,5797.06,0.045621931260229065,0
2024-03-18,4890.0,5039.0,4870.0,4976.0,913387725068,183573778,8412,4826.0,5035.0,41.86708000524055,-297.05859583326037,-321.157947965388,6211.938034789186,4068.861965210813,5140.4,5772.96,0.014895729890764597,0
2024-03-24,5100.0,5220.0,5100.0,5168.0,732116540730,141665658,9020,4976.0,5199.0,48.087062893032545,-254.64034013061337,-307.8544263984331,6097.687510574969,4103.012489425032,5100.35,5752.94,-0.020965570301981096,0
2024-03-25,5288.0,5288.0,5109.0,5166.0,618173307489,119670589,9449,5168.0,5119.0,45.52802517544508,-224.88654617405973,-291.26085035355845,5964.658981900811,4147.941018099189,5056.3,5730.92,-0.009572182066809876,0
2024-03-26,5150.0,5150.0,5095.0,5110.0,399635600296,78201793,5777,5166.0,5138.0,46.25949842478001,-197.4966899838937,-272.5080182796255,5830.9599891992,4201.440010800799,5016.2,5708.08,-0.021019852082522328,0
2024-03-27,5139.0,5151.0,5099.0,5110.0,438397952560,85790293,6114,5110.0,5111.0,45.327990318250045,-175.940572570129,-253.19452913772622,5692.2341145888995,4263.2658854111005,4977.75,5686.5,-0.006065349246722751,0
2024-03-30,5120.0,5120.0,5060.0,5090.0,365440037590,71784993,4739,5110.0,5110.0,45.291613523371595,-157.12662790042577,-233.98094889026612,5515.4761894703115,4360.0238105296885,4937.75,5665.1,-0.003913894324853229,0
2024-04-02,5060.0,5130.0,4950.0,5050.0,790540057970,156509693,7199,5090.0,5090.0,44.52204420911827,-142.19118261333278,-215.62299563487946,5268.475133487638,4524.024866512362,4896.25,5643.9,0.025540275049115824,0
2024-04-03,5050.0,5130.0,5040.0,5080.0,336417595660,66251986,4811,5050.0,5070.0,43.72199879373196,-130.46465217343484,-198.59132694259054,5245.9195501296535,4608.180449870347,4927.05,5621.5,-0.017751479289940808,0
2024-04-06,5080.0,5190.0,4980.0,5070.0,1118587672520,220590452,8864,5080.0,5030.0,42.09284348534029,-122.98130607752046,-183.46932276957654,5253.846292148533,4625.453707851466,4939.65,5598.1,-0.00994035785288272,0
2024-04-07,5040.0,5140.0,5030.0,5070.0,608031056590,119916819,4917,5070.0,5080.0,44.858727476380515,-111.7281852778442,-169.1210952712301,5268.188706423251,4634.211293576749,4951.2,5575.7,-0.011811023622047223,0
2024-04-08,5070.0,5130.0,5060.0,5090.0,558698658650,109694903,5019,5070.0,5090.0,45.420225378368016,-100.84066117236853,-155.4650084514578,5278.685118310486,4655.114881689513,4966.9,5554.1,-0.007858546168958758,0
2024-04-09,5090.0,5230.0,5090.0,5160.0,837639193230,162454953,6120,5090.0,5220.0,52.23030044414947,-80.79099799944743,-140.53020636105572,5311.6882160830255,4653.8117839169745,4982.75,5534.5,-0.028735632183908066,0
2024-04-13,5160.0,5160.0,4960.0,5030.0,1255962291820,249799475,9784,5160.0,4980.0,41.84888396192614,-83.30717644801825,-129.08560037844822,5313.440665102304,4661.059334897696,4987.25,5508.9,0.08835341365461846,1
2024-04-14,4980.0,4980.0,4980.0,4980.0,225772493160,45335842,1614,5030.0,4980.0,41.848883961926134,-84.32917179720698,-120.13431466219997,5312.362519462544,4678.137480537456,4995.25,5482.9,0.11044176706827313,1
2024-04-15,4960.0,5020.0,4960.0,5000.0,440489462620,88091704,2347,4980.0,5020.0,44.00036442886322,-80.97798101042099,-112.30304793184419,5310.5103326098915,4701.9896673901085,5006.25,5456.1,0.09362549800796804,1
2024-04-16,5020.0,5050.0,4950.0,5020.0,1086985724930,216367168,6226,5000.0,5050.0,45.625249241300544,-75.03641579558371,-104.8497215045921,5308.274351307245,4729.225648692755,5018.75,5431.1,0.07920792079207928,1
2024-04-17,5070.0,5070.0,5070.0,5070.0,266730717630,52609609,1158,5020.0,5070.0,46.7348680512437,-67.93078588885237,-97.46593438144416,5298.185075406893,4770.714924593107,5034.45,5407.3,0.07495069033530566,1
2024-04-20,5350.0,5420.0,5250.0,5410.0,1655859090710,305940802,7878,5070.0,5420.0,61.53006413271926,-33.66932900023039,-84.7066133052014,5335.717207600634,4806.282792399366,5071.0,5390.7,-0.0036900369003689537,0
2024-04-21,5610.0,5670.0,5450.0,5580.0,1936554021470,347115433,15208,5410.0,5530.0,64.8359366079552,2.332317610515929,-67.29882712205794,5396.122908424242,4826.877091575758,5111.5,5377.5,-0.039783001808318286,0
2024-04-22,5540.0,5630.0,5470.0,5550.0,1152280583050,207769889,9772,5580.0,5490.0,62.72508415994267,27.321273586337156,-48.37480698037893,5451.51637581753,4831.68362418247,5141.6,5362.3,-0.04553734061930781,0
2024-04-23,5510.0,5550.0,5370.0,5430.0,787485384200,145152634,8224,5550.0,5450.0,60.600362747159515,43.39727871170817,-30.020389841961514,5495.629627339973,4829.070372660028,5162.35,5347.3,-0.047706422018348627,0
2024-04-24,5440.0,5490.0,5330.0,5410.0,793777016330,146650782,6936,5430.0,5450.0,60.600362747159515,55.497883539715076,-12.916735165626196,5530.884774955151,4818.915225044848,5174.9,5332.5,-0.044036697247706424,0
2024-04-27,5450.0,5490.0,5360.0,5410.0,619337851850,114478780,5510,5410.0,5400.0,57.763778319370516,60.35735588599164,1.7380830446973707,5556.9779744800235,4820.922025519976,5188.95,5316.5,-0.04629629629629628,0
2024-04-28,5370.0,5450.0,5270.0,5330.0,684554751930,128506701,6843,5410.0,5310.0,52.95855266991386,56.29731449477276,12.64992933471245,5568.441075654118,4826.658924345882,5197.55,5298.5,-0.043314500941619594,0
2024-04-29,5340.0,5350.0,5230.0,5270.0,557669665370,105735482,6119,5330.0,5240.0,49.508853106331124,46.890759963250275,19.498095460420018,5573.1287038417195,4834.8712961582805,5204.0,5279.3,-0.026717557251908386,0
2024-04-30,5250.0,5270.0,5170.0,5210.0,603473603250,115886933,5503,5270.0,5190.0,47.14646654514775,34.997980658345114,22.59807250000504,5574.693332363527,4841.306667636473,5208.0,5259.9,-0.026974951830443183,0
2024-05-01,5210.0,5230.0,5150.0,5190.0,364071286170,70192844,4566,5210.0,5210.0,48.2109783432688,26.876880283752143,23.45383405675446,5576.678921361398,4851.321078638602,5214.0,5241.7,-0.03838771593090207,0
2024-05-05,5210.0,5220.0,5150.0,5170.0,317942866860,61442257,4357,5190.0,5150.0,45.26553898102379,15.421580784754951,21.84738340235456,5575.9720659491,4860.0279340509,5218.0,5222.5,-0.03300970873786413,0
2024-05-06,5130.0,5130.0,5060.0,5090.0,447413489830,87871170,5280,5170.0,5080.0,42.03864757408092,0.6868409404150952,17.61527490996667,5573.853930217094,4867.146069782906,5220.5,5202.1,-0.021653543307086576,0
2024-05-07,5090.0,5130.0,5070.0,5090.0,314458405140,61780593,3832,5090.0,5100.0,43.282728477873114,-9.269856555182741,12.238248616936787,5573.36787292941,4869.63212707059,5221.5,5184.1,-0.02352941176470591,0
2024-05-08,5100.0,5110.0,5010.0,5050.0,362367617590,71733163,4850,5090.0,5050.0,40.918165116246115,-20.95365252404008,5.599868388741413,5574.773134362657,4864.226865637343,5219.5,5164.7,0.003960396039603964,0
2024-05-11,5060.0,5080.0,4990.0,5010.0,527346192760,105190601,5300,5050.0,5010.0,39.078863626802956,-33.05971885264353,-2.132049059535575,5575.81875633597,4842.18124366403,5209.0,5144.9,-0.005988023952095856,0
2024-05-12,5000.0,5110.0,4950.0,5010.0,573423039170,114511404,7046,5010.0,4980.0,37.709759494245354,-44.560942114624595,-10.617827670553378,5575.81875633597,4842.18124366403,5209.0,5124.5,-0.030120481927710885,0
2024-05-13,4950.0,4990.0,4910.0,4940.0,796864854000,161323152,7197,5010.0,4970.0,37.24139504314151,-53.86177581430002,-19.26661729930271,5576.591021351876,4840.408978648124,5208.5,5105.1,-0.010060362173038184,0
2024-05-14,4940.0,5110.0,4940.0,5010.0,559701296780,111614869,5004,4940.0,4980.0,38.06975226473617,-59.73722357542101,-27.36073855452637,5579.073482684782,4833.926517315218,5206.5,5087.1,-0.03694779116465863,0
2024-05-15,5010.0,5100.0,4910.0,5010.0,531930776860,106080462,4725,5010.0,5070.0,45.09387897561851,-56.480241353217934,-33.184639114264684,5578.491913658328,4836.508086341672,5207.5,5070.3,-0.07179487179487176,0
2024-05-18,5080.0,5110.0,4980.0,5020.0,481171789860,95827819,4798,5010.0,4980.0,40.18544467982548,-60.464312360287295,-38.640573763469206,5582.636668407924,4823.363331592076,5203.0,5051.5,-0.05662650602409636,0
2024-05-19,4980.0,4980.0,4760.0,4840.0,1264448082360,261324436,10184,5020.0,4830.0,33.61756645360184,-74.86249548707565,-45.884958108190496,5572.311985777596,4774.688014222404,5173.5,5059.02,-0.021739130434782594,0
2024-05-21,4840.0,4930.0,4810.0,4890.0,477990184410,97794909,4548,4840.0,4920.0,39.95837558999883,-78.11050226177304,-52.33006693890701,5520.84123650003,4765.15876349997,5143.0,5061.86,-0.02073170731707319,0
2024-05-25,4900.0,4900.0,4793.0,4802.0,604180197415,125824414,7119,4890.0,4796.0,34.99815970250964,-89.65682663212738,-59.795418877551086,5479.713031542883,4736.886968457117,5108.3,5060.8,0.02147623019182654,0
2024-05-26,4794.0,4800.0,4706.0,4713.0,756405348427,160502143,5954,4802.0,4706.0,31.90269644405899,-104.86084912591377,-68.80850492722362,5447.17121665966,4695.028783340341,5071.1,5059.4,0.041223969400765004,0
2024-05-27,4687.0,4700.0,4619.0,4633.0,871981848575,188228947,6803,4713.0,4698.0,31.634854586433704,-116.21601376775925,-78.29000669533076,5400.790348362,4666.209651638,5033.5,5055.3,0.04065559812686259,0
2024-05-28,4723.0,4725.0,4698.0,4724.0,170886365043,36172895,1278,4633.0,4725.0,33.65922534664968,-121.63426511088346,-86.9588583784413,5349.772784972466,4649.727215027534,4999.75,5052.0,0.011005291005290907,0
2024-05-29,4818.0,4818.0,4818.0,4803.0,99335081274,20617493,706,4724.0,4818.0,40.224901832369035,-117.07438493685277,-92.98196369012359,5302.94705611839,4647.3529438816095,4975.15,5051.96,0.011207970112079746,0
2024-06-01,4899.0,4899.0,4850.0,4894.0,722200916882,147554564,5565,4803.0,4899.0,45.30244483191196,-105.70610975848831,-95.52679290379653,5263.744826555079,4652.4551734449215,4958.1,5053.94,0.004286589099816274,0
2024-06-02,4955.0,4955.0,4846.0,4889.0,310591044662,63522526,3405,4894.0,4900.0,45.36414845886216,-95.5149413451436,-95.52442259206595,5230.8235366398185,4656.376463360182,4943.6,5055.94,0.004081632653061273,0
2024-06-05,4887.0,4940.0,4844.0,4874.0,309669020719,63531980,3205,4889.0,4889.0,44.765919196521516,-87.31941120539796,-93.88342031473235,5188.067542595285,4667.032457404715,4927.55,5058.6,0.00368173450603404,0
2024-06-08,4889.0,4890.0,4777.0,4779.0,382950141459,80125306,3295,4874.0,4777.0,39.110574211350254,-88.83779173744642,-92.87429459927516,5156.1131873502845,4661.686812649715,4908.9,5060.36,0.0008373456144024072,0
2024-06-09,4763.0,4874.0,4741.0,4824.0,410940861464,85180576,4350,4779.0,4872.0,45.410181965884185,-81.43666204902274,-90.58676808922468,5133.231761804592,4663.768238195408,4898.5,5063.4,-0.035098522167487656,0
2024-06-10,4920.0,4920.0,4862.0,4919.0,446009397576,90678531,3088,4824.0,4920.0,48.31955995449092,-70.88094320995606,-86.64560311337097,5105.710545533487,4673.289454466513,4889.5,5064.04,-0.06280487804878043,0
2024-06-11,4921.0,4985.0,4870.0,4906.0,402213337484,81983014,3388,4919.0,4920.0,48.31955995449092,-61.80303308578641,-81.67708910785406,5086.990195842566,4679.009804157434,4883.0,5061.74,-0.04186991869918699,0
2024-06-12,4925.0,4980.0,4832.0,4878.0,503007695975,103122327,5049,4906.0,4907.0,47.52399989773623,-55.02343930661391,-76.34635914760602,5073.797212278942,4681.902787721058,4877.85,5055.9,-0.03912777664560829,0
2024-06-15,4898.0,4898.0,4781.0,4796.0,343297864709,71583842,3938,4878.0,4781.0,40.554509435506446,-59.13602606872519,-72.90429253182987,5062.292283797195,4673.507716202805,4867.9,5049.14,-0.013386320853377986,0
2024-06-16,4724.0,4740.0,4701.0,4702.0,664325523028,141285927,4127,4796.0,4701.0,36.858525115277324,-68.0659897590549,-71.93663197727489,5055.822763798607,4653.077236201392,4854.45,5040.4,0.024888321633695032,0
2024-06-18,4702.0,4702.0,4608.0,4623.0,506429794982,109536357,5307,4702.0,4611.0,33.193467576107125,-81.46620644225914,-73.84254687027173,5054.838753423361,4617.161246576639,4836.0,5030.4,0.05747126436781613,1
2024-06-19,4600.0,4715.0,4600.0,4698.0,406615862522,86552563,3618,4623.0,4714.0,40.48694267203232,-82.82003767334754,-75.6380450308869,5014.792573613275,4621.607426386725,4818.2,5022.48,0.02524395417904124,0
2024-06-22,4788.0,4788.0,4689.0,4712.0,358297938879,76046689,3713,4698.0,4715.0,40.55479735793364,-82.85714148490206,-77.08186432168993,4991.60634197608,4618.293658023919,4804.95,5014.98,0.025026511134676577,0
2024-06-23,4750.0,4755.0,4712.0,4724.0,247890644290,52474243,2785,4712.0,4717.0,40.70042166343189,-81.78242633458285,-78.02197672426851,4989.390609972959,4609.209390027041,4799.3,5007.92,0.027135891456434136,0
2024-06-24,4760.0,4818.0,4738.0,4781.0,535694559028,112051212,4428,4724.0,4818.0,47.671945338941995,-71.95143952069066,-76.80786928355295,4976.372006630799,4612.027993369201,4794.2,5003.68,0.017227065172270573,0
2024-06-26,4876.0,4876.0,4850.0,4875.0,480639579232,98586455,2578,4781.0,4876.0,51.21862102369972,-58.80235937281941,-73.20676730140624,4983.834695032721,4612.565304967278,4798.2,4999.6,0.033634126333059955,0
2024-06-29,4940.0,4940.0,4823.0,4876.0,455316244691,93372361,4712,4875.0,4833.0,48.58924795480656,-51.260460574653735,-68.81750595605575,4985.770832135523,4623.329167864477,4804.55,4994.46,0.09228222636043859,1
2024-06-30,4864.0,4920.0,4750.0,4820.0,810246055623,168110820,5040,4876.0,4833.0,48.58924795480657,-44.767400711993105,-64.00748490724322,4986.08569735505,4636.5143026449505,4811.3,4986.72,0.09579971032485002,1
2024-07-01,4850.0,4890.0,4800.0,4831.0,343358310915,71069254,2967,4820.0,4845.0,49.429488876954224,-38.212810782990346,-58.84855008239265,4988.01508427755,4646.58491572245,4817.3,4984.02,0.10526315789473695,1
2024-07-02,4820.0,4919.0,4820.0,4894.0,460138722361,94028165,3299,4831.0,4901.0,53.26794202001663,-28.174738208609597,-52.713787707636044,4996.023165176927,4646.876834823072,4821.45,4982.44,0.07406651703733935,1
2024-07-03,4913.0,5060.0,4900.0,4981.0,768245149969,154247179,6158,4894.0,5040.0,61.150328242840104,-8.900752707785614,-43.951180707665955,5025.037528222705,4631.962471777295,4828.5,4982.84,0.05138888888888893,1
2024-07-06,5279.0,5279.0,5279.0,5279.0,702502217614,133074866,1816,4981.0,5279.0,70.39636521427863,25.36690832799104,-30.087562900534554,5124.502684520272,4570.397315479728,4847.45,4987.42,-0.016859253646523964,0
2024-07-07,5529.0,5529.0,5281.0,5351.0,1835103237202,342928008,9493,5279.0,5296.0,70.92639809884082,53.28183468561565,-13.413683383304512,5206.910365515254,4528.689634484746,4867.8,4991.94,-0.020015105740181283,0
2024-07-08,5338.0,5400.0,5236.0,5305.0,1251246968558,235859639,7761,5351.0,5355.0,72.74992924406305,79.25185579560093,5.119424452476576,5293.536036669917,4499.863963330083,4896.7,4990.64,-0.10849673202614374,0
2024-07-09,5340.0,5360.0,5258.0,5285.0,593553336790,112303564,3866,5305.0,5264.0,65.88587469989406,91.43632412056832,22.382804386094925,5343.853552201226,4488.746447798774,4916.3,4985.32,-0.1128419452887538,0
2024-07-10,5264.0,5300.0,5198.0,5245.0,942389073284,179660233,6349,5285.0,5299.0,67.16892757789893,102.73257338804342,38.45275818648463,5394.221404337881,4476.278595662119,4935.25,4981.5,-0.12040007548594078,0
2024-07-13,5280.0,5280.0,5190.0,5220.0,777335152960,148804815,4484,5245.0,5190.0,59.64526324171341,101.71701286098687,51.105609121385086,5420.829177680912,4476.670822319088,4948.75,4976.3,-0.11907514450867052,0
2024-07-14,5260.0,5260.0,5160.0,5200.0,757708602780,145796778,5240,5220.0,5190.0,59.64526324171341,99.76217754365189,60.836922805838455,5445.96268744324,4479.83731255676,4962.9,4971.1,-0.1375722543352601,0
2024-07-22,4767.0,4828.0,4670.0,4738.0,678344836591,143171023,5613,4800.0,4774.0,39.875443091145165,63.90853531447374,61.451245307565515,5446.149203886736,4478.950796113264,4962.55,4958.58,-0.061583577712609916,0
2024-07-23,4775.0,4810.0,4666.0,4711.0,635928867496,134981576,6836,4738.0,4670.0,36.608556519307285,26.793476185464897,54.519691483145394,5448.128319850001,4473.871680149999,4961.0,4945.78,-0.062098501070663836,0
2024-07-24,4706.0,4736.0,4643.0,4680.0,807393132925,172523541,7774,4711.0,4661.0,36.331159591476116,-3.308561322282003,42.95404092205992,5443.884221222851,4483.115778777149,4963.5,4934.2,-0.11950225273546444,0
2024-07-27,4658.0,4679.0,4536.0,4589.0,418499908645,91193323,6502,4680.0,4572.0,33.618301998318515,-33.954789440063905,27.572274849635154,5455.1702477091885,4457.629752290811,4956.4,4921.84,-0.08355205599300086,0
2024-07-29,4593.0,4593.0,4467.0,4511.0,798551904153,177022978,6710,4589.0,4476.0,30.935032899570984,-65.23653751593156,9.010512376521811,5476.147837121692,4412.752162878308,4944.45,4907.16,-0.0719392314566577,0
2024-07-30,4510.0,4530.0,4454.0,4479.0,619193415443,138228953,5613,4511.0,4480.0,31.181504604881056,-88.68250495410848,-10.528091089604246,5493.792444710267,4371.407555289734,4932.6,4893.76,-0.06785714285714284,0
2024-07-31,4277.0,4450.0,4261.0,4321.0,935952777893,216601625,7167,4479.0,4380.0,28.448195910516276,-114.01843380220544,-31.226159632124485,5520.179482837516,4301.220517162484,4910.7,4879.76,-0.05228310502283107,0
2024-08-03,4275.0,4318.0,4104.0,4175.0,984283327968,235772723,7872,4321.0,4104.0,22.568143302730263,-154.58625915268294,-55.89817953623618,5575.959048389582,4168.240951610419,4872.1,4859.84,0.020467836257309857,0
2024-08-04,4134.0,4200.0,4134.0,4164.0,324392277245,77910790,3728,4175.0,4190.0,27.590375948488386,-177.74810227168837,-80.26816408332662,5604.16815602607,4075.731843973929,4839.95,4842.64,-0.015513126491646823,0
2024-08-05,4179.0,4200.0,4154.0,4175.0,590798859994,141494820,3582,4164.0,4154.0,26.806572491094542,-196.74102092878093,-103.56273545241748,5626.679474581818,3985.320525418182,4806.0,4825.52,-0.01251805488685609,0
2024-08-06,4170.0,4195.0,4153.0,4169.0,501121402802,120207555,3991,4175.0,4176.0,28.149899661541937,-207.6244640825853,-124.37508117845104,5637.486408067027,3907.6135919329736,4772.55,4809.44,-0.00694444444444442,0
2024-08-10,4171.0,4200.0,4149.0,4167.0,237945571749,57100806,2937,4169.0,4151.0,27.531538497039065,-215.77958946995295,-142.65598283675143,5638.628989352836,3831.4710106471653,4735.05,4793.06,0.01879065285473369,0
2024-08-11,4183.0,4199.0,4154.0,4165.0,317164457911,76157804,2778,4167.0,4188.0,29.982946417969927,-216.75833910997062,-157.47645409139528,5614.648346344154,3770.251653655846,4692.45,4777.22,0.029847182425978946,0
2024-08-12,4175.0,4175.0,4124.0,4142.0,634456882416,153179931,5184,4165.0,4125.0,28.231776608478484,-220.0806262739734,-169.9972885279109,5547.2873143054985,3722.2126856945015,4634.75,4758.32,0.042424242424242475,0
2024-08-13,4101.0,4142.0,4101.0,4106.0,647105686265,157604551,3747,4142.0,4102.0,27.598046608789588,-222.01027432242063,-180.39988568681287,5462.620949276673,3687.4790507233274,4575.05,4740.76,0.05436372501218911,1
2024-08-14,4147.0,4147.0,4147.0,4147.0,311254246160,75055280,1466,4106.0,4147.0,30.8678057325494,-217.40233163305675,-187.80037487606165,5344.2104317949925,3685.089568205007,4514.65,4727.1,0.04822763443453093,0
2024-08-17,4229.0,4229.0,4229.0,4229.0,382293129313,90397997,1259,4147.0,4229.0,36.495803590879284,-204.77329013417602,-191.19495792768453,5225.44334958735,3700.3566504126493,4462.9,4713.28,0.048001891700165444,0
2024-08-18,4313.0,4313.0,4313.0,4313.0,404175116013,93710901,1257,4229.0,4313.0,41.72910100897719,-185.84428850246968,-190.12482404264156,5074.22982070135,3752.970179298651,4413.6,4703.62,0.02457686065383724,0
2024-08-19,4399.0,4399.0,4289.0,4360.0,987717256069,226562176,5477,4313.0,4300.0,41.16372623997994,-169.93302752603267,-186.0864647393198,4926.354304604189,3811.845695395812,4369.1,4695.5,0.032558139534883734,0
2024-08-20,4365.0,4390.0,4285.0,4333.0,302535009048,69819162,2389,4360.0,4325.0,42.76957882973589,-153.5360791538833,-179.57638762223252,4736.536875855437,3915.1631241445643,4325.85,4688.04,0.03445086705202316,0
2024-08-21,4359.0,4417.0,4315.0,4346.0,540089366988,124274324,3625,4333.0,4347.0,44.21257179175004,-137.18478251867964,-171.09806660152194,4660.536795851073,3948.4632041489267,4304.5,4680.48,0.04899930986887502,0
2024-08-24,4394.0,4432.0,4390.0,4415.0,463359298138,104951259,3463,4346.0,4432.0,49.50954176864294,-116.02995145099976,-160.08444357141752,4613.113587855335,3972.086412144666,4292.6,4672.76,0.024819494584837454,0
2024-08-26,4490.0,4500.0,4418.0,4446.0,646165928487,145344773,5295,4415.0,4419.0,48.74719958482925,-99.17041199397408,-147.90163725592885,4560.133688957356,4000.866311042644,4280.5,4663.16,0.012672550350758094,0
2024-08-27,4430.0,4520.0,4410.0,4456.0,432185406719,96985528,3960,4446.0,4440.0,50.08428444748846,-83.15601028839592,-134.95251186242226,4531.027128090171,4016.772871909828,4273.9,4653.96,-0.018243243243243223,0
2024-08-28,4526.0,4526.0,4445.0,4471.0,400363256352,89548041,3937,4456.0,4474.0,52.256007355481785,-66.9492168120778,-121.35185285235337,4530.614018308775,4016.985981691226,4273.8,4645.66,-0.03442109968708096,0
2024-08-31,4525.0,4560.0,4511.0,4555.0,1287282708007,282592096,4002,4471.0,4560.0,57.31481844366586,-46.62823369744547,-106.40712902137179,4549.402356396073,4006.197643603927,4277.8,4641.32,-0.05723684210526314,0
2024-09-01,4622.0,4625.0,4512.0,4566.0,737602957839,161547591,6639,4555.0,4542.0,55.97789954379421,-31.611757084016972,-91.44805463390084,4578.093018396914,3993.7069816030858,4285.9,4634.72,-0.063188022897402,0
2024-09-03,4593.0,4593.0,4475.0,4493.0,553181289200,123127204,5222,4566.0,4475.0,51.19135859628801,-24.8311927050172,-78.1246822481241,4595.198327596048,4013.7016724039518,4304.45,4625.82,-0.05944134078212293,0
2024-09-07,4464.0,4540.0,4359.0,4386.0,847914735858,193315269,6439,4493.0,4359.0,44.15213502141329,-28.489369414291104,-68.19761968135751,4599.647903217963,4026.1520967820356,4312.9,4614.6,-0.04909382885983027,0
2024-09-08,4380.0,4389.0,4255.0,4301.0,938593805323,218225663,7740,4386.0,4320.0,42.05816837402908,-34.14190821028296,-61.3864773871426,4598.524791534941,4043.8752084650587,4321.2,4602.86,-0.04166666666666663,0
2024-09-09,4340.0,4399.0,4295.0,4333.0,538196098304,124215646,4895,4301.0,4299.0,40.932461586247854,-39.856667572266815,-57.080515424167444,4596.867550448757,4057.8324495512434,4327.35,4593.22,-0.03791579437078385,0
2024-09-10,4339.0,4350.0,4252.0,4282.0,713203782816,166555374,5510,4333.0,4255.0,38.60118586182791,-47.38980761288349,-55.142373861910656,4592.085334781024,4073.014665218976,4332.55,4584.3,-0.007990599294947165,0
2024-09-11,4290.0,4293.0,4205.0,4242.0,614373813989,144843351,6697,4282.0,4209.0,36.275107581314586,-56.421301290142765,-55.39815934755708,4590.948324260909,4076.251675739091,4333.6,4576.26,-0.001187930624851563,0
2024-09-14,4239.0,4250.0,4144.0,4179.0,675855020135,161737152,7078,4242.0,4145.0,33.27112131454123,-67.95969318782318,-57.910466115610305,4588.834852055926,4080.365147944075,4334.6,4564.88,0.0038600723763571043,0
2024-09-15,4155.0,4179.0,4104.0,4136.0,607117948299,146800569,5573,4179.0,4140.0,33.0409156416344,-76.62413478073177,-61.6531998486346,4584.23816823392,4088.76183176608,4336.5,4553.38,0.026086956521739202,0
2024-09-16,4140.0,4170.0,4108.0,4133.0,810690520990,196144834,6242,4136.0,4136.0,32.845123994547606,-82.85839375203341,-65.89423862931437,4585.411399819487,4086.4886001805125,4335.95,4541.76,0.04956479690522242,0
2024-09-17,4133.0,4227.0,4126.0,4172.0,1081895982060,259353622,7310,4133.0,4221.0,40.8643926817102,-80.01790270388483,-68.71897144422846,4585.720721707993,4085.3792782920073,4335.55,4529.82,0.011845534233593913,0
2024-09-18,4196.0,4238.0,4156.0,4177.0,987823628483,236510473,8062,4172.0,4204.0,39.83971307181856,-78.2366871795075,-70.62251459128427,4586.665703085776,4073.5342969142253,4330.1,4516.38,0.015461465271170205,0
2024-09-22,4214.0,4214.0,4160.0,4176.0,557830517628,133591017,4491,4177.0,4161.0,37.29248085816772,-79.37976120252188,-72.3739639135318,4589.928016335489,4056.371983664511,4323.15,4502.94,0.015861571737563196,0
2024-09-23,4165.0,4280.0,4155.0,4215.0,1046205936007,248234773,6400,4176.0,4248.0,44.96017624539785,-72.43054841482717,-72.38528081379087,4588.075073248801,4050.524926751199,4319.3,4491.24,-0.014830508474576232,0
2024-09-24,4279.0,4341.0,4240.0,4332.0,2356580479222,544049813,10332,4215.0,4341.0,51.75181519460871,-58.741785707489726,-69.65658179253064,4587.664102551677,4050.335897448322,4319.0,4481.16,-0.04353835521769178,0
2024-09-25,4369.0,4394.0,4271.0,4312.0,1146148445381,265796396,7047,4332.0,4271.0,47.04614610571673,-52.9315951452445,-66.31158446307342,4575.200241248515,4046.6997587514848,4310.95,4468.56,-0.03699367829548117,0
2024-09-28,4269.0,4269.0,4269.0,4269.0,212452330431,49766299,1699,4312.0,4269.0,46.914888908136824,-47.93578664040615,-62.63642489853997,4563.488824024218,4043.411175975781,4303.45,4453.14,-0.046146638557039155,0
2024-09-29,4227.0,4244.0,4227.0,4227.0,1398204953412,330772454,6061,4269.0,4227.0,44.13042759532929,-46.82584223757931,-59.47430836634784,4546.977575721972,4038.6224242780286,4292.8,4432.1,-0.046132008516678535,0
2024-09-30,4192.0,4246.0,4185.0,4193.0,811354000208,193504237,6476,4227.0,4185.0,41.47920838027415,-48.77302719562067,-57.33405213220241,4522.334651156377,4034.365348843624,4278.35,4409.88,-0.034169653524492194,0
2024-10-01,4161.0,4162.0,4152.0,4154.0,482503699857,116152307,2984,4193.0,4152.0,39.47264419677501,-52.37526011493355,-56.342293728748636,4470.532666273379,4045.367333726621,4257.95,4385.82,-0.022639691714836263,0
2024-10-02,4113.0,4123.0,4113.0,4113.0,827044924799,201080066,4981,4154.0,4113.0,37.183325895555676,-57.711764423626846,-56.61618786772428,4413.746156516578,4059.2538434834228,4236.5,4362.8,0.01628981278871877,0
2024-10-05,4072.0,4090.0,4072.0,4072.0,1054628712858,258973062,6267,4113.0,4072.0,34.892233205257014,-64.50575766350266,-58.19410182687996,4370.712268705469,4061.9877312945323,4216.35,4338.26,0.035609037328094395,0
2024-10-06,4044.0,4045.0,4032.0,4035.0,244870441615,60681888,2501,4072.0,4032.0,32.77074069794848,-72.28446168148366,-61.0121737978007,4359.642099710256,4040.3579002897445,4200.0,4315.1,0.009920634920634885,0
2024-10-07,3995.0,4070.0,3995.0,4019.0,1111427402081,276540748,7761,4035.0,4042.0,33.85353035313386,-76.75741255960111,-64.16122155016079,4349.885103107393,4022.314896892608,4186.1,4292.14,-0.0076694705591291434,0
2024-10-08,4053.0,4059.0,4048.0,4059.0,679076256675,167321519,4571,4019.0,4058.0,35.63964314548598,-78.11077962867148,-66.95113316586293,4338.2979528027645,4009.8020471972354,4174.05,4277.82,-0.003203548546081847,0
2024-10-12,4145.0,4180.0,4100.0,4170.0,681502975384,163448790,3525,4059.0,4180.0,47.32036097119426,-68.54876488644823,-67.27065950997999,4330.3551155068135,4010.2448844931873,4170.3,4268.02,-0.05717703349282299,0
2024-10-13,4268.0,4279.0,4132.0,4197.0,885238459713,210944204,8733,4170.0,4217.0,50.26825177516004,-57.32440843728273,-65.28140929544054,4331.17940677825,4010.2205932217494,4170.7,4259.14,-0.08584301636234293,0
2024-10-14,4190.0,4217.0,4072.0,4115.0,674778363554,163994110,6262,4197.0,4072.0,40.66460601417604,-59.44407892939216,-64.11394322223087,4332.931252707771,4001.1687472922295,4167.05,4249.14,-0.056974459724950854,0
2024-10-15,4021.0,4111.0,3995.0,4029.0,578713164434,143640256,5836,4115.0,4011.0,37.42528503622417,-65.29346089409955,-64.34984675660462,4339.692601745297,3981.507398254704,4160.6,4239.84,-0.04038893044128644,0
2024-10-16,4075.0,4100.0,4034.0,4062.0,353400462078,86993787,3521,4029.0,4045.0,40.28080452390804,-66.4199742750634,-64.76387226029638,4341.9074453711755,3970.1925546288253,4156.05,4231.14,-0.060568603213844274,0
2024-10-19,4046.0,4087.0,3941.0,3951.0,603194043139,152650185,6803,4062.0,3941.0,35.01695219387187,-74.8419437413445,-66.77948655650601,4347.390181162625,3936.709818837376,4142.05,4222.36,-0.009388480081197637,0
2024-10-20,3911.0,3911.0,3833.0,3838.0,898873297310,234217009,6835,3951.0,3855.0,31.366690091502093,-87.44785208397116,-70.91315966199905,4362.630586269705,3886.5694137302958,4124.6,4217.38,0.039429312581063636,0
2024-10-21,3801.0,3900.0,3790.0,3849.0,552889992744,143653320,4952,3838.0,3840.0,30.764310317977646,-97.52430047681037,-76.23538782496132,4376.061850204621,3841.0381497953795,4108.55,4210.38,0.0747395833333333,1
2024-10-22,3880.0,3953.0,3821.0,3856.0,649106338004,168350739,4692,3849.0,3849.0,31.61292714062806,-103.58961701847284,-81.70623366366362,4370.654179192402,3806.5458208075984,4088.6,4204.28,0.05092231748506104,1
2024-10-23,3790.0,3849.0,3771.0,3791.0,510886916128,134750554,5094,3856.0,3800.0,29.493373924452527,-111.06996910076077,-87.57898075108305,4345.3537878533325,3777.7462121466674,4061.55,4196.76,0.11789473684210527,1
2024-10-26,3904.0,3904.0,3904.0,3891.0,109474792896,28041699,685,3791.0,3904.0,38.86268987243327,-107.36859287918332,-91.53690317670312,4317.76918982271,3768.6308101772893,4043.2,4191.82,0.08350409836065564,1
2024-10-27,4007.0,4007.0,4007.0,4007.0,430520013860,107441980,976,3891.0,4007.0,46.45211440572482,-95.02855631949524,-92.23523380526154,4284.593143325905,3775.606856674095,4030.1,4188.2,0.03918143249313699,0
2024-10-28,4127.0,4127.0,4127.0,4127.0,474233095395,114909885,1644,4007.0,4127.0,53.66832538552113,-74.70484042436055,-88.72915512908135,4267.568059752,3782.631940248,4025.1,4188.24,0.0104191906954203,0
2024-10-29,4127.0,4172.0,4029.0,4125.0,1777297376155,430816001,9865,4127.0,4045.0,48.82618904946993,-64.47167451877795,-83.87765900702067,4249.531112860608,3786.6688871393917,4018.1,4187.1,0.043263288009888656,0
2024-10-30,4100.0,4248.0,4055.0,4199.0,1305748794736,310944379,8123,4125.0,4248.0,58.74873482201365,-39.52578471219567,-75.00728414805567,4268.772243248195,3777.027756751805,4022.9,4189.12,-0.005649717514124242,0
2024-11-02,4225.0,4324.0,4201.0,4292.0,1240418176572,289025822,6567,4199.0,4230.0,57.680744400417204,-20.9667452943645,-64.19917637731744,4288.1160540624,3769.3839459376004,4028.75,4189.14,0.017257683215130104,0
2024-11-03,4200.0,4200.0,4164.0,4166.0,883831267936,212142328,7711,4292.0,4164.0,53.817530801061714,-11.452207342566453,-53.64978257036725,4298.812822255583,3767.8871777444165,4033.35,4186.16,0.06844380403458206,1
2024-11-04,4114.0,4195.0,4086.0,4144.0,424933408509,102547957,3868,4166.0,4170.0,54.11837982595427,-3.388655302353982,-43.5975571167646,4312.305784720523,3768.1942152794772,4040.25,4183.56,0.06618705035971217,1
2024-11-05,4195.0,4260.0,4152.0,4204.0,317619025131,75549465,2961,4144.0,4220.0,56.65256474922753,6.956163592996745,-33.48681297481233,4332.2734889582625,3766.026511041737,4049.15,4181.46,0.07606635071090051,1
2024-11-06,4173.0,4275.0,4104.0,4178.0,772436478828,184882653,5385,4204.0,4224.0,56.85785859282681,15.300894481456453,-23.729271483558577,4350.677198601868,3764.2228013981317,4057.45,4179.0,0.09895833333333326,1
2024-11-09,4220.0,4303.0,4220.0,4300.0,659303749349,153332821,2262,4178.0,4303.0,60.8059272545278,27.966414186301336,-13.390134349586592,4371.635971925195,3755.564028074805,4063.6,4176.42,0.07576109690913313,1
2024-11-11,4525.0,4528.0,4427.0,4476.0,2418492237969,540351588,12560,4300.0,4449.0,66.84467321065554,49.21756023213402,-0.8685954332424703,4420.668146143606,3729.7318538563945,4075.2,4177.02,0.08361429534726894,1
2024-11-12,4481.0,4529.0,4423.0,4471.0,1263177164076,282506106,8087,4476.0,4446.0,66.61754656773073,65.06711841354536,12.318547336115097,4475.273779906143,3712.526220093857,4093.9,4177.14,0.05240665766981567,1
2024-11-13,4456.0,4542.0,4424.0,4507.0,929587030135,206241045,6637,4471.0,4541.0,70.08404624780897,84.321705382873,26.71917894546668,4546.125451435429,3694.674548564571,4120.4,4178.48,0.028187623871394063,0
2024-11-16,4599.0,4642.0,4596.0,4639.0,716207172210,154385692,2899,4507.0,4642.0,73.26289422244022,106.50325693567538,42.67599454350842,4630.827100994106,3669.672899005893,4150.25,4180.12,0.015941404566996997,0
2024-11-17,4770.0,4774.0,4596.0,4681.0,1580531254027,337643393,10050,4639.0,4629.0,72.19946751791849,121.6312160504267,58.46703884489209,4697.7816692622855,3671.5183307377138,4184.65,4181.86,0.04666234607906672,0
2024-11-18,4675.0,4821.0,4646.0,4799.0,2230157203194,464719408,10056,4681.0,4821.0,77.4139024256265,147.41373426226437,76.25637792836655,4792.616856263528,3673.283143736472,4232.95,4188.78,0.031943580170089136,0
2024-11-19,4870.0,4888.0,4669.0,4759.0,1306672296804,274540205,9928,4799.0,4679.0,67.35207397131889,154.60614899504617,91.92633214170247,4836.235870936376,3713.5641290636227,4274.9,4195.18,0.05278905749091689,1
2024-11-20,4713.0,4750.0,4630.0,4674.0,1175101961308,251427364,8159,4759.0,4669.0,66.69465037586755,157.68161752933247,105.07738921922848,4866.498547037586,3765.3014529624134,4315.9,4202.16,0.09638038123795245,1
2024-11-23,4648.0,4750.0,4621.0,4704.0,766153051981,162874404,6731,4674.0,4716.0,68.26265537422528,162.04351888777,116.4706151529368,4884.7235558747825,3838.676444125217,4361.7,4210.5,0.04749787955894824,0
2024-11-24,4749.0,4845.0,4720.0,4831.0,1392567765371,288283205,6058,4704.0,4845.0,72.13966058311271,173.90491147471948,127.95747441729334,4927.900026485507,3889.5999735144933,4408.75,4222.3,0.011351909184726505,0
2024-11-25,4940.0,4975.0,4881.0,4969.0,1052253303962,211755059,4239,4831.0,4975.0,75.40090435841235,191.5865733422761,140.6832942022899,4997.514423329204,3916.7855766707958,4457.15,4237.62,0.0170854271356784,0
2024-11-26,5118.0,5118.0,4905.0,5052.0,3678415761052,728121631,15502,4969.0,4926.0,71.98071292413256,199.3475725451508,152.41614987086209,5051.873791738492,3942.3262082615083,4497.1,4253.24,0.043442955745026435,0
2024-11-27,5025.0,5127.0,4960.0,5056.0,1693284883743,334904157,9851,5052.0,5119.0,76.50190037293126,218.55237166369716,165.6433942294291,5127.61213579458,3973.9878642054205,4550.8,4272.82,0.006055870287165366,0
2024-11-30,5080.0,5200.0,4910.0,5000.0,1835262630720,366711772,10628,5056.0,4940.0,65.88363889157793,216.82903910228833,175.88052320400095,5168.393447647489,4002.406552352511,4585.4,4288.9,0.020242914979757165,0
2024-12-01,4970.0,5030.0,4880.0,4920.0,1209067983490,245884422,5581,5000.0,4900.0,63.7541219242474,209.81698038207105,182.66781463961496,5193.291121101211,4044.508878898789,4618.9,4302.48,0.02857142857142847,0
2024-12-02,5060.0,5060.0,5020.0,5060.0,894452694940,176818973,3200,4920.0,5060.0,68.18401796116231,214.6956582464909,189.07338336099016,5228.8761141448795,4098.52388585512,4663.7,4319.6,0.007905138339920903,0
2024-12-03,5210.0,5210.0,5080.0,5180.0,2601606953280,502169638,10661,5060.0,5140.0,70.14853264960922,222.4530764223582,195.74932197326376,5265.950340857598,4158.449659142401,4712.2,4339.18,-0.005836575875486361,0
2024-12-04,5160.0,5240.0,5110.0,5180.0,1527690010020,295065814,8491,5180.0,5150.0,70.39461212893659,226.79346870917925,201.95815132044686,5295.237081663427,4222.162918336573,4758.7,4357.22,0.03300970873786402,0
2024-12-07,5150.0,5170.0,5030.0,5040.0,2323128535770,460636872,9153,5180.0,5040.0,64.13191653670262,218.83459122781005,205.3334393019195,5289.253611523088,4309.746388476912,4799.5,4371.2,0.0714285714285714,1
2024-12-08,5000.0,5060.0,4900.0,4960.0,1367565687140,275695761,7441,5040.0,5040.0,64.13191653670262,210.10516196203207,206.28778383394203,5279.850293122685,4392.849706877316,4836.35,4386.58,0.10317460317460325,1
2024-12-09,5050.0,5100.0,5010.0,5100.0,1257888974110,246791361,4008,4960.0,5100.0,66.0429978104294,205.65782949497589,206.16179296614882,5288.838995569484,4448.9610044305155,4868.9,4403.2,0.11960784313725492,1
2024-12-10,5250.0,5250.0,5090.0,5170.0,1552258068410,300049729,8695,5100.0,5110.0,66.36466016613997,200.6274940350895,205.054933179937,5286.543441873974,4517.6565581260265,4902.1,4420.86,0.08610567514677103,1
2024-12-11,5170.0,5320.0,5100.0,5250.0,2559374636970,487774081,9969,5170.0,5320.0,72.29897645873439,211.15213156326718,206.27437285660304,5329.093541371208,4553.006458628793,4941.05,4443.56,0.08834586466165417,1
2024-12-14,5400.0,5400.0,5400.0,5400.0,442129719600,81875874,1968,5250.0,5400.0,74.16869643829668,223.37340448063333,209.6941791814091,5390.134861102531,4567.765138897468,4978.95,4468.52,0.09074074074074079,1
2024-12-15,5560.0,5560.0,5560.0,5560.0,1669168183800,300210105,3354,5400.0,5560.0,77.44733340434381,243.1664427551441,216.3886318961561,5476.539022701925,4574.460977298075,5025.5,4497.46,0.07014388489208634,1
2024-12-16,5720.0,5720.0,5640.0,5710.0,6499460751180,1137332540,17917,5560.0,5710.0,80.0090778105207,267.86849333767987,226.68460418446088,5599.9282920081805,4539.971707991819,5069.95,4530.22,0.08231173380035028,1
2024-12-17,5710.0,5870.0,5540.0,5650.0,4686074518510,829363375,18884,5710.0,5550.0,70.77429180297335,271.4057866050489,235.62884066857848,5650.91213235273,4576.08786764727,5113.5,4560.58,0.13153153153153152,1
2024-12-18,5590.0,5810.0,5490.0,5720.0,3856071921540,673823446,16422,5650.0,5790.0,75.36710667387896,290.2295259272887,246.54897772032052,5742.489604146815,4596.610395853186,5169.55,4595.54,0.051813471502590636,1
2024-12-21,5890.0,5890.0,5820.0,5890.0,1397273445910,237235861,5525,5720.0,5890.0,76.9896997677594,309.64721883300626,259.1686259428577,5842.371445644027,4614.128554355973,5228.25,4632.18,0.008488964346349714,0
2024-12-22,6050.0,6060.0,5860.0,6000.0,2992260487020,498989988,16841,5890.0,5950.0,77.92909898473116,326.11809254736545,272.5585192637593,5946.631510335551,4620.368489664449,5283.5,4667.58,-0.026890756302521024,0
2024-12-23,5950.0,6180.0,5900.0,6100.0,2107712502510,345580700,12073,6000.0,6180.0,81.11232627550694,353.6537560837178,288.777566627751,6096.698304998364,4590.801695001636,5343.75,4706.84,-0.0889967637540453,0
2024-12-24,6280.0,6280.0,6140.0,6260.0,2480277977640,396486641,13701,6100.0,6280.0,82.30714585597835,379.17424738902264,306.8569027800053,6241.51493119509,4581.38506880491,5411.45,4751.0,-0.07802547770700641,0
2024-12-25,6350.0,6360.0,6080.0,6120.0,2877266873440,469959809,20244,6260.0,6090.0,72.87441918984487,379.6911651081191,321.4237552456281,6328.654131400934,4591.345868599066,5460.0,4792.58,-0.031198686371100126,0
2024-12-28,6090.0,6100.0,5940.0,5960.0,2029780951990,340480735,11704,6120.0,5940.0,66.40421893812137,363.8033808127311,329.8996803590488,6368.230738205007,4651.769261794993,5510.0,4830.48,0.013468013468013407,0
2024-12-29,5830.0,5950.0,5790.0,5800.0,3170454417570,546547092,14201,5960.0,5790.0,60.60906613585043,335.24396712474663,330.9685377121884,6372.973579292521,4736.026420707479,5554.5,4867.46,0.0345423143350605,0
2024-12-30,5710.0,5760.0,5630.0,5650.0,2205111376200,389949856,14047,5800.0,5630.0,55.08665163248522,296.2843812766123,324.0317064250732,6369.691807507814,4796.308192492186,5583.0,4902.96,0.06216696269982247,1
2024-12-31,5680.0,5810.0,5650.0,5780.0,1732170602180,299910843,11033,5650.0,5790.0,59.09993722883332,275.1475618083987,314.2548775017383,6379.685186980166,4851.314813019834,5615.5,4941.96,0.06217616580310881,1
2025-01-01,5870.0,5920.0,5780.0,5850.0,1069343055640,182687907,9984,5780.0,5900.0,61.637895310666444,264.22671964032907,304.24924592945644,6395.431141588169,4910.568858411831,5653.0,4982.98,0.028813559322034,0
2025-01-04,6020.0,6020.0,6020.0,6020.0,1250010817860,207642993,3907,5850.0,6020.0,64.2445078195976,262.2320231309832,295.8458013697618,6404.412983934602,4999.587016065398,5702.0,5027.38,-0.01827242524916939,0
2025-01-05,6130.0,6180.0,5950.0,6050.0,2314086580310,382460143,14441,6020.0,5990.0,63.09035918827129,255.28766520336558,287.7341741364826,6392.383348672146,5106.616651327854,5749.5,5069.1,-0.036727879799666074,0
2025-01-06,6010.0,6060.0,5950.0,5990.0,1399155415880,233682750,8785,6050.0,5980.0,62.686099523909284,246.13994699564955,279.415328708316,6369.530381143141,5217.469618856859,5793.5,5108.56,-0.021739130434782594,0
2025-01-07,6010.0,6160.0,6010.0,6100.0,1947840975790,319395217,11014,5990.0,6150.0,66.60377448520262,249.72917122611943,273.47809721187673,6348.47017804231,5342.52982195769,5845.5,5149.02,-0.05853658536585371,0
2025-01-08,6160.0,6190.0,6020.0,6090.0,1319717126040,216741850,10326,6100.0,6070.0,63.2389078045328,243.3135586291828,267.44518949533796,6332.670990836537,5433.329009163463,5883.0,5189.52,-0.0658978583196046,0
2025-01-11,6070.0,6120.0,5910.0,5940.0,2135673088040,359801372,14067,6090.0,5910.0,57.03294076590199,222.75074467284594,258.50630053083955,6299.768450044101,5517.231549955899,5908.5,5222.76,-0.0372250423011844,0
2025-01-12,5910.0,5910.0,5770.0,5790.0,1961555465720,338538547,12248,5940.0,5770.0,52.205325537253344,192.93371670508532,245.39178376568873,6282.587678558987,5555.412321441013,5919.0,5253.56,-0.04679376083188913,0
2025-01-13,5750.0,5960.0,5750.0,5860.0,1608829958210,274647887,10415,5790.0,5850.0,54.57168204446981,173.75588890464496,231.06460479348,6278.442903177115,5573.557096822885,5926.0,5287.28,-0.04102564102564099,0
2025-01-15,5900.0,5980.0,5750.0,5830.0,1034211539250,177394846,8218,5860.0,5790.0,52.47329800476578,151.96407636692402,215.2444991081688,6252.744340695609,5623.255659304391,5938.0,5319.68,-0.01727115716753025,0
2025-01-18,5800.0,5830.0,5660.0,5690.0,1421637670700,250028468,9125,5830.0,5670.0,48.45987784070171,123.58628504686476,196.91285629590803,6262.006060550278,5601.993939449722,5932.0,5348.68,0.0335097001763669,0
2025-01-19,5670.0,5770.0,5610.0,5670.0,778586674340,137314779,6550,5690.0,5690.0,49.15784287871449,101.54002364172538,177.83828976507152,6268.213806772511,5575.786193227489,5922.0,5378.0,0.005272407732864748,0
2025-01-20,5630.0,5650.0,5500.0,5520.0,2205206368180,399145970,10367,5670.0,5500.0,43.17595260827979,67.95346529135531,155.86132487032827,6291.034161983234,5507.965838016766,5899.5,5401.94,0.025454545454545396,0
2025-01-21,5530.0,5650.0,5430.0,5530.0,1049246500100,189657707,7862,5520.0,5610.0,47.183159888219784,49.63974048361342,134.6170079929853,6259.6849624051765,5482.3150375948235,5871.0,5425.16,0.0017825311942958333,0
2025-01-22,5690.0,5690.0,5690.0,5690.0,957586373400,168292860,3576,5530.0,5690.0,49.94765639984517,41.10745192502782,115.9150967793938,6188.90610242181,5494.09389757819,5841.5,5450.04,-0.017574692442882234,0
2025-01-25,5860.0,5860.0,5780.0,5850.0,3643852416080,622506316,17093,5690.0,5860.0,55.301659832892724,47.51540303240381,102.23515802999582,6158.450909573886,5501.549090426114,5830.0,5476.42,-0.05290102389078499,0
2025-01-26,5910.0,5920.0,5690.0,5770.0,1950400472720,338184233,10921,5850.0,5720.0,50.50990512215859,40.826300304195684,89.95338648483579,6146.713289324545,5491.286710675455,5819.0,5497.98,-0.02622377622377625,0
2025-01-27,5750.0,5760.0,5630.0,5660.0,1291131158690,227957397,8733,5770.0,5640.0,47.95297643546965,28.73852693817298,77.71041457550324,6148.265497044921,5474.734502955079,5811.5,5518.2,-0.010638297872340385,0
2025-01-29,5660.0,5720.0,5590.0,5630.0,605035098620,107427281,5771,5660.0,5620.0,47.308208755717104,17.345103053816274,65.63735227116585,6148.869797407097,5473.130202592903,5811.0,5534.18,0.008896797153024938,0
2025-02-01,5690.0,5690.0,5470.0,5540.0,1381732267530,249544346,9513,5630.0,5590.0,46.30250942350743,5.827803964320083,53.6754426097967,6152.33459835307,5449.66540164693,5801.0,5552.4,0.008944543828264706,0
2025-02-02,5590.0,5650.0,5500.0,5550.0,1119216051800,201544001,7061,5540.0,5550.0,44.93099275018537,-6.453017874621764,41.64975051291301,6147.98731116448,5419.01268883552,5783.5,5570.02,-0.0018018018018017834,0
2025-02-03,5600.0,5670.0,5520.0,5560.0,968699035490,174287088,6023,5550.0,5570.0,45.79553517810023,-14.405764125934184,30.43864758514357,6119.825863058828,5402.174136941172,5761.0,5587.1,-0.021543985637342944,0
2025-02-04,5600.0,5650.0,5560.0,5600.0,863340434060,154238307,6218,5560.0,5580.0,46.2499086404403,-19.67465917609752,20.415986232895353,6091.411669797276,5389.588330202724,5740.5,5601.8,-0.03405017921146958,0
2025-02-05,5580.0,5700.0,5490.0,5600.0,1563250350240,279099354,8670,5600.0,5670.0,50.28877562393276,-16.39901103390548,13.052986779535189,6059.215499341237,5390.784500658763,5725.0,5615.7,-0.05467372134038806,0
2025-02-09,5560.0,5760.0,5560.0,5710.0,2980855567750,521750179,15667,5600.0,5640.0,48.9679197645722,-16.038899115847016,7.234609600458748,5972.298460406051,5426.701539593949,5699.5,5629.98,-0.04255319148936165,0
2025-02-11,5680.0,5810.0,5540.0,5610.0,2495513189350,444920016,13501,5710.0,5540.0,44.74873489115408,-23.551188648812058,1.0774499506045876,5894.909891622505,5451.090108377495,5673.0,5638.4,-0.019855595667869985,0
2025-02-15,5550.0,5550.0,5450.0,5460.0,1461007036080,267672236,6418,5610.0,5450.0,41.29974835657065,-36.347983141604345,-6.407636667837199,5864.102779056956,5435.897220943044,5650.0,5648.6,-0.025688073394495414,0
2025-02-16,5380.0,5410.0,5300.0,5320.0,1899905668950,357058647,12684,5460.0,5390.0,39.134234323036104,-50.74606448904433,-15.275322232078626,5865.59752769352,5396.40247230648,5631.0,5658.4,0.024118738404452778,0
2025-02-17,5400.0,5460.0,5330.0,5400.0,789926444300,146176556,6655,5320.0,5360.0,38.05966786845559,-63.84147221722105,-24.988552229107114,5846.772761668715,5366.227238331285,5606.5,5664.4,0.052238805970149294,1
2025-02-18,5390.0,5500.0,5360.0,5420.0,640876726090,118322454,6176,5400.0,5400.0,40.40918794999512,-70.18298571118066,-34.02743892552182,5827.8401959804705,5346.1598040195295,5587.0,5669.6,0.05740740740740735,1
2025-02-19,5440.0,5480.0,5370.0,5410.0,882695249930,163059347,5708,5420.0,5430.0,42.18062202133313,-71.95843946614968,-41.613639033647395,5821.941288568581,5328.058711431419,5575.0,5675.2,0.057090239410681365,1
2025-02-22,5480.0,5480.0,5310.0,5360.0,1335379309640,249200179,8098,5410.0,5310.0,37.39240561195592,-82.10207486430227,-49.71132619977837,5822.338130953702,5289.661869046298,5556.0,5680.6,0.07532956685499048,1
2025-02-23,5470.0,5520.0,5380.0,5480.0,1401028288690,255458459,8495,5360.0,5520.0,48.42594400054588,-72.36159462223532,-54.24137988426976,5822.638852579797,5291.361147420203,5557.0,5690.2,0.05253623188405787,1
2025-02-24,5570.0,5640.0,5560.0,5640.0,1783741186780,316409369,5825,5480.0,5640.0,53.47196590277004,-54.33288110355352,-54.25968012812652,5825.653513920201,5291.346486079799,5558.5,5701.0,0.0017730496453900457,0
2025-02-25,5800.0,5800.0,5670.0,5780.0,3198357581850,553712902,14063,5640.0,5710.0,56.16615975953428,-34.00459693816447,-50.208663490134114,5828.756383396775,5290.243616603225,5559.5,5713.0,-0.035026269702276736,0
2025-02-26,5770.0,5870.0,5660.0,5760.0,1581299872460,274452321,9840,5780.0,5740.0,57.30713785664592,-15.297199407581502,-43.22637067362359,5800.098864555194,5306.901135444806,5553.5,5721.4,-0.03135888501742157,0
2025-03-01,5740.0,5890.0,5710.0,5790.0,1172883256720,202739707,8086,5760.0,5710.0,55.74451346268266,-2.8592418049020125,-35.15294489987928,5798.28350943329,5307.71649056671,5553.0,5727.6,-0.32049036777583184,0
2025-03-02,5780.0,5880.0,5740.0,5820.0,1288587756850,221316885,8635,5790.0,5810.0,59.690178261976435,14.89538870209708,-25.14327817948401,5829.027568672672,5293.972431327328,5561.5,5732.6,-0.3048192771084337,0
2025-03-03,5650.0,5650.0,5650.0,5650.0,1396311071950,247134703,4609,5820.0,5650.0,51.74147096416996,15.87243096596194,-16.940136350394823,5832.154230878712,5293.845769121288,5563.0,5731.4,-0.2893805309734513,0
2025-03-04,5570.0,5690.0,5500.0,5570.0,2220136804400,398476783,13107,5650.0,5510.0,45.97266365438259,5.288946346870034,-12.494319810941851,5828.807338669487,5289.192661330513,5559.0,5730.6,-0.28602540834845736,0
2025-03-05,5460.0,5600.0,5410.0,5530.0,1557581806610,281756060,10082,5570.0,5560.0,48.194194483763454,0.9253735387846973,-9.810381140996542,5829.275832868534,5289.724167131466,5559.5,5726.0,-0.289568345323741,0
2025-03-12,3982.0,3982.0,3875.0,3922.0,940512933940,239818558,5849,3982.0,3880.0,19.37172884178503,-136.52101967027102,-35.15250884685144,6254.961537513172,4695.038462486828,5475.0,5685.8,0.026030927835051454,0
2025-03-15,3970.0,4039.0,3960.0,4037.0,2568900505259,636287455,12360,3922.0,4039.0,24.00405721070325,-229.96738449593795,-74.11548397666874,6395.35031582104,4400.54968417896,5397.95,5647.58,0.015102748205001237,0
2025-03-16,4080.0,4080.0,3985.0,4025.0,1297882423939,322477158,10655,4037.0,4015.0,23.781952232460725,-302.474167370794,-119.7872206554938,6470.676109662121,4159.723890337878,5315.2,5604.28,-0.0022415940224159714,0
2025-03-17,4015.0,4060.0,3931.0,3973.0,1000239970239,251768905,9365,4025.0,3934.0,23.008177886755362,-362.2960152941614,-168.28897958322733,6520.816093322842,3938.9839066771574,5229.9,5557.36,0.0020335536349771477,0
2025-03-18,3854.0,3950.0,3854.0,3866.0,2139247730368,553385492,12628,3973.0,3950.0,23.537397035284997,-403.7599016695167,-215.38316400048524,6546.673526211791,3754.1264737882084,5150.4,5514.56,-0.0075949367088608,0
2025-03-29,3981.0,3981.0,3981.0,3981.0,372249675075,93506575,1617,3866.0,3981.0,24.618536967665847,-429.1716656197859,-258.1408643243454,6554.633115556211,3599.266884443789,5076.95,5475.38,0.0032655111780959256,0
2025-03-30,4010.0,4100.0,3995.0,4086.0,893437486133,218633472,5299,3981.0,4100.0,28.781437052014482,-434.697444605099,-293.4521803804961,6541.564969516651,3483.3350304833484,5012.45,5441.58,-0.02195121951219514,0
2025-04-05,4100.0,4145.0,3997.0,4035.0,1207884220402,299347780,11243,4086.0,4006.0,27.490004265432844,-441.5715170909707,-323.076047722591,6525.34784575328,3364.15215424672,4944.75,5409.1,0.008487269096355554,0
2025-04-06,4024.0,4024.0,3914.0,3952.0,1179602447310,298463781,9393,4035.0,3942.0,26.614390340575326,-447.03044548199887,-347.86692727447263,6495.636596200347,3248.0634037996533,4871.85,5372.14,0.057584982242516514,1
2025-04-07,3943.0,3943.0,3835.0,3878.0,1148335863803,296110035,8808,3952.0,3920.0,26.304226773626027,-447.9680053840066,-367.8871428963795,6449.462007699391,3143.2379923006097,4796.35,5332.54,0.0864795918367347,1
2025-04-08,3994.0,3994.0,3994.0,3994.0,802173528106,200844649,1983,3878.0,3994.0,29.289287667169376,-437.69437846524943,-381.8485900101535,6401.312278123345,3059.7877218766553,4730.55,5292.02,0.037556334501752664,0
2025-04-09,4110.0,4110.0,3983.0,4048.0,1521873428004,375992788,8318,3994.0,4010.0,29.94996878432805,-423.3809171646253,-390.15505544104786,6312.710336136421,2997.3896638635797,4655.05,5252.42,0.025436408977556058,0
2025-04-12,4070.0,4080.0,4018.0,4048.0,1150787248025,284291026,8342,4048.0,4040.0,31.247099261924063,-404.9486507078436,-393.11377449440704,6188.701074427155,2961.3989255728457,4575.05,5213.62,0.04950495049504955,0
2025-04-13,4169.0,4169.0,4169.0,4169.0,1821053827714,436808306,4864,4048.0,4169.0,36.676977670530334,-375.6020185755169,-389.61142331062905,6032.756006666828,2963.2439933331716,4498.0,5174.0,0.04365555289038148,0
2025-04-14,4294.0,4294.0,4200.0,4272.0,3989498745366,933921715,20726,4169.0,4259.0,40.223996057698486,-341.14979090972884,-379.91909683044906,5850.993723927164,2996.906276072835,4423.95,5137.78,0.01432261094153553,0
2025-04-15,4246.0,4246.0,4144.0,4152.0,2977239770021,717006083,13913,4272.0,4144.0,37.34541102634417,-319.4433471156235,-367.823946887484,5648.270324576547,3043.0296754234523,4345.65,5102.46,0.038851351351351315,0
2025-04-16,4138.0,4198.0,4093.0,4131.0,1773892327972,429406051,12310,4152.0,4112.0,36.561344649433856,-301.3492005861617,-354.5289976272196,5378.802749202787,3142.697250797213,4260.75,5069.3,0.07952334630350189,1
2025-04-19,4170.0,4253.0,4150.0,4225.0,2805083820785,663964759,16102,4131.0,4240.0,41.82287985493671,-273.5278698227812,-338.32877206633196,5109.077486528297,3271.422513471702,4190.25,5037.1,0.04080188679245289,0
2025-04-20,4351.0,4351.0,4351.0,4351.0,6028362246443,1385511893,13661,4225.0,4351.0,46.005118372772294,-239.75870332927389,-318.6147583189204,4830.605978780011,3433.994021219989,4132.3,5008.32,-0.011261778901402009,0
2025-04-21,4479.0,4481.0,4280.0,4438.0,11138041580712,2509813619,52958,4351.0,4320.0,45.03148325758808,-213.04202071095006,-297.5002107973263,4337.949098634592,3802.6509013654086,4070.3,4981.32,-0.025925925925925908,0
2025-04-22,4340.0,4360.0,4305.0,4310.0,4885073044542,1133517816,26178,4438.0,4305.0,44.54028444183515,-190.87889876541522,-276.1759483909441,4362.850184297596,3820.2498157024047,4091.55,4953.62,-0.008130081300813052,0
2025-04-23,4330.0,4439.0,4200.0,4389.0,9397860283503,2141175113,36567,4310.0,4439.0,49.807467261215315,-160.6499126398212,-253.0707412407195,4420.735688543162,3802.364311456838,4111.55,4932.4,-0.03649470601486826,0
2025-04-26,4520.0,4520.0,4300.0,4435.0,5455517828619,1229973497,27072,4389.0,4413.0,48.83826544619871,-137.20953989025384,-229.8985009706264,4463.597241445581,3799.3027585544187,4131.45,4908.46,-0.061182868796736956,0
2025-04-27,4302.0,4330.0,4302.0,4303.0,3570018125531,829568733,18190,4435.0,4302.0,44.82774302655376,-126.13563485979284,-209.1459277484597,4476.939758323169,3822.760241676831,4149.85,4880.7,-0.0622966062296606,0
2025-04-28,4289.0,4391.0,4174.0,4205.0,5049521874592,1200910375,28551,4303.0,4208.0,41.704450386854205,-123.520630806187,-192.02086836000518,4477.409101250718,3848.090898749282,4162.75,4847.66,-0.0539448669201521,0
2025-04-29,4227.0,4324.0,4175.0,4254.0,2430352934280,571367300,14925,4205.0,4270.0,44.453430305731025,-115.1183269943167,-176.64036008686747,4483.580547685243,3870.8194523147567,4177.2,4818.66,-0.059016393442622994,0
2025-04-30,4250.0,4313.0,4224.0,4271.0,2388555317182,559218234,16006,4254.0,4277.0,44.77009634177396,-106.66503110758822,-162.64529429101162,4493.2238758421845,3878.876124157816,4186.05,4791.4,-0.0509703062894552,0
2025-05-03,4143.0,4144.0,4143.0,4143.0,2089554113099,504357359,9256,4271.0,4143.0,40.06177718090258,-109.5159812691818,-152.01943168664567,4489.640897080111,3896.1591029198876,4192.9,4761.86,-0.044412261646150086,0
2025-05-04,4019.0,4098.0,4019.0,4034.0,2463887457014,610745794,20474,4143.0,4034.0,36.68236206964968,-119.19674300525458,-145.45489395036748,4481.10218616913,3913.8978138308703,4197.5,4730.74,-0.035944471988101134,0
2025-05-05,4050.0,4118.0,3959.0,4019.0,1834531170688,456434400,16551,4034.0,3981.0,35.13058008152413,-129.65093817733123,-142.29410279576024,4473.251650159858,3927.848349840142,4200.55,4699.36,0.010298919869379475,0
2025-05-06,4035.0,4085.0,3930.0,3989.0,2279819063508,571569344,17138,4019.0,4018.0,37.13010439981941,-133.4124764098433,-140.51777751857685,4470.99477710795,3932.50522289205,4201.75,4668.32,0.011199601791936242,0
2025-05-07,4098.0,4108.0,4027.0,4081.0,3083940271614,755752116,17264,3989.0,4059.0,39.3606347586923,-131.56852515144328,-138.72792704515012,4467.2411374669555,3941.1588625330446,4204.2,4637.9,0.0027100271002709064,0
2025-05-10,3965.0,4035.0,3959.0,3960.0,1824184437410,460638534,12311,4081.0,3959.0,36.005322586190445,-136.60168555980272,-138.30267874808067,4475.390458508391,3924.9095414916083,4200.15,4603.68,-0.0065673149785299145,0
2025-05-11,3900.0,3969.0,3867.0,3905.0,1560245505065,399515837,14154,3960.0,3889.0,33.83126144513132,-144.57237607279285,-139.5566182130231,4492.975862664654,3879.3241373353453,4186.15,4568.66,0.02082797634353306,0
2025-05-12,4022.0,4022.0,4018.0,4022.0,5158929784181,1282682469,13886,3905.0,4022.0,41.10744621398706,-138.55998401234,-139.3572913728865,4487.202604655042,3861.3973953449586,4174.3,4538.3,-0.03530581800099453,0
2025-05-13,4070.0,4133.0,3964.0,4055.0,2585128337973,637495318,16508,4022.0,4063.0,43.18167284443525,-128.9997340047221,-137.2857798992536,4486.69328085758,3853.8067191424198,4170.25,4510.56,-0.06743785380260892,0
2025-05-14,4055.0,4093.0,3984.0,4045.0,2527950164584,624907638,15681,4055.0,4070.0,43.54725061760695,-119.48102264257523,-133.72482844791796,4486.662338850332,3849.6376611496667,4168.15,4484.16,-0.0739557739557739,0
2025-05-17,4000.0,4030.0,3924.0,3949.0,3878288173846,982120475,25888,4045.0,3933.0,38.346940217070205,-121.59051063357037,-131.29796488504846,4485.26690060803,3820.3330993919712,4152.8,4455.62,-0.022629036359013477,0
2025-05-18,3949.0,4000.0,3933.0,3964.0,1953170861052,492666837,14293,3949.0,3970.0,40.416418950328094,-118.90602959365333,-128.81957782676943,4462.245281548927,3805.254718451073,4133.75,4427.02,-0.04030226700251893,0
2025-05-19,3962.0,3980.0,3873.0,3906.0,1475541956752,377752537,15171,3964.0,3880.0,37.14987048967188,-122.6272364188626,-127.58110954518807,4446.284228442933,3777.215771557067,4111.75,4396.02,0.006185567010309256,0
2025-05-20,3873.0,3910.0,3789.0,3819.0,2698399382999,706489656,22458,3906.0,3789.0,34.144896980391266,-131.4045097272874,-128.34578958160793,4436.114232896377,3735.7857671036227,4085.95,4365.6,0.015835312747426666,0
2025-05-21,3708.0,3779.0,3708.0,3733.0,1828185860440,489686303,15817,3819.0,3769.0,33.50347116441027,-138.37924511448864,-130.35248068818407,4389.033704299402,3715.866295700597,4052.45,4330.58,0.016184664367206114,0
2025-05-24,3770.0,3844.0,3685.0,3826.0,3437109934719,898279970,13518,3733.0,3844.0,38.19244835498764,-136.28390394931012,-131.5387653404093,4328.535712191374,3719.4642878086265,4024.0,4294.66,-0.013267429760665972,0
2025-05-25,3844.0,3892.0,3798.0,3838.0,2310659698921,602017691,16728,3826.0,3810.0,36.92140687733336,-135.80141267802446,-132.39129480793235,4289.268521919692,3709.5314780803083,3999.4,4256.66,-0.01207349081364828,0
2025-05-26,3930.0,3943.0,3831.0,3878.0,2145322590013,553223232,12926,3838.0,3904.0,42.60817926158984,-126.37722250618481,-131.18848034758287,4260.274337814847,3708.125662185152,3984.2,4219.94,-0.044569672131147486,0
2025-05-27,3919.0,3939.0,3847.0,3874.0,1664384709035,429619055,13625,3878.0,3849.0,40.31783597951148,-121.9408658472662,-129.33895744751953,4211.673862033219,3714.6261379667817,3963.15,4182.72,-0.053520394907768276,0
2025-05-28,3870.0,3873.0,3812.0,3833.0,1363847368342,355861133,11390,3874.0,3830.0,39.52737368555222,-118.59111785697587,-127.1893895294108,4149.633522213044,3731.9664777869566,3940.8,4143.12,-0.07023498694516972,0
2025-05-31,3900.0,3902.0,3786.0,3839.0,1445841088087,376636414,12036,3833.0,3793.0,37.96632892109263,-117.56677264684049,-125.26486615289674,4119.713950624455,3726.886049375546,3923.3,4105.98,-0.06142894806221988,0
2025-06-01,3829.0,3829.0,3728.0,3758.0,1426647063265,379638187,12537,3839.0,3764.0,36.74155511687503,-117.73782101329425,-123.75945712497625,4110.981112433313,3708.618887566687,3909.8,4071.06,-0.07784272051009566,0
2025-06-02,3759.0,3815.0,3728.0,3752.0,1070277549343,285253540,11696,3758.0,3730.0,35.30361097969926,-119.24234242845569,-122.85603418567214,4110.077512319026,3684.422487680974,3897.25,4034.46,-0.05790884718498657,0
2025-06-03,3739.0,3750.0,3641.0,3671.0,1625725433044,442898219,16624,3752.0,3643.0,31.866854954222816,-126.00238236992436,-123.4853038225226,4110.667611866739,3646.332388133261,3878.5,4029.72,-0.03925336261323087,0
2025-06-07,3623.0,3656.0,3561.0,3572.0,1955138599101,547285520,13087,3671.0,3561.0,29.001194424919518,-136.4040959152926,-126.06906224107661,4108.6822612411615,3598.517738758838,3853.6,4020.16,-0.04689693906206127,0
2025-06-08,3540.0,3654.0,3533.0,3576.0,1166551449390,326248760,11716,3572.0,3560.0,28.966983907140488,-143.07889603299918,-129.4710289994611,4113.816575450935,3553.4834245490656,3833.65,4011.06,-0.07499999999999996,0
2025-06-09,3575.0,3610.0,3469.0,3481.0,2228042526116,640103196,17285,3576.0,3471.0,26.02458064981424,-153.77762665475757,-134.3323485305204,4132.806791835299,3492.693208164701,3812.75,4001.8,-0.07951598962834916,0
2025-06-10,3480.0,3540.0,3450.0,3484.0,1042154635690,299150378,9805,3481.0,3514.0,29.738069506757896,-156.9771719948276,-138.86131322338184,4117.4240977415575,3457.2759022584423,3787.35,3993.08,-0.11781445645987476,0
2025-06-11,3530.0,3538.0,3483.0,3498.0,782987358378,223819973,7826,3484.0,3500.0,29.223701234669548,-158.81183376274748,-142.851417331255,4086.456229887076,3431.9437701129236,3759.2,3983.46,-0.10485714285714287,0
2025-06-28,3394.0,3394.0,3394.0,3394.0,176118956804,51891266,774,3498.0,3394.0,25.611594827234498,-166.89526581724067,-147.66018702845213,4056.8841776011377,3393.9158223988625,3725.4,3969.34,-0.09546258102533889,0
2025-06-29,3293.0,3293.0,3293.0,3293.0,182247686624,55343968,1156,3394.0,3293.0,22.72886903184896,-179.38347878509467,-154.00484537978065,4060.2244266674484,3326.575573332552,3693.4,3955.08,-0.0789553598542363,0
2025-06-30,3195.0,3195.0,3195.0,3195.0,4389945371145,1374004811,9549,3293.0,3195.0,20.336972454986622,-194.94109887346895,-162.19209607851832,4058.2994890370874,3251.000510962913,3654.65,3940.14,-0.05164319248826288,0
2025-07-01,3100.0,3100.0,3100.0,3100.0,5503445472100,1775304991,15736,3195.0,3100.0,18.323877903587217,-212.48691405526097,-172.25105967386688,4071.960979486469,3159.339020513531,3615.65,3923.74,-0.004516129032258065,0
2025-07-02,3007.0,3164.0,3007.0,3070.0,2770870206978,902488855,17386,3100.0,3133.0,21.240342506509947,-221.1796534249811,-182.03677842408973,4077.3158835550744,3088.3841164449254,3582.85,3906.52,0.0012767315671879942,0
2025-07-07,3162.0,3162.0,3059.0,3126.0,1724057889809,551505681,12305,3070.0,3070.0,19.78767051432024,-230.4952793878674,-191.72847861684528,4082.0190503997214,3013.7809496002787,3547.9,3887.72,0.030944625407166138,0
2025-07-08,3099.0,3099.0,3033.0,3035.0,996665279392,328355325,5071,3126.0,3033.0,18.967214213085043,-238.1186868586433,-201.00652026520487,4067.8812747741194,2946.8187252258804,3507.35,3867.58,0.045169798878997636,0
2025-07-09,2958.0,3048.0,2948.0,2997.0,1464792205107,488692789,9650,3035.0,3030.0,18.898791697559048,-241.61715496983652,-209.12864720613123,4047.4566482090313,2889.2433517909685,3468.35,3844.8,0.05676567656765674,1
2025-07-12,3086.0,3086.0,3047.0,3081.0,1325277087007,430154343,7749,2997.0,3086.0,24.3824401145705,-237.13741169547393,-214.73040010399978,3993.0942256400203,2861.8057743599793,3427.45,3821.34,0.03596889176928064,0
2025-07-15,3151.0,3173.0,3133.0,3145.0,952054559446,302744835,5064,3081.0,3137.0,29.085130818905924,-226.85684460934408,-217.15568900506867,3936.1066582044705,2847.5933417955293,3391.85,3801.2,-0.0012751036021676487,0
2025-07-16,3161.0,3197.0,3158.0,3167.0,1042398374830,329128355,6655,3145.0,3165.0,31.6002066591292,-213.9833878369136,-216.52122877143765,3872.1077019869294,2845.0922980130704,3358.6,3782.26,-0.00821484992101107,0
2025-07-19,3192.0,3192.0,3168.0,3173.0,1370745680723,432007684,6674,3167.0,3170.0,32.06356097729298,-201.05992868088515,-213.42896875332718,3806.1797671963764,2848.7202328036233,3327.45,3760.86,-0.01766561514195586,0
2025-07-20,3204.0,3237.0,3189.0,3206.0,3102293331638,967631733,10625,3173.0,3202.0,35.094015854569946,-186.09072360216305,-207.96131972309436,3736.4496568288478,2862.250343171152,3299.35,3737.88,-0.034665833853841366,0
2025-07-21,3229.0,3230.0,3192.0,3203.0,1620645105765,505986911,9010,3206.0,3197.0,34.83256192704853,-172.64088231710002,-200.89723224189552,3664.131271106303,2881.268728893697,3272.7,3715.42,-0.0566155771035346,0
2025-07-22,3176.0,3205.0,3132.0,3153.0,7416784182766,2352029765,27029,3203.0,3133.0,31.588522877143745,-165.2412530217698,-193.7660363978704,3603.7055960288635,2890.694403971136,3247.2,3691.98,-0.056495371848068965,0
2025-07-23,3153.0,3169.0,3128.0,3143.0,6311171161878,2008068299,17325,3153.0,3139.0,32.225789368791624,-157.08209898102086,-186.4292489145005,3554.6768707622236,2897.523129237776,3226.1,3665.98,-0.08633322714240199,0
2025-07-26,3143.0,3144.0,3113.0,3129.0,3531837076902,1128627528,11349,3143.0,3114.0,30.932829043729157,-150.8937919806508,-179.32215752773055,3497.3796995704824,2910.220300429518,3203.8,3640.0,-0.06904303147077717,0
2025-07-27,3113.0,3160.0,3083.0,3109.0,3795489150325,1220679235,13156,3129.0,3091.0,29.750211800164365,-146.16057376690605,-172.68984077556567,3455.0048112078957,2914.5951887921046,3184.8,3615.78,-0.21546425105143963,0
2025-07-28,3106.0,3106.0,3016.0,3047.0,2354106029314,772717044,9392,3109.0,3016.0,26.22876938392045,-146.76947033714123,-167.5057666878808,3393.4696041866196,2926.3303958133806,3159.9,3591.94,-0.20557029177718833,0
2025-07-29,2956.0,2969.0,2956.0,2956.0,307359980880,103977646,2841,3047.0,2956.0,23.80154286034096,-150.36026428433797,-164.07666620717225,3324.4728865087386,2940.927113491261,3132.7,3565.66,-0.1941813261163735,0
2025-07-30,2868.0,2883.0,2868.0,2868.0,1746212385046,608833714,9187,2956.0,2868.0,20.766213550540044,-158.4800001200697,-162.95733298975176,3291.785436320907,2921.014563679093,3106.4,3537.48,-0.19281729428172945,0
2025-08-02,2870.0,2899.0,2840.0,2860.0,2448939908203,856391638,11827,2868.0,2899.0,24.42263427013991,-160.56264215524334,-162.47839482285008,3272.319072295637,2901.0809277043627,3086.7,3512.6,-0.22042083477061059,0
2025-08-06,2435.0,2436.0,2424.0,2430.0,767179854617,315771032,5469,2580.0,2425.0,13.877414404121438,-198.17653386764096,-169.61802263180826,3385.4670158789504,2710.9329841210492,3048.2,3480.42,-0.08865979381443301,0
2025-08-09,2450.0,2479.0,2390.0,2420.0,1119417936936,462592592,10637,2430.0,2396.0,13.493536374557664,-227.70107542159803,-181.2346331897662,3452.692165042649,2573.307834957351,3013.0,3448.72,-0.07512520868113526,0
2025-08-10,2420.0,2424.0,2359.0,2386.0,1386545751615,581203228,8075,2420.0,2382.0,13.302232417928423,-249.3547638137684,-194.85865931456667,3489.6886508226426,2461.211349177357,2975.45,3416.0,-0.059613769941225914,0
2025-08-11,2380.0,2386.0,2315.0,2329.0,1110141222164,476630183,7625,2386.0,2315.0,12.396444042114211,-268.82298390662254,-209.65152423297786,3524.378821843682,2351.0211781563175,2937.7,3381.12,-0.0436285097192225,0
2025-08-12,2317.0,2319.0,2260.0,2278.0,982470235171,431334834,6666,2329.0,2260.0,11.692585576108613,-285.39981749610524,-224.80118288560334,3553.462553363619,2244.6374466363814,2899.05,3347.14,-0.035840707964601815,0
2025-08-13,2210.0,2220.0,2210.0,2210.0,198274418621,89712378,2599,2278.0,2210.0,11.076846991240146,-299.12354959617187,-239.66565622771705,3574.3321999742075,2141.767800025793,2858.05,3313.56,-0.03619909502262442,0
2025-08-16,2201.0,2216.0,2144.0,2175.0,1031705287283,474299120,9368,2210.0,2216.0,11.677911481763786,-305.98831349683724,-252.9301876815411,3574.5135451782476,2054.586454821753,2814.55,3277.44,-0.03835740072202165,0
2025-08-17,2230.0,2240.0,2200.0,2236.0,598504875302,267715643,3337,2175.0,2240.0,14.176848726744169,-305.96511355010125,-263.5371728552532,3553.7441569196785,1985.6558430803211,2769.7,3240.98,-0.07901785714285714,0
2025-08-18,2300.0,2300.0,2198.0,2246.0,692643583865,308408580,8548,2236.0,2214.0,13.723838094236285,-304.534229106931,-271.73658410558875,3519.7647629024236,1924.5352370975766,2722.15,3203.86,-0.04832881662149957,0
2025-08-19,2188.0,2240.0,2179.0,2192.0,746241383750,340440168,7106,2246.0,2179.0,13.116238634021471,-302.73471304339955,-277.93620989315093,3475.8788805887334,1869.3211194112664,2672.6,3168.78,-0.03396053235429097,0
2025-08-20,2200.0,2200.0,2128.0,2146.0,578124635504,269346030,5987,2192.0,2130.0,12.2955073881635,-301.78369945466784,-282.7057078054543,3416.869162206366,1821.1308377936339,2619.0,3131.98,0.024413145539906145,0
2025-08-23,2137.0,2167.0,2103.0,2126.0,476009817741,223907782,5339,2146.0,2131.0,12.415956957250586,-297.51970078025215,-285.6685064004139,3344.1880474354684,1787.2119525645314,2565.7,3097.0,0.0473955889253872,0
2025-08-25,2104.0,2130.0,2063.0,2070.0,284873833081,137605834,4548,2126.0,2063.0,11.281367477391342,-296.21292460194627,-287.7773900407204,3274.2828301437366,1750.117169856263,2512.2,3062.48,0.11342704798836656,1
2025-08-26,2010.0,2119.0,2010.0,2064.0,474974280744,230162024,5921,2070.0,2107.0,16.592557110820394,-288.3034797374394,-287.8826079800642,3184.742085505246,1736.4579144947538,2460.6,3029.24,0.12244897959183665,1
2025-08-27,2050.0,2125.0,2050.0,2119.0,638247482966,301137789,5203,2064.0,2105.0,16.544075006492463,-278.9806556443082,-286.102217512913,3084.023066682359,1736.2769333176414,2410.15,2994.46,0.10071258907363423,1
2025-08-30,2090.0,2182.0,2090.0,2167.0,694948754154,320769866,4739,2119.0,2182.0,25.562030203187476,-262.35473186029594,-281.35272038238963,2967.643811644075,1761.7561883559247,2364.7,2961.9,0.084326306141155,1
2025-08-31,2220.0,2232.0,2203.0,2231.0,594299242682,266441546,2425,2167.0,2232.0,30.79168627535286,-242.3503216949266,-273.55224064489704,2850.9314417694145,1800.0685582305855,2325.5,2928.46,0.09408602150537626,1
2025-09-02,2297.0,2297.0,2297.0,2297.0,482898057330,210229890,1717,2231.0,2297.0,36.98925379821076,-218.73033855459562,-262.58786022683677,2731.1748852948103,1853.92511470519,2292.55,2897.42,0.04179364388332618,0
2025-09-03,2365.0,2365.0,2350.0,2365.0,2515148246673,1063556441,9958,2297.0,2365.0,42.76375375375128,-192.30749890271682,-248.5317879620128,2620.5047436666423,1914.2952563333579,2267.4,2868.12,0.008456659619450413,0
2025-09-06,2389.0,2392.0,2299.0,2341.0,1469992947874,627957719,11476,2365.0,2317.0,39.97862893396729,-173.24336528483218,-233.47410342657668,2443.2488716726316,2033.3511283273688,2238.3,2838.6,0.06603366422097534,1
2025-09-07,2300.0,2410.0,2288.0,2371.0,846040620810,356894368,6892,2341.0,2366.0,43.98897533478617,-152.42396298837184,-217.2640753389357,2430.9498721878026,2039.7501278121972,2235.35,2810.64,0.01183431952662728,0
2025-09-08,2420.0,2442.0,2400.0,2440.0,1332166533342,545926913,6032,2371.0,2442.0,49.61241121361571,-128.31276218073572,-199.4738127072957,2441.6532107587645,2033.6467892412359,2237.65,2784.88,-0.03685503685503688,0
2025-09-09,2490.0,2490.0,2393.0,2417.0,1103403765666,456539640,8720,2440.0,2393.0,46.37930733124757,-111.86879844619807,-181.9528098550762,2443.8099219392993,2032.5900780607003,2238.2,2759.88,-0.04429586293355625,0
2025-09-13,2416.0,2445.0,2384.0,2399.0,497544510669,207390461,4887,2417.0,2385.0,45.853914274147435,-98.34866961205944,-165.23198180647285,2454.6714534858716,2028.728546514128,2241.7,2736.36,-0.06750524109014677,0
2025-09-14,2390.0,2470.0,2375.0,2460.0,1493964192872,607206778,6698,2399.0,2470.0,52.06701214026171,-79.85456674073066,-148.1564987933244,2487.3021905467594,2017.09780945324,2252.2,2714.56,-0.12145748987854255,0
2025-09-15,2510.0,2510.0,2387.0,2424.0,1121898422094,462860699,8896,2460.0,2394.0,46.88654729872939,-70.51753951401179,-132.62870693746189,2503.4738730220283,2019.3261269779719,2261.4,2693.02,-0.06850459482038429,0
2025-09-16,2352.0,2360.0,2352.0,2352.0,884748487872,376157690,3698,2424.0,2352.0,44.26540329737819,-65.74901345873059,-119.25276824171563,2512.421702557093,2023.978297442907,2268.2,2669.78,-0.07100340136054417,0
2025-09-17,2309.0,2330.0,2282.0,2292.0,946445871624,412987132,6858,2352.0,2287.0,40.49257712624255,-66.44889745007731,-108.69199408338797,2514.5454712692126,2026.5545287307875,2270.55,2645.52,-0.04241364232619149,0
2025-09-20,2224.0,2224.0,2224.0,2224.0,641477471760,288434115,2654,2292.0,2224.0,37.184496036832435,-71.26562824158736,-101.20672091502786,2514.620503140026,2027.4794968599747,2271.05,2622.12,0.004496402877697925,0
2025-09-21,2158.0,2183.0,2158.0,2166.0,1096379702070,506113439,8502,2224.0,2170.0,34.576987297253424,-78.534968568365,-96.6723704456953,2514.8813132433283,2026.3186867566715,2270.6,2599.66,0.05898617511520743,1
2025-09-22,2220.0,2230.0,2174.0,2228.0,1103979107845,495472183,6890,2166.0,2230.0,39.64157337944021,-78.54901049312411,-93.04769845518106,2512.1361705952922,2039.0638294047076,2275.6,2580.36,0.06098654708520179,1
2025-09-23,2254.0,2254.0,2168.0,2204.0,631374938627,286495757,5645,2228.0,2185.0,37.30880963266651,-81.25461017214457,-90.68908079857377,2509.341208445345,2047.2587915546553,2278.3,2562.06,0.10205949656750568,1
2025-09-24,2192.0,2192.0,2155.0,2169.0,871365891326,401786824,7100,2204.0,2190.0,37.74715984166282,-82.04954313807639,-88.9611732664743,2497.9744242928723,2071.325575707128,2284.65,2543.2,0.09954337899543386,1
2025-09-27,2180.0,2234.0,2180.0,2232.0,1103279964355,494355894,3951,2169.0,2234.0,41.615959196893,-78.22734482775968,-86.81440757873139,2489.864778178252,2092.135221821748,2291.0,2526.48,0.10787824529991052,1
2025-09-28,2298.0,2298.0,2298.0,2298.0,324752592468,141319666,1372,2232.0,2298.0,46.79534920612212,-69.23585219343477,-83.29869650167207,2480.2754714673997,2121.0245285326005,2300.65,2511.78,0.1092254134029591,1
2025-09-29,2366.0,2366.0,2366.0,2366.0,1388878803130,587015555,3875,2298.0,2366.0,51.69833042771107,-55.977721472030225,-77.83450149574371,2482.954910386406,2136.745089613594,2309.85,2498.5,0.10946745562130178,1
2025-09-30,2436.0,2436.0,2370.0,2423.0,3717103989262,1534295911,17297,2366.0,2408.0,54.48805355978841,-41.60194701540786,-70.58799059967654,2492.9202212080017,2144.3797787919984,2318.65,2484.94,0.12209302325581395,1
2025-10-01,2402.0,2466.0,2356.0,2403.0,1526697470602,635330990,10710,2423.0,2408.0,54.48805355978841,-29.86477959765034,-62.4433483992713,2502.384847840342,2146.0151521596576,2324.2,2470.36,0.11171096345514941,1
2025-10-04,2475.0,2475.0,2475.0,2475.0,462142815750,186724370,1786,2403.0,2475.0,58.88173550766592,-14.983924445873072,-52.95146360859166,2519.025222830678,2140.3747771693215,2329.7,2456.56,0.10262626262626262,1
2025-10-05,2549.0,2549.0,2531.0,2549.0,3111544308841,1220875392,11186,2475.0,2549.0,63.11691696783296,2.7487560798317645,-41.81141967090698,2553.1774173900703,2129.42258260993,2341.3,2444.14,0.10278540604158493,1
2025-10-06,2625.0,2625.0,2592.0,2624.0,6034956806498,2299625920,18824,2549.0,2625.0,66.88895989273178,22.673235054901397,-28.914488725745308,2599.599444670018,2108.900555329982,2354.25,2432.6,0.07047619047619058,1
2025-10-07,2640.0,2702.0,2625.0,2690.0,1744371760195,648476853,6318,2624.0,2702.0,70.21280539577866,44.167647527620375,-14.298061475072172,2653.8967338029274,2080.6032661970726,2367.25,2422.7,0.014063656550703074,0
2025-10-08,2750.0,2758.0,2625.0,2696.0,3408204962331,1264243317,18428,2690.0,2677.0,67.83193275619155,58.510362171174165,0.2636232541770962,2698.3351369185475,2064.564863081452,2381.45,2413.58,0.021666044079193147,0
2025-10-11,2696.0,2776.0,2640.0,2730.0,2495939151778,914191915,14319,2696.0,2729.0,70.10283220829568,73.22889515776251,14.85667763489418,2749.9170067055643,2047.382993294436,2398.65,2405.38,0.02271894466837665,0
2025-10-12,2764.0,2811.0,2740.0,2807.0,2378865580858,847435114,9384,2730.0,2811.0,73.30338061113628,90.4673025386196,29.978802615639268,2809.6721309939157,2021.727869006084,2415.7,2399.32,-0.025257915332621894,0
2025-10-13,2855.0,2881.0,2772.0,2824.0,3230262244481,1143847647,16164,2807.0,2810.0,73.2004655290636,102.86243877674269,44.55552984785996,2866.015773866208,2006.9842261337922,2436.5,2393.7,-0.0277580071174377,0
2025-10-14,2819.0,2829.0,2740.0,2767.0,2283395679286,825145383,13884,2824.0,2740.0,66.19462174804315,105.81746074362809,56.80791602701359,2903.083139216907,2008.716860783093,2455.9,2388.18,0.0007299270072993469,0
2025-10-15,2727.0,2747.0,2689.0,2710.0,1309240388759,483086062,8217,2767.0,2735.0,65.71085018083159,106.52789150693025,66.75191112299692,2934.1943298615242,2022.4056701384761,2478.3,2383.76,0.013528336380255856,0
2025-10-18,2791.0,2791.0,2754.0,2791.0,1267860369456,454281655,4224,2710.0,2791.0,68.48857009185318,110.33774020744386,75.4690769398863,2966.2664814276013,2047.0335185723989,2506.65,2382.22,-0.04729487638839125,0
2025-10-19,2861.0,2874.0,2709.0,2816.0,2375422858927,843674097,14187,2791.0,2740.0,63.447603813555716,107.99687818981238,81.97463718987153,2978.1196490730363,2092.180350926964,2535.15,2379.04,-0.02007299270072993,0
2025-10-20,2738.0,2797.0,2732.0,2754.0,1257583586728,456646606,9083,2816.0,2732.0,62.66840403198563,104.29395919377885,86.438501590653,2987.8347869135305,2132.6652130864695,2560.25,2385.18,0.009882869692533047,0
2025-10-21,2690.0,2796.0,2673.0,2712.0,1134926906653,418482212,8035,2754.0,2742.0,63.27553690562457,101.00199748242767,89.35120076900793,2985.8063741001515,2190.3936258998483,2588.1,2392.1,0.03026987600291764,0
2025-10-22,2759.0,2775.0,2701.0,2739.0,1080821715278,394567877,6860,2712.0,2772.0,65.10881700635156,99.66496768028674,91.4139541512637,2977.547387946534,2256.8526120534657,2617.2,2399.9,0.04401154401154406,0
2025-10-25,2657.0,2669.0,2657.0,2657.0,2656275352619,999654976,10931,2739.0,2659.0,54.14475182370488,88.46740908681159,90.82464513837328,2953.1323636619795,2323.76763633802,2638.45,2406.78,0.12072207596840911,1
2025-10-26,2640.0,2730.0,2640.0,2679.0,1352384878559,504729901,8369,2657.0,2685.0,55.981487877469306,80.76029156671848,88.81177442404233,2931.2582966375144,2384.341703362486,2657.8,2415.28,0.1422718808193668,1
2025-10-27,2735.0,2759.0,2685.0,2743.0,1473760023542,537206167,7622,2679.0,2759.0,60.79480401560202,79.70474032941729,86.99036760511733,2918.8082192507454,2436.091780749254,2677.45,2426.26,0.1355563610003625,1
2025-10-28,2825.0,2825.0,2748.0,2810.0,2102531173236,748362633,9451,2743.0,2825.0,64.52109010229184,83.23438263262142,86.23917061061815,2913.5868783736983,2483.013121626302,2698.3,2438.44,0.07539823008849567,1
2025-10-29,2894.0,2894.0,2894.0,2894.0,1335059781918,461319897,4258,2810.0,2894.0,67.95067309788236,90.55550543276513,87.10243757504756,2909.1244219931846,2536.0755780068152,2722.6,2451.52,0.063579820317899,1
2025-11-01,2980.0,2980.0,2950.0,2978.0,7782715704886,2613563964,22964,2894.0,2980.0,71.63147053226646,102.11985514304615,90.10592108864728,2930.1434721812384,2565.5565278187614,2747.85,2466.84,0.02248322147651005,0
2025-11-02,2990.0,3067.0,2975.0,3046.0,4539394221174,1490354001,18562,2978.0,3067.0,74.78623015403474,116.95665499989809,95.47606787089744,2981.1403324648772,2566.3596675351228,2773.75,2484.6,-0.021193348549070734,0
2025-11-03,3120.0,3137.0,3068.0,3131.0,3918242453432,1251287042,17127,3046.0,3133.0,76.88618718248064,132.51304628375783,102.88346355346953,3047.78006656455,2550.51993343545,2799.15,2504.66,-0.014363230130864935,0
2025-11-04,3117.0,3120.0,3038.0,3055.0,3772894149478,1234808338,17911,3131.0,3038.0,68.09491620884201,135.612634369018,109.42929771657921,3080.922055130145,2550.9779448698546,2815.95,2522.8,0.009216589861751112,0
2025-11-05,2989.0,3087.0,2973.0,3022.0,1818847646278,601905813,12440,3055.0,3078.0,69.66756479863847,139.68652663673993,115.48074350061137,3116.1335395840583,2555.8664604159417,2836.0,2543.1,-0.0006497725795971965,0
2025-11-08,3110.0,3112.0,3037.0,3094.0,2421004302277,782444663,11180,3022.0,3047.0,66.91473142130813,138.81351885063395,120.14729857061589,3141.861997509835,2561.938002490165,2851.9,2561.9,-0.0029537249753855965,0
2025-11-09,3002.0,3002.0,3002.0,3002.0,2513913714926,837412963,6630,3094.0,3002.0,63.02180972202327,132.95787435894772,122.70941372828226,3157.903352148181,2564.9966478518186,2861.45,2579.84,0.02931379080612917,0
2025-11-10,3000.0,3092.0,2981.0,3052.0,3515773471091,1152098918,15520,3002.0,3088.0,66.97597285703537,133.71532811208272,124.91059660504234,3186.5530044840402,2564.1469955159596,2875.35,2597.96,-0.01586787564766834,0
2025-11-11,3101.0,3143.0,3052.0,3109.0,2073585019170,666998063,10825,3052.0,3066.0,65.05938901123903,131.02996762679413,126.1344708093927,3206.9119704307736,2576.3880295692265,2891.65,2614.64,-0.006849315068493178,0
2025-11-12,3082.0,3109.0,3032.0,3068.0,1140904652788,371877013,7584,3109.0,3076.0,65.54206976535214,128.23055451009577,126.55368754953332,3225.111820259443,2592.2881797405566,2908.7,2630.22,-0.0019505851755526882,0
2025-11-15,3040.0,3088.0,3018.0,3048.0,1214789998653,398490241,6998,3068.0,3038.0,62.03507529388686,121.5446262333644,125.55187528629955,3237.4032677243817,2604.6967322756186,2921.05,2643.68,0.015799868334430478,0
2025-11-16,3050.0,3100.0,3006.0,3063.0,1294601803284,422694649,8912,3048.0,3090.0,64.80992551344457,119.06938754095836,124.25537773723133,3251.611319871834,2625.4886801281664,2938.55,2659.14,0.036569579288025844,0
2025-11-17,3105.0,3135.0,3021.0,3076.0,2075369214339,674770932,12308,3063.0,3039.0,60.16526126178137,111.70480580142748,121.74526335007057,3254.815868640879,2652.984131359121,2953.9,2672.6,0.08325106943073379,1
2025-11-18,3043.0,3094.0,3015.0,3048.0,1245704061688,408740848,7489,3076.0,3045.0,60.52370005062593,105.14047759180676,118.42430619841782,3255.9503136977983,2682.149686302202,2969.05,2684.66,0.05582922824302128,1
2025-11-19,3080.0,3095.0,3037.0,3061.0,1201111166486,392426863,7247,3048.0,3070.0,62.055748365483595,100.79360531826569,114.89816602238741,3259.0794059163704,2708.820594083629,2983.95,2698.2,0.03289902280130286,0
2025-11-22,3080.0,3148.0,3074.0,3110.0,1264241085098,406478294,7984,3061.0,3086.0,63.0442617655752,97.51564435958517,111.42166168982698,3239.473525403482,2771.126474596518,3005.3,2712.22,0.04115359688917697,0
2025-11-23,3150.0,3203.0,3113.0,3197.0,2870503906102,897811176,7874,3110.0,3203.0,69.33534239585744,103.1694852682026,109.7712264055021,3229.826886397324,2832.5731136026757,3031.2,2726.88,0.013424914142990962,0
2025-11-25,3292.0,3292.0,3253.0,3289.0,5124593053015,1557878042,13039,3197.0,3292.0,73.08829751154286,113.52312717360655,110.521606559123,3245.9896024230297,2869.71039757697,3057.85,2744.84,-0.019137302551640367,0
2025-11-26,3289.0,3289.0,3191.0,3219.0,2618489995806,813378391,16047,3289.0,3215.0,65.60709423177943,114.19879388383924,111.25704402406626,3244.5950597174574,2910.1049402825424,3077.35,2762.1,0.03172628304821146,0
2025-11-29,3170.0,3261.0,3150.0,3197.0,1664964421044,520814102,9623,3219.0,3171.0,61.719401349271074,109.91678012252487,110.98899124375798,3240.311501903428,2942.0884980965716,3091.2,2779.78,0.05802585935036264,1
2025-11-30,3197.0,3219.0,3102.0,3171.0,2560308504781,807447342,15593,3197.0,3213.0,63.91736587274345,108.65974050756313,110.52314109651901,3251.7973396872067,2953.902660312793,3102.85,2799.56,0.017740429505135324,0
2025-12-01,3240.0,3266.0,3209.0,3247.0,2348752501868,723304384,11321,3171.0,3246.0,65.58917383760514,109.0690714017378,110.23232715756278,3272.131656262562,2951.4683437374383,3111.8,2821.08,0.04128157732593962,0
2025-12-02,3266.0,3277.0,3227.0,3245.0,1452344550773,447553530,9195,3247.0,3229.0,63.945492010788975,106.79069450797988,109.54400062764621,3284.740893300518,2948.4591066994817,3116.6,2841.06,0.05140910498606388,1
2025-12-03,3264.0,3342.0,3264.0,3315.0,2185205926791,659091131,10390,3245.0,3317.0,68.36498162899584,110.80859643443227,109.79691978900343,3315.723945251206,2945.3760547487946,3130.55,2863.7,0.053964425685860684,1
2025-12-06,3389.0,3410.0,3321.0,3371.0,2497738095248,741051545,12157,3315.0,3355.0,70.07102473368506,115.72508829778417,110.98255349075959,3351.873757376437,2936.926242623563,3144.4,2887.0,0.07123695976154987,1
2025-12-07,3400.0,3400.0,3270.0,3310.0,3619489575374,1093456567,19000,3371.0,3270.0,62.014706485187624,111.47760940670378,111.08156467394844,3364.8483277522705,2946.25167224773,3155.55,2907.72,0.13088685015290524,1
2025-12-08,3289.0,3409.0,3264.0,3343.0,2527009799128,755900834,13103,3310.0,3380.0,67.26068155157853,115.65434122244733,111.99611998364821,3392.9379630549406,2955.962036945059,3174.45,2929.36,0.11804733727810657,1
2025-12-09,3385.0,3437.0,3357.0,3395.0,2340836153093,689523242,9211,3343.0,3395.0,67.91147584465526,118.8052924601675,113.35795447895208,3424.3809881467323,2955.219011853268,3189.8,2949.94,0.09572901325478655,1
2025-12-10,3411.0,3496.0,3411.0,3490.0,2852359853494,817209723,7893,3395.0,3496.0,71.95405862396612,127.97706004003112,116.28177559116789,3473.7226362185584,2948.877363781442,3211.3,2971.7,0.08237986270022879,1
2025-12-13,3589.0,3594.0,3550.0,3593.0,5089653844899,1416566101,14716,3490.0,3594.0,75.21662271698153,141.52215361354274,121.32985119564286,3540.2066665931593,2934.1933334068403,3237.2,2995.42,0.08402893711741788,1
2025-12-14,3650.0,3700.0,3511.0,3669.0,3724423872942,1015222956,15398,3593.0,3698.0,78.12487170710791,158.81791463423042,128.8274638833604,3619.4681491345846,2920.931850865415,3270.2,3019.88,0.04759329367225518,0
2025-12-15,3705.0,3779.0,3705.0,3774.0,3061300294980,811060641,10807,3669.0,3779.0,80.0850134524901,177.02037224720016,138.46604555612834,3707.7903105618434,2901.509689438157,3304.65,3044.48,0.01217253241598315,0
2025-12-16,3835.0,3887.0,3683.0,3822.0,4218130176787,1103531167,18263,3774.0,3720.0,74.82558370087851,184.557678100698,147.68437206504228,3760.924632156746,2916.4753678432535,3338.7,3066.38,0.0448924731182796,0
2025-12-17,3720.0,3826.0,3720.0,3783.0,2211625559935,584627147,10882,3822.0,3784.0,76.61931460168948,193.46516641211974,156.84053093445777,3817.4858405560835,2933.8141594439167,3375.65,3088.02,0.052854122621564414,1
2025-12-20,3876.0,3896.0,3844.0,3890.0,3002981479977,771884534,12001,3783.0,3896.0,79.38725336261612,207.1737094890218,166.90716664537058,3890.093308100095,2943.8066918999048,3416.95,3112.4,0.030800821355236208,0
2025-12-21,3923.0,3944.0,3825.0,3885.0,3515745115182,905067519,16609,3890.0,3874.0,77.44772016033562,213.79808130723268,176.28534957774303,3943.7189670053917,2968.981032994608,3456.35,3135.3,0.0743417656169334,1
2025-12-22,3874.0,3915.0,3781.0,3839.0,3124493479642,813877549,18174,3885.0,3825.0,73.16044961304553,212.64283892768572,183.55684744773157,3985.4489859426453,2989.4510140573543,3487.45,3155.58,0.0755555555555556,1
2025-12-23,3834.0,3925.0,3807.0,3868.0,1810567280299,468088800,10627,3839.0,3887.0,75.0429932097723,214.26032322943456,189.69754260407217,4035.6116511035452,2998.7883488964544,3517.2,3177.12,0.03190120915873429,0
2025-12-24,3940.0,3984.0,3935.0,3976.0,4004145494478,1007102689,16191,3868.0,3984.0,77.68063800811258,220.82376166266295,195.92278641579034,4092.4483885965988,3018.8516114034014,3555.65,3202.0,0.03689759036144569,0
2025-12-27,4095.0,4095.0,3970.0,4041.0,4811371538079,1190602987,21846,3976.0,4016.0,78.48835705001957,226.0022531797208,201.93867976857643,4139.938338127393,3055.8616618726073,3597.9,3227.62,-0.0014940239043824688,0
2025-12-28,4049.0,4162.0,4010.0,4145.0,6661290075234,1607209950,22051,4041.0,4162.0,81.73596018245618,239.13067527223302,209.37707886930778,4209.984138181448,3080.7158618185517,3645.35,3255.04,-0.012974531475252293,0
2025-12-29,4225.0,4269.0,4021.0,4135.0,5464586013505,1321597918,25717,4145.0,4114.0,77.5887033636499,242.86228032736653,216.07411916091957,4257.35174990929,3120.148250090709,3688.75,3282.52,0.028439474963539046,0
2025-12-30,4011.0,4020.0,4011.0,4011.0,6664856615209,1661625018,16494,4135.0,4011.0,69.44588162354047,234.80171699076345,219.81963872688837,4271.621744392726,3184.0782556072736,3727.85,3308.1,0.08626277736225374,1
2025-12-31,3960.0,4131.0,3959.0,4055.0,4588185228072,1131445398,18242,4011.0,4131.0,73.00099096323623,235.38330734538204,222.9323724505871,4305.027576418539,3232.0724235814614,3768.55,3335.88,0.0227547809247155,0
2026-01-04,4061.0,4170.0,3934.0,3989.0,4948211025846,1240606287,20672,4055.0,4010.0,64.81204947690887,223.5041167987688,223.04672132022347,4312.155008784205,3290.444991215795,3801.3,3360.64,0.09177057356608476,1
2026-01-05,4108.0,4108.0,4051.0,4108.0,2705816315325,658684785,5761,3989.0,4108.0,67.94806796426019,219.4676670337717,222.3309104629331,4308.288636713381,3378.1113632866195,3843.2,3389.62,0.07838364167478096,1
2026-01-06,4231.0,4231.0,4231.0,4231.0,2173371402219,513677949,4055,4108.0,4231.0,71.39399141328929,223.6161161690734,222.58795160416116,4328.731207276236,3442.768792723764,3885.75,3420.54,0.01843535807137786,0
2026-01-07,4357.0,4357.0,4248.0,4355.0,11124866889902,2554475478,26777,4231.0,4357.0,74.42705973676249,234.3692758486509,224.9442164530591,4361.899191098304,3505.8008089016957,3933.85,3452.5,-0.03305026394308008,0
2026-01-10,4225.0,4409.0,4225.0,4274.0,7263013864952,1699472042,23058,4355.0,4225.0,66.47513556759343,229.5933265850872,225.87403847946473,4365.929675327715,3574.670324672285,3970.3,3480.5,-0.01254437869822489,0
2026-01-11,4254.0,4402.0,4254.0,4349.0,4928861028271,1133217155,18619,4274.0,4378.0,70.42007723793492,235.4401660328922,227.78726399015025,4403.580956149766,3615.4190438502337,4009.5,3510.18,-0.07309273640931935,0
2026-01-12,4430.0,4479.0,4381.0,4442.0,4545160807544,1023316822,18959,4349.0,4430.0,71.64146602263668,241.48609248307685,230.52702968873558,4453.407205926822,3638.7927940731774,4046.1,3539.18,-0.10428893905191872,0
2026-01-13,4490.0,4490.0,4309.0,4343.0,2803341071995,645498283,14056,4442.0,4309.0,64.9236720898214,233.81852953113503,231.1853296572155,4475.892648085624,3669.3073519143754,4072.6,3564.02,-0.09375725226270593,0
2026-01-14,4213.0,4213.0,4213.0,4213.0,1918575145289,455394053,4855,4343.0,4213.0,60.1079165355445,217.48846135475742,228.4459559967239,4470.467831835399,3724.032168164601,4097.25,3585.62,-0.10040351293615002,0
2026-01-18,4122.0,4327.0,4122.0,4183.0,4201035870682,1004425857,22565,4213.0,4172.0,58.1249240693655,198.94509214130267,222.54578322563967,4462.0172103716795,3771.2827896283193,4116.65,3608.3,-0.11864813039309685,0
2026-01-19,4215.0,4253.0,4058.0,4089.0,7098681262628,1736189974,27243,4183.0,4058.0,52.89922521413394,173.05561378726998,212.64774933796576,4456.3623489858555,3793.137651014145,4124.75,3627.9,-0.12099556431739777,0
2026-01-20,3982.0,4058.0,3967.0,3992.0,4723886052868,1183367126,20006,4089.0,3968.0,49.14288459272093,143.62020352371383,198.8422401751154,4449.164544554852,3809.7354554451476,4129.45,3646.32,-0.12802419354838712,0
2026-01-21,3987.0,3992.0,3873.0,3907.0,4050657384322,1036820265,23685,3992.0,3905.0,46.64592186621806,113.8959339038488,181.85297892086209,4439.539839752835,3827.360160247164,4133.45,3664.38,-0.1390524967989757,0
2026-01-24,3790.0,3830.0,3790.0,3790.0,1445196740270,381282881,5622,3907.0,3790.0,42.40987832871126,80.13593994066241,161.50957112482214,4452.700231409848,3804.499768590153,4128.6,3678.42,-0.13957783641160948,0
2026-01-25,3677.0,3677.0,3677.0,3677.0,2415479139210,656915730,5858,3790.0,3677.0,38.69170298688367,43.758327121178354,137.9593223240934,4488.35685144358,3738.1431485564194,4113.25,3690.64,-0.0802284471036171,0
2026-01-26,3567.0,3567.0,3567.0,3567.0,314557047141,88185323,1585,3677.0,3567.0,35.43488977544874,5.983749246982825,111.56420770867129,4534.055501939813,3647.5444980601865,4090.8,3700.46,-0.03448275862068961,0
2026-01-27,3460.0,3460.0,3460.0,3460.0,701481434540,202740299,2748,3567.0,3460.0,32.56356252109953,-32.215521158692354,82.80826193519856,4575.426120182463,3535.973879817537,4055.7,3708.9,0.004913294797687762,0
2026-01-28,3357.0,3414.0,3357.0,3361.0,6513455316768,1938034526,29976,3460.0,3362.0,30.153561619196836,-69.59425983939218,52.327757580280405,4618.120299656533,3418.0797003434673,4018.1,3714.34,-0.008328375966686452,0
2026-01-31,3320.0,3429.0,3261.0,3284.0,2820955714042,859114669,11933,3361.0,3261.0,27.864699464457956,-106.1434794913439,20.633510165955542,4665.457182191963,3295.742817808037,3980.6,3718.78,0.053051211284881994,1
2026-02-01,3260.0,3382.0,3260.0,3344.0,1732743495598,518211091,9654,3284.0,3382.0,34.29900457675413,-123.9168740392679,-8.276566675089146,4671.545297897999,3214.7547021020014,3943.15,3725.52,0.020993494973388538,0
2026-02-02,3430.0,3444.0,3370.0,3441.0,2031372695795,590310629,7937,3344.0,3444.0,37.38112815048294,-131.48387120314874,-32.918027580701064,4673.989321863855,3155.7106781361445,3914.85,3733.0,-0.015389082462253234,0
2026-02-03,3470.0,3501.0,3376.0,3437.0,2000036026400,581832880,10926,3441.0,3477.0,39.0208360801319,-133.28155990757705,-52.99073404607627,4659.954389030227,3106.645610969774,3883.3,3740.82,-0.0172562553925798,0
2026-02-09,3334.0,3350.0,3334.0,3334.0,1360204699434,407933909,4993,3437.0,3334.0,34.77175821274366,-144.5785347055471,-71.30829417797044,4633.0020687783235,3043.8979312216766,3838.45,3743.44,0.043191361727654476,0
2026-02-10,3310.0,3434.0,3310.0,3428.0,2333701653793,680775202,7249,3334.0,3434.0,39.715464746573886,-143.80461427996215,-85.80755819836878,4568.013117073518,3016.5868829264823,3792.3,3746.28,-0.01863715783343045,0
2026-02-14,3530.0,3530.0,3411.0,3495.0,3265371559700,934198655,12332,3428.0,3453.0,40.6360793721497,-140.04379782937576,-96.65480612457019,4516.163140092629,2991.23685990737,3753.7,3751.04,-0.046336518969012475,0
2026-02-15,3408.0,3440.0,3391.0,3392.0,1226475559436,361589013,6148,3495.0,3391.0,38.566396585308574,-140.44721744410936,-105.41328838847802,4425.438420375694,2983.2615796243067,3704.35,3755.44,-0.029784724270126794,0
2026-02-16,3292.0,3440.0,3292.0,3377.0,1018254937359,301518611,6005,3392.0,3417.0,39.94769654812861,-137.08867477822696,-111.74836566642782,4302.473643114386,3004.926356885614,3653.7,3759.52,-0.03131401814457124,0
2026-02-17,3419.0,3478.0,3365.0,3438.0,1021150060449,297042819,5804,3377.0,3478.0,43.175863770787146,-128.02897696560422,-115.0044879262631,4190.329997924446,3033.9700020755545,3612.15,3764.16,-0.05664174813110978,0
2026-02-18,3482.0,3492.0,3347.0,3394.0,1049748491746,309278432,5860,3438.0,3370.0,39.161939713460974,-128.0872880586703,-117.62104795274455,4086.438573307524,3053.561426692476,3570.0,3766.98,-0.0008902077151334842,0
