date,open,high,low,adjClose,value,volume,count,yesterday,close,rsi,macd,macd_signal,bb_upper,bb_lower,sma_20,sma_50,future_return,signal
2004-11-17,10300.0,10738.0,10207.0,10738.0,41807180,4064,9,10744.0,10738.0,16.254327379136356,-363.08726744860905,-432.8933396156835,11212.28660085187,10530.91339914813,10871.6,12263.44,-0.010150866083069476,0
2004-11-20,10207.0,10709.0,10206.0,10709.0,229744626,22336,31,10738.0,10709.0,15.609122821544432,-345.23595182977624,-415.3618620585021,11138.612258137913,10548.787741862088,10843.7,12237.62,-0.008871043047903648,0
2004-11-21,10300.0,10676.0,10202.0,10676.0,254927587,24884,30,10709.0,10676.0,14.885054609591378,-329.94804413035126,-398.27909847287196,11044.949718370717,10583.350281629282,10814.15,12199.14,-0.010116148370176048,0
2004-11-22,10487.0,10660.0,10469.0,10660.0,353858387,33649,37,10676.0,10660.0,14.53304989970053,-315.48660027319056,-381.7205988329357,10976.267299652582,10604.13270034742,10790.2,12147.74,-0.010694183864915607,0
2004-11-23,10300.0,10645.0,10300.0,10645.0,214667034,20608,22,10660.0,10645.0,14.194156133682995,-301.7577015215884,-365.72801937066623,10930.618146654264,10610.981853345735,10770.8,12082.82,-0.011836542977923914,0
2004-11-24,10500.0,10645.0,10497.0,10629.0,424682603,40413,30,10645.0,10629.0,13.823859691415336,-288.83896088689835,-350.3502076739127,10887.706908813438,10617.393091186561,10752.55,12003.7,-0.011760278483394448,0
2004-11-27,10300.0,10614.0,10210.0,10614.0,245829680,23617,21,10629.0,10614.0,13.46909981695984,-276.6224095533162,-335.60464804979335,10863.017514702387,10611.782485297612,10737.4,11909.7,-0.01045788581119278,0
2004-11-28,10261.0,10568.0,10200.0,10568.0,467958796,45601,20,10614.0,10568.0,12.416740531808472,-267.5681609637177,-321.9973506325783,10858.163041638563,10588.436958361435,10723.3,11812.48,-0.012301286903860675,0
2004-11-29,10222.0,10546.0,10201.0,10546.0,216251269,21169,31,10568.0,10546.0,11.936400927350448,-259.18015239963097,-309.4339109859888,10855.358538212322,10562.841461787679,10709.1,11719.44,-0.01460269296415706,0
2004-11-30,10203.0,10519.0,10200.0,10519.0,276569457,27109,42,10546.0,10519.0,11.355791647922743,-251.8085770015623,-297.9088441891035,10854.38674945134,10534.41325054866,10694.4,11626.08,-0.016541496339956274,0
2004-12-01,10201.0,10504.0,10180.0,10504.0,163453990,16025,23,10519.0,10504.0,11.0346610049493,-244.36009397456837,-287.1990941461965,10854.406108132922,10506.093891867078,10680.25,11540.46,-0.01570830159939074,0
2004-12-04,10160.0,10503.0,10160.0,10503.0,2594230,255,2,10504.0,10503.0,11.012302852962463,-235.81942956339662,-276.92316122963655,10852.554150896969,10481.54584910303,10667.05,11463.62,-0.017233171474816733,0
2004-12-05,9978.0,10438.0,9978.0,10438.0,433174996,43412,51,10503.0,10438.0,9.644414047807942,-231.625810100928,-267.86369100389487,10855.915135993437,10445.784864006564,10650.85,11396.94,-0.020789423261161177,0
2004-12-06,10001.0,10392.0,9920.0,10392.0,394695879,39332,45,10438.0,10392.0,8.810357776821604,-229.37011610496666,-260.16497602410925,10861.280296873452,10404.519703126547,10632.9,11330.44,-0.017128560431100892,0
2004-12-07,10088.0,10345.0,9951.0,10345.0,415304450,41531,31,10392.0,10345.0,8.044829786903762,-228.73821777645026,-253.87962437457747,10864.36446648975,10359.73553351025,10612.05,11269.74,-0.0133397776703722,0
2004-12-11,9951.0,10339.0,9950.0,10339.0,53088176,5335,4,10345.0,10339.0,7.949864403379607,-226.11506988058682,-248.32671347577934,10859.940315810825,10321.959684189176,10590.95,11209.26,-0.015281942160750517,0
2004-12-12,9948.0,10322.0,9823.0,10322.0,116685443,11861,21,10339.0,10322.0,7.673474069169913,-222.83921247065882,-243.22921327475524,10851.373111090028,10287.22688890997,10569.3,11150.02,-0.015113350125944613,0
2004-12-14,9806.0,10221.0,9806.0,10221.0,675049190,68840,48,10322.0,10221.0,6.277159078742798,-225.79015937204713,-239.74140249421365,10850.624812098762,10235.27518790124,10542.95,11089.38,-0.006457293806868214,0
2004-12-15,9900.0,10214.0,9900.0,10214.0,68515880,6914,9,10221.0,10214.0,6.193047242679299,-226.08745213670227,-237.0106124227114,10840.548731686045,10192.051268313953,10516.3,11029.96,-0.011650675543371847,0
2004-12-18,9704.0,10207.0,9704.0,10207.0,42324174,4361,8,10214.0,10207.0,6.104950308489933,-224.30228319577327,-234.46894657732378,10822.642722009365,10156.257277990637,10489.45,10978.96,-0.01440188106201623,0
2004-12-19,9698.0,10181.0,9698.0,10181.0,172165016,17746,29,10207.0,10181.0,5.776277022606877,-222.4215692597645,-232.05947111381192,10800.10813875003,10123.09186124997,10461.6,10929.64,-0.013849327178076853,0
2004-12-20,9840.0,10166.0,9680.0,10166.0,109976115,11288,17,10181.0,10166.0,5.589319142200154,-219.60993789383429,-229.56956446981638,10776.318088595603,10092.581911404399,10434.45,10883.12,-0.013279559315364953,0
2004-12-21,9658.0,10155.0,9658.0,10155.0,85655230,8802,17,10166.0,10155.0,5.450010139806636,-215.78190832914333,-226.81203324168177,10752.069259608726,10064.730740391273,10408.4,10837.56,-0.013589364844904028,0
2004-12-22,9670.0,10095.0,9648.0,10095.0,412402121,42675,28,10155.0,10095.0,4.753990027478878,-215.11001156673046,-224.47162890669154,10729.291389697657,10031.008610302342,10380.15,10792.56,-0.008023774145616613,0
2004-12-25,9665.0,10060.0,9665.0,10060.0,318329188,32725,17,10095.0,10060.0,4.400913543464426,-214.92422337319476,-222.5621477999922,10704.379221454405,9997.420778545595,10350.9,10748.82,-0.008946322067594381,0
2004-12-26,9790.0,10040.0,9720.0,10040.0,240411808,24595,27,10060.0,10040.0,4.208564026452038,-213.9248255193088,-220.83468334385554,10675.486989592913,9967.413010407088,10321.45,10708.06,-0.008167330677290807,0
2004-12-27,9701.0,10031.0,9701.0,10031.0,88795738,9130,14,10040.0,10031.0,4.121271574199625,-211.42188047117088,-218.95212276931863,10641.153034958867,9943.446965041132,10292.3,10668.04,-0.008174658558468773,0
2004-12-28,9778.0,10017.0,9570.0,10017.0,178800725,18308,21,10031.0,10017.0,3.9828798345280205,-208.1683265961783,-216.79536353469058,10609.160147934135,9920.339852065865,10264.75,10629.7,-0.008285913946291301,0
2004-12-29,9788.0,10014.0,9787.0,10014.0,37419490,3820,9,10017.0,10014.0,3.95225303756591,-203.48627354202654,-214.13354553615778,10573.62415697787,9902.675843022129,10238.15,10598.78,-0.010485320551228305,0
2005-01-01,9514.0,9970.0,9514.0,9970.0,298661042,31365,23,10014.0,9970.0,3.52421455011914,-201.00903797490355,-211.50864402390695,10539.538014834074,9881.861985165928,10210.7,10569.6,-0.00922768304914745,0
2005-01-02,9770.0,9958.0,9500.0,9958.0,115814678,12034,10,9970.0,9958.0,3.4155684055813396,-197.73474756789983,-208.75386473270552,10500.763766047756,9866.036233952243,10183.4,10543.4,-0.009339224743924457,0
2005-01-03,9600.0,9949.0,9600.0,9949.0,85829680,8930,17,9958.0,9949.0,3.332587254429754,-193.63398160722318,-205.72988810760904,10452.702424232559,9858.697575767443,10155.7,10517.04,-0.010654337119308521,0
2005-01-04,9589.0,9934.0,9452.0,9934.0,114950029,12062,18,9949.0,9934.0,3.19333741283954,-189.41105691886332,-202.4661218698599,10412.567013314243,9848.432986685757,10130.5,10490.38,-0.010469096033823289,0
2005-01-05,9528.0,9909.0,9528.0,9909.0,238595144,24901,25,9934.0,9909.0,2.9705534213181437,-185.93826912121403,-199.16055132013074,10377.20957616451,9835.49042383549,10106.35,10465.78,-0.012917549702290865,0
2005-01-08,9500.0,9878.0,9450.0,9878.0,227328330,24029,17,9909.0,9878.0,2.717391836107595,-183.5714038196802,-196.04272182004064,10347.994339562225,9818.005660437775,10083.0,10442.68,-0.010325976918404534,0
2005-01-09,9385.0,9865.0,9385.0,9865.0,80894115,8619,12,9878.0,9865.0,2.6166806961496007,-180.66207740030404,-192.96659293609335,10313.018032469157,9805.581967530841,10059.3,10420.1,-0.009731373542828159,0
2005-01-10,9372.0,9843.0,9372.0,9843.0,140776860,15020,15,9865.0,9843.0,2.4511212187154143,-178.07884926660336,-189.98904420219537,10275.419385803401,9795.2806141966,10035.35,10398.62,-0.014629686071319759,0
2005-01-11,9351.0,9830.0,9351.0,9830.0,86567207,9257,6,9843.0,9830.0,2.3562509325246737,-175.06260102205852,-187.00375556616802,10255.893814997436,9775.706185002562,10015.8,10378.22,-0.014038657171922653,0
2005-01-15,9339.0,9781.0,9339.0,9781.0,326975244,35010,28,9830.0,9781.0,2.036324693865538,-174.61326007807838,-184.5256564685501,10236.925019308052,9751.374980691948,9994.15,10357.24,-0.00961046927717002,0
2005-01-19,9292.0,9776.0,9292.0,9776.0,30324636,3263,6,9781.0,9776.0,2.006388134900959,-172.6701780270596,-182.154560780252,10212.472799625191,9732.72720037481,9972.6,10336.5,-0.009819967266775809,0
2005-01-22,9288.0,9769.0,9288.0,9769.0,46537690,5010,12,9776.0,9769.0,1.962880896383254,-169.73847353663768,-179.67134333152916,10187.469743279318,9716.530256720682,9952.0,10316.14,-0.009827003787491018,0
2005-01-23,9281.0,9699.0,9281.0,9699.0,2977823709,320483,65,9769.0,9699.0,1.5912792351384013,-171.09125806936754,-177.95532627909685,10167.203369290879,9690.09663070912,9928.65,10294.78,-0.004021033096195503,0
2005-01-24,9223.0,9692.0,9223.0,9692.0,42125620,4566,6,9699.0,9692.0,1.5594849137645213,-170.75977862270702,-176.5162167478189,10141.546181922165,9669.453818077835,9905.5,10273.38,-0.004333470903838177,0
2005-01-25,9500.0,9687.0,9488.0,9687.0,82827170,8724,11,9692.0,9687.0,1.5358792142402677,-168.9529525192247,-175.00356390210007,10122.62801939989,9647.57198060011,9885.1,10252.1,-0.0045421699184473585,0
2005-01-26,9251.0,9680.0,9251.0,9680.0,46351800,5010,5,9687.0,9680.0,1.5016098903604984,-166.17036280829961,-173.23692368334,10105.413100351894,9626.786899648107,9866.1,10230.46,-0.0049586776859503745,0
2005-01-30,9529.0,9673.0,9250.0,9673.0,52310060,5639,6,9680.0,9673.0,1.466374581688072,-162.654996364603,-171.12053821959262,10087.193417115688,9608.306582884312,9847.75,10208.7,-0.005375788276646309,0
2005-02-01,9200.0,9660.0,9200.0,9660.0,94251100,10188,18,9673.0,9660.0,1.4006423742573162,-159.0842107307708,-168.71327272182825,10066.456485685932,9591.943514314069,9829.2,10186.8,-0.00424430641821949,0
2005-02-02,9200.0,9650.0,9178.0,9650.0,64452500,7010,8,9660.0,9650.0,1.350492839310732,-155.27138197798922,-166.02489457306044,10043.900445183099,9577.799554816902,9810.85,10164.84,-0.005077720207253833,0
2005-02-05,9168.0,9643.0,9168.0,9643.0,46926574,5118,7,9650.0,9643.0,1.3149994125354283,-151.07305310355332,-163.03452627915902,10016.614154702822,9567.985845297177,9792.3,10142.76,-0.004977704034014319,0
2005-02-06,9161.0,9632.0,9161.0,9632.0,72678923,7933,7,9643.0,9632.0,1.259002810584704,-146.93962674205977,-159.81554637173917,9994.484823755647,9556.315176244352,9775.4,10120.52,-0.003841362126245862,0
2005-02-07,9151.0,9621.0,9151.0,9621.0,73304210,8010,2,9632.0,9621.0,1.2037983048979157,-142.90415450166438,-156.43326799772422,9970.591953396124,9546.508046603874,9758.55,10098.18,-0.003533936181270181,0
2005-02-12,9140.0,9619.0,9140.0,9619.0,9236190,1010,2,9621.0,9619.0,1.193550973275947,-138.27346651273183,-152.80130770072574,9943.329382948292,9540.770617051707,9742.05,10076.38,-0.008108951034411116,0
2005-02-21,9139.0,9601.0,9139.0,9601.0,118903010,13010,4,9619.0,9601.0,1.1025816398028923,-134.50556604832127,-149.14215937024485,9915.175024700424,9535.624975299575,9725.4,10054.88,-0.014685970211436361,0
2005-02-22,9121.0,9595.0,9121.0,9595.0,37382598,4098,4,9601.0,9595.0,1.0732182941722783,-130.49931279502744,-145.41359005520138,9887.710224425586,9531.689775574416,9709.7,10033.58,-0.014590932777488241,0
2005-02-26,9116.0,9595.0,9116.0,9595.0,998434,109,2,9595.0,9595.0,1.0732182941722783,-125.87333873281932,-141.50553979072498,9862.442150804189,9528.65784919581,9695.55,10012.58,-0.015528921313183952,0
2005-02-27,9116.0,9587.0,9116.0,9587.0,49978622,5482,7,9595.0,9587.0,1.030769585825439,-121.45272271561407,-137.4949763757028,9835.578912164183,9527.721087835816,9681.65,9991.74,-0.015333263794721996,0
2005-03-02,9108.0,9541.0,9108.0,9541.0,307326466,33742,38,9587.0,9541.0,0.8279788226209348,-120.27471617546144,-134.05092433565454,9813.287145944882,9519.812854055117,9666.55,9970.28,-0.010795514097054815,0
2005-03-05,9064.0,9460.0,9064.0,9460.0,606471437,66537,44,9541.0,9460.0,0.6030097647843604,-124.44266300382696,-132.12927206928904,9800.864233630413,9495.235766369586,9648.05,9948.12,-0.0023255813953488857,0
2005-03-06,9121.0,9455.0,8988.0,9455.0,36040268,3983,12,9460.0,9455.0,0.5923112567818265,-126.68885880378366,-131.04118941618796,9793.63869633193,9469.86130366807,9631.75,9926.3,-0.0017979904812268632,0
2005-03-08,9000.0,9446.0,9000.0,9446.0,62054580,6894,9,9455.0,9446.0,0.5726178460649436,-127.7228998572682,-130.37753150440403,9782.15701003868,9448.34298996132,9615.25,9904.84,-0.0009527842473004977,0
2005-03-09,9001.0,9440.0,9000.0,9440.0,38295165,4254,9,9446.0,9440.0,0.5592677571418676,-127.55614683812018,-129.81325457114727,9766.699493745671,9430.900506254327,9598.8,9883.56,-0.00031779661016950733,0
2005-03-12,9110.0,9440.0,9110.0,9438.0,94574087,10080,12,9440.0,9438.0,0.5546259945032261,-126.13141274234113,-129.07688620538605,9760.885233462754,9410.614766537246,9585.75,9862.26,-0.00010595465140916804,0
2005-03-13,9440.0,9440.0,9438.0,9438.0,79465900,8418,9,9438.0,9438.0,0.5546259945032261,-123.57777306339995,-127.97706357698884,9752.313465324236,9393.786534675763,9573.05,9842.26,-0.00010595465140916804,0
2005-03-14,9438.0,9438.0,9438.0,9438.0,8022300,850,2,9438.0,9438.0,0.5546259945032261,-120.16876450510244,-126.41540376261158,9741.060965308441,9380.13903469156,9560.6,9823.18,-0.00010595465140916804,0
2005-03-15,9430.0,9438.0,9430.0,9437.0,17661926,1872,4,9438.0,9437.0,0.5517661510845215,-116.20821632404295,-124.37396627489785,9727.837262647197,9369.062737352804,9548.45,9805.02,0.0,0
2005-03-16,9438.0,9439.0,9437.0,9437.0,7040974,746,3,9437.0,9437.0,0.5517661510845215,-111.78091257735286,-121.85535553538887,9712.73097569032,9360.56902430968,9536.65,9786.98,0.0,0
2005-03-26,9439.0,9441.0,9437.0,9437.0,80656911,8545,5,9437.0,9437.0,0.5517661510845215,-107.03837075214324,-118.89195857873975,9697.110605733023,9353.889394266977,9525.5,9769.28,0.0,0
2005-03-27,9440.0,9440.0,9437.0,9437.0,1038370,110,2,9437.0,9437.0,0.5517661510845215,-102.10289358706723,-115.53414558040525,9680.569371227555,9349.130628772446,9514.85,9753.6,0.0,0
2005-03-28,9438.0,9438.0,9437.0,9437.0,7172752,760,4,9437.0,9437.0,0.5517661510845215,-97.07250100944839,-111.84181666621389,9662.556930227936,9346.543069772062,9504.55,9738.06,0.0,0
2005-03-29,9437.0,9437.0,9437.0,9437.0,7266490,770,1,9437.0,9437.0,0.5517661510845215,-92.02507091576445,-107.878467516124,9643.96380257977,9345.636197420228,9494.8,9722.66,0.0,0
2005-03-30,9437.0,9437.0,9437.0,9437.0,8653729,917,2,9437.0,9437.0,0.5517661510845215,-87.02181291170018,-103.70713659523925,9624.862916815846,9346.337083184155,9485.6,9707.78,0.0010596587898696885,0
2005-04-03,9437.0,9437.0,9437.0,9437.0,2359250,250,2,9437.0,9437.0,0.5517661510845215,-82.11017985539183,-99.38774524726978,9602.89699363536,9350.10300636464,9476.5,9693.2,0.007841475045035518,0
2005-04-04,9438.0,9438.0,9437.0,9437.0,2170730,230,3,9437.0,9437.0,0.5517661510845215,-77.32630575309486,-94.9754573484348,9581.962834735272,9354.637165264727,9468.3,9678.84,0.008053406803009366,0
2005-04-05,9438.0,9443.0,9437.0,9437.0,17494519,1853,4,9437.0,9437.0,0.5517661510845215,-72.69704478117455,-90.51977483498275,9558.659656014348,9362.140343985651,9460.4,9665.68,0.008477270318957286,0
2005-04-06,9437.0,9460.0,9437.0,9437.0,204574007,21660,14,9437.0,9437.0,0.5517661510845215,-68.2416745635037,-86.06415478068695,9529.255455832523,9375.744544167477,9452.5,9653.22,0.009324997350853126,0
2005-04-10,9850.0,9908.0,9447.0,9447.0,117885510,12090,11,9437.0,9447.0,10.929605167055996,-63.17559619281019,-81.48644306311161,9491.144276750305,9399.855723249695,9445.5,9641.36,0.012914152641050114,0
2005-04-11,9918.0,9919.0,9511.0,9511.0,492796800,49770,14,9447.0,9511.0,48.192028742999426,-53.38108355260556,-75.8653711610104,9477.292641830569,9410.707358169431,9444.0,9630.96,0.006623909157817298,0
2005-04-12,9681.0,9900.0,9513.0,9513.0,1198777863,123556,9,9511.0,9513.0,48.91130746699328,-44.939444492016264,-69.68018582721157,9491.161908519613,9402.138091480387,9446.65,9620.88,0.0063071586250393885,0
2005-04-13,9912.0,9988.0,9517.0,9517.0,33140250,3320,3,9513.0,9517.0,50.39465787832681,-37.49440597455214,-63.243029856679684,9503.775456962976,9395.724543037024,9449.75,9610.94,0.0055689818220028275,0
2005-04-16,9992.0,9992.0,9525.0,9525.0,66042450,6610,8,9517.0,9525.0,53.31422345296613,-30.59593527312245,-56.71361093996824,9516.835093252947,9390.564906747055,9453.7,9602.04,0.0047244094488188,0
2005-04-17,10001.0,10001.0,9569.0,9569.0,330498727,33047,18,9525.0,9569.0,65.38224460421534,-21.332507398521557,-49.63739023167891,9540.405280200483,9379.894719799517,9460.15,9594.26,0.0,0
2005-04-18,9992.0,10047.0,9574.0,9574.0,48057416,4804,17,9569.0,9574.0,66.44376114051119,-13.432870090517099,-42.39648620344655,9560.492450256865,9373.407549743137,9466.95,9586.76,-0.000522247754334626,0
2005-04-19,9570.0,9574.0,9570.0,9573.0,32914602,3438,6,9574.0,9573.0,66.00780995619543,-7.17038650059294,-35.35126626287583,9576.897092982592,9370.50290701741,9473.7,9579.54,-0.0004178418468610001,0
2005-04-20,9509.0,9574.0,9490.0,9570.0,108570535,11427,8,9573.0,9570.0,64.6376380149097,-2.4214846965151082,-28.76530994960369,9590.187396911826,9370.412603088173,9480.3,9572.76,-0.0002089864158829613,0
2005-04-23,9570.0,9570.0,9570.0,9570.0,3110250,325,3,9570.0,9570.0,64.6376380149097,1.3267601322822884,-22.746895933226494,9601.54751306227,9372.35248693773,9486.95,9566.6,-0.0002089864158829613,0
2005-04-24,9569.0,9569.0,9569.0,9569.0,19138000,2000,1,9570.0,9569.0,64.12307073182038,4.168527332822123,-17.363811280016773,9611.048042537128,9376.05195746287,9493.55,9560.68,0.0,0
2005-04-25,9570.0,10000.0,9569.0,9569.0,1954940,197,3,9569.0,9569.0,64.12307073182038,6.347478531733941,-12.621553317666631,9619.021821724311,9381.278178275688,9500.15,9555.2,0.0,0
2005-04-30,9600.0,9600.0,9569.0,9569.0,2495690,260,2,9569.0,9569.0,64.12307073182038,7.9822980917724635,-8.500783035778813,9625.521840097123,9387.978159902877,9506.75,9549.98,-0.00010450412791307429,0
2005-05-01,9562.0,9569.0,9500.0,9568.0,106857780,11170,10,9569.0,9568.0,63.49178168237171,9.092401187623182,-4.982146191098415,9630.400128095813,9396.199871904186,9513.3,9545.72,0.0,0
2005-05-02,9568.0,9568.0,9568.0,9568.0,3100032,324,1,9568.0,9568.0,63.49178168237171,9.858522972832361,-2.0140123583122596,9633.757462442352,9405.942537557648,9519.85,9541.56,0.0,0
2005-05-03,9889.0,9889.0,9569.0,9569.0,78515110,8148,13,9568.0,9569.0,63.90392033547933,10.426185078362323,0.4740271290226572,9635.58748210425,9417.31251789575,9526.45,9537.56,0.00031351238373922286,0
2005-05-04,9569.0,9600.0,9569.0,9569.0,89201296,9319,9,9569.0,9569.0,63.90392033547933,10.752117667270795,2.529645236672285,9635.512627333359,9430.58737266664,9533.05,9534.96,0.0009405371512174465,0
2005-05-07,9565.0,9569.0,9450.0,9568.0,76427105,8010,7,9569.0,9568.0,63.078071647107606,10.805174622488266,4.184751113835482,9633.013917592909,9446.186082407092,9539.6,9532.48,0.0010451505016721985,0
2005-05-08,9568.0,9568.0,9568.0,9568.0,15347072,1604,2,9568.0,9568.0,63.078071647107606,10.723607568910666,5.492522404850519,9627.455042894362,9464.844957105637,9546.15,9530.1,0.0010451505016721985,0
2005-05-09,9568.0,9647.0,9568.0,9568.0,32242197,3352,7,9568.0,9568.0,63.078071647107606,10.537495403641515,6.501517004608718,9617.133221245364,9488.266778754638,9552.7,9527.86,0.0010451505016721985,0
2005-05-10,9568.0,9740.0,9568.0,9572.0,162710912,16851,10,9568.0,9572.0,65.31730744843689,10.590683930526211,7.319350389792216,9601.791451890122,9516.10854810988,9558.95,9525.84,0.0006268282490597965,0
2005-05-11,9752.0,9758.0,9578.0,9578.0,136924409,14049,11,9572.0,9578.0,68.41197414412497,10.990296777168624,8.053539667267497,9599.759845168572,9524.840154831427,9562.3,9524.2,0.00020881186051369127,0
2005-05-14,9600.0,9603.0,9578.0,9578.0,120894280,12595,6,9578.0,9578.0,68.41197414412497,11.178138217959713,8.678459377405941,9595.950493417924,9535.149506582075,9565.55,9522.76,0.0006264355815410738,0
2005-05-15,9600.0,9602.0,9578.0,9578.0,20400566,2125,6,9578.0,9578.0,68.41197414412497,11.197921247434351,9.182351751411623,9589.731966308254,9547.468033691746,9568.6,9521.46,0.0008352474420547651,0
2005-05-16,9578.0,9586.0,9578.0,9578.0,67014110,6995,6,9578.0,9578.0,68.41197414412495,11.085809133803195,9.563043227889938,9578.729973265528,9563.770026734472,9571.25,9520.38,0.0008352474420547651,0
2005-05-17,9578.0,9700.0,9578.0,9578.0,53824331,5597,12,9578.0,9578.0,68.41197414412495,10.871638000517123,9.824762182415377,9579.652358144162,9563.74764185584,9571.7,9519.52,0.0018793067446229994,0
2005-05-18,9699.0,9700.0,9580.0,9580.0,59031661,6086,8,9578.0,9580.0,69.71666303996486,10.739490953066706,10.007707936545643,9580.694826050762,9563.305173949238,9572.0,9518.74,0.0018789144050104234,0
2005-05-21,9621.0,9750.0,9584.0,9584.0,2044034172,209655,9,9580.0,9584.0,72.19061124852684,10.832657899331025,10.17269792910272,9582.698398891103,9562.401601108895,9572.55,9518.4,0.0021911519198665186,0
2005-05-22,9610.0,9650.0,9586.0,9586.0,139164849,14439,7,9584.0,9586.0,73.3623672572923,10.94174701222255,10.326507745726687,9584.98228266734,9561.71771733266,9573.35,9518.22,0.023784686000417166,0
2005-05-23,9655.0,9686.0,9586.0,9586.0,17672670,1826,4,9586.0,9586.0,73.3623672572923,10.902523416769327,10.441710879935215,9586.897941012292,9561.402058987707,9574.15,9518.04,0.15564364698518673,1
2005-05-24,9675.0,10065.0,9596.0,9596.0,108784760,10973,14,9586.0,9596.0,78.59287125245811,11.54526819620878,10.66242234318993,9591.165248164418,9559.834751835582,9575.5,9518.22,0.1596498541058775,1
2005-05-25,10075.0,10075.0,9598.0,9598.0,21051980,2090,4,9596.0,9598.0,79.46149446239089,12.076817317465611,10.945301338045066,9595.110121146423,9558.789878853579,9576.95,9519.36,0.1600333402792249,1
2005-05-28,10077.0,10077.0,9605.0,9605.0,53504150,5310,6,9598.0,9605.0,82.18599722181396,12.914050192324794,11.339051108901012,9600.233714763808,9557.266285236192,9578.75,9522.26,0.15929203539823011,1
2005-05-29,10085.0,10085.0,9814.0,9814.0,1546199235,153317,23,9605.0,9814.0,96.61672757189775,30.095197884111258,15.090280463943062,9695.461637282688,9486.63836271731,9591.05,9529.44,0.13480741797432239,1
2005-06-08,11220.0,11220.0,11000.0,11078.0,227220780,20510,4,9814.0,11078.0,99.46092679408167,144.04515464680298,40.88125530051505,10322.445258406437,9010.654741593562,9666.55,9562.08,0.005416140097490585,0
2005-06-11,11631.0,11631.0,11128.0,11128.0,371896195,31975,32,11078.0,11128.0,99.4795647119569,235.66925006319434,79.83885425305093,10656.17856177495,8832.82143822505,9744.5,9595.84,0.001168224299065379,0
2005-06-12,11684.0,11684.0,11134.0,11134.0,46964180,4020,8,11128.0,11134.0,99.48187968637794,305.24745302403244,124.92057400724724,10912.083534781721,8733.416465218279,9822.75,9629.76,0.10732890246093052,1
2005-06-13,11690.0,11690.0,11135.0,11135.0,8060550,690,3,11134.0,11135.0,99.48229301636741,356.36145872812267,171.20875095142236,11123.193760723798,8679.006239276203,9901.1,9663.7,0.11728783116299946,1
2005-06-14,11691.0,11691.0,11137.0,11137.0,17507578,1498,3,11135.0,11137.0,99.48318102957023,392.5064893084964,215.46829862283715,11303.254721605248,8655.84527839475,9979.55,9697.68,0.11618927897997655,1
2005-06-15,11693.0,11693.0,11138.0,11138.0,10354448,886,4,11137.0,11138.0,99.4836579298736,416.43200911581516,255.66104072143276,11458.789729571496,8657.310270428503,10058.05,9731.7,0.11285688633506918,1
2005-06-18,11694.0,11694.0,11141.0,11141.0,28913732,2473,8,11138.0,11141.0,99.48519268749034,430.67072680968886,290.662977939084,11594.156132289103,8678.843867710897,10136.5,9765.78,0.11031325733776143,1
2005-06-27,12499.0,12599.0,10600.0,12329.0,2429969523,197092,82,11141.0,12329.0,99.77297258665631,531.6877195691668,338.86792626510055,11991.055588226205,8557.044411773793,10274.05,9823.62,-0.00908427285262392,0
2005-06-28,12328.0,12945.0,12328.0,12441.0,1289311126,101360,66,12329.0,12441.0,99.7851654615443,613.70744073891,393.83582915986244,12342.914890631533,8491.485109368468,10417.2,9883.7,-0.0195321919459851,0
2005-06-29,12441.0,12456.0,12300.0,12431.0,1525737539,122907,60,12441.0,12431.0,99.27251247624244,670.1763682566416,449.10393697921825,12632.820938050027,8486.879061949974,10559.85,9943.58,-0.019547904432467234,0
2005-07-02,12287.0,12395.0,11810.0,12395.0,241287898,20414,14,12431.0,12395.0,97.33382202919992,703.9092730838474,500.06500420014413,12868.326083991427,8533.073916008574,10700.7,10002.74,-0.016700282371924113,0
2005-07-03,11776.0,12370.0,11776.0,12370.0,164375348,13958,18,12395.0,12370.0,95.93272431077322,720.3221270301347,544.1164287661422,13059.730476496166,8620.869523503832,10840.3,10061.4,-0.015602263540824612,0
2005-07-04,11810.0,12217.0,11752.0,12217.0,1036198716,88091,63,12370.0,12217.0,87.61998906514445,712.7672732612118,577.8465976651562,13189.744036337579,8754.55596366242,10972.15,10117.0,-0.00368339199476142,0
2005-07-05,11607.0,12198.0,11607.0,12198.0,124037157,10681,17,12217.0,12198.0,86.61624411752938,697.2098548011018,601.7192490923453,13285.633294328594,8920.066705671406,11102.85,10172.22,-0.09804886046892936,0
2005-07-06,12000.0,12188.0,11999.0,12188.0,195657464,16305,14,12198.0,12188.0,86.05746545833114,676.2778619357614,616.6309716610285,13347.703458443793,9118.196541556208,11232.95,10227.24,-0.07097144732523797,0
2005-07-09,12187.0,12200.0,12187.0,12188.0,148633386,12186,12,12188.0,12188.0,86.05746545833114,652.1712822043864,623.7390337697002,13374.122696348884,9351.977303651114,11363.05,10282.26,-0.04791598293403343,0
2005-07-11,12200.0,12200.0,11909.0,12177.0,307757095,25547,18,12188.0,12177.0,85.35498955910315,624.9747165207827,623.9861703199167,13359.131751202955,9625.068248797046,11492.1,10336.86,-0.04344255563767763,0
2005-07-12,12000.0,12172.0,12000.0,12172.0,118115639,9832,14,12177.0,12172.0,85.01528459500562,596.1457865234188,618.4180935606172,13292.470613488184,9949.129386511815,11620.8,10390.08,0.004765034505422205,0
2005-08-21,11002.0,11002.0,11002.0,11002.0,11002000,1000,1,12172.0,11002.0,42.445317865284814,473.4320004967267,589.4208749478391,13118.53630849937,10262.76369150063,11690.65,10419.86,0.11143428467551364,1
2005-08-23,11552.0,11552.0,11323.0,11323.0,2379721262,206001,45,11002.0,11323.0,49.863004119701905,397.5003219801256,551.0367643542965,12923.147432044147,10609.052567955854,11766.1,10455.98,0.0799258147134152,1
2005-08-24,11889.0,11889.0,11604.0,11604.0,2080691040,175010,25,11323.0,11604.0,55.294670323790115,355.89572688045337,512.0085568595279,12908.890465700424,10675.909534299575,11792.4,10497.56,0.05342985177524984,1
2005-08-27,12184.0,12184.0,11648.0,11648.0,327037568,26842,20,11604.0,11648.0,56.096722728513896,322.753713889193,474.1575882654609,12895.308426933298,10741.491573066702,11818.4,10539.14,0.047733516483516425,0
2005-08-28,12230.0,12230.0,12230.0,12230.0,4399277760,359712,67,11648.0,12230.0,65.03300283500982,339.53699472066546,447.23346955650186,12916.234917919794,10830.165082080208,11873.2,10592.26,-0.003107113654946869,0
2005-08-29,11950.0,12228.0,11800.0,12228.0,23910430,2010,5,12230.0,12228.0,64.98405220155581,348.65737719864956,427.5182510849314,12923.924349634579,10931.775650365422,11927.85,10645.36,-0.0030258423290807634,0
2005-08-30,12228.0,12230.0,12228.0,12228.0,6077890,497,3,12228.0,12228.0,64.98405220155581,351.8296725623277,412.3805353804107,12916.846659793884,11047.953340206115,11982.4,10698.52,-0.003680078508341511,0
2005-08-31,12228.0,12300.0,12050.0,12224.0,2999600292,245015,35,12228.0,12224.0,64.87079310873946,349.98654588073805,399.9017374804762,12891.374464342973,11182.025535657029,12036.7,10751.6,-0.006626308900523514,0
2005-09-03,12000.0,12204.0,11901.0,12204.0,288971140,24188,6,12224.0,12204.0,64.26765959384655,342.95860849908604,388.5131116841982,12841.056303221654,11338.643696778347,12089.85,10804.3,-0.00508030154047856,0
2005-09-04,12199.0,12200.0,11802.0,12192.0,228585425,19067,25,12204.0,12192.0,63.88387157207623,332.58676458469563,377.3278422642977,12827.829913470145,11338.170086529855,12083.0,10856.76,-0.004839238845144367,0
2005-09-05,11651.0,12191.0,11651.0,12191.0,4549290,390,2,12192.0,12191.0,63.849653076594684,320.59074140863777,365.9804220931657,12799.09220418554,11341.90779581446,12070.5,10909.2,-0.0085308834386022,0
2005-09-06,11600.0,12183.0,11583.0,12183.0,53306370,4600,10,12191.0,12183.0,63.556358952609,306.900515371457,354.164440748824,12769.978332301205,11346.221667698795,12058.1,10961.5,-0.010834769761142615,0
2005-09-07,11597.0,12143.0,11574.0,12143.0,270902720,23391,13,12183.0,12143.0,62.02228164158963,289.48622983951645,341.2287985669625,12741.831099405983,11349.168900594017,12045.5,11013.0,-0.008564605122292734,0
2005-09-10,11536.0,12142.0,11536.0,12142.0,1275020,110,2,12143.0,12142.0,61.982002655122876,272.46379838469875,327.4757985305098,12716.126069882923,11352.073930117078,12034.1,11064.46,-0.008565310492505307,0
2005-09-11,11757.0,12133.0,11535.0,12133.0,56644234,4902,5,12142.0,12133.0,61.594300233566464,255.3041862946302,313.04147608333386,12708.394480449137,11351.405519550863,12029.9,11115.74,-0.007912305283112153,0
2005-09-12,11527.0,12087.0,11527.0,12087.0,303251894,26306,26,12133.0,12087.0,59.54421239192814,235.28108068224537,297.4893970031162,12699.058907603823,11349.641092396178,12024.35,11166.12,-0.004302142798047526,0
2005-09-17,11483.0,12051.0,11483.0,12051.0,235530510,20510,19,12087.0,12051.0,57.9194650364606,214.04040157644704,280.7995979177824,12688.193819861153,11346.806180138847,12017.5,11215.78,-0.0013276906480790274,0
2005-09-18,11449.0,12039.0,11449.0,12039.0,76828690,6710,5,12051.0,12039.0,57.3576401313212,194.00237205963822,263.4401527461536,12676.298144462664,11343.801855537335,12010.05,11265.2,-0.01212725309411078,0
2005-09-19,11438.0,12038.0,11438.0,12038.0,5073034,443,3,12039.0,12038.0,57.30775245694586,176.0124358620269,245.9546093693283,12665.123534324834,11341.076465675167,12003.1,11314.52,-0.01212826050839011,0
2005-09-21,11437.0,12037.0,11437.0,12037.0,1595743,139,2,12038.0,12037.0,57.254124229409534,159.83214470023086,228.73011643550882,12654.086504992649,11338.613495007352,11996.35,11363.7,-0.012129268090055656,0
2005-09-24,11436.0,12035.0,11436.0,12035.0,11441990,1000,3,12037.0,12035.0,57.138957493398074,145.17428530337747,212.01895020908256,12521.813043298667,11574.186956701333,12048.0,11412.84,-0.012048192771084376,0
2005-09-28,11434.0,12035.0,11434.0,12035.0,1709676,149,2,12035.0,12035.0,57.138957493398074,132.03579961862488,196.02232009099103,12421.739261251847,11745.460738748154,12083.6,11461.98,-0.01362692147901956,0
2005-10-08,11434.0,11893.0,11434.0,11893.0,948763608,82977,58,12035.0,11893.0,49.01966259437922,108.90979744830838,178.59981556245452,12371.4826059561,11824.617394043898,12098.05,11508.28,-0.004708652148322501,0
2005-10-10,11299.0,11892.0,11299.0,11892.0,2378720,210,2,11893.0,11892.0,48.96689286226831,89.4702254066251,160.77389753128867,12315.560374798608,11904.939625201392,12110.25,11554.56,-0.017406659939455116,0
2005-10-11,11370.0,11891.0,11370.0,11891.0,3097850,272,3,11892.0,11891.0,48.910190831608794,73.1404156827266,143.24720116157624,12311.81599483778,11874.784005162219,12093.3,11600.78,-0.029602220166512483,0
2005-10-15,11297.0,11890.0,11297.0,11890.0,6083716,538,2,11891.0,11890.0,48.849273782104,59.43312412488194,126.4843857542374,12302.7717296836,11850.0282703164,12076.4,11646.9,-0.03683767872161481,0
2005-10-19,11296.0,11871.0,11296.0,11871.0,124374710,11010,4,11890.0,11871.0,47.635307129346046,46.50082305676915,110.48767321474375,12290.521959512233,11826.578040487766,12058.55,11692.6,-0.03773902788307637,0
2005-10-29,11278.0,11837.0,11278.0,11837.0,225678370,20010,6,11871.0,11837.0,45.458242672373395,33.126503723558926,95.01543931650679,12277.224032399978,11801.175967600024,12039.2,11737.62,-0.03717158063698567,0
2005-10-31,11246.0,11685.0,11246.0,11685.0,1013044070,90080,39,11837.0,11685.0,37.25978719929457,10.14518226621658,78.04138790644875,12284.58291359499,11741.91708640501,12013.25,11779.4,-0.03106546854942238,0
2005-11-01,11101.0,11539.0,11101.0,11539.0,971730415,87535,34,11685.0,11539.0,31.401578600214748,-19.62246482732735,58.50861735969353,12309.157087885722,11652.042912114279,11980.6,11818.22,-0.01941242742005378,0
2005-11-02,11200.0,11452.0,11200.0,11452.0,1008114520,90010,35,11539.0,11452.0,28.52364623401914,-49.66124856355236,36.87464417504435,12330.326234076969,11556.97376592303,11943.65,11855.16,-0.012224938875305624,0
2005-11-05,10880.0,11423.0,10880.0,11423.0,187990070,17278,7,11452.0,11423.0,27.61511596265288,-74.94335834477351,14.51104367108078,12337.506584990835,11473.793415009164,11905.65,11887.34,-0.009717237153112124,0
2005-11-06,11246.0,11397.0,11246.0,11397.0,566406300,50365,15,11423.0,11397.0,26.791193293811176,-95.97129782185948,-7.5854246275072725,12338.895332566319,11397.804667433682,11868.35,11893.72,-0.0074581030095639544,0
2005-11-07,11247.0,11322.0,11247.0,11322.0,1962049934,174442,37,11397.0,11322.0,24.518666435427022,-117.33539515778648,-29.535418733563116,12336.67475887193,11318.02524112807,11827.35,11897.6,-0.0008832361773538633,0
2005-11-08,11278.0,11315.0,11278.0,11315.0,627711311,55658,17,11322.0,11315.0,24.311390811191302,-133.29489711433598,-50.287314409717695,12321.741126397543,11251.158873602459,11786.45,11901.22,-0.0002651347768448664,0
2005-11-09,11296.0,11312.0,11296.0,11312.0,526438944,46604,19,11315.0,11312.0,24.216902545306468,-144.5190664863967,-69.1336648250535,12302.213155840283,11193.186844159718,11747.7,11904.76,0.0,0
2005-11-12,11312.0,11313.0,11312.0,11312.0,293139668,25914,11,11312.0,11312.0,24.216902545306468,-151.66599045041949,-85.64012995012669,12277.841130242705,11143.658869757295,11710.75,11908.26,0.0,0
2005-11-13,11312.0,11312.0,11312.0,11312.0,125563200,11100,3,11312.0,11312.0,24.216902545306468,-155.53704494701378,-99.61951294950411,12245.852325220529,11102.94767477947,11674.4,11911.74,0.0,0
2005-11-14,11312.0,11313.0,11312.0,11312.0,166547576,14723,7,11312.0,11312.0,24.216902545306468,-156.79742046489082,-111.05509445258146,12204.768121566714,11071.431878433286,11638.1,11915.16,0.0,0
2005-11-15,11312.0,11312.0,11312.0,11312.0,36198400,3200,1,11312.0,11312.0,24.216902545306468,-155.99802897074915,-120.043681356215,12154.390052846804,11049.309947153197,11601.85,11894.82,0.0,0
2005-11-16,11313.0,11313.0,11312.0,11312.0,80013776,7073,9,11312.0,11312.0,24.216902545306468,-153.59396977766846,-126.7537390405057,12094.237642935628,11037.162357064373,11565.7,11872.24,0.0,0
2005-11-19,11312.0,11312.0,11312.0,11312.0,81129664,7172,6,11312.0,11312.0,24.216902545306453,-149.96008898790205,-131.39500902998498,12022.44855954339,11036.651440456608,11529.55,11849.86,0.0003536067892504491,0
2005-11-20,11312.0,11312.0,11312.0,11312.0,129149104,11417,4,11312.0,11312.0,24.216902545306453,-145.40408450602627,-134.19682412519325,11972.326027259995,11028.673972740005,11500.5,11828.2,0.0004420084865628393,0
2005-11-21,11312.0,11312.0,11312.0,11312.0,121660560,10755,6,11312.0,11312.0,24.216902545306453,-140.17753872101457,-135.39296704435753,11913.888743075531,11029.111256924469,11471.5,11807.04,0.0008840169731259007,0
2005-11-22,11312.0,11312.0,11312.0,11312.0,46130336,4078,5,11312.0,11312.0,24.216902545306453,-134.48520183849905,-135.21141400318584,11845.349441409679,11039.75055859032,11442.55,11788.94,0.0010608203677511252,0
2005-11-23,11399.0,11500.0,11312.0,11312.0,10512975,920,5,11312.0,11312.0,24.216902545306468,-128.49279884691532,-133.86769097193172,11763.325435225222,11063.974564774777,11413.65,11771.22,0.00954738330975946,0
2005-11-26,11800.0,12000.0,11316.0,11316.0,34853360,2924,7,11312.0,11316.0,25.094014139443274,-122.01450249913069,-131.49705327737152,11667.442110526914,11104.357889473085,11385.9,11753.78,0.011841640155531907,0
2005-11-27,11617.0,11619.0,11317.0,11317.0,14867000,1280,5,11316.0,11317.0,25.326701357954647,-115.4686634517293,-128.29137531224308,11551.767558487485,11168.032441512514,11359.9,11736.36,0.012282406998321171,0
2005-11-29,11882.0,11883.0,11322.0,11322.0,39642647,3337,8,11317.0,11322.0,26.55519182982566,-108.62541447212243,-124.35818314421896,11462.765494875444,11220.734505124556,11341.75,11719.26,0.01130542307012905,0
2005-11-30,11888.0,12000.0,11324.0,11324.0,19330040,1624,4,11322.0,11324.0,27.072018981290967,-101.86645399554072,-119.85983731448331,11411.399004968647,11250.600995031353,11331.0,11702.3,0.008565877781702591,0
2005-12-03,12160.0,12739.0,11420.0,11420.0,701316092,58930,26,11324.0,11420.0,46.524171396205716,-87.75198121194626,-113.43826609397591,11400.882585291443,11257.917414708556,11329.4,11710.66,0.0,0
2005-12-04,11613.0,11651.0,11450.0,11450.0,631242940,54335,27,11420.0,11450.0,50.92903790315406,-73.30044861839451,-105.41070259885964,11409.864790020252,11251.635209979748,11330.75,11713.2,-0.002707423580786017,0
2005-12-05,11610.0,11610.0,11456.0,11456.0,167331700,14416,14,11450.0,11456.0,51.78445318418176,-60.6640575708152,-96.46137359325076,11425.808848651737,11241.591151348264,11333.7,11710.24,-0.0037534916201117374,0
2005-12-06,10900.0,11450.0,10884.0,11450.0,34795388,3192,7,11456.0,11450.0,50.830210103681104,-50.55105538173484,-87.27930995094758,11444.971159047416,11235.228840952585,11340.1,11706.28,-0.0038427947598252965,0
2005-12-10,10878.0,11421.0,10878.0,11421.0,188642736,17341,8,11450.0,11421.0,46.38148374363502,-44.3650729785295,-78.69646255646396,11455.2569979562,11235.5430020438,11345.4,11690.1,-0.0013133701076963877,0
2005-12-11,10850.0,11420.0,10850.0,11420.0,4378250,403,2,11421.0,11420.0,46.23122633742939,-39.09269277113344,-70.77570859939786,11464.121842554507,11237.478157445492,11350.8,11673.94,-0.0012259194395797257,0
2005-12-12,11388.0,11419.0,11387.0,11419.0,78292959,6875,6,11420.0,11419.0,46.07049564413903,-34.59618186481748,-63.53980325248179,11471.720368174321,11240.579631825678,11356.15,11657.76,-0.0011384534547683733,0
2005-12-13,10850.0,11413.0,10849.0,11413.0,35396517,3262,8,11419.0,11413.0,45.05827794330042,-31.15764845542435,-57.06337229307031,11477.436999272815,11244.963000727186,11361.2,11641.54,-0.002015245772364893,0
2005-12-14,11000.0,11406.0,11000.0,11406.0,63404060,5760,6,11413.0,11406.0,43.847872027544774,-28.666972440027166,-51.38409232246168,11481.398744581698,11250.401255418301,11365.9,11625.58,-0.005874101350166527,0
2005-12-17,11406.0,11406.0,11406.0,11406.0,422603706,37051,17,11406.0,11406.0,43.847872027544774,-26.38889895286229,-46.385053648541806,11484.583156650218,11256.616843349782,11370.6,11609.86,-0.007539891285288425,0
2005-12-18,11406.0,11406.0,11406.0,11406.0,250932000,22000,3,11406.0,11406.0,43.847872027544774,-24.303355349495178,-41.96871398873248,11486.958586772125,11263.641413227873,11375.3,11594.16,-0.010696124846572008,0
2005-12-19,11410.0,11410.0,11406.0,11406.0,1200793462,105277,16,11406.0,11406.0,43.847872027544774,-22.39242112635111,-38.053455416256206,11488.473038124448,11271.526961875552,11380.0,11578.62,-0.013326319480974957,0
2005-12-20,11000.0,11390.0,11000.0,11390.0,148360900,13487,8,11406.0,11390.0,40.50282349325015,-21.916419428715017,-34.82604821874797,11487.82670494126,11279.973295058739,11383.9,11563.56,-0.012028094820017543,0
2005-12-21,10850.0,11339.0,10821.0,11339.0,335817387,31028,13,11390.0,11339.0,32.09741482131649,-25.36209992853037,-32.93325856070445,11486.060465726272,11284.439534273728,11385.25,11547.5,-0.007672634271099765,0
2005-12-24,10773.0,11320.0,10773.0,11320.0,125564785,11655,5,11339.0,11320.0,29.630361203868475,-29.28834989358802,-32.20427682728117,11485.352106296446,11285.947893703553,11385.65,11531.24,-0.006183745583038913,0
2005-12-25,10755.0,11284.0,10755.0,11284.0,241315502,22437,6,11320.0,11284.0,25.613306364175287,-34.90249616372239,-32.74392069456941,11488.721766520663,11279.778233479337,11384.25,11515.18,-0.003456221198156695,0
2005-12-26,10720.0,11254.0,10720.0,11254.0,197028620,18379,13,11284.0,11254.0,22.83502774987545,-41.2964569603937,-34.454427947734274,11496.637272025742,11265.662727974257,11381.15,11499.24,-0.0015994313133108617,0
2005-12-31,11200.0,11253.0,11200.0,11253.0,2357426,210,3,11254.0,11253.0,22.746457605558533,-45.9151275907152,-36.74656787633046,11503.480036246105,11252.419963753897,11377.95,11483.52,-0.0022216297876122004,0
2006-01-01,10691.0,11252.0,10691.0,11252.0,6484356,606,4,11253.0,11252.0,22.651839560883474,-49.09026694392196,-39.21530768984876,11509.562508673136,11239.337491326865,11374.45,11467.8,-0.00417703519374335,0
2006-01-02,10690.0,11250.0,10690.0,11250.0,7627570,713,5,11252.0,11250.0,22.450696665131943,-51.17802265433966,-41.60785068274694,11514.934430504642,11226.565569495358,11370.75,11452.06,-0.004177777777777725,0
2006-01-03,10688.0,11245.0,10688.0,11245.0,28211202,2639,5,11250.0,11245.0,21.92649885315602,-52.62936376473226,-43.81215329914401,11514.185413229876,11209.814586770124,11362.0,11436.26,-0.00426856380613605,0
2006-01-04,10700.0,11236.0,10700.0,11236.0,59154960,5528,5,11245.0,11236.0,20.977059601378272,-53.884638267007176,-45.82665029271664,11507.277049593675,11195.322950406324,11351.3,11420.28,-0.0034709861160555633,0
2006-01-07,10675.0,11228.0,10675.0,11228.0,49089180,4598,5,11236.0,11228.0,20.142156602587107,-54.892222127571586,-47.639764659687636,11496.92598511058,11182.87401488942,11339.9,11406.98,-0.002760954755967271,0
2006-01-08,10667.0,11205.0,10667.0,11205.0,147743330,13850,10,11228.0,11205.0,17.93236412870978,-56.890845127983994,-49.489980753346906,11486.6220415669,11168.6779584331,11327.65,11393.24,-0.0007139669790272585,0
2006-01-09,10645.0,11203.0,10645.0,11203.0,10139675,952,6,11205.0,11203.0,17.750003613416226,-57.967933289241046,-51.185571260525734,11478.495324507227,11155.004675492773,11316.75,11379.48,-0.0005355708292421602,0
2006-01-10,10643.0,11197.0,10643.0,11197.0,40023220,3760,3,11203.0,11197.0,17.185380878028383,-58.629835030518734,-52.674424014524334,11468.081260457777,11143.118739542224,11305.6,11365.62,0.0,0
2006-01-14,11197.0,11197.0,11197.0,11197.0,819038156,73148,23,11197.0,11197.0,17.185380878028383,-58.48027274769629,-53.835593761158734,11454.794104694927,11134.205895305073,11294.5,11352.14,0.0,0
2006-01-15,11197.0,11197.0,11197.0,11197.0,209193551,18683,12,11197.0,11197.0,17.185380878028383,-57.69665246630939,-54.60780550218887,11439.650120230632,11127.74987976937,11283.7,11339.34,0.0,0
2006-01-16,11197.0,11197.0,11197.0,11197.0,48572586,4338,6,11197.0,11197.0,17.185380878028383,-56.425193243385365,-54.97128305042817,11422.901428325787,11123.598571674213,11273.25,11329.58,0.0,0
2006-01-18,11198.0,11200.0,11197.0,11197.0,33083112,2954,5,11197.0,11197.0,17.185380878028383,-54.78601358732158,-54.934229157806854,11402.789428172087,11122.810571827911,11262.8,11322.74,8.93096365097712e-05,0
2006-01-21,11205.0,11205.0,11197.0,11197.0,22891735,2043,2,11197.0,11197.0,17.185380878028383,-52.87741398684557,-54.5228661236146,11378.54393804755,11126.156061952452,11252.35,11317.64,0.0,0
2006-01-22,11205.0,11756.0,11197.0,11197.0,11277660,1006,3,11197.0,11197.0,17.185380878028383,-50.77948080713759,-53.7741890603192,11348.573145636325,11135.226854363675,11241.9,11313.12,0.0,0
2006-01-23,11213.0,11219.0,11197.0,11197.0,49919157,4452,6,11197.0,11197.0,17.185380878028383,-48.55711742352287,-52.73077473295994,11316.054236169472,11148.445763830528,11232.25,11309.12,0.0,0
2006-01-24,11204.0,11204.0,11197.0,11197.0,68001992,6073,5,11197.0,11197.0,17.185380878028383,-46.262592066861544,-51.43713819974026,11294.366399790431,11155.933600209568,11225.15,11306.62,0.0,0
2006-01-25,11197.0,11198.0,11197.0,11198.0,145729318,13015,8,11197.0,11198.0,18.03205225400555,-43.85790590917168,-49.92129174162655,11273.732629782671,11164.367370217327,11219.05,11304.28,-8.930166101084325e-05,0
2006-01-29,11197.0,11197.0,11197.0,11197.0,11197000,1000,1,11198.0,11197.0,17.835679061321443,-41.553859421987,-48.247805277698646,11261.26221644154,11168.13778355846,11214.7,11301.98,0.0,0
2006-01-30,11197.0,11197.0,11197.0,11197.0,9271116,828,2,11197.0,11197.0,17.835679061321443,-39.27514653975413,-46.45327353010975,11255.316193759621,11168.38380624038,11211.85,11299.68,0.0,0
2006-01-31,11197.0,11197.0,11197.0,11197.0,117176605,10465,4,11197.0,11197.0,17.835679061321443,-37.042250161483025,-44.57106885638441,11248.589726857286,11169.510273142712,11209.05,11297.38,0.0,0
2006-02-01,11197.0,11197.0,11197.0,11197.0,111970000,10000,2,11197.0,11197.0,17.835679061321443,-34.87069601712392,-42.630994288532314,11240.84330615255,11171.756693847448,11206.3,11295.08,0.0,0
2006-02-04,11197.0,11197.0,11197.0,11197.0,2519325,225,1,11197.0,11197.0,17.835679061321443,-32.7719490833133,-40.659185247488516,11231.943285421614,11175.356714578385,11203.65,11292.78,0.0,0
2006-02-05,11197.0,11197.0,11197.0,11197.0,291670653,26049,7,11197.0,11197.0,17.835679061321443,-30.75416217980637,-38.67818063395209,11222.329611000894,11180.170388999106,11201.25,11290.48,0.0,0
2006-02-06,11197.0,11197.0,11197.0,11197.0,268862364,24012,6,11197.0,11197.0,17.835679061321443,-28.822800222018486,-36.707104551565365,11213.128955128606,11185.471044871392,11199.3,11288.18,0.0,0
2006-02-07,11197.0,11197.0,11197.0,11197.0,235472910,21030,4,11197.0,11197.0,17.835679061321443,-26.98115993917054,-34.7619156290864,11201.986744026846,11193.513255973154,11197.75,11285.88,0.0,0
2006-02-12,11197.0,11197.0,11197.0,11197.0,753222190,67270,12,11197.0,11197.0,17.835679061321443,-25.23080176954136,-32.855692857177395,11199.978687875924,11194.721312124077,11197.35,11283.58,0.0,0
2006-02-13,11197.0,11197.0,11197.0,11197.0,1007730000,90000,15,11197.0,11197.0,17.835679061321443,-23.571908026729943,-30.998935891087907,11197.485889835894,11196.614110164104,11197.05,11281.28,0.0,0
2006-02-14,11197.0,11197.0,11197.0,11197.0,871305752,77816,18,11197.0,11197.0,17.835679061321443,-22.00357921938121,-29.19986455674657,11197.485889835894,11196.614110164104,11197.05,11278.98,0.0,0
2006-02-15,11197.0,11197.0,11197.0,11197.0,380272514,33962,10,11197.0,11197.0,17.835679061321443,-20.52407853875775,-27.464707353148803,11197.485889835894,11196.614110164104,11197.05,11276.6,0.0,0
2006-02-18,11197.0,11197.0,11197.0,11197.0,307111316,27428,10,11197.0,11197.0,17.835679061321443,-19.131032950932422,-25.797972472705528,11197.485889835894,11196.614110164104,11197.05,11274.2,0.0,0
2006-02-19,11197.0,11197.0,11197.0,11197.0,336996109,30097,10,11197.0,11197.0,17.835679061321443,-17.821597998068683,-24.20269757777816,11197.485889835894,11196.614110164104,11197.05,11271.7,0.0,0
2006-02-20,11197.0,11197.0,11197.0,11197.0,231777900,20700,8,11197.0,11197.0,17.835679061321443,-16.592592288579908,-22.680676519938512,11197.485889835894,11196.614110164104,11197.05,11269.16,8.93096365097712e-05,0
2006-02-21,11197.0,11197.0,11197.0,11197.0,224611820,20060,6,11197.0,11197.0,17.835679061321443,-15.440606706633844,-21.23266255727758,11197.485889835894,11196.614110164104,11197.05,11264.7,8.93096365097712e-05,0
2006-02-22,11197.0,11197.0,11197.0,11197.0,346043285,30905,9,11197.0,11197.0,17.835679061321443,-14.362092570274399,-19.858548559876944,11197.485889835894,11196.614110164104,11197.05,11259.64,8.93096365097712e-05,0
2006-02-25,11197.0,11197.0,11197.0,11197.0,243624326,21758,6,11197.0,11197.0,17.835679061321443,-13.353432291698482,-18.557525306241253,11197.485889835894,11196.614110164104,11197.05,11254.46,8.93096365097712e-05,0
2006-02-26,11197.0,11197.0,11197.0,11197.0,316494402,28266,8,11197.0,11197.0,17.835679061321443,-12.410995523108795,-17.328219349614763,11197.485889835894,11196.614110164104,11197.05,11249.4,8.93096365097712e-05,0
2006-02-27,11197.0,11420.0,11197.0,11198.0,253344280,22575,9,11197.0,11198.0,21.337653140061633,-11.451411211273808,-16.152857721946575,11197.485889894353,11196.614110105646,11197.05,11244.94,0.0,0
2006-02-28,11198.0,11198.0,11198.0,11198.0,307116348,27426,11,11198.0,11198.0,21.337653140061633,-10.569099728083529,-15.036106123173967,11197.7,11196.5,11197.1,11240.5,0.0,0
2006-03-01,11198.0,11199.0,11198.0,11198.0,308449195,27545,10,11198.0,11198.0,21.337653140061633,-9.757384466574877,-13.98036179185415,11197.864142842855,11196.435857157145,11197.15,11236.08,0.0,0
2006-03-04,11198.0,11199.0,11198.0,11198.0,236491562,21119,8,11198.0,11198.0,21.337653140061633,-9.010229951527435,-12.986335423788809,11198.000000000002,11196.4,11197.2,11231.78,0.0,0
2006-03-05,11198.0,11200.0,11198.0,11198.0,230903776,20620,8,11198.0,11198.0,21.337653140061633,-8.322171799265561,-12.053502698884161,11198.116025403786,11196.383974596214,11197.25,11227.62,0.0,0
2006-03-06,11198.0,11198.0,11198.0,11198.0,222045142,19829,6,11198.0,11198.0,21.337653140061633,-7.688255334682253,-11.180453226043781,11198.216515138993,11196.383484861006,11197.3,11223.46,0.0,0
2006-03-07,11198.0,11198.0,11198.0,11198.0,89584000,8000,2,11198.0,11198.0,21.337653140061633,-7.103981690524961,-10.365158918940017,11198.303939201422,11196.39606079858,11197.35,11219.3,0.0,0
2006-03-08,11198.0,11198.0,11198.0,11198.0,249726598,22301,6,11198.0,11198.0,21.337653140061633,-6.565260383102213,-9.605179211772455,11198.379795897117,11196.420204102882,11197.4,11215.14,0.0,0
2006-03-11,11198.0,11198.0,11198.0,11198.0,217274794,19403,10,11198.0,11198.0,21.337653140061633,-6.068367502550245,-8.897816869928013,11198.444987437113,11196.455012562888,11197.45,11211.3,0.0,0
2006-03-12,11198.0,11198.0,11198.0,11198.0,190086050,16975,8,11198.0,11198.0,21.337653140061633,-5.609908778442332,-8.240235251630878,11198.500000000007,11196.499999999993,11197.5,11208.48,0.0,0
2006-03-13,11198.0,11198.0,11198.0,11198.0,113211780,10110,5,11198.0,11198.0,21.337653140061633,-5.18678688601176,-7.629545578507055,11198.544987437115,11196.555012562883,11197.55,11206.04,0.0,0
2006-03-14,11198.0,11199.0,11198.0,11198.0,172561580,15410,5,11198.0,11198.0,21.337653140061633,-4.796172447371646,-7.062870952279973,11198.579795897123,11196.620204102877,11197.6,11204.32,0.0,0
2006-03-15,11198.0,11198.0,11198.0,11198.0,159929836,14282,4,11198.0,11198.0,21.337653140061633,-4.435478258154035,-6.537392413454786,11198.60393920143,11196.69606079857,11197.65,11203.2,0.0,0
2006-03-18,11198.0,11198.0,11198.0,11198.0,116515190,10405,3,11198.0,11198.0,21.337653140061633,-4.102336334884967,-6.050381197740822,11198.616515139007,11196.783484860995,11197.7,11202.1,0.0,0
2006-03-19,11198.0,11198.0,11198.0,11198.0,111980000,10000,4,11198.0,11198.0,21.337653140061633,-3.7945774339204945,-5.599220444976757,11198.616025403802,11196.883974596198,11197.75,11201.02,0.0,0
2006-03-26,11198.0,11198.0,11198.0,11198.0,111980000,10000,2,11198.0,11198.0,21.337653140061633,-3.5102127401860344,-5.181418904018613,11198.600000000022,11196.999999999976,11197.8,11199.98,0.0,0
2006-03-27,11198.0,11198.0,11198.0,11198.0,111980000,10000,2,11198.0,11198.0,21.337653140061633,-3.2474174645794847,-4.794618616130787,11198.564142842883,11197.135857157118,11197.85,11199.04,0.0,0
2006-03-28,11198.0,11198.0,11198.0,11198.0,111980000,10000,2,11198.0,11198.0,21.337653140061633,-3.004516123695794,-4.436598117643789,11198.500000000038,11197.299999999961,11197.9,11198.28,0.0,0
2006-04-03,11198.0,11198.0,11198.0,11198.0,55990000,5000,1,11198.0,11198.0,21.337653140061633,-2.7799693053548253,-4.105272355185996,11198.385889894413,11197.514110105589,11197.95,11197.68,0.0,0
2006-04-04,11198.0,11198.0,11198.0,11198.0,174778384,15608,4,11198.0,11198.0,21.337653140061633,-2.572361749043921,-3.7986902339575814,11198.000007533448,11197.999992466552,11198.0,11197.54,0.0,0
2006-04-05,11198.0,11198.0,11198.0,11198.0,178496120,15940,5,11198.0,11198.0,21.337653140061633,-2.380391592401793,-3.515030505646424,11198.000007533448,11197.999992466552,11198.0,11197.44,0.0,0
2006-04-08,11198.0,11198.0,11198.0,11198.0,111980000,10000,2,11198.0,11198.0,21.337653140061633,-2.2028606538096938,-3.2525965352790784,11198.000007533448,11197.999992466552,11198.0,11197.46,0.0,0
2006-04-09,11198.0,11198.0,11198.0,11198.0,113301364,10118,3,11198.0,11198.0,21.337653140061633,-2.0386656374903396,-3.009810355721331,11198.000007533448,11197.999992466552,11198.0,11197.48,0.0,0
2006-04-10,11198.0,11198.0,11198.0,11198.0,115608152,10324,3,11198.0,11198.0,21.337653140061633,-1.8867901615976734,-2.7852063168965997,11198.000007533448,11197.999992466552,11198.0,11197.5,0.0,0
2006-04-11,11198.0,11198.0,11198.0,11198.0,116604774,10413,4,11198.0,11198.0,21.337653140061633,-1.7462975219496002,-2.5774245579071997,11198.000007533448,11197.999992466552,11198.0,11197.52,0.0,0
2006-04-12,11198.0,11199.0,11198.0,11198.0,117276892,10473,6,11198.0,11198.0,21.337653140061633,-1.6163241145677603,-2.3852044692393117,11198.000007533448,11197.999992466552,11198.0,11197.54,0.0001786033220216865,0
2006-04-15,11198.0,11198.0,11198.0,11198.0,96269206,8597,5,11198.0,11198.0,21.337653140061633,-1.4960734493579366,-2.2073782652630367,11198.000007533448,11197.999992466552,11198.0,11197.56,0.0001786033220216865,0
2006-04-17,11198.0,11198.0,11198.0,11198.0,116067270,10365,3,11198.0,11198.0,21.337653140061633,-1.3848106951409136,-2.0428647512386124,11198.000007533448,11197.999992466552,11198.0,11197.58,0.0001786033220216865,0
2006-04-18,11198.0,11198.0,11198.0,11198.0,115339400,10300,4,11198.0,11198.0,21.337653140061633,-1.2818577031466702,-1.890663341620224,11198.000007533448,11197.999992466552,11198.0,11197.6,0.0001786033220216865,0
2006-04-19,11420.0,11421.0,11198.0,11198.0,11532650,1010,3,11198.0,11198.0,21.337653140061633,-1.1865884620892757,-1.7498483657140347,11198.000007533448,11197.999992466552,11198.0,11197.62,0.0001786033220216865,0
2006-04-22,11421.0,11421.0,11198.0,11200.0,233922400,20810,9,11198.0,11200.0,55.990842345155905,-0.9388807836294291,-1.5876548492971136,11198.971779788748,11197.228220211253,11198.1,11197.66,0.0,0
2006-04-23,11200.0,11200.0,11200.0,11200.0,217179200,19391,5,11200.0,11200.0,55.990842345155905,-0.7341083200662979,-1.4169455434509506,11199.400000000034,11196.999999999967,11198.2,11197.72,0.0,0
2006-04-24,11200.0,11200.0,11200.0,11200.0,75398400,6732,5,11200.0,11200.0,55.990842345155905,-0.5653081469590688,-1.2466180641525744,11199.72828568574,11196.871714314258,11198.3,11197.78,0.0,0
2006-04-25,11200.0,11200.0,11200.0,11200.0,50232000,4485,6,11200.0,11200.0,55.990842345155905,-0.426615040998513,-1.0826174595217621,11200.000000000031,11196.799999999968,11198.4,11197.84,0.0,0
2006-04-26,11200.0,11200.0,11200.0,11200.0,42952000,3835,3,11200.0,11200.0,55.9908423451559,-0.31309064127344755,-0.9287120958720992,11200.2320508076,11196.7679491924,11198.5,11197.9,0.0007142857142856673,0
2006-04-29,11200.0,11200.0,11200.0,11200.0,12454400,1112,1,11200.0,11200.0,55.99084234515589,-0.22057903873974283,-0.787085484445628,11200.433030278016,11196.766969721984,11198.6,11197.96,0.0006250000000000977,0
2006-04-30,11200.0,11200.0,11200.0,11200.0,5454400,487,1,11200.0,11200.0,55.99084234515589,-0.14558471722557442,-0.6587853310016173,11200.607878402869,11196.792121597133,11198.7,11198.02,0.000535714285714306,0
2006-05-01,11200.0,11201.0,11200.0,11200.0,135061989,12059,10,11200.0,11200.0,55.99084234515589,-0.08516939732544415,-0.5440621442663827,11200.759591794262,11196.840408205737,11198.8,11198.08,0.000535714285714306,0
2006-05-02,11200.0,11424.0,11200.0,11200.0,45390385,4051,4,11200.0,11200.0,55.99084234515589,-0.036864865807729075,-0.442622688574652,11200.88997487425,11196.91002512575,11198.9,11198.14,0.001071428571428612,0
2006-05-03,11200.0,11424.0,11200.0,11208.0,160734864,14076,9,11200.0,11208.0,90.072812236422,0.6395773154745257,-0.22618268776481648,11203.800000000021,11194.999999999978,11199.4,11198.36,0.0019628836545324546,0
2006-05-06,11210.0,11210.0,11202.0,11207.0,16923870,1510,4,11208.0,11207.0,81.56921625267887,1.082492673282104,0.035552384444567625,11205.300688029987,11194.399311970014,11199.85,11198.56,0.004372267332916957,0
2006-05-07,11202.0,11210.0,11202.0,11206.0,58218430,5195,4,11207.0,11206.0,74.04141272485359,1.337397951640014,0.29592149788365696,11206.245831885592,11194.254168114408,11200.25,11198.74,0.004551133321434975,0
2006-05-08,11400.0,11420.0,11206.0,11206.0,20951400,1843,4,11206.0,11206.0,74.0414127248536,1.5218690620167763,0.5411110107102808,11207.046092557202,11194.253907442797,11200.65,11198.92,0.004551133321434975,0
2006-05-09,11430.0,11430.0,11212.0,11212.0,112338541,9829,7,11206.0,11212.0,84.1926883397424,2.12768695120576,0.8584261988093767,11209.306758133836,11193.393241866164,11201.35,11199.22,0.0039243667499107016,0
2006-05-10,11436.0,11436.0,11230.0,11230.0,333432392,29157,12,11212.0,11230.0,93.01616260256463,4.013980887737489,1.4895371365949992,11217.612537297498,11188.287462702503,11202.95,11199.88,0.0024042742653607174,0
2006-05-13,11454.0,11454.0,11256.0,11256.0,481053666,41999,11,11230.0,11256.0,96.26191867799932,7.520177209660687,2.6956651512081367,11233.040255607491,11178.65974439251,11205.85,11201.06,8.884150675192437e-05,0
2006-05-14,11481.0,11481.0,11257.0,11257.0,28799570,2510,3,11256.0,11257.0,96.33251808859502,10.26126917459078,4.208785955884665,11243.663161072986,11173.936838927013,11208.8,11202.26,0.0,0
2006-05-15,11482.0,11482.0,11257.0,11257.0,227390,20,2,11257.0,11257.0,96.33251808859502,12.291910808940884,5.825410926495909,11252.023440379502,11171.476559620498,11211.75,11203.46,0.003198010127032136,0
2006-05-16,11230.0,11256.0,11230.0,11256.0,3256960,290,2,11257.0,11256.0,94.26768691831136,13.663018518944227,7.392932444985574,11258.719377122912,11170.580622877087,11214.65,11204.64,0.0034648187633261607,0
2006-05-17,11237.0,11481.0,11237.0,11257.0,25035080,2191,7,11256.0,11257.0,94.397021677997,14.661316371293651,8.84660923024719,11264.616592815748,11170.583407184253,11217.6,11205.84,0.0033756773563116127,0
2006-05-20,11276.0,11276.0,11257.0,11257.0,225330,20,2,11257.0,11257.0,94.397021677997,15.276378034857771,10.132562991169307,11269.71043036761,11171.189569632392,11220.45,11207.02,0.0033756773563116127,0
2006-05-21,11280.0,11281.0,11257.0,11257.0,15996208,1418,4,11257.0,11257.0,94.397021677997,15.584174175428416,11.222885228021129,11274.07046385451,11172.529536145488,11223.3,11208.2,0.0033756773563116127,0
2006-05-22,11292.0,11482.0,11291.0,11293.0,1019597765,89445,35,11257.0,11293.0,97.21864273158052,18.519522443108144,12.682212671038531,11285.86536929005,11170.034630709952,11227.95,11210.1,0.0019481094483309036,0
2006-05-23,11518.0,11518.0,11295.0,11295.0,50271794,4376,4,11293.0,11295.0,97.2999926041614,20.76779219763739,14.299328576358306,11295.999605054087,11169.400394945915,11232.7,11212.04,0.0019477644975653963,0
2006-05-24,11311.0,11311.0,11295.0,11295.0,7035282,622,2,11295.0,11295.0,97.2999926041614,22.292587108477164,15.897980282782079,11304.375256816867,11170.524743183134,11237.45,11213.98,0.0020362992474545205,0
2006-05-27,11520.0,11520.0,11295.0,11295.0,11632950,1010,2,11295.0,11295.0,97.2999926041614,23.23318041915445,17.365020310056554,11311.269819747877,11173.130180252125,11242.2,11215.92,0.002124833997343867,0
2006-05-28,11520.0,11520.0,11295.0,11295.0,12036150,1045,2,11295.0,11295.0,97.2999926041614,23.70534691134708,18.63308563031466,11316.81980749941,11177.08019250059,11246.95,11217.86,0.002124833997343867,0
2006-05-29,11520.0,11520.0,11315.0,11315.0,369594110,32083,20,11295.0,11315.0,98.06229400188714,25.400573115639418,19.98658312737961,11325.052194161652,11180.34780583835,11252.7,11220.2,0.00035351303579322924,0
2006-05-30,11541.0,11541.0,11317.0,11317.0,40899064,3544,8,11315.0,11317.0,98.11947165551263,26.59882073307199,21.30903064851809,11331.826121622296,11185.273878377702,11258.55,11222.58,0.020058319342582065,0
2006-05-31,11543.0,11543.0,11318.0,11318.0,33160704,2873,5,11317.0,11318.0,98.14888380828637,27.314270339513314,22.510078586717135,11337.83475452291,11190.265245477089,11264.05,11224.98,0.02544619190669728,0
2006-06-03,11544.0,11544.0,11319.0,11319.0,36692774,3190,7,11318.0,11319.0,98.17954656432043,27.643306124165974,23.536724094206903,11342.256542404983,11197.043457595017,11269.65,11227.4,0.026150720028271124,0
2006-06-06,11310.0,11500.0,11310.0,11319.0,11230690,985,3,11319.0,11319.0,98.17954656432043,27.586074261726026,24.346594127710727,11344.732269154962,11205.867730845037,11275.3,11229.82,0.04664723032069973,0
2006-06-07,11500.0,11500.0,11319.0,11319.0,5288190,460,5,11319.0,11319.0,98.17954656432043,27.226863266801956,24.922647955528973,11345.09506995871,11216.804930041291,11280.95,11232.24,0.06749712872161862,1
2006-06-10,11545.0,11545.0,11540.0,11544.0,5431063680,470426,51,11319.0,11544.0,99.67807731388179,44.58387045577365,28.85489245557791,11423.647541609696,11171.452458390302,11297.55,11239.16,0.16683991683991684,1
2006-06-11,11774.0,11774.0,11606.0,11606.0,8451210684,717786,29,11544.0,11606.0,99.74127700654698,62.62045591202332,35.608005146866994,11496.911651521055,11135.788348478945,11316.35,11247.32,0.16396691366534544,1
2006-06-12,11838.0,11838.0,11615.0,11615.0,177686150,15010,4,11606.0,11615.0,99.74898082061183,76.75600912233676,43.837605941960945,11554.353720713858,11114.24627928614,11334.3,11255.66,0.16263452432199732,1
2006-06-13,11847.0,11847.0,11847.0,11847.0,21823560099,1842117,129,11615.0,11847.0,99.86257651656929,105.46328290110432,56.162741333789626,11674.15437809062,11053.445621909379,11363.8,11268.64,0.11707605300920054,1
2006-06-14,12083.0,12083.0,12083.0,12083.0,4972456575,411525,111,11847.0,12083.0,99.90812409572109,145.5790867687865,74.046010420789,11841.752676620697,10968.447323379303,11405.1,11286.34,0.098568236365141,1
2006-06-21,12690.0,13898.0,11170.0,13470.0,1764386773,130985,70,12083.0,13470.0,99.9703410737008,285.9937013458184,116.43554860579489,12510.769265857005,10520.830734142994,11515.8,11331.78,-0.014996288047512962,0
2006-06-24,13739.0,13739.0,13470.0,13509.0,1735726235,127832,45,13470.0,13509.0,99.97093703765704,395.8570751443949,172.31985391351492,12940.048794456823,10316.751205543176,11628.4,11378.0,-0.024428159005107752,0
2006-06-25,13608.0,13653.0,13239.0,13504.0,949386928,70398,56,13509.0,13504.0,99.69435420840313,477.0223158681292,233.2603463044378,13272.389627980436,10209.110372019564,11740.75,11424.12,-0.023548578199052095,0
2006-06-26,13234.0,13235.0,13234.0,13234.0,10036956948,758422,65,13504.0,13234.0,85.87749689583842,513.6387031489121,289.33601767333266,13484.589653462921,10194.61034653708,11839.6,11464.84,-0.00355145836481785,0
2006-06-27,13490.0,13498.0,13000.0,13274.0,3817991226,287419,47,13234.0,13274.0,86.18301221555858,539.6642065381402,339.40165544629417,13676.031279397263,10201.268720602737,11938.65,11506.36,-0.0006026819346089951,0
2006-06-28,13009.0,13300.0,13009.0,13268.0,7628427162,574281,31,13274.0,13268.0,85.88288603177601,553.4259062700057,382.2065056110365,13840.115475859933,10234.484524140065,12037.3,11547.76,0.019746759119686486,0
2006-07-01,13037.0,13179.0,13003.0,13179.0,1863373122,142796,42,13268.0,13179.0,81.35702992530814,550.8013017149715,415.92546483182355,13965.932609827923,10297.067390172077,12131.5,11587.38,0.02617801047120416,0
2006-07-02,13040.0,13300.0,13039.0,13186.0,4816019260,363130,17,13179.0,13186.0,81.43987519590866,543.0264542520254,441.34566271586397,14073.16444962138,10378.93555037862,12226.05,11627.14,0.025329895343546127,0
2006-07-03,13300.0,13449.0,13187.0,13187.0,43819020,3292,6,13186.0,13187.0,81.45255531540339,530.8264859633691,459.24182736536505,14161.125294591075,10480.174705408925,12320.65,11666.92,0.024948813225146083,0
2006-07-04,13450.0,13450.0,13266.0,13266.0,1435360799,106721,47,13187.0,13266.0,82.47138553405912,521.5207958686879,471.6976210660296,14241.865605312585,10594.534394687416,12418.2,11708.28,0.01892054877129512,0
2006-07-05,13531.0,13531.0,13529.0,13530.0,5776282904,426894,79,13266.0,13530.0,85.36461791557544,529.3465851578239,483.2274138843885,14340.333952454486,10717.366047545514,12528.85,11754.92,-0.0012564671101256142,0
2006-07-08,13500.0,13524.0,13500.0,13524.0,895995240,66370,12,13530.0,13524.0,85.02114327667606,528.9668293569175,492.37529697889437,14410.489298384173,10867.810701615826,12639.15,11801.44,-0.003401360544217691,0
2006-07-09,13258.0,13520.0,13257.0,13520.0,66319988,4988,7,13524.0,13520.0,84.77624576103358,522.3220995487209,498.3646574928597,14450.910621698105,11047.489378301896,12749.2,11847.84,-0.0076183431952662195,0
2006-07-10,13257.0,13516.0,13257.0,13516.0,84785349,6373,11,13520.0,13516.0,84.51408287750588,510.8446377383261,500.860653541953,14457.816083578256,11260.283916421742,12859.05,11894.16,-0.008508434448061597,0
2006-07-11,13497.0,13757.0,13489.0,13517.0,155439158,11455,17,13516.0,13517.0,84.52696529046145,496.11050512062684,499.9106238576878,14424.961603662612,11512.93839633739,12968.95,11940.5,-0.008433824073389107,0
2006-07-12,13499.0,13515.0,13403.0,13513.0,708413123,52502,30,13517.0,13513.0,84.22514618047002,478.59389973501493,495.64727903315327,14384.328912280454,11750.471087719545,13067.4,11986.76,-0.00814030933175458,0
2006-07-15,13503.0,13503.0,13243.0,13478.0,607772328,45886,16,13513.0,13478.0,81.48348496461513,456.6239792792221,487.84261908236704,14303.732864671438,12018.267135328562,13161.0,12032.32,-0.005342038878171862,0
2006-07-16,13489.0,13489.0,13209.0,13417.0,1085808678,82145,37,13478.0,13417.0,76.79175424577377,429.3412896995651,476.14235320580667,14150.238676734685,12351.961323265316,13251.1,12076.66,0.00029812923902516886,0
2006-07-17,13394.0,13401.0,13172.0,13401.0,323324360,24510,16,13417.0,13401.0,75.56277036717846,401.79683159926753,461.27324888449886,13956.889038274197,12700.710961725801,13328.8,12120.68,0.0017162898291172013,0
2006-07-18,13411.0,13497.0,13398.0,13403.0,390569566,29066,25,13401.0,13403.0,75.61530474896111,375.7970785964808,444.17801482689526,13655.125642225681,13134.474357774317,13394.8,12164.74,0.0015668133999851008,0
2006-07-19,13403.0,13403.0,13403.0,13403.0,75257845,5615,2,13403.0,13403.0,75.61530474896111,351.1443139521707,425.5712746519504,13649.533300506278,13133.366699493723,13391.45,12208.8,0.0015668133999851008,0
2006-07-22,13403.0,13671.0,13403.0,13406.0,83054380,6104,14,13403.0,13406.0,75.70615966986766,328.06714149349864,406.07044802026,13638.846312584865,13133.753687415134,13386.3,12252.76,0.021333731165150027,0
2006-07-23,13674.0,13674.0,13421.0,13421.0,288672388,21112,11,13406.0,13421.0,76.18396961588456,307.4446600345,386.34529042310805,13629.497751152527,13134.802248847473,13382.15,12297.04,0.419119290663885,1
2006-07-24,13689.0,13689.0,13424.0,13424.0,62966750,4600,4,13421.0,13424.0,76.28443286202787,288.02311860611553,366.6808560597096,13629.936613136813,13153.363386863186,13391.65,12341.4,0.39727353992848635,1
2006-07-25,13692.0,13692.0,13424.0,13424.0,9075116,663,3,13424.0,13424.0,76.28443286202787,269.5244964772555,347.2495841432188,13631.521491367193,13166.778508632806,13399.15,12385.76,0.39138855780691295,1
2006-07-26,13692.0,13692.0,13424.0,13424.0,14853140,1085,3,13424.0,13424.0,76.28443286202787,251.9597697782665,328.1916212702284,13631.530920828585,13182.369079171416,13406.95,12430.0,0.4024135876042909,1
2006-07-30,13692.0,13692.0,13692.0,13692.0,4819584000,352000,102,13424.0,13692.0,83.87417906497886,256.70581273742573,313.8944595636679,13664.253534400443,13200.946465599558,13432.6,12479.24,0.373575810692375,1
2006-08-06,19320.0,19990.0,18400.0,19046.0,16933702644,889086,415,13692.0,19046.0,97.95494791140892,684.5985151955974,388.03527069005384,16175.121781899528,11276.078218100472,13725.6,12635.04,-0.012811088942560112,0
2006-08-07,19001.0,19380.0,18666.0,18757.0,9241653857,492697,240,19046.0,18757.0,93.2230848743284,988.9862619625928,508.2254689445616,17274.40383297948,10733.796167020524,14004.1,12785.04,0.017220237777896275,0
2006-08-09,18594.0,18988.0,18382.0,18678.0,4570711532,245147,147,18757.0,18678.0,91.91597908828174,1209.894197327476,648.5592146211445,18103.812121628234,10445.587878371767,14274.7,12933.46,0.03662062319306125,0
2006-08-12,19010.0,19051.0,18677.0,18826.0,3295419183,173627,94,18678.0,18826.0,92.13837106539904,1380.9885148090489,795.0450746587254,18830.60407704128,10248.39592295872,14539.5,13084.86,0.02921491554233513,0
2006-08-13,18700.0,18826.0,18622.0,18807.0,5186742161,275858,60,18826.0,18807.0,91.78926279425743,1497.7833388779854,935.5927275025774,19448.05916694474,10159.240833055263,14803.65,13235.86,0.03259424682299139,0
2006-08-14,18746.0,18802.0,18530.0,18802.0,182782653,9807,15,18807.0,18802.0,91.69080582010466,1571.821638773843,1062.8385097568307,19982.966205824556,10152.533794175444,15067.75,13386.76,0.03504946282310395,0
2006-08-15,19178.0,19178.0,18698.0,19080.0,5367327805,280241,121,18802.0,19080.0,92.19226885849058,1634.0929946606375,1177.089406737592,20502.287245564952,10189.61275443505,15345.95,13543.22,0.02599580712788252,0
2006-08-16,19461.0,19461.0,19362.0,19362.0,5075727859,260821,88,19080.0,19362.0,92.67517869263447,1686.7546781085766,1279.0224610117891,21005.032719584276,10271.367280415723,15638.2,13704.6,0.012447061254002634,0
2006-08-19,19400.0,19746.0,19300.0,19376.0,6530574318,337970,46,19362.0,19376.0,92.69932040655354,1709.9083653899106,1365.1996418874135,21440.440715354067,10422.259284645932,15931.35,13866.22,0.011921965317919003,0
2006-08-20,19506.0,19669.0,19403.0,19420.0,4271121719,218984,55,19376.0,19420.0,92.77986303992226,1712.0725549648614,1434.574224502903,21816.59436016111,10640.30563983889,16228.45,14028.72,0.012512873326467666,0
2006-08-21,19450.0,19808.0,19450.0,19461.0,1037049180,52655,40,19420.0,19461.0,92.8589203938144,1697.5280020111604,1487.1649800045545,22131.63952953855,10929.660470461455,16530.65,14192.04,0.025024407789938863,0
2006-08-23,19736.0,19850.0,19500.0,19576.0,7960024899,406342,61,19461.0,19576.0,93.08754747242158,1675.9614377082762,1524.924271545299,22396.887468272012,11281.91253172799,16839.4,14357.66,0.022067838169186782,0
2006-08-26,19967.0,19967.0,19603.0,19603.0,4457194627,224901,22,19576.0,19603.0,93.14305413562683,1642.1191273546392,1548.363242707167,22596.141682877984,11702.658317122019,17149.4,14523.42,0.021119216446462197,0
2006-08-27,19995.0,19995.0,19607.0,19607.0,80555975,4029,8,19603.0,19607.0,93.15182754829672,1597.20997676584,1558.1325895189018,22721.05947052721,12198.140529472788,17459.6,14689.22,0.021573927678890215,0
2006-08-28,19999.0,19999.0,19663.0,19663.0,1013225976,50664,26,19607.0,19663.0,93.2814341530518,1548.2901581932383,1556.164103253769,22770.06092823366,12774.839071766342,17772.45,14856.12,0.018969638407160705,0
2006-08-29,20056.0,20056.0,19948.0,19948.0,5127997224,255684,96,19663.0,19948.0,93.9128401052244,1515.053375457519,1547.9419576945193,22758.16453177904,13439.43546822096,18098.8,15028.7,0.005614597954682221,0
2006-08-30,20346.0,20346.0,20008.0,20008.0,1081386520,53150,20,19948.0,20008.0,94.03983362216411,1476.5339203174808,1533.6603502191117,22627.3386622182,14228.661337781801,18428.0,15202.48,0.00284886045581767,0
2006-09-02,20408.0,20408.0,20017.0,20017.0,172157978,8436,7,20008.0,20017.0,94.05985251300551,1430.2462113579932,1512.977522446888,22320.89988037614,15194.400119623864,18757.65,15376.44,0.0028975370934705147,0
2006-09-03,20417.0,20417.0,20030.0,20030.0,241835495,11845,9,20017.0,20030.0,94.0907271031511,1378.7188472289563,1486.1257874033017,21713.70090021894,16462.19909978106,19087.95,15546.16,0.0026959560659012283,0
2006-09-04,20430.0,20430.0,20036.0,20036.0,110481500,5408,5,20030.0,20036.0,94.10595395347778,1323.1151420312344,1453.5236583288884,20326.349712332023,18483.95028766798,19405.15,15714.76,0.0024955080854462963,0
2006-09-05,20436.0,20436.0,20060.0,20060.0,433668596,21221,15,20036.0,20060.0,94.1706592967924,1266.387280215,1416.0963827061107,20403.634210672768,18508.06578932723,19455.85,15883.66,0.001994017946161497,0
2006-09-06,20461.0,20461.0,20065.0,20065.0,107191219,5239,6,20060.0,20065.0,94.18498187295356,1207.9094707553886,1374.4590003159663,20447.382144999086,18595.117855000914,19521.25,16048.02,0.0021928731622227193,0
2006-09-10,20466.0,20466.0,20075.0,20075.0,183166790,8950,13,20065.0,20075.0,94.21559271278576,1149.1258938767132,1329.3923790281158,20461.340403567094,18720.859596432903,19591.1,16207.86,0.0020423412204233493,0
2006-09-11,20476.0,20476.0,20084.0,20084.0,171564484,8379,12,20075.0,20084.0,94.24495568653893,1090.6928818620581,1281.6524795949044,20474.37016035484,18833.62983964516,19654.0,16340.14,0.0020912168890658833,0
2006-09-12,20485.0,20485.0,20086.0,20086.0,37524530,1832,5,20084.0,20086.0,94.2519385691762,1032.6420276413264,1231.8503892041888,20459.901339375185,18975.998660624817,19717.95,16471.68,0.0019914368216669143,0
2006-09-13,20487.0,20487.0,20100.0,20100.0,266532000,13010,13,20086.0,20100.0,94.30403834459213,976.5093979511039,1180.782190953572,20411.374709140884,19154.325290859113,19782.85,16603.6,0.001442786069651758,0
2006-09-16,20502.0,20502.0,20109.0,20109.0,176805318,8624,15,20100.0,20109.0,94.33955761055077,922.1204784165893,1129.0498484461755,20388.312671335807,19280.28732866419,19834.3,16741.1,0.0010940374956487364,0
2006-09-17,20511.0,20511.0,20116.0,20116.0,141460417,6897,17,20109.0,20116.0,94.36896964105931,869.5579861497572,1077.151475986892,20394.017624224165,19349.982375775835,19872.0,16877.94,0.0008450984291110686,0
2006-09-18,20518.0,20518.0,20126.0,20126.0,182893532,8914,17,20116.0,20126.0,94.41362681346598,819.2647744176247,1025.5741356730387,20389.684756110233,19429.315243889767,19909.5,17015.1,0.0009440524694424024,0
2006-09-19,20528.0,20528.0,20126.0,20126.0,7386060,360,3,20126.0,20126.0,94.41362681346598,770.524910246666,974.5642905877642,20377.287502710362,19512.312497289637,19944.8,17154.04,0.0034780880453144647,0
2006-09-20,20528.0,20528.0,20129.0,20129.0,65028714,3168,7,20126.0,20129.0,94.42899870223836,723.7968125600528,924.4107949822219,20355.76673582381,19600.63326417619,19978.2,17292.9,0.0059615480153012435,0
2006-09-23,20531.0,20531.0,20131.0,20131.0,39497644,1924,8,20129.0,20131.0,94.43998286206096,679.0976270499123,875.34816139576,20340.304587228362,19671.59541277164,20005.95,17431.78,0.006159654264566994,0
2006-09-24,20533.0,20533.0,20133.0,20133.0,41267330,2010,3,20131.0,20133.0,94.4517636197364,636.497437524311,827.5780166214703,20314.830222396417,19750.069777603585,20032.45,17569.12,0.006606069636914569,0
2006-09-25,20535.0,20535.0,20145.0,20145.0,227380155,11073,7,20133.0,20145.0,94.52669822439783,596.8249535652285,781.427404010222,20267.13861855417,19851.561381445827,20059.35,17701.42,0.006105733432613558,0
2006-09-26,20547.0,20547.0,20196.0,20196.0,924364926,44988,29,20145.0,20196.0,94.84533888699212,563.0094752090772,737.743818249993,20198.47755331911,19973.52244668089,20086.0,17834.86,0.0036145771439888286,0
2006-09-27,20599.0,20599.0,20249.0,20249.0,956861248,46452,26,20196.0,20249.0,95.1606431394643,534.327724642757,697.0605995285457,20216.15946963936,19985.94053036064,20101.05,17969.44,0.020988690799545573,0
2006-09-30,20653.0,20653.0,20255.0,20255.0,115590861,5597,9,20249.0,20255.0,95.19646521242278,506.24569528575375,658.8976186799873,20238.49420450467,19988.305795495333,20113.4,18104.22,0.02083436188595411,0
2006-10-01,20660.0,20660.0,20266.0,20266.0,212029640,10263,6,20255.0,20266.0,95.2656561130922,479.3524164985174,622.9885782436934,20259.36894996837,19992.331050031626,20125.85,18239.2,0.04065923221158596,0
2006-10-02,20671.0,20671.0,20268.0,20268.0,46236997,2237,6,20266.0,20268.0,95.2789712819943,452.9790223888813,588.986667072731,20277.266128102303,19998.233871897697,20137.75,18374.3,0.04129662522202482,0
2006-10-03,20673.0,20673.0,20269.0,20269.0,31170844,1508,4,20268.0,20269.0,95.28611001287146,427.23372475438737,556.6360786090623,20291.86599594521,20006.934004054794,20149.4,18510.12,0.050273817159208534,1
2006-10-04,20674.0,20674.0,20674.0,20674.0,8610576282,416493,123,20269.0,20674.0,97.15947575640519,434.5018394310209,532.2092307734541,20444.6168425652,19915.583157434798,20180.1,18655.26,0.02287897842700981,0
2006-10-07,21087.0,21087.0,20677.0,20677.0,57331453,2719,8,20674.0,20677.0,97.16845248099298,435.4839595972553,512.8641765382145,20546.789333363417,19874.610666636585,20210.7,18800.78,0.013154712966097604,0
2006-10-08,21090.0,21090.0,21090.0,21090.0,10189781130,483157,185,20677.0,21090.0,98.07184264017,464.2365157434797,503.1386443792675,20765.0416897653,19757.8583102347,20261.45,18954.52,-0.013181602655286895,0
2006-10-09,21511.0,21511.0,21105.0,21105.0,273465283,12713,11,21090.0,21105.0,98.0956074241824,482.66958376980256,499.04483225737454,20928.29038641463,19696.70961358537,20312.5,19108.56,-0.02316986496090978,0
2006-10-10,21527.0,21527.0,20685.0,21288.0,15182733985,713195,281,21105.0,21288.0,98.36101372447072,506.20922870472714,500.4777115468451,21110.712024018496,19634.4879759815,20372.6,19266.2,-0.03180195415257425,0
2006-10-11,20863.0,21200.0,20863.0,21147.0,2613480473,125096,59,21288.0,21147.0,88.16556279465287,507.63534107591477,501.90923745265906,21224.277335952356,19625.622664047645,20424.95,19420.72,-0.025866553175391327,0
2006-10-14,20729.0,20949.0,20725.0,20949.0,3498409500,168735,79,21147.0,20949.0,76.21818002100991,487.1727756564651,498.96194509342024,21283.54597721315,19650.35402278685,20466.95,19571.22,-0.014368227600362826,0
2006-10-16,20671.0,20812.0,20531.0,20812.0,2370431822,115452,41,20949.0,20812.0,69.227893590246,454.66024975054825,490.10160602484586,21314.8696406438,19688.6303593562,20501.75,19718.98,-0.0021141649048626032,0
2006-10-17,20396.0,21000.0,20396.0,20616.0,3711486417,181648,126,20812.0,20616.0,60.65680272199086,408.3708320208425,473.7554512240452,21321.948152568362,19730.551847431638,20526.25,19862.82,0.008246022506790851,0
2006-10-18,20616.0,20707.0,20261.0,20611.0,428696895,20884,36,20616.0,20611.0,60.45118600337488,367.05153514405174,452.41466800804653,21325.212720949326,19775.787279050674,20550.5,20001.2,0.0075202561738876295,0
2006-10-21,20612.0,20613.0,20300.0,20600.0,496536518,24280,22,20611.0,20600.0,59.96955206853593,329.61845029592223,427.8554244656217,21324.329274670912,19823.770725329086,20574.05,20032.28,0.007378640776698919,0
2006-10-22,21010.0,21012.0,20648.0,20648.0,861839154,41017,21,20600.0,20648.0,61.41423519806142,300.36325902977114,402.35699137845165,21322.451838971236,19877.348161028767,20599.9,20070.1,0.002808988764045006,0
2006-10-23,21060.0,21060.0,20768.0,20768.0,2159808560,102558,35,20648.0,20768.0,64.8313713097316,283.5922315815915,378.60403941907964,21324.543433365274,19938.75656663473,20631.65,20111.9,-0.0038520801232665436,0
2006-10-28,21183.0,21183.0,20770.0,20786.0,764984944,36530,39,20768.0,20786.0,65.32738955078716,268.6566148449092,356.6145545042456,21322.024874207804,20005.375125792198,20663.7,20151.1,-0.00505147695564323,0
2006-10-29,20500.0,20766.0,20373.0,20766.0,369783483,18135,16,20786.0,20766.0,64.243184446344,252.29786538061308,335.75121667951913,21315.48728528723,20068.912714712773,20692.2,20190.28,-0.004863719541558287,0
2006-10-30,20400.0,20773.0,20367.0,20752.0,815514005,39501,33,20766.0,20752.0,63.44935703340081,235.48918286151456,315.6988099159182,21306.745376636707,20127.95462336329,20717.35,20229.28,-0.004433307632999206,0
2006-10-31,20342.0,20706.0,20337.0,20706.0,791437545,38915,23,20752.0,20706.0,60.791354846737576,215.96683407462478,295.75241474765954,21290.013770051915,20189.786229948088,20739.9,20261.8,0.0006761325219744041,0
2006-11-01,20706.0,20800.0,20501.0,20688.0,1338481578,64937,26,20706.0,20688.0,59.73679940923571,196.77448862535675,275.956829523199,21267.425512786165,20254.574487213835,20761.0,20288.32,0.02155839133797377,0
2006-11-04,20339.0,20789.0,20275.0,20681.0,403424570,19623,19,20688.0,20681.0,59.305939583061836,178.93690186453023,256.5528439914653,21237.096275647014,20326.20372435299,20781.65,20314.42,0.04230936608481217,0
2006-11-05,20900.0,20900.0,20500.0,20665.0,677658798,33042,20,20681.0,20665.0,58.271378892572066,161.64606435260794,237.57148806369383,21196.44694935624,20406.453050643762,20801.45,20339.32,0.05221388821679174,1
2006-11-06,20500.0,21000.0,20500.0,20660.0,932193451,45199,29,20665.0,20660.0,57.93127969353675,145.85813109565788,219.22881667008667,21196.69639788832,20404.80360211168,20800.75,20363.3,0.07274927395934183,1
2006-11-07,21070.0,21073.0,20660.0,20720.0,1100924216,52262,38,20660.0,20720.0,60.88177787890627,136.61279157986428,202.7056116520422,21196.595770869764,20409.20422913024,20802.9,20386.18,0.08325289575289574,1
2006-11-08,21134.0,21134.0,21134.0,21134.0,7575672506,358459,92,20720.0,21134.0,74.28392758158834,160.83809205518264,194.3321077326703,21205.621110555654,20404.578889444343,20805.1,20416.8,0.06264786599791794,1
2006-11-11,21556.0,21556.0,21556.0,21556.0,7622201600,353600,58,21134.0,21556.0,81.31222046950037,211.64893325886442,197.79547283790913,21330.805353743493,20324.49464625651,20827.65,20455.78,0.06267396548524773,1
2006-11-12,21987.0,21987.0,21744.0,21744.0,3375221940,153510,71,21556.0,21744.0,83.47854529683306,264.0431942217583,211.04501711467898,21464.160835818257,20236.739164181745,20850.45,20497.4,0.053623988226637165,1
2006-11-13,22178.0,22178.0,22163.0,22163.0,7535795936,339787,106,21744.0,22163.0,87.07475828884654,335.50829105340745,235.9376719024247,21733.88890733063,20068.61109266937,20901.25,20541.7,0.054369895772232946,1
2006-11-14,22606.0,22606.0,22445.0,22445.0,5058226526,223756,105,22163.0,22445.0,88.83606219664591,410.1717339721836,270.7844843163765,22047.070163209242,19905.029836790756,20976.05,20590.44,0.059389619068835,1
2006-11-15,22893.0,22893.0,22458.0,22458.0,242890380,10610,11,22445.0,22458.0,88.91107990730546,465.031448692338,309.63387719156884,22304.882675063418,19811.81732493658,21058.35,20639.26,0.07988244723483828,1
2006-11-18,22907.0,22907.0,22907.0,22907.0,8246428372,359996,149,22458.0,22907.0,91.12843116650862,538.530866792833,355.4132751118217,22637.728850071155,19708.071149928848,21172.9,20696.8,0.06198978478194439,1
2006-11-19,23365.0,23365.0,22910.0,22910.0,60160325,2575,7,22907.0,22910.0,91.14117736996272,590.2180933183772,402.3742387531328,22910.571944758496,19665.1280552415,21287.85,20754.28,0.0824094281972938,1
2006-11-20,23368.0,23368.0,23368.0,23368.0,8768070856,375217,172,22910.0,23368.0,92.83392014842214,660.5232640341856,454.0040438093434,23250.36226354104,19602.13773645896,21426.25,20820.44,0.08237761040739477,1
2006-11-21,23835.0,23835.0,23370.0,23778.0,17432980158,733136,342,23368.0,23778.0,93.94865144478396,740.7848848054455,511.36021200856385,23635.657097264957,19529.842902735043,21582.75,20894.7,0.08495247707965348,1
2006-11-22,24253.0,24253.0,24252.0,24252.0,9860458741,406567,209,23778.0,24252.0,94.93047791905954,833.0378938449685,575.6957483758448,24077.566424573622,19436.33357542638,21756.95,20978.24,0.08498268184067292,1
2006-11-25,24736.0,24736.0,24327.0,24327.0,1565207773,63446,77,24252.0,24327.0,95.06686498189497,901.8054890315543,640.9176965069868,24462.310977708414,19405.689022291586,21934.0,21063.1,0.10325975253833186,1
2006-11-26,24813.0,24813.0,24641.0,24798.0,17981830703,725107,220,24327.0,24798.0,95.8262720315305,982.9788984907682,709.3299369037431,24891.94550809598,19379.254491904016,22135.6,21157.34,0.10391967094120491,1
2006-11-27,25293.0,25293.0,25293.0,25293.0,19785828645,782265,210,24798.0,25293.0,96.44555895863549,1074.8614398221653,782.4362374874277,25363.01646261768,19362.28353738232,22362.65,21261.2,0.10394180207962678,1
2006-11-28,25798.0,25798.0,25798.0,25798.0,15482953478,600161,208,25293.0,25798.0,96.94378116748075,1174.8849529470826,860.9259805793588,25865.994734509157,19368.505265490843,22617.25,21374.98,0.09256531514070865,1
2006-11-29,26313.0,26313.0,26313.0,26313.0,15789115650,600050,243,25798.0,26313.0,97.35149309091905,1280.9445720284639,944.9296988691799,26394.962297809172,19402.037702190828,22898.5,21498.92,0.09227378102078809,1
2006-12-02,26839.0,26839.0,26839.0,26839.0,46169091936,1720224,581,26313.0,26839.0,97.69039218221398,1391.4021702030077,1034.2241931359454,26943.79023383979,19469.009766160212,23206.4,21633.18,0.09225380975446185,1
2006-12-03,27375.0,27375.0,27375.0,27375.0,11937361500,436068,147,26839.0,27375.0,97.974776693737,1504.8444232434267,1128.3482391574416,27504.417780401884,19579.38221959812,23541.9,21778.16,0.09223744292237446,1
2006-12-04,27922.0,27922.0,27922.0,27922.0,23415724264,838612,357,27375.0,27922.0,98.21617154664477,1620.2097847623481,1226.720548278423,28070.353094276776,19739.646905723224,23905.0,21934.02,0.07596160733471824,1
2006-12-05,28480.0,28480.0,27502.0,28186.0,79383214094,2818966,1153,27922.0,28186.0,98.32023650434218,1713.1916516531019,1324.0147689533587,28571.23629582377,19985.363704176227,24278.3,22095.12,0.056410984176541445,1
2006-12-06,28470.0,28749.0,28186.0,28741.0,45166247637,1571454,667,28186.0,28741.0,98.51621010568495,1810.7906453520882,1421.369944233105,29114.707821662683,20202.59217833732,24658.65,22267.28,0.055739187919696676,1
2006-12-09,29315.0,29315.0,29315.0,29315.0,30330882010,1034654,352,28741.0,29315.0,98.68684540719681,1912.4104763658033,1519.5780506596445,29701.2172946872,20391.982705312796,25046.6,22450.68,0.055705270339416746,1
2006-12-10,29901.0,29901.0,29320.0,29900.0,160046988275,5352603,1434,29315.0,29900.0,98.83401500226047,2016.8999681700989,1619.0424341617354,30305.165275706633,20603.63472429337,25454.4,22644.76,0.05541806020066886,1
2006-12-11,29999.0,30400.0,29907.0,30043.0,15401645422,512802,363,29900.0,30043.0,98.86742930573193,2087.1877470119834,1712.6714967317853,30843.73451932914,20853.065480670863,25848.4,22840.64,0.06816895782711452,1
2006-12-12,30100.0,30100.0,29443.0,29776.0,29188147245,977642,469,30043.0,29776.0,93.48074501977207,2097.1717589591935,1789.5715491772671,31233.36741886835,21196.53258113165,26214.95,23031.06,0.0695862439548629,1
2006-12-13,29870.0,30371.0,29695.0,30343.0,37511633287,1236226,477,29776.0,30343.0,94.20305548130438,2126.3253665080374,1856.9223126434213,31623.978742876032,21594.42125712397,26609.2,23232.6,0.04337079392281584,0
2006-12-16,30949.0,30949.0,30947.0,30948.0,14572129346,470844,296,30343.0,30948.0,94.85774654810437,2173.196992177269,1920.1772485501908,32063.497930377263,21959.002069622737,27011.25,23446.2,0.021713842574641262,0
2006-12-17,31566.0,31566.0,31300.0,31557.0,107533866234,3407559,1265,30948.0,31557.0,95.41863760935306,2233.735194713823,1982.8888377829173,32497.926993774876,22389.27300622512,27443.6,23671.96,0.0019330101086922902,0
2006-12-18,32188.0,32188.0,31489.0,32091.0,12129121586,377958,395,31557.0,32091.0,95.84644979659788,2298.3080292400264,2045.9726760743392,32957.43415224908,22802.06584775092,27879.75,23900.3,-0.01486398055529592,0
2006-12-19,31900.0,32000.0,31450.0,31848.0,6362577755,200933,274,32091.0,31848.0,91.65222947833942,2303.323121484318,2097.442765156335,33274.85879376594,23291.64120623406,28283.25,24123.72,-0.027191660386837513,0
2006-12-20,31212.0,31659.0,31212.0,31659.0,3260441202,104461,64,31848.0,31659.0,88.41163386904809,2265.926705191563,2131.1395531633807,33490.589162692166,23816.610837307828,28653.6,24335.1,-0.021952683281215468,0
2006-12-23,31026.0,31620.0,31026.0,31620.0,667375200,21510,12,31659.0,31620.0,87.72237923623653,2207.6938809714084,2146.4504187249863,33587.77929195136,24448.720708048637,29018.25,24545.4,-0.02103099304237821,0
2006-12-24,30988.0,31618.0,30988.0,31618.0,35022740,1130,3,31620.0,31618.0,87.68462690213507,2136.7514246055143,2144.510619901092,33625.9948892571,25092.505110742903,29359.25,24752.0,-0.021032323360111294,0
2006-12-27,30986.0,31614.0,30986.0,31614.0,78307902,2527,5,31618.0,31614.0,87.60342444558705,2056.5001961182134,2126.9085351445165,33614.2672809001,25736.332719099893,29675.3,24961.34,-0.02094008983361806,0
2007-01-02,30982.0,30982.0,30982.0,30982.0,11091556000,358000,102,31614.0,30982.0,75.67839660058799,1919.7734479174105,2085.481517699095,33481.54476994604,26387.455230053958,29934.5,25162.0,-0.0021302691885610736,0
2007-01-03,30363.0,30964.0,30363.0,30964.0,304243270,10020,8,30982.0,30964.0,75.36373709593013,1789.337694222566,2026.2527530037892,33322.06667032071,27012.03332967929,30167.05,25365.04,-0.0015501873143004552,0
2007-01-06,30345.0,30955.0,30345.0,30955.0,152034550,5010,5,30964.0,30955.0,75.19538643883217,1666.0351784306222,1954.2092380891559,33146.602928795495,27599.0970712045,30372.85,25571.82,-0.001259893393635969,0
2007-01-07,30336.0,30953.0,30336.0,30953.0,30129818,993,2,30955.0,30953.0,75.15520887075014,1550.2849432269031,1873.4243791167055,32967.44417559459,28136.055824405412,30551.75,25778.66,-0.0012276677543372472,0
2007-01-09,30334.0,30952.0,30334.0,30952.0,24576720,810,2,30953.0,30952.0,75.1335925740218,1441.8506000533052,1787.1096233040257,32799.12507977017,28607.374920229828,30703.25,25985.7,-0.6374063065391574,0
2007-01-10,30333.0,30916.0,30333.0,30916.0,616645387,20329,9,30952.0,30916.0,74.30502567402758,1337.5917773383444,1697.2060541108897,32589.008800178413,29090.491199821587,30839.75,26191.06,-0.16389571742786901,0
2007-01-23,30298.0,30916.0,30298.0,30916.0,10246904,338,2,30916.0,30916.0,74.30502567402758,1240.6643033897199,1605.8977039666556,32408.915214930887,29488.084785069113,30948.5,26394.02,-0.1644455945141674,0
2007-02-06,30298.0,30916.0,30298.0,30916.0,1793762,59,2,30916.0,30916.0,74.30502567402758,1150.5853502574355,1514.8352332248119,32283.03291738135,29774.067082618647,31028.55,26596.62,-0.1701707853538621,0
2007-02-14,30298.0,30915.0,30298.0,30915.0,26153344,863,2,30916.0,30915.0,74.27660744349166,1066.8188160340542,1425.2319497866606,32224.41084179726,29934.18915820274,31079.3,26799.6,-0.17289341743490216,0
2007-03-13,30915.0,30915.0,11223.0,11223.0,538255389150,47960010,2,30915.0,11223.0,8.152761712933838,-581.8395092524552,1023.8176579788374,38879.52996151008,21397.070038489917,30138.3,26609.02,1.2782678428227747,1
2007-04-09,26497.0,26500.0,20000.0,25849.0,17851389024,690585,457,11223.0,25849.0,46.35329997691372,-700.1462939156518,679.0248675999396,38881.091714393035,21002.808285606967,29941.95,26711.88,-0.010909512940539323,0
2007-04-10,25411.0,26290.0,25333.0,25832.0,14587895610,564710,445,25849.0,25832.0,46.32918060274012,-786.2140449319377,385.97708509356414,38829.62845977218,20603.171540227824,29716.4,26814.76,-0.01025859399194795,0
2007-04-11,25321.0,25655.0,25316.0,25655.0,3095560701,122252,113,25832.0,25655.0,46.06044664359036,-858.8059974953285,137.02046857578563,38712.76510364828,20190.73489635172,29451.75,26914.24,-0.0034691093354122238,0
2007-04-14,25142.0,25570.0,25142.0,25570.0,1465958874,58307,42,25655.0,25570.0,45.922685875765424,-912.6736982501752,-72.91836478940654,38508.42159894908,19796.37840105093,29152.4,27012.34,-0.0004692999608916226,0
2007-04-15,25059.0,25569.0,25059.0,25569.0,24537861,979,5,25570.0,25569.0,45.920945776628905,-944.5566695167945,-247.24602573488414,38204.51158004027,19448.088419959724,28826.3,27110.52,-0.0007430873323164278,0
2007-04-16,25058.0,25567.0,25058.0,25567.0,27443600,1095,2,25569.0,25567.0,45.917198318654535,-958.9315709989933,-389.58313478770594,37885.33998943259,19139.160010567408,28512.25,27207.46,-0.0007040325419486182,0
2007-04-17,25056.0,25567.0,25056.0,25567.0,4214518,168,3,25567.0,25567.0,45.917198318654535,-959.2659630890448,-503.5197004479738,37547.78831321579,18867.511686784215,28207.65,27296.12,-0.0007040325419486182,0
2007-04-21,25056.0,25566.0,25056.0,25566.0,20024844,799,3,25567.0,25566.0,45.915025516675534,-948.6759174263934,-592.5509438436577,37175.2526374548,18634.647362545198,27904.95,27376.32,-0.000664945630916014,0
2007-04-22,25055.0,25558.0,25055.0,25558.0,139761820,5578,10,25566.0,25558.0,45.89631450584673,-930.2059281758666,-660.0819407100995,36762.493749690926,18441.40625030908,27601.95,27452.6,-0.00035214023006491235,0
2007-04-23,25047.0,25550.0,25047.0,25550.0,133705916,5338,5,25558.0,25550.0,45.876181233738,-905.7726781570673,-709.2200881994931,36308.22454350149,18289.275456498508,27298.75,27520.34,-3.913894324858447e-05,0
2007-04-25,25039.0,25549.0,25039.0,25549.0,25294490,1010,2,25550.0,25549.0,45.873472334434986,-876.3873947730281,-742.6535495142001,35902.60086248665,18151.599137513345,27027.1,27582.42,0.0,0
2007-05-01,25039.0,25549.0,25039.0,25549.0,4211652,168,2,25549.0,25549.0,45.873472334434986,-843.377416112904,-762.7983228339409,35463.7269247691,18048.9730752309,26756.35,27644.24,0.0,0
2007-05-02,25039.0,25549.0,25039.0,25549.0,4912744,196,2,25549.0,25549.0,45.87347233443498,-807.9037585744882,-771.8194099820505,34988.51852331729,17983.58147668271,26486.05,27697.08,-0.0016830404321108716,0
2007-05-05,25039.0,25549.0,25039.0,25549.0,5263290,210,2,25549.0,25549.0,45.87347233443498,-770.9041265022279,-771.636353286086,34473.26018177015,17958.43981822985,26215.85,27749.86,-0.0016830404321108716,0
2007-05-06,25039.0,25549.0,25039.0,25549.0,3235131,129,2,25549.0,25549.0,45.87347233443497,-733.1305785652476,-763.9351983419184,33914.113470697994,17977.286529302004,25945.7,27793.48,-0.0016830404321108716,0
2007-05-08,25039.0,25549.0,25039.0,25549.0,7692073,307,4,25549.0,25549.0,45.87347233443498,-695.1811540725685,-750.1843894880485,33312.679993523605,18042.02000647639,25677.35,27828.9,-0.5201769149477475,0
2007-05-09,25039.0,25549.0,25039.0,25549.0,7767190,310,3,25549.0,25549.0,45.87347233443498,-657.5264066316086,-731.6527929167605,32656.40099621935,18161.59900378065,25409.0,27854.84,-0.5273787623781753,0
2007-05-12,25039.0,25506.0,25039.0,25506.0,751425060,30010,10,25549.0,25506.0,45.678631524872806,-623.9618448857655,-710.1146033105615,31933.248869531617,18343.751130468383,25138.5,27878.42,-0.5171332235552419,0
2007-05-13,24996.0,25506.0,24996.0,25506.0,2629680,105,4,25506.0,25506.0,45.678631524872806,-590.5541472799268,-686.2025121044346,31131.3925732592,18604.7074267408,24868.05,27892.58,-0.519799262918529,0
2007-05-14,24996.0,25506.0,24996.0,25506.0,1504860,60,2,25506.0,25506.0,45.678631524872806,-557.6500634317053,-660.4920223698889,25764.78543206197,25399.61456793803,25582.2,27896.84,-0.5286207166941113,0
2007-06-11,12100.0,13000.0,12100.0,12259.0,10884146424,887845,393,25506.0,12259.0,17.340206576092726,-1582.256264822052,-844.8448708603215,30705.60889468387,19099.79110531613,24902.7,27626.06,-0.01982217146586185,0
2007-06-12,12320.0,12439.0,12014.0,12075.0,12925743923,1070425,439,12259.0,12075.0,17.180769178425535,-2381.657063463241,-1152.2073093809054,32247.18832143549,16182.511678564508,24214.85,27341.3,-0.013333333333333308,0
2007-06-13,12316.0,12316.0,12316.0,12316.0,5779738692,469287,106,12075.0,12316.0,18.24113250817713,-2961.601768228127,-1514.0862011503498,33068.45090632895,14027.34909367105,23547.9,27050.84,-0.013721987658330659,0
2007-06-16,12498.0,12498.0,12071.0,12248.0,3465939810,283332,187,12316.0,12248.0,18.1704412786235,-3387.6484540897545,-1888.7986517382308,33539.46874321026,12224.13125678974,22881.8,26748.3,-0.009960809928151515,0
2007-06-17,12009.0,12090.0,12004.0,12023.0,3924449268,326873,163,12248.0,12023.0,17.922937846941934,-3700.788752652683,-2251.1966719211214,33775.56134285014,10633.43865714986,22204.5,26430.32,-0.011561174415703257,0
2007-06-19,12000.0,12016.0,11783.0,12016.0,122048194,10351,11,12023.0,12016.0,17.914762108272427,-3904.5107671660553,-2581.8594909701083,33796.953658923696,9256.946341076306,21526.95,26106.92,-0.015895472703062574,0
2007-06-20,11776.0,12250.0,11776.0,11914.0,3938485159,330746,160,12016.0,11914.0,17.787435853589614,-4027.762935036466,-2871.04017978338,33646.8898333111,8041.7101666888975,20844.3,25770.38,-0.025096525096525046,0
2007-06-23,12152.0,12152.0,11914.0,12147.0,4200862294,345697,73,11914.0,12147.0,19.20016154777099,-4059.8406969288226,-3108.800283212469,33317.752843415925,7028.947156584072,20173.35,25427.02,-0.03893965588211079,0
2007-06-24,12370.0,12370.0,11931.0,12126.0,832304422,69139,59,12147.0,12126.0,19.16819109125923,-4040.382069386611,-3295.116640447298,32848.068486758835,6155.431513241165,19501.75,25071.54,-0.027956457199406204,0
2007-06-25,12106.0,12106.0,11884.0,11884.0,5393283933,453802,122,12126.0,11884.0,18.780109686249503,-3998.397309125481,-3435.772774182935,32255.204778963576,5381.695221036423,18818.45,24708.36,0.0004207337596768834,0
2007-06-26,11850.0,11850.0,11647.0,11825.0,1192203873,102052,61,11884.0,11825.0,18.680807530070226,-3924.64403759183,-3533.547026864714,31525.70008390297,4738.79991609703,18132.25,24349.34,0.025454545454545396,0
2007-06-27,11589.0,11615.0,11589.0,11615.0,3632305410,313426,102,11825.0,11615.0,18.309705039807056,-3838.88698396755,-3594.6150182852816,30661.89548883403,4209.204511165968,17435.55,23974.78,0.062160998708566506,1
2007-06-30,11844.0,11847.0,11588.0,11674.0,1257483688,106472,66,11615.0,11674.0,18.797776646610515,-3723.243856666848,-3620.340785961595,29644.688678121664,3838.911321878335,16741.8,23589.3,0.06347438752783963,1
2007-07-01,11904.0,11907.0,11674.0,11787.0,2035833587,170982,40,11674.0,11787.0,19.786268095712984,-3581.1958924663904,-3612.5118072625546,28462.860488929142,3644.5395110708596,16053.7,23193.9,0.04827352167642318,0
2007-07-02,12022.0,12022.0,11889.0,11889.0,1845387692,153501,28,11787.0,11889.0,20.724372331989358,-3420.956651084647,-3574.2007760269735,27099.216907094436,3642.183092905567,15370.7,22789.86,0.035915552191100986,0
2007-07-03,12126.0,12126.0,12126.0,12126.0,4301201334,354709,67,11889.0,12126.0,22.978342143319395,-3237.5218420125184,-3506.8649892240824,25522.78412802291,3876.315871977087,14699.55,22395.42,0.024492825333993107,0
2007-07-04,12368.0,12368.0,12337.0,12337.0,3796010986,306922,67,12126.0,12337.0,25.022242160881078,-3040.078366619682,-3413.5076647032024,23681.09929307775,4396.800706922249,14038.95,22008.98,0.01621139661181803,0
2007-07-07,12570.0,12570.0,12369.0,12415.0,2913528586,233925,146,12337.0,12415.0,25.806054475735692,-2844.5191951111083,-3299.7099707847838,21476.747975711354,5292.052024288644,13384.4,21624.88,0.029883205799436263,0
2007-07-08,12368.0,12491.0,12167.0,12356.0,3781793394,306481,86,12415.0,12356.0,25.58815275459584,-2663.593699540448,-3172.4867165359165,18607.525371505955,6846.274628494043,12726.9,21239.64,0.227015215280026,1
2007-07-09,12356.0,12400.0,12121.0,12316.0,1940174308,158151,83,12356.0,12316.0,25.431368859069366,-2494.6794941840562,-3036.9252720655445,12530.738062325414,11604.061937674585,12067.4,20853.68,0.254790516401429,1
2007-07-10,12279.0,12562.0,12108.0,12423.0,2288574078,182749,85,12316.0,12423.0,26.724755181905024,-2325.3742963215373,-2894.6150769167434,12557.638753628244,11593.561246371757,12075.6,20482.5,0.2688561539080738,1
2007-07-11,12671.0,12671.0,12537.0,12537.0,2054263864,162124,48,12423.0,12537.0,28.15456097801888,-2157.1337647047876,-2747.1188144743523,12621.007227596436,11576.392772403566,12098.7,20113.96,0.28244396586105136,1
2007-07-14,12787.0,12787.0,12786.0,12786.0,4624108312,361626,107,12537.0,12786.0,31.3074493644734,-1980.8754135554282,-2593.870134290568,12718.54573864452,11525.854261355482,12122.2,19750.58,0.282574691068356,1
2007-08-06,14500.0,15998.0,14001.0,15161.0,26321457177,1736040,555,12786.0,15161.0,52.65108423432694,-1630.748495548889,-2401.2458065422325,13721.971215717418,10813.728784282583,12267.85,19434.74,0.10118066090627265,1
2007-08-07,15200.0,15464.0,15200.0,15454.0,40082807344,2593009,285,15161.0,15454.0,54.52819385146829,-1314.4752863352296,-2183.891702500832,14443.164197703793,10435.635802296207,12439.4,19124.78,0.09816228808075578,1
2007-08-08,15763.0,15763.0,15763.0,15763.0,11587302485,735095,126,15454.0,15763.0,56.487356995413926,-1027.053537961734,-1952.5240695930124,15086.034601261015,10167.465398738985,12626.75,18821.72,0.05550973799403658,1
2007-08-12,16078.0,16078.0,16078.0,16078.0,14165650524,881058,155,15763.0,16078.0,58.452568662904035,-765.033039515698,-1715.0258635775497,15690.701142869348,9979.198857130654,12834.95,18524.96,0.055044159721358454,1
2007-08-13,16399.0,16399.0,16399.0,16399.0,15290099620,932380,208,16078.0,16399.0,60.41460917030548,-525.4211613654916,-1477.104923135138,16275.607463862687,9819.492536137312,13047.55,18234.62,0.04994206963839254,0
2007-08-14,16726.0,16726.0,16695.0,16695.0,10672860290,638100,222,16399.0,16695.0,62.187845328146935,-308.090816246493,-1243.302101757409,16840.06015661908,9711.939843380916,13276.0,17950.22,0.0397723869421982,0
2007-08-15,17028.0,17028.0,16641.0,16971.0,67204144948,3959821,1464,16695.0,16971.0,63.81547848989541,-112.2896533612784,-1017.0996120781829,17375.713612195817,9684.986387804182,13530.35,18065.18,0.04301455423958522,0
2007-08-18,16900.0,16900.0,16632.0,16638.0,25302622594,1520730,478,16971.0,16638.0,60.4353295770117,15.831367740942369,-810.5134161143579,17759.11053006304,9782.88946993696,13771.0,17880.96,0.08426493568938564,1
2007-08-19,16970.0,16970.0,16850.0,16963.0,20235869230,1192916,455,16638.0,16963.0,62.52180048359836,141.95659660745696,-620.019413569995,18128.280213404756,9948.519786595243,14038.4,17703.58,0.24771561634144912,1
2007-08-20,17190.0,17302.0,16901.0,17218.0,16293419500,946436,398,16963.0,17218.0,64.12059100401271,259.49680045891364,-444.1161707642133,18477.769453542198,10153.430546457801,14315.6,17534.84,0.2533395284005111,1
2007-08-21,17500.0,17561.0,17221.0,17359.0,34395996143,1983090,457,17218.0,17359.0,65.00943873904609,359.87733851394114,-283.3174689085824,18787.870926527237,10400.529073472764,14594.2,17370.62,0.2678725733049139,1
2007-08-22,17500.0,17706.0,17500.0,17701.0,20727745433,1170963,289,17359.0,17701.0,67.13607491817352,461.70394424350525,-134.3131862781649,19093.82628169507,10675.773718304928,14884.8,17213.26,0.2408338511948478,1
2007-08-25,18055.0,18055.0,17981.0,18040.0,41804095507,2316552,499,17701.0,18040.0,69.13833252504294,563.2637755787091,5.2022060932099095,19403.651690384788,10957.348309615212,15180.5,17062.72,0.21507760532150777,1
2007-09-10,22004.0,23000.0,20001.0,21165.0,74851254990,3536516,1480,18040.0,21165.0,80.7695466329461,885.7022328860185,181.30221145177163,20375.99549336148,10867.80450663852,15621.9,16974.68,0.01700921332388372,0
2007-09-11,21548.0,21588.0,21250.0,21580.0,55667658078,2579512,1003,21165.0,21580.0,81.75305612852085,1161.3368962135573,377.3091484041288,21257.446718365674,10902.853281634325,16080.15,16894.96,-0.017377201112140916,0
2007-09-12,22011.0,22011.0,21902.0,22009.0,50572681586,2297809,809,21580.0,22009.0,82.7359906232573,1398.2775937355473,581.5028374704125,22051.78816176534,11073.811838234658,16562.8,16823.98,-0.02898814121495752,0
2007-09-15,22449.0,22449.0,21569.0,21964.0,52295728364,2380921,911,22009.0,21964.0,82.23557131404331,1564.390361381149,778.0803422525598,22651.061418194364,11439.338581805638,17045.2,16752.26,-0.007557821890366023,0
2007-09-16,21525.0,21920.0,21525.0,21920.0,1522230425,70719,21,21964.0,21920.0,81.71513578099365,1673.1979102615333,957.1038558543546,23088.132308120108,11951.96769187989,17520.05,16679.68,0.014279197080292017,0
2007-09-17,21482.0,21525.0,21482.0,21525.0,13644099392,635141,140,21920.0,21525.0,77.00375472647133,1707.8682359055783,1107.2567318645993,23302.12911935457,12636.770880645434,17969.45,16599.2,0.05351916376306631,1
2007-09-18,21800.0,21890.0,21095.0,21205.0,68053929666,3207902,1201,21525.0,21205.0,73.31583810156192,1690.0416450465746,1223.8137145009944,23334.97247494667,13445.827525053332,18390.4,16512.32,0.09078047630275887,1
2007-09-19,21098.0,21629.0,21000.0,21371.0,19125568391,894896,474,21205.0,21371.0,74.01118022985403,1670.057374202097,1313.062446441215,23574.722561398834,13827.07743860117,18700.9,16428.76,0.0992934350287773,1
2007-09-22,21798.0,21798.0,21798.0,21798.0,17811843336,817132,244,21371.0,21798.0,75.76089037066384,1669.4308671393046,1384.336130580833,23830.751738906554,14205.448261093443,19018.1,16353.74,0.06028075970272506,1
2007-09-23,22233.0,22233.0,22233.0,22233.0,17256254115,776155,187,21798.0,22233.0,77.42811259921893,1684.6160155415128,1444.392107572969,24105.105952552207,14578.09404744779,19341.6,16287.42,0.027571627760536233,0
2007-09-24,22677.0,22677.0,22677.0,22677.0,17546963706,773778,330,22233.0,22677.0,79.01472175965678,1712.7341116909192,1498.060508396559,24399.158548727395,14943.941451272603,19671.55,16229.98,-0.012655995061075065,0
2007-09-25,23130.0,23130.0,23130.0,23130.0,32832063540,1419458,496,22677.0,23130.0,80.51927356193757,1751.3823737830098,1548.7248814738493,24714.21066168236,15301.989338317639,20008.1,16182.46,-0.012710765239948074,0
2007-09-26,23592.0,23592.0,22726.0,23493.0,153775629271,6545489,2078,23130.0,23493.0,81.65433403814978,1790.6608426724451,1597.1120737135686,25029.76556439987,15666.23443560013,20348.0,16142.2,-0.027965777039969386,0
2007-09-29,23940.0,23940.0,23024.0,23112.0,18254018397,789794,441,23493.0,23112.0,76.60892636136491,1770.6350180966765,1631.8166625901902,25214.537184980396,16095.562815019603,20655.05,16094.32,0.05884389061959161,1
2007-09-30,22650.0,22846.0,22650.0,22846.0,9193656976,405898,198,23112.0,22846.0,73.20785272032428,1713.547719433649,1648.162873958882,25224.117043806138,16706.782956193863,20965.45,16306.06,0.05020572529107947,1
2007-10-01,22390.0,22392.0,22390.0,22390.0,100210488376,4475375,520,22846.0,22390.0,67.66222367745311,1612.9175256727758,1641.113804301661,25115.416897812996,17358.183102187002,21236.8,16512.36,0.05131755247878522,1
2007-10-02,22837.0,22837.0,22836.0,22836.0,33685554481,1475043,489,22390.0,22836.0,70.05178810013423,1551.2737268496094,1623.145788811251,24983.156281646123,18052.24371835388,21517.7,16722.76,0.010203187948852666,0
2007-10-14,23592.0,23592.0,22836.0,22836.0,519024228360,22000010,2,22836.0,22836.0,70.05178810013423,1485.2989702006926,1595.5764250891393,24723.791086609457,18859.30891339054,21791.55,16934.52,0.028901734104046284,0
2007-10-20,25000.0,25997.0,23905.0,24472.0,78807352016,3220199,1720,22836.0,24472.0,77.21459383685354,1547.1899845617882,1585.8991369836692,24626.09999198731,19634.100008012687,22130.1,17183.5,-0.04233409610983985,0
2007-10-21,23983.0,24300.0,23983.0,23993.0,41547934273,1731618,658,24472.0,23993.0,71.79991035386269,1539.8374746217742,1576.6868045112903,24223.28043694634,20632.21956305366,22427.75,17423.04,-0.026799483182594952,0
2007-10-22,23801.0,23899.0,23514.0,23539.0,16526986150,702128,250,23993.0,23539.0,67.00391364281137,1480.312431510687,1557.4119299111696,24305.892693014106,20787.007306985895,22546.45,17655.54,-0.010833085517651608,0
2007-10-23,23070.0,23200.0,23069.0,23069.0,27026376130,1171515,534,23539.0,23069.0,62.359963830028036,1379.313466890766,1521.792237307089,24335.914273993294,20905.88572600671,22620.9,17873.98,-0.010837054055225614,0
2007-10-24,23060.0,23530.0,23060.0,23496.0,23878268413,1016246,396,23069.0,23496.0,64.75029221647489,1318.5272300302495,1481.1392358517212,24426.56104946533,20963.93895053467,22695.25,18101.38,-0.04260299625468167,0
2007-10-27,23535.0,23880.0,23027.0,23436.0,3774266514,162435,133,23496.0,23436.0,64.13397576729093,1251.090409355711,1435.1294705525193,24494.702516874124,21042.997483125873,22768.85,18332.42,-0.05931046253626904,0
2007-10-28,22968.0,23350.0,22968.0,23350.0,2960624956,128902,25,23436.0,23350.0,63.205335204917944,1177.137454019754,1383.5310672459664,24537.864568420773,21142.835431579224,22840.35,18562.92,-0.07468950749464665,0
2007-10-29,22883.0,23284.0,22883.0,23284.0,2283475697,99789,36,23350.0,23284.0,62.45789407810039,1100.5174752919302,1326.9283488551591,24523.276752181915,21333.323247818083,22928.3,18796.3,-0.07734925270572068,0
2007-10-30,22819.0,22883.0,22819.0,22819.0,53384793105,2339483,776,23284.0,22819.0,57.315242659126014,990.852050644291,1259.7130892129856,24396.925646423748,21621.074353576252,23009.0,19019.2,-0.06998553836715016,0
2007-10-31,22819.0,23269.0,22363.0,22495.0,12592433448,561827,265,22819.0,22495.0,53.98013065843373,867.7939310412257,1181.3292575786336,24260.998578357066,21869.401421642935,23065.2,19233.36,-0.06854856634807738,0
2007-11-03,22046.0,22046.0,22046.0,22046.0,15542430000,705000,91,22495.0,22046.0,49.66698523577309,725.6738210269577,1090.1981702682983,24224.732843222955,21930.467156777042,23077.6,19436.5,-0.05960264900662249,0
2007-11-04,21606.0,21606.0,21606.0,21606.0,17795479416,823636,181,22046.0,21606.0,45.80456149070362,570.9566542519351,986.3498670650258,24312.122801667207,21780.377198332793,23046.25,19626.1,-0.042071646764787585,0
2007-11-11,21174.0,21483.0,21174.0,21483.0,4257565140,201075,35,21606.0,21483.0,44.756739100363255,433.42090644527707,875.7640749410762,24418.212875819856,21554.887124180143,22986.55,19809.02,-0.038123167155425186,0
2007-11-12,21054.0,21222.0,21054.0,21222.0,9004355346,427679,85,21483.0,21222.0,42.533286063182835,299.90519626689274,760.5922992062395,24513.452595079223,21268.84740492078,22891.15,19985.16,-0.04575440580529644,0
2007-11-13,20798.0,21646.0,20798.0,20953.0,33358504391,1591371,627,21222.0,20953.0,40.31056548409813,170.42245813548652,642.558330992089,24565.86865450763,20962.431345492372,22764.15,20157.1,-0.03837159356655373,0
2007-11-14,20534.0,20732.0,20534.0,20732.0,7619122146,371049,109,20953.0,20732.0,38.52913111970742,49.40410252671427,523.9274852990142,24642.96703616742,20647.33296383258,22645.15,20325.42,-0.008971638047462815,0
2007-11-17,20318.0,20697.0,20318.0,20697.0,1212663302,59684,18,20732.0,20697.0,38.24090090560584,-48.76588095624538,409.3888120479623,24704.744171215894,20370.655828784107,22537.7,20490.9,-0.008938493501473688,0
2007-11-18,20284.0,20664.0,20284.0,20664.0,1136110640,56010,12,20697.0,20664.0,37.95261555155196,-127.75642777673056,301.95976408302374,24767.447702445003,20135.352297555,22451.4,20653.44,-0.010936895083236586,0
2007-11-19,20251.0,20251.0,20251.0,20251.0,14385338352,710352,159,20664.0,20251.0,34.45210770507356,-221.1335635730975,197.3410985517995,24819.3530974674,19824.946902532603,22322.15,20802.74,-0.09476075255542937,0
2007-11-20,19846.0,20656.0,19846.0,20149.0,25077749027,1244584,455,20251.0,20149.0,33.62718239763254,-299.9089997261144,97.89107889621673,24844.025035647537,19531.57496435246,22187.8,20902.5,-0.10625837510546432,0
2007-11-21,20539.0,20551.0,20256.0,20546.0,15426771862,750819,356,20149.0,20546.0,39.68098290547349,-326.54036423658545,13.004790269656297,24520.726008090372,19462.273991909628,21991.5,21004.34,-0.1274213958921444,0
2007-11-24,20956.0,20956.0,20136.0,20512.0,9505069088,463772,237,20546.0,20512.0,39.34996212111228,-346.39638641160855,-58.875445066596676,24248.991525452686,19385.908474547316,21817.45,21099.32,-0.10852184087363492,0
2007-11-25,20110.0,20438.0,20102.0,20438.0,2566781458,127687,47,20512.0,20438.0,38.59531329820309,-363.90869567795016,-119.88209518886737,24029.68996111604,19295.110038883962,21662.4,21186.52,-0.1051962031509932,0
2007-12-02,17003.0,19000.0,17001.0,18332.0,21217670388,1157368,407,20438.0,18332.0,24.307780987614365,-541.4820582578141,-204.2020878026567,24109.256055066533,18741.843944933466,21425.55,21225.18,-0.002072878027492897,0
2007-12-03,17966.0,23592.0,17966.0,18008.0,537921223092,23049325,315,18332.0,18008.0,22.903067858883574,-700.281905769014,-303.41805139592816,24045.916607172465,18256.383392827538,21151.15,21251.44,0.030264326965792954,0
2007-12-04,17690.0,17960.0,17648.0,17928.0,3096631188,175066,139,18008.0,17928.0,22.55645644402503,-823.099086516886,-407.3542584201198,23894.015122549838,17857.484877450162,20875.75,21270.58,0.03497322623828647,0
2007-12-05,18286.0,18286.0,18286.0,18286.0,14342898390,784365,168,17928.0,18286.0,27.82074085200007,-881.3849222992139,-502.1603911959386,23617.622918978897,17627.4770810211,20622.55,21303.54,0.015531007328010604,0
2007-12-08,18651.0,18651.0,18288.0,18288.0,56825967,3047,9,18286.0,18288.0,27.850247550938747,-916.846646375976,-585.0976422319461,23270.028576526733,17475.471423473267,20372.75,21330.04,0.015419947506561726,0
2007-12-09,18653.0,18653.0,18294.0,18294.0,210849922,11304,6,18288.0,18294.0,27.945412228705862,-933.7030211212914,-654.8187180098153,22949.512557945607,17343.487442054393,20146.5,21351.56,0.02918989832732044,0
2007-12-10,18659.0,18659.0,18553.0,18553.0,9330805070,500070,284,18294.0,18553.0,32.108264902082766,-915.6081236012833,-706.9765991281089,22615.15388211305,17283.646117886954,19949.4,21375.44,0.034873066350455506,0
2007-12-11,18924.0,18924.0,18555.0,18555.0,58376850,3085,5,18553.0,18555.0,32.140867531038964,-890.8373848194933,-743.7487562663858,22323.201802636515,17226.498197363482,19774.85,21392.52,0.055456750202101945,1
2007-12-12,18926.0,18926.0,18570.0,18570.0,530302960,28020,24,18555.0,18570.0,32.40305307426674,-860.0815366591778,-767.0153123449443,22076.951911242744,17169.148088757254,19623.05,21403.12,0.07469036079698443,1
2007-12-15,18941.0,18941.0,18570.0,18570.0,15262736,806,4,18570.0,18570.0,32.40305307426674,-826.1835754320455,-778.8489649623646,21815.493017824738,17139.306982175265,19477.4,21351.22,0.06090468497576729,1
2007-12-16,18941.0,18941.0,18828.0,18828.0,9269837916,489406,263,18570.0,18828.0,37.240102005933004,-769.6289496793725,-777.0049619057662,21567.900180979268,17147.499819020733,19357.7,21296.18,0.05162523900573612,1
2007-12-17,19204.0,19204.0,19025.0,19200.0,23466931616,1222208,563,18828.0,19200.0,43.51614157089617,-686.8738560021557,-758.9787407250442,21355.77102401083,17184.328975989167,19270.05,21240.0,0.037552083333333375,0
2007-12-18,19584.0,19584.0,19584.0,19584.0,16905613824,863236,338,19200.0,19584.0,49.167090466882236,-583.577143223687,-723.8984212247728,21194.89784272825,17230.402157271754,19212.65,21192.4,0.037479575163398726,0
2007-12-19,19975.0,19975.0,19584.0,19957.0,40741053377,2041357,932,19584.0,19957.0,53.98299294129532,-466.241232719487,-672.3669835237157,21071.43029054023,17279.869709459774,19175.65,21153.14,0.03211905597033615,0
2007-12-22,20190.0,20190.0,19558.0,19701.0,9027545597,461372,241,19957.0,19701.0,50.45025138679524,-389.4197503276555,-615.7775368845037,20915.479474155334,17339.520525844666,19127.5,21116.66,0.048677732094817516,0
2007-12-23,19700.0,20095.0,19550.0,19800.0,4836435050,241936,143,19701.0,19800.0,51.76486557006424,-316.89671141294093,-556.0013717901911,20846.45434682225,17363.44565317775,19104.95,21088.56,0.04439393939393943,0
2007-12-24,20196.0,20196.0,19921.0,19921.0,4342763326,215031,78,19800.0,19921.0,53.39246616774375,-246.81288649214912,-494.1636747305827,20810.377594722544,17376.722405277455,19093.55,21059.56,0.03820089352944134,0
2007-12-25,20319.0,20319.0,20316.0,20318.0,18091100132,890366,229,19921.0,20318.0,58.35738508248877,-157.42170871669077,-426.81528152780436,20762.897009517135,17401.402990482868,19082.15,21029.96,0.038192735505463205,0
2007-12-26,20318.0,20724.0,20201.0,20598.0,11152753528,539196,163,20318.0,20598.0,61.4745246678857,-63.25572375053889,-354.1033699723513,20782.180695010502,17390.7193049895,19086.45,20997.26,0.027915331585590897,0
2007-12-30,21004.0,21009.0,20660.0,20660.0,2240740365,106670,50,20598.0,20660.0,62.15014210885485,16.187776992177533,-280.0451405794455,20831.0101783718,17364.0898216282,19097.55,20956.92,0.022700871248789944,0
2007-12-31,21073.0,21073.0,20679.0,20679.0,690221102,32754,22,20660.0,20679.0,62.367941876526196,79.76102940322744,-208.0839065829109,21040.491290514066,17389.308709485937,19214.9,20907.9,0.02050389283814491,0
2008-01-01,21092.0,21092.0,20682.0,20682.0,95416108,4524,6,20679.0,20682.0,62.40472755177421,128.8994917833552,-140.68722690965768,21192.62704969336,17504.572950306636,19348.6,20851.68,0.029010733971569502,0
2008-01-02,21095.0,21095.0,21090.0,21094.0,19871847887,942019,321,20682.0,21094.0,67.15339631289564,198.79544388421346,-72.79069275088347,21379.29513992128,17634.504860078723,19506.9,20811.32,0.026784867734900963,0
2008-01-05,21449.0,21515.0,21094.0,21173.0,3868464738,180740,146,21094.0,21173.0,67.98834788654423,257.59374887623926,-6.7138044254589175,21569.47166341662,17733.02833658338,19651.25,20777.86,0.033816653284843845,0
2008-01-06,21001.0,21300.0,20750.0,21129.0,4246857330,202041,123,21173.0,21129.0,66.96730517744935,297.2152841392053,54.072013287473936,21707.436996142344,17879.163003857655,19793.3,20752.64,0.05665199488854178,1
2008-01-08,20760.0,21200.0,20760.0,21103.0,2663206270,126903,94,21129.0,21103.0,66.33336712927013,322.79665468267194,107.81694156651355,21798.823282742756,18068.676717257244,19933.75,20717.98,0.07908828128702083,1
2008-01-09,21525.0,21525.0,21282.0,21282.0,6570810295,305383,138,21103.0,21282.0,68.54131552768351,353.4396469354506,156.94148264030096,21910.386251443277,18230.013748556725,20070.2,20686.9,0.09139178648623258,1
2008-01-12,21707.0,21707.0,21659.0,21659.0,13552244002,624326,184,21282.0,21659.0,72.61489872184347,403.49396112853356,206.2519783379475,22051.770214387234,18399.02978561277,20225.4,20630.64,0.07438016528925617,1
2008-01-13,22091.0,22092.0,21889.0,21889.0,8394226287,380076,208,21659.0,21889.0,74.76204377470398,456.45966072563533,256.2935148154851,22188.824258508554,18593.875741491443,20391.35,20588.56,0.0723194298506098,1
2008-01-14,22326.0,22326.0,22326.0,22326.0,15787987182,707157,186,21889.0,22326.0,78.251201398132,527.6155830797688,310.55792846834186,22360.988744107024,18797.31125589298,20579.15,20564.3,0.055003135357878596,1
2008-01-15,22772.0,22772.0,22772.0,22772.0,27505957220,1207885,266,22326.0,22772.0,81.12003693504235,612.9301594759781,371.0323746698691,22611.50964155735,18941.190358442647,20776.35,20558.36,0.014184085719304518,0
2008-01-16,23227.0,23227.0,23227.0,23227.0,22181808227,955001,237,22772.0,23227.0,83.50981288054803,709.0834012738487,438.642579990665,22955.022644385816,19000.377355614186,20977.7,20552.98,-0.013863176475653383,0
2008-01-20,23691.0,23691.0,22764.0,23270.0,10802353804,463778,335,23227.0,23270.0,83.71954470435155,779.7666146337288,506.8673869192778,23268.273201652846,19055.726798347154,21162.0,20549.66,-0.0171465406102278,0
2008-01-21,23260.0,23735.0,23000.0,23472.0,22913043329,968558,307,23270.0,23472.0,84.70376197156007,842.3729314868106,573.9684958327844,23593.775166083244,19081.724833916756,21337.75,20552.1,-0.04388207225630536,0
2008-01-22,23866.0,23900.0,23340.0,23554.0,5108122691,215153,162,23472.0,23554.0,85.0976089833536,888.3650836482084,636.8478133958693,23851.554057791287,19209.245942208716,21530.4,20557.5,-0.05731510571452836,0
2008-01-23,23083.0,23389.0,23083.0,23095.0,15985992921,692418,330,23554.0,23095.0,73.6640364639266,877.6596178641375,685.0101742895229,23968.89662396692,19421.403376033082,21695.15,20563.02,-0.023035289023598193,0
2008-01-26,22750.0,23099.0,22634.0,22905.0,8232643103,362257,186,23095.0,22905.0,69.50126199512924,844.1136305077962,716.8308655331776,24022.4470846133,19666.252915386696,21844.35,20571.22,0.004715127701375277,0
2008-01-27,22447.0,22871.0,22447.0,22871.0,1164015872,51856,18,22905.0,22871.0,68.75253057744338,805.499382516271,734.5645689297963,24075.278868814352,19868.721131185648,21972.0,20587.72,0.006033841983297705,0
2008-01-28,22414.0,22950.0,22414.0,22442.0,20838862330,928561,380,22871.0,22442.0,59.9733367505112,731.8443519529283,734.0205255344227,24078.246533722842,20050.15346627716,22064.2,20604.44,0.004812405311469536,0
2008-01-29,22000.0,22442.0,21994.0,22204.0,8566088449,389171,174,22442.0,22204.0,55.72225932488354,646.8115576146593,716.57873195047,24049.82798135036,20232.97201864964,22141.4,20618.86,0.014546928481354637,0
2008-01-30,22189.0,22648.0,21810.0,22563.0,41059321853,1816214,319,22204.0,22563.0,60.29416546419112,601.4575272058792,693.5544910015519,24028.482974430015,20442.717025569982,22235.6,20645.68,-0.006249168993484933,0
2008-02-02,23014.0,23014.0,23000.0,23013.0,34328127148,1491620,346,22563.0,23013.0,65.15150663506847,594.9669617607578,673.8369851533931,24024.94087455696,20679.359125443043,22352.15,20686.88,-0.026810932950940725,0
2008-02-03,22553.0,23009.0,22553.0,23009.0,141840377,6289,7,23013.0,23009.0,65.07530002902901,582.7824223178795,655.6260725862904,24038.89313637773,20856.906863622273,22447.9,20732.42,-0.02668521013516445,0
2008-02-04,22549.0,22570.0,22549.0,22550.0,18251730353,809389,296,23009.0,22550.0,56.856876275967075,529.9793509900628,630.4967282670449,23996.38128853139,21037.11871146861,22516.75,20769.48,-0.007139689578713915,0
2008-02-05,22205.0,23001.0,22101.0,22527.0,8433305709,374688,225,22550.0,22527.0,56.472013896315126,480.73501475327794,600.5443855642916,23922.545096929796,21250.754903070207,22586.65,20806.74,-0.007013805655435745,0
2008-02-06,22785.0,22785.0,22077.0,22422.0,9235599479,413251,180,22527.0,22422.0,54.65321644269991,428.29873975576265,566.0952564025858,23806.894832354832,21498.305167645165,22652.6,20850.16,-0.002854339488002844,0
2008-02-09,22001.0,22421.0,21974.0,22396.0,928623860,42234,32,22422.0,22396.0,54.187821684966046,380.26121672630325,528.9284484673294,23686.791921275326,21729.808078724673,22708.3,20895.1,-0.002053938203250616,0
2008-02-10,21949.0,22395.0,21949.0,22395.0,52089437,2373,6,22396.0,22395.0,54.16871586695626,338.21174749551574,490.7851082729667,23611.96490296994,21878.235097030058,22745.1,20932.08,-0.004063407010493458,0
2008-02-12,21948.0,22389.0,21948.0,22389.0,224093490,10210,3,22395.0,22389.0,54.045586934247304,300.9341092378272,452.8149084659388,23562.39714122991,21977.802858770086,22770.1,20969.62,-0.004734467819018318,0
2008-02-13,21942.0,22369.0,21942.0,22369.0,683497570,31150,14,22389.0,22369.0,53.60815961672658,266.7030922639933,415.5925452255497,23559.93493066777,21984.56506933223,22772.25,21008.24,-0.0656265367249318,0
2008-02-16,21922.0,22358.0,21922.0,22358.0,367351314,16757,12,22369.0,22358.0,53.352391193906634,235.96707506496023,379.6674511934318,23559.66768326221,21943.432316737788,22751.55,21088.76,-0.0789426603452903,0
2008-02-17,21911.0,22350.0,21911.0,22350.0,265017935,12095,6,22358.0,22350.0,53.15376703951927,208.55888979432711,345.44573891361085,23502.936342228575,21912.463657771426,22707.7,21175.6,-0.0902460850111857,0
2008-02-18,21903.0,22304.0,21903.0,22304.0,1580524490,72160,20,22350.0,22304.0,51.95601603781849,181.0389852114131,312.5643881731713,23429.093289564793,21889.70671043521,22659.4,21263.12,-0.08935616929698709,0
2008-02-19,21858.0,22283.0,21858.0,22283.0,722520440,33055,18,22304.0,22283.0,51.38673117958058,155.73947039333507,281.1994046172041,23288.834743626292,21911.06525637371,22599.95,21343.06,-0.08522191805412194,0
2008-02-26,21120.0,21429.0,20000.0,20901.0,13748889655,657784,255,22283.0,20901.0,28.92507672811034,23.898090175254765,229.73914172881425,23361.404043163348,21573.19595683665,22467.3,21395.32,-0.016984833261566412,0
2008-02-27,20992.0,21000.0,20483.0,20593.0,21748256117,1058076,205,20901.0,20593.0,26.178665245587396,-104.23858196341462,162.94359699036846,23508.656445822573,21175.74355417743,22342.2,21441.3,-0.0015539260913902675,0
2008-03-01,20486.0,20486.0,20182.0,20333.0,9042721499,448007,150,20593.0,20333.0,24.09854155068662,-224.18339823202405,85.51819794588997,23641.359419510514,20785.840580489483,22213.6,21476.9,0.011311660846899052,0
2008-03-02,20000.0,20311.0,19999.0,20311.0,2230968749,110483,59,20333.0,20311.0,23.925307521618066,-317.3574463258665,4.943069091538682,23701.305220639268,20469.89477936073,22085.6,21512.02,0.03264241051646888,0
2008-03-03,20309.0,20717.0,20250.0,20384.0,7192438419,350188,75,20311.0,20384.0,25.830559033142606,-380.9170857575009,-72.22896187826923,23749.571257336247,20215.828742663754,21982.7,21548.3,0.03880494505494503,0
2008-03-04,20700.0,20791.0,20546.0,20546.0,8241734809,396777,129,20384.0,20546.0,30.019151898156437,-413.45051168533246,-140.47327183968187,23769.925942283287,20029.67405771671,21899.8,21587.82,0.031149615496933736,0
2008-03-05,20956.0,20956.0,20561.0,20561.0,549252810,26210,9,20546.0,20561.0,30.411024152951924,-433.0313951138596,-198.98489649451744,23730.451470283253,19868.94852971675,21799.7,21622.48,0.0309809834152035,0
2008-03-09,20972.0,20972.0,20563.0,20563.0,71510430,3410,3,20561.0,20563.0,30.466932946478764,-443.2781682260829,-247.84355084083057,23595.335094304082,19759.06490569592,21677.2,21649.74,0.05145163643437245,1
2008-03-10,20974.0,20974.0,20974.0,20974.0,21427038400,1021600,248,20563.0,20974.0,40.96369501044248,-413.4683389752463,-280.9685084677137,23414.46870300465,19736.43129699535,21575.45,21677.54,0.05139696767426338,1
2008-03-11,21350.0,21393.0,20974.0,21175.0,8313633303,389607,236,20974.0,21175.0,45.311767473258854,-369.3669817106238,-298.64820311629575,23297.00892306353,19716.39107693647,21506.7,21701.9,0.062243211334120474,1
2008-03-12,21598.0,21598.0,21186.0,21186.0,397226296,18392,10,21175.0,21186.0,45.54812625643438,-329.7278330650006,-304.8641291060367,23171.582593954194,19707.71740604581,21439.65,21731.6,0.08288492400641934,1
2008-03-15,21609.0,21609.0,21198.0,21198.0,447518280,20710,12,21186.0,21198.0,45.82320965054854,-293.95667292310463,-302.68263786945033,23052.75146329772,19704.14853670228,21378.45,21759.56,0.10241532220020755,1
2008-03-16,21621.0,21621.0,21621.0,21621.0,16859861211,779791,292,21198.0,21621.0,54.54114834716883,-228.83731186694058,-287.9135726689484,22952.760333651808,19726.639666348194,21339.7,21793.56,0.075250913463762,1
2008-03-17,22053.0,22053.0,22052.0,22052.0,15505111442,703084,308,21621.0,22052.0,61.363310431452035,-140.82827044838632,-258.496512224836,22897.202275901214,19747.897724098784,21322.55,21828.24,0.051877380736441214,1
2008-03-18,22493.0,22493.0,22493.0,22493.0,16673858463,741291,304,22052.0,22493.0,66.84591173162318,-35.09095001563401,-213.8153997829956,22917.073488154907,19738.426511845093,21327.75,21866.14,0.05170497488107406,1
2008-03-24,22942.0,22942.0,22942.0,22942.0,23629181726,1029953,277,22493.0,22942.0,71.3097951187601,83.96924063698316,-154.25847169899984,23037.764374548504,19675.0356254515,21356.4,21911.78,0.03378083863656167,0
2008-03-26,23400.0,23400.0,22952.0,23369.0,61275428270,2621619,648,22942.0,23369.0,74.78655120079004,210.35578042878478,-81.33562127344291,23257.959505648443,19555.94049435156,21406.95,21965.58,0.03500363729727418,0
2008-03-29,23345.0,23346.0,22998.0,23248.0,5502425523,239111,152,23369.0,23248.0,72.11947568331041,297.32693518955784,-5.60310998084276,23431.293484922186,19472.40651507781,21451.85,22016.9,0.058241569167240215,1
2008-03-30,23000.0,23299.0,22948.0,23196.0,3972833016,172467,144,23248.0,23196.0,70.94847399242414,357.93023951563737,67.10355991845327,23587.722289779813,19405.17771022019,21496.45,22058.94,0.056777030522503935,1
2008-04-02,23240.0,23659.0,23190.0,23656.0,44193587549,1868040,262,23196.0,23656.0,74.8402703173532,438.02764046039374,141.28837602684138,23837.448467995368,19292.75153200463,21565.1,22108.6,0.018177206628339437,0
2008-04-05,23999.0,24100.0,23656.0,23717.0,3847098271,160805,204,23656.0,23717.0,75.31256580455367,500.6563433036026,213.16196948219363,24139.456648200518,19272.343351799485,21705.9,22160.36,0.011046928363620978,0
2008-04-06,24001.0,24191.0,24000.0,24187.0,29691121769,1227557,330,23717.0,24187.0,78.63968383656199,581.5118074308593,286.8319370719268,24488.769560363085,19282.43043963691,21885.6,22222.04,-0.013064869558026992,0
2008-04-07,24670.0,24670.0,24510.0,24602.0,15008313160,608429,312,24187.0,24602.0,81.06610972430872,671.3386034572795,363.7332703489974,24853.664417663746,19344.435582336253,22099.05,22288.44,-0.04471181204780095,0
2008-04-08,24900.0,24900.0,24110.0,24513.0,4394314367,181160,114,24602.0,24513.0,78.99368706195969,726.9654253758999,436.37970135437786,25126.47832839927,19491.821671600734,22309.15,22345.52,-0.04307918247460529,0
2008-04-09,24023.0,24698.0,24023.0,24086.0,16598329817,689364,392,24513.0,24086.0,69.77701867579229,728.2005089260892,494.74386286872016,25267.423191490398,19721.076808509602,22494.25,22389.46,-0.027983060699161344,0
2008-04-12,23707.0,23979.0,23605.0,23979.0,3840766463,162598,119,24086.0,23979.0,67.64706041963456,712.3339731443157,538.2618849238393,25359.298514888033,19972.50148511197,22665.9,22422.52,-0.0249384878435297,0
2008-04-13,23500.0,23871.0,23500.0,23871.0,3717233710,158180,42,23979.0,23871.0,65.47457906114889,683.1697759005438,567.2434631191802,25390.534025408026,20272.265974591977,22831.4,22444.5,-0.022831050228310557,0
2008-04-14,23394.0,23970.0,23394.0,23502.0,12891628214,550774,354,23871.0,23502.0,58.55530303089268,623.0990256280675,578.4145756209577,25328.584649987337,20628.11535001266,22978.35,22450.0,-0.02289166879414517,0
2008-04-15,23602.0,23898.0,23300.0,23457.0,14226002861,608373,203,23502.0,23457.0,57.7537378030778,565.344460307715,575.8005525583092,25271.436928543822,20933.563071456178,23102.5,22453.74,-0.031717610947691544,0
2008-04-16,23381.0,23412.0,23103.0,23412.0,3138226763,135122,139,23457.0,23412.0,56.91469953909157,510.0627414919654,562.6529903450405,25196.861667052963,21231.838332947034,23214.35,22452.54,-0.015932000683410164,0
2008-04-19,23450.0,23500.0,23001.0,23381.0,1892409229,81764,75,23412.0,23381.0,56.3078175782045,458.4652382432505,541.8154399246826,25074.781570132367,21573.41842986763,23324.1,22449.08,-0.004490825884264971,0
2008-04-20,23143.0,23326.0,23038.0,23326.0,3148947283,136331,91,23381.0,23326.0,55.18353627687672,408.4277044929113,515.1378928383283,24884.990494984806,21976.009505015194,23430.5,22453.7,-0.0028723313041241205,0
2008-04-21,23022.0,23022.0,22860.0,22964.0,12913786512,564550,227,23326.0,22964.0,48.341891846675225,335.69256888232485,479.24882804712763,24716.736752450848,22278.563247549155,23497.65,22454.88,0.005835220344887704,0
2008-04-22,22505.0,22890.0,22505.0,22713.0,9085972554,403150,215,22964.0,22713.0,44.245772618051504,254.85800316027235,434.3706630697566,24620.1758556302,22441.2241443698,23530.7,22451.72,0.01179941002949847,0
2008-04-23,22921.0,23167.0,22498.0,23039.0,12443358893,537736,259,22713.0,23039.0,50.15339945259333,214.62741174658368,390.422012805122,24566.44732138132,22549.55267861868,23558.0,22463.66,-0.003732800902816913,0
2008-04-26,23498.0,23499.0,23135.0,23276.0,8911412666,379548,173,23039.0,23276.0,53.971744710655585,199.56780409486964,352.2511710630715,24552.38299565921,22597.017004340792,23574.7,22485.1,-0.01946210689121841,0
2008-04-27,23639.0,23640.0,23020.0,23259.0,2621436151,113123,99,23276.0,23259.0,53.654255419867994,184.13856386523548,318.6286496235043,24552.670304585332,22585.72969541467,23569.2,22499.02,-0.03835074594780519,0
2008-04-28,22951.0,23098.0,22794.0,23098.0,5578443464,244706,121,23259.0,23098.0,50.61740014170061,157.10837777233246,286.32459525326993,24557.069700162287,22566.330299837715,23561.7,22500.72,-0.030132479002511037,0
2008-04-29,23000.0,23000.0,22637.0,22981.0,4613365890,203300,140,23098.0,22981.0,48.47035680988023,124.8071393488608,254.0211040723881,24566.328643660167,22535.571356339835,23550.95,22500.16,-0.020495191680083513,0
2008-04-30,22700.0,22953.0,22581.0,22953.0,1266286071,55967,53,22981.0,22953.0,47.946210998001305,95.84397945185265,222.385679148281,24562.39134336242,22469.20865663758,23515.8,22508.22,-0.01964884764518804,0
2008-05-03,22600.0,22873.0,22494.0,22823.0,4564940847,202851,145,22953.0,22823.0,45.48679902206806,61.68943560717162,190.24643044005916,24555.19370443756,22387.006295562438,23471.1,22514.14,-0.008631643517504228,0
2008-05-04,22400.0,22599.0,22367.0,22367.0,36348140208,1625060,203,22823.0,22367.0,38.10353450651755,-2.148904278063128,151.7673634964347,24512.99009175698,22247.209908243018,23380.1,22513.04,0.018643537354137818,0
2008-05-05,22367.0,22710.0,22367.0,22402.0,1976807960,87262,60,22367.0,22402.0,38.922996207959535,-49.348185905779246,111.54425361599192,24332.06419902044,22208.13580097956,23270.1,22513.16,0.023792518525131756,0
2008-05-06,22850.0,22850.0,22394.0,22510.0,5635847274,248192,128,22402.0,22510.0,41.49684195613975,-77.14992295420961,73.80541830195162,24115.591681611546,22224.308318388456,23169.95,22515.46,0.03478454020435362,0
2008-05-07,22650.0,22940.0,22401.0,22502.0,5670773904,252178,118,22510.0,22502.0,41.35781044438704,-98.69088590720276,39.306157460120744,23979.878534015807,22201.621465984193,23090.75,22517.72,0.03528575237756648,0
2008-05-10,22999.0,23177.0,22626.0,22626.0,3644007840,158070,98,22502.0,22626.0,44.46373734471142,-104.55128838140445,10.534668291815706,23834.052748315884,22212.147251684113,23023.1,22522.86,0.02872801202156805,0
2008-05-11,23303.0,23304.0,22784.0,22784.0,4125280075,177405,137,22626.0,22784.0,48.22651484587029,-95.3473155235115,-10.641728471249737,23685.322082906587,22252.177917093413,22968.75,22531.38,0.02106741573033699,0
2008-05-12,23467.0,23467.0,22935.0,22935.0,3661785360,156040,70,22784.0,22935.0,51.601474334841065,-75.00406253771143,-23.514195284542076,23613.9112174278,22266.8887825722,22940.4,22543.08,0.011859603226509696,0
2008-05-13,23623.0,23623.0,23293.0,23293.0,9216727291,390882,226,22935.0,23293.0,58.50740921885625,-29.652464756389236,-24.74184917891151,23583.996471301492,22280.40352869851,22932.2,22562.86,-0.006783153737174308,0
2008-05-14,23400.0,23400.0,23150.0,23296.0,3562010090,152811,103,23293.0,23296.0,58.56077033828386,6.456649912812281,-18.502149360566754,23562.900243520045,22289.899756479957,22926.4,22583.12,-0.005365728021977989,0
2008-05-17,23247.0,23300.0,23008.0,23276.0,4182782067,180159,90,23296.0,23276.0,58.025019207778016,33.07824516745313,-8.186070454962778,23544.154101110962,22298.14589888904,22921.15,22630.62,0.0,0
2008-05-18,23397.0,23397.0,23022.0,23264.0,2943692752,126824,95,23276.0,23264.0,57.68402437301309,52.60139535080452,3.9714227061906824,23533.536953558785,22302.563046441213,22918.05,22684.04,0.004126547455295837,0
2008-05-19,23000.0,23207.0,22752.0,23207.0,2477565764,108205,92,23264.0,23207.0,56.000562857425685,62.75085608875088,15.727309382702721,23558.300183092695,22302.099816907306,22930.2,22741.52,0.016503641142758596,0
2008-05-20,22900.0,23135.0,22750.0,23135.0,3228222231,141288,120,23207.0,23135.0,53.862234802288995,64.24401357758325,25.430650221678825,23577.14538026663,22325.45461973337,22951.3,22798.0,0.03432029392695046,0
2008-05-21,23300.0,23700.0,22929.0,23171.0,2639374054,112996,103,23135.0,23171.0,54.79174545039968,67.55353567193742,33.855227311730545,23590.05786003267,22325.742139967333,22957.9,22853.74,0.04928574511242512,0
2008-05-24,23500.0,23590.0,23276.0,23276.0,10062795557,428236,129,23171.0,23276.0,57.482284024363295,77.75269360145103,42.63472056967464,23590.05786003267,22325.742139967333,22957.9,22908.34,0.04738786733115652,0
2008-05-25,23600.0,23899.0,23360.0,23360.0,16960040558,715684,128,23276.0,23360.0,59.55600445969554,91.55827096957728,52.41943064965517,23606.165508209408,22319.734491790594,22962.95,22964.32,0.03827054794520546,0
2008-05-26,23950.0,24060.0,23590.0,23590.0,5570372540,231564,114,23360.0,23590.0,64.6412345436955,119.67878576260773,65.87130167224569,23684.899403097963,22290.200596902036,22987.55,23024.86,0.04688427299703268,0
2008-05-27,24297.0,24297.0,23751.0,23929.0,8507238301,350518,149,23590.0,23929.0,70.5240012827861,167.3894023581488,86.17492180942631,23844.002649708968,22225.897350291034,23034.95,23083.96,0.0629779765138534,1
2008-05-28,24628.0,24646.0,24313.0,24313.0,22312941452,906187,169,23929.0,24313.0,75.49701577581695,233.49442217108663,115.63882188175839,24083.46485965339,22122.43514034661,23102.95,23146.72,0.07757166947723437,1
2008-05-31,24646.0,24700.0,24379.0,24379.0,3385252063,137336,128,24313.0,24379.0,76.23903087122217,287.8901565296983,150.08908881134636,24297.524081898897,22063.975918101103,23180.75,23210.58,0.10685425981377406,1
2008-06-01,24379.0,24380.0,24000.0,24254.0,7751971842,321566,212,24379.0,24254.0,71.80403354700056,317.25558764793095,183.52238857866328,24419.43909310184,22130.76090689816,23275.1,23271.7,0.14591407602869633,1
2008-06-02,24200.0,24981.0,24100.0,24696.0,22219890636,894284,338,24254.0,24696.0,76.91731077162974,371.9065027673714,221.19921141640492,24617.895370889884,22161.704629110114,23389.8,23333.2,0.15719144800777451,1
2008-06-09,25436.0,25436.0,25436.0,25436.0,28037288848,1102268,396,24696.0,25436.0,82.604951267134,469.517259595792,270.86282105228236,24987.024105527642,22085.175894472355,23536.1,23400.88,0.15560622739424446,1
2008-06-10,26199.0,26199.0,26199.0,26199.0,23545617678,898722,243,25436.0,26199.0,86.34187556385758,601.5083966027232,336.9919361623705,25502.196021750293,21939.70397824971,23720.95,23475.0,0.12817283102408483,1
2008-06-11,26984.0,26984.0,26984.0,26984.0,28744544096,1065244,300,26199.0,26984.0,88.967791961709,760.6865421596885,421.7308573618342,26146.25383935547,21731.446160644526,23938.85,23555.84,0.0856433442039728,1
2008-06-14,27793.0,27793.0,27793.0,27793.0,20833021354,749578,173,26984.0,27793.0,90.90786932065531,941.265584494522,525.6378027883718,26895.938069635715,21482.661930364284,24189.3,23644.32,0.028316482567553036,0
2008-06-15,28380.0,28626.0,27900.0,28578.0,55674773964,1948143,864,27793.0,28578.0,92.31931008179421,1134.6393004606216,647.4381023228218,27718.747182273502,21224.1528177265,24471.45,23750.92,-0.01368185317377002,0
2008-06-16,29416.0,29435.0,29000.0,29394.0,46412273417,1578693,744,28578.0,29394.0,93.45645377331978,1338.3065787763917,785.6117976135358,28615.935870020683,20937.064129979317,24776.5,23874.88,-0.06463904198135673,0
2008-06-21,29990.0,30990.0,29010.0,29557.0,28365136055,959663,556,29394.0,29557.0,93.65842719628917,1495.6264512029738,927.6147283314235,29388.564606860687,20790.53539313931,25089.55,23992.9,-0.09642385898433536,0
2008-06-22,29500.0,29500.0,28671.0,29295.0,8196595702,283550,198,29557.0,29295.0,88.90812880013388,1580.9383005263335,1058.2794427704057,29972.924271060205,20808.075728939795,25390.5,24104.46,-0.07881891107697558,0
2008-06-23,29100.0,29295.0,28417.0,28580.0,21968820801,768665,366,29295.0,28580.0,77.37460746171192,1572.724640588498,1161.1684823340242,30330.291360711068,20982.30863928893,25656.3,24192.32,-0.03040587823652907,0
2008-06-24,27723.0,28187.0,27723.0,28187.0,8940783032,322504,100,28580.0,28187.0,71.85688287529882,1517.016221656133,1232.3380301984462,30561.399831404153,21249.200168595846,25905.3,24264.02,-0.014687621953382801,0
2008-06-25,27342.0,28880.0,27342.0,27494.0,38173851787,1388438,584,28187.0,27494.0,63.28653855008866,1400.8000390549205,1266.0304319697411,30646.427859647112,21600.072140352888,26123.25,24323.64,0.040445188041027036,0
2008-06-28,27498.0,27498.0,26670.0,26707.0,30341838371,1136060,507,27494.0,26707.0,55.2302811758199,1231.003314349644,1259.0250084457216,30619.66824586408,21980.43175413592,26300.05,24376.06,0.07552327105253309,1
2008-06-29,25906.0,27508.0,25906.0,26986.0,27147195843,1005945,505,26707.0,26986.0,57.30524563871005,1106.1995748871086,1228.459921733999,30582.694199317608,22388.40580068239,26485.55,24436.2,0.09630919736159482,1
2008-06-30,27795.0,27795.0,27711.0,27711.0,17548079646,631340,306,26986.0,27711.0,62.207046023656694,1053.6473622040721,1193.4974098280136,30568.82264395701,22837.377356042987,26703.1,24513.0,0.08411822020136417,1
2008-07-01,28542.0,28542.0,27773.0,27773.0,1494422888,52359,31,27711.0,27773.0,62.60246944938754,1005.4124677976579,1155.8804214219426,30526.042405493434,23298.457594506566,26912.25,24598.42,0.09318402765275624,1
2008-07-02,28606.0,28606.0,28606.0,28606.0,23707479954,828759,215,27773.0,28606.0,67.51959194547307,1022.6140466211509,1129.2271464617843,30557.046197171992,23735.153802828005,27146.1,24701.4,0.036495840033559324,0
2008-07-05,29464.0,29464.0,28724.0,28724.0,2866250520,97280,52,28606.0,28724.0,68.15827641990295,1033.8504511509964,1110.1518073996267,30581.09354593484,24152.206454065163,27366.65,24807.64,0.0012881214315554335,0
2008-07-06,29585.0,29585.0,29585.0,29585.0,21591724700,729820,255,28724.0,29585.0,72.41982741293884,1099.5558911541411,1108.0326241505295,30670.077961489984,24583.822038510018,27626.95,24931.72,-0.024438059827615377,0
2008-07-07,30472.0,30472.0,28698.0,30042.0,84374633484,2808496,867,29585.0,30042.0,74.37980575219464,1174.9598012289243,1121.4180595662085,30712.195723569566,25120.50427643043,27916.35,25066.04,-0.03927834365222027,0
2008-07-08,30600.0,30943.0,29210.0,30361.0,35882398433,1181856,554,30042.0,30361.0,75.67905906156649,1246.0943769145306,1146.353323035873,30771.945808790544,25627.254191209453,28199.6,25213.98,-0.09340930799380787,0
2008-07-09,30363.0,30367.0,29451.0,29650.0,17846128298,604275,283,30361.0,29650.0,67.46675810444417,1230.908139894258,1163.2642864075501,30719.54663905836,26101.053360941638,28410.3,25352.72,-0.08988195615514338,0
2008-07-12,28761.0,28779.0,28761.0,28761.0,27013355737,939206,313,29650.0,28761.0,58.86541647248964,1134.0652688396913,1157.4244828939784,30615.323243647286,26461.476756352717,28538.4,25467.16,-0.06703522130663053,0
2008-07-13,28200.0,29623.0,28101.0,28862.0,5249328006,180031,111,28761.0,28862.0,59.49719627688525,1053.3243838956332,1136.6044630943093,30585.771996216576,26678.828003783423,28632.3,25578.88,-0.07636338438084678,0
2008-07-19,25722.0,28862.0,25722.0,28862.0,1471298688620,57200010,2,28862.0,28862.0,59.49719627688525,978.0621591229865,1104.8960023000448,30602.59447726006,26768.90552273994,28685.75,25690.94,-0.0766405654493798,0
2008-08-10,28600.0,28600.0,27001.0,27525.0,26799718791,973642,436,28862.0,27525.0,48.14480255910017,801.2947504364638,1044.1757519273287,30615.611225693912,26650.588774306085,28633.1,25779.48,-0.021217075386012696,0
2008-08-11,27000.0,27190.0,26700.0,26985.0,20459297062,763067,295,27525.0,26985.0,44.455349345584246,610.5932792383501,957.4592573895331,30586.238896093524,26439.06110390648,28512.65,25859.56,0.0007411524921252521,0
2008-08-12,26690.0,26833.0,26186.0,26833.0,4066838150,154681,120,26985.0,26833.0,43.44610129487958,442.099610587542,854.387328029135,30514.598869934533,26238.30113006547,28376.45,25937.16,0.03659672790966351,0
2008-08-13,26201.0,26658.0,26043.0,26658.0,698226363177,26600346,164,26833.0,26658.0,42.256646172525606,291.09061537009256,741.7279854973266,30463.611077034606,26025.58892296539,28244.6,26013.86,0.06046965263710713,1
2008-08-16,26200.0,27450.0,26100.0,26650.0,1923182875,72353,75,26658.0,26650.0,42.19976822217065,168.82327592200454,627.1470435822622,30466.032777282864,25830.167222717133,28148.1,26099.52,0.06454033771106937,1
2008-08-18,27449.0,27449.0,26941.0,26941.0,8029267781,293596,214,26650.0,26941.0,45.094779362774496,94.31953959176826,520.5815427841634,30462.43683384783,25709.163166152168,28085.8,26190.3,0.041535206562488325,0
2008-08-19,27749.0,27749.0,27005.0,27005.0,1541310765,55545,24,26941.0,27005.0,45.73848050383714,39.97821295592803,424.46087681851634,30471.65946353414,25651.040536465858,28061.35,26280.2,0.0382892057026476,0
2008-08-20,27815.0,27815.0,27815.0,27815.0,881180256970,31680038,313,27005.0,27815.0,53.21451804919776,61.56289193974226,351.88127984276156,30449.688051042558,25783.811948957442,28116.75,26386.46,-0.007477979507459986,0
2008-08-23,28550.0,28649.0,28000.0,28270.0,584191026854,20391516,265,27815.0,28270.0,56.8139507614595,114.06869009584261,304.31876189337777,30455.832720054437,25906.067279945564,28180.95,26499.34,-0.024230633180049477,0
2008-08-24,28997.0,29110.0,28281.0,28370.0,4914696976,171353,153,28270.0,28370.0,57.58628022157636,161.88299132815519,275.8316077803333,30479.672707047703,25948.1272929523,28213.9,26611.06,-0.05682058512513222,0
2008-08-25,28500.0,28500.0,27519.0,28060.0,7434884480,269759,119,28370.0,28060.0,54.34183953894634,172.770173304154,255.21932088509746,30486.293566896413,25970.206433103587,28228.25,26713.56,-0.04144689950106917,0
2008-08-26,27219.0,28039.0,27219.0,28039.0,472121755,17345,18,28060.0,28039.0,54.11939791711212,177.6559121935643,239.70663914679085,30452.491831646887,25947.308168353116,28199.9,26808.48,-0.04069332001854564,0
2008-08-27,27198.0,27607.0,27198.0,27607.0,9826886272,361309,186,28039.0,27607.0,49.61968453492201,144.99766303633805,220.7648439247003,30397.283895982007,25890.81610401799,28144.05,26894.7,-0.027710363313652286,0
2008-08-30,26779.0,27585.0,26779.0,27585.0,496356825,18535,20,27607.0,27585.0,49.39445067872541,116.00333491558922,199.8125421228781,30208.375065696513,25879.724934303485,28044.05,26980.88,-0.027007431575131413,0
2008-08-31,26758.0,26778.0,26758.0,26758.0,23996454080,896795,290,27585.0,26758.0,41.72680079459517,25.993495676651946,165.0487328336329,29906.88737262098,25852.81262737902,27879.85,27050.76,0.003064504073548191,0
2008-09-01,26800.0,27560.0,26000.0,26897.0,5131646453,188122,118,26758.0,26897.0,43.319421517098895,-33.73493672623954,125.29199892165843,29424.458286742767,25988.841713257236,27706.65,27124.56,-0.00635758634791983,0
2008-09-02,27703.0,27703.0,26898.0,26898.0,28249010,1020,3,26897.0,26898.0,43.33142081147331,-80.06650129572881,84.22029887818098,29069.24711704898,26068.852882951018,27569.05,27199.82,-0.03617369321139119,0
2008-10-28,26092.0,26842.0,26092.0,26842.0,1278776420,49010,12,26898.0,26842.0,42.785175823381934,-119.92095785250058,43.39204753204467,28899.75243139387,26046.447568606127,27473.1,27273.24,-0.06311005141196635,0
2008-10-29,26037.0,26840.0,26037.0,26840.0,52342400,2010,2,26842.0,26840.0,42.76444130317526,-149.93888298555612,4.725861428524514,28671.540995891246,26072.459004108754,27372.0,27344.52,-0.09113263785394932,0
2008-11-01,26035.0,26840.0,26035.0,26840.0,7323885,281,2,26840.0,26840.0,42.76444130317526,-171.74849517828625,-30.56900989283764,28393.62292218605,26148.177077813954,27270.9,27414.12,-0.11836810730253355,0
2008-11-08,26035.0,26726.0,26035.0,26726.0,2603767260,100010,22,26840.0,26726.0,41.436947072424694,-195.97256746400308,-63.64972140707073,28371.385263398133,26090.51473660187,27230.95,27476.84,-0.14113597246127363,0
2008-11-11,25925.0,25925.0,25925.0,25925.0,2592500,100,1,26726.0,25925.0,33.55520697381162,-276.615671762338,-106.2429114781242,28450.0975504052,25905.8024495948,27177.95,27516.76,-0.14113789778206365,0
2008-11-12,25148.0,25148.0,25148.0,25148.0,157552220,6265,3,25925.0,25148.0,27.992894819254275,-398.62818171958133,-164.71996552641565,28639.762236781535,25547.637763218467,27093.7,27533.46,-0.14112454270717356,0
2008-11-15,24394.0,24394.0,24394.0,24394.0,649904948,26642,8,25148.0,24394.0,23.85962254338601,-549.8274053986825,-241.74145350086903,28919.25233075344,25041.74766924656,26980.5,27533.76,-0.14110027055833396,0
2008-11-16,23663.0,23663.0,23663.0,23663.0,2366300,100,1,24394.0,23663.0,20.672683398560395,-720.3358865672235,-337.46034011413997,29249.590429285337,24412.709570714665,26831.15,27521.94,-0.11460930566707517,0
2008-11-17,22954.0,22954.0,22954.0,22954.0,25364170,1105,1,23663.0,22954.0,18.141636439952237,-902.2746010261399,-450.4231922965399,29580.348361482607,23683.25163851739,26631.8,27487.1,-0.11462054543870348,0
2008-11-23,22266.0,22266.0,22266.0,22266.0,22533192,1012,1,22954.0,22266.0,16.083766198207755,-1089.4200371289844,-578.2225612630289,29895.356036275567,22894.34396372443,26394.85,27423.7,-0.11461421000628758,0
2008-11-24,21599.0,21599.0,21599.0,21599.0,22678950,1050,2,22266.0,21599.0,14.38065756099563,-1276.8368883533876,-717.9454266811007,30092.020332974233,22076.079667025766,26084.05,27331.7,-0.1146349368026297,0
2008-11-25,20952.0,20952.0,20952.0,20952.0,25393824,1212,3,21599.0,20952.0,12.948362246972437,-1460.7351405850059,-866.5033694618817,30172.384716536777,21263.915283463226,25718.15,27211.06,-0.11464299350897289,0
2008-11-26,20324.0,20951.0,20324.0,20951.0,20533510,1010,2,20952.0,20951.0,12.946216012935082,-1588.2481856031118,-1010.8523326901278,30083.07092729535,20611.32907270465,25347.2,27074.22,-0.14113884778769514,0
2008-11-29,20323.0,20323.0,20323.0,20323.0,10161500,500,1,20951.0,20323.0,11.641231141973734,-1720.1487401260965,-1152.7116141773217,30000.838280911004,19919.861719088993,24960.35,26909.12,-0.14112089750528956,0
2008-11-30,19714.0,19714.0,19714.0,19714.0,1517978,77,1,20323.0,19714.0,10.532476482274546,-1852.4679923577605,-1292.6628898134095,29866.006271252903,19222.193728747094,24544.1,26715.52,-0.14111798721720603,0
2008-12-01,19123.0,19123.0,19123.0,19123.0,15298400,800,1,19714.0,19123.0,9.578996795403114,-1982.1714749625426,-1430.564606843236,29741.669966834364,18498.13003316564,24119.9,26506.84,-0.1410866495842702,0
2008-12-02,18550.0,18550.0,18550.0,18550.0,185500,10,1,19123.0,18550.0,8.751762910652047,-2106.9115656077374,-1565.8339985961363,29549.591907389775,17786.708092610228,23668.15,26291.94,-0.14107816711590293,0
2008-12-03,17994.0,17994.0,17994.0,17994.0,3601247184,200136,54,18550.0,17994.0,8.027351288647083,-2224.9852939980483,-1697.664257676519,29422.933367489415,17036.966632510586,23229.95,26080.22,-0.1410470156718906,0
2008-12-06,17455.0,17455.0,17455.0,17455.0,8814775,505,2,17994.0,17455.0,7.38884513594985,-2335.134394087345,-1825.1582849586841,29195.402928714473,16320.297071285524,22757.85,25865.58,-0.1145230592953308,0
2008-12-10,16932.0,16932.0,16932.0,16932.0,17355300,1025,1,17455.0,16932.0,6.8218340197145295,-2436.543126133518,-1947.435253193651,28878.37265890242,15640.72734109758,22259.55,25654.34,-0.0874675171273328,0
2008-12-13,16425.0,16425.0,16425.0,16425.0,17246250,1050,1,16932.0,16425.0,6.3158489546814565,-2528.671983136832,-2063.6825991822875,28471.62652863522,15005.773471364782,21738.7,25448.7,-0.05936073059360736,0
2008-12-14,15933.0,15933.0,15933.0,15933.0,5650080795,354615,93,16425.0,15933.0,5.861502318011304,-2611.2838000694937,-2173.202839359729,27951.99271211311,14434.707287886888,21193.35,25227.64,-0.059373627063327716,0
2008-12-21,15456.0,15456.0,15456.0,15933.0,819168,53,1,15933.0,15456.0,5.4520061175881125,-2684.3012201726415,-2275.4225155223116,27301.709622347033,13946.59037765297,20624.15,24982.54,-0.05939440993788825,0
2008-12-22,15456.0,15456.0,15456.0,15928.0,108192000,7000,4,15933.0,15456.0,5.4520061175881125,-2710.9182732999216,-2362.5216670778336,26480.54982086942,13640.750179130584,20060.65,24736.2,-0.08760351966873703,0
2008-12-23,15451.0,15451.0,15451.0,15927.0,19885437,1287,1,15928.0,15451.0,5.447379649494081,-2701.27729471531,-2430.272792605329,25659.83505444933,13414.06494555067,19536.95,24473.1,-0.11468513364830757,0
2008-12-30,15450.0,15450.0,15450.0,15450.0,8497500,550,1,15927.0,15450.0,5.446384206966783,-2663.0198067106685,-2476.8221954263972,24848.002466161088,13256.097533838913,19052.05,24207.62,-0.14116504854368928,0
2008-12-31,14987.0,14987.0,14987.0,14987.0,10490900,700,1,15450.0,14987.0,4.991572529288618,-2639.6326601918154,-2509.384288379481,24086.76937649278,13076.630623507222,18581.7,23915.66,-0.14118903049309406,0
2009-01-03,14538.0,14538.0,14538.0,14538.0,6105960,420,1,14987.0,14538.0,4.591170061554195,-2627.045777190524,-2532.9165861416895,23377.06999672467,12873.830003275332,18125.45,23605.58,-0.14121612326317234,0
2009-01-04,14102.0,14102.0,14102.0,14102.0,3948560,280,1,14538.0,14102.0,4.2358461994473515,-2622.027042335487,-2550.738677380449,22719.772126656142,12645.927873343855,17682.85,23280.4,-0.141185647425897,0
2009-01-05,13679.0,13679.0,13679.0,13679.0,4719255,345,1,14102.0,13679.0,3.9189552336127207,-2621.957924801365,-2564.9825268646323,22115.426470032027,12391.573529967975,17253.5,22960.98,-0.1411652898603699,0
2009-01-11,13269.0,13269.0,13269.0,13269.0,8757540,660,1,13679.0,13269.0,3.6350895086729906,-2624.7304632028245,-2576.9321141322707,21563.839747653594,12110.160252346406,16837.0,22651.14,-0.14115607807672015,0
2009-01-12,12871.0,12871.0,12871.0,12871.0,15573910,1210,1,13269.0,12871.0,3.379206589364827,-2628.7405093782963,-2587.293793181476,21064.275359980416,11801.624640019585,16432.95,22331.32,-0.06767150959521406,0
2009-01-13,12485.0,12485.0,12485.0,12485.0,10624735,851,1,12871.0,12485.0,3.1477769123211345,-2632.717149437387,-2596.3784644326583,20455.676283097928,11563.623716902071,16009.65,22003.78,-0.06023227873448134,0
2009-01-14,12111.0,12111.0,12111.0,12111.0,605550,50,1,12485.0,12111.0,2.9378343058611023,-2635.665033820578,-2604.2357783102425,19889.933008192766,11308.166991807233,15599.05,21695.5,-0.030137891173313558,0
2009-01-17,11748.0,11748.0,11748.0,11748.0,3576502380,304435,80,12111.0,11748.0,2.7463751226887183,-2636.895826043072,-2610.7677878568084,19366.88249309203,11034.617506907967,15200.75,21390.76,-0.027749404153898483,0
2009-01-18,11396.0,11396.0,11396.0,11685.0,1431497144,125614,177,11748.0,11396.0,2.571376248897522,-2635.8897991399754,-2615.792190113442,18886.010266221103,10742.789733778896,14814.4,21082.02,0.0002632502632502476,0
2009-01-19,11335.0,12035.0,11335.0,11392.0,34178629004,3000199,4318,11685.0,12000.0,12.834910505533827,-2556.88063505191,-2604.0098791011355,18352.415898298303,10621.384101701697,14486.9,20788.86,-0.05841666666666667,0
2009-01-20,11733.0,11733.0,11733.0,11404.0,291494652,24844,37,11392.0,11733.0,12.221980394531258,-2487.139772760098,-2580.635857832928,17862.624174437467,10485.075825562533,14173.85,20490.52,-0.019858518707917883,0
2009-01-21,11746.0,11746.0,11746.0,11422.0,441849282,37617,42,11404.0,11746.0,12.44122784380167,-2403.11898580486,-2545.1324834273146,17396.509200124292,10380.290799875707,13888.4,20186.62,-0.02656223395198365,0
2009-01-24,11764.0,11764.0,11083.0,11751.0,35471476387,3018485,543,11422.0,11422.0,11.65956838708371,-2335.750916414805,-2503.2561700248125,16984.421134443113,10241.378865556886,13612.9,19874.96,-0.0019261075118193194,0
2009-01-25,11413.0,11740.0,11399.0,11509.0,5580482184,489378,197,11751.0,11399.0,11.603833983422192,-2258.186179241229,-2454.242171868096,16604.012274834353,10119.187725165648,13361.6,19546.64,0.0018422668655144747,0
2009-01-26,11201.0,11647.0,11164.0,11424.0,2119757279,189356,180,11509.0,11299.0,11.349803362724913,-2179.658978558331,-2399.3255332061435,16264.695361741557,9995.104638258443,13129.9,19207.22,8.850340738120188e-05,0
2009-01-27,11479.0,11648.0,11479.0,11434.0,1032366399,89767,110,11424.0,11500.0,15.360663814816675,-2077.261211885878,-2334.9126689420905,15951.969063386077,9912.230936613923,12932.1,18869.82,-0.03826086956521735,0
2009-01-28,11500.0,11501.0,11434.0,11434.0,1395265888,122007,147,11434.0,11434.0,15.118779809017369,-1978.6275062378209,-2263.6556364012367,15582.787299220652,9879.212700779348,12731.0,18537.3,-0.034895924435892955,0
2009-01-31,11167.0,11413.0,11167.0,11429.0,539281363,47465,60,11434.0,11400.0,14.987844728944324,-1881.5141755307923,-2187.227344227148,15144.404317260938,9912.495682739063,12528.45,18204.52,-0.038070175438596476,0
2009-02-01,11400.0,11500.0,11249.0,11420.0,1312997795,115424,153,11429.0,11420.0,15.451697261317562,-1782.3910340876118,-2106.260082199241,14611.561430855596,10042.338569144405,12326.95,17880.78,-0.040980735551663705,0
2009-02-02,11300.0,11310.0,11299.0,11391.0,1919285338,169834,200,11420.0,11300.0,14.925482275510035,-1693.9909542208734,-2023.8062566035676,14112.18415915542,10173.01584084458,12142.6,17555.08,-0.03265486725663713,0
2009-02-03,11199.0,11200.0,11055.0,11376.0,377666974,34089,66,11391.0,11060.0,13.905509441969556,-1624.5721913142188,-1943.959443545698,13655.446347260278,10281.953652739723,11968.7,17241.12,-0.014376130198915038,0
2009-02-04,11036.0,11037.0,11035.0,11305.0,1612043101,146074,188,11376.0,11035.0,13.799719605907782,-1553.6649304464463,-1865.9005409258475,13234.932230797436,10395.767769202565,11815.35,16923.88,-0.01513366560942453,0
2009-02-07,10966.0,11000.0,10966.0,11290.0,332709292,30339,44,11305.0,10966.0,13.49457203220716,-1485.9094989352707,-1789.9023325277321,12859.212967285976,10500.187032714026,11679.7,16605.24,-0.012310778770745934,0
2009-02-08,10952.0,11000.0,10952.0,11269.0,488833364,44632,56,11290.0,10952.0,13.429683334273008,-1417.0081266808156,-1715.323491358349,12532.509129929469,10595.190870070532,11563.85,16287.44,-0.021731190650109533,0
2009-02-09,10931.0,10931.0,10931.0,11238.0,702207440,64240,81,11269.0,10931.0,13.326171197330666,-1348.5525429865174,-1641.9693016839828,12266.247341749191,10667.45265825081,11466.85,15969.26,-0.0232366663617235,0
2009-02-11,10901.0,10902.0,10901.0,11204.0,764901877,70168,78,11238.0,10901.0,13.170001073093232,-1281.9442931635022,-1569.9642999798868,12073.694393604115,10701.605606395884,11387.65,15650.48,-0.02330061462251165,0
2009-02-14,10868.0,10869.0,10868.0,11165.0,880189457,80989,98,11204.0,10868.0,12.989671029133874,-1217.7817693059988,-1499.5277938451093,11961.555500719562,10689.444499280438,11325.5,15333.32,-0.023187338976812688,0
2009-02-15,10831.0,10832.0,10831.0,11045.0,2749741984,253864,286,11165.0,10831.0,12.778404174612021,-1156.5856976876585,-1430.9393746136193,11919.464434031925,10639.835565968075,11279.65,15031.44,-0.02252792909241985,0
2009-02-17,10714.0,10714.0,10714.0,11007.0,875805216,81744,90,11045.0,10714.0,12.10779850648531,-1104.79292707286,-1365.7100851054677,11928.188843016993,10562.911156983006,11245.55,14742.76,-0.014560388277020775,0
2009-02-18,10677.0,10677.0,10677.0,10976.0,700144275,65575,74,11007.0,10677.0,11.895198709071849,-1054.5758797014623,-1303.4832440246666,11811.304549750635,10547.495450249364,11179.4,14468.42,-0.01376791233492558,0
2009-02-21,10647.0,10647.0,10647.0,10944.0,740200734,69522,85,10976.0,10647.0,11.715574256959997,-1005.6072428184416,-1243.9080437834216,11743.892986381983,10506.307013618018,11125.1,14208.1,-0.013431013431013383,0
2009-02-22,10616.0,10616.0,10616.0,10914.0,676462136,63721,73,10944.0,10616.0,11.521956533177715,-958.2545245446399,-1186.7773399356654,11655.855446969637,10481.344553030363,11068.6,13961.34,-0.013376036171816152,0
2009-02-23,10587.0,10587.0,10587.0,10884.0,682850913,64499,76,10914.0,10587.0,11.333262800344187,-912.5479273267665,-1131.9314574138857,11626.27147942453,10427.428520575471,11026.85,13727.76,-0.014357230565788193,0
2009-02-25,10558.0,10559.0,10558.0,10855.0,650958190,61655,70,10884.0,10558.0,11.13684621817059,-868.6518989956476,-1079.2755457302383,11591.840558773032,10377.759441226966,10984.8,13506.94,-0.01505967039211975,0
2009-02-28,10530.0,10530.0,10530.0,10828.0,615889170,58489,65,10855.0,10530.0,10.939706746957356,-826.5948751009473,-1028.7394116043802,11566.195876001011,10326.50412399899,10946.35,13298.5,-0.01576448243114914,0
2009-03-01,10504.0,10504.0,10504.0,10796.0,722958808,68827,78,10828.0,10504.0,10.749425228837652,-786.2984048119251,-980.2512102458892,11489.94513816296,10303.154861837038,10896.55,13089.56,-0.016565118050266614,0
2009-03-02,10473.0,10474.0,10473.0,10757.0,899293091,85867,92,10796.0,10474.0,10.522008624334475,-748.1595929921859,-933.8328867951486,11414.978274360858,10282.121725639141,10848.55,12892.58,-0.016517089936986862,0
2009-03-03,10435.0,10435.0,10435.0,10720.0,843721925,80855,104,10757.0,10435.0,10.219326185350909,-712.8638333842173,-889.6390761129624,11334.073397609322,10266.526602390677,10800.3,12707.0,-0.015524676569238172,0
2009-03-04,10399.0,10399.0,10399.0,10684.0,809967711,77889,85,10720.0,10399.0,9.93521494518501,-679.9584509747347,-847.7029510853168,11228.720906307544,10269.779093692456,10749.25,12532.52,-0.014424463890758688,0
2009-03-07,10364.0,10364.0,10364.0,10649.0,791115212,76333,84,10684.0,10364.0,9.654197953097778,-649.2210892467956,-808.0065787176126,11138.511681411426,10266.388318588575,10702.45,12368.8,-0.013315322269394025,0
2009-03-08,10330.0,10330.0,10330.0,10619.0,685354180,66346,76,10649.0,10330.0,9.376736546481368,-620.4528304656815,-770.4958290672264,11098.380560894284,10233.519439105718,10665.95,12215.52,-0.012197483059051328,0
2009-03-09,10301.0,10301.0,10301.0,10590.0,651301327,63227,76,10619.0,10301.0,9.135565274789755,-593.1562991646315,-735.0279230867075,11054.698880590055,10203.801119409945,10629.25,12072.44,-0.01135812057081842,0
2009-03-10,10273.0,10274.0,10273.0,10565.0,569689225,55455,60,10590.0,10273.0,8.897611811313581,-567.2441302060924,-701.4711645105845,11017.573947182704,10171.626052817297,10594.6,11939.26,-0.01148642071449435,0
2009-03-11,10249.0,10249.0,10249.0,10542.0,522975723,51027,53,10565.0,10249.0,8.688706432108518,-542.3927826721247,-669.6554881428925,10974.547325931284,10144.352674068718,10559.45,11815.74,-0.010927895404429733,0
2009-03-14,10226.0,10226.0,10226.0,10519.0,513989438,50263,58,10542.0,10226.0,8.483148372522365,-518.5759971948319,-639.4395899532803,10926.646816356259,10121.753183643743,10524.2,11701.6,-0.010267944455309985,0
2009-03-16,10204.0,10205.0,10204.0,10498.0,474292134,46481,53,10519.0,10204.0,8.281330768876785,-495.76141031439147,-610.7039540255026,10875.633975845845,10103.066024154155,10489.35,11596.56,-0.009800078400627243,0
2009-03-17,10184.0,10185.0,10184.0,10469.0,661105544,64916,72,10498.0,10184.0,8.09283794352207,-473.83247289735846,-583.3296577998739,10821.905109024072,10088.394890975927,10455.15,11491.12,-0.009524744697564813,0
2009-03-18,10155.0,10155.0,10155.0,10450.0,426205350,41970,42,10469.0,10155.0,7.8150711566225795,-453.5652715262095,-557.3767805451411,10767.333973610406,10075.366026389594,10421.35,11385.2,-0.008370260955194442,0
2009-03-28,10137.0,10137.0,10137.0,10434.0,365236110,36030,37,10450.0,10137.0,7.639795976323683,-433.95347248583494,-532.6921189332799,10732.231953156062,10052.768046843938,10392.5,11278.94,0.007398638650488287,0
2009-03-29,10121.0,10121.0,10121.0,10416.0,408351987,40347,41,10434.0,10121.0,7.479221670964591,-414.919117425874,-509.13751863179874,10697.687747515163,10031.712252484838,10364.7,11181.62,0.029542535322596652,0
2009-03-30,10104.0,10104.0,10104.0,10398.0,399087792,39498,41,10416.0,10104.0,7.303573624145628,-396.63386354783324,-486.6367876150057,10662.490902311805,10012.609097688193,10337.55,11092.94,-0.0002969121140142805,0
2009-03-31,10087.0,10087.0,10087.0,10381.0,383800263,38049,40,10398.0,10087.0,7.123413060737434,-379.14389126676906,-465.1382083453584,10627.068922514856,9995.131077485144,10311.1,11012.64,-0.010112025379200973,0
2009-04-04,10070.0,10070.0,10070.0,10361.0,466835130,46359,56,10381.0,10070.0,6.939076831529661,-362.4763187814151,-444.60583043256975,10591.134210110931,9979.365789889069,10285.25,10940.46,-0.013108242303872863,0
2009-04-05,10051.0,10530.0,10051.0,10129.0,6765409177,668737,716,10361.0,10212.0,24.511362808439756,-333.9592597825613,-422.47651630256803,10548.240188902826,9987.659811097175,10267.95,10879.32,-0.02908343125734425,0
2009-04-06,10432.0,10432.0,10339.0,10288.0,3965024426,380386,439,10129.0,10420.0,41.83632879804487,-291.2184385181299,-396.22490074568043,10525.758545237673,9999.141454762328,10262.45,10830.3,-0.04942418426103645,0
2009-04-07,10300.0,10431.0,10101.0,10293.0,875141780,84740,34,10288.0,10101.0,30.336942843515132,-279.86060489479314,-372.952041575503,10489.789878571166,9994.810121428833,10242.3,10782.62,-0.021582021582021604,0
2009-04-08,10201.0,10201.0,9985.0,10244.0,1141689543,114293,143,10293.0,9985.0,27.38881498432849,-277.0262839090483,-353.7668900422121,10465.566995773728,9970.133004226273,10217.85,10740.1,-0.013620430645968962,0
2009-04-11,9937.0,10230.0,9937.0,10221.0,531114696,53430,71,10244.0,9938.0,26.274683254714105,-275.39795511498596,-338.0931030567669,10448.197962364808,9937.802037635192,10193.0,10703.9,-0.011571744817870822,0
2009-04-12,9915.0,10100.0,9915.0,10211.0,229319050,23120,32,10221.0,9915.0,25.723236515699355,-272.81851853713124,-325.0381861528398,10432.908008199562,9904.691991800437,10168.8,10674.28,-0.00655572365103374,0
2009-04-13,9905.0,9906.0,9905.0,10188.0,526626405,53165,62,10211.0,9905.0,25.47291306072958,-268.4862702947994,-313.7278029812318,10417.775927405113,9873.924072594888,10145.85,10632.38,0.011913175164058654,0
2009-04-14,9884.0,10000.0,9883.0,10153.0,800985927,81031,97,10188.0,9883.0,24.898846144217273,-263.7873718679584,-303.7397167585771,10404.536296579501,9842.463703420499,10123.5,10595.38,0.011838510573712435,0
2009-04-15,9849.0,9850.0,9849.0,10126.0,614775082,62420,73,10153.0,9849.0,23.998700965510537,-259.812025557836,-294.95417851842893,10393.657852149368,9808.14214785063,10100.9,10557.44,-0.010051781906792567,0
2009-04-18,9823.0,9824.0,9823.0,10100.0,587514330,59810,65,10126.0,9823.0,23.30486153127886,-255.81069126292277,-287.1254810673277,10383.693563631961,9773.106436368038,10078.4,10525.46,-0.01252163290237196,0
2009-04-19,9797.0,10088.0,9797.0,10049.0,1631620753,165098,228,10100.0,9850.0,25.706979651429464,-247.60667503456716,-279.2217198607756,10368.650886515648,9748.249113484353,10058.45,10494.48,-0.01624365482233503,0
2009-04-20,10199.0,10300.0,10023.0,10059.0,744774821,73435,99,10049.0,10023.0,38.909759474595035,-224.55672870141643,-268.2887216289038,10349.047801313807,9747.552198686191,10048.3,10468.96,-0.035019455252918275,0
2009-04-22,10004.0,10059.0,9901.0,10044.0,1388308408,139077,167,10059.0,10000.0,37.94430806718823,-205.77336073440165,-255.78564945000335,10330.762194338602,9745.437805661399,10038.1,10438.96,-0.03490000000000004,0
2009-04-25,10000.0,10000.0,9743.0,9998.0,1116904400,114436,123,10044.0,9750.0,29.403975511075345,-208.65507117922607,-246.3595337958479,10326.417031782248,9706.382968217751,10016.4,10405.28,-0.016000000000000014,0
2009-04-26,9702.0,9702.0,9699.0,9986.0,281226145,28991,35,9998.0,9700.0,28.044442866122708,-212.5235899473446,-239.59234502614726,10325.644141507146,9661.655858492853,9993.65,10371.28,-0.012371134020618513,0
2009-04-27,9688.0,9690.0,9687.0,9970.0,375981729,38809,45,9986.0,9690.0,27.76791333822402,-213.93028026484717,-234.45993207388724,10321.375477568847,9621.224522431152,9971.3,10336.68,-0.013415892672858587,0
2009-04-28,9672.0,9675.0,9672.0,9948.0,504009820,52110,77,9970.0,9672.0,27.247111682986628,-214.03033358750872,-230.37401237661155,10314.870368278935,9582.829631721066,9948.85,10304.12,-0.012303556658395332,0
2009-04-29,9652.0,9652.0,9650.0,9889.0,1339177106,138761,173,9948.0,9651.0,26.61982540652511,-213.3448444974274,-226.96817880077475,10306.788281473613,9545.611718526388,9926.2,10275.94,-0.005180810278727632,0
2009-05-02,9900.0,9900.0,9594.0,9876.0,307122801,31975,46,9889.0,9594.0,24.94138427978423,-214.9235086633471,-224.5592447732892,10300.695324405819,9502.40467559418,9901.55,10247.12,0.05451323744006675,1
2009-05-03,9593.0,9594.0,9580.0,9855.0,476912646,49775,68,9876.0,9580.0,24.532240468707187,-214.8278921703968,-222.61297425271073,10291.682114042094,9462.417885957904,9877.05,10219.4,0.06471816283924836,1
2009-05-04,9560.0,9561.0,9560.0,9847.0,186306280,19488,28,9855.0,9560.0,23.928354539192483,-213.90023945175744,-220.87042729252008,10251.063563466596,9437.836436533406,9844.45,10191.56,0.037343096234309536,0
2009-05-05,9552.0,9555.0,9552.0,9832.0,340953647,35692,45,9847.0,9553.0,23.70838005605674,-211.29424100323013,-218.9551900346621,10130.57649384286,9471.62350615714,9801.1,10164.0,0.041557625876687876,0
2009-05-06,9538.0,9601.0,9538.0,9823.0,209832484,21989,28,9832.0,9601.0,28.558347709051816,-203.0155329195877,-215.76725861164724,10086.059287641092,9466.140712358909,9776.1,10138.0,0.03218414748463694,0
2009-05-09,10000.0,10117.0,10000.0,9951.0,3155232597,312011,169,9823.0,10117.0,58.84606409589543,-153.0534051284758,-203.22448791501296,10114.987887222776,9450.412112777225,9782.7,10122.98,-0.04546802411782147,0
2009-05-10,10249.0,10249.0,10106.0,9986.0,988221859,96803,127,9951.0,10200.0,61.66160620917568,-105.54400694309152,-183.6883917206287,10169.608828139439,9421.99117186056,9795.8,10110.36,-0.06127450980392157,0
2009-05-11,10240.0,10249.0,9904.0,9972.0,1534154472,154595,183,9986.0,9917.0,49.281426525937576,-89.69426184693111,-164.88956574588917,10169.83737442917,9421.96262557083,9795.9,10094.42,-0.03741050720984174,0
2009-05-12,9901.0,9950.0,9900.0,9968.0,361394374,36500,45,9972.0,9950.0,50.528744650942095,-73.62173492718284,-146.63599958214792,10175.214596581252,9421.085403418747,9798.15,10079.88,-0.04251256281407034,0
2009-05-13,9900.0,9910.0,9701.0,9954.0,577183869,58897,69,9968.0,9910.0,48.95709206334946,-63.38118836695685,-129.9850373391097,10177.960830199088,9421.039169800912,9799.5,10065.14,-0.048536831483350196,0
2009-05-16,9700.0,9715.0,9656.0,9870.0,1994160891,206285,232,9954.0,9657.0,40.398074424116125,-74.81801156487563,-118.9516321842629,10172.568472695333,9407.231527304666,9789.9,10045.96,-0.026302164233198755,0
2009-05-17,9585.0,9585.0,9574.0,9840.0,686961572,71733,99,9870.0,9575.0,38.07468180821246,-89.46716920922881,-113.05473958925609,10170.993837302409,9384.006162697591,9777.5,10025.72,-0.0026109660574412663,0
2009-05-18,9545.0,9546.0,9545.0,9821.0,430750808,45125,61,9840.0,9546.0,37.25855659525185,-102.23825090541322,-110.89144185248753,10166.750788100317,9357.849211899682,9762.3,10005.48,0.0005237795935471024,0
2009-05-19,9545.0,9545.0,9527.0,9719.0,2356271460,247260,43,9821.0,9527.0,36.70346095450994,-112.59464538640714,-111.23208255927146,10135.746908330695,9339.253091669305,9737.5,9985.42,0.002414191245932562,0
2009-05-20,9429.0,9500.0,9428.0,9688.0,719602409,76304,66,9719.0,9429.0,33.89818616323441,-127.24316362209902,-114.43429877183698,10109.691051047863,9308.208948952139,9708.95,9963.92,0.048679605472478515,0
2009-05-23,9399.0,9976.0,9398.0,9678.0,259551261,27499,33,9688.0,9403.0,33.17375850098813,-139.3439324549381,-119.41622550845722,10113.231782477244,9269.968217522757,9691.6,9942.5,0.05083483994469851,1
2009-05-24,9405.0,9550.0,9405.0,9666.0,334914975,35445,31,9678.0,9550.0,40.86806255134043,-135.5101310281898,-122.63500661240373,10110.180227181378,9258.019772818623,9684.1,9924.8,0.03591623036649216,0
2009-05-25,9551.0,9556.0,9402.0,9601.0,2166599136,228858,25,9666.0,9551.0,40.91789882808041,-130.88239337443338,-124.28448396480967,10107.135243926965,9247.164756073034,9677.15,9907.84,0.03591246989843988,0
2009-05-26,9450.0,9550.0,9450.0,9600.0,71619550,7510,9,9601.0,9550.0,40.88079425079687,-125.84490782377543,-124.59656873660282,10104.601138846305,9237.498861153694,9671.05,9891.56,0.036020942408377055,0
2009-05-27,9880.0,9888.0,9500.0,9594.0,10954756888,1141841,18,9600.0,9888.0,55.552049883691225,-93.501066918574,-118.37746837299706,10126.451530258812,9239.348469741188,9682.9,9882.72,0.0014158576051779281,0
2009-05-30,9881.0,9881.0,9881.0,9605.0,267992482,27122,11,9594.0,9881.0,55.24627086329093,-67.65331615901414,-108.23263793020048,10146.896917030395,9247.603082969605,9697.25,9874.32,0.0021252909624531746,0
2009-05-31,9893.0,9893.0,9893.0,9606.0,19786000,2000,1,9605.0,9893.0,55.69647939855138,-45.67398646239053,-95.7209076366385,10166.900836998067,9258.899163001932,9712.9,9866.72,0.0009097341554633598,0
2009-06-01,9894.0,9894.0,9894.0,9606.0,4313784,436,9,9606.0,9894.0,55.73644020744136,-27.853440558059447,-82.14741422092268,10184.446083851399,9274.753916148602,9729.6,9859.62,0.03082676369516868,0
2009-06-06,9894.0,9894.0,9894.0,9614.0,185017800,18700,3,9606.0,9894.0,55.73644020744136,-13.574056267678316,-68.43274263027381,10199.29788743013,9294.00211256987,9746.65,9852.98,0.06165352739033758,1
2009-06-07,9902.0,9902.0,9902.0,9614.0,9902000,1000,1,9614.0,9902.0,56.10379219046012,-1.5936377351263218,-55.06492165124431,10213.991985331342,9309.40801466866,9761.7,9846.94,0.019995960412037883,0
2009-06-10,9902.0,9902.0,9902.0,9614.0,9902000,1000,1,9614.0,9902.0,56.10379219046012,7.810891174822245,-42.489759086031,10178.495307534724,9323.404692465278,9750.95,9841.3,-0.00010098969905070199,0
2009-06-13,9902.0,9902.0,9902.0,9902.0,2208146,223,1,9614.0,9902.0,56.10379219046012,15.090098825923633,-30.973787503640075,10118.333912812133,9353.766087187865,9736.05,9836.24,-0.00020197939810140397,0
2009-06-14,10199.0,10199.0,10199.0,10199.0,43508934,4266,6,9902.0,10199.0,68.30184577862437,44.31352249757583,-15.916325503396896,10176.367913742444,9323.932086257555,9750.15,9837.48,-0.029316599666634025,0
2009-06-15,10504.0,10504.0,10504.0,10235.0,874521024,83256,122,10199.0,10504.0,75.75334210988596,91.03485417767115,5.473910432816714,10311.01274250455,9244.68725749545,9777.85,9845.14,-0.04798172124904798,0
2009-06-23,10230.0,10230.0,9532.0,10105.0,4134821216,409181,126,8185.0,10100.0,56.729944483618006,94.37453165720217,23.254034677693806,10336.134939657584,9238.565060342416,9787.35,9845.06,0.003861386138613865,0
2009-06-24,10168.0,10168.0,9898.0,10058.0,1714334699,172954,266,10105.0,9901.0,50.06120188971249,80.04095097413301,34.61141793698165,10347.048484011584,9252.051515988414,9799.55,9841.34,0.011008988991010993,0
2009-06-27,9802.0,9900.0,9800.0,9824.0,7773834139,791322,544,10058.0,9900.0,50.02937543348431,67.81901794923033,41.25293793943139,10354.902810227315,9276.697189772683,9815.8,9837.94,0.010202020202020101,0
2009-06-28,10085.0,10118.0,9900.0,9835.0,508943004,51000,62,9824.0,9900.0,50.02937543348431,57.470563095541365,44.49646297065338,10359.08367554082,9307.91632445918,9833.5,9831.7,-0.0059595959595959425,0
2009-06-29,10000.0,10000.0,9850.0,9852.0,16031243640,1627147,46,9835.0,10000.0,53.460806152291106,56.68507210651842,46.93418479782639,10367.793623278512,9346.506376721487,9857.15,9823.3,0.0,0
2009-06-30,10000.0,10140.0,10000.0,10010.0,11190014874,1117839,118,9852.0,10139.0,57.79876204469821,66.51199429909138,50.849746698079386,10377.357447843566,9407.942552156434,9892.65,9824.06,-0.04319952658053061,0
2009-07-05,10290.0,10310.0,10001.0,10024.0,31075824303,3100280,310,10010.0,10010.0,52.873141165672756,63.16258012746948,53.31231338395741,10354.34626461236,9491.65373538764,9923.0,9824.56,-0.030469530469530492,0
2009-07-07,10298.0,10299.0,10001.0,10014.0,20107137096,2007918,18,10024.0,10001.0,52.5367511169333,59.10064503429021,54.46997971402398,10342.3075960143,9548.792403985699,9945.55,9825.82,-0.019998000199979993,0
2009-07-11,9803.0,9897.0,9800.0,9998.0,530990501,54141,55,10014.0,9841.0,46.83227882775766,42.481172866879206,52.07221834459503,10317.300318397412,9602.799681602586,9960.05,9824.34,-0.00030484706838740383,0
2009-07-12,9810.0,10000.0,9810.0,9989.0,1228612800,123500,50,9998.0,10000.0,52.367300006722964,41.65986364321725,49.98974740431947,10286.34893020724,9678.75106979276,9982.55,9826.24,-0.0013999999999999568,0
2009-07-13,9700.0,9976.0,9700.0,9980.0,318165817,32500,14,9989.0,9701.0,43.24913557783624,16.68977962304598,43.329753848064776,10298.79213748962,9647.607862510382,9973.2,9822.6,0.025976703432635917,0
2009-07-14,9999.0,10000.0,9700.0,9971.0,414733977,42206,21,9980.0,9705.0,43.39114106435834,-2.7447851178076235,34.11484605489029,10308.47348051696,9620.32651948304,9964.4,9819.72,0.026378155589902086,0
2009-07-15,9996.0,9996.0,9801.0,9969.0,93768564,9520,8,9971.0,9801.0,46.829857708368756,-10.281896694055831,25.23549750510107,10309.974585021604,9609.625414978394,9959.8,9819.28,-0.011733496581981417,0
2009-07-18,9671.0,9990.0,9671.0,9967.0,6284630330,630526,111,9969.0,9838.0,48.137475488786684,-13.118301527936637,17.564737698493527,10310.11754416207,9603.88245583793,9957.0,9819.04,0.005997153893067653,0
2009-07-19,9990.0,9990.0,9711.0,9962.0,5086451297,510705,13,9967.0,9986.0,53.1054570665359,-3.3847919074414676,13.374831777306529,10313.710437214027,9609.489562785973,9961.6,9818.3,-0.008712197075906314,0
2009-07-21,9940.0,9990.0,9925.0,9961.0,595753378,59848,46,9962.0,9953.0,51.91139760838194,1.6472716631196818,11.02931975446916,10315.234192174832,9613.065807825167,9964.15,9817.36,-0.015372249572993102,0
2009-07-22,9965.0,9965.0,9666.0,9960.0,894020366,89813,46,9961.0,9961.0,52.1920364487446,6.209175923095245,10.065290988194377,10317.035365453474,9617.164634546527,9967.1,9821.58,-0.01586186125890976,0
2009-07-25,9686.0,9686.0,9686.0,9958.0,38744000,4000,2,9960.0,9686.0,42.91969108042514,-12.22476433958036,5.60727992263943,10326.359508721302,9586.240491278697,9956.3,9821.3,0.011872806111914214,0
2009-07-26,9897.0,9897.0,9750.0,9950.0,493998985,50157,38,9958.0,9897.0,50.22635669906214,-9.696087743790486,2.546606389353447,10294.689236038448,9587.710763961553,9941.2,9825.44,-0.0093967869051228,0
2009-07-27,9899.0,9899.0,9895.0,9947.0,460463642,46518,18,9950.0,9899.0,50.29130943732564,-7.444889980777589,0.5483071153272396,10152.407636025519,9669.492363974483,9910.95,9829.98,0.006465299525204582,0
2009-07-28,9750.0,9801.0,9750.0,9945.0,113318900,11568,15,9947.0,9800.0,47.02035975406085,-13.493724896012282,-2.260099286940665,10125.549194238623,9666.350805761378,9895.95,9832.96,0.015306122448979664,0
2009-07-29,9801.0,9803.0,9800.0,9944.0,51195219,5223,9,9945.0,9803.0,47.13257189455587,-17.83974968833718,-5.376029367219967,10124.164971623493,9657.935028376505,9891.05,9837.14,0.046822401305722794,0
2009-08-01,9935.0,9977.0,9801.0,9942.0,294568035,29749,32,9944.0,9801.0,47.06100939453381,-21.200997036303306,-8.541022901036635,10122.42680760976,9649.773192390241,9886.1,9841.56,0.07835935108662384,1
2009-08-02,9786.0,9821.0,9786.0,9896.0,2253528375,229943,60,9942.0,9804.0,47.190533942231944,-23.35352989255989,-11.503524299341287,10120.18834210781,9642.41165789219,9881.3,9846.44,0.11036311709506319,1
2009-08-03,9820.0,10192.0,9801.0,9893.0,587707491,59618,27,9896.0,9963.0,53.661628528454685,-12.090089482016992,-11.620837335876429,10115.184999512201,9643.7150004878,9879.45,9854.64,0.12405901836796152,1
2009-08-04,10189.0,10189.0,9950.0,9964.0,35882200082,3601099,90,9893.0,9950.0,53.088832422601385,-4.164714921254927,-10.129612852952128,10076.7268729387,9663.2731270613,9870.0,9861.62,0.13346733668341715,1
2009-08-05,10261.0,10262.0,10261.0,10262.0,9600460135,935535,140,9964.0,10262.0,63.232522444841514,26.980974149668327,-2.707495452428036,10145.114304362674,9620.085695637326,9882.6,9864.52,0.12346521145975453,1
2009-08-08,10569.0,10569.0,10560.0,10569.0,7657855338,724559,115,10262.0,10569.0,70.08666363480856,75.56542029754746,12.947087697567063,10307.374570318318,9514.625429681682,9911.0,9871.9,0.12328507900463626,1
2009-08-09,10886.0,10886.0,10886.0,10886.0,7924768508,727978,82,10569.0,10886.0,75.22290247555442,138.0567622048875,37.96902259903115,10542.333370504675,9384.166629495325,9963.25,9891.28,0.12327760426235534,1
2009-08-10,11212.0,11212.0,10634.0,11207.0,13176897228,1175755,318,10886.0,11199.0,79.04824644188139,210.41257979947113,72.45773403911915,10814.469258846242,9231.93074115376,10023.2,9916.26,0.12456469327618547,1
2009-08-11,11300.0,11300.0,10918.0,11194.0,2416055502,216381,54,11207.0,11278.0,79.8920759999566,271.0057408231569,112.1673353959267,11048.295100381034,9155.804899618965,10102.05,9943.62,0.12262812555417635,1
2009-08-12,10950.0,11529.0,10950.0,11527.0,15500389115,1344735,253,11194.0,11529.0,82.3274461768664,335.41342264144805,156.81655284503097,11305.822492018004,9080.677507981996,10193.25,9981.06,0.12308092635961487,1
2009-08-15,11872.0,11872.0,11872.0,11872.0,9498858432,800106,87,11527.0,11872.0,85.00087567258473,409.4147297909203,207.33618823420886,11611.256328675545,8982.343671324454,10296.8,10027.0,0.1183456873315365,1
2009-08-16,12228.0,12228.0,12227.0,12228.0,16786157192,1372764,768,11872.0,12228.0,87.17022300097992,491.12612736055235,264.0941760594776,11957.235313371473,8875.364686628525,10416.3,10080.64,0.10991167811579983,1
2009-08-17,12594.0,12594.0,12594.0,12594.0,20275685112,1609948,998,12228.0,12594.0,88.94110875503506,578.7447308426217,327.0242870161064,12340.553070905,8752.846929095002,10546.7,10141.98,0.10203271399078928,1
2009-08-18,12899.0,12899.0,12217.0,12571.0,9745446653,775257,1146,12594.0,12661.0,89.23406423185999,646.1411326494544,390.84765614277603,12674.117359360946,8690.082640639055,10682.1,10206.62,0.12905773635573814,1
2009-08-19,12500.0,12948.0,12500.0,12891.0,8020649281,620103,193,12571.0,12948.0,90.406427429922,714.4757365419937,455.5732722226196,13022.745276770205,8640.154723229796,10831.45,10277.52,0.13708680877355572,1
2009-08-22,13277.0,13277.0,13277.0,13177.0,6925203538,521594,78,12891.0,13277.0,91.54329587716498,786.1170844744174,521.6820346729792,13378.816293548864,8643.183706451136,11011.0,10352.06,0.14212548015364912,1
2009-08-23,13572.0,13572.0,13572.0,13475.0,7220304000,532000,108,13177.0,13572.0,92.41163409083443,856.8205099545266,588.7097297292887,13751.122967701613,8638.377032298387,11194.75,10432.48,0.07957559681697624,1
2009-08-24,13879.0,13879.0,13879.0,13879.0,11870986280,855320,88,13475.0,13879.0,93.1947610901233,926.9406238212287,656.3559085476768,14129.05341095748,8658.44658904252,11393.75,10519.06,0.08754233013905899,1
2009-08-25,14295.0,14295.0,14295.0,14295.0,10070827500,704500,75,13879.0,14295.0,94.08548428437892,1004.4997942430455,725.9846856867506,14526.2959006773,8710.7040993227,11618.5,10607.2,0.07492130115424978,1
2009-08-26,14723.0,14723.0,14723.0,14723.0,10373236880,704560,115,14295.0,14723.0,94.83458426802703,1087.960685094975,798.3798855683955,14943.718894459405,8785.281105540595,11864.5,10704.04,0.01881410038714937,0
2009-08-29,15164.0,15164.0,14282.0,15105.0,81517039152,5396825,5099,14723.0,15164.0,95.47107904234517,1176.1313467585114,873.9301778064187,15376.059457653459,8889.24054234654,12132.65,10809.46,-0.02796096016882088,0
2009-08-30,15000.0,15000.0,14652.0,14655.0,27740229805,1892850,1768,15105.0,14652.0,82.72587008754695,1190.9644139107568,937.3370250272864,15610.722509695008,9139.37749030499,12375.05,10904.62,-0.009759759759759734,0
2009-08-31,14218.0,15094.0,14216.0,14919.0,14333412827,960725,421,14655.0,15094.0,84.63308178044497,1224.2727780453006,994.7241756308892,15875.246984490776,9387.953015509225,12631.6,11008.62,-0.03935338545117262,0
2009-09-01,15366.0,15366.0,14709.0,15224.0,7444059379,484578,232,14919.0,15366.0,85.68081864955171,1258.115253899483,1047.402391284608,16109.440405108142,9695.359594891857,12902.4,11117.9,-0.03637901861252113,0
2009-09-02,15669.0,15669.0,14801.0,15195.0,1716831502,114120,50,15224.0,15000.0,77.97663218551577,1241.0959372165817,1086.1411004710028,16229.00296954194,10049.597030458059,13139.3,11219.86,-0.011933333333333351,0
2009-09-05,14800.0,14800.0,14740.0,14957.0,5424389340,367994,132,15195.0,14740.0,72.95791699839522,1192.8774305594216,1107.4883664886866,16274.187593306071,10421.51240669393,13347.85,11316.62,0.010176390773405597,0
2009-09-06,14509.0,14509.0,14509.0,14734.0,5078150000,350000,90,14957.0,14509.0,68.7256758005532,1123.0780030581172,1110.6062938025727,16265.732211963099,10792.267788036901,13529.0,11402.82,0.016610379764284255,0
2009-09-07,14292.0,14997.0,14292.0,14376.0,10896313837,757975,118,14734.0,14500.0,68.55880649988342,1054.8752834709649,1099.4600917362513,16240.326770108955,11147.773229891043,13694.05,11482.74,-0.012344827586206919,0
2009-09-08,14690.0,14807.0,14690.0,14390.0,358671365,24246,13,14376.0,14807.0,71.13353575720629,1013.9087620454648,1082.3498257980941,16202.721901963141,11538.278098036859,13870.5,11576.88,-0.020733436887958367,0
2009-09-09,14821.0,14821.0,14821.0,14733.0,8312950690,560890,115,14390.0,14821.0,71.24916226041952,971.3747778853649,1060.1548162155482,16136.302503329136,11933.897496670865,14035.1,11675.28,-0.008231563322312896,0
2009-09-13,14979.0,14979.0,14799.0,14753.0,1496254006,100607,40,14733.0,14890.0,71.8476890437292,932.4849067868781,1034.6208343298142,16065.98382971681,12306.01617028319,14186.0,11775.08,-0.0227669576897247,0
2009-09-14,15000.0,15000.0,14700.0,14752.0,8759629968,593812,37,14753.0,14750.0,68.72167826679889,880.2209347662756,1003.7408544171066,15975.710759762249,12648.489240237752,14312.1,11872.08,-0.006779661016949157,0
2009-09-15,14400.0,14400.0,14321.0,14742.0,260741351,18173,15,14752.0,14321.0,60.093500056830635,795.0201483140518,961.9967131964956,15863.8570390157,12933.042960984301,14398.45,11958.5,0.03386635011521544,0
2009-09-16,14310.0,14637.0,14310.0,14731.0,590078662,40556,23,14742.0,14500.0,62.224651216606965,733.486539004598,916.2946783581161,15719.999349380436,13260.800650619563,14490.4,12045.72,0.006896551724137945,0
2009-09-19,14300.0,14731.0,14300.0,14731.0,72197230,4913,5,14731.0,14699.0,64.4947655424134,692.7922691581098,871.5941965181149,15585.004015431557,13570.895984568444,14577.95,12139.5,-0.0033335601061296183,0
2009-09-21,14550.0,14575.0,14510.0,14729.0,108955797,7501,9,14731.0,14551.0,61.533065182024316,641.2079578064931,825.5169487757906,15453.794143608045,13829.505856391954,14641.65,12230.5,0.010239846058690105,0
2009-09-22,14700.0,14706.0,14650.0,14700.0,15700156444,1068034,25,14729.0,14650.0,62.76483098275974,601.3831217582883,780.6901833722902,15342.960990018602,14048.139009981396,14695.55,12326.68,0.0003412969283276279,0
2009-09-23,14989.0,15000.0,14806.0,14706.0,207070182,13815,12,14700.0,14806.0,64.6838865529448,575.7724026691449,739.7066272316612,15270.706921283076,14213.093078716924,14741.9,12422.8,-0.0006078616776982182,0
2009-09-26,14800.0,14800.0,14600.0,14708.0,2609490193,177359,35,14706.0,14600.0,60.2667644683747,532.712467170024,698.3077952193337,15249.886958221006,14264.413041778993,14757.15,12520.78,0.03910958904109596,0
2009-09-27,14600.0,14650.0,14600.0,14699.0,932619050,63829,23,14708.0,14650.0,60.963553081650595,496.89385711036994,658.0250075975409,15248.272068731541,14258.727931268459,14753.5,12619.68,0.010238907849829282,0
2009-09-28,14600.0,14700.0,14550.0,14698.0,16518213100,1123825,41,14699.0,14700.0,61.68711655529384,467.156839461235,619.8513739702798,15188.030095140008,14272.56990485999,14730.3,12717.66,0.007278911564625901,0
2009-09-29,14461.0,14730.0,14461.0,14729.0,14903466048,1011837,10,14698.0,14655.0,60.59844955443882,434.94513800437926,582.8701267770997,15188.079315054096,14272.820684945906,14730.45,12814.0,0.015967246673490365,0
2009-09-30,14729.0,14797.0,14729.0,14730.0,207682390,14050,8,14729.0,14797.0,62.82780496071347,416.07904554667766,549.5119105310154,15143.378634338924,14287.821365661077,14715.6,12910.22,-0.003176319524227922,0
2009-10-03,14889.0,15171.0,14889.0,14742.0,331127965,21884,17,14730.0,15171.0,67.96839162615437,426.39103526732106,524.8877354782766,15079.331070466593,14332.368929533408,14705.85,13014.58,-0.03763759804890909,0
2009-10-04,15184.0,15184.0,14800.0,14784.0,1935055758,129255,32,14742.0,14800.0,59.21961990934226,400.0156308003934,499.9133145427,15047.355490706572,14344.344509293429,14695.85,13111.36,-0.0066216216216216095,0
2009-10-05,15116.0,15116.0,14807.0,14815.0,1793125476,119792,46,14784.0,14807.0,59.32600132745266,375.3509619923934,475.0008440326387,15053.589954706493,14344.810045293509,14699.2,13213.78,-0.020733436887958367,0
2009-10-06,14840.0,14899.0,14800.0,14822.0,1857815904,125073,52,14815.0,14889.0,60.62189628597203,358.2905979748175,451.65879482107454,15070.503619051631,14365.89638094837,14718.2,13313.62,-0.0066492041104171395,0
2009-10-07,14822.0,14822.0,14700.0,14819.0,1132373228,76538,40,14822.0,14750.0,57.28981214462981,329.75281308384183,427.277598473628,15068.594717326094,14392.805282673908,14730.7,13410.64,-0.01016949152542368,0
2009-10-10,14401.0,14888.0,14401.0,14814.0,260208070,17787,11,14819.0,14600.0,53.85001067053885,291.67047092613757,400.15617296412995,15060.93260377899,14379.76739622101,14720.35,13506.64,0.0,0
2009-10-11,14400.0,14799.0,14400.0,14808.0,261702660,17949,10,14814.0,14702.0,55.793729547780124,266.6467501937368,373.45428841005133,15051.885051516174,14376.914948483825,14714.4,13604.62,0.0032648619235478016,0
2009-10-12,14400.0,14600.0,14400.0,14790.0,575820940,39721,26,14808.0,14500.0,51.19512235846162,227.88860146955994,344.3411510219531,15034.608051121646,14355.191948878353,14694.9,13698.6,0.010344827586206806,0
2009-10-13,14790.0,14800.0,14600.0,14790.0,505697839,34200,24,14790.0,14790.0,56.711396132016375,218.05941256635197,319.0848033308329,15038.34861984912,14355.45138015088,14696.9,13798.32,-0.006085192697768749,0
2009-10-17,14778.0,14778.0,14347.0,14599.0,16268063409,1114315,66,14790.0,14600.0,52.52277987296553,192.71677838216965,293.8111983411003,15009.892655814974,14411.807344185027,14710.85,13891.06,-0.013698630136986356,0
2009-10-18,14650.0,14650.0,14599.0,14599.0,344373576,23584,14,14599.0,14600.0,52.52277987296553,170.66523560672977,269.1820057942262,15003.7605937559,14427.9394062441,14715.85,13984.06,-0.022602739726027443,0
2009-10-19,14599.0,14788.0,14599.0,14689.0,5527813087,374282,34,14599.0,14750.0,55.530059476069,163.40929484982735,248.02746360534644,15006.571754335631,14430.228245664368,14718.4,14073.82,-0.037288135593220306,0
2009-10-20,14644.0,14650.0,14644.0,14689.0,61187650,4178,4,14689.0,14650.0,53.114620693647154,147.885018816929,227.99897464766298,15003.128680383044,14443.571319616956,14723.35,14155.44,-0.052559726962457365,0
2009-10-21,14650.0,14700.0,14650.0,14688.0,537414141,36636,27,14689.0,14700.0,54.18763447846757,138.0254291180263,210.00426554173566,15003.850197836042,14447.849802163959,14725.85,14231.72,-0.05761904761904757,0
2009-10-24,14500.0,14700.0,14248.0,14446.0,15941530234,1103500,44,14688.0,14400.0,47.2067856807586,104.7961160591367,188.9626356452159,15014.720810389454,14396.379189610545,14705.55,14295.74,-0.02777777777777779,0
2009-10-25,14270.0,14270.0,14014.0,14372.0,3545444628,249056,56,14446.0,14270.0,44.529686521797075,67.19712587272261,164.60953369071723,15049.896490902802,14328.203509097197,14689.05,14355.58,-0.01892081289418357,0
2009-10-26,14000.0,14249.0,14000.0,14305.0,3474078619,245006,49,14372.0,14200.0,43.11194513859847,31.389402782253455,137.9655075090245,15085.732764432005,14247.367235567994,14666.55,14409.0,-0.014084507042253502,0
2009-10-27,13987.0,13987.0,13877.0,14281.0,556485229,40091,14,14305.0,13880.0,37.270163745632495,-22.54986063942124,105.86243387933534,15166.381387769648,14084.71861223035,14625.55,14449.16,0.008645533141210304,0
2009-10-28,14000.0,14000.0,13853.0,14108.0,3946327197,284862,67,14281.0,13853.0,36.81685629760881,-66.7068349938454,71.34858010469921,15222.050180644674,13948.849819355328,14585.45,14481.66,0.010611419909045017,0
2009-10-31,13685.0,14000.0,13685.0,14099.0,497084017,35681,22,14108.0,14000.0,41.02271414731778,-88.81606749382081,39.31565058499521,15222.731715397247,13868.468284602754,14545.6,14509.78,0.0,0
2009-11-01,13700.0,14000.0,13700.0,14091.0,451902981,32454,26,14099.0,14000.0,41.02271414731778,-105.12596683147785,10.427327101700598,15139.817791788777,13834.282208211222,14487.05,14536.56,0.006999999999999895,0
2009-11-02,13900.0,14000.0,13700.0,14079.0,1117181656,79862,29,14091.0,14000.0,41.02271414731778,-116.70636127743273,-14.999410574126069,15116.050590430817,13778.049409569181,14447.05,14557.6,0.002142857142857224,0
2009-11-03,14000.0,14010.0,13999.0,14066.0,1575914450,112565,34,14079.0,14000.0,41.02271414731778,-124.44933286583,-36.88939503246686,15081.316365052591,13732.08363494741,14406.7,14572.06,-7.142857142861114e-05,0
2009-11-04,14000.0,14098.0,14000.0,14040.0,4191328660,299274,30,14066.0,14000.0,41.022714147317785,-129.09753758191437,-55.33102354235636,15020.856369538555,13703.643630461445,14362.25,14580.62,0.0017857142857142794,0
2009-11-07,14000.0,14000.0,14000.0,14022.0,4464152000,318868,52,14040.0,14000.0,41.02271414731778,-131.26809640412466,-70.51843811471002,14976.142623535716,13673.357376464284,14324.75,14583.04,0.0013571428571428346,0
2009-11-08,14001.0,14098.0,14000.0,14022.0,293696838,20931,12,14022.0,14098.0,44.84114921661384,-123.65508013771796,-81.14576651931161,14945.345679090959,13653.95432090904,14299.65,14579.1,-0.005461767626613656,0
2009-11-09,14096.0,14150.0,14022.0,14025.0,1170124644,83318,30,14022.0,14030.0,42.77183686615972,-121.70579297585755,-89.2577718106208,14894.199814930102,13637.900185069897,14266.05,14565.24,0.0014255167498218313,0
2009-11-10,14089.0,14089.0,13963.0,14023.0,482729157,34508,20,14025.0,13999.0,41.82425872818527,-121.26454755872146,-95.65912696024093,14869.79153938067,13612.20846061933,14241.0,14541.94,-0.07214801057218367,0
2009-11-11,14000.0,14030.0,13998.0,14022.0,1498243905,106913,32,14023.0,14025.0,42.965535134589125,-117.46283621984003,-100.01986881216075,14784.62417024362,13620.87582975638,14202.75,14529.4,-0.11016042780748658,0
2009-11-14,14010.0,14019.0,13997.0,14021.0,1080373836,77100,37,14022.0,14019.0,42.7570766847356,-113.62431210852446,-102.74075747143351,14730.829464304923,13616.570535695078,14173.7,14507.9,-0.09444325558171052,0
2009-11-15,14000.0,14190.0,13999.0,14021.0,1713915915,122220,35,14021.0,14021.0,42.856600903574915,-109.16251330782507,-104.02510863871183,14669.495605028456,13620.004394971544,14144.75,14481.0,-0.06347621425005345,0
2009-11-16,14021.0,14050.0,14000.0,14022.0,660828000,47100,15,14021.0,14050.0,44.36700142662891,-102.10939443767165,-103.6419657985038,14555.83065413854,13663.66934586146,14109.75,14462.0,-0.039145907473309594,0
2009-12-15,13430.0,13430.0,11801.0,12251.0,11324589941,924348,91,14022.0,12989.0,21.733345471565485,-180.05798342045455,-118.92516932289396,14630.223686359233,13423.176313640768,14026.7,14426.98,0.03934098082993298,0
2009-12-16,11823.0,12484.0,11823.0,12266.0,4379324146,356610,26,12251.0,12480.0,17.200071501944393,-279.68086101756126,-151.07630766182743,14753.999731597592,13077.400268402409,13915.7,14386.4,0.08173076923076916,1
2009-12-19,12500.0,12695.0,12479.0,12687.0,9472397152,746608,40,12266.0,12695.0,24.375581775829602,-337.39472966466565,-188.33999206239508,14792.109289975699,12868.790710024303,13830.45,14350.3,0.06341079165025598,1
2009-12-20,13000.0,13131.0,13000.0,13131.0,9755395019,742939,51,12687.0,13131.0,36.410448925709,-343.98656715553443,-219.46930708102295,14758.903775107718,12788.096224892282,13773.5,14316.78,0.027339882720280206,0
2009-12-21,13590.0,13590.0,13500.0,13589.0,26434280700,1945260,130,13131.0,13500.0,44.46547378804082,-315.79513992296233,-238.73447364941086,14710.457097816838,12766.542902183162,13738.5,14290.36,0.007407407407407307,0
2009-12-22,13589.0,13589.0,13350.0,13544.0,5086257580,376606,26,13589.0,13500.0,44.46547378804081,-290.1090343712549,-249.00938579377967,14694.501846150315,12744.498153849685,13719.5,14262.56,0.036370370370370386,0
2009-12-23,13500.0,13500.0,13500.0,13512.0,6823710000,505460,14,13544.0,13500.0,44.46547378804082,-266.67850683790857,-252.54321000260546,14679.32332955765,12724.37667044235,13701.85,14237.56,0.029629629629629672,0
2009-12-28,13220.0,13884.0,13220.0,13509.0,339011295,25268,15,13512.0,13500.0,44.46547378804082,-245.28218461847246,-251.09100492577886,14648.09873744912,12705.601262550881,13676.85,14221.14,0.002666666666666595,0
2009-12-29,13301.0,13700.0,13300.0,13511.0,318288038,23482,17,13509.0,13490.0,44.26110444904706,-226.52116653066878,-246.17703724675687,14614.065175945876,12688.634824054125,13651.35,14200.94,0.03847294292068204,0
2009-12-30,13490.0,13600.0,13490.0,13518.0,1539507200,113595,18,13511.0,13600.0,47.13919187985436,-200.46599661537402,-237.0348291204803,14580.790103427536,12681.909896572464,13631.35,14178.96,0.03257352941176461,0
2010-01-02,13885.0,13991.0,13880.0,13533.0,373191921,26831,23,13518.0,13991.0,55.863185928974374,-146.57700597956864,-218.94326449229797,14579.64905006355,12682.15094993645,13630.9,14167.76,0.008862840397398264,0
2010-01-03,13538.0,13990.0,13530.0,13536.0,12683050478,936995,13,13533.0,13900.0,53.64420438899113,-109.94515284918634,-197.14364216367565,14567.845200102685,12683.954799897314,13625.9,14152.76,0.042014388489208576,0
2010-01-04,13541.0,13550.0,13536.0,13536.0,8700467902,642760,12,13536.0,13536.0,45.80633212504401,-109.02908383991962,-179.52073049892448,14529.37903828482,12676.020961715181,13602.7,14127.36,0.10734338061465731,1
2010-01-05,13800.0,14009.0,13800.0,13569.0,708271974,50603,18,13536.0,14009.0,55.0060398961375,-69.33667554103886,-157.48391950734737,14516.185918240744,12680.314081759256,13598.25,14115.54,0.05724891141409083,1
2010-01-06,13751.0,14043.0,13751.0,13638.0,1446415622,103002,16,13569.0,14043.0,55.589635861230036,-34.73622259415424,-132.93438012470875,14518.07547834811,12679.72452165189,13598.9,14103.4,0.04828028199102752,0
2010-01-09,14115.0,14115.0,14115.0,13995.0,7436290140,526836,20,13638.0,14115.0,56.86554754380996,-1.4881614808491577,-106.64513639593685,14535.2938104224,12674.106189577602,13604.7,14091.7,0.04123273113708814,0
2010-01-10,14484.0,14484.0,14201.0,14483.0,18731059508,1293290,92,13995.0,14484.0,62.76915797451599,54.01374579004187,-74.51335995874112,14619.215081069562,12636.084918930437,13627.65,14088.28,-0.0006904170118752218,0
2010-01-11,14979.0,14989.0,14707.0,14691.0,4490650019,299977,47,14483.0,14989.0,69.01863463703401,137.16750509583835,-32.17718694782523,14822.368177310283,12529.931822689716,13676.15,14092.12,-0.05310561078123954,0
2010-01-12,14801.0,15000.0,14801.0,14697.0,486597348,32829,19,14691.0,14811.0,64.88440652002384,186.55386916623866,11.569024274987548,14957.168308361388,12474.131691638611,13715.65,14084.92,-0.034433866720680606,0
2010-01-13,14679.0,14721.0,14679.0,14697.0,49375771,3360,13,14697.0,14721.0,62.83495992596224,215.94143225083826,52.44350587015769,15059.411066964609,12438.988933035393,13749.2,14083.34,-0.03539161741729502,0
2010-01-16,14691.0,14697.0,14690.0,14697.0,80857748,5504,5,14697.0,14697.0,62.27011484451415,234.59047532566,88.87289976125817,15158.066871514573,12511.133128485428,13834.6,14081.14,-0.023474178403755874,0
2010-01-17,14800.0,14800.0,14462.0,14696.0,60643365,4176,7,14697.0,14474.0,57.13111055815695,228.7389794403971,116.84611569708596,15128.696265900311,12739.903734099687,13934.3,14072.84,0.032748376399060364,0
2010-01-18,14186.0,14669.0,14185.0,14682.0,274540506,19330,17,14696.0,14193.0,51.37728603691599,199.1318076848147,133.3032540946317,15062.933666538485,12955.466333461516,14009.2,14061.7,0.021771295709152483,0
2010-01-19,14669.0,14669.0,14280.0,14669.0,360308273,25178,11,14682.0,14301.0,53.32304303250652,182.2813818628092,143.0988796482672,15047.214185704659,13088.185814295342,14067.7,14055.72,0.023704636039437732,0
2010-01-20,14193.0,14232.0,14160.0,14634.0,741597270,52235,19,14669.0,14200.0,51.25724908566603,158.94522052804314,146.2681478242224,15047.99997355161,13157.400026448391,14102.7,14045.68,0.031971830985915384,0
2010-01-23,14201.0,14434.0,14201.0,14623.0,304462826,21328,14,14634.0,14352.0,54.13691581672589,150.97591782384734,147.2097018241474,15054.20793813053,13236.392061869468,14145.3,14042.72,0.02285395763656628,0
2010-01-24,14350.0,15000.0,14349.0,14625.0,217281481,14785,18,14623.0,14948.0,63.29398990299211,190.55579840803694,155.8789211409253,15140.050063694214,13295.349936305787,14217.7,14045.88,-0.053184372491303145,0
2010-01-25,14950.0,14989.0,14502.0,14631.0,236547070,15897,18,14625.0,14502.0,54.52129690330912,183.81575273003364,161.466287458747,15136.03743296217,13399.562567037829,14267.8,14043.92,0.0031719762791340145,0
2010-01-26,14950.0,14989.0,14601.0,14633.0,56795940,3798,11,14631.0,14640.0,56.52899783927926,187.44887075746374,166.66280411849036,15129.864006152875,13520.735993847124,14325.3,14044.72,-0.01632513661202184,0
2010-01-27,14970.0,14970.0,14654.0,14636.0,155600634,10499,10,14633.0,14654.0,56.737655643301956,189.27597039995453,171.1854373747832,15121.377965772986,13634.622034227014,14378.0,14042.8,-0.0016377780810700182,0
2010-01-30,14636.0,14700.0,14636.0,14637.0,123521824,8414,11,14636.0,14680.0,57.149019132688935,190.62454168224758,175.07325823627608,15144.673046616806,13680.226953383195,14412.45,14043.4,-0.003814713896457711,0
2010-01-31,14637.0,14700.0,14140.0,14628.0,267165313,18686,15,14637.0,14153.0,47.3261413512436,147.46886913495837,169.55238041601254,15129.693755292228,13720.506244707773,14425.1,14032.46,0.007136296191620151,0
2010-02-01,14618.0,14628.0,14548.0,14627.0,233651093,16000,14,14628.0,14548.0,53.74372813492793,143.48685937129812,164.33927620706967,15051.140735434,13900.259264566,14475.7,14035.42,-0.0232334341490239,0
2010-02-02,14589.0,14590.0,14401.0,14623.0,491613303,33798,11,14627.0,14401.0,51.24162925388102,127.00537754083962,156.87249647382367,15031.163452753432,13959.436547246567,14495.3,14038.04,-0.017429345184362233,0
2010-02-03,14625.0,14740.0,14623.0,14624.0,1072755579,73324,20,14623.0,14630.0,54.77401063006645,130.91298718887265,151.68059461683347,15021.054784421787,14028.245215578212,14524.65,14046.64,-0.0319890635680109,0
2010-02-06,14624.0,14624.0,14624.0,14624.0,146240000,10000,1,14624.0,14624.0,54.662271181224966,132.00398634686098,147.74527296283898,15010.793347029075,14089.406652970925,14550.1,14061.52,-0.011898249452954035,0
2010-02-07,14500.0,14500.0,14220.0,14607.0,722757034,50251,17,14624.0,14254.0,48.14033892159475,101.83876931854138,138.56397223397948,15016.48132417667,14060.718675823331,14538.6,14069.54,0.013750526168093247,0
2010-02-08,14250.0,14467.0,14200.0,14588.0,522814557,36709,16,14607.0,14210.0,47.41582364678056,73.53452498787738,125.55808278475907,14950.566522204312,14048.733477795688,14499.65,14073.74,0.03096410978184383,0
2010-02-09,14450.0,14450.0,14150.0,14585.0,178281750,12345,12,14588.0,14150.0,46.390523699414096,45.73450991413665,109.5933682106346,14918.285465779914,14014.914534220086,14466.6,14076.74,0.03180212014134276,0
2010-02-10,14076.0,14410.0,14076.0,14584.0,35000240,2470,8,14585.0,14162.0,46.63904630490093,24.38994528469084,92.55268362544584,14893.080753797327,13984.219246202672,14438.65,14079.98,0.06411523796073992,1
2010-02-14,14402.0,14450.0,14402.0,14583.0,43172690,2993,3,14584.0,14450.0,52.34852676105265,30.363406668633615,80.11482823408339,14865.132587665046,13987.467412334952,14426.3,14088.98,0.03813148788927334,0
2010-02-16,14420.0,14500.0,14300.0,14573.0,666286296,46194,20,14583.0,14450.0,52.34852676105265,34.6974472780621,71.03135204287913,14863.535354410204,13986.664645589797,14425.1,14097.98,0.0726643598615917,1
2010-02-17,14450.0,14652.0,14450.0,14573.0,31353691,2141,5,14573.0,14650.0,56.12909014640329,53.65206658997158,67.55549495229762,14883.241844624743,14012.658155375259,14447.95,14110.98,0.06273037542662108,1
2010-02-20,14573.0,14739.0,14540.0,14577.0,1761129384,120660,23,14573.0,14600.0,54.95523646953728,63.90252825497191,66.82490161283248,14897.51472593185,14028.28527406815,14462.9,14121.02,0.07513698630136978,1
2010-02-21,14600.0,15087.0,14579.0,14755.0,10756162841,728973,76,14577.0,15070.0,62.825415658332275,108.69816029159847,75.19955334858568,14997.53313876874,14015.26686123126,14506.4,14141.82,0.06708692767086921,1
2010-02-22,15271.0,15271.0,15001.0,14942.0,3929163641,257386,43,14755.0,15001.0,61.13661793320428,137.05145422010537,87.56993352288963,15069.093066901256,14008.606933098745,14538.85,14161.86,0.07546163589094057,1
2010-03-15,15001.0,15599.0,15001.0,15468.0,10233843883,661620,146,14942.0,15500.0,67.86430906584576,197.51000126699728,109.55794707171117,15221.72993254552,13911.17006745448,14566.45,14191.36,0.046064516129032285,0
2010-03-16,15699.0,15997.0,15506.0,15500.0,1244967620,79045,38,15468.0,15569.0,68.67190236130998,248.13125606137692,137.27260886964433,15406.055327483944,13833.544672516055,14619.8,14222.36,0.041556940073222526,0
2010-03-17,15596.0,15850.0,15501.0,15538.0,4609438592,295654,57,15500.0,15697.0,70.16955257425128,295.174902910976,168.85306767791067,15588.627789030337,13756.672210969662,14672.65,14255.88,0.03325476205644384,0
2010-03-27,16081.0,16081.0,16081.0,15588.0,1045265000,65000,9,15538.0,16081.0,74.16042363201309,359.30112305910916,206.9426787541504,15846.393940475426,13641.606059524574,14744.0,14296.5,0.008643741060879284,0
2010-03-28,16133.0,16133.0,16133.0,15666.0,1625302952,100744,7,15588.0,16133.0,74.65491474176594,409.5960120861764,247.4733454205556,16073.314358528947,13559.985641471052,14816.65,14359.38,0.005516642905845082,0
2010-03-29,16214.0,16214.0,16214.0,15668.0,32428000,2000,1,15666.0,16214.0,75.44324893683267,450.7946173115288,288.1375997987503,16275.856052966257,13563.543947033744,14919.7,14434.06,0.000986801529542447,0
2010-03-30,16216.0,16216.0,16216.0,15671.0,62853216,3876,2,15668.0,16216.0,75.46354249168404,478.0950103819723,326.1290819153947,16459.04765015678,13547.15234984322,15003.1,14504.48,0.03589047853971383,0
2010-03-31,16219.0,16219.0,16219.0,15672.0,16397409,1011,3,15671.0,16219.0,75.4962536296667,494.27514728466303,359.7582949892484,16613.838807241442,13574.161192758558,15094.0,14566.24,0.07189099204636529,1
2010-04-05,16220.0,16220.0,16220.0,15674.0,48919520,3016,1,15672.0,16220.0,75.50797482538772,501.3988995897944,388.0864159093576,16753.102798173364,13593.897201826634,15173.5,14620.64,0.10930949445129468,1
2010-04-06,16222.0,16222.0,16222.0,15682.0,162220000,10000,1,15674.0,16222.0,75.53318243080639,501.4257835942135,410.7542894463288,16874.84668737432,13631.95331262568,15253.4,14675.08,0.14794723215386507,1
2010-04-07,16230.0,16230.0,16230.0,16230.0,16230000000,1000000,20,15682.0,16230.0,75.64117847378415,496.3707692547232,427.8775854080077,16958.75937954288,13745.640620457121,15352.2,14729.68,0.18749229821318547,1
2010-04-10,16798.0,16798.0,16798.0,16798.0,16799679800,1000100,22,16230.0,16798.0,81.78779290714684,532.0641823020778,448.71490478682176,17115.980298460938,13847.219701539063,15481.6,14795.64,0.1874032622931301,1
2010-04-11,17385.0,17385.0,17385.0,17385.0,17385139080,1000008,21,16798.0,17385.0,85.78100981533804,600.7919083955658,479.1303055085706,17356.972277515477,13929.727722484522,15643.35,14873.54,0.1834915156744319,1
2010-04-12,17993.0,17993.0,17993.0,17993.0,90029432933,5003581,178,17385.0,17993.0,88.5752161603892,696.293210509888,522.562886508834,17693.670335463048,13976.12966453695,15834.9,14961.4,0.18123714777969213,1
2010-04-13,18622.0,18622.0,18622.0,18622.0,109996429600,5906800,243,17993.0,18622.0,90.62726544520748,813.3578408215672,580.7218773713807,18153.231499503556,13933.768500496446,16043.5,15054.02,0.14327139942004075,1
2010-04-14,19273.0,19273.0,19014.0,19272.0,188700880701,9791532,1688,18622.0,19273.0,92.19066167430184,947.7377324808986,654.1250483932844,18692.229554240654,13877.070445759346,16284.65,15161.48,0.14330929279302662,1
2010-04-17,19946.0,19946.0,19309.0,19880.0,141269775672,7106248,853,19272.0,19946.0,93.413754494544,1095.9073030689106,742.4814993284097,19317.598079492454,13781.301920507549,16549.45,15289.68,0.06487516293993778,1
2010-04-18,20299.0,20575.0,20297.0,20536.0,34675720555,1688569,292,19880.0,20575.0,94.31062546592392,1249.6822395345189,843.9216473696316,19976.55053023121,13719.849469768791,16848.2,15421.0,0.0012636695018226618,0
2010-04-19,21254.0,21254.0,21254.0,20571.0,737768848,34712,17,20536.0,21254.0,95.08819151488585,1410.0850274829609,957.1543233922976,20714.64249384239,13600.157506157611,17157.4,15565.22,0.010162792886045047,0
2010-04-20,21290.0,21290.0,21290.0,21290.0,17036407030,800207,50,20571.0,21290.0,95.12622409002752,1522.5591772718217,1070.2352941682025,21311.657717841892,13632.042282158105,17471.85,15708.72,-0.022451855331141357,0
2010-04-21,22035.0,22035.0,21502.0,22010.0,170381791871,7741127,547,21290.0,22035.0,95.84349197434146,1652.759047593332,1186.7400448532285,22006.199096872027,13591.00090312797,17798.6,15859.74,-0.06412525527569779,0
2010-04-24,21240.0,21499.0,21240.0,21240.0,111022591180,5226938,737,22010.0,21240.0,81.97872628981517,1672.5138286418842,1283.8948016109598,22413.05190491524,13751.248095084764,18082.15,15984.76,0.007862523540489663,0
2010-04-25,20804.0,21500.0,20497.0,20744.0,86776775891,4183180,777,21240.0,20601.0,72.85583203142657,1617.9568755757427,1350.7072164039164,22645.60799483988,14009.092005160117,18327.35,16100.56,0.005048298626280312,0
2010-04-26,21000.0,21470.0,21000.0,21449.0,21461980320,1000595,268,20744.0,21470.0,76.6598210749113,1626.096506357815,1405.785074394696,22992.59014967715,14201.009850322847,18596.8,16235.54,-0.047927340475081515,0
2010-04-27,21999.0,21999.0,20801.0,21369.0,21706392622,1015811,328,21449.0,20812.0,68.79789957534427,1561.4526671545027,1436.9185929466573,23174.87255236875,14486.62744763125,18830.75,16357.84,-0.048337497597539913,0
2010-04-28,20660.0,21100.0,20622.0,20684.0,18045664738,872466,206,21369.0,20622.0,66.67164878575741,1477.8547570418923,1445.1058257657044,23287.815588643844,14814.48441135616,19051.15,16480.8,-0.060420909708078785,0
2010-05-01,20070.0,21407.0,20070.0,21358.0,25357340812,1187261,283,20684.0,21407.0,70.7006551808098,1458.1372518876597,1447.7121109900954,23455.84912156354,15165.550878436461,19310.7,16625.08,-0.11183257812864955,0
2010-05-02,21900.0,21900.0,20651.0,21182.0,5001323095,239957,102,21358.0,20705.0,63.32787658252788,1370.072115349296,1432.1841118619357,23466.680556708427,15603.319443291573,19535.0,16753.16,-0.07998068099492872,0
2010-05-03,21478.0,21478.0,20441.0,20465.0,14468654270,706988,225,21182.0,20441.0,60.7616850855324,1264.4020270032888,1398.6276948902064,23385.591975303923,16106.508024696075,19746.05,16877.98,-0.036201751382026304,0
2010-05-04,20000.0,20469.0,19749.0,20078.0,10842868930,543139,144,20465.0,19806.0,54.989642657568,1116.547661182307,1342.2116881486265,23186.34618840035,16664.15381159965,19925.25,16987.06,0.0021205695243864398,0
2010-05-05,19899.0,19899.0,19376.0,19702.0,7336432838,378563,41,20078.0,19376.0,51.42701499311618,953.6811619073851,1264.5055829003784,22887.034942016864,17278.065057983134,20082.55,17075.62,0.009599504541700998,0
2010-05-08,19013.0,19013.0,19013.0,19670.0,626858610,32970,7,19702.0,19013.0,48.566469088175275,786.2537774394841,1168.8552218081995,22619.656783327504,17766.943216672495,20193.3,17165.84,0.015305317414400665,0
2010-05-09,18982.0,19660.0,18982.0,19035.0,36681100308,1927073,306,19670.0,19049.0,48.87021617412738,648.9901140821275,1064.8822002629852,22408.187828927923,18144.812171072077,20276.5,17254.02,0.012809071342327671,0
2010-05-10,19599.0,19701.0,19503.0,19694.0,17022263292,864349,134,19035.0,19701.0,54.151294808848995,586.0628551658883,969.1183312435659,22242.933216080855,18480.866783919148,20361.9,17354.96,-0.032688696005278906,0
2010-05-11,20383.0,20383.0,19694.0,20270.0,19911975018,982344,151,19694.0,19848.0,55.272985234242284,541.8085884347456,883.6563826818019,22146.749662759827,18699.650337240175,20423.2,17458.32,-0.05345626763401856,0
2010-05-12,19561.0,19649.0,19561.0,20004.0,5173319045,264469,71,20270.0,19562.0,52.57784066948405,478.14717047234444,802.5545402399105,22126.88926961207,18748.410730387932,20437.65,17566.5,-0.04927921480421227,0
2010-05-15,19304.0,19304.0,19304.0,19992.0,233539792,12098,9,20004.0,19304.0,50.199851183215415,402.23982397220243,722.4915969863689,22154.291315918254,18656.808684081745,20405.55,17661.62,-0.03646912556983006,0
2010-05-16,19293.0,19293.0,19293.0,19748.0,4744843248,245936,56,19992.0,19293.0,50.095819331035365,337.30683370602856,645.4546443303008,22153.485261798036,18529.414738201966,20341.45,17759.46,0.013320893588348204,0
2010-05-18,19509.0,19509.0,19057.0,19449.0,5985221446,313733,97,19748.0,19057.0,47.80675917474142,263.7632449367302,569.1163644515866,22075.133715449603,18388.066284550394,20231.6,17848.0,0.020622343495828366,0
2010-05-19,18770.0,19048.0,18769.0,19267.0,3556970571,189468,73,19449.0,18787.0,45.258784802150295,181.59931362247517,491.6129542857643,21985.092645635235,18227.807354364766,20106.45,17931.26,0.017192739660403467,0
2010-05-22,18600.0,18767.0,18593.0,19004.0,5136626910,276227,68,19267.0,18598.0,43.510614678707284,100.0794322381189,413.30624987623526,21701.62907729309,18167.570922706906,19934.6,18018.14,0.009355844714485473,0
2010-05-23,18600.0,18999.0,18500.0,18889.0,3651280665,196403,59,19004.0,18600.0,43.535469428844955,35.22961711091193,337.69092332317064,21554.203082892698,18050.9969171073,19802.6,18105.94,0.005376344086021501,0
2010-05-24,18600.0,19550.0,18600.0,19017.0,3157323928,162379,69,18889.0,19550.0,53.90920248703059,59.80335606126391,282.1134098707893,21465.375097466713,18034.724902533286,19750.05,18213.94,-0.054731457800511474,0
2010-05-25,19488.0,19670.0,19450.0,19150.0,3241197480,165516,38,19017.0,19450.0,52.80935792534539,70.3975577339188,239.77023944341522,21174.79460182533,18123.305398174667,19649.05,18319.7,-0.04724935732647817,0
2010-05-26,19500.0,19500.0,19110.0,19170.0,2408016170,125028,43,19150.0,19110.0,49.138607559261736,50.77309969700946,201.9708114941341,21008.440564177938,18119.459435822064,19563.95,18412.9,-0.021611721611721646,0
2010-05-29,19498.0,19797.0,18770.0,19180.0,541169982,27880,21,19170.0,18772.0,45.735177727169024,7.856238275533542,163.14789685041399,20869.259353953195,18073.640646046806,19471.45,18499.34,-0.024025143831237994,0
2010-05-30,19000.0,19000.0,18552.0,19138.0,1200470552,64127,30,19180.0,18700.0,45.01986066923038,-31.601202875492163,124.19807690523277,20454.28994808529,18217.910051914707,19336.1,18580.34,-0.02887700534759363,0
2010-05-31,18555.0,18555.0,18469.0,19017.0,2389572777,129303,35,19138.0,18480.0,42.81626525163508,-79.70488237699828,83.41748504878657,20211.078426886455,18238.62157311354,19224.85,18657.94,-0.03576839826839828,0
2010-06-01,18353.0,19479.0,18353.0,18581.0,21624461467,1163794,81,19017.0,18531.0,43.50659665729526,-112.41625654624659,44.25073672977994,19987.631369947456,18271.06863005254,19129.35,18727.16,-0.028708650369650868,0
2010-06-02,18499.0,18697.0,18301.0,18495.0,6782167747,368254,61,18581.0,18697.0,45.800134545632865,-123.52156386920615,10.696276609982718,19892.53444833385,18255.265551666154,19073.9,18801.08,-0.021126383911857505,0
2010-06-06,18490.0,18500.0,18320.0,18476.0,2690745142,146213,41,18495.0,18321.0,41.67318366026182,-160.80895206959394,-23.604769125932613,19889.568626008702,18152.7313739913,19021.15,18857.5,0.03924458271928377,0
2010-06-07,18460.0,18460.0,18151.0,18461.0,1812663815,98696,21,18476.0,18160.0,40.0106852065446,-201.03344194660167,-59.09050369006643,19924.638150588387,18032.361849411613,18978.5,18909.32,0.05776431718061681,1
2010-06-08,18151.0,18152.0,17819.0,18441.0,617825835,34238,24,18461.0,17819.0,36.673571796649675,-257.45965547478045,-98.76433404700924,19988.420739018424,17845.579260981576,18917.0,18951.76,0.09007239463494021,1
2010-06-09,17799.0,18151.0,17799.0,18394.0,1227658714,68382,38,18441.0,17999.0,39.540156665477916,-284.3752398005636,-135.88651519772012,19911.06076652126,17752.739233478744,18831.9,18990.12,0.08206011445080286,1
2010-06-12,18468.0,18690.0,18302.0,18397.0,487013600,26370,7,18394.0,18302.0,44.125269806809236,-278.0512646734642,-164.31946509286894,19749.76519231669,17759.43480768331,18754.6,19033.5,0.05578625286853889,1
2010-06-13,18591.0,19040.0,18591.0,18560.0,3430864773,180242,52,18397.0,19040.0,53.395834550714405,-211.0561130533897,-173.6667946849731,19663.1339390364,17793.8660609636,18728.5,19090.02,-0.004674369747899143,0
2010-06-14,19209.0,19209.0,19200.0,18768.0,4332236437,225533,57,18560.0,19209.0,55.227787578799926,-142.68035479773607,-167.46950670752568,19647.539126369596,17799.960873630404,18723.75,19149.88,0.025404758186266863,0
2010-06-15,19424.0,19424.0,19424.0,18818.0,1042097600,53650,12,18768.0,19424.0,57.51577552520508,-70.33261992737971,-148.0421293514965,19671.8283532633,17788.7716467367,18730.3,19213.98,0.021210873146622733,0
2010-06-16,19476.0,19476.0,19424.0,19142.0,6755330650,346878,98,18818.0,19476.0,58.07383423507757,-8.700262180776917,-120.17375591735258,19738.461806047068,17764.038193952932,18751.25,19279.1,0.03707126720065723,0
2010-06-19,19788.0,19788.0,19323.0,19182.0,1990337717,102508,76,19142.0,19323.0,55.753261195782926,27.481217674037907,-90.6427611990745,19796.30251779641,17759.79748220359,18778.05,19341.12,0.06339595300936707,1
2010-06-20,19301.0,19301.0,18951.0,19132.0,3725002867,196010,56,19182.0,18951.0,50.472398482444824,25.840141005599435,-67.34618075813972,19813.094141912923,17778.30585808708,18795.7,19395.54,-0.6332119677061896,0
2010-06-21,19200.0,19697.0,19200.0,19166.0,1239849846,63550,64,19132.0,19697.0,58.88315330189551,83.76989414564741,-37.122965777382305,19935.845070475654,17765.254929524344,18850.55,19453.52,-0.634208255064223,0
2010-06-22,19750.0,19836.0,19660.0,19732.0,42898299130,2174042,176,19166.0,19836.0,60.2380796356056,139.29012929360033,-1.840346763185778,19993.310770252454,17736.389229747543,18864.85,19502.54,-0.6244202460173423,0
2010-06-23,20419.0,20422.0,20000.0,20305.0,21588081357,1063171,194,19732.0,20198.0,63.60204361500921,210.07903000160877,40.54352858977314,20149.168742340007,17655.331257659993,18902.25,19546.64,-0.6287751262501238,0
2010-06-27,20400.0,20803.0,20400.0,20532.0,251645135593,12255988,345,20305.0,20548.0,66.54877263421582,291.06658434547353,90.64813974091322,20411.924151248666,17536.375848751337,18974.15,19585.16,-0.635244306015184,0
2010-07-12,7100.0,7100.0,6870.0,6928.0,36134363232,5215733,827,6304.0,6951.0,15.169331432224467,-733.4595948363494,-74.1734071745393,23821.19602342571,12945.003976574288,18383.1,19338.72,0.06459502229894976,1
2010-07-13,7175.0,7205.0,7120.0,7204.0,25129272905,3488382,374,6928.0,7205.0,16.466761468727228,-1507.5304235989024,-360.844810459412,25103.65238646749,10513.047613532508,17808.35,19083.9,0.02706453851492019,0
2010-07-14,7492.0,7492.0,7349.0,7471.0,41639796712,5573300,900,7204.0,7450.0,17.773118623984914,-2077.272179198064,-704.1302842071424,25822.694273041507,8691.00572695849,17256.85,18821.4,-0.02281879194630876,0
2010-07-17,7600.0,7646.0,7380.0,7502.0,22510779270,3000780,484,7471.0,7498.0,18.043542866485353,-2496.1493702891676,-1062.5341014235473,26238.23499626419,7172.165003735812,16705.2,18546.28,0.01106961856495059,0
2010-07-18,7620.0,7620.0,7482.0,7522.0,8725602209,1159942,303,7502.0,7495.0,18.039549656071657,-2796.122675328759,-1409.2518162045899,26430.818815911578,5859.381184088423,16145.1,18270.38,0.038559039359572944,0
2010-07-19,7550.0,7600.0,7392.0,7477.0,13492689022,1804457,325,7522.0,7400.0,17.904420926824827,-3006.858197222129,-1728.773092408098,26505.551537614945,4692.548462385053,15599.05,17977.68,0.06621621621621632,1
2010-07-20,7440.0,7488.0,7380.0,7418.0,4744210929,640069,176,7477.0,7400.0,17.904420926824827,-3137.6981850619813,-2010.5581109388747,26459.61091750169,3662.4890824983104,15061.05,17700.88,0.07864864864864862,1
2010-07-21,7400.0,7400.0,7225.0,7290.0,7960085326,1091978,228,7418.0,7280.0,17.710077670834465,-3214.023552343211,-2251.2511992197424,26341.05455907224,2727.1454409277612,14534.1,17434.46,0.08543956043956036,1
2010-07-24,7411.0,7581.0,7400.0,7485.0,14038047735,1875575,238,7290.0,7581.0,20.054171206532644,-3213.184184231999,-2443.637796222194,26079.137271509266,1947.262728490734,14013.2,17156.68,0.028888009497427758,0
2010-07-25,7770.0,7784.0,7770.0,7780.0,10881282089,1398688,142,7485.0,7784.0,21.67465549355225,-3159.715343868722,-2586.8533057514996,25675.917002761067,1298.6829972389314,13487.3,16896.12,0.036228160328879655,0
2010-07-26,8091.0,8091.0,7890.0,8052.0,32342022521,4016866,487,7780.0,7890.0,22.55737674323902,-3073.359809750842,-2684.1546065513685,25071.40687223878,788.1931277612202,12929.8,16641.48,0.02408111533586821,0
2010-07-28,8000.0,8015.0,7900.0,8004.0,4249546795,531971,207,8052.0,7982.0,23.364643548882214,-2963.3392652453695,-2739.991538290169,24333.75971559014,403.14028440986476,12368.45,16372.98,0.0035078927587071096,0
2010-07-31,7998.0,8100.0,7902.0,8017.0,8498379218,1060109,263,8004.0,7902.0,23.138770630430756,-2849.752351285293,-2761.9437008891937,23448.882490839434,135.81750916056626,11792.35,16116.92,0.021260440394836655,0
2010-08-01,7950.0,8000.0,7800.0,7953.0,4100151038,517095,148,8017.0,7800.0,22.835651546996587,-2736.4206967435202,-2756.839100060059,22428.68975804201,-11.589758042015092,11208.55,15864.1,0.02564102564102555,0
2010-08-02,7850.0,8149.0,7850.0,8107.0,25029786902,3087384,275,7953.0,8066.0,25.573848658475228,-2595.224435245056,-2724.5161670970588,21296.080276778608,-4.680276778608459,10645.7,15629.3,-0.016364988842053063,0
2010-08-03,8110.0,8110.0,8050.0,8088.0,5477150702,677218,217,8107.0,8080.0,25.723242272959993,-2453.9085672876263,-2670.3946471351724,20090.632132436065,113.66786756393412,10102.15,15403.38,-0.023886138613861352,0
2010-08-04,8103.0,8103.0,8002.0,8048.0,4580304451,569791,179,8088.0,8010.0,25.44818823229646,-2320.8102825085825,-2600.4777742098545,18510.41389363483,525.186106365165,9517.8,15183.32,-0.028464419475655478,0
2010-08-07,8040.0,8200.0,8030.0,8086.0,4978145770,615228,177,8048.0,8070.0,26.176844690628116,-2185.296694348266,-2517.4415582375373,16585.1444405415,1273.8555594585014,8929.5,14963.74,-0.058116480793060754,0
2010-08-08,8149.0,8149.0,8000.0,8070.0,2981113352,370099,147,8086.0,8000.0,25.859294222814512,-2059.805459244335,-2425.914338438897,13967.42749028276,2671.7725097172406,8319.6,14729.72,-0.05887500000000001,0
2010-08-09,8084.0,8084.0,7900.0,7978.0,5209781388,653612,189,8070.0,7934.0,25.544645538438132,-1943.277506279781,-2329.386972007074,8344.4986272052,7033.3013727948,7688.9,14491.44,-0.023191328459793326,0
2010-08-10,7900.0,7900.0,7830.0,7855.0,8147829196,1037279,263,7978.0,7887.0,25.308481402934063,-1833.584352176158,-2230.226448040891,8301.383692529107,7170.016307470893,7735.7,14257.94,-0.02751363002409024,0
2010-08-11,7835.0,7860.0,7780.0,7813.0,6804489294,870911,226,7855.0,7782.0,24.757797731188518,-1735.1229425260144,-2131.2057469379156,8275.20545134991,7253.894548650091,7764.55,14027.5,-0.01323567206373688,0
2010-08-14,7825.0,7825.0,7600.0,7763.0,1635455393,213814,127,7813.0,7601.0,23.79657394985911,-1652.6460780704765,-2035.493813164428,8268.18704880634,7276.012951193661,7772.1,13793.66,0.006446520194711258,0
2010-08-15,7600.0,7650.0,7502.0,7698.0,2177147307,286322,120,7763.0,7529.0,23.407258487745878,-1574.937468276873,-1943.3825441869171,8266.484769464761,7280.815230535239,7773.65,13563.1,0.007305086996945098,0
2010-08-16,7551.0,7880.0,7551.0,7738.0,5653054825,730603,150,7698.0,7750.0,27.33683705453099,-1478.4770193698969,-1850.401439223513,8262.65472175443,7310.145278245569,7786.4,13342.36,-0.015483870967741953,0
2010-08-17,7860.0,8000.0,7652.0,7797.0,3467082530,442667,147,7738.0,7670.0,26.800807618432927,-1392.4356190083636,-1758.8082751804832,8245.925066552763,7353.874933447237,7799.9,13123.8,0.01016949152542379,0
2010-08-18,7900.0,7949.0,7650.0,7772.0,4189610843,539584,211,7797.0,7679.0,26.974289200590476,-1308.4381045483788,-1668.7342410540625,8225.066864918505,7402.633135081495,7813.85,12905.38,0.0027347310847767314,0
2010-08-21,7890.0,7890.0,7630.0,7736.0,2599820251,337789,138,7772.0,7650.0,26.754260060783793,-1230.0305008598043,-1580.993493015211,8173.085249120799,7491.614750879202,7832.35,12667.38,0.02875816993464042,0
2010-08-22,7700.0,7780.0,7575.0,7660.0,4691439000,613353,153,7736.0,7584.0,26.22986704156169,-1159.8475577891568,-1496.7643059700001,8172.7948721233,7492.2051278767,7832.5,12430.06,0.06381856540084385,1
2010-08-23,7660.0,7799.0,7600.0,7686.0,4765033454,619675,159,7660.0,7630.0,27.299415435367393,-1087.973769824528,-1415.0061987409058,8175.9327953829,7473.667204617101,7824.8,12200.46,0.03958060288335519,0
2010-08-24,7651.0,7750.0,7640.0,7674.0,5736905530,747541,137,7686.0,7748.0,30.099114858514724,-1009.8507305949806,-1333.9751051117207,8169.014730680918,7466.385269319082,7817.7,11979.98,0.040526587506453327,0
2010-08-25,7719.0,7850.0,7658.0,7820.0,22141487855,2831511,138,7674.0,7700.0,29.599764151637416,-940.9640106220304,-1255.3728862137827,8150.008083037043,7457.191916962957,7803.6,11759.98,0.0894805194805195,1
2010-08-28,7801.0,7870.0,7801.0,7821.0,3307154752,422815,116,7820.0,7870.0,33.789359704591035,-862.7084435706074,-1176.8399976851479,8146.867510782617,7457.132489217383,7802.0,11547.78,0.06099110546378661,1
2010-08-29,7920.0,8119.0,7920.0,8024.0,9347083702,1164875,256,7821.0,8068.0,38.388342950250966,-775.7707948144152,-1096.6261571110015,8179.221054906673,7451.578945093326,7815.4,11338.52,0.02664848785324736,0
2010-08-30,8102.0,8190.0,7903.0,8071.0,4690547341,580403,177,8024.0,7932.0,36.51234578910111,-709.6655623722199,-1019.2340381632453,8158.478844405148,7458.921155594851,7808.7,11123.22,0.03693898134140183,0
2010-08-31,7990.0,8197.0,7950.0,8067.0,4262189506,528461,195,8071.0,8062.0,39.55319769159441,-639.4159863862005,-943.2704278078364,8154.864028665318,7460.735971334682,7807.8,10918.04,0.022699082113619484,0
2010-09-04,8141.0,8389.0,8140.0,8359.0,79435260400,9502613,806,8067.0,8389.0,46.495243346748396,-551.0048828485942,-864.817318815988,8249.122761898077,7404.377238101923,7826.75,10722.62,-0.03444987483609485,0
2010-09-05,8500.0,8655.0,8350.0,8509.0,16947121137,1991590,420,8359.0,8350.0,45.81937082005601,-478.5687774234202,-787.5676105374745,8310.365534233502,7371.134465766499,7840.75,10533.24,-0.05029940119760479,0
2010-09-06,8438.0,8470.0,8201.0,8395.0,3719013737,446525,167,8509.0,8283.0,44.619388731531785,-421.7077970769342,-714.3956478453665,8358.668557964293,7351.131442035706,7854.9,10338.92,-0.026198237353615816,0
2010-09-07,8252.0,8595.0,8188.0,8306.0,7156012748,861548,198,8395.0,8225.0,43.55595350548538,-376.97958971627486,-646.9124362195482,8397.729651314936,7341.170348685063,7869.45,10137.38,-0.021276595744680882,0
2010-09-08,8200.0,8251.0,8139.0,8250.0,2544484781,311110,135,8306.0,8245.0,44.05113611405321,-336.04461711500335,-584.7388723986393,8440.471785860438,7334.228214139563,7887.35,9921.48,-0.027289266221952713,0
2010-09-12,8220.0,8250.0,8100.0,8204.0,2834697974,347523,94,8250.0,8100.0,41.22720666360995,-311.71044066540344,-530.1331860519921,8461.601815608625,7344.898184391375,7903.25,9699.3,-0.023333333333333317,0
2010-09-13,8110.0,8110.0,7900.0,8000.0,4825602064,605686,167,8204.0,7930.0,38.140149164412755,-302.65420053349044,-484.6373889482918,8460.575623404731,7378.824376595269,7919.7,9469.42,-0.016393442622950838,0
2010-09-14,7979.0,8220.0,7903.0,8032.0,1787287690,220596,76,8000.0,8066.0,41.88896486664939,-281.26080213345995,-443.9620715853255,8459.788920965148,7433.311079034852,7946.55,9241.22,-0.020580213240763645,0
2010-09-15,8100.0,8148.0,8050.0,8047.0,1592717925,196963,84,8032.0,8050.0,41.5697899091906,-262.57069453077565,-407.68379617441553,8468.430843979606,7454.669156020394,7961.55,9015.76,-0.0007453416149068026,0
2010-09-18,8120.0,8139.0,7901.0,8045.0,1220970598,151904,72,8047.0,8020.0,40.93990391007068,-247.3283515995481,-375.61270725944206,8468.32108027502,7489.7789197249795,7979.05,8797.14,0.012593516209476352,0
2010-09-19,8080.0,8087.0,7906.0,8027.0,2132769837,266717,81,8045.0,7911.0,38.64847487010564,-241.26294501126904,-348.7427548098075,8461.572615716734,7519.727384283265,7990.65,8561.42,0.002528125395019565,0
2010-09-20,7900.0,7954.0,7711.0,7900.0,3223581891,412715,121,8027.0,7800.0,36.41335192728156,-242.61611141633603,-327.5174261311132,8451.585894028576,7544.714105971422,7998.15,8320.7,0.009615384615384581,0
2010-09-21,7850.0,7900.0,7730.0,7894.0,979885854,124560,58,7900.0,7900.0,39.79157281425996,-232.93422057795397,-308.6007850204814,8428.95384334787,7598.94615665213,8013.95,8074.74,-0.00025316455696200446,0
2010-09-22,7955.0,8080.0,7955.0,8004.0,26127607342,3264368,78,7894.0,8044.0,44.374502503311206,-211.20699304841855,-289.1220266260688,8410.430933515145,7658.8690664848555,8034.65,7824.66,-0.009323719542516207,0
2010-09-25,8100.0,8150.0,8100.0,8045.0,1783413145,219175,105,8004.0,8121.0,46.71033563078363,-185.63486899481268,-268.4245950998176,8406.680305044752,7699.919694955247,8053.3,7848.06,-0.0396502893732299,0
2010-09-26,8113.0,8117.0,7800.0,8017.0,1859576444,233589,85,8045.0,7931.0,42.021286251547195,-178.64092714090657,-250.46786150803544,8384.805168724508,7744.894831275492,8064.85,7862.58,-0.029000126087504685,0
2010-09-27,8014.0,8014.0,7825.0,7985.0,14547607751,1821803,89,8017.0,7875.0,40.72369443513493,-175.59278549307783,-235.49284630504394,8384.453033481019,7745.746966518982,8065.1,7871.08,-0.013333333333333308,0
2010-09-28,7881.0,7979.0,7800.0,7953.0,1404816192,178782,79,7985.0,7898.0,41.5223928850542,-169.36882510810574,-222.26804206565632,8384.13650177274,7729.06349822726,8056.6,7879.08,-0.02506963788300831,0
2010-09-29,7899.0,7969.0,7836.0,7935.0,1571721664,199177,89,7953.0,7969.0,44.02951771836874,-156.8985561442887,-209.19414488138278,8383.559504618866,7733.340495381132,8058.45,7888.56,-0.04630442966495174,0
2010-10-02,7970.0,7980.0,7798.0,7865.0,4978905496,633688,135,7935.0,7799.0,39.646561350061525,-158.90163822512386,-199.13564355013102,8389.487216487654,7701.112783512347,8045.3,7896.54,-0.05744326195666116,0
2010-10-03,7900.0,7917.0,7700.0,7791.0,3887670401,500914,132,7865.0,7701.0,37.339027607304644,-166.4778234653786,-192.60407953318057,8348.263246358434,7673.536753641565,8010.9,7902.56,-0.0468770289572783,0
2010-10-05,7900.0,7900.0,7770.0,7793.0,1471094621,188612,62,7791.0,7770.0,39.98747956802332,-165.01212445457713,-187.0856885174599,8296.636016358927,7667.163983641072,7981.9,7912.36,-0.08416988416988413,0
2010-10-06,7850.0,7850.0,7700.0,7741.0,10064563424,1300157,151,7793.0,7700.0,38.22246888581239,-167.5673503070302,-183.18202087537398,8258.398736286399,7647.101263713601,7952.75,7914.74,-0.10077922077922075,0
2010-10-09,7720.0,7800.0,7583.0,7657.0,3591358947,471579,125,7741.0,7600.0,35.791969335709354,-175.63691642724734,-181.67299998574865,8237.058869299308,7605.941130700693,7921.5,7911.06,-0.052105263157894766,0
2010-10-10,7601.0,7601.0,7351.0,7449.0,4672626660,629321,136,7657.0,7351.0,30.57798519616165,-199.82091362767642,-185.30258271413422,8245.240822919279,7508.359177080722,7876.8,7900.28,-0.014827914569446321,0
2010-10-11,7310.0,7430.0,7160.0,7412.0,2072526523,281688,98,7449.0,7340.0,30.36752424953518,-217.36882125048942,-191.71583042140526,8260.273415523941,7417.32658447606,7838.8,7887.44,-0.004632152588555871,0
2010-10-12,7320.0,7370.0,7116.0,7212.0,3611320452,506237,137,7412.0,7116.0,26.384989326984808,-246.5089902284726,-202.67446238281872,8321.395671674625,7274.8043283253755,7798.1,7871.72,0.06773468240584601,1
2010-10-13,6925.0,7000.0,6924.0,6927.0,9822799308,1418031,177,7212.0,6924.0,23.535824838116895,-281.84662700349054,-218.5088953069531,8372.864542440362,7109.135457559638,7741.0,7854.2,0.1120739456961295,1
2010-10-16,6653.0,7204.0,6653.0,6964.0,1859488029,264728,107,6927.0,7204.0,34.62313456844811,-283.9846999525389,-231.60405623607028,8354.956992338632,7042.443007661368,7698.7,7836.96,0.0799555802332037,1
2010-10-17,7242.0,7242.0,7242.0,7025.0,1126790022,155591,36,6964.0,7242.0,35.9798694046093,-279.3921964231322,-241.16168427348268,8327.399161168833,6992.200838831168,7659.8,7820.2,0.04529135597901135,0
2010-10-18,7306.0,7306.0,7300.0,7306.0,5529034638,756780,99,7025.0,7306.0,38.30218751653298,-267.5047113625069,-246.43028969128756,8303.673868434662,6955.4261315653375,7629.55,7806.12,0.032712838762660734,0
2010-10-19,7598.0,7598.0,7520.0,7598.0,11748027768,1546273,274,7306.0,7598.0,47.635388172542825,-231.84922065845603,-243.51407588472125,8289.094226431698,6949.8057735683005,7619.45,7796.68,-0.006317451961042386,0
2010-10-20,7749.0,7770.0,7560.0,7661.0,3654791263,475179,150,7598.0,7700.0,50.454836295196735,-193.13509864635398,-233.4382804370478,8267.917455530875,6950.982544469125,7609.45,7790.68,-0.03246753246753242,0
2010-10-23,7750.0,7960.0,7750.0,7882.0,7036189985,892699,144,7661.0,7780.0,52.61003399710163,-154.22078540443545,-217.59478143052536,8229.442822127112,6963.057177872887,7596.25,7787.6,-0.001413881748071999,0
2010-10-24,7796.0,7840.0,7567.0,7705.0,3340159517,439584,144,7882.0,7570.0,46.84900323890743,-138.72699827296674,-201.82122479901363,8154.329951414103,6983.070048585897,7568.7,7781.26,0.017173051519154603,0
2010-10-25,7570.0,7600.0,7400.0,7678.0,684729918,91333,50,7705.0,7545.0,46.20039465169147,-127.00135880218113,-186.85725159964716,8110.944797850781,6987.855202149219,7549.4,7776.52,0.01656726308813794,0
2010-10-26,7679.0,7700.0,7495.0,7646.0,1131459069,150282,50,7678.0,7550.0,46.3603441935175,-115.96843489997354,-172.67948825971243,8074.512457133173,6991.787542866827,7533.15,7775.5,0.018543046357615944,0
2010-10-27,7550.0,7550.0,7400.0,7592.0,1492555528,200197,59,7646.0,7450.0,43.57031172897891,-113.98003657317349,-160.93959792240463,8026.333116474208,6995.166883525792,7510.75,7773.92,0.0071140939597316155,0
2010-10-30,7840.0,7840.0,7619.0,7653.0,2021588793,260617,93,7592.0,7769.0,53.238155151948355,-85.67596339322336,-145.8868710165684,7987.3360149996615,7014.1639850003385,7500.75,7774.3,-0.028060239413051913,0
2010-10-31,7700.0,7798.0,7620.0,7775.0,15730503729,2023274,130,7653.0,7700.0,51.195039592417174,-68.02831673208493,-130.3151601596717,7972.053545911471,7019.54645408853,7495.8,7774.9,-0.03987012987012983,0
2010-11-01,7720.0,7720.0,7610.0,7755.0,916443983,119640,47,7775.0,7670.0,50.29134837666517,-55.819723858177895,-115.41607289937295,7968.0174007287205,7020.4825992712795,7494.25,7774.72,-0.007822685788787531,0
2010-11-02,7620.0,7700.0,7620.0,7721.0,2537843852,330347,81,7755.0,7690.0,50.91343129543544,-44.02302318650527,-101.13746295679942,7955.918927450873,7024.581072549127,7490.25,7775.52,-0.023927178153446027,0
2010-11-03,7660.0,7660.0,7503.0,7693.0,1038816936,137080,60,7721.0,7503.0,45.21570136743919,-49.19628592879508,-90.74922755119857,7936.133430848825,7024.666569151174,7480.4,7773.9,0.0262561642009862,0
2010-11-06,7688.0,7688.0,7500.0,7643.0,1646531586,218606,53,7693.0,7551.0,46.85961318790403,-48.8597107447913,-82.37132418991712,7931.607348660021,7024.292651339979,7477.95,7772.32,0.015759502052708152,0
2010-11-07,7500.0,7500.0,7386.0,7475.0,5624855634,752524,80,7643.0,7393.0,42.35434250188204,-60.64319502234048,-78.02569835640179,7931.721772411384,7028.378227588616,7480.05,7765.22,0.0279994589476531,0
2010-11-08,7400.0,7678.0,7390.0,7472.0,543663199,73044,43,7475.0,7610.0,49.53117360918723,-51.87363774666028,-72.7952862344535,7943.808803348971,7043.291196651029,7493.55,7763.42,0.006570302233902758,0
2010-11-09,7501.0,7617.0,7500.0,7477.0,392529331,52025,21,7472.0,7506.0,46.5405877112043,-52.70804571874487,-68.77783813131178,7928.663029142805,7097.436970857196,7513.05,7756.14,0.007727151612043626,0
2010-11-10,7420.0,7750.0,7420.0,7695.0,23245066330,3020700,103,7477.0,7700.0,52.3233634016594,-37.2853391929566,-62.47933834364075,7874.815183871693,7228.884816128308,7551.85,7748.78,-0.01558441558441559,0
2010-11-13,7621.0,7670.0,7500.0,7555.0,12709983917,1682293,74,7695.0,7670.0,51.39747601577032,-27.170280357162483,-55.417526746345104,7859.274814110431,7291.025185889568,7575.15,7743.54,-0.011994784876140807,0
2010-11-14,7420.0,7600.0,7420.0,7553.0,703262374,93415,40,7555.0,7600.0,49.20935346473891,-24.51978947034786,-49.237979291145656,7832.5724206484565,7353.527579351544,7593.05,7734.3,-0.02355263157894738,0
2010-11-15,7535.0,7719.0,7535.0,7573.0,3449571883,452824,86,7553.0,7660.0,51.12984101057926,-17.377441459648253,-42.86587172484618,7812.082436515592,7409.417563484408,7610.75,7719.72,-0.046605744125326365,0
2010-11-16,7580.0,7640.0,7520.0,7594.0,5114761761,671308,61,7573.0,7564.0,48.00235778082729,-19.241670893322407,-38.14103155854143,7811.356178831256,7406.743821168744,7609.05,7704.0,-0.041512427287149656,0
2010-11-20,7680.0,7680.0,7410.0,7584.0,2717346986,359818,51,7594.0,7580.0,48.567028922165605,-19.206617932315567,-34.35414883329626,7801.287710825416,7404.812289174584,7603.05,7689.94,-0.04498680738786276,0
2010-11-21,7560.0,7600.0,7531.0,7584.0,1070083621,141158,43,7584.0,7578.0,48.49613422384642,-19.119820108936437,-31.307283088424295,7773.928976661092,7411.971023338908,7592.95,7677.0,-0.055159672736869836,0
2010-11-22,7458.0,7887.0,7410.0,7607.0,18247001604,2398595,159,7584.0,7421.0,43.168946373152586,-31.358142952625712,-31.31745506126458,7781.304494313314,7389.695505686686,7585.5,7660.52,-0.04190809863899747,0
2010-11-23,7351.0,7440.0,7303.0,7456.0,5964853250,813869,233,7607.0,7303.0,39.64412759178607,-50.00232018967381,-35.05442808694643,7804.4561836291905,7342.343816370809,7573.4,7644.58,-0.026564425578529338,0
2010-11-24,7300.0,7300.0,7201.0,7418.0,1852487482,256155,57,7456.0,7250.0,38.137866410564776,-68.26767477494468,-41.69707742454608,7829.130419408826,7287.669580591173,7558.4,7630.98,-0.03448275862068961,0
2010-11-27,7300.0,7300.0,7200.0,7407.0,666524402,92048,51,7418.0,7239.0,37.8167172846651,-82.6776514468811,-49.89319222901308,7849.3510945142225,7246.348905485778,7547.85,7614.44,-0.033015609890868935,0
2010-11-28,7240.0,7240.0,7150.0,7369.0,1773730194,247197,71,7407.0,7160.0,35.504379040974555,-99.3273180537035,-59.78001739395117,7845.269120219118,7189.530879780881,7517.4,7596.64,-0.02583798882681565,0
2010-11-29,7150.0,7150.0,7075.0,7214.0,5630478797,795641,127,7369.0,7110.0,34.0838699069304,-115.22859738322404,-70.86973339180575,7849.2081233424515,7126.591876657548,7487.9,7578.44,-0.021518987341772156,0
2010-11-30,6926.0,7110.0,6926.0,7210.0,258781509,36737,36,7214.0,7109.0,34.05452372544309,-126.45349033503317,-81.98648478045124,7846.472955853931,7073.22704414607,7459.85,7562.4,-0.03193135462090313,0
2010-12-01,7100.0,7100.0,7000.0,7196.0,764588384,108868,45,7210.0,7000.0,30.92862767445996,-142.5020134131173,-94.08959050698445,7845.367749616863,7005.332250383138,7425.35,7546.4,-0.004428571428571448,0
2010-12-04,7150.0,7200.0,7000.0,7187.0,546988262,77834,46,7196.0,7000.0,30.92862767445996,-153.45168803653723,-105.962010012895,7857.215798406577,6943.184201593423,7400.2,7528.4,-0.007857142857142896,0
2010-12-05,7139.0,7140.0,6950.0,7176.0,624964308,89353,44,7187.0,6975.0,30.19145928589697,-162.2760577496274,-117.22481956024149,7858.387227751598,6884.412772248401,7371.4,7507.02,0.0035842293906809264,0
2010-12-06,6973.0,7000.0,6950.0,7168.0,403081348,57806,36,7176.0,6957.0,29.643618392816137,-168.7763353567525,-127.5351227195437,7868.741368023371,6830.4586319766295,7349.6,7483.74,0.0077619663648125226,0
2010-12-07,6950.0,6970.0,6882.0,7146.0,870684412,126083,66,7168.0,6882.0,27.41169314527336,-177.9286743896082,-137.61383305355662,7855.764503071439,6770.63549692856,7313.2,7462.76,0.01990700377797161,0
2010-12-08,6882.0,6980.0,6861.0,7111.0,1354689265,196850,58,7146.0,6969.0,33.652170658144655,-176.1314622428199,-145.3173588914093,7841.104819711506,6731.595180288495,7286.35,7444.64,0.000430477830391629,0
2010-12-11,6931.0,6980.0,6931.0,7091.0,1272033533,183004,40,7111.0,6945.0,32.814085529667,-174.63072381165694,-151.18003187545884,7788.169606254028,6709.030393745973,7248.6,7425.58,0.0007199424046075986,0
2010-12-12,7000.0,7268.0,6950.0,7088.0,411183488,58546,33,7091.0,7000.0,36.704399960181554,-167.07737348739283,-154.35950019784565,7728.413900058346,6701.786099941654,7215.1,7406.2,-0.00728571428571434,0
2010-12-13,7000.0,7048.0,7000.0,7086.0,427982363,60895,36,7088.0,7011.0,37.48407177425463,-158.37799789445216,-155.16319973716696,7674.243604126266,6697.056395873733,7185.65,7390.44,-0.0018542290686064389,0
2010-12-14,7010.0,7051.0,6950.0,7080.0,737180549,105253,42,7086.0,7019.0,38.08143867485752,-149.11919367896462,-153.9543985255265,7595.37795326734,6711.822046732661,7153.6,7376.8,0.015671748112266792,0
2010-12-18,7000.0,7090.0,6960.0,7074.0,1539518161,218612,55,7080.0,6972.0,35.91042023120386,-143.91506851094437,-151.94653252261008,7529.6762255704225,6718.3237744295775,7124.0,7360.84,0.05249569707401025,1
2010-12-19,6999.0,7000.0,6800.0,7053.0,1313316423,190020,68,7074.0,6950.0,34.90724849047487,-139.95269046180056,-149.54776411044818,7446.155482062768,6738.844517937232,7092.5,7345.84,0.07482014388489211,1
2010-12-20,6990.0,7000.0,6830.0,7032.0,1635148178,236279,47,7053.0,6949.0,34.85957917179421,-135.333132839688,-146.70483785629614,7340.4997986992175,6781.600201300783,7061.05,7332.82,0.060584256727586716,1
2010-12-21,7000.0,7000.0,6804.0,7019.0,1127679051,163071,50,7032.0,6998.0,39.238175387460664,-126.26273147946085,-142.61641658092907,7266.141375510808,6813.658624489191,7039.9,7325.76,0.06316090311517586,1
2010-12-22,6999.0,7140.0,6920.0,7056.0,4345038903,611177,58,7019.0,7129.0,49.09058279069814,-107.26725769034329,-135.5465848028119,7227.73457709273,6834.665422907269,7031.2,7321.54,0.03310422219105069,0
2010-12-25,7333.0,7338.0,7300.0,7321.0,12173955208,1662818,31,7056.0,7338.0,60.18327104145236,-74.48998041749746,-123.33526392574902,7254.229732637216,6816.970267362784,7035.6,7325.98,0.003270645952575535,0
2010-12-26,7613.0,7613.0,7403.0,7364.0,2051512457,271494,130,7321.0,7470.0,65.32250849983905,-37.43097423031031,-106.15440598666129,7324.154891640971,6770.145108359028,7047.15,7336.9,-0.004149933065595746,0
2010-12-27,7498.0,7498.0,7364.0,7369.0,1341785196,181245,81,7364.0,7370.0,59.099146457425284,-15.946784491286053,-88.11288168758625,7365.205051971238,6750.094948028761,7057.65,7340.22,0.02740841248303938,0
2010-12-28,7400.0,7544.0,7360.0,7374.0,769769178,103420,45,7369.0,7440.0,61.839808479382555,6.651333218675973,-69.16003870633381,7423.708736113174,6724.591263886825,7074.15,7344.18,0.042204301075268846,0
2010-12-29,7450.0,7650.0,7360.0,7386.0,1832084464,246112,75,7374.0,7365.0,57.4017203138317,18.297706544502034,-51.66848965616664,7458.718462881195,6715.181537118805,7086.95,7345.36,0.06585200271554648,1
2011-01-01,7400.0,7599.0,7350.0,7388.0,474514204,63854,26,7386.0,7362.0,57.224808509292544,26.974520898987066,-35.9398875451359,7493.018800283032,6717.0811997169685,7105.05,7340.64,0.04591143710948109,0
2011-01-02,7440.0,7479.0,7351.0,7391.0,598963278,80555,38,7388.0,7439.0,60.582744692922056,39.60764301832569,-20.830381432443588,7537.7188819534185,6716.2811180465815,7127.0,7335.42,0.09624949589998666,1
2011-01-03,7449.0,7642.0,7449.0,7456.0,4741825161,628467,121,7391.0,7572.0,65.60522808004328,59.66370572699998,-4.731564000554874,7604.186685275287,6709.513314724713,7156.85,7331.26,0.0578446909667194,1
2011-01-04,7550.0,7754.0,7550.0,7719.0,10288864118,1327088,128,7456.0,7754.0,71.04267467304348,89.21573541924226,14.057895883404555,7703.738105070122,6689.661894929877,7196.7,7334.94,0.05751870002579307,1
2011-01-05,8000.0,8027.0,7760.0,7980.0,24778436195,3105218,419,7719.0,7850.0,73.42882529193558,119.01045115625038,35.04840693797372,7804.8056011807685,6685.394398819232,7245.1,7341.04,0.12611464968152863,1
2011-01-08,7989.0,7989.0,7670.0,7842.0,7605777429,979053,202,7980.0,7700.0,64.48717880802675,129.03183298830754,53.84509214804049,7859.635562097483,6703.6644379025165,7281.65,7344.04,0.13636363636363646,1
2011-01-09,7702.0,8155.0,7690.0,8125.0,25549652902,3144666,331,7842.0,8155.0,74.59362453519716,171.70919102780226,77.41791192399285,8012.454192134565,6671.845807865434,7342.15,7358.14,0.1091354996934395,1
2011-01-10,8450.0,8450.0,8010.0,8349.0,17790311317,2130827,355,8125.0,8010.0,67.95642204756874,191.6221160897676,100.25875275714779,8103.211827002547,6682.088172997453,7392.65,7362.96,0.1655430711610486,1
2011-01-11,8149.0,8450.0,8100.0,8345.0,7556159210,905755,271,8349.0,8200.0,71.53100789193955,220.19637799199336,124.24627780411691,8221.510397637847,6682.689602362155,7452.1,7372.96,0.15243902439024382,1
2011-01-29,8973.0,8973.0,8737.0,8849.0,13828509655,1562682,404,8345.0,8840.0,79.73254160960641,291.1283908442556,157.62270041214464,8495.289753394045,6591.010246605954,7543.15,7396.36,0.04208144796380098,0
2011-01-30,8770.0,8818.0,8496.0,8698.0,11256920282,1297753,341,8849.0,8750.0,76.3993530505681,336.20471554794494,193.33910343930472,8681.341279861468,6582.758720138532,7632.05,7417.56,0.02857142857142847,0
2011-01-31,8664.0,9045.0,8664.0,8977.0,18073447343,2013198,385,8698.0,9045.0,79.43418342585451,391.222295124363,232.9157417763164,8904.433949486469,6569.166050513531,7736.8,7448.4,-0.010503040353786575,0
2011-02-01,9100.0,9336.0,9100.0,9309.0,27952461727,3002723,377,8977.0,9336.0,81.90592246722522,453.0825378680029,276.9491009946537,9157.592933821314,6554.707066178686,7856.15,7484.1,-0.05205655526992292,0
2011-02-05,9681.0,9681.0,9400.0,9589.0,18943614878,1975492,426,9309.0,9450.0,82.77911243291702,505.47922334671694,322.65512546506636,9390.988630683034,6566.511369316966,7978.75,7525.24,-0.06899470899470894,0
2011-02-06,9400.0,9454.0,9206.0,9279.0,50872941935,5482763,361,9589.0,9212.0,74.67670251701705,521.784555578226,362.4810114876983,9535.757584208975,6630.042415791024,8082.9,7557.28,-0.008901432913591023,0
2011-02-07,9201.0,9600.0,8910.0,9141.0,13672574678,1495813,319,9279.0,9000.0,68.26686538489662,511.70144486982736,392.32509816412414,9629.014695754484,6702.985304245516,8166.0,7587.16,0.016666666666666607,0
2011-02-08,8950.0,8994.0,8825.0,9069.0,3694962721,416032,214,9141.0,8950.0,66.81031928056522,493.98161232199527,412.6564009956984,9704.430264640014,6775.569735359986,8240.0,7612.16,0.027932960893854775,0
2011-02-09,8900.0,9000.0,8847.0,9018.0,4510272403,505783,166,9069.0,8850.0,63.87497079765364,466.49192457287427,423.4235057111336,9744.276896266474,6883.723103733527,8314.0,7635.76,0.03389830508474567,0
2011-02-12,8811.0,8950.0,8680.0,8953.0,3845822248,437295,159,9018.0,8798.0,62.341135058139194,435.490124489399,425.83682946678675,9768.019172363505,6995.780827636494,8381.9,7659.72,0.015685383041600387,0
2011-02-13,8797.0,9200.0,8664.0,8984.0,8561814962,951075,220,8953.0,9130.0,67.67778458243438,432.7224449426394,427.2139525619573,9810.033468811274,7130.266531188725,8470.15,7689.12,-0.04096385542168679,0
2011-02-14,9192.0,9200.0,8900.0,9088.0,15026010714,1653336,292,8984.0,9150.0,67.97222996824391,427.21816672289606,427.2147953941451,9828.470088103966,7290.629911896032,8559.55,7720.84,-0.050819672131147575,0
2011-02-15,9136.0,9432.0,9135.0,9306.0,14055760702,1510355,263,9088.0,9200.0,68.73894151457964,422.0257189242602,426.1769801001681,9835.057687664628,7460.142312335373,8647.6,7753.24,-0.04239130434782612,0
2011-02-16,9188.0,9200.0,8934.0,9270.0,2561747420,281099,135,9306.0,9150.0,67.01136050741326,409.1595479261923,422.773493665373,9823.884618077847,7629.115381922153,8726.5,7784.68,-0.016393442622950838,0
2011-02-19,9060.0,9060.0,8901.0,9120.0,6541028953,729949,190,9270.0,8936.0,60.05455321657917,377.34520258096927,413.68783544849225,9790.542067978993,7780.6579320210085,8785.6,7814.98,-0.012981199641897923,0
2011-02-20,8800.0,8900.0,8756.0,9011.0,4428072807,503439,145,9120.0,8756.0,54.89254904066686,333.7602288480339,397.70231412840064,9740.188711023025,7921.611288976974,8830.9,7844.04,0.002740977615349527,0
2011-02-22,8800.0,8800.0,8661.0,8912.0,4228136282,485758,161,9011.0,8685.0,52.95888177787284,290.14510436954515,376.19087217662957,9632.19661424272,8128.1033857572775,8880.15,7872.74,0.0063327576280944875,0
2011-02-23,8738.0,9070.0,8738.0,8915.0,6763520126,758380,136,8912.0,8810.0,55.90400735382607,262.6387236029859,353.48044246190085,9588.991384351226,8236.808615648773,8912.9,7904.16,0.006923950056753725,0
2011-02-26,8802.0,9069.0,8802.0,8942.0,4155189637,461602,95,8915.0,9000.0,60.00304049773804,253.25180165080383,333.43471429968145,9496.974746872675,8427.825253127325,8962.4,7940.96,-0.00011111111111106187,0
2011-02-27,8961.0,8964.0,8813.0,8928.0,2539713404,286345,96,8942.0,8820.0,54.80536711618417,228.65234084324584,312.47823960839435,9405.384174446057,8581.415825553942,8993.4,7975.16,0.009070294784580435,0
2011-02-28,8850.0,8888.0,8755.0,8904.0,2223011856,253023,85,8928.0,8780.0,53.69230363360576,203.5826511411051,290.69912191493654,9407.648798672924,8573.151201327075,8990.4,8008.58,0.024373576309794975,0
2011-03-01,8799.0,8799.0,8661.0,8890.0,999953055,114628,74,8904.0,8740.0,52.543099408288256,178.43024295690702,268.24534612333065,9408.3222269359,8571.4777730641,8989.9,8043.38,0.01830663615560635,0
2011-03-02,8750.0,8990.0,8750.0,8890.0,1836292386,206537,99,8890.0,8871.0,55.87410022049479,167.14068961650264,248.02441482196508,9401.907309175862,8560.49269082414,8981.2,8080.8,-0.0061999774546274145,0
2011-03-05,8900.0,9040.0,8900.0,8927.0,5064174933,563414,146,8890.0,8999.0,58.909007036509976,166.6016869752566,231.7398692526234,9352.609848547316,8576.090151452685,8964.35,8121.28,-0.03311479053228139,0
2011-03-06,8990.0,8997.0,8900.0,8931.0,1597594105,178364,73,8927.0,8900.0,55.71710024458182,156.38336083780996,216.66856756966072,9255.24866518874,8618.451334811261,8936.85,8160.14,0.0012359550561797938,0
2011-03-07,8901.0,8994.0,8678.0,8802.0,8787981520,1005670,165,8931.0,8994.0,58.041778798379184,154.09397869778513,204.15364979528562,9219.912905812902,8631.9870941871,8925.95,8202.38,0.011785634867689465,0
2011-03-08,8718.0,9000.0,8718.0,8825.0,2382322377,266739,85,8802.0,8900.0,54.93601317122553,143.04567099607993,191.93205403544448,9213.100971235699,8628.799028764302,8920.95,8241.0,0.04258426966292128,0
2011-03-09,8900.0,8900.0,8814.0,8831.0,3954414764,447023,78,8825.0,8816.0,52.245630507012564,126.05858466572863,178.75736016150134,9209.557890165432,8618.942109834568,8914.25,8278.42,0.08541288566243188,1
2011-03-12,8870.0,8870.0,8660.0,8727.0,12252967567,1405170,152,8831.0,8701.0,48.72733121547442,102.13925965288036,163.43374005977716,9215.432856309813,8598.167143690185,8906.8,8312.44,0.14262728422020454,1
2011-03-13,8869.0,8950.0,8761.0,8787.0,4217828726,473075,126,8727.0,8911.0,54.72335299072954,98.98720433337985,150.54443291449772,9217.019515864537,8607.880484135465,8912.45,8350.44,0.15946582875098203,1
2011-03-14,8900.0,9100.0,8900.0,9088.0,18008595755,1981680,351,8787.0,9100.0,59.33279919644628,110.46650909065647,142.52884814972947,9211.487834546597,8610.412165453405,8910.95,8392.06,0.13736263736263732,1
2011-03-15,9120.0,9284.0,9120.0,9201.0,11900637187,1290916,207,9088.0,9279.0,63.158314108255766,132.48059106184883,140.51919673215335,9242.69949276622,8592.10050723378,8917.4,8438.2,0.1543269748895355,1
2011-03-16,9250.0,9569.0,9250.0,9560.0,24114891794,2522449,332,9201.0,9569.0,68.35247112596404,171.35224399014078,146.68580618375086,9352.265789799056,8519.434210200945,8935.85,8490.58,0.14630577907827358,1
2011-03-19,9870.0,9942.0,9860.0,9935.0,32595368004,3280743,396,9560.0,9942.0,73.52304884213869,229.60949635287398,163.2705442175755,9575.804053866543,8375.095946133459,8975.45,8550.44,0.0727217863608931,1
2011-03-26,10250.0,10332.0,10230.0,10042.0,4400041022,426664,74,9935.0,10332.0,77.63708526166666,303.74712146495403,191.3658596670512,9887.076080609308,8203.423919390692,9045.25,8617.12,0.031746031746031855,0
2011-03-27,10443.0,10443.0,10120.0,10426.0,16528141996,1585297,184,10042.0,10350.0,77.80847306987532,359.80654716285244,225.05399716621147,10128.445984044814,8121.454015955186,9124.95,8681.54,0.06579710144927531,1
2011-03-28,10469.0,10788.0,10171.0,10548.0,13762777398,1302450,362,10426.0,10711.0,80.96010471524193,428.4251109186098,265.72821991669116,10422.225396901677,8030.2746030983235,9226.25,8749.0,0.07048828307347588,1
2011-03-29,10969.0,10969.0,10961.0,10969.0,25963101783,2366961,225,10548.0,10969.0,82.83621560667103,497.8849530529642,312.15956654394574,10732.959107206878,7935.440892793124,9334.2,8818.98,0.08706354271127714,1
2011-03-30,11299.0,11299.0,10531.0,10685.0,26539788761,2483774,517,10969.0,10665.0,73.62988376331094,522.3804424396749,354.2037417230916,10921.003321300654,7913.896678699348,9417.45,8884.88,0.1186122831692451,1
2011-04-03,10680.0,10949.0,10410.0,10607.0,15095710779,1423684,270,10685.0,10660.0,73.48522408261721,535.2201513045948,390.40702363939226,11079.231319163366,7939.668680836636,9509.45,8949.28,0.12936210131332082,1
2011-04-04,10650.0,11031.0,10650.0,11025.0,26654385128,2417563,187,10607.0,11031.0,77.08304031350258,568.775818918939,426.08078269530165,11286.375798909108,7957.624201090892,9622.0,9022.6,0.10416100081588242,1
2011-04-05,11466.0,11466.0,11466.0,11466.0,24805544400,2163400,68,11025.0,11466.0,80.4352115982432,623.2849508798172,465.52161633220476,11552.82457213447,7963.7754278655275,9758.3,9104.68,0.04727019012733291,0
2011-04-06,11924.0,11924.0,11924.0,11472.0,248996968,20882,8,11466.0,11924.0,83.21851469131968,695.4241858818768,511.5021302421392,11887.740679357452,7934.1593206425505,9910.95,9194.38,0.004193223750419417,0
2011-04-09,11930.0,11930.0,11930.0,11930.0,47471498100,3979170,101,11472.0,11930.0,83.2521283222564,744.4971000757178,558.1011242088549,12171.92091362968,7943.0790863703205,10057.5,9281.54,-0.010896898575020963,0
2011-04-10,12407.0,12407.0,11947.0,12356.0,197322734700,15970097,1311,11930.0,12039.0,83.88368272884952,783.1553992295758,603.1119792129991,12425.682640405495,8003.217359594506,10214.45,9367.24,-0.003073344962206126,0
2011-04-11,12200.0,12850.0,12050.0,12508.0,50142526456,4008906,701,12356.0,12180.0,84.68805801384875,815.766255840379,645.6428345384752,12667.834032897386,8079.665967102613,10373.75,9453.84,-0.009934318555008259,0
2011-04-12,12455.0,12455.0,12008.0,12051.0,18713452793,1552838,234,12508.0,12008.0,79.47697202083478,818.2987930045092,680.1740262316821,12823.924871309782,8234.375128690217,10529.15,9540.0,0.0019153897401731346,0
2011-04-13,11901.0,12100.0,11569.0,11660.0,65244645128,5595646,838,12051.0,11974.0,78.44935661748478,808.2453814606852,705.7882972774827,12922.403168963443,8451.696831036556,10687.05,9616.38,0.046350425922832894,0
2011-04-16,12010.0,12050.0,11660.0,11845.0,20508347369,1731423,361,11660.0,11800.0,73.23093811818674,777.2776615165403,720.0861701252943,12929.969923153827,8754.030076846173,10842.0,9692.18,0.05084745762711873,1
2011-04-17,12200.0,12200.0,11600.0,11840.0,10512781626,888100,244,11845.0,12002.0,75.28623793957658,760.2712978962973,728.1231956794949,12942.685501447697,9050.414498552302,10996.55,9768.22,0.004832527912014717,0
2011-04-18,11950.0,12312.0,11950.0,12031.0,12944333867,1069097,255,11840.0,12059.0,75.84971021053211,742.8301720069758,731.0645909449911,12935.104981562145,9353.895018437855,11144.5,9832.6,-0.013268098515631488,0
2011-04-19,12061.0,12200.0,11850.0,12048.0,15976949689,1325821,257,12031.0,12031.0,74.94575155843071,718.466552897029,728.5449833353987,12891.972529113795,9672.227470886206,11282.1,9898.22,-0.034078630205302995,0
2011-04-20,12095.0,12529.0,12095.0,12475.0,36180090461,2900165,420,12048.0,12529.0,79.6020181345304,730.9170900285844,729.0194046740359,12922.776508824109,9937.423491175892,11430.1,9967.9,-0.09825205523186209,0
2011-04-23,12974.0,12974.0,12400.0,12540.0,89858273078,7165946,556,12475.0,12400.0,75.67851409752569,722.051646584323,727.6258530560933,12936.082933158888,10169.917066841112,11553.0,10029.18,-0.12290322580645163,0
2011-04-24,12500.0,12500.0,12045.0,12352.0,9920777101,813584,269,12540.0,12060.0,66.39036887447853,679.7547704204771,718.0516365289701,12918.579487013234,10360.220512986765,11639.4,10081.38,-0.09867330016583753,0
2011-04-25,12098.0,12098.0,11858.0,11902.0,21754310641,1827776,238,12352.0,11899.0,62.47990393668417,626.0263942759211,699.6465880783603,12854.072102315764,10579.627897684237,11716.85,10135.12,-0.06479536095470206,0
2011-04-26,11921.0,12079.0,11604.0,11768.0,14857307756,1265237,171,11902.0,11621.0,56.312124557315464,554.6206705811728,670.6414045789228,12803.735476178495,10720.964523821505,11762.35,10187.54,-0.05274933310386365,0
2011-04-27,11700.0,11700.0,11298.0,11329.0,18786717716,1658286,217,11768.0,11298.0,50.121240145834946,466.5891700159864,629.8309576663355,12779.122268069405,10778.477731930594,11778.8,10234.5,-0.0032749159143211637,0
2011-04-30,10879.0,10882.0,10876.0,11144.0,6682460689,614362,90,11329.0,10876.0,43.40688892907375,358.63754797755246,575.5922757285789,12745.958023171208,10832.741976828793,11789.35,10275.02,0.0435821993379919,0
2011-05-01,10699.0,10870.0,10699.0,10700.0,38858262470,3631460,361,11144.0,10870.0,43.31803544093726,269.4943962610887,514.3726998350809,12710.131555341824,10889.568444658176,11799.85,10316.46,0.11563937442502303,1
2011-05-02,11128.0,11128.0,11128.0,11128.0,22691416384,2039128,243,10700.0,11128.0,48.22578593583281,217.16293099877475,454.93074606781965,12699.445125717673,10909.954874282328,11804.7,10356.42,0.13290797987059677,1
2011-05-03,11570.0,11570.0,10850.0,11246.0,121271642528,10783741,357,11128.0,11008.0,46.221198485924404,164.11505444284376,396.7676077428245,12731.786231476815,10831.813768523183,11781.8,10393.58,0.13553779069767447,1
2011-05-04,11410.0,11440.0,11100.0,11285.0,19916831015,1764924,261,11246.0,11261.0,50.85901447517199,140.8654069481072,345.58716758388107,12722.446955219877,10774.853044780122,11748.65,10434.8,0.1082497113933043,1
2011-05-08,11736.0,11736.0,11100.0,11661.0,48612119444,4168659,515,11285.0,11350.0,52.41368594673303,128.14428247846263,302.09859056279737,12704.598379355735,10734.701620644264,11719.65,10478.8,0.0626431718061673,1
2011-05-09,12098.0,12127.0,11905.0,12124.0,88681050686,7314436,460,11661.0,12127.0,63.323132115389,178.70016179736558,277.418904809711,12715.430749256051,10732.669250743947,11724.05,10542.62,-0.007916220004947627,0
2011-05-10,12608.0,12608.0,12400.0,12605.0,134670239298,10683641,801,12124.0,12607.0,68.17679351509705,254.5635981663345,272.84784348103574,12791.991878429935,10698.808121570064,11745.4,10619.64,-0.024272229713651172,0
2011-05-11,12600.0,12680.0,12402.0,12569.0,25159367980,2001743,424,12605.0,12500.0,66.07757075188128,302.5641412113546,278.7911030270995,12862.25747880045,10677.74252119955,11770.0,10695.94,-0.01959999999999995,0
2011-05-14,12448.0,12600.0,12224.0,12563.0,1149852726,92224,39,12569.0,12480.0,65.6705435189931,335.12793828410395,290.05847007850036,12927.979495707204,10662.620504292794,11795.3,10769.34,0.03685897435897445,0
2011-05-15,12398.0,12493.0,12061.0,12172.0,29834423740,2451054,318,12563.0,12061.0,57.65755805838708,323.3972614803115,296.7262283588626,12946.94409360647,10669.755906393531,11808.35,10830.56,0.06127186800431139,1
2011-05-16,12070.0,12500.0,11951.0,12174.0,10575173427,868564,216,12172.0,12031.0,57.120148989836586,308.1279590103295,299.006574489156,12949.450227041409,10670.14977295859,11809.8,10894.78,0.06807414180034921,1
2011-05-17,12174.0,12500.0,12060.0,12411.0,36911891562,2974230,193,12174.0,12301.0,60.672923179099385,314.19186210068074,302.04363201146094,12976.911844093185,10666.888155906814,11821.9,10965.2,0.024306966913259176,0
2011-05-18,12411.0,12600.0,12255.0,12450.0,16935595910,1359888,199,12411.0,12255.0,59.76440074155571,311.69273361476735,303.97345233212224,13000.28514383775,10665.914856162251,11833.1,11035.5,0.0005711954304365996,0
2011-05-21,12510.0,12948.0,12510.0,12909.0,129290865412,10015450,528,12450.0,12940.0,67.55550737095712,360.82654766580526,315.34407139885883,13081.991202596233,10625.308797403766,11853.65,11116.88,-0.07635239567233387,0
2011-05-22,12900.0,13125.0,12501.0,12860.0,38262343706,2975219,447,12909.0,12800.0,64.79400361940908,384.0416265073236,329.0835824205518,13149.047236156472,10598.252763843528,11873.65,11192.9,-0.08703125,0
2011-05-23,12805.0,12995.0,12700.0,12893.0,97407390354,7554919,239,12860.0,12850.0,65.33894934759724,401.8421398275168,343.6352939019448,13256.319278235469,10569.98072176453,11913.15,11271.9,-0.05027237354085601,0
2011-05-24,12847.0,12880.0,12600.0,12756.0,16151887589,1268676,241,12893.0,12600.0,60.31210127357787,391.2659933994346,353.16143380144274,13324.245871326828,10572.154128673174,11948.2,11344.02,-0.04365079365079361,0
2011-05-25,12600.0,12600.0,12246.0,12283.0,54313386008,4421692,443,12756.0,12262.0,54.236658770117955,351.5580041079247,352.84074786273914,13354.177054102809,10606.322945897191,11980.25,11411.26,-0.02381340727450665,0
2011-05-28,12497.0,12600.0,11916.0,12172.0,31731820446,2606990,302,12283.0,11952.0,49.32868050093023,291.7120523369904,340.6150087575894,13351.032579662275,10674.867420337727,12012.95,11473.98,0.00518741633199471,0
2011-05-29,12198.0,12198.0,11686.0,11880.0,97870732123,8238091,365,12172.0,11686.0,45.52208705772486,220.2804712932466,316.5481012647209,13297.134923923928,10809.765076076073,12053.45,11533.68,0.03542700667465337,0
2011-05-30,11450.0,12345.0,11450.0,12013.0,35356763331,2943292,429,11880.0,12204.0,53.11041651413547,203.12717593084562,293.86391619794585,13239.694063445339,11000.60593655466,12120.15,11599.54,0.030072107505735746,0
2011-05-31,12479.0,12479.0,12005.0,12130.0,28034541729,2311218,276,12013.0,12050.0,50.84299388216405,175.08824451094915,270.1087818605465,13190.452104076987,11142.047895923013,12166.25,11658.54,0.03734439834024905,0
2011-06-01,12198.0,12198.0,11750.0,11986.0,17554495004,1465034,188,12130.0,11970.0,49.65698733381507,144.74334673740123,245.03569483591747,13097.033244429025,11331.666755570976,12214.35,11712.36,0.06265664160400997,1
2011-06-06,12190.0,12400.0,12000.0,12097.0,17898038903,1479302,272,11986.0,12014.0,50.34308053822047,122.82932886083472,220.59442164090092,13026.411001985232,11477.588998014768,12252.0,11761.26,0.09855168969535533,1
2011-06-07,12240.0,12240.0,12008.0,12088.0,7900842035,654198,120,12097.0,12100.0,51.72782997451209,111.1208609648238,198.69970950568552,12949.793419621756,11629.206580378244,12289.5,11804.42,0.07528925619834714,1
2011-06-08,12149.0,12571.0,12000.0,12425.0,33591540051,2703524,325,12088.0,12571.0,58.54596195798808,138.2538748814568,186.6105425808398,12978.47075520437,11644.929244795632,12311.7,11849.2,0.03889905337681965,0
2011-06-11,12922.0,12922.0,12450.0,12793.0,115786581534,9051109,782,12425.0,12500.0,57.23363504241998,152.2725738203426,179.74294882874034,12965.227613822022,11647.472386177978,12306.35,11892.2,0.05384000000000011,1
2011-06-12,12600.0,12720.0,12500.0,12691.0,12889350379,1019547,276,12793.0,12720.0,60.209884347009506,179.07044251809566,179.6084475666114,12995.84606483443,11638.85393516557,12317.35,11932.38,0.014150943396226356,0
2011-06-13,12990.0,13198.0,12900.0,13148.0,67585969713,5140291,604,12691.0,13198.0,65.78190476299858,236.1562890189798,190.9180158570851,13131.08002641697,11575.41997358303,12353.25,11976.96,-0.5589483255038642,0
2011-06-14,13350.0,13388.0,13000.0,13167.0,40589360610,3082553,645,13148.0,13011.0,62.1171301228148,263.2730486533583,205.38902241633974,13216.494782389596,11585.005217610404,12400.75,12023.88,-0.5317039428176158,0
2011-06-15,13167.0,13167.0,12802.0,13029.0,41597395109,3192559,485,13167.0,13060.0,62.70346864654864,285.4269423993428,221.39660641294037,13297.439752967097,11606.960247032905,12452.2,12071.88,-0.5149310872894334,0
2011-06-18,13103.0,13298.0,13092.0,13202.0,32907006297,2492492,518,13029.0,13173.0,64.08404375116388,308.545497984951,238.82638472734251,13393.66671616443,11597.933283835568,12495.8,12114.72,-0.5159037425036059,0
2011-06-19,13001.0,13168.0,12900.0,12998.0,92971901505,7152892,1250,13202.0,12900.0,58.454438132214094,301.36436064621194,251.33397991111642,13435.28921321552,11620.81078678448,12528.05,12143.4,-0.5131782945736434,0
2011-06-27,5800.0,5990.0,5770.0,5859.0,29149978019,4975278,574,6299.0,5821.0,16.927917468810264,-272.4027909513334,146.58662573862648,15218.285279984744,9125.914720015257,12172.1,12021.34,0.08572410238790584,1
2011-06-28,6090.0,6093.0,6090.0,6092.0,10623490722,1743878,148,5859.0,6093.0,19.300177591824863,-697.1331485738974,-22.1573291238783,15854.416729582677,7819.083270417323,11836.75,11904.6,0.025603151157065573,0
2011-06-29,6335.0,6335.0,6300.0,6335.0,57196926352,9028826,921,6092.0,6335.0,21.44943132354271,-1002.6497176676567,-218.25580683263397,16154.889447434703,6867.110552565296,11511.0,11790.52,-0.03709550118389893,0
2011-07-02,6499.0,6520.0,6373.0,6446.0,22512144446,3492496,751,6335.0,6377.0,21.838500299548784,-1227.2379160440469,-420.0522286749166,16319.699500717306,6080.000499282694,11199.85,11674.46,-0.04343735298729812,0
2011-07-03,6400.0,6400.0,6202.0,6318.0,13729502062,2173176,499,6446.0,6280.0,21.572740241591347,-1396.9496051874394,-615.4317039774212,16420.747096919084,5380.752903080918,10900.75,11559.9,-0.04936305732484081,0
2011-07-06,6480.0,6480.0,6300.0,6316.0,5232607267,828768,239,6318.0,6320.0,21.994306787901607,-1510.8040669928032,-794.5061765804976,16461.136178517965,4777.163821482034,10619.15,11446.82,-0.04873417721518991,0
2011-07-09,6300.0,6300.0,6129.0,6276.0,4335994397,695912,174,6316.0,6249.0,21.77061357426919,-1588.4529579572027,-953.2955328558387,16464.914015283637,4229.6859847163605,10347.3,11335.8,-0.01680268843014887,0
2011-07-10,6324.0,6324.0,6088.0,6211.0,4756193706,773473,189,6276.0,6100.0,21.281447535166336,-1643.0729955166935,-1091.2510253880096,16364.366805505337,3719.833194494664,10042.1,11217.76,0.0,0
2011-07-11,6120.0,6120.0,6060.0,6151.0,4225246774,694771,179,6211.0,6100.0,21.281447535166336,-1667.141993655705,-1206.4292190415485,16219.067588921464,3270.132411078537,9744.6,11098.58,0.0180327868852459,0
2011-07-12,6150.0,6150.0,5930.0,6088.0,3398115613,567692,164,6151.0,5970.0,20.80835102439181,-1677.3710720420459,-1300.617589641648,16033.816232602658,2855.383767397343,9444.6,10977.36,0.06365159128978215,1
2011-07-13,5905.0,6200.0,5845.0,6056.0,5945427353,984408,275,6088.0,6012.0,21.416167415404942,-1662.9195400422623,-1373.0779797217708,15784.809917465765,2504.1900825342336,9144.5,10847.02,0.09980039920159678,1
2011-07-16,6051.0,6150.0,5952.0,6067.0,2508336369,411374,132,6056.0,6144.0,23.40591317699304,-1622.116550127419,-1422.8856938029007,15464.296273572003,2229.1037264279985,8846.7,10721.9,0.10986328125,1
2011-07-18,6149.0,6199.0,6100.0,6098.0,3821177612,622057,158,6067.0,6100.0,23.195087344762896,-1575.1727084547929,-1453.3430967332793,15012.266435231679,2034.0335647683205,8523.15,10602.7,0.0790163934426229,1
2011-07-19,6100.0,6210.0,6100.0,6151.0,5206683753,840683,219,6098.0,6210.0,25.013555448768088,-1511.6677304098039,-1465.0080234685843,14503.096481621218,1914.2035183787812,8208.65,10488.92,0.07826086956521738,1
2011-07-20,6250.0,6390.0,6210.0,6358.0,15250961357,2398697,397,6151.0,6350.0,27.37050216053838,-1433.5180441305693,-1458.7100276009812,13876.36313603129,1903.936863968709,7890.15,10383.5,0.03622047244094495,0
2011-07-23,6580.0,6612.0,6525.0,6609.0,30625831137,4634120,640,6358.0,6612.0,31.6972644711973,-1335.0529845769743,-1433.9786189961799,13046.565350799148,2075.1346492008533,7560.85,10289.78,-0.009225650332728375,0
2011-07-24,6800.0,6863.0,6751.0,6815.0,28825685445,4229949,740,6609.0,6819.0,34.99236089677049,-1226.1808953588934,-1392.4190742687226,12137.854705722908,2364.645294277093,7251.25,10208.64,-0.036515618125824933,0
2011-07-25,6839.0,6839.0,6581.0,6667.0,16540222187,2481089,569,6815.0,6582.0,33.02777068897329,-1145.8146614090138,-1343.098191696781,11026.194289552008,2828.505710447993,6927.35,10122.88,0.019446976602856214,0
2011-07-26,6602.0,6800.0,6602.0,6753.0,13712139466,2030577,311,6667.0,6696.0,34.92048144572662,-1060.697929266983,-1286.6181392108215,9534.384678726365,3672.615321273636,6603.5,10034.24,-0.01732377538829155,0
2011-07-27,6796.0,6837.0,6580.0,6742.0,6209564278,922009,291,6753.0,6580.0,33.87151419893982,-991.1768664290148,-1227.5298846544601,6798.957720630737,5776.042279369263,6287.5,9945.68,0.0022796352583587254,0
2011-07-30,6800.0,6800.0,6551.0,6686.0,3777924222,572871,213,6742.0,6551.0,33.59978091155496,-927.7267247020709,-1167.5692526639823,6800.048316867948,5847.951683132052,6324.0,9851.48,-0.029766447870554158,0
2011-07-31,6552.0,6600.0,6473.0,6594.0,5418221793,830928,238,6686.0,6570.0,33.97351840853098,-865.9270213581467,-1107.2408064028152,6823.010720170364,5872.689279829637,6347.85,9755.88,-0.04414003044140036,0
2011-08-01,6598.0,6799.0,6598.0,6624.0,2534407474,377611,175,6594.0,6710.0,36.79643380255603,-796.4722449905921,-1045.0870941203707,6867.168636645194,5866.031363354807,6366.6,9647.54,-0.07004470938897167,0
2011-08-02,6683.0,6730.0,6550.0,6620.0,5798524696,876299,180,6624.0,6580.0,35.2877318534548,-743.3498732497374,-984.7396499462441,6885.909257985979,5867.590742014021,6376.75,9527.0,-0.07750759878419455,0
2011-08-03,6695.0,6695.0,6507.0,6592.0,5732802435,872426,199,6620.0,6595.0,35.61575907930427,-692.0619766066202,-926.2041152783194,6908.160159400394,5876.839840599606,6392.5,9408.9,-0.0565579984836998,0
2011-08-06,6329.0,6390.0,6329.0,6448.0,5650946212,890077,303,6592.0,6356.0,32.765819644223114,-663.0579324947012,-873.5748787215958,6909.186045638102,5879.4139543618985,6394.3,9286.42,-0.024858401510383876,0
2011-08-07,6350.0,6467.0,6253.0,6366.0,5800966644,918730,222,6448.0,6280.0,31.891894726288413,-638.840428617902,-826.6279887008571,6909.161318785045,5882.538681214955,6395.85,9170.8,-0.011146496815286677,0
2011-08-08,6278.0,6279.0,6176.0,6193.0,10198309142,1646640,346,6366.0,6240.0,31.416944484556595,-615.7772511803187,-784.4578411967495,6903.494494619531,5902.20550538047,6402.85,9054.98,0.0028846153846153744,0
2011-08-09,6250.0,6250.0,5946.0,5983.0,12432984221,2077991,417,6193.0,6070.0,29.412157269156367,-604.2516591573658,-748.4166047888727,6905.780480832438,5896.919519167563,6401.35,8930.36,0.029654036243822013,0
2011-08-10,6155.0,6222.0,6155.0,6209.0,8922253944,1434559,232,5983.0,6222.0,33.49832574333213,-576.2102219979879,-713.9753282306958,6886.216651366419,5941.683348633581,6413.95,8809.7,0.005303760848601735,0
2011-08-13,6400.0,6400.0,6150.0,6229.0,5262082131,842572,276,6209.0,6198.0,33.17180721587424,-549.5884667078999,-681.0979559261366,6870.1324789504,5976.3675210496,6423.25,8674.86,0.00516295579219106,0
2011-08-14,6201.0,6299.0,6200.0,6234.0,3858605356,618280,161,6229.0,6210.0,33.520727065457265,-521.5105847375135,-649.180481688412,6866.049021606256,5987.050978393744,6426.55,8543.06,-0.009661835748792313,0
2011-08-15,6244.0,6298.0,6180.0,6242.0,4126971326,660177,163,6234.0,6258.0,34.983030029893214,-489.7400437665556,-617.2923941040407,6855.478015686438,6013.421984313562,6434.45,8411.22,0.006551613934164369,0
2011-08-16,6269.0,6299.0,6220.0,6248.0,2521959417,402559,136,6242.0,6250.0,34.84545782200816,-459.9056878062138,-585.8150528444753,6853.555969740138,6019.344030259862,6436.45,8284.22,0.008000000000000007,0
2011-08-17,6270.0,6299.0,6241.0,6260.0,4242094810,676028,154,6248.0,6255.0,35.01746028507178,-430.8912415374989,-554.83029058308,6854.757017425381,6008.642982574619,6431.7,8164.08,0.010391686650679466,0
2011-08-20,6255.0,6255.0,6110.0,6229.0,4183365641,675651,165,6260.0,6230.0,34.52666621975493,-405.24298601030205,-524.9128296685244,6835.864645337701,5989.335354662299,6412.6,8049.64,0.02006420545746379,0
2011-08-21,6200.0,6275.0,6111.0,6221.0,2804053196,452011,149,6229.0,6150.0,32.93585634110006,-386.9118116113823,-497.31262605709605,6773.404879478789,5984.895120521211,6379.15,7938.92,0.07333333333333325,1
2011-08-23,6212.0,6400.0,6212.0,6301.0,7006718206,1107105,228,6221.0,6299.0,38.60930522202655,-356.254489086743,-469.1009986630255,6749.306127966791,5980.693872033209,6365.0,7820.82,0.04778536275599299,0
2011-08-24,6288.0,6350.0,6288.0,6308.0,2222949134,351233,162,6301.0,6300.0,38.64681912591446,-328.09556700519715,-440.89991233145986,6698.832351451078,5991.567648548922,6345.2,7705.82,0.06825396825396823,1
2011-08-27,6360.0,6429.0,6320.0,6333.0,3147560585,493033,161,6308.0,6320.0,39.44382736398316,-300.69931104951047,-412.85979207507,6669.068876557055,5995.331123442945,6332.2,7592.82,0.07594936708860756,1
2011-08-28,6310.0,6440.0,6303.0,6348.0,4168648554,654798,205,6333.0,6355.0,40.89094057188173,-273.0162123828104,-384.89107613661815,6644.309552503196,6000.490447496803,6322.4,7479.64,0.0918961447678992,1
2011-08-29,6390.0,6601.0,6300.0,6504.0,10742191591,1651608,298,6348.0,6601.0,49.94499929469021,-228.59194747433685,-353.6312504041619,6650.872911391674,5997.027088608325,6323.95,7369.66,0.0378730495379489,0
2011-08-30,6740.0,6740.0,6562.0,6614.0,14587690703,2205643,387,6504.0,6600.0,49.91153052699665,-191.26134736115364,-321.1572697955603,6622.080350908479,6014.819649091521,6318.45,7250.24,0.042424242424242475,0
2011-09-03,6623.0,6730.0,6401.0,6604.0,12182258106,1844713,277,6614.0,6730.0,54.20758061313097,-149.46373932534152,-286.81856370151655,6660.8520602994395,5991.04793970056,6325.95,7134.84,0.03684992570579504,0
2011-09-04,6690.0,6868.0,6690.0,6832.0,37952709182,5554891,609,6604.0,6800.0,56.37720442992397,-109.42898956138288,-251.34064887348984,6713.302426394758,5959.097573605241,6336.2,7016.44,0.016323529411764737,0
2011-09-05,6869.0,7100.0,6800.0,6987.0,42492668194,6082023,614,6832.0,6939.0,60.390420357146965,-65.72735952339372,-214.21799100347062,6825.135286838137,5905.564713161863,6365.35,6891.26,-0.0027381467070183296,0
2011-09-06,7056.0,7056.0,6830.0,6927.0,15312468189,2210579,416,6987.0,6851.0,56.82607908114384,-37.75910397199641,-178.92621359717577,6897.741602086252,5890.058397913747,6393.9,6768.06,0.010071522405488142,0
2011-09-07,6919.0,7021.0,6862.0,6932.0,19839712666,2861935,580,6927.0,6880.0,57.71186699076997,-13.102959548855324,-145.76156278751168,6966.531075681796,5885.268924318203,6425.9,6644.46,-0.008430232558139572,0
2011-09-10,6881.0,7050.0,6881.0,6977.0,8168886383,1168704,269,6932.0,6978.0,60.64996412944858,14.18151781456163,-113.77294666709703,7036.691227375239,5905.908772624762,6471.3,6520.56,-0.011751218114072759,0
2011-09-11,7000.0,7000.0,6900.0,6954.0,5137150521,741306,203,6977.0,6911.0,57.698447874619575,30.051903010235037,-85.00797673163062,7089.836594601258,5921.663405398742,6505.75,6400.78,0.0020257560410938957,0
2011-09-12,6905.0,6970.0,6900.0,6920.0,7726279450,1118441,218,6954.0,6920.0,57.994165113182234,42.861442374250146,-59.43409291045447,7134.574986813373,5949.125013186628,6541.85,6422.76,-0.005346820809248531,0
2011-09-13,6928.0,6928.0,6801.0,6900.0,3648047048,531440,193,6920.0,6920.0,57.994165113182234,52.40895677768822,-37.06548297282593,7171.367264052931,5983.3327359470695,6577.35,6439.3,-0.011560693641618491,0
2011-09-14,6805.0,6900.0,6780.0,6890.0,1532676366,224375,101,6900.0,6822.0,53.28963733766758,51.474286218814086,-19.35752913449793,7189.7155501593215,6021.384449840679,6605.55,6449.04,0.012899442978598685,0
2011-09-17,6801.0,6896.0,6800.0,6885.0,1599462360,233317,91,6890.0,6896.0,56.18026285261864,56.05852682119075,-4.274317943360193,7211.143389106275,6064.5566108937255,6637.85,6459.42,-0.042053364269141524,0
2011-09-18,6897.0,6997.0,6890.0,6907.0,4645237602,669802,192,6885.0,6925.0,57.295590017586534,61.32471502167118,8.845488649646082,7229.339704199795,6113.360295800206,6671.35,6472.32,-0.04693140794223827,0
2011-09-19,6907.0,6988.0,6850.0,6908.0,2482114881,359204,134,6907.0,6883.0,55.107916645864414,61.40136144630287,19.35666320897744,7230.39300906546,6177.60699093454,6704.0,6483.58,-0.02949295365393001,0
2011-09-20,6900.0,6900.0,6801.0,6816.0,12332216160,1809298,114,6908.0,6840.0,52.88168467513867,57.331482018918905,26.951626970965734,7201.797528585041,6275.202471414959,6738.5,6495.4,-0.014619883040935644,0
2011-09-21,6801.0,6939.0,6801.0,6831.0,2225383444,323196,109,6816.0,6910.0,55.99801146951589,59.07352540750526,33.37600665827364,7191.142158175227,6346.957841824773,6769.05,6511.6,-0.03357452966714902,0
2011-09-25,6558.0,6700.0,6558.0,6683.0,6225240788,943797,193,6831.0,6606.0,42.76864708139819,35.51445939676887,33.80369720597269,7156.560840778488,6412.139159221513,6784.35,6521.72,-0.003784438389343059,0
2011-09-26,6503.0,6670.0,6462.0,6607.0,4532605481,695203,156,6683.0,6600.0,42.55495968519817,16.173146033407647,30.27758697145968,7116.830313352388,6479.869686647613,6798.35,6534.32,-0.004545454545454519,0
2011-09-27,6700.0,6800.0,6680.0,6646.0,3228688283,479720,149,6607.0,6680.0,46.40033629049726,7.2171524178575055,25.665500060739245,7067.311218573776,6561.888781426224,6814.6,6547.68,-0.00733532934131742,0
2011-09-28,6670.0,6797.0,6670.0,6663.0,1862232520,276317,98,6646.0,6740.0,49.14966163203774,4.904426338234771,21.513285316238353,7057.469032706236,6585.630967293764,6821.55,6559.6,-0.010385756676557834,0
2011-10-01,6700.0,6700.0,6626.0,6660.0,2057230598,309420,93,6663.0,6678.0,46.4956575488464,-1.9092983832733808,16.828768576336007,7048.836190246952,6602.063809753047,6825.45,6571.16,0.0017969451931716396,0
2011-10-02,6627.0,6647.0,6540.0,6645.0,2194681241,332907,96,6660.0,6581.0,42.618250460827106,-14.963820049602873,10.470250851148233,7062.557559672655,6573.442440327345,6818.0,6578.58,-0.0031910044066251197,0
2011-10-03,6566.0,6646.0,6500.0,6625.0,2413118083,367611,97,6645.0,6570.0,42.188585826759876,-25.898686653711593,3.196463350176267,7073.923633946289,6539.076366053711,6806.5,6582.98,0.0036529680365295913,0
2011-10-04,6638.0,6785.0,6611.0,6644.0,7574646816,1139106,230,6625.0,6631.0,45.471641504438765,-29.30465123922386,-3.303759567703758,7061.683739335962,6520.516260664039,6791.1,6583.36,0.007389534006937204,0
2011-10-05,6660.0,6765.0,6640.0,6656.0,2759966971,412708,124,6644.0,6670.0,47.52350711533117,-28.52807476076032,-8.348622606315072,7056.09997718122,6508.00002281878,6782.05,6580.38,-0.01199400299850073,0
2011-10-08,6697.0,6698.0,6653.0,6667.0,4641322543,694779,95,6656.0,6690.0,48.591844877354916,-25.999098035345014,-11.87871769212106,7045.5302007344535,6499.569799265547,6772.55,6582.54,-0.020029895366218242,0
2011-10-09,6689.0,6689.0,6560.0,6651.0,2903675351,439056,135,6667.0,6560.0,42.53082602886058,-34.09179036688238,-16.321332227073327,7022.50883776058,6480.7911622394195,6751.65,6579.82,-0.009298780487804859,0
2011-10-10,6601.0,6659.0,6560.0,6638.0,3709877594,560810,95,6651.0,6594.0,44.48130704513973,-37.33145768797931,-20.523357319254526,7004.597023780036,6467.002976219965,6735.8,6580.1,-0.006672732787382452,0
2011-10-11,6637.0,6685.0,6637.0,6645.0,3168280304,475608,77,6638.0,6680.0,49.17968889143028,-32.58383000293634,-22.935451855990888,6979.754370919895,6467.845629080105,6723.8,6582.68,-0.015568862275449069,0
2011-10-12,6650.0,6689.0,6570.0,6638.0,1582877408,239755,75,6645.0,6590.0,44.897552598091835,-35.672340164192974,-25.482829517631306,6952.87125237493,6461.72874762507,6707.3,6583.08,-0.02427921092564489,0
2011-10-15,6650.0,6700.0,6550.0,6634.0,1622560082,245301,88,6638.0,6556.0,43.36152046097033,-40.397841399773824,-28.46583189405981,6942.082244412987,6445.917755587013,6694.0,6580.0,-0.029286150091519247,0
2012-01-31,6634.0,6634.0,6485.0,6550.0,93683068704,14302707,1109,6634.0,6499.0,40.83900734194486,-48.186791468678166,-32.41002380898348,6917.897635871561,6430.402364128438,6674.15,6578.38,-0.044468379750730924,0
2012-02-01,6492.0,6649.0,6492.0,6569.0,15495224105,2358769,429,6550.0,6550.0,43.97921333570009,-49.67173193327744,-35.86236543384228,6875.636600030436,6435.163399969563,6655.4,6577.48,-0.053893129770992365,0
2012-02-04,6560.0,6700.0,6552.0,6601.0,14490433071,2195084,374,6569.0,6576.0,45.565511023659674,-48.195013129949075,-38.32889497306364,6836.167796216862,6443.932203783138,6640.05,6581.88,-0.05565693430656937,0
2012-02-05,6609.0,6609.0,6415.0,6494.0,9993290522,1538864,234,6601.0,6430.0,38.903722551138735,-58.13553243640217,-42.29022246573135,6813.48140538074,6425.61859461926,6619.55,6584.88,-0.027838258164852303,0
2012-02-06,6500.0,6500.0,6361.0,6459.0,3877403436,605083,180,6494.0,6364.0,36.318720474926984,-70.52613266298067,-47.93740450518121,6767.798141525155,6416.701858474845,6592.25,6587.36,0.0056568196103079504,0
2012-02-07,6301.0,6301.0,6202.0,6230.0,11101401129,1781920,308,6459.0,6210.0,31.122314303143355,-91.71505155659088,-56.69293391546314,6814.181648720076,6330.718351279924,6572.45,6590.16,0.018357487922705307,0
2012-02-08,6020.0,6253.0,6000.0,6137.0,8753017511,1427351,274,6230.0,6197.0,30.7227016160427,-108.30790765207985,-67.0159286627865,6843.59167511777,6261.00832488223,6552.3,6589.66,0.019041471679845046,0
2012-02-12,6033.0,6233.0,6032.0,6142.0,3932853624,639664,156,6137.0,6210.0,31.667586341151548,-119.03669339467524,-77.42008160916424,6849.446596727465,6208.153403272536,6528.8,6589.9,0.03333333333333344,0
2012-02-13,6200.0,6382.0,6200.0,6326.0,8819143161,1390938,251,6142.0,6251.0,34.69292039842847,-122.81523842497427,-86.49911297232626,6831.361482967944,6177.338517032057,6504.35,6590.72,0.055831067029275205,1
2012-02-14,6359.0,6400.0,6261.0,6324.0,10146915708,1604655,281,6326.0,6400.0,44.337747511784265,-112.48999321025076,-91.69728901991115,6810.3102663553045,6170.589733644695,6490.45,6593.56,0.03890624999999992,0
2012-02-15,6324.0,6389.0,6280.0,6324.0,7787984528,1231559,213,6324.0,6324.0,41.010810749319404,-109.18115444418345,-95.19406210476562,6802.486687928084,6152.713312071916,6477.6,6595.04,0.05313092979127143,1
2012-02-18,6330.0,6349.0,6300.0,6323.0,4641832664,734527,173,6324.0,6315.0,40.62208196625337,-106.06247843721576,-97.36774537125565,6794.215010274125,6135.4849897258755,6464.85,6596.24,0.07680126682501975,1
2012-02-19,6324.0,6418.0,6323.0,6326.0,4621073192,729640,197,6323.0,6417.0,46.77913149173962,-94.27362995953717,-96.74892228891196,6775.023978366692,6133.276021633307,6454.15,6599.98,0.05968521115786185,1
2012-02-25,6500.0,6680.0,6500.0,6577.0,11479331806,1745424,423,6326.0,6600.0,55.66210476251219,-69.364718702559,-91.27208157164137,6763.455546614613,6137.844453385386,6450.65,6608.98,0.045454545454545414,0
2012-02-26,6580.0,6690.0,6570.0,6617.0,18776930116,2837758,387,6577.0,6649.0,57.698051640622886,-45.14987690632188,-82.04764063857748,6755.587556739465,6141.612443260536,6448.6,6615.98,0.02857572567303346,0
2012-02-27,6690.0,6749.0,6617.0,6641.0,10410099318,1564637,237,6617.0,6660.0,58.162501004885044,-24.78611336902668,-70.59533518466732,6770.7708687645645,6136.429131235436,6453.6,6623.18,0.022522522522522515,0
2012-02-28,6702.0,6827.0,6700.0,6741.0,12755991321,1884623,372,6641.0,6800.0,63.63495550305417,2.6189562213785393,-55.952476903458155,6810.6407677110865,6117.159232288913,6463.9,6632.78,0.00573529411764695,0
2012-02-29,6899.0,6987.0,6770.0,6845.0,16935574364,2474299,450,6741.0,6800.0,63.63495550305417,24.060318934984934,-39.94991773576954,6835.054706929647,6104.745293070352,6469.9,6641.68,-0.00588235294117645,0
2012-03-03,6969.0,6990.0,6846.0,6896.0,10009377993,1444419,339,6845.0,6900.0,67.19014006769052,48.56212369424975,-22.247509449765683,6893.43107723908,6077.368922760919,6485.4,6647.66,-0.0028985507246376274,0
2012-03-04,7000.0,7001.0,6811.0,6888.0,21258109669,3086152,277,6896.0,6839.0,63.13537837943551,62.339182993455324,-5.330170961121482,6935.093556941084,6064.006443058916,6499.55,6652.44,0.0017546424915924064,0
2012-03-05,6803.0,6820.0,6760.0,6834.0,9499805398,1397951,239,6888.0,6810.0,61.24316435823857,70.10936696868976,9.757736624840767,6971.177581111919,6059.022418888082,6515.1,6654.04,-0.027753303964757725,0
2012-03-06,6711.0,6839.0,6711.0,6797.0,9974297735,1472670,184,6834.0,6839.0,62.45497442654864,77.71154111488522,23.34849752284966,7006.949403008535,6052.150596991465,6529.55,6654.82,-0.04225764000584886,0
2012-03-07,6750.0,6894.0,6750.0,6800.0,18259711991,2685225,352,6797.0,6760.0,57.207470553796995,76.48006455005361,33.97481092829045,7026.357988032303,6051.142011967697,6538.75,6651.24,-0.029142011834319526,0
2012-03-10,6894.0,6949.0,6800.0,6821.0,4993929089,726831,218,6800.0,6880.0,62.37832903414743,84.21631436906046,44.02311161644445,7067.86775530761,6054.63224469239,6561.25,6651.82,-0.05087209302325579,0
2012-03-11,6900.0,6950.0,6802.0,6896.0,17268835489,2504358,430,6821.0,6851.0,60.47645200431378,87.0043583655006,52.619360966255684,7098.727040792954,6072.472959207047,6585.6,6651.24,-0.03809662822945559,0
2012-03-12,6900.0,6900.0,6621.0,6637.0,51203266024,7714788,687,6896.0,6621.0,47.98144415815166,69.84964231296271,56.06541723559709,7089.519123954917,6122.780876045083,6606.15,6644.1,0.03277450536172788,0
2012-03-13,6380.0,6699.0,6380.0,6563.0,10630428612,1628337,331,6637.0,6550.0,44.89762572406461,49.94951272977232,54.84223633443214,7070.509570070927,6177.090429929073,6623.8,6636.88,0.01984732824427482,0
2012-03-14,6599.0,6650.0,6563.0,6584.0,10137040683,1537013,283,6563.0,6563.0,45.58720814442459,34.82605493405663,50.839000054357044,7047.401462607244,6235.498537392756,6641.45,6629.74,0.019198537254304426,0
2012-03-17,6585.0,6640.0,6523.0,6577.0,5482695312,835185,192,6584.0,6530.0,44.07919611610433,19.947835237308936,44.66076709094743,7024.198264628465,6286.601735371534,6655.4,6621.94,0.003215926493108645,0
2012-03-18,6600.0,6639.0,6530.0,6575.0,3889547883,592150,193,6577.0,6590.0,47.48093363900167,12.850109432310092,38.29863555921996,7016.269833641098,6313.530166358902,6664.9,6617.3,0.004552352048558417,0
2012-03-24,6744.0,6838.0,6744.0,6619.0,2881042667,422005,69,6575.0,6838.0,58.67170448249952,26.926248936287266,36.02415823463342,7012.421316871622,6368.778683128378,6690.6,6616.14,-0.03919274641708104,0
2012-03-25,6883.0,6883.0,6550.0,6638.0,2208226160,326726,106,6619.0,6680.0,51.18823111647793,25.043722918761887,33.828071171459115,6980.96047387595,6436.739526124051,6708.85,6611.24,-0.018113772455089827,0
2012-03-26,6533.0,6789.0,6533.0,6636.0,1579442781,238492,64,6638.0,6689.0,51.56718324041608,24.00135953843528,31.862728844854352,6959.826894395812,6485.073105604188,6722.45,6607.36,-0.02377036926296905,0
2012-03-27,6749.0,6749.0,6551.0,6629.0,2607610970,395444,116,6636.0,6551.0,45.70756711839417,11.902626297001916,27.870708335283865,6963.318721008062,6476.681278991938,6720.0,6601.58,-0.007785070981529585,0
2012-03-28,6699.0,6699.0,6560.0,6626.0,2834644288,428865,105,6629.0,6620.0,48.83795625734957,7.792192830955173,23.85500523441813,6963.881184306029,6473.218815693971,6718.55,6595.78,0.0,0
2012-04-02,6700.0,6798.0,6530.0,6626.0,1292077795,195112,125,6626.0,6570.0,46.73510828880463,0.49436384381260723,19.182876956297026,6966.704289480698,6461.395710519302,6714.05,6595.06,0.02298325722983252,0
2012-04-03,6602.0,6699.0,6432.0,6615.0,1740317553,266515,119,6626.0,6559.0,46.2631614672672,-6.106435093051914,14.125014546427238,6960.038756765317,6443.961243234683,6702.0,6594.24,0.048330538191797556,0
2012-04-04,6677.0,6677.0,6451.0,6608.0,1384762790,211854,94,6615.0,6530.0,44.97372869511295,-13.521802521157952,8.5956511329102,6952.793397558441,6424.206602441559,6688.5,6591.24,0.04287901990811638,0
2012-04-07,6699.0,6699.0,6451.0,6598.0,2631703578,401973,151,6608.0,6500.0,43.619318505088195,-21.570631104191307,2.562394685489899,6926.20331777642,6410.79668222358,6668.5,6586.44,0.06153846153846154,1
2012-04-08,6455.0,6650.0,6455.0,6578.0,13922799342,2117395,266,6598.0,6620.0,50.09360866426448,-18.05822465381425,-1.561729182370931,6903.69587137096,6411.40412862904,6657.55,6585.28,0.08791540785498486,1
2012-04-09,6599.0,6750.0,6599.0,6617.0,4248676406,631729,236,6578.0,6721.0,54.798400888812566,-7.0435674672926325,-2.6580968393552715,6891.145289793701,6415.0547102063,6653.1,6588.08,0.10072905817586664,1
2012-04-10,6800.0,6881.0,6758.0,6877.0,38807116666,5643242,466,6617.0,6876.0,60.89164815603749,14.031090641433366,0.6797406568024558,6899.238743074599,6410.6612569254,6654.95,6594.2,0.06602675974403716,1
2012-04-11,6898.0,6898.0,6750.0,6853.0,9146438861,1338221,275,6877.0,6810.0,57.346773280026966,25.117719180845597,5.567336361611084,6906.955490907452,6407.944509092547,6657.45,6597.78,0.06754772393538921,1
2012-04-14,6849.0,7000.0,6601.0,6925.0,16595281712,2396336,358,6853.0,6900.0,60.706095223266175,40.697069527327585,12.593282994754386,6911.6483214655445,6405.251678534455,6658.45,6602.38,0.021449275362318776,0
2012-04-15,7202.0,7202.0,7105.0,7201.0,64203629497,8916231,585,6925.0,7202.0,69.41178187012977,76.53049706913134,25.38072580962978,7014.454723697244,6337.545276302756,6676.0,6612.62,-0.0181893918356012,0
2012-04-16,7489.0,7489.0,7221.0,7432.0,95096577630,12795746,961,7201.0,7398.0,73.51325806011951,119.36830500565429,44.178241648834685,7175.464925933797,6254.235074066204,6714.85,6629.38,-0.049608002162746634,0
2012-04-17,7389.0,7450.0,7250.0,7343.0,14185334956,1937481,452,7432.0,7330.0,70.00606857852534,146.14586615243843,64.57176654955543,7279.519962992957,6228.180037007044,6753.85,6644.1,-0.034106412005457054,0
2012-04-18,7329.0,7420.0,7260.0,7341.0,12324639058,1678962,374,7343.0,7270.0,66.97007154349696,160.67363210900749,83.79213966144584,7352.51859546178,6225.88140453822,6789.2,6655.9,-0.028885832187070193,0
2012-04-21,7299.0,7299.0,7048.0,7072.0,87334915317,12349381,1001,7341.0,7048.0,57.10256005603968,152.51534467202964,97.53678066356261,7375.994963422784,6254.205036577217,6815.1,6665.06,-0.01787741203178206,0
2012-04-22,7001.0,7100.0,6920.0,7060.0,9161184958,1299535,311,7072.0,7071.0,57.79636325671899,146.22021525933087,107.27346758271626,7400.623516733476,6277.676483266523,6839.15,6675.36,-0.020647716023193374,0
2012-04-23,7072.0,7072.0,7020.0,7048.0,22605059955,3207475,273,7060.0,7031.0,56.09709427853204,136.43092338032966,113.10495874223895,7416.46278721884,6281.13721278116,6848.8,6686.0,-0.03171668325984922,0
2012-04-24,7049.0,7229.0,6900.0,7082.0,42291336436,5972074,530,7048.0,7080.0,57.736359745633,131.1153138069776,116.7070297551867,7439.442655252016,6298.157344747984,6868.8,6696.6,-0.029661016949152574,0
2012-04-28,7082.0,7082.0,7015.0,7055.0,11511345064,1634729,269,7082.0,7060.0,56.80406330363148,123.86102922606642,118.13782964936266,7457.5276126726485,6317.172387327352,6887.35,6706.28,-0.056798866855524044,0
2012-04-29,7100.0,7118.0,6922.0,7010.0,13423256483,1918111,271,7055.0,6922.0,50.71844971732169,105.75740422135186,115.6617445637605,7454.8444051933575,6356.955594806642,6905.9,6716.12,-0.03192718867379374,0
2012-04-30,6900.0,7010.0,6880.0,6978.0,5986796862,864982,232,7010.0,6925.0,50.84174551517569,90.60775609262873,110.65094686953415,7454.193065795904,6388.1069342040955,6921.15,6727.34,-0.0353790613718411,0
2012-05-01,6950.0,6980.0,6808.0,6944.0,7799233975,1129267,211,6978.0,6808.0,46.00736767905272,68.37247330126229,102.19525215587979,7444.38921225846,6421.71078774154,6933.05,6739.3,-0.019829612220916615,0
2012-05-02,6880.0,6899.0,6815.0,6907.0,8762708818,1274560,211,6944.0,6870.0,48.78641430099303,55.11836315644541,92.77987435599292,7431.6248026686735,6465.575197331327,6948.6,6752.76,-0.0384279475982533,0
2012-05-05,6886.0,6886.0,6631.0,6670.0,37647435260,5644384,512,6907.0,6659.0,41.04384922762627,27.274050499891928,79.67870958477272,7418.596103417032,6491.503896582968,6955.05,6761.74,-0.02402763177654299,0
2012-05-06,6660.0,6797.0,6660.0,6705.0,12685526882,1889457,220,6670.0,6701.0,42.983562603001204,8.498317786068583,65.44263122503189,7396.336779499521,6533.86322050048,6965.1,6770.74,-0.029846291598268904,0
2012-05-07,6699.0,6739.0,6654.0,6700.0,9262016379,1383217,150,6705.0,6680.0,42.235325951860325,-7.984074713776863,50.75729003727014,7390.434890807189,6545.765109192812,6968.1,6776.34,-0.0091317365269461,0
2012-05-08,6683.0,6700.0,6671.0,6694.0,7790965216,1165094,147,6700.0,6673.0,41.97304276506488,-21.36504804312881,36.33282242119035,7394.126002937635,6537.273997062364,6965.7,6783.32,-0.014686048254158535,0
2012-05-09,6661.0,6690.0,6600.0,6668.0,6614152239,997473,155,6694.0,6606.0,39.44793279152585,-36.94996961976358,21.676264012999567,7407.2686102041225,6497.131389795877,6952.2,6789.14,-0.008477141992128345,0
2012-05-12,6600.0,6600.0,6472.0,6583.0,8430421217,1295065,235,6668.0,6499.0,35.749069779969815,-57.27490852316987,5.886029505765679,7429.756590904141,6443.543409095858,6936.65,6790.78,0.0012309586090166746,0
2012-05-13,6450.0,6550.0,6411.0,6503.0,13478750141,2076838,270,6583.0,6501.0,35.87011158275557,-72.38675628483543,-9.768527652354543,7445.1426553497495,6388.25734465025,6916.7,6788.8,0.018304876172896556,0
2012-05-14,6503.0,6628.0,6503.0,6547.0,9775266854,1486797,255,6503.0,6619.0,42.72580872976906,-73.98849733702446,-22.612521589288527,7414.141483023682,6360.958516976319,6887.55,6788.2,-0.053331318930352034,0
2012-05-15,6594.0,6687.0,6554.0,6562.0,4688351448,710704,175,6547.0,6575.0,40.96714738935304,-77.91022041395809,-33.672061354222436,7334.202173009777,6358.5978269902225,6846.4,6786.5,-0.0704182509505703,0
2012-05-16,6523.0,6600.0,6523.0,6558.0,7299534618,1113950,175,6562.0,6550.0,39.960686549867425,-82.08923170883281,-43.35549542514451,7257.581918776222,6357.2180812237775,6807.4,6781.5,-0.09083969465648856,0
2012-05-19,6551.0,6551.0,6475.0,6506.0,95101061113,14617031,128,6558.0,6507.0,38.22136269168906,-87.85809546739529,-52.25601543359467,7184.087739354825,6354.412260645175,6769.25,6775.64,-0.07791609036422309,0
2012-05-20,6549.0,6620.0,6500.0,6527.0,7736578662,1181463,214,6506.0,6620.0,44.99670013130289,-82.3623836489769,-58.27728907667112,7146.815299234172,6348.884700765829,6747.85,6770.04,-0.07794561933534738,0
2012-06-24,6266.0,6600.0,6266.0,6266.0,93404516817,14905807,723,6527.0,6266.0,32.84429884198704,-105.35734010293345,-67.69329928192359,7129.789246657222,6285.410753342779,6707.6,6758.58,-0.12942866262368335,0
2012-06-25,6050.0,6268.0,6050.0,6203.0,36567617784,5895423,548,6266.0,6112.0,29.155355990548827,-134.45757846312245,-81.04615511816337,7130.50873138182,6192.791268618179,6661.65,6744.62,-0.11060209424083767,0
2012-06-26,6100.0,6110.0,5955.0,6049.0,11882397091,1975090,202,6203.0,5955.0,25.954814402227854,-168.24884693947388,-98.48669348242548,7126.974309176499,6083.8256908235,6605.4,6726.94,-0.057934508816120944,0
2012-06-27,5820.0,6000.0,5820.0,5870.0,13670418806,2331073,295,6049.0,6000.0,28.38157771371675,-189.21637811679375,-116.63263040929914,7093.485353703939,6011.31464629606,6552.4,6711.74,-0.04966666666666664,0
2012-06-30,6079.0,6104.0,6000.0,5996.0,10493359429,1736205,370,5870.0,6104.0,33.78297093328,-195.1913227358691,-132.34436887461314,7058.284966868053,5964.715033131947,6511.5,6696.22,-0.04980340760157276,0
2012-07-08,5600.0,5600.0,5450.0,5482.0,10712570898,1954048,339,5016.0,5455.0,22.41963885064925,-249.42022438630283,-155.7595399769511,7120.9398216481895,5755.0601783518105,6438.0,6668.3,0.02658111824014675,0
2012-07-09,5461.0,5500.0,5384.0,5461.0,5847903633,1075989,191,5482.0,5436.0,22.18437851442492,-290.58052939007484,-182.72373785957583,7157.437917864888,5581.362082135111,6369.4,6644.6,0.04120676968359094,0
2012-07-10,5447.0,5628.0,5400.0,5483.0,5249637888,951750,202,5461.0,5610.0,29.482290617333476,-305.6368306962786,-207.30635642691638,7125.14621220058,5487.65378779942,6306.4,6625.8,-0.005347593582887722,0
2012-07-11,5678.0,5702.0,5620.0,5701.0,14352228476,2517479,179,5483.0,5702.0,33.05715261671688,-306.6110060137162,-227.16728634427633,7100.797819820731,5416.302180179269,6258.55,6608.58,-0.00210452472816558,0
2012-07-14,5900.0,5900.0,5800.0,5800.0,10158523114,1740138,231,5701.0,5800.0,36.73623130088821,-296.06244244744903,-240.94631756491088,7052.645160262962,5374.354839737038,6213.5,6593.98,-0.018965517241379293,0
2012-07-15,5800.0,5865.0,5600.0,5740.0,6826836975,1201899,175,5800.0,5600.0,32.777147828528555,-300.3783833291782,-252.83273071776435,7010.530316729509,5308.469683270491,6159.5,6574.18,0.01017857142857137,0
2012-07-16,5664.0,5665.0,5569.0,5719.0,2128969203,379633,97,5740.0,5660.0,35.03897221983675,-295.5503782270662,-261.3762602196247,6952.149774690296,5265.550225309705,6108.85,6550.62,0.005300353356890497,0
2012-07-17,5602.0,5689.0,5572.0,5701.0,2134462505,380932,133,5719.0,5580.0,33.424146371105266,-294.7814240504604,-268.0572929857919,6898.461761121629,5216.638238878371,6057.55,6528.62,0.012544802867383575,0
2012-07-18,5500.0,5910.0,5500.0,5738.0,12569886802,2189281,319,5701.0,5690.0,37.677271627605286,-282.0447058317459,-270.8547755549827,6846.937791374109,5187.262208625892,6017.1,6508.64,-0.019332161687170446,0
2012-07-21,5700.0,5700.0,5600.0,5723.0,2355158357,416763,110,5738.0,5690.0,37.677271627605286,-268.8516108645854,-270.45414261690325,6786.871288127518,5166.228711872483,5976.55,6491.42,-0.01581722319859402,0
2012-07-22,5750.0,5800.0,5650.0,5714.0,3226130968,567306,155,5723.0,5657.0,36.85802601701169,-258.0837830599485,-267.9800707055123,6693.459928035328,5163.440071964672,5928.45,6472.16,-0.031288668905780415,0
2012-07-23,5606.0,5694.0,5605.0,5662.0,19766486146,3491352,126,5714.0,5690.0,38.30275092630619,-244.07384636902407,-263.19882583821465,6594.956104435689,5173.443895564311,5884.2,6454.56,-0.05166959578207386,0
2012-07-24,5660.0,5680.0,5627.0,5662.0,1295293466,228837,95,5662.0,5650.0,37.191924030052256,-233.5068150998477,-257.2604236905413,6486.800370593296,5191.599629406704,5839.2,6436.38,-0.02920353982300883,0
2012-07-25,5665.0,5700.0,5580.0,5655.0,1977868951,352224,102,5662.0,5580.0,35.264501625532205,-228.1508012553386,-251.43849920350078,6371.675111750133,5214.024888249868,5792.85,6417.38,-0.030645161290322576,0
2012-07-28,5678.0,5678.0,5600.0,5636.0,15528290356,2755193,179,5655.0,5600.0,36.280555823909935,-219.7590433856476,-245.10260803993015,6183.706662270163,5299.993337729838,5741.85,6399.38,-0.05714285714285716,0
2012-07-29,5562.0,5640.0,5411.0,5605.0,2489292658,455022,137,5636.0,5480.0,32.939894029270505,-220.25257732380305,-240.13260189670476,6087.031195889356,5318.068804110644,5702.55,6376.58,-0.051094890510948954,0
2012-07-30,5538.0,5539.0,5381.0,5518.0,6168840474,1137981,265,5605.0,5396.0,30.80184328403007,-224.83010303234278,-237.07210212383237,6024.470491434992,5309.029508565008,5666.75,6350.08,-0.014084507042253502,0
2012-07-31,5499.0,5500.0,5400.0,5503.0,2937729059,538778,155,5518.0,5485.0,35.57336253498693,-218.75460205718355,-233.4086021105026,5983.4616253047225,5303.0383746952775,5643.25,6322.26,-0.05378304466727435,0
2012-08-01,5450.0,5599.0,5403.0,5499.0,1918016801,350377,108,5503.0,5409.0,33.45210281061317,-217.56434229536808,-230.23975014747572,5926.384569482517,5301.015430517483,5613.7,6294.24,0.014975041597337757,0
2012-08-04,5350.0,5350.0,5280.0,5365.0,7939131885,1502104,171,5499.0,5280.0,30.164182459152542,-224.44303516237414,-229.08040715045541,5827.792381383478,5317.207618616522,5572.5,6261.84,0.08068181818181808,1
2012-08-05,5160.0,5270.0,5160.0,5346.0,1785932310,341475,83,5365.0,5200.0,28.306108516575335,-233.6563354409409,-229.99559280855254,5858.938819965655,5260.561180034345,5559.75,6221.8,0.05788461538461531,1
2012-08-06,5153.0,5320.0,5153.0,5337.0,1754178677,332252,103,5346.0,5320.0,34.79442608272193,-228.63933326100414,-229.7243408990429,5866.7000439527355,5241.199956047264,5553.95,6180.24,0.03947368421052633,0
2012-08-07,5301.0,5301.0,5186.0,5320.0,1975045805,377909,85,5337.0,5190.0,31.471545014174296,-232.47342747033053,-230.27415821330044,5882.109261644923,5183.790738355076,5532.95,6137.44,0.09826589595375723,1
2012-08-08,5240.0,5499.0,5220.0,5487.0,36394118173,6632529,143,5320.0,5490.0,44.61623093481607,-208.89645367455614,-225.9986173055516,5863.108140023717,5181.591859976284,5522.35,6101.84,0.06448087431693983,1
2012-08-11,5580.0,5706.0,5580.0,5569.0,5525845480,971271,177,5487.0,5706.0,51.786926298325106,-170.81311006049327,-214.96151585653996,5845.301201725891,5189.998798274109,5517.65,6075.0,0.03399929898352605,0
2012-08-12,5707.0,5714.0,5500.0,5566.0,2740559409,493424,117,5569.0,5501.0,45.73477095755118,-155.3824207895268,-203.04569684313734,5838.2095082980195,5187.19049170198,5512.7,6043.6,0.09652790401745137,1
2012-08-13,5628.0,5628.0,5503.0,5565.0,611950828,110350,42,5566.0,5530.0,46.68401136763707,-139.2087192719382,-190.2783013288975,5824.802950382471,5187.597049617529,5506.2,6013.58,0.10578661844484638,1
2012-08-14,5580.0,5775.0,5552.0,5620.0,7998608979,1413655,206,5565.0,5700.0,51.98621197897515,-111.38933809123955,-174.50050868136591,5840.5081479226765,5183.891852077323,5512.2,5985.98,0.06491228070175437,1
2012-08-15,5659.0,5844.0,5659.0,5703.0,8556662765,1487124,224,5620.0,5844.0,55.979679385363816,-76.83695297141912,-154.96779753937656,5870.962330637199,5168.837669362801,5519.9,5961.66,0.03627652292950034,0
2012-08-18,5857.0,5900.0,5737.0,5800.0,61527078169,10608745,239,5703.0,5900.0,57.461437128154856,-44.423124709778676,-132.858862973457,5912.384502293518,5148.415497706481,5530.4,5941.22,0.025423728813559254,0
2012-08-21,5930.0,6032.0,5930.0,6030.0,32968411020,5466996,453,5800.0,6032.0,60.81008096146536,-7.991514251685658,-107.88539322910275,5986.895256961667,5111.4047430383325,5549.15,5923.36,0.011273209549071517,0
2012-08-22,6190.0,6190.0,6004.0,6036.0,83112305379,13769836,449,6030.0,6115.0,62.793410376266216,27.263924303819294,-80.85552972251834,6070.284146570429,5070.515853429571,5570.4,5909.5,0.030907604251839693,0
2012-08-25,6085.0,6085.0,6000.0,6039.0,5146682374,851541,141,6036.0,6070.0,60.991194825453064,50.98526306606618,-54.48737116480144,6136.168721562147,5046.631278437852,5591.4,5893.5,0.07611202635914327,1
2012-08-26,6070.0,6070.0,6020.0,6041.0,33536015507,5551808,138,6039.0,6056.0,60.410291584716056,67.8725197821741,-30.015392975406336,6196.27817029421,5034.121829705789,5615.2,5881.44,0.06621532364597105,1
2012-08-27,6050.0,6070.0,6000.0,6040.0,7362223029,1219254,183,6041.0,6050.0,60.14589820829086,79.85116798103627,-8.042080784117815,6248.757149530614,5026.642850469386,5637.7,5868.42,0.07123966942148763,1
2012-09-02,6041.0,6140.0,6019.0,6062.0,22069619980,3640501,165,6040.0,6100.0,61.65210501460461,92.31476793192724,12.029288959091197,6306.914102000648,5030.485897999351,5668.7,5856.82,0.08196721311475419,1
2012-09-03,6130.0,6304.0,6130.0,6281.0,21927543108,3490995,330,6062.0,6304.0,67.11318181171922,117.30118079451313,33.083667326175586,6395.95098078137,5032.249019218631,5714.1,5849.44,0.048540609137055934,0
2012-09-04,6420.0,6532.0,6400.0,6496.0,22462280656,3458030,319,6281.0,6532.0,71.92534688204964,153.72869878321126,57.21267361758272,6526.221932880217,5006.678067119783,5766.45,5847.96,0.010410287813839458,0
2012-09-05,6730.0,6730.0,6351.0,6502.0,8970404763,1378665,218,6496.0,6457.0,68.38077508250662,174.53397699335073,80.67693429273632,6616.401321228024,5021.2986787719765,5818.85,5847.12,0.03608486913427278,0
2012-09-08,6500.0,6650.0,6480.0,6574.0,22892975957,3482276,363,6502.0,6481.0,68.90879945199615,190.75994736319444,102.69353690682794,6685.91967757459,5071.880322425409,5878.9,5846.72,0.018361363987039026,0
2012-09-09,6441.0,6600.0,6375.0,6503.0,25405834587,3906725,362,6574.0,6600.0,71.45424969681685,210.79157717018643,124.31314495949965,6751.082497934623,5146.717502065377,5948.9,5846.34,0.042424242424242475,0
2012-09-10,6480.0,6640.0,6450.0,6597.0,28359069957,4299037,261,6503.0,6610.0,71.66419223325022,224.88141160962277,144.4267982895243,6810.371367109674,5216.428632890325,6013.4,5847.04,-0.0075642965204235635,0
2012-09-11,6600.0,6700.0,6600.0,6602.0,3809267134,575585,123,6597.0,6600.0,71.10104797227207,232.55998375892887,162.0534353834052,6824.5110720160055,5343.288927983994,6083.9,5848.04,-0.015151515151515138,0
2012-09-15,6655.0,6866.0,6655.0,6841.0,76449974527,11175194,678,6602.0,6690.0,73.14630851685818,243.10519004389607,178.26378631550338,6876.725190610097,5411.074809389902,6143.9,5851.7,0.02391629297458886,0
2012-09-16,6799.0,6799.0,6572.0,6713.0,9864674333,1486987,277,6841.0,6600.0,67.96614058344275,241.4171871042672,190.89446647325616,6918.185197213285,5459.014802786715,6188.6,5851.3,0.02742424242424235,0
2012-09-17,6600.0,6950.0,6600.0,6779.0,18293320681,2698492,322,6713.0,6880.0,74.1093415915062,259.6796669993819,204.6515065784813,6974.715385383862,5540.384614616139,6257.55,5863.58,-0.007994186046511587,0
2012-09-18,6755.0,6899.0,6560.0,6657.0,17840607124,2680019,344,6779.0,6560.0,59.95769381235895,245.5014997719145,212.82150521716795,6954.144248922441,5663.955751077559,6309.05,5872.54,0.06722560975609748,1
2012-09-19,6689.0,6689.0,6500.0,6597.0,6678549164,1024820,189,6657.0,6500.0,57.731648649174154,226.80918641965945,215.61904145766627,6934.584448169216,5763.515551830785,6349.05,5883.44,0.11661538461538457,1
2012-09-22,6415.0,6850.0,6415.0,6792.0,22344181836,3289884,320,6597.0,6850.0,65.72558341151004,237.499719418096,219.99517704975224,6975.462237322601,5823.2377626774,6399.35,5900.44,0.10160583941605839,1
2012-09-23,6900.0,6990.0,6780.0,6856.0,16743502935,2442301,273,6792.0,6781.0,63.18841956739626,237.6646701215086,223.52907566410352,6994.222076530048,5892.577923469951,6443.4,5913.98,0.08391092759180063,1
2012-09-24,6701.0,6899.0,6700.0,6850.0,4876690825,713246,164,6856.0,6825.0,64.13907646374196,238.5954472239364,226.54234997607008,7023.781162402255,5942.318837597745,6483.05,5941.38,0.04820512820512812,0
2012-09-25,6731.0,7100.0,6731.0,6979.0,26196202793,3753746,380,6850.0,7001.0,67.72908360538808,250.6455381477872,231.3629876104135,7085.1156407425215,5969.584359257479,6527.35,5972.68,0.05542065419225817,1
2012-09-26,7130.0,7258.0,7130.0,7256.0,19067248050,2627843,182,6979.0,7258.0,72.11839813760436,277.7315576676401,240.63670162185883,7188.352152583369,5985.147847416631,6586.75,6005.64,0.019840176357123207,0
2012-09-29,7546.0,7546.0,7539.0,7546.0,69500732970,9210373,455,7256.0,7546.0,76.04973124418358,318.7621250103439,256.26178629955587,7344.929127948909,5977.570872051091,6661.25,6042.52,-0.023191094619666064,0
2012-09-30,7730.0,7745.0,7245.0,7452.0,31320101383,4203160,599,7546.0,7350.0,68.92680366534279,331.64063646106297,271.3375563318573,7412.301856635497,6040.198143364503,6726.25,6073.52,0.014965986394557929,0
2012-10-01,7452.0,7452.0,7154.0,7183.0,26004390424,3620203,422,7452.0,7154.0,62.611428684690246,322.31593020209766,281.5332311059054,7425.258123106184,6132.641876893816,6778.95,6104.6,0.05395582890690531,1
2012-10-02,7109.0,7450.0,7109.0,7304.0,27255306021,3731518,451,7183.0,7389.0,66.56678504513323,330.08357139291275,291.24329916330686,7492.94134324981,6173.458656750189,6833.2,6139.18,0.010826904858573627,0
2012-10-03,7570.0,7596.0,7372.0,7586.0,59683082631,7867750,534,7304.0,7402.0,66.7761753392214,333.44473105645193,299.6835855419359,7565.359596602767,6188.040403397233,6876.7,6175.62,0.013239664955417396,0
2012-10-06,7400.0,7500.0,7350.0,7417.0,16733612756,2259467,224,7586.0,7371.0,65.71917881470797,329.80524382923704,305.7079171993961,7614.884627983256,6229.915372016743,6922.4,6209.24,-0.008682675349341973,0
2012-10-07,7417.0,7570.0,7371.0,7444.0,11135114554,1492594,167,7417.0,7460.0,67.31860991124364,330.29504450501827,310.6253426605205,7670.48268411163,6272.217315888371,6971.35,6244.64,0.01836461126005351,0
2012-10-08,7450.0,7609.0,7444.0,7456.0,6241295213,834516,126,7444.0,7540.0,68.73087029418953,333.2965117637641,315.15957648116927,7737.406958796141,6299.2930412038595,7018.35,6282.3,0.025066312997347406,0
2012-10-09,7529.0,7529.0,7444.0,7463.0,11694045334,1566218,148,7456.0,7469.0,66.0047652191753,326.18602016575824,317.36486521808706,7780.27930428711,6342.3206957128905,7061.3,6317.88,0.06774668630338732,1
2012-10-10,7444.0,7510.0,7383.0,7442.0,18310603427,2460596,215,7463.0,7500.0,66.6271684424255,319.37083706001886,317.76605958647343,7816.766916888604,6395.833083111396,7106.3,6354.88,0.10773333333333324,1
2012-10-13,7590.0,7600.0,7306.0,7403.0,18982177834,2564095,236,7442.0,7307.0,59.34264737347681,294.99574104201747,313.21199587758224,7825.881667627686,6448.418332372314,7137.15,6389.42,0.17750102641302856,1
2012-10-14,7300.0,7597.0,7261.0,7432.0,13248431369,1780355,215,7403.0,7597.0,65.45442381262296,295.6705718992298,309.70371108191176,7857.072831857283,6516.927168142717,7187.0,6429.36,0.17783335527181787,1
2012-10-15,7501.0,7729.0,7501.0,7694.0,28955283655,3763179,449,7432.0,7729.0,67.82527260308316,303.35973485688373,308.43491583690616,7923.490769690988,6535.409230309012,7229.45,6474.34,0.20455427610298882,1
2012-10-16,7810.0,8001.0,7810.0,7989.0,51516753501,6448501,545,7694.0,7975.0,71.72046992673492,325.55084845781585,311.85810236108813,7995.330663971381,6605.069336028619,7300.2,6525.92,0.15172413793103456,1
2012-10-17,8250.0,8308.0,8100.0,8274.0,86488030150,10452928,669,7989.0,8308.0,75.96269885680795,365.7911699576034,322.64471588039123,8115.573213293663,6665.626786706338,7390.6,6582.38,0.09773712084737607,1
2012-10-20,8604.0,8604.0,8604.0,8604.0,21142024128,2457232,153,8274.0,8604.0,78.98102160946794,416.7624626431043,341.46826523293385,8333.19136151524,6623.40863848476,7478.3,6646.28,0.06903765690376562,1
2012-10-21,8948.0,8948.0,8851.0,8944.0,90873048454,10160645,958,8604.0,8948.0,81.83565947926462,479.38940178253597,369.0524925428543,8595.926230768086,6577.373769231915,7586.65,6719.64,0.009164059007599423,0
2012-10-27,9390.0,9459.0,9294.0,9353.0,114432322994,12235053,944,8944.0,9310.0,84.25847832054309,551.870457783145,405.61608559091246,8908.752728841693,6513.047271158305,7710.9,6801.84,-0.03329752953813103,0
2012-10-28,9400.0,9400.0,9100.0,9196.0,53089464269,5773248,709,9353.0,9185.0,80.27670116255263,592.3969779228446,442.9722640572989,9131.951805652432,6508.248194347569,7820.1,6879.14,-0.04398475775721289,0
2012-10-29,9150.0,9189.0,9032.0,9108.0,25467651570,2796222,469,9196.0,9120.0,78.20704944792618,612.2123771442866,476.8202866746965,9313.571893460301,6512.828106539698,7913.2,6957.74,-0.03201754385964917,0
2012-10-30,9100.0,9277.0,9075.0,9179.0,27347491062,2979513,411,9108.0,9198.0,78.90972668875568,626.9827055696987,506.85277045369696,9491.43546360523,6500.16453639477,7995.8,7031.9,0.0009784735812132794,0
2012-10-31,9013.0,9095.0,8951.0,9033.0,24896034106,2755988,344,9179.0,9030.0,73.41878996813523,618.0080887455088,529.0838341120593,9609.245598899703,6550.354401100297,8079.8,7098.38,0.007751937984496138,0
2012-11-04,9154.0,9293.0,8988.0,9146.0,50665230226,5539872,610,9033.0,9000.0,72.44929244386037,601.5407041824474,543.5752081261369,9689.683328846793,6654.5166711532065,8172.1,7168.36,-0.008888888888888835,0
2012-11-05,9000.0,9000.0,8781.0,8801.0,46031222141,5230488,469,9146.0,8781.0,65.63554373526134,564.3136569699936,547.7228978949083,9736.75359101062,6746.646408989382,8241.7,7233.38,0.010477166609725641,0
2012-11-06,8530.0,9021.0,8530.0,8853.0,42251699883,4772526,362,8801.0,8828.0,66.36661706841812,532.4655298722591,544.6714242903785,9776.755717322321,6849.244282677679,8313.0,7295.94,0.008155867693701913,0
2012-11-07,9100.0,9207.0,9100.0,9192.0,36282210175,3947119,362,8853.0,9207.0,71.61133841771208,531.6789285293344,542.0729251381697,9850.914186360753,6958.685813639246,8404.8,7363.2,-0.02682741392418808,0
2012-11-10,9290.0,9350.0,9081.0,9162.0,25167667293,2746893,320,9192.0,9100.0,68.36984094112185,516.4680137617506,536.951942862886,9894.806193166018,7078.793806833981,8486.8,7427.2,-0.025274725274725296,0
2012-11-11,8864.0,9089.0,8864.0,9028.0,13883841556,1550348,193,9162.0,8920.0,63.188134097773286,484.3059806673573,526.4227504237803,9905.49768466642,7206.102315333579,8555.8,7484.96,-0.004596412556053808,0
2012-11-12,8800.0,9030.0,8800.0,8961.0,19267821384,2152061,265,9028.0,8873.0,61.86958737018475,449.8393623664233,511.1060728123089,9885.312510854208,7366.687489145792,8626.0,7540.12,-0.013862278823396856,0
2012-11-13,8900.0,9000.0,8861.0,8939.0,29060293477,3250818,307,8961.0,8900.0,62.3555595739481,419.863073243283,492.8574728985038,9848.262122953784,7543.7378770462155,8696.0,7596.72,-0.011235955056179803,0
2012-11-14,8813.0,8981.0,8813.0,8930.0,13957097371,1563894,200,8939.0,8960.0,63.469763235046315,396.3789370557133,473.5617657299457,9742.215726867658,7815.08427313234,8778.65,7654.8,-0.012276785714285698,0
2012-11-17,8811.0,8930.0,8811.0,8901.0,12236015466,1377975,190,8930.0,8870.0,60.57359982868119,366.28305899359293,452.1060243826752,9638.957542482358,8045.642457517641,8842.3,7711.2,0.0319052987598647,0
2012-11-18,8801.0,8910.0,8770.0,8856.0,11213272189,1271959,142,8901.0,8879.0,60.76639629425568,339.2474501529723,429.53430953673467,9511.208406872245,8288.391593127753,8899.8,7766.78,0.05935353080301842,1
2012-11-19,8760.0,8849.0,8700.0,8794.0,49046742076,5577485,179,8856.0,8750.0,56.50154265161449,303.90903923621227,404.4092554766302,9387.160064526059,8489.93993547394,8938.55,7815.7,0.09257142857142853,1
2012-11-20,8700.0,8899.0,8643.0,8799.0,78361290709,8905315,154,8794.0,8800.0,57.739595759788244,276.7475031705326,378.8769050154107,9314.078639461197,8612.221360538802,8963.15,7861.06,0.13624999999999998,1
2012-11-21,8800.0,8897.0,8768.0,8801.0,12749573942,1448522,151,8799.0,8850.0,58.99641250602971,256.3018837097243,354.36190075427345,9290.582654598176,8660.317345401825,8975.45,7908.92,0.13559322033898313,1
2012-11-26,8570.0,9153.0,8570.0,9046.0,19511114653,2150050,238,8801.0,9153.0,65.66112837794782,261.53335696738577,335.7961919968959,9309.802514637111,8661.59748536289,8985.7,7962.36,0.10357259914782047,1
2012-11-27,9210.0,9407.0,9210.0,9394.0,42429208707,4516757,523,9046.0,9406.0,70.04001720549203,282.83398864256196,325.2037513260292,9335.82101006759,8645.17898993241,8990.5,8018.48,0.07378269189878806,1
2012-11-28,9440.0,9769.0,9304.0,9688.0,72350043106,7468057,760,9394.0,9560.0,72.35122344361301,308.58423865995064,321.8798487928135,9427.747729974857,8590.752270025143,9009.25,8077.48,0.07520920502092054,1
2012-12-01,9680.0,10074.0,9680.0,9957.0,26432766639,2654595,473,9688.0,9999.0,77.64534191713072,360.26224948656636,329.5563289315641,9653.934417187937,8452.465582812065,9053.2,8145.46,0.06450645064506455,1
2012-12-02,10000.0,10355.0,10000.0,10278.0,38157884806,3712668,446,9957.0,10050.0,78.16833381219428,400.71354287509166,343.78777172026963,9836.172500835995,8355.427499164003,9095.8,8212.66,0.09870646766169155,1
2012-12-03,10000.0,10250.0,9990.0,10185.0,12997454134,1286381,334,10278.0,10101.0,78.70486142813479,431.9079916225128,361.4118157007183,10008.361356149715,8290.338643850286,9149.35,8282.68,0.08900108900108905,1
2012-12-04,10200.0,10320.0,10051.0,10151.0,18759482809,1849925,262,10185.0,10100.0,78.66403927112816,451.34628632066233,379.3987098247071,10154.13234874849,8254.567651251511,9204.35,8347.08,0.09504950495049513,1
2012-12-05,10135.0,10301.0,10011.0,10235.0,18152604451,1768494,260,10151.0,10279.0,80.60339641593434,475.7113743454738,398.6612427288605,10315.964015528985,8242.535984471015,9279.25,8421.46,0.050685864383694934,1
2012-12-08,10102.0,10644.0,10102.0,10618.0,35117173320,3307170,318,10235.0,10644.0,83.83083322953148,518.4964276487226,422.628279712833,10542.048545218497,8198.051454781502,9370.05,8504.34,0.0543028936490042,1
2012-12-09,10689.0,11042.0,10618.0,10807.0,25180684527,2328721,403,10618.0,11042.0,86.47375444278374,577.8579773575511,453.67421924177665,10837.908513161048,8085.6914868389495,9461.8,8588.18,0.0555153051983337,1
2012-12-10,11235.0,11239.0,10970.0,11223.0,85141370512,7586073,721,10807.0,11000.0,84.89672994257032,614.4306105783398,485.82549750908936,11074.89309332279,8038.706906677209,9556.8,8672.56,0.09336363636363632,1
2012-12-11,11100.0,11487.0,11060.0,11203.0,21826303790,1949059,310,11223.0,11060.0,85.30891721239149,640.8686495908878,516.8341279254491,11285.413344787963,8042.1866552120355,9663.8,8757.26,0.13019891500904168,1
2012-12-12,11100.0,11100.0,10755.0,10791.0,40615831133,3763863,571,11203.0,10800.0,75.67145964420956,633.5381257449808,540.1749274893555,11411.09327885438,8109.20672114562,9760.15,8833.24,0.1433333333333333,1
2012-12-15,10802.0,11222.0,10802.0,11207.0,47936939272,4277574,280,10791.0,11222.0,79.68331049688344,654.2388477945424,562.9877115503929,11594.13426559955,8158.3657344004505,9876.25,8912.52,0.12840848333630372,1
2012-12-16,11450.0,11655.0,11300.0,11565.0,71198854983,6156212,595,11207.0,11655.0,82.81475416551993,697.5429593969693,589.8987611197082,11839.492165691328,8182.507834308672,10011.0,8994.7,0.12904332904332905,1
2012-12-17,11900.0,12027.0,11889.0,12020.0,57673461785,4798307,268,11565.0,12027.0,84.95957705659055,753.1966883231198,622.5583465603905,12117.231920978184,8220.468079021817,10168.85,9088.24,0.09129458717884753,1
2012-12-18,12500.0,12500.0,12271.0,12478.0,103336757957,8281462,798,12020.0,12500.0,87.15480349144379,825.9487928855106,663.2364358254146,12452.0858052976,8247.7141947024,10349.9,9195.16,0.019200000000000106,0
2012-12-19,12600.0,12976.0,12300.0,12645.0,52839433179,4178533,782,12478.0,12348.0,82.96419481314928,861.4104270254411,702.8712340654199,12669.022718651519,8390.57728134848,10529.8,9294.34,0.033365727243278354,0
2012-12-22,12600.0,12830.0,12350.0,12668.0,29875289670,2358214,418,12645.0,12663.0,84.61513424401079,904.5053207017336,743.1980513926827,12899.808514004733,8546.091485995268,10722.95,9399.56,-0.00497512437810943,0
2012-12-23,13070.0,13174.0,13000.0,13125.0,87728652329,6684336,798,12668.0,13159.0,86.78653935988235,967.5283249130553,788.0641060967572,13183.019736168018,8693.78026383198,10938.4,9515.32,-0.07667755908503682,0
2012-12-24,13200.0,13500.0,12994.0,13262.0,49590205631,3739361,677,13125.0,13125.0,85.8916282385024,1003.1671079855932,831.0847064745244,13417.189290386892,8856.810709613108,11137.0,9628.62,-0.03923809523809518,0
2012-12-25,13000.0,13100.0,12732.0,12798.0,58360803880,4560032,642,13262.0,12740.0,76.29752317973441,988.944876968515,862.6567405733226,13540.384430132055,9067.015569867946,11303.7,9732.62,-0.00659340659340657,0
2012-12-26,12699.0,13260.0,12500.0,12950.0,52768626883,4074741,499,12798.0,12760.0,76.44471913307055,968.1275178871183,883.7508960360817,13635.43231315354,9291.967686846461,11463.7,9838.44,-0.0321316614420063,0
2012-12-29,13010.0,13090.0,12520.0,12604.0,31268229182,2480758,355,12950.0,12600.0,72.56242361611072,928.0212961807556,892.6049760650166,13709.863312182333,9477.636687817667,11593.75,9940.44,-0.04626984126984124,0
2012-12-30,12600.0,12600.0,12100.0,12132.0,38550573574,3177589,540,12604.0,12150.0,62.888752939722615,850.1258655426591,884.1091539605451,13703.51570950207,9693.98429049793,11698.75,10037.3,-0.009053497942386857,0
2012-12-31,12211.0,12617.0,12211.0,12554.0,33576887470,2674690,396,12132.0,12610.0,67.63819178190596,816.1037946376782,870.5080820959718,13724.63390834709,9923.766091652911,11824.2,10137.56,-0.024583663758921515,0
2013-01-01,12796.0,12800.0,12623.0,12620.0,13761966021,1083683,230,12554.0,12656.0,68.0781480542929,783.8175135054298,853.1699683778634,13709.87451201599,10194.12548798401,11952.0,10236.1,-0.005056890012642201,0
2013-01-02,12620.0,12730.0,12300.0,12517.0,21705525504,1739576,268,12620.0,12350.0,62.036286048465826,725.1793443732622,827.5718435769433,13642.725916524534,10468.374083475464,12055.55,10323.6,0.040000000000000036,0
2013-01-06,12350.0,12351.0,12017.0,12222.0,22226611407,1832182,255,12517.0,12017.0,56.19183440919006,644.4095042341196,790.9393757083785,13574.05469616632,10674.345303833681,12124.2,10397.78,0.10951152533910302,1
2013-01-07,11998.0,12210.0,11850.0,12084.0,16007199059,1336751,271,12222.0,12040.0,56.49668609877355,575.6193502306978,747.8753706128424,13537.663405198144,10810.536594801857,12174.1,10466.5,0.1446013289036545,1
2013-01-08,12092.0,12520.0,12090.0,12183.0,9713245045,784239,190,12084.0,12300.0,59.894269777813015,535.9049064931933,705.4812777889126,13492.045792919864,10986.154207080137,12239.1,10533.54,0.16300813008130088,1
2013-01-09,12287.0,12599.0,12287.0,12362.0,17436400550,1395998,258,12183.0,12592.0,63.35564797812754,521.9758704425203,668.7801963196342,13452.913805753175,11178.486194246827,12315.7,10599.18,0.11817026683608645,1
2013-01-13,12555.0,12856.0,12555.0,12821.0,29712303321,2314462,430,12362.0,12844.0,66.0767362339586,525.2169291442151,640.0675428845504,13338.675086541585,11497.124913458414,12417.9,10672.36,0.09000311429461227,1
2013-01-14,12902.0,13333.0,12862.0,13252.0,40199073875,3033460,471,12821.0,13333.0,70.63372033649767,560.779389048459,624.2099121173321,13350.92192701367,11695.978072986332,12523.45,10756.62,0.011850296257406523,0
2013-01-15,13700.0,13782.0,13506.0,13755.0,83600993027,6077796,750,13252.0,13781.0,74.07033353030029,617.9889586139088,622.9657214166475,13526.943596720219,11732.556403279781,12629.75,10848.28,0.009070459328060387,0
2013-01-16,13751.0,14305.0,13500.0,14253.0,55658953644,3905131,786,13755.0,14305.0,77.40151976063143,697.5692315371089,637.8864234407398,13857.96347025683,11629.33652974317,12743.65,10953.78,-0.0031457532331352622,0
2013-01-19,14300.0,14400.0,13701.0,14089.0,26331450328,1875113,584,14253.0,14080.0,73.0611719674694,734.0202233540076,657.1131834233934,14072.45946947759,11572.84053052241,12822.65,11055.38,-0.016335227272727293,0
2013-01-20,14189.0,14649.0,13798.0,14053.0,40358453764,2871916,581,14089.0,14000.0,71.52539738845174,747.832023514211,675.2569514415569,14234.499694374948,11576.000305625052,12905.25,11159.76,-0.01649999999999996,0
2013-01-21,14053.0,14129.0,13491.0,13906.0,15516361287,1129204,304,14053.0,13491.0,62.52055449624701,709.5269435996761,682.1109498731807,14294.586389447184,11598.713610552815,12946.65,11253.02,0.00807946038099483,0
2013-01-22,13500.0,13906.0,13350.0,13820.0,366193917029,26498019,533,13906.0,13906.0,66.25124030465065,704.5354770729082,686.5958553131263,14393.398595144727,11574.601404855273,12984.0,11347.0,-0.034877031497195454,0
2013-01-23,13999.0,14372.0,13950.0,14289.0,51882604211,3631073,696,13820.0,14260.0,69.07868024506138,720.8352058388573,693.4437254182725,14555.73552798235,11525.76447201765,13040.75,11450.2,-0.04635343618513321,0
2013-01-26,14320.0,14367.0,13825.0,14177.0,11657492907,834667,315,14289.0,13850.0,62.54315310728462,692.684449677261,693.2918702700703,14644.070128437404,11548.429871562596,13096.25,11548.8,-0.025054151624548715,0
2013-01-27,13841.0,13841.0,13610.0,13614.0,39059879842,2869008,334,14177.0,13769.0,61.309062320457656,656.2736355942197,685.8882233349002,14713.056294077438,11580.343705922563,13146.7,11646.72,-0.047861137337497306,0
2013-01-28,13625.0,13743.0,13350.0,13620.0,21089880659,1548117,324,13614.0,13600.0,58.70627758791925,606.7862611919027,670.0678309063007,14753.874376874996,11639.525623125006,13196.7,11740.72,-0.018382352941176516,0
2013-01-30,13750.0,13750.0,13300.0,13556.0,9318847251,695562,136,13620.0,13421.0,55.994762690873564,546.8199563332,645.4182559916807,14743.34930550724,11777.15069449276,13260.25,11829.94,-0.01274122643618214,0
2013-02-02,13649.0,13900.0,13500.0,13616.0,83644783210,6143220,191,13556.0,13599.0,58.068799238150554,507.80567239736774,617.8957392728181,14768.530915492292,11850.869084507709,13309.7,11924.52,-0.038164570924332675,0
2013-02-03,13740.0,13740.0,13350.0,13580.0,12908742721,954371,175,13616.0,13503.0,56.521543975679776,463.7938468362754,587.0753607855096,14781.393132349996,11922.706867650002,13352.05,12017.0,-0.00014811523365176882,0
2013-02-04,13390.0,13588.0,13038.0,13362.0,18228419010,1380762,179,13580.0,13110.0,50.57994328309487,392.6758200082277,548.1954526300532,14749.51408190732,12030.585918092678,13390.05,12104.2,0.033562166285278305,0
2013-02-05,13200.0,13369.0,12911.0,13285.0,12293277335,933913,272,13362.0,13350.0,53.77562740365075,351.62692924541807,508.8817479531262,14662.370452485316,12251.029547514685,13456.7,12195.2,0.002172284644194722,0
2013-02-06,13250.0,13798.0,13250.0,13356.0,13296910538,988034,278,13285.0,13250.0,52.25928421826474,307.48176492418133,468.60175134733726,14540.00860379456,12494.391396205441,13517.2,12283.2,-0.0018867924528301883,0
2013-02-09,13411.0,13610.0,13000.0,13265.0,11589490928,884060,284,13356.0,13080.0,49.69392086413426,255.82977846253925,426.0473567703777,14440.48900253039,12671.910997469611,13556.2,12361.74,0.024464831804281273,0
2013-02-11,13300.0,13560.0,13300.0,13371.0,14460096850,1070919,217,13265.0,13501.0,55.51752956462756,246.03030441466944,390.0439462992361,14368.707566285746,12834.592433714253,13601.65,12443.64,-0.007480927338715637,0
2013-02-12,13501.0,13899.0,13481.0,13531.0,19497657188,1429554,347,13371.0,13550.0,56.15374310545325,239.45772156332168,359.9267013520532,14321.873200071534,12952.026799928468,13636.95,12523.44,-0.03690036900369009,0
2013-02-13,13441.0,13498.0,13333.0,13500.0,6706760372,501223,164,13531.0,13379.0,53.28930915087866,217.93837349957903,331.5290357815584,14320.373446958209,12958.126553041791,13639.25,12591.04,-0.041482920995590145,0
2013-02-16,13499.0,13499.0,13200.0,13460.0,6509374323,489311,145,13500.0,13225.0,50.77720198661783,186.30995694251942,302.48522001375056,14312.263662820738,12910.636337179263,13611.45,12654.54,-0.03591682419659736,0
2013-02-17,13399.0,13659.0,13120.0,13361.0,22466791572,1686819,291,13460.0,13400.0,53.46197767736628,173.3667820679857,276.6615324245976,14195.238504382838,12937.161495617163,13566.2,12720.52,-0.02985074626865669,0
2013-02-18,13598.0,13598.0,13212.0,13371.0,6779266991,505567,191,13361.0,13400.0,53.46197767736628,161.25042816835958,253.57931157335003,14118.537650160879,12945.862349839123,13532.2,12786.52,-0.036791044776119386,0
2013-02-19,13380.0,13598.0,13020.0,13358.0,8975093996,673594,184,13371.0,13050.0,47.45785966278322,121.99971866673513,227.26339299202704,14065.649946205487,12903.750053794514,13484.7,12841.94,-0.03601532567049803,0
2013-02-24,13200.0,13200.0,12824.0,13278.0,4624851140,360625,96,13358.0,12824.0,44.02006482081105,71.82893807524306,196.17650200867027,14099.694746254754,12803.005253745247,13451.35,12885.54,-0.4315346225826575,0
2013-02-25,12747.0,12820.0,12747.0,12748.0,46071273338,3614025,366,13278.0,12750.0,42.92364625988274,25.799649143727947,162.10113143568182,14074.743504076569,12712.35649592343,13393.55,12919.7,-0.40541176470588236,0
2013-02-26,12600.0,13149.0,12300.0,12906.0,20342672924,1565945,253,12748.0,13000.0,47.666086688043976,9.385822782642208,131.5580697050739,13904.115854977514,12756.984145022485,13330.55,12959.7,-0.395,0
2013-02-27,13010.0,13200.0,12906.0,12915.0,362451219311,28064025,282,12906.0,12907.0,46.13054410823162,-10.999777047640237,103.04650035453109,13832.943956382076,12733.856043617923,13283.4,12996.64,-0.36631285349035403,0
2013-03-02,12399.0,12585.0,12399.0,12410.0,448712374252,36156712,1420,12915.0,12580.0,41.115163727510435,-52.93151734717867,71.85089681418914,13806.748584414923,12641.151415585078,13223.95,13032.24,-0.3402225755166932,0
2013-03-09,7265.0,7399.0,7265.0,7290.0,7828102198,1073825,131,7846.0,7290.0,14.206438629590878,-507.17511425026714,-43.95430539870211,15545.790135438714,10271.109864561287,12908.45,12953.6,0.13854595336076825,1
2013-03-10,7300.0,7581.0,7300.0,7563.0,17405177330,2297812,203,7290.0,7581.0,17.408633446227284,-834.0705236273279,-201.9775490444273,16114.779628550712,9118.12037144929,12616.45,12872.12,0.1594776414721013,1
2013-03-11,7865.0,7865.0,7865.0,7865.0,21826932270,2775198,322,7563.0,7865.0,20.526278290440814,-1058.0248127560517,-373.1870017867522,16358.608045401405,8300.891954598595,12329.75,12788.88,0.12943420216147494,1
2013-03-12,8000.0,8179.0,7869.0,8021.0,72098810287,8989143,995,7865.0,8179.0,23.944638420884502,-1196.3818790220757,-537.825977233817,16436.04235448108,7691.057645518918,12063.55,12702.46,0.11431715368626971,1
2013-03-13,8340.0,8341.0,8290.0,8340.0,96268333151,11542451,950,8021.0,8300.0,25.278407931917968,-1281.494886734521,-686.5597591339579,16459.986336633854,7186.113663366144,11823.05,12621.5,0.09819277108433733,1
2013-03-16,8590.0,8670.0,8223.0,8517.0,49965479819,5866480,1145,8340.0,8300.0,25.278407931917968,-1333.5749368028555,-815.9627946677374,16393.64180816572,6747.458191834278,11570.55,12534.24,0.12650602409638556,1
2013-03-17,8400.0,8790.0,8255.0,8542.0,8298065065,967335,377,8517.0,8790.0,30.96437436625689,-1320.092640568042,-916.7887638477985,16251.169050252087,6443.930949747913,11347.55,12446.86,0.055745164960182114,1
2013-03-18,8881.0,8883.0,8800.0,8764.0,15593997387,1763243,361,8542.0,8883.0,32.02167905990969,-1287.0669937679086,-990.8444098318205,16085.81645376249,6189.583546237511,11137.7,12362.02,0.0513340087808174,1
2013-03-25,9114.0,9114.0,9114.0,8765.0,65593458,7197,6,8764.0,9114.0,34.69698730135504,-1228.0974187106222,-1038.2950116075808,15816.659270553973,6020.040729446028,10918.35,12289.5,0.014922097871406637,0
2013-03-26,9115.0,9115.0,9115.0,9115.0,23514138685,2579719,81,8765.0,9115.0,34.708966551683275,-1167.8210004325701,-1064.2002093725787,15498.895217913501,5894.3047820864995,10696.6,12216.6,-0.008008776741634693,0
2013-03-27,9479.0,9479.0,9260.0,9420.0,46810822368,4969164,1058,9115.0,9350.0,37.6056066285909,-1088.54094622119,-1069.0683567423011,15166.693996367238,5823.606003632761,10495.15,12151.6,-0.04598930481283425,0
2013-03-30,9450.0,9450.0,9211.0,9386.0,11923552021,1274503,388,9420.0,9280.0,37.07792583771202,-1019.6059641898082,-1059.1758782318027,14822.565154461123,5773.2348455388765,10297.9,12094.2,-0.030172413793103425,0
2013-03-31,9399.0,9500.0,9200.0,9378.0,7251088093,774700,381,9386.0,9339.0,37.869267111307416,-949.2710812399819,-1037.1949188334386,14403.790764270798,5785.909235729203,10094.85,12028.78,-0.0362993896562801,0
2013-04-03,9300.0,9370.0,9100.0,9319.0,7307815981,794467,369,9378.0,9250.0,37.11106175955817,-890.4472147551878,-1007.8453780177884,13931.19674660088,5843.503253399122,9887.35,11960.66,-0.05945945945945941,0
2013-04-06,9377.0,9377.0,9003.0,9241.0,7488032608,823691,291,9319.0,9042.0,35.33069242233513,-850.8051858596355,-976.4373395861579,13473.04405456262,5900.855945437381,9686.95,11894.5,-0.037270515372705204,0
2013-04-07,9100.0,9100.0,8901.0,9140.0,6965637729,780025,322,9241.0,8920.0,34.2915501250269,-819.7830243504759,-945.1064765390215,13003.376681467484,5980.123318532516,9491.75,11832.56,-0.018385650224215233,0
2013-04-08,8801.0,9100.0,8800.0,8988.0,18599937299,2074927,515,9140.0,9000.0,35.62854891050762,-779.7538889874522,-912.0359590287077,12484.819438008584,6123.680561991416,9304.25,11771.76,-0.022222222222222254,0
2013-04-09,9092.0,9230.0,8950.0,9043.0,18038976211,1992227,430,8988.0,9000.0,35.62854891050762,-739.505946592064,-877.529956541379,11795.499143054976,6413.000856945024,9104.25,11705.76,-0.04555555555555557,0
2013-04-10,9103.0,9103.0,8700.0,8903.0,21623923445,2428708,371,9043.0,8700.0,32.73198712317969,-723.4768641273931,-846.7193380585819,10944.835289080092,6842.964710919906,8893.9,11627.92,-0.045057471264367766,0
2013-04-13,8754.0,8800.0,8560.0,8776.0,10092766394,1167784,240,8903.0,8705.0,32.83000232276875,-702.2748551977802,-817.8304414864217,9860.257456227206,7540.0425437727945,8700.15,11545.14,-0.0252728317059161,0
2013-04-15,8680.0,8920.0,8680.0,8792.0,5250567277,593822,257,8776.0,8756.0,33.88815650434934,-673.5920863190495,-788.9827704529473,9736.402226226199,7810.497773773803,8773.45,11453.6,-0.002740977615349527,0
2013-04-16,8750.0,8820.0,8520.0,8753.0,5781506402,668350,337,8792.0,8800.0,34.841851574367,-639.9335968976047,-759.1729357418789,9626.972368931709,8041.82763106829,8834.4,11353.98,0.016022727272727355,0
2013-04-17,8800.0,8800.0,8490.0,8654.0,10010024103,1170819,228,8753.0,8590.0,32.4368248447952,-623.0224317167267,-731.9428349368485,9539.166050662987,8202.133949337012,8870.65,11239.68,0.024097788125727604,0
2013-04-20,8511.0,8650.0,8308.0,8483.0,11801614074,1411145,302,8654.0,8308.0,29.492752458821656,-625.1686990910621,-710.5880077676912,9520.828483130925,8233.371516869076,8877.1,11124.24,0.05320173326913813,1
2013-04-21,8200.0,8700.0,8175.0,8397.0,12264145904,1469994,356,8483.0,8485.0,33.56837420379247,-605.6061598647884,-689.5916381871108,9501.316429973253,8271.383570026748,8886.35,11013.94,0.0229817324690631,0
2013-04-22,8421.0,8732.0,8421.0,8598.0,13362190393,1533804,268,8397.0,8732.0,38.878023868233974,-563.6741857146899,-664.4081476926266,9466.806860022365,8349.093139977636,8907.95,10918.76,0.013513513513513598,0
2013-04-23,8939.0,8941.0,8801.0,8761.0,10910626837,1223349,364,8598.0,8941.0,43.027473355405185,-507.7254972983483,-633.071617613771,9471.85330500866,8359.14669499134,8915.5,10819.46,-0.010177832457219593,0
2013-04-24,8950.0,9050.0,8600.0,8775.0,12610308760,1435556,376,8761.0,8797.0,40.96401141459439,-469.5921887408349,-600.3757318391838,9469.816362089457,8352.583637910544,8911.2,10710.2,0.006138456291917782,0
2013-04-27,8890.0,8890.0,8680.0,8747.0,9161914049,1051815,239,8775.0,8750.0,40.28494316805333,-438.1134747571323,-567.9232804227736,9447.706048276066,8338.293951723934,8893.0,10608.2,0.059085714285714186,1
2013-04-28,8690.0,8783.0,8606.0,8723.0,7547578044,869493,252,8747.0,8680.0,39.24156410086641,-414.04196408890857,-537.1470171560006,9423.539371610606,8318.960628389394,8871.25,10506.42,0.10794930875576036,1
2013-04-29,8611.0,9000.0,8611.0,8782.0,9473251055,1069724,340,8723.0,8850.0,43.09614045247126,-376.90283790623835,-505.0981813060482,9352.978280239051,8339.521719760949,8846.25,10411.42,0.10553672316384177,1
2013-04-30,8951.0,8999.0,8700.0,8819.0,8982447898,1012708,325,8782.0,8850.0,43.09614045247126,-343.5100428866954,-472.7805536221777,9290.90399815299,8358.59600184701,8824.75,10320.0,0.13344632768361575,1
2013-05-01,8862.0,9050.0,8851.0,8911.0,15413497358,1722745,333,8819.0,8851.0,43.12075797324134,-313.3531802031612,-440.8950789383744,9203.047541579292,8397.652458420709,8800.35,10225.04,0.12868602417805897,1
2013-05-04,9090.0,9267.0,9090.0,9249.0,22200767845,2400355,158,8911.0,9267.0,52.354940894543304,-252.969846987251,-403.31003254814976,9207.743773773509,8394.656226226492,8801.2,10140.32,0.13855616704435092,1
2013-05-05,9618.0,9618.0,9438.0,9615.0,104683196753,10887253,1050,9249.0,9617.0,58.46466730840233,-174.8578925076945,-357.61960454005873,9362.378953001262,8297.52104699874,8829.95,10070.46,0.11240511594052194,1
2013-05-06,9600.0,9796.0,9500.0,9646.0,10128407684,1045660,525,9615.0,9784.0,61.032349255999776,-98.34444791536043,-305.76457321511907,9548.750555057528,8197.549444942471,8873.15,9999.14,0.05376124284546191,1
2013-05-07,9800.0,10031.0,9760.0,9876.0,21246932432,2145322,609,9646.0,10031.0,64.52540960833926,-17.57357881406824,-248.12637433490892,9767.737152202717,8081.662847797285,8924.7,9934.76,0.0031901106569633964,0
2013-05-08,10268.0,10268.0,9933.0,10146.0,25413565707,2504727,494,9876.0,9990.0,63.50775544013911,42.63805457086346,-189.97348855375444,9936.878264008328,8011.521735991673,8974.2,9872.96,0.0009009009009008917,0
2013-05-11,10490.0,10551.0,10151.0,10376.0,16555707808,1577396,432,10146.0,10551.0,70.38924704631859,134.07864420782425,-125.16306200143872,10239.230255694794,7894.269744305206,9066.75,9813.96,-0.0786655293337124,0
2013-05-12,10791.0,10791.0,10000.0,10739.0,43262036908,4028457,714,10376.0,10698.0,71.88532502929293,215.91866578427107,-56.94671644429677,10523.239032455278,7809.560967544721,9166.4,9756.92,-0.10170125257057394,0
2013-05-13,10449.0,10690.0,10310.0,10482.0,16329050724,1577932,369,10739.0,10310.0,62.85790304831424,246.62616228109437,3.76785930078146,10674.044600323457,7814.155399676543,9244.1,9695.54,-0.04946653734238604,0
2013-05-14,10064.0,10099.0,10063.0,10160.0,18576858645,1846021,258,10482.0,10063.0,57.875190351590454,248.17048389790943,52.648384220207056,10764.461154910037,7850.038845089964,9307.25,9632.3,-0.07582231938785655,0
2013-05-15,10566.0,10566.0,9754.0,10126.0,43372512495,4283396,681,10160.0,9999.0,56.62272864629857,241.44685571851733,90.40807851986912,10825.603878023081,7929.79612197692,9377.7,9564.28,0.00010001000100001711,0
2013-05-18,9721.0,9721.0,9721.0,9948.0,10230740077,1052437,112,10126.0,9721.0,51.41757972931156,211.25088656692787,114.57664012928088,10816.260563594824,8080.439436405177,9448.35,9490.7,0.004320543153996548,0
2013-05-19,9551.0,9840.0,9551.0,9559.0,28110027360,2940781,327,9948.0,9610.0,49.46242715222856,176.33095761264303,126.9275036259533,10800.030646539728,8209.169353460273,9504.6,9421.9,0.007284079084287187,0
2013-05-20,9500.0,9941.0,9268.0,9670.0,8661755979,878160,318,9559.0,9800.0,52.7727972708627,162.11926447053702,133.96585579487007,10808.921420391529,8307.078579608471,9558.0,9361.42,-0.005102040816326481,0
2013-05-21,9938.0,9938.0,9284.0,9350.0,19990764468,2146768,344,9670.0,9300.0,44.5101001894183,109.25119418004942,129.02292347190595,10800.976771133746,8350.923228866255,9575.95,9292.42,0.06322580645161291,1
2013-05-25,10006.0,10299.0,9970.0,10025.0,14300403367,1426524,454,9350.0,10000.0,55.10747843107667,122.42576937490776,127.70349265250631,10819.66645778528,8452.53354221472,9636.1,9232.42,-0.010099999999999998,0
2013-05-26,10210.0,10210.0,9762.0,9914.0,19195336138,1941213,690,10025.0,9763.0,51.51995335569461,112.44658162871747,124.65211044774856,10798.844397969175,8574.655602030825,9686.75,9169.54,0.008911195329304622,0
2013-05-27,9800.0,9850.0,9601.0,9736.0,18010033202,1859718,439,9914.0,9680.0,50.28531431764035,96.72560454405175,119.0668092670092,10748.705507912498,8724.794492087502,9736.75,9111.54,0.022727272727272707,0
2013-05-28,9729.0,9780.0,9406.0,9663.0,105920250934,10961721,600,9736.0,9750.0,51.34433057409147,88.89035919801427,113.03151925321023,10708.42359409582,8855.07640590418,9781.75,9160.74,0.00512820512820511,0
2013-05-29,9799.0,9999.0,9710.0,9745.0,9866209609,1000650,381,9663.0,9888.0,53.449597181856454,92.74718567393211,108.97465253735461,10656.19222383686,9011.107776163139,9833.65,9206.88,-0.013450647249190983,0
2013-06-01,9998.0,9998.0,9750.0,9776.0,6471957418,656594,232,9745.0,9899.0,53.62185751489734,95.58946071148603,106.2976141721809,10574.037347263387,9198.062652736611,9886.05,9247.56,-0.009798969592888174,0
2013-06-02,9900.0,10148.0,9802.0,9843.0,9975227139,1003891,313,9776.0,9850.0,52.686560041185565,92.81814388094972,103.60172011393468,10542.530088545518,9287.869911454483,9915.2,9280.98,0.014923857868020196,0
2013-06-03,10095.0,10095.0,9800.0,9849.0,6842345567,693779,237,9843.0,9900.0,53.576386783976055,93.57773161906698,101.59692241496114,10541.725464886154,9316.974535113846,9929.35,9312.98,0.016161616161616266,0
2013-06-08,10000.0,10000.0,9600.0,9816.0,5391563823,555398,212,9849.0,9800.0,51.49062931345129,85.12922934415474,98.30338380079988,10541.805221505165,9318.494778494834,9930.15,9342.98,0.051224489795918426,1
2013-06-09,9670.0,9843.0,9662.0,9802.0,4129139085,424187,179,9816.0,9755.0,50.537177893264264,73.9501551476369,93.43273807016729,10530.729125617503,9301.970874382498,9916.35,9362.28,0.0768836494105587,1
2013-06-10,9800.0,9930.0,9701.0,9804.0,4191128191,427059,160,9802.0,9802.0,51.546353772792294,68.09817217147429,88.36582489042868,10522.286160155181,9291.61383984482,9906.95,9380.66,0.11456845541726168,1
2013-06-11,9749.0,9999.0,9724.0,9835.0,6540331213,659525,213,9804.0,9997.0,55.59441440544239,78.29279323378069,86.35121855909908,10421.680778988904,9336.819221011096,9879.25,9398.32,0.06832049614884461,1
2013-06-12,10090.0,10090.0,9950.0,9906.0,10169483732,1016714,320,9835.0,10060.0,56.84872418069528,90.41344741953435,87.16366433118614,10250.617293484725,9444.082706515275,9847.35,9417.22,0.06361829025844923,1
2013-06-15,10302.0,10302.0,10296.0,10101.0,12208495012,1185115,142,9906.0,10302.0,61.36339102767784,118.1841770816518,93.36776688127927,10248.392635994853,9445.507364005149,9846.95,9436.26,0.008542030673655665,0
2013-06-16,10505.0,10505.0,10505.0,10505.0,27641134180,2631236,114,10101.0,10505.0,64.69976706637993,154.7887752262559,105.65196855027459,10355.334885632388,9382.76511436761,9869.05,9460.76,-0.00361732508329371,0
2013-06-17,10925.0,10925.0,10510.0,10911.0,77512591547,7104202,846,10505.0,10925.0,70.3957424152234,215.20789029423577,127.56315289906684,10584.324521184872,9246.37547881513,9915.35,9492.48,-0.06636155606407323,0
2013-06-18,11310.0,11310.0,10660.0,10901.0,23786121835,2182104,546,10911.0,10680.0,63.91676056718404,240.5481326945719,150.16014885816787,10703.3767797969,9223.2232202031,9963.3,9521.08,-0.027153558052434468,0
2013-06-19,11090.0,11090.0,10610.0,10822.0,12766125773,1188532,286,10901.0,10700.0,64.20637132680685,259.255751296605,171.9792693458553,10804.82848740981,9230.771512590189,10017.8,9554.24,-0.009345794392523366,0
2013-06-22,10660.0,10660.0,10390.0,10689.0,10364776681,987230,220,10822.0,10390.0,56.62059577014665,246.2288912121985,186.82919371912396,10843.636637355452,9250.963362644547,10047.3,9583.64,0.05957651588065449,1
2013-06-23,10270.0,10580.0,10262.0,10403.0,19698148942,1907029,375,10689.0,10467.0,57.94953873247662,239.3590846935058,197.33517191400034,10843.261896592385,9368.038103407614,10105.65,9612.98,0.05617655488678697,1
2013-06-25,10450.0,10450.0,9988.0,10277.0,9943170140,984784,265,10403.0,10200.0,52.00063888446253,209.9498734928966,199.8581122297796,10852.684130820697,9378.615869179303,10115.65,9636.98,0.05882352941176472,1
2013-06-26,10300.0,10489.0,10250.0,10339.0,13415571438,1291009,352,10277.0,10390.0,55.50138182703321,199.6725727118719,199.82100432619808,10874.646342665608,9419.353657334392,10147.0,9670.78,0.10394610202117427,1
2013-06-29,10720.0,10720.0,10401.0,10586.0,26022429827,2458148,470,10339.0,10600.0,59.05579255618399,206.09722226848316,201.0762479146551,10913.020277488527,9472.979722511473,10193.0,9708.68,0.12188679245283018,1
2013-06-30,10680.0,11009.0,10600.0,10915.0,52924193753,4848797,623,10586.0,11009.0,64.93111540149488,241.40887394653146,209.1427731210304,11028.283988631012,9483.61601136899,10255.95,9753.74,-0.09074393677899895,0
2013-07-01,11289.0,11337.0,11052.0,11064.0,13301611079,1185833,414,10915.0,11055.0,65.5302123152774,269.9931153017369,221.31284155717168,11141.040370367089,9487.55962963291,10314.3,9798.84,-0.10719131614653998,0
2013-07-02,11064.0,11300.0,10707.0,11029.0,75275452931,6825320,528,11064.0,10800.0,59.46553761243543,268.96945123186197,230.84416349210974,11188.848468952616,9529.851531047385,10359.35,9843.04,-0.09490740740740744,0
2013-07-03,10980.0,11470.0,10720.0,11435.0,38727184317,3386735,541,11029.0,11470.0,67.87745790133894,318.5495497385782,248.38524074140344,11365.90113850871,9514.79886149129,10440.35,9906.28,-0.15928509154315607,0
2013-07-06,11892.0,11892.0,11670.0,11870.0,39615691293,3337421,580,11435.0,11892.0,71.84121453640094,387.4279796257342,276.1937885182696,11626.24010397537,9453.659896024632,10539.95,9974.42,-0.17070299360914898,0
2013-07-16,10178.0,10200.0,10003.0,10085.0,26557585310,2633476,407,10730.0,10010.0,45.10833568522355,286.8463736441536,278.3243055434464,11611.69897643994,9489.201023560061,10550.45,9999.98,-0.004995004995005048,0
2013-07-17,10100.0,10100.0,9800.0,10045.0,10251928994,1026159,512,10085.0,9870.0,43.80257144435326,193.60612538343958,261.38066951144503,11601.27006463434,9511.129935365661,10556.2,10018.56,0.008611955420466,0
2013-07-20,9772.0,10000.0,9770.0,9909.0,17214061914,1746303,565,10045.0,9775.0,42.895175836572776,110.76996363634498,231.25852833642506,11603.875886236761,9505.82411376324,10554.85,10038.12,-0.011457800511508909,0
2013-07-21,9790.0,9790.0,9641.0,9791.0,12565219553,1296695,559,9909.0,9643.0,41.60549349624276,34.077586613562744,191.8223399918526,11634.080676932146,9440.219323067853,10537.15,10055.98,0.00279995851913295,0
2013-07-22,9603.0,10000.0,9603.0,9825.0,9364472724,948058,397,9791.0,9862.0,44.582476022392264,-8.927296656293038,151.67241266222348,11644.611154683127,9409.888845316873,10527.25,10079.62,0.003853173798418208,0
2013-07-23,9870.0,10099.0,9863.0,9973.0,19273530913,1925464,335,9825.0,9960.0,45.911329937531946,-34.70118187733351,114.39769375431209,11650.997627860444,9369.302372139555,10510.15,10101.82,0.027911646586345373,0
2013-07-24,10100.0,10100.0,9870.0,9964.0,22078180272,2216080,469,9973.0,9955.0,45.850920221983685,-54.89780212883488,80.5385945776827,11648.900963555781,9316.399036444218,10482.65,10123.92,-0.0035158211953791874,0
2013-07-27,9640.0,9993.0,9600.0,9774.0,25477293978,2606682,459,9964.0,9663.0,42.346605889352745,-93.3891963187125,45.753036398403665,11619.318890242932,9219.781109757067,10419.55,10140.16,0.04004967401428128,0
2013-07-28,9800.0,9800.0,9500.0,9745.0,4380753494,455397,229,9774.0,9670.0,42.460139297921565,-121.9236026347844,12.217708591766048,11605.190198357264,9132.909801642734,10369.05,10148.22,0.015822130299896653,0
2013-07-29,9699.0,10134.0,9610.0,9845.0,11043382276,1108534,367,9745.0,9900.0,46.208383451627874,-124.54259786663897,-15.134352699914956,11571.52277233536,9086.577227664638,10329.05,10153.88,0.017878787878787827,0
2013-07-31,10000.0,10238.0,9896.0,10160.0,28538314800,2808803,511,9845.0,10238.0,51.23568296207173,-98.21226538029623,-31.749935235991213,11564.197999392763,9078.702000607238,10321.45,10162.96,-0.033014260597773015,0
2013-08-03,10498.0,10498.0,9881.0,10135.0,7088925786,703598,379,10160.0,9920.0,46.80372450032502,-101.83138077840158,-45.76622434447329,11546.867320772179,9041.332679227822,10294.1,10160.74,0.002016129032258007,0
2013-08-04,10000.0,10050.0,9781.0,10081.0,4819090637,488160,247,10135.0,10050.0,48.75524660524937,-93.1360281042289,-55.24018509642441,11543.320716784241,9029.87928321576,10286.6,10161.94,-0.027860696517412964,0
2013-08-05,9921.0,10000.0,9810.0,9986.0,175689809125,17593672,190,10081.0,9823.0,45.60888325127806,-103.37031272583954,-64.86621062230745,11529.85479316283,8986.64520683717,10258.25,10147.38,-0.007431538226611023,0
2013-08-06,9848.0,10099.0,9820.0,9991.0,174094968659,17426022,184,9986.0,10077.0,49.53338256337913,-89.94850936413059,-69.88267037067209,11496.004727420019,8968.195272579982,10232.1,10134.96,-0.032450133968442985,0
2013-08-07,10100.0,10230.0,9857.0,9989.0,4716446753,472585,261,9991.0,9900.0,46.98903164214378,-92.52745534154565,-74.41162736484681,11395.870943879592,8957.429056120407,10176.65,10126.76,-0.023434343434343474,0
2013-08-11,9950.0,10100.0,9890.0,9985.0,5306967126,532242,280,9989.0,9940.0,47.643548201066636,-90.30266993534315,-77.58983587894608,11274.576020377739,8967.22397962226,10120.9,10124.3,-0.028973843058350046,0
2013-08-12,9980.0,9980.0,9750.0,9939.0,6961354178,708301,301,9985.0,9770.0,45.09519965108227,-101.09176775173546,-82.29022225350396,11188.663221943165,8950.136778056834,10069.4,10119.72,-0.012589559877175027,0
2013-08-13,9800.0,9802.0,9680.0,9773.0,20175701558,2069947,348,9939.0,9750.0,44.79165846184331,-109.98816327452914,-87.829810457709,10906.02308663644,9060.77691336356,9983.4,10120.3,-0.015179487179487139,0
2013-08-14,9780.0,9780.0,9690.0,9702.0,28463544957,2933824,308,9773.0,9750.0,44.79165846184332,-115.70484736475737,-93.40481783911869,10172.435171829522,9580.164828170477,9876.3,10123.1,-0.03076923076923077,0
2013-08-17,9770.0,9998.0,9580.0,9703.0,8984156091,925853,320,9702.0,9668.0,43.402489158701755,-125.40646769340128,-99.80514780997521,10161.90289062791,9556.49710937209,9859.2,10120.46,-0.02151427389325611,0
2013-08-18,9879.0,9879.0,9550.0,9687.0,6669258010,691285,217,9703.0,9652.0,43.12146583614897,-132.85467202275686,-106.41505265253156,10164.079733349827,9532.520266650172,9848.3,10127.5,-0.005491089929548276,0
2013-08-19,9700.0,9749.0,9500.0,9677.0,8792758757,910270,193,9687.0,9647.0,43.02770733888734,-137.57500678766155,-112.64704347955757,10168.370151766565,9515.429848233434,9841.9,10120.44,-0.025603814657406465,0
2013-08-20,9700.0,9750.0,9491.0,9613.0,12799699360,1338658,249,9677.0,9602.0,42.13966155140905,-143.29521201044736,-118.77667718573552,10171.759791953302,9507.940208046699,9839.85,10117.22,-0.031347635909185545,0
2013-08-21,9470.0,9500.0,9387.0,9489.0,14483620683,1537619,256,9613.0,9450.0,39.196902786971904,-158.2692165353037,-126.67518505564917,10191.761946109751,9446.738053890249,9819.25,10112.62,-0.028359788359788363,0
2013-08-24,9389.0,9540.0,9382.0,9457.0,10320300524,1095779,310,9489.0,9460.0,39.49625808511706,-167.39962786919023,-134.82007361835738,10191.88695753094,9396.61304246906,9794.25,10106.82,-0.011627906976744207,0
2013-08-25,9550.0,9698.0,9450.0,9591.0,42090019257,4388413,331,9457.0,9599.0,43.64924417069245,-161.55707688725852,-140.1674742721376,10175.579289822803,9377.320710177199,9776.45,10101.04,-0.009271799145744386,0
2013-08-26,9680.0,9680.0,9400.0,9577.0,4209756272,442353,189,9591.0,9400.0,39.47199590155499,-171.0131172645215,-146.3366028706144,10192.69636700192,9333.903632998079,9763.3,10091.06,0.00031914893617024376,0
2013-08-27,9650.0,9650.0,9300.0,9555.0,3253432170,345217,207,9577.0,9301.0,37.546891238086864,-184.3702643719007,-153.94333517087165,10218.160585128244,9271.539414871757,9744.85,10080.08,-0.02161057950757983,0
2013-08-28,9173.0,9200.0,9173.0,9406.0,8646672621,942472,345,9555.0,9182.0,35.317184321005186,-202.22705752586444,-163.60007964187022,10235.650474647997,9182.249525352005,9708.95,10065.72,-0.019821389675451995,0
2013-08-31,9100.0,9390.0,9100.0,9378.0,4556596447,491699,164,9406.0,9350.0,40.67353804531812,-200.51113127867575,-170.98228996923135,10153.751584210848,9175.34841578915,9664.55,10056.72,-0.025561497326203164,0
2013-09-01,9379.0,9700.0,9151.0,9400.0,3066651502,321432,169,9378.0,9510.0,45.31784916749863,-184.11818471716106,-173.6094689188173,10122.968980616131,9165.131019383867,9644.05,10051.82,-0.03680336487907465,0
2013-09-03,9440.0,9500.0,9400.0,9401.0,1867104934,198312,129,9400.0,9403.0,42.899212384406944,-177.71210767076445,-174.42999666920673,10063.185592233442,9160.21440776656,9611.7,10043.84,0.02286504307136017,0
2013-09-04,9401.0,9401.0,9050.0,9331.0,4960130607,545525,193,9401.0,9100.0,36.8943297558456,-194.83883240454634,-178.51176381627465,10067.53555872542,9083.564441274579,9575.55,10025.9,0.06593406593406592,1
2013-09-07,9054.0,9142.0,9000.0,9273.0,4369453599,483305,172,9331.0,9000.0,35.14580895485577,-214.01402890646204,-185.61221683431214,10018.098670419593,9025.301329580408,9521.7,10004.7,0.07111111111111112,1
2013-09-08,9000.0,9120.0,9000.0,9252.0,2443239912,268849,99,9273.0,9111.0,38.62296927282005,-217.7437238420771,-192.03851823586513,9977.526841770663,8986.973158229337,9482.25,9980.88,0.05882998573153331,1
2013-09-09,9094.0,9298.0,9094.0,9249.0,1338375261,145384,86,9252.0,9160.0,40.14849497279903,-214.27560763673682,-196.48593611603948,9910.237312455385,8976.262687544615,9443.25,9953.98,0.04574235807860272,0
2013-09-10,9300.0,9618.0,9204.0,9336.0,5668173338,590186,171,9249.0,9618.0,52.12602402230571,-172.58092277344622,-191.70493344752083,9885.761663917188,8985.538336082811,9435.65,9927.84,-0.008109794135994997,0
2013-09-11,9650.0,9709.0,9520.0,9485.0,9771501804,1008236,266,9336.0,9700.0,53.90464093335168,-131.4061021794314,-179.64516719390298,9876.758509830795,8989.541490169204,9433.15,9908.24,-0.003092783505154628,0
2013-09-14,9710.0,9799.0,9602.0,9496.0,1372479292,141855,147,9485.0,9640.0,52.37143848563413,-102.43544670344454,-164.20322309581132,9857.936079247627,8997.363920752372,9427.65,9887.04,0.007261410788381717,0
2013-09-15,9551.0,9850.0,9450.0,9526.0,4044070858,418306,195,9496.0,9647.0,52.541037397003635,-78.01187963019584,-146.96495440268825,9854.631494161698,8998.568505838302,9426.6,9872.18,0.00497564009536644,0
2013-09-16,9779.0,9779.0,9507.0,9535.0,2828270423,294598,122,9526.0,9579.0,50.65406538830847,-63.412083437418914,-130.2543802096344,9844.425728831797,9001.474271168205,9422.95,9854.42,0.019939450882138,0
2013-09-17,9520.0,9670.0,9500.0,9537.0,1597652232,166993,152,9535.0,9540.0,49.554823855888436,-54.36196296230992,-115.07589676016951,9830.18666967595,9005.013330324051,9417.6,9841.22,0.0366876310272537,0
2013-09-18,9601.0,9675.0,9601.0,9556.0,4049243091,419729,156,9537.0,9670.0,53.20054188018278,-36.281532812725345,-99.31702397068068,9840.668917117164,9001.331082882836,9421.0,9826.82,0.020682523267838704,0
2013-09-21,9700.0,9710.0,9651.0,9570.0,2693051224,278248,141,9556.0,9710.0,54.29507216459429,-18.511605683419475,-83.15594031322844,9872.157505920302,8995.842494079698,9434.0,9809.02,0.032955715756951554,0
2013-09-22,9720.0,9730.0,9661.0,9585.0,3566376205,367932,160,9570.0,9695.0,53.787052347597886,-5.57492083073339,-67.63973641672943,9898.429522393388,8993.070477606612,9445.75,9782.74,0.05033522434244464,1
2013-09-23,9701.0,9840.0,9701.0,9604.0,2755966403,281491,165,9585.0,9770.0,56.00367286739312,10.60709631403006,-51.99036987057754,9924.360464189776,8984.239535810222,9454.3,9757.04,0.06693961105424773,1
2013-09-24,9800.0,9890.0,9702.0,9626.0,3552543000,363132,128,9604.0,9890.0,59.36229766151148,32.737085856917474,-35.04487872507854,9984.69825063378,8972.901749366218,9478.8,9738.84,0.08533872598584424,1
2013-09-25,9899.0,9899.0,9700.0,9645.0,2803920659,285379,135,9626.0,9870.0,58.55991973457894,48.10688295340333,-18.414526389382168,10033.53922656115,8980.96077343885,9507.25,9706.84,0.10000000000000009,1
2013-09-28,9952.0,10030.0,9952.0,9792.0,11906404193,1188880,262,9645.0,10030.0,62.8823091518362,72.36405295260556,-0.2588105209846212,10100.363455432454,8998.936544567545,9549.65,9669.6,0.10667996011964109,1
2013-09-29,10183.0,10183.0,10000.0,10024.0,18173072616,1784702,194,9792.0,10183.0,66.48254139092708,102.74942485565407,20.34283655434312,10198.425061247166,8984.174938752833,9591.3,9673.06,0.0930963370323088,1
2013-09-30,10424.0,10424.0,10424.0,10322.0,23286924128,2233972,159,10024.0,10424.0,71.21817589530482,144.60976552208194,45.19622234789088,10342.409668203092,8931.590331796908,9637.0,9684.14,0.05525709900230247,1
2013-10-01,10734.0,10734.0,10734.0,10440.0,9247899168,861552,88,10322.0,10734.0,75.92930548248894,200.48769891575284,76.25451766146328,10545.938146874367,8861.161853125632,9703.55,9703.32,0.043413452580585155,0
2013-10-02,10857.0,10857.0,10600.0,10841.0,80246375513,7402460,933,10440.0,10857.0,77.50279347051477,251.79391227072847,111.36239658331633,10725.199850071991,8857.600149928008,9791.4,9727.6,0.05655337570231178,1
2013-10-05,11200.0,11219.0,10650.0,10899.0,12694723184,1155075,452,10841.0,11100.0,80.24964709002046,308.5062570671271,150.79116868007847,10918.704338244988,8874.095661755011,9896.4,9752.36,0.054324324324324325,1
2013-10-06,11190.0,11200.0,10821.0,10968.0,9477429196,850500,347,10899.0,11131.0,80.57548175128623,351.8961994908914,191.01217484224105,11086.334782250331,8908.465217749668,9997.4,9775.78,0.06387566256401045,1
2013-10-07,11000.0,11129.0,10700.0,10994.0,23247029221,2112478,264,10968.0,11000.0,74.9484500455441,371.4308130765676,227.09590248910635,11190.634107714895,8988.165892285104,10089.4,9796.68,0.11954545454545462,1
2013-10-08,11000.0,11270.0,10999.0,11030.0,11003823297,991058,290,10994.0,11200.0,77.52862674159816,398.4572959362649,261.36818117853807,11347.453858297542,8989.546141702458,10168.5,9827.42,0.13205357142857133,1
2013-10-09,11121.0,11471.0,11121.0,11253.0,21352130411,1875267,304,11030.0,11471.0,80.46465311970701,436.7093005022798,296.4364050432864,11543.117879232937,8970.982120767061,10257.05,9863.44,0.11585737947868546,1
2013-10-12,11650.0,11703.0,11490.0,11387.0,10888939114,931861,108,11253.0,11703.0,82.56484739291757,480.2091980910136,333.1909636528319,11757.846249948376,8962.553750051626,10360.2,9899.5,0.12535247372468605,1
2013-10-13,11842.0,11842.0,11740.0,11842.0,155871726042,13162927,652,11387.0,11842.0,83.6958120042992,519.9061640298696,370.5340037282395,11967.49805932725,8972.401940672751,10469.95,9931.58,0.12320553960479641,1
2013-10-14,11960.0,12315.0,11700.0,12192.0,36870953539,3024089,507,11842.0,12315.0,86.8271737988833,582.815112682476,412.99022551908683,12246.834372828082,8966.665627171918,10606.75,9979.48,0.05473000406008932,1
2013-10-15,12679.0,12679.0,12679.0,12659.0,36458261636,2875484,228,12192.0,12679.0,88.6359762330634,654.4980198868561,461.2917843926407,12558.859168429075,8968.540831570926,10763.7,10032.06,0.01750926729237312,0
2013-10-19,13165.0,13165.0,12800.0,13159.0,53059201169,4032214,532,12659.0,12800.0,89.16841872193784,712.8535965297524,511.6041468200631,12847.554414734106,8992.845585265895,10920.2,10091.6,0.013749999999999929,0
2013-10-20,13000.0,13170.0,12633.0,13041.0,22863947816,1764355,569,13159.0,13170.0,90.616250239375,779.9657594661567,565.2764693492818,13170.309106425355,9016.090893574647,11093.2,10153.46,-0.036902050113895246,0
2013-10-21,13008.0,13485.0,13001.0,13233.0,28770903675,2161922,368,13041.0,13301.0,91.07130972996973,834.1081576702763,619.0428070134808,13457.128494042709,9089.871505957291,11273.5,10221.48,-0.03924516953612511,0
2013-10-22,13001.0,13179.0,12704.0,13071.0,17824529438,1383796,370,13233.0,12989.0,80.99672405927583,842.1330205633021,663.6608497234452,13625.591115947422,9243.30888405258,11434.45,10282.46,-0.020632843174994253,0
2013-10-23,12988.0,13100.0,12600.0,13009.0,18491502420,1428903,330,13071.0,12901.0,78.36359160435654,831.8034057864606,697.2893609360483,13744.520039266918,9425.479960733082,11585.0,10345.08,-0.004805829005503415,0
2013-10-26,13100.0,13193.0,12921.0,13012.0,14158933728,1087743,240,13009.0,12976.0,78.99047218762506,820.2140676474955,721.8743022783377,13829.74625199967,9650.853748000329,11740.3,10409.6,-0.032752774352651004,0
2013-10-27,12990.0,12990.0,12551.0,12912.0,12682740708,997683,195,13012.0,12684.0,70.43411367256033,778.4934857135759,733.1981389653854,13844.912067003886,9901.087932996114,11873.0,10468.28,-0.022390413118889896,0
2013-10-28,12450.0,12790.0,12450.0,12819.0,18112253095,1424307,230,12912.0,12779.0,71.51518201389254,744.5130470392687,735.4611205801622,13850.49917464819,10155.100825351808,12002.8,10530.5,-0.02418029579779324,0
2013-10-29,12750.0,12750.0,12501.0,12790.0,9753752636,767615,212,12819.0,12721.0,69.83625332633676,704.7789364307464,729.3246837502791,13839.820290649466,10395.479709350533,12117.65,10591.88,-0.009511830830909562,0
2013-10-30,12751.0,12940.0,12750.0,12808.0,30011176945,2342148,297,12790.0,12839.0,71.31187447580614,675.0296596128919,718.4656789228017,13848.54816611582,10597.25183388418,12222.9,10655.72,0.012539917439052806,0
2013-11-02,12851.0,12899.0,12551.0,12714.0,18090356796,1434392,260,12808.0,12551.0,63.18706918323047,621.0548169822305,698.9835065346874,13811.737280967323,10803.462719032677,12307.6,10714.7,0.043741534539080584,0
2013-11-03,12400.0,12500.0,12301.0,12565.0,15649350325,1265936,252,12714.0,12400.0,59.3678748623298,559.6437030467332,671.1155458370965,13771.019450664144,10974.180549335857,12372.6,10773.7,0.03258064516129022,0
2013-11-04,12350.0,12690.0,12206.0,12520.0,30970338638,2475618,227,12565.0,12470.0,60.55804155262281,510.7359220084145,639.0396210713602,13716.746535383587,11162.353464616412,12439.55,10833.9,0.023817161186848512,0
2013-11-05,12455.0,13000.0,12455.0,12602.0,13500350997,1058674,265,12520.0,12600.0,62.74078147315375,476.9678779241676,606.6252724419218,13613.31368105541,11425.786318944589,12519.55,10893.92,0.014047619047619087,0
2013-11-06,12850.0,13020.0,12703.0,12931.0,54983413145,4252071,497,12602.0,13000.0,68.51449808042848,476.9847336652929,580.697164686596,13537.90499136695,11681.195008633049,12609.55,10965.92,-0.016461538461538416,0
2013-11-09,13400.0,13438.0,13000.0,13128.0,24867924002,1877468,305,12931.0,13100.0,69.77547154551044,479.53942424691195,560.4656165986593,13481.035189087153,11900.964810912847,12691.0,11041.9,-0.02045801526717561,0
2013-11-10,12910.0,13108.0,12801.0,13051.0,20561660410,1583898,221,13128.0,12804.0,61.876065923513515,452.46359009579646,538.8652112980867,13393.629022201925,12098.470977798073,12746.05,11114.34,0.005076538581693324,0
2013-11-11,12574.0,12978.0,12561.0,12962.0,11186703515,877703,188,13051.0,12767.0,60.9472272628915,423.14248254041013,515.7206655465513,13289.722194916982,12294.877805083017,12792.3,11182.68,-0.006501135740581199,0
2013-11-12,12770.0,12970.0,12580.0,12909.0,9982842076,782382,204,12962.0,12777.0,61.11711383102723,396.1456890706304,491.8056702513672,13262.365502020055,12368.434497979944,12815.4,11248.02,0.0018001095718869209,0
2013-11-16,12779.0,13000.0,12779.0,12891.0,8577161036,668562,160,12909.0,12786.0,61.28036848755567,371.1978230863788,467.68410081836953,13263.599353613668,12377.900646386332,12820.75,11315.68,-0.02627874237447203,0
2013-11-17,12600.0,12891.0,12562.0,12847.0,7471191783,589847,168,12891.0,12832.0,62.15498125717912,351.09111528576614,444.3655037118489,13265.119138486463,12379.580861513537,12822.35,11390.32,-0.010286783042394054,0
2013-11-18,12835.0,12870.0,12511.0,12832.0,4648514089,365322,142,12847.0,12869.0,62.88126502987803,334.28852523929527,422.3501080173382,13221.30681153338,12393.293188466618,12807.3,11467.7,0.02556531199005363,0
2013-11-19,12900.0,12900.0,12580.0,12808.0,9436565635,741118,188,12832.0,12684.0,56.99193728463885,302.55671223719764,398.3914288613101,13125.57374596412,12427.326254035881,12776.45,11539.16,0.06693472090823094,1
2013-11-20,13000.0,13050.0,12700.0,12808.0,8758988862,683914,187,12808.0,12800.0,59.550125956336345,283.50122669723896,375.4133884284959,13102.567578880937,12431.432421119063,12767.0,11611.96,0.09945312499999992,1
2013-11-23,12781.0,12800.0,12379.0,12693.0,19070596755,1515953,330,12808.0,12450.0,49.904747138945005,237.4207041038535,347.81485156356746,13100.93027995389,12387.969720046112,12744.45,11668.6,0.1709236947791164,1
2013-11-24,12501.0,12840.0,12500.0,12691.0,70834093620,5581244,326,12693.0,12700.0,55.454766431110485,218.5551014554312,321.9629015419402,13071.220858994122,12390.079141005877,12730.65,11728.6,0.09811023622047244,1
2013-11-25,12730.0,13198.0,12720.0,13013.0,152528560512,11721565,1375,12691.0,13198.0,64.0087572516097,241.0101979393712,305.77236082142645,13152.07024208525,12360.62975791475,12756.35,11799.76,0.03326261554781018,0
2013-11-26,13533.0,13533.0,13403.0,13532.0,127559646610,9426719,1053,13013.0,13533.0,68.40415038278468,282.5803140115222,301.1339514594456,13315.052677532492,12273.047322467506,12794.05,11877.48,0.007906598684696675,0
2013-11-27,14073.0,14073.0,13800.0,14018.0,60951212103,4347956,1102,13532.0,14073.0,73.93080305315948,355.0061278684898,311.90838674125445,13622.728254843785,12100.571745156214,12861.65,11967.36,-0.03147871811269809,0
2013-11-30,14440.0,14578.0,13601.0,14527.0,43671163342,3006223,715,14018.0,14578.0,77.83538565163839,447.98924553000506,339.1245584990046,14015.40258717164,11881.79741282836,12948.6,12068.12,-0.0793661681986555,0
2013-12-01,14983.0,14983.0,13946.0,14205.0,32806720068,2324821,618,14527.0,13946.0,64.7622623703997,465.31802152657656,364.363251104519,14152.34810846233,11884.35189153767,13018.35,12153.64,-0.03642621540226587,0
2013-12-02,13658.0,13798.0,13637.0,13640.0,48802625208,3577982,613,14205.0,13637.0,59.500302481946356,448.94235575150924,381.2790720339171,14207.464050698049,11952.935949301953,13080.2,12232.18,-0.04634450392315026,0
2013-12-03,13352.0,14090.0,13352.0,13635.0,20888369019,1532572,376,13640.0,13640.0,59.53467853215336,431.23558221546955,391.2703740702276,14254.603956438996,12022.796043561006,13138.7,12311.08,-0.04692082111436946,0
2013-12-04,14120.0,14120.0,13403.0,13695.0,28929371729,2108460,529,13635.0,13630.0,59.35382942529535,411.6506675394794,395.346432764078,14296.937656355936,12083.462343644065,13190.2,12388.28,-0.0502567865003668,0
2013-12-07,13869.0,13869.0,13301.0,13634.0,11385668333,844814,362,13695.0,13421.0,55.55540374866822,374.94282079858203,391.2657103709788,14318.731083358194,12103.768916641806,13211.25,12458.9,-0.05297667833991504,0
2013-12-08,13355.0,13600.0,13355.0,13546.0,18269254128,1359435,330,13634.0,13438.0,55.80316499524927,343.26638451100007,381.6658451989831,14338.636249350368,12117.663750649632,13228.15,12530.26,-0.04807262985563332,0
2013-12-09,13005.0,13055.0,13005.0,13005.0,46478323276,3573854,448,13546.0,13005.0,48.401980906131136,279.9954856017994,361.3317732795464,14336.723663830804,12139.676336169197,13238.2,12589.76,-0.007304882737408702,0
2013-12-10,12550.0,13399.0,12550.0,12978.0,30280458562,2334675,545,13005.0,13000.0,48.322281222989574,226.8345763640864,334.4323338964544,14332.972019901848,12166.727980098152,13249.85,12646.1,-0.011615384615384583,0
2013-12-11,13000.0,13290.0,12860.0,12981.0,8393206852,645983,312,12978.0,12945.0,47.397735444586495,178.21181754406462,303.1882306259765,14329.109631322548,12187.390368677452,13258.25,12696.52,-0.018848976438779474,0
2013-12-14,12465.0,12929.0,12465.0,12857.0,16877165734,1328726,323,12981.0,12710.0,43.562568074799856,119.33972083272056,266.4185286673253,14332.501107321106,12176.398892678895,13254.45,12736.04,-0.020377655389457128,0
2013-12-15,12600.0,13200.0,12550.0,12865.0,34631156267,2691683,806,12857.0,12792.0,45.22795949612958,78.39617245964291,228.81405742578883,14333.772056556816,12171.127943443185,13252.45,12774.74,-0.018918073796122536,0
2013-12-16,13100.0,13110.0,12800.0,12936.0,39282791331,3036599,700,12865.0,12910.0,47.62315649996833,54.837595558117755,194.01876505225462,14333.058389701855,12175.941610298145,13254.5,12810.94,0.0030983733539891034,0
2013-12-17,13000.0,13000.0,12791.0,12932.0,212141786004,16404351,437,12936.0,12849.0,46.491312336706045,30.888994332613947,161.39281090832648,14326.144541078835,12199.355458921165,13262.75,12845.3,0.013308428671491956,0
2013-12-18,12990.0,12990.0,12701.0,12872.0,20151015962,1572185,468,12932.0,12701.0,43.77304727457409,-0.03243391338037327,129.10776194398514,14330.64436895398,12184.95563104602,13257.8,12879.32,0.020392095110621122,0
2013-12-21,12608.0,12800.0,12400.0,12770.0,11031275423,880718,432,12872.0,12451.0,39.564881466513924,-44.20127446037441,94.44595466311324,14330.54385660414,12185.156143395861,13257.85,12904.34,0.02843145128905311,0
2013-12-22,12440.0,12689.0,12440.0,12735.0,5398139315,430960,267,12770.0,12550.0,41.945036719222806,-70.40533728824448,61.4756962728417,14340.4959122504,12160.2040877496,13250.35,12925.92,0.03585657370517925,0
2013-12-24,12690.0,12999.0,12561.0,12775.0,14724779312,1146838,378,12735.0,12950.0,50.43824984134098,-58.2244140076491,37.535674216743544,14335.810186907356,12140.089813092645,13237.95,12950.86,0.01768339768339766,0
2013-12-25,12980.0,13155.0,12800.0,13026.0,47559144928,3651041,590,12775.0,13020.0,51.768061441465875,-42.43338392732221,21.541862587930392,14305.348416126311,12119.251583873687,13212.3,12974.42,0.006144393241167334,0
2013-12-28,13026.0,13100.0,12916.0,13016.0,15976332892,1228894,485,13026.0,12960.0,50.51688673938958,-34.36424772276587,10.36064052579114,14179.849545541441,12133.450454458558,13156.65,12987.32,0.02021604938271615,0
2013-12-29,12921.0,12980.0,12761.0,12956.0,16655611311,1293364,334,13016.0,12805.0,47.33418399806221,-40.01533191893759,0.2854460368453946,13865.612938709102,12270.387061290898,13068.0,12989.84,0.02303787582975403,0
2013-12-30,12901.0,13000.0,12690.0,12905.0,16007193867,1247200,328,12956.0,13000.0,51.476113257023385,-28.4312488029027,-5.457892931104225,13709.165859717203,12332.234140282799,13020.7,12993.84,0.0,0
2014-01-01,12931.0,13200.0,12860.0,12951.0,12680621955,971966,342,12905.0,13179.0,54.97650138435237,-4.752195093156843,-5.316753363514749,13630.993682846043,12364.606317153955,12997.8,12994.02,-0.04393353061689054,0
2014-01-04,13150.0,13200.0,12981.0,12999.0,18805471374,1440915,308,12951.0,13100.0,53.1540509165886,7.551931831496404,-2.743016324512518,13534.380553245162,12407.219446754836,12970.8,12990.0,-0.05038167938931293,0
2014-01-05,13200.0,13222.0,12980.0,13031.0,14955736930,1143183,312,12999.0,13222.0,55.60177075072388,26.838049144755132,3.173196769341012,13441.999186325724,12458.800813674276,12950.4,12994.66,-0.07661473302072308,0
2014-01-06,13249.0,13249.0,13046.0,13056.0,15234245153,1163373,231,13031.0,13100.0,52.63974955010254,31.910214570871176,8.920600329647044,13382.482246101647,12486.217753898354,12934.35,12998.64,-0.02984732824427483,0
2014-01-07,13100.0,13100.0,12901.0,13033.0,7747426929,598643,193,13056.0,13000.0,50.275565116535695,27.543276205909933,12.645135504899624,13298.498429599314,12526.401570400687,12912.45,12999.12,-0.05376923076923079,0
2014-01-08,13100.0,13100.0,12512.0,12778.0,21743778348,1727128,419,13033.0,12600.0,42.125559689677736,-8.100829649327352,8.49594247405423,13298.654228660605,12485.745771339396,12892.2,12997.44,-0.05126984126984124,0
2014-01-11,12367.0,12778.0,12367.0,12692.0,11667057328,933328,267,12778.0,12440.0,39.37591681789376,-48.69833902708342,-2.942913826173301,13312.130619623256,12416.269380376745,12864.2,12990.66,-0.0504823151125402,0
2014-01-12,12400.0,12595.0,12185.0,12429.0,19900226234,1630049,321,12692.0,12209.0,35.74798698925149,-98.37788809481754,-22.02990867990215,13356.339089117126,12298.460910882874,12827.4,12980.42,-0.038168564173970077,0
2014-01-13,12600.0,12709.0,12500.0,12464.0,5217026673,411238,169,12429.0,12709.0,47.10761387597486,-96.29345630349962,-36.88261820462165,13356.33365758883,12298.366342411171,12827.35,12977.82,-0.09221811314816275,0
2014-01-14,12599.0,12599.0,12250.0,12452.0,4616830041,373403,172,12464.0,12301.0,40.772940791887784,-126.11000169430736,-54.728094902558794,13379.490419545915,12226.109580454084,12802.8,12972.82,-0.06723030647914807,0
2014-01-15,12300.0,12300.0,11954.0,12304.0,11040663004,922234,211,12452.0,11954.0,36.30182832724026,-175.71430361936473,-78.92533664592,13437.075069179355,12072.924930820645,12755.0,12963.9,-0.04969048017400035,0
2014-01-18,11812.0,11812.0,11812.0,12232.0,5212765532,441311,85,12304.0,11812.0,34.62835434968862,-223.90326605501468,-107.92092252773895,13497.225128684933,11909.074871315066,12703.15,12950.74,-0.043261090416525594,0
2014-01-20,11743.0,11743.0,11743.0,12017.0,15464286242,1316894,149,12232.0,11743.0,33.81268241419539,-264.61082048687786,-139.25890211956676,13552.888206626685,11757.611793373315,12655.25,12933.6,-0.0460699991484288,0
2014-01-21,11540.0,11840.0,11537.0,11952.0,4945656182,427834,150,12017.0,11537.0,31.43221894603164,-309.9217440960383,-173.39147051486108,13628.93873350452,11590.16126649548,12609.55,12904.34,-0.007540955187657072,0
2014-01-22,11474.0,11500.0,11474.0,11833.0,8608647967,750237,227,11952.0,11474.0,30.71992370820145,-346.9155247687868,-208.09628136564623,13689.223047758933,11422.276952241067,12555.75,12871.82,0.04113648248213342,0
2014-01-25,11380.0,11539.0,11360.0,11693.0,10918570865,958248,195,11833.0,11360.0,29.420691262368507,-381.0398198853982,-242.68498906959667,13706.84219483787,11245.65780516213,12476.25,12842.94,0.012323943661971759,0
2014-01-26,11699.0,11710.0,11300.0,11668.0,3033477825,265765,138,11693.0,11301.0,28.743154296715872,-408.139597314248,-275.7759107185269,13694.875501837989,11085.72449816201,12390.3,12813.62,-0.0005309264666844005,0
2014-01-27,11231.0,11500.0,11202.0,11528.0,10671000199,950442,255,11668.0,11202.0,27.5948016764939,-432.61788906261427,-307.1443063873444,13676.631188699994,10928.168811300005,12302.4,12782.12,0.05338332440635596,1
2014-01-28,11070.0,11887.0,11070.0,11487.0,6526630372,576786,186,11528.0,11450.0,34.6394264190544,-427.0824436909643,-331.1319338480684,13636.415640182324,10832.884359817675,12234.65,12755.4,-0.005240174672489051,0
2014-01-29,11300.0,11946.0,11300.0,11569.0,11496086398,979245,221,11487.0,11946.0,45.96322675181779,-378.3115683292326,-340.56786074430124,13543.327754334092,10820.57224566591,12181.95,12737.68,-0.0769295161560355,0
2014-02-01,12030.0,12030.0,11250.0,11603.0,5955113526,506055,282,11569.0,11500.0,39.35982952977948,-371.3678731788241,-346.72786323120584,13409.239261155526,10786.760738844474,12098.0,12710.3,-0.04460869565217396,0
2014-02-02,11601.0,11601.0,11139.0,11520.0,7526945782,670249,189,11603.0,11295.0,36.746598857335016,-378.04882001905753,-352.99205458877617,13278.548626846772,10736.951373153228,12007.75,12682.52,-0.028950863213811462,0
2014-02-03,11300.0,11800.0,11150.0,11508.0,4847809111,424000,132,11520.0,11800.0,46.21928800963818,-338.6900311329846,-350.1316498976179,13080.529237505256,10792.770762494743,11936.65,12662.52,-0.07661016949152544,0
2014-02-04,11251.0,11677.0,11201.0,11474.0,5707788700,504738,150,11508.0,11390.0,40.868091250310506,-336.7002104258572,-347.44536200326576,12884.739526841076,10817.560473158923,11851.15,12641.32,-0.05645302897278315,0
2014-02-05,11016.0,11370.0,11016.0,11444.0,2473386163,223531,142,11474.0,11027.0,36.805123291226366,-360.2614596105741,-350.00858152472745,12701.843668012543,10803.156331987457,11752.5,12607.86,0.004715697832592625,0
2014-02-08,11022.0,11022.0,10987.0,11425.0,1349970845,122857,49,11444.0,10987.0,36.37597075375678,-377.806467266857,-355.56815867315333,12593.143932464263,10750.556067535737,11671.85,12563.64,-0.03886411213252028,0
2014-02-09,10968.0,11199.0,10968.0,11350.0,5394828872,491773,140,11425.0,10968.0,36.16028890747543,-388.7627385956621,-362.2070746576551,12497.240962132226,10699.259037867774,11598.25,12512.34,-0.055251641137855634,0
2014-02-10,10968.0,11150.0,10896.0,11194.0,11423487771,1047683,137,11350.0,10896.0,35.30598784458107,-398.65995700318126,-369.49765112676033,12435.358528065724,10629.841471934276,11532.6,12448.8,-0.06305066079295152,0
2014-02-12,10747.0,10896.0,10747.0,11078.0,8392865976,780937,118,11194.0,10747.0,33.54002758630317,-413.7570944221425,-378.3495397858368,12223.88495044898,10645.11504955102,11434.5,12372.18,-0.020843025960733175,0
2014-02-15,11100.0,11190.0,11000.0,11079.0,2707511376,244215,112,11078.0,11079.0,40.662024513908925,-394.3858249421555,-381.5567968171005,12068.603107009245,10678.196892990754,11373.4,12314.84,-0.054968860005415676,0
2014-03-01,11000.0,11000.0,10560.0,10793.0,6812279790,631187,117,11079.0,10560.0,34.447434706049506,-416.1161884556477,-388.46867514481,12030.872359207411,10576.52764079259,11303.7,12253.3,-0.008806818181818166,0
2014-03-02,10362.0,10480.0,10362.0,10634.0,11475555168,1107464,209,10793.0,10362.0,32.41220001514391,-444.19420900375917,-399.61378191659986,12027.089841620833,10435.310158379169,11231.2,12187.74,-0.0204593707778421,0
2014-03-03,10341.0,10341.0,10209.0,10568.0,4760542454,466293,108,10634.0,10209.0,30.8932878315904,-473.33574408841923,-414.35817435096374,12029.999743001215,10279.000256998785,11154.5,12119.32,-0.02154961308649228,0
2014-03-04,10146.0,10523.0,10146.0,10477.0,33129898351,3162049,149,10568.0,10523.0,37.37912698345715,-465.7248585383586,-424.63151118844274,12001.973168155879,10205.62683184412,11103.8,12061.36,-0.0358262852798632,0
2014-03-05,10500.0,10600.0,10058.0,10470.0,1659666684,160448,108,10477.0,10470.0,36.75213864446039,-458.6824284516897,-431.44169464109217,11975.318915936494,10131.881084063507,11053.6,12002.0,-0.019961795606494692,0
2014-03-08,10470.0,10631.0,10161.0,10467.0,2292756801,219799,78,10470.0,10467.0,36.71459822177322,-448.1770210794948,-434.7887599287727,11953.214258560663,10064.685741439338,11008.95,11951.24,-0.019585363523454635,0
2014-03-09,10200.0,10589.0,10150.0,10151.0,163239103691,16081025,52,10467.0,10150.0,32.89144119318317,-460.12660765592955,-439.85632947420413,11955.833850482493,9946.966149517506,10951.4,11894.24,0.03152709359605921,0
2014-03-10,10151.0,10151.0,9850.0,10142.0,1677343431,168025,84,10151.0,9989.0,31.119044592812187,-477.08851613996194,-447.3027668073557,11970.961252484929,9810.538747515071,10890.75,11835.12,0.05105616177795569,1
2014-03-11,9819.0,10250.0,9819.0,10137.0,22417277192,2211963,122,10142.0,10146.0,34.808219993413374,-472.4166379876806,-452.3255410434207,11920.187195601822,9730.912804398176,10825.55,11783.84,0.03094815690912678,0
2014-03-12,10137.0,10500.0,10000.0,10262.0,66820936053,6511786,129,10137.0,10261.0,37.450838693584295,-454.198880028056,-452.7002088403478,11732.511400254749,9750.08859974525,10741.3,11733.22,0.017444693499658825,0
2014-03-15,10500.0,10500.0,10202.0,10268.0,3590792998,348279,96,10262.0,10262.0,37.47457347140614,-434.6698801448383,-449.0941431012459,11627.025537854985,9731.774462145015,10679.4,11680.26,0.013642564802182733,0
2014-03-16,10480.0,10540.0,10270.0,10288.0,2883573430,274925,70,10268.0,10470.0,42.37280364499705,-397.8232861606102,-438.83997171311876,11545.985287921178,9730.314712078822,10638.15,11632.68,-0.025787965616045794,0
2014-03-17,10500.0,10699.0,10399.0,10317.0,3933763835,373782,125,10288.0,10499.0,43.042766552947185,-362.10788305432834,-423.49355398136066,11308.7169927312,9837.4830072688,10573.1,11588.64,-0.01895418611296318,0
2014-03-18,10500.0,10590.0,10251.0,10322.0,1351210302,129455,75,10317.0,10460.0,42.33003951530423,-333.1102551727181,-405.4168942196322,11160.30068644027,9892.89931355973,10526.6,11548.82,-0.010516252390057379,0
2014-03-19,10460.0,10599.0,10351.0,10331.0,2024330185,193374,121,10322.0,10440.0,41.94644858887855,-308.19062928060157,-385.9716412318261,11088.478170840037,9906.021829159963,10497.25,11506.62,0.002873563218390718,0
2014-03-25,10400.0,10580.0,10400.0,10332.0,460904843,44230,45,10331.0,10402.0,41.18283408901896,-288.18590096876324,-366.41449317921354,11015.696996518003,9920.303003481997,10468.0,11455.66,-0.006921745818111891,0
2014-03-26,10420.0,10420.0,10133.0,10327.0,930543369,91491,25,10332.0,10200.0,37.296018814032486,-285.3424710837753,-350.20008876012594,10937.968527738314,9921.231472261687,10429.6,11399.26,-0.014705882352941124,0
2014-03-29,10151.0,10600.0,10151.0,10326.0,730667076,71058,51,10327.0,10300.0,40.29992168080368,-271.8857385974334,-334.53721872758746,10863.2003021091,9936.399697890898,10399.8,11346.06,-0.03495145631067964,0
2014-03-30,10400.0,10538.0,10300.0,10334.0,1934255321,185059,46,10326.0,10350.0,41.80119418530685,-254.25569760559665,-318.4809145031893,10815.323621151761,9944.57637884824,10379.95,11296.96,-0.04966183574879224,0
2014-03-31,10406.0,10473.0,10301.0,10335.0,1251819753,120746,73,10334.0,10470.0,45.352982077594866,-227.97283702674576,-300.3792990079006,10649.04799280713,10049.95200719287,10349.5,11246.36,-0.0644699140401146,0
2014-04-05,10477.0,10477.0,10115.0,10323.0,4740631143,462154,91,10335.0,10330.0,42.123113258898606,-215.9509623620961,-283.4936316787397,10621.573623587907,10054.426376412093,10338.0,11189.38,-0.057115198451113236,0
2014-04-06,10251.0,10251.0,9990.0,10259.0,6110014462,610367,105,10323.0,10050.0,36.52117345445835,-226.40731739848889,-272.0763688226896,10632.100113004124,10012.699886995875,10322.4,11128.38,-0.035323383084577165,0
2014-04-07,10100.0,10100.0,9896.0,10245.0,1673492961,167234,80,10259.0,9940.0,34.57577215819887,-240.79440675864134,-265.8199764098799,10658.041091256655,9959.858908743347,10308.95,11062.74,-0.03219315895372232,0
2014-04-08,9913.0,10100.0,9836.0,10203.0,4182613746,420479,148,10245.0,9836.0,32.79698596781812,-257.6185433598039,-264.1796897998647,10665.391197437639,9883.808802562362,10274.6,10997.46,-0.025213501423342777,0
2014-04-09,9945.0,9945.0,9795.0,10145.0,4242675213,432790,78,10203.0,9795.0,32.095954744946695,-271.13467837940516,-265.5706875157728,10672.73946501938,9808.96053498062,10240.85,10933.36,-0.025523226135783617,0
2014-04-12,9740.0,9800.0,9740.0,10098.0,3409770744,349995,87,10145.0,9740.0,31.13454296682957,-283.0218533562511,-269.0609206838685,10674.802668496266,9734.197331503734,10204.5,10876.16,-0.029466119096509202,0
2014-04-13,9695.0,9695.0,9695.0,10020.0,5656004830,583394,80,10098.0,9695.0,30.333930525376473,-292.699590408125,-273.7886546287198,10701.786873687526,9661.713126312474,10181.75,10821.26,0.015987622485817532,0
2014-04-14,9620.0,9620.0,9620.0,9987.0,2416553620,251201,47,10020.0,9620.0,28.995653053302547,-302.9291611421231,-279.6167559314005,10733.176161981432,9593.423838018567,10163.3,10769.48,0.03950103950103956,0
2014-04-15,9588.0,9692.0,9588.0,9942.0,3293395592,343399,84,9987.0,9588.0,28.419539731357645,-310.04430446770857,-285.70226563866214,10758.119326819613,9512.680673180386,10135.4,10707.06,0.06455986649979151,1
2014-04-16,9545.0,9588.0,9545.0,9846.0,7053107269,738472,159,9942.0,9545.0,27.62524030575169,-315.51577796248057,-291.66496810342585,10769.832914735358,9429.367085264643,10099.6,10651.94,0.07574646411733887,1
2014-04-19,9600.0,9600.0,9453.0,9752.0,6807284064,719945,71,9846.0,9453.0,25.953867445473563,-323.54595488331324,-298.0411654594034,10780.960854722089,9337.33914527791,10059.15,10601.92,0.09235163440177718,1
2014-04-20,9501.0,9950.0,9500.0,9779.0,7561755448,766978,127,9752.0,9850.0,42.203869116172804,-294.48075497931313,-297.32908336338534,10729.688388111881,9326.611611888118,10028.15,10562.68,0.03817258883248731,0
2014-04-21,9900.0,10100.0,9877.0,9815.0,8388794924,846655,120,9779.0,10000.0,46.94180257300538,-256.38715670718375,-289.14069803214505,10670.646357391066,9335.753642608935,10003.2,10527.82,0.047900000000000054,0
2014-04-22,10100.0,10207.0,10100.0,9874.0,5377458192,529810,143,9815.0,10207.0,52.70388455654688,-207.10713348307036,-272.7339851223301,10631.968888086869,9349.13111191313,9990.55,10501.22,0.009111394141275486,0
2014-04-23,10268.0,10268.0,10100.0,9929.0,5292615060,519456,132,9874.0,10268.0,54.27961173035389,-161.2711365583873,-250.44141540954158,10603.333126576987,9360.566873423015,9981.95,10477.1,0.012855473315153798,0
2014-04-26,10326.0,10326.0,10326.0,9935.0,469006920,45420,42,9929.0,10326.0,55.787883827066054,-118.89511461957954,-224.13215525154916,10590.069038758062,9366.230961241938,9978.15,10456.42,0.032345535541352,0
2014-04-27,10332.0,10332.0,10221.0,10313.0,29615393009,2866805,330,9935.0,10226.0,52.56794601058461,-92.3168055265578,-197.7690853065509,10593.356010717105,9365.543989282896,9979.45,10434.92,0.0541756307451593,1
2014-04-28,10313.0,10500.0,10313.0,10338.0,5139974351,491211,123,10313.0,10479.0,59.01341516078984,-50.25896443628335,-168.26706113249742,10625.518324955887,9351.281675044112,9988.4,10420.46,0.035404141616566465,0
2014-04-29,10486.0,10486.0,10300.0,10346.0,18243794724,1762338,131,10338.0,10300.0,53.47655890003279,-31.01411498451307,-140.81647190290056,10617.69328897559,9354.10671102441,9985.9,10397.46,0.08737864077669899,1
2014-04-30,10346.0,10500.0,10346.0,10350.0,2971797746,285997,81,10346.0,10400.0,55.96236982915475,-7.605596297406009,-114.17429678180164,10604.12257478283,9360.677425217169,9982.4,10366.54,0.05288461538461542,1
2014-05-03,10365.0,10686.0,10359.0,10366.0,3579466964,341336,123,10350.0,10660.0,61.69334497819333,31.561825423801565,-85.027072340681,10672.036806299137,9325.763193700863,9998.9,10349.74,0.0412757973733584,0
2014-05-04,10670.0,10780.0,10600.0,10773.0,43750076574,4061257,428,10366.0,10780.0,64.02063577258801,71.46152249399347,-53.729353373746115,10789.9100131838,9280.889986816199,10035.4,10339.44,0.03896103896103886,0
2014-05-05,11000.0,11090.0,10782.0,10796.0,12294429802,1134779,286,10773.0,10850.0,65.34334546415911,107.49163817583576,-21.48515506382974,10912.70452030188,9249.095479698119,10080.9,10320.44,0.004608294930875667,0
2014-05-06,10808.0,11227.0,10790.0,10880.0,20120196295,1840462,269,10796.0,11200.0,71.07014515750099,162.4156132749904,15.294998603934285,11103.969394207752,9194.230605792249,10149.1,10316.64,-0.022499999999999964,0
2014-05-07,11250.0,11300.0,10950.0,10916.0,5465432924,492526,186,10880.0,10950.0,63.05516142329975,183.6533075746138,48.96666039807019,11207.672716566081,9206.02728343392,10206.85,10315.1,-0.40356164383561643,0
2014-05-10,11280.0,11280.0,11000.0,10958.0,5554877575,497211,248,10916.0,11100.0,65.56449195787698,210.165423535007,81.20641302545755,11323.23147160027,9226.468528399731,10274.85,10317.36,-0.39639639639639634,0
2014-05-11,11190.0,11249.0,10901.0,10970.0,4908607434,444616,249,10958.0,11200.0,67.16562097920333,236.5191847742317,112.26896737521238,11436.556975675883,9263.643024324118,10350.1,10322.0,-0.4125,0
2014-05-12,11229.0,11229.0,10810.0,10972.0,5143434904,468186,232,10970.0,10900.0,58.39375169018894,230.53971925197948,135.9231177505658,11471.395398644496,9356.804601355505,10414.1,10322.08,-0.39449541284403666,0
2014-05-14,11090.0,11100.0,10700.0,10966.0,11992454314,1094593,393,10972.0,10948.0,59.30943129877399,227.05677937839573,154.1498500761318,11492.000569360598,9472.199430639403,10482.1,10326.1,-0.417793204238217,0
2014-05-25,6680.0,6680.0,6451.0,6563.0,4195941217,639321,130,6536.0,6531.0,18.64489649822957,-130.61283766647102,97.19731252761125,12300.070658082448,8362.729341917551,10331.4,10235.14,0.003981013627315955,0
2014-05-26,6599.0,6800.0,6533.0,6607.0,5761115184,857480,314,6563.0,6700.0,20.880123514672377,-395.86837423818724,-1.4158248255484551,12700.335316719682,7687.164683280318,10193.75,10157.94,-0.01328358208955227,0
2014-05-28,6720.0,6817.0,6580.0,6637.0,9723468529,1457851,407,6607.0,6580.0,20.45046904496118,-608.7509926435123,-122.88285838914123,12990.696917273577,7069.803082726424,10030.25,10082.3,0.001519756838905817,0
2014-05-31,6690.0,6690.0,6545.0,6639.0,4401426442,662096,159,6637.0,6600.0,20.743191664605078,-767.0065940420609,-251.70760551972518,13177.14402151991,6543.355978480089,9860.25,10010.12,-0.022727272727272707,0
2014-06-01,6600.0,6600.0,6374.0,6624.0,1835007591,283122,131,6639.0,6374.0,19.85412850389224,-900.2836994791924,-381.4228243116187,13310.249044045078,6026.950955954922,9668.6,9927.14,0.012237213680577286,0
2014-06-02,6650.0,6690.0,6500.0,6627.0,2362080834,355387,109,6624.0,6557.0,22.74167930069754,-979.8451501837353,-501.107289486042,13354.541623391988,5611.558376608011,9483.05,9848.88,-0.006557877077931984,0
2014-06-03,6684.0,6684.0,6600.0,6627.0,1705072260,257087,95,6627.0,6611.0,23.616213931119617,-1026.7056013034335,-606.2269518495203,13341.809418952345,5252.790581047653,9297.3,9771.76,0.001361367417939796,0
2014-06-07,6660.0,6660.0,6555.0,6626.0,995826534,150643,72,6627.0,6590.0,23.504784927383824,-1053.3944949008774,-695.6604604597918,13301.100243691953,4929.899756308047,9115.5,9700.56,-0.010773899848254942,0
2014-06-08,6600.0,6600.0,6400.0,6614.0,1785310784,274946,115,6626.0,6450.0,22.734645111379706,-1073.4681922219434,-771.2220068122222,13204.2798994336,4623.820100566399,8914.05,9629.78,-0.009302325581395321,0
2014-06-09,6590.0,6637.0,6452.0,6608.0,2205518026,336293,81,6614.0,6452.0,22.77357345077759,-1076.8026480464587,-832.3381350590696,13090.42192240496,4352.878077595039,8721.65,9555.9,0.049287042777433454,0
2014-06-10,6500.0,6549.0,6440.0,6603.0,868687983,133772,73,6608.0,6514.0,24.051039265034674,-1062.1979892417767,-878.3101058956111,12925.819064344301,4128.880935655699,8527.35,9480.96,0.04083512434755909,0
2014-06-11,6400.0,6630.0,6400.0,6598.0,3182137226,484340,109,6603.0,6620.0,26.29582200102209,-1030.1949318963207,-908.687071095753,12684.394816240565,3966.3051837594367,8325.35,9408.12,0.01827794561933538,0
2014-06-14,6650.0,6650.0,6421.0,6594.0,2068623599,315558,122,6598.0,6519.0,25.521781550305306,-1001.4381783419449,-927.2372925449915,12386.317926962125,3838.282073037876,8112.3,9329.1,-0.002454364166283196,0
2014-06-15,6438.0,6450.0,6390.0,6583.0,1170338624,182450,82,6594.0,6390.0,24.528657048181557,-977.7861557185233,-937.347065179698,12032.074003007343,3746.5259969926565,7889.3,9246.92,-0.00328638497652578,0
2014-06-16,6400.0,6770.0,6400.0,6590.0,1561741524,234129,98,6583.0,6770.0,32.821468403057125,-917.79911627603,-933.4374753989645,11543.976858709284,3791.623141290716,7667.8,9173.12,-0.06469719350073855,0
2014-06-17,6769.0,6792.0,6510.0,6611.0,2777499360,412126,106,6590.0,6780.0,33.03001398952743,-859.5437535643787,-918.6587310320474,11044.53757092794,3874.0624290720616,7459.3,9099.92,-0.08997050147492625,0
2014-06-18,6750.0,6750.0,6669.0,6629.0,3622449759,539902,95,6611.0,6741.0,32.60490264509018,-807.217828322322,-896.3705504901025,10421.942917993932,4060.757082006069,7241.35,9026.7,-0.20827770360480646,0
2014-06-21,6800.0,6800.0,6503.0,6634.0,1369262235,204378,95,6629.0,6503.0,30.062112788829467,-776.0084244623358,-872.2981252845492,9627.645436635103,4385.354563364897,7006.5,8952.76,-0.14593264647085957,0
2014-06-22,6700.0,6700.0,6369.0,6472.0,12111037811,1898864,188,6634.0,6369.0,28.704756216868006,-753.402670162207,-848.5190342600808,8707.258120149163,4852.641879850836,6779.95,8874.14,-0.1508871094363322,0
2014-06-23,6560.0,6560.0,6214.0,6346.0,10915206352,1744954,170,6472.0,6332.0,28.32446372154334,-730.0573906374666,-824.8267055355581,6808.0818636104505,6290.218136389549,6549.15,8793.78,-0.15350600126342384,0
2014-06-24,6300.0,6305.0,6119.0,6300.0,4853789191,786495,238,6346.0,6170.0,26.65910631547783,-716.3702640509882,-803.1354172386441,6838.390676709808,6223.809323290193,6531.1,8707.78,-0.11377633711507296,0
2014-07-02,5500.0,5500.0,5280.0,5341.0,3204750818,600077,203,5550.0,5337.0,20.111246008426576,-763.9331105823694,-795.2949559073893,7059.036730260568,5866.863269739431,6462.95,8607.92,0.021360314783586354,0
2014-07-05,5510.0,5554.0,5462.0,5370.0,2674718238,484411,111,5341.0,5554.0,25.261155693171034,-775.1811172883536,-791.2721881835822,7123.893294101606,5699.406705898393,6411.65,8518.0,-0.018185091825711153,0
2014-07-06,5584.0,5584.0,5380.0,5393.0,3422704894,624748,147,5370.0,5408.0,24.13390783115807,-786.8064089549971,-790.3790323378653,7181.175678044455,5522.924321955546,6352.05,8427.36,-0.004252958579881616,0
2014-07-07,5499.0,5499.0,5300.0,5392.0,2035522441,377992,119,5393.0,5360.0,23.758538325762174,-790.7771484778095,-790.4586555658542,7236.178171373034,5366.521828626966,6301.35,8337.84,0.006716417910447747,0
2014-07-08,5500.0,5517.0,5381.0,5400.0,2002727397,366903,144,5392.0,5468.0,26.527539401327743,-776.2610367252801,-787.6191317977394,7240.815268014644,5252.984731985355,6246.9,8251.3,-0.024689100219458693,0
2014-07-09,5409.0,5520.0,5409.0,5406.0,1419852795,259499,116,5400.0,5451.0,26.365218986938075,-757.3978604322692,-781.5748775246454,7225.523924088477,5152.276075911523,6188.9,8165.52,-0.018528710328380105,0
2014-07-12,5498.0,5524.0,5450.0,5412.0,1199722414,218539,125,5406.0,5453.0,26.422260150406842,-733.8281597989162,-772.0255339794996,7198.724734861833,5065.375265138167,6132.05,8080.68,0.012286814597469276,0
2014-07-13,5488.0,5488.0,5305.0,5411.0,570478495,106069,95,5412.0,5385.0,25.69348755341497,-712.4236574816296,-760.1051586799257,7182.362884475794,4975.237115524206,6078.8,7995.98,0.02135561745589598,0
2014-07-14,5493.0,5500.0,5300.0,5414.0,3976003416,732951,186,5411.0,5396.0,26.048820625116633,-686.6574672617426,-745.4156203962891,7153.868432040062,4898.131567959938,6026.0,7912.14,0.007968865826538218,0
2014-07-15,5353.0,5498.0,5300.0,5416.0,3737162444,689256,177,5414.0,5333.0,25.30253457023744,-663.6707658956011,-729.0666494961515,7109.998813477568,4823.901186522432,5966.95,7827.9,0.027564222763922785,0
2014-07-16,5333.0,5449.0,5281.0,5389.0,23319147749,4327354,155,5416.0,5350.0,25.919293480226642,-636.7419170657677,-710.6017030100747,7035.378526892242,4771.521473107758,5903.45,7745.84,0.01925233644859814,0
2014-07-20,5282.0,5604.0,5200.0,5417.0,8725472072,1603701,283,5389.0,5520.0,31.96857527458073,-594.8262444262591,-687.4466112933117,6960.255889974124,4746.744110025876,5853.5,7659.24,0.0126811594202898,0
2014-07-21,5610.0,5610.0,5440.0,5422.0,871401917,158004,87,5417.0,5500.0,31.641221242022638,-556.803124900418,-661.3179140147329,6897.307677080518,4720.692322919482,5809.0,7569.24,0.017818181818181733,0
2014-07-22,5501.0,5501.0,5428.0,5429.0,2087554156,381280,112,5422.0,5439.0,30.611628734159382,-525.533693649114,-634.1610699416092,6747.125962682674,4737.774037317326,5742.45,7473.88,0.011215296929582674,0
2014-07-23,5540.0,5595.0,5380.0,5428.0,1615041914,298132,118,5429.0,5480.0,32.208342587220585,-491.7752082681882,-605.683897606925,6566.802455437282,4788.097544562717,5677.45,7378.12,-0.018248175182481785,0
2014-07-26,5480.0,5560.0,5362.0,5440.0,3468388987,632378,118,5428.0,5453.0,31.691160899661483,-461.8758227615581,-576.9222826378516,6360.181976288186,4865.918023711814,5613.05,7280.66,0.015771135154960536,0
2014-07-27,5530.0,5599.0,5461.0,5465.0,4014944665,724443,151,5440.0,5590.0,37.201350613961516,-422.25806120779816,-545.9894383518409,6193.159186902011,4941.640813097988,5567.4,7187.94,-0.02146690518783545,0
2014-07-28,5600.0,5600.0,5481.0,5476.0,2114904447,381174,67,5465.0,5598.0,37.51830484528398,-385.76827011915157,-513.945204705303,6036.102313934837,5021.5976860651635,5528.85,7090.32,-0.033583422650946715,0
2014-08-02,5481.0,5585.0,5400.0,5498.0,173217978174,31505875,86,5476.0,5500.0,35.17615139938371,-360.6008466722724,-483.2763330986969,5835.874654882905,5138.625345117095,5487.25,6994.32,-0.013636363636363669,0
2014-08-03,5376.0,5580.0,5376.0,5502.0,2291925446,414464,99,5498.0,5380.0,32.50065651938306,-346.3460180837228,-455.89027009570214,5603.85621381676,5291.64378618324,5447.75,6893.92,-0.0037174721189591198,0
2014-08-04,5500.0,5580.0,5413.0,5506.0,2796203159,506085,103,5502.0,5539.0,39.10923146541247,-318.54698123419075,-428.42161232339987,5610.07782266133,5305.622177338671,5457.85,6791.5,-0.04314858277667444,0
2014-08-05,5460.0,5543.0,5350.0,5498.0,1570546526,289855,88,5506.0,5470.0,37.398058247718005,-298.64121753459494,-402.4655333656389,5599.5380049634205,5307.761995036579,5453.65,6685.3,-0.021937842778793404,0
2014-08-06,5400.0,5607.0,5342.0,5508.0,3269426716,589113,107,5498.0,5410.0,35.9260475182931,-284.42853979235224,-378.8581346509816,5599.515393671499,5307.984606328501,5453.75,6576.5,-0.003881700554528633,0
2014-08-09,5498.0,5500.0,5390.0,5502.0,1206466399,222055,76,5508.0,5425.0,36.59792499956576,-268.85531888555397,-356.85757149789606,5597.045706796777,5316.954293203223,5457.0,6461.0,-0.028940092165898657,0
2014-08-10,5400.0,5700.0,5350.0,5506.0,7304386294,1325269,260,5502.0,5360.0,34.89057155360257,-258.7753843416458,-337.24113406664605,5597.729257824045,5305.470742175956,5451.6,6349.2,-0.026492537313432818,0
2014-08-11,5450.0,5450.0,5300.0,5473.0,3558959589,664162,179,5506.0,5300.0,33.344213611467836,-252.71531728483296,-320.33597071028345,5604.431389170321,5283.668610829679,5444.05,6233.2,-0.017358490566037776,0
2014-08-12,5474.0,5474.0,5307.0,5472.0,277963292,51562,44,5473.0,5350.0,35.89400148804192,-241.09885087525254,-304.4885467432773,5604.336271694569,5273.46372830543,5438.9,6116.2,-0.011588785046729,0
2014-08-13,5400.0,5400.0,5290.0,5454.0,1954659366,366950,127,5472.0,5389.0,37.88976311046914,-226.13895439053613,-288.8186282727291,5604.284623958162,5273.9153760418385,5439.1,6005.98,0.012989422898497027,0
2014-08-16,5438.0,5480.0,5236.0,5435.0,3209190695,599070,169,5454.0,5268.0,34.319826323959845,-221.49357732256158,-275.3536180826956,5613.270318691074,5252.129681308926,5432.7,5892.38,-0.014806378132118492,0
2014-08-17,5232.0,5250.0,5218.0,5424.0,799467161,153148,86,5435.0,5218.0,32.938757974240175,-219.31849754198083,-264.1465939745527,5626.210106374038,5227.689893625961,5426.95,5866.12,-0.003641241855116939,0
2014-08-18,5208.0,5274.0,5208.0,5372.0,3815300207,732115,138,5424.0,5208.0,32.655720435142854,-215.9127399071449,-254.4998231610711,5638.725558233874,5200.974441766127,5419.85,5836.28,-0.009216589861751112,0
2014-08-19,5180.0,5446.0,5158.0,5356.0,4144294586,780396,174,5372.0,5288.0,37.29761778007004,-204.40210084957107,-244.4802786987711,5629.245814422318,5187.254185577682,5408.25,5810.44,-0.021180030257186067,0
2014-08-20,5300.0,5500.0,5142.0,5365.0,7061872546,1313296,197,5356.0,5459.0,45.88401874248307,-179.41339958395474,-231.46690287580782,5624.497595021527,5187.902404978473,5406.2,5787.62,-0.03297307199120714,0
2014-08-23,5275.0,5301.0,5172.0,5355.0,1232409716,235194,96,5365.0,5190.0,37.243844808929886,-179.2494495942674,-221.02341221949973,5630.746096997769,5156.753903002231,5393.75,5763.94,-0.0015414258188825025,0
2014-08-24,5201.0,5355.0,5147.0,5310.0,14224812598,2681809,181,5355.0,5199.0,37.66676228836406,-176.36032125939346,-212.0907940274785,5627.642009333168,5131.757990666832,5379.7,5736.78,-0.00230813618003467,0
2014-08-25,5293.0,5300.0,5160.0,5295.0,8167134942,1546539,189,5310.0,5160.0,36.51830025413297,-175.19806605390022,-204.71224843276286,5628.100926613387,5101.999073386613,5365.05,5707.76,0.003875968992248069,0
2014-08-26,5164.0,5296.0,5164.0,5279.0,19446515888,3684051,203,5295.0,5176.0,37.362092733279596,-171.01455481251378,-197.97270970871307,5598.336830351795,5090.363169648206,5344.35,5679.48,-0.010625965996908793,0
2014-08-27,5180.0,5420.0,5150.0,5282.0,2813032393,531097,134,5279.0,5279.0,42.64708688149338,-157.57146703293893,-189.89246117355827,5555.287989968933,5101.512010031066,5328.4,5656.06,-0.024815305929153264,0
2014-08-30,5408.0,5409.0,5182.0,5286.0,1815218034,341342,113,5282.0,5182.0,39.285397260034806,-152.98133880640034,-182.5102367001267,5533.5524824383,5091.4475175617,5312.5,5630.66,-0.02643766885372445,0
2014-08-31,5300.0,5300.0,5160.0,5279.0,1283632458,247014,62,5286.0,5187.0,39.549910942042544,-147.24284701858414,-175.4567587638182,5528.084344610519,5077.615655389482,5302.85,5604.12,-0.02853287063813381,0
2014-09-01,5199.0,5285.0,5165.0,5276.0,417913145,80616,53,5279.0,5180.0,39.291821720876726,-141.62730106495474,-168.6908672240455,5488.1406455218075,5081.659354478192,5284.9,5575.32,-0.027027027027026973,0
2014-09-02,5170.0,5200.0,5100.0,5257.0,2222590059,431990,67,5276.0,5121.0,37.094600855631484,-140.32022316892017,-163.01673841302045,5463.941704639439,5070.95829536056,5267.45,5547.36,-0.004100761570005829,0
2014-09-03,5100.0,5149.0,5081.0,5254.0,350170548,68531,50,5257.0,5148.0,38.78173268535397,-135.5432222740901,-157.5220351852344,5445.954044821883,5062.745955178118,5254.35,5522.52,-0.028749028749028738,0
2014-09-06,5148.0,5170.0,5044.0,5248.0,575480049,113240,76,5254.0,5045.0,34.93270163125206,-138.47242986618585,-153.7121141214247,5430.82201843767,5039.877981562331,5235.35,5488.02,-0.008919722497522264,0
2014-09-07,5050.0,5139.0,5039.0,5242.0,433897966,85885,72,5248.0,5039.0,34.71654952603964,-139.66799216921027,-150.9032897309818,5423.706555648513,5014.893444351487,5219.3,5453.2,-0.00972415161738438,0
2014-09-08,5100.0,5117.0,5040.0,5235.0,550610204,108956,60,5242.0,5040.0,34.78897340231481,-138.9332561710762,-148.5092830190007,5421.319161918379,4991.280838081621,5206.3,5419.18,0.040476190476190554,0
2014-09-09,5040.0,5100.0,5026.0,5208.0,1949551536,387599,119,5235.0,5100.0,39.15081007610306,-131.98799855235484,-145.2050261256715,5402.936892948317,4984.663107051683,5193.8,5391.12,0.009607843137254823,0
2014-09-10,5100.0,5100.0,5000.0,5194.0,1039305276,207595,79,5208.0,5000.0,34.95435060178724,-133.0196286396549,-142.7679466284682,5379.5720991805365,4969.127900819464,5174.35,5363.74,0.040000000000000036,0
2014-09-13,5001.0,5068.0,4987.0,5126.0,4946961413,991702,76,5194.0,5000.0,34.95435060178724,-132.31199262668815,-140.6767558281122,5374.780283150117,4947.119716849883,5160.95,5337.1,0.062000000000000055,1
2014-09-14,5141.0,5142.0,4983.0,5125.0,1733546720,338765,91,5126.0,4990.0,34.52516278765734,-131.04746876893205,-138.75089841627616,5374.043630181468,4925.056369818532,5149.55,5313.5,0.07935871743486977,1
2014-09-15,5100.0,5300.0,5000.0,5133.0,6557103381,1274626,233,5125.0,5244.0,50.98692984621281,-108.30121823913487,-132.6609623808479,5378.2537460952435,4924.446253904757,5151.35,5311.64,0.02021357742181551,0
2014-09-16,5297.0,5297.0,5148.0,5150.0,37905074992,7360160,86,5133.0,5149.0,46.29834221676413,-96.82422744525866,-125.49361539373007,5362.479251631261,4926.320748368738,5144.4,5303.54,0.031073994950475914,0
2014-09-17,5160.0,5262.0,5150.0,5158.0,2727299314,524756,67,5150.0,5200.0,49.009197161452605,-82.6604970233293,-116.92699171964992,5297.917384168925,4964.982615831074,5131.45,5299.38,0.017115384615384643,0
2014-09-20,5200.0,5320.0,5200.0,5179.0,3081726475,584995,103,5158.0,5310.0,54.360578613983186,-61.84662849306187,-105.91091907433231,5319.817184526294,4955.0828154737055,5137.45,5298.38,-0.0018832391713747842,0
2014-09-21,5299.0,5386.0,5199.0,5216.0,4286955626,806389,138,5179.0,5386.0,57.666297388330946,-38.77198359335853,-92.48313197813755,5357.764072751861,4935.835927248139,5146.8,5296.74,-0.034533976977348724,0
2014-09-22,5385.0,5389.0,5304.0,5221.0,546669628,101816,60,5216.0,5350.0,55.61152294747604,-23.123507007057924,-78.61120698392163,5385.140643225929,4927.459356774071,5156.3,5294.72,0.009345794392523255,0
2014-09-23,5360.0,5377.0,5300.0,5226.0,909935475,171320,33,5221.0,5309.0,53.28291639858181,-13.870444074690568,-65.66305440207542,5401.229226941965,4924.670773058035,5162.95,5291.84,0.0020719532868713753,0
2014-09-24,5300.0,5339.0,5184.0,5226.0,2961244936,566865,120,5226.0,5289.0,52.136082443317214,-8.058267200901355,-54.14209696184061,5402.741015276505,4924.1589847234945,5163.45,5289.92,0.04367555303460002,0
2014-09-27,5299.0,5348.0,5290.0,5257.0,5485757961,1031654,111,5226.0,5300.0,52.73859562234898,-2.5352423886633915,-43.82072604720517,5415.888658210155,4922.811341789846,5169.35,5288.0,0.048113207547169745,0
2014-09-28,5257.0,5300.0,5200.0,5257.0,2666626534,507251,156,5257.0,5200.0,46.95222217897889,-6.156402522794451,-36.287861342323026,5416.789789075771,4923.210210924229,5170.0,5285.34,0.0738461538461539,1
2014-09-29,5260.0,5419.0,5214.0,5305.0,7872926184,1469997,281,5257.0,5400.0,57.09204551470653,7.031080591750651,-27.624072955508293,5447.422971967639,4914.577028032361,5181.0,5286.34,0.03888888888888897,0
2014-09-30,5424.0,5440.0,5305.0,5308.0,19573887846,3687735,70,5305.0,5320.0,52.74874389950699,10.901261600675753,-19.919006044271487,5462.481563528209,4919.41843647179,5190.95,5282.34,0.0541353383458647,1
2014-10-01,5380.0,5520.0,5380.0,5346.0,3579649001,652973,198,5308.0,5520.0,60.781430558063875,29.763639751821756,-9.982476885052838,5515.542467214608,4903.557532785392,5209.55,5282.74,-0.005072463768115987,0
2014-10-04,5550.0,5559.0,5450.0,5370.0,1988468650,358568,153,5346.0,5555.0,61.99892254269621,46.99469226623023,1.4129569452037751,5565.930930233363,4904.169069766637,5235.05,5285.06,0.008100810081008047,0
2014-10-06,5584.0,5584.0,5480.0,5396.0,2015984181,361117,87,5370.0,5584.0,63.02320162745678,62.27264289984123,13.584894136131268,5613.267291912094,4911.332708087906,5262.3,5287.14,-0.010565902578796527,0
2014-10-07,5611.0,5611.0,5510.0,5425.0,2280203301,406505,128,5396.0,5610.0,63.96109615273689,75.60696156834092,25.9893076225732,5657.166810713146,4924.433189286854,5290.8,5290.28,-0.0017825311942959443,0
2014-10-08,5589.0,5639.0,5406.0,5492.0,6829291231,1221906,94,5425.0,5608.0,63.82698331705043,85.03291537906534,37.798029173871626,5696.313456736452,4936.086543263547,5316.2,5290.64,-0.0014265335235378318,0
2014-10-11,5600.0,5600.0,5486.0,5549.0,30458957576,5488609,258,5492.0,5492.0,56.43568208011484,82.19532459967195,46.67748825903169,5698.920426661405,4982.679573338595,5340.8,5288.52,0.010560815731973872,0
2014-10-12,5548.0,5621.0,5479.0,5542.0,4512575396,817056,218,5549.0,5600.0,60.96769586925893,87.6508267001509,54.872155947255536,5709.707420975348,5031.892579024652,5370.8,5290.52,0.0,0
2014-10-14,5620.0,5620.0,5497.0,5540.0,1027365223,186201,53,5542.0,5525.0,56.56677166557363,84.94330467972668,60.88638569374977,5693.775910399773,5101.324089600227,5397.55,5293.42,0.04778280542986435,0
2014-10-15,5500.0,5700.0,5500.0,5568.0,4881104705,866123,133,5540.0,5600.0,59.69961036597606,87.83691785825795,66.27649212665142,5715.290177355724,5115.409822644277,5415.35,5294.64,0.0,0
2014-10-18,5750.0,5750.0,5500.0,5575.0,4277045909,764284,146,5568.0,5600.0,59.69961036597606,89.10300319348062,70.84179434001726,5721.7322744019675,5154.067725598032,5437.9,5297.24,0.014107142857142874,0
2014-10-19,5521.0,5620.0,5466.0,5574.0,628005767,113270,49,5575.0,5550.0,56.54608331733656,85.0909275650256,73.69162098501893,5720.974396341595,5189.825603658404,5455.4,5300.04,0.019099099099099126,0
2014-10-20,5700.0,5795.0,5560.0,5610.0,9962657842,1768079,191,5574.0,5600.0,58.884976000116495,84.9664702770342,75.94659084342199,5733.7983895218185,5206.001610478181,5469.9,5303.54,0.03571428571428581,0
2014-10-21,5785.0,5831.0,5700.0,5649.0,3901984094,674523,118,5610.0,5789.0,66.27449698748944,98.9776052191819,80.55279371857398,5784.965903254164,5195.134096745836,5490.05,5312.12,-0.018828813266539957,0
2014-10-22,5800.0,5800.0,5600.0,5653.0,2865092545,504891,98,5649.0,5600.0,55.527055975369514,93.7501171514159,83.19225840514237,5793.832320081781,5211.267679918219,5502.55,5318.12,0.023214285714285632,0
2014-10-25,5750.0,5750.0,5616.0,5653.0,12706854201,2247663,134,5653.0,5679.0,58.552615686992496,94.8881237404712,85.53143147220814,5807.774589095938,5234.325410904063,5521.05,5324.7,-0.0031695721077654726,0
2014-10-26,5679.0,5679.0,5601.0,5652.0,1811791439,320965,66,5653.0,5656.0,57.32975946855039,92.86362037018353,86.99786925180322,5810.945502618333,5267.854497381666,5539.4,5330.04,0.0007072135785006761,0
2014-10-27,5690.0,5878.0,5654.0,5666.0,2448373232,420226,90,5652.0,5800.0,62.59669937053256,101.70637561716194,89.93957052487497,5835.244900251519,5293.555099748481,5564.4,5340.68,-0.030862068965517242,0
2014-10-28,5750.0,5879.0,5666.0,5743.0,27113450945,4711512,108,5666.0,5680.0,56.35414188465456,97.90276362414443,91.53220914472887,5805.58231970459,5371.217680295409,5588.4,5349.92,-0.014084507042253502,0
2014-10-29,5740.0,5847.0,5700.0,5742.0,2504779074,437292,88,5743.0,5730.0,58.223599304857125,97.79562871651979,92.78489305908707,5812.241168107723,5397.558831892276,5604.9,5360.36,-0.023560209424083767,0
2014-11-01,5750.0,5849.0,5661.0,5742.0,1327535781,231224,56,5742.0,5661.0,54.73914841535506,91.09293750722281,92.44650194871421,5783.886376371349,5460.013623628651,5621.95,5367.82,-0.009009009009009028,0
2014-11-02,5829.0,5829.0,5660.0,5744.0,2379292077,412058,86,5742.0,5660.0,54.68806693630224,84.72367302692146,90.90193616435567,5784.636190756556,5473.263809243444,5628.95,5371.84,-0.01590106007067138,0
2014-11-05,5661.0,5700.0,5601.0,5739.0,1292498730,229846,91,5744.0,5621.0,52.62548674254386,75.65688549361494,87.85292603020754,5784.281411202713,5480.218588797287,5632.25,5380.46,-0.021704323074186127,0
2014-11-08,5630.0,5650.0,5594.0,5733.0,1391611276,247664,104,5739.0,5600.0,51.49917677292035,66.0158766228642,83.48551614873888,5784.223377260312,5481.876622739688,5633.05,5388.48,-0.03303571428571428,0
2014-11-09,5591.0,5600.0,5551.0,5730.0,690152178,123581,76,5733.0,5595.0,51.21810276738788,57.311201563183204,78.25065323162775,5784.071011699495,5480.528988300505,5632.3,5397.18,-0.03681858802502236,0
2014-11-10,5573.0,5634.0,5505.0,5719.0,2401736724,429359,114,5730.0,5610.0,52.06336961722914,51.03476154134478,72.80747489357115,5784.109459139133,5480.690540860866,5632.4,5405.86,-0.019607843137254943,0
2014-11-11,5610.0,5610.0,5540.0,5715.0,967966010,173306,85,5719.0,5570.0,49.595453298899656,42.34484686279666,66.71494928741626,5776.981342019083,5495.618657980917,5636.3,5411.68,-0.03429084380610414,0
2014-11-12,5590.0,5590.0,5487.0,5640.0,9938836782,1809953,201,5715.0,5499.0,45.4749224955479,29.390129130454625,59.24998525602394,5783.552166735368,5478.947833264632,5631.25,5418.02,-0.0267321331151118,0
2014-11-15,5470.0,5470.0,5415.0,5613.0,3471068411,640905,100,5640.0,5415.0,41.121907406063116,12.204636558044513,49.840915516428055,5799.444991269999,5452.055008730001,5625.75,5422.58,-0.014589104339796877,0
2014-11-16,5518.0,5530.0,5389.0,5589.0,3498780939,646645,128,5613.0,5389.0,39.85036952436515,-3.4729389509157045,39.1781446229593,5817.195643498269,5413.20435650173,5615.2,5426.76,-0.02393765077008725,0
2014-11-17,5530.0,5530.0,5366.0,5578.0,1663018437,308388,108,5589.0,5500.0,47.33714435421766,-6.861661199236551,29.970183458520133,5818.311124143515,5402.088875856484,5610.2,5434.34,-0.05236363636363639,0
2014-11-18,5533.0,5560.0,5356.0,5575.0,825416813,151026,77,5578.0,5379.0,41.30209332575788,-19.090869100920827,20.157972946631944,5831.831906309496,5371.468093690503,5601.65,5438.96,-0.036437999628183726,0
2014-11-19,5500.0,5500.0,5352.0,5558.0,2686979488,498396,137,5575.0,5352.0,40.074347604055944,-30.60844373499367,10.00468961030682,5843.873545636038,5334.626454363962,5589.25,5445.1,-0.04484304932735428,0
2014-11-22,5336.0,5453.0,5336.0,5449.0,14362053416,2690417,161,5558.0,5336.0,39.32827319151093,-40.55972364789886,-0.10819304133431729,5826.654148192751,5306.54585180725,5566.6,5451.04,-0.04760119940029983,0
2014-11-23,5336.0,5348.0,5237.0,5429.0,3143975387,596382,180,5449.0,5260.0,35.908543582803375,-53.95676946401727,-10.877908325870909,5841.232919939174,5257.967080060826,5549.6,5455.44,-0.03878326996197723,0
2014-11-24,5419.0,5500.0,5212.0,5398.0,6985009536,1317487,213,5429.0,5212.0,33.90341309529943,-67.66719830041711,-22.23576632078015,5846.116769127769,5206.383230872231,5526.25,5457.68,-0.03357636224098237,0
2014-11-25,5183.0,5183.0,5183.0,5325.0,9487237899,1830453,111,5398.0,5183.0,32.71482627096164,-79.95124142522673,-33.77886134166947,5849.406228306566,5155.793771693435,5502.6,5461.34,-0.024117306579201192,0
2014-11-26,5112.0,5112.0,5112.0,5293.0,4084968528,799094,78,5325.0,5112.0,29.946725674704822,-94.32818414209851,-45.88872590175528,5826.481230309668,5109.918769690332,5468.2,5463.58,-0.015062597809076705,0
2014-11-29,5197.0,5197.0,5082.0,5266.0,3602224371,708608,102,5293.0,5082.0,28.83646031650825,-106.91036793289913,-58.093054307984055,5819.938100813054,5056.661899186946,5438.3,5465.42,-0.015348288075560768,0
2014-11-30,5056.0,5056.0,5056.0,5246.0,2645511552,523242,33,5266.0,5056.0,27.872004309782227,-117.62392653899224,-69.9992287541857,5796.158118281538,5013.041881718463,5404.6,5461.66,-0.014042721518987333,0
2014-12-01,5037.0,5300.0,5037.0,5268.0,155206654658,29464268,148,5246.0,5037.0,27.15719480820816,-126.19296617010332,-81.23797623736922,5777.506124665493,4969.293875334506,5373.4,5459.42,-0.014095691880087302,0
2014-12-02,5058.0,5210.0,5058.0,5244.0,3090775874,610927,79,5268.0,5058.0,29.314939840123827,-129.793291052938,-90.94903920048299,5747.21241623915,4939.38758376085,5343.3,5456.58,-0.022538552787663146,0
2014-12-03,5035.0,5035.0,5035.0,5212.0,4227657890,839654,37,5244.0,5035.0,28.32529111434816,-132.96969042207638,-99.35316944480167,5718.100977469907,4909.899022530093,5314.0,5451.08,-0.021648460774577938,0
2014-12-06,5004.0,5004.0,5004.0,5192.0,2605767948,520737,40,5212.0,5004.0,27.00214191250342,-136.41593277200536,-106.76572211024241,5687.444640376187,4880.955359623813,5284.2,5443.44,-0.019384492406075093,0
2014-12-07,4985.0,4985.0,4985.0,5172.0,2563451505,514233,21,5192.0,4985.0,26.194495864874582,-139.07705218836418,-113.22798812586677,5650.524948802498,4856.875051197501,5253.7,5436.14,-0.019257773319959925,0
2014-12-08,4966.0,4966.0,4966.0,5150.0,2855772790,575065,31,5172.0,4966.0,25.377068828926554,-141.0927206520273,-118.80093463109888,5601.614456436599,4841.385543563401,5221.5,5429.28,-0.019130084575110784,0
2014-12-09,4944.0,4944.0,4944.0,5131.0,2519432736,509594,24,5150.0,4944.0,24.42656237917663,-142.81903958336443,-123.604555621552,5553.076066987168,4827.323933012832,5190.2,5422.38,-0.026092233009708754,0
2014-12-10,4926.0,4926.0,4926.0,5111.0,2572889208,522308,18,5131.0,4926.0,23.64617712141616,-143.97989869385947,-127.6796242360135,5512.669053872134,4810.430946127866,5161.55,5414.9,-0.026187576126674772,0
2014-12-14,4907.0,4907.0,4907.0,5092.0,2531791185,515955,23,5111.0,4907.0,22.817508848063284,-144.76427664431867,-131.09655471767454,5483.7355434163655,4788.564456583634,5136.15,5409.04,-0.02628897493376814,0
2014-12-15,4889.0,4889.0,4889.0,5073.0,2520900403,515627,17,5092.0,4889.0,22.029855699757817,-145.1649798631188,-133.91023974676338,5454.290947705223,4768.009052294777,5111.15,5398.82,-0.027613008795254634,0
2014-12-16,4871.0,4871.0,4871.0,5015.0,7561759884,1552404,47,5073.0,4871.0,21.240248565154772,-145.26051680248474,-136.18029515790766,5388.055055077784,4771.344944922215,5079.7,5389.84,-0.02812564155204267,0
2014-12-17,4815.0,4815.0,4815.0,4996.0,2469483495,512873,21,5015.0,4815.0,18.963017674094687,-148.14721364327124,-138.5736788549804,5348.146253965915,4754.853746034085,5051.5,5375.74,-0.044652128764278265,0
2014-12-20,4797.0,4797.0,4797.0,4977.0,2411317584,502672,20,4996.0,4797.0,18.28444191332082,-150.1564808131934,-140.890239246623,5306.261504176373,4741.238495823627,5023.75,5360.58,-0.08171774025432565,0
2014-12-22,4778.0,4778.0,4778.0,4952.0,3178134480,665160,54,4977.0,4778.0,17.569744646431374,-151.5351775324989,-143.01922690379817,5259.056591847514,4732.643408152487,4995.85,5344.46,-0.08329845123482627,0
2014-12-24,4754.0,4754.0,4754.0,4931.0,2757719336,580084,38,4952.0,4754.0,16.682693023585813,-152.80298632930499,-144.97597878889954,5224.440901751071,4716.65909824893,4970.55,5327.34,-0.08624316365166174,0
2014-12-27,4734.0,4734.0,4734.0,4912.0,2444041116,516274,15,4931.0,4734.0,15.959576564072279,-153.65038084156822,-146.7108591994333,5195.059560991441,4698.2404390085585,4946.65,5309.86,-0.08386142796789187,0
2014-12-28,4520.0,4689.0,4340.0,4588.0,7544811129,1644374,401,4912.0,4600.0,12.157333308500881,-163.2527511193639,-150.01923758341943,5184.27593593116,4650.72406406884,4917.5,5292.02,-0.060434782608695614,0
2014-12-29,4669.0,4669.0,4405.0,4562.0,3854026430,870696,333,4588.0,4405.0,8.85222622947569,-184.47110103935302,-156.90961027460617,5215.520829545612,4548.779170454387,4882.15,5268.12,-0.02565266742338257,0
2014-12-30,4400.0,4500.0,4380.0,4516.0,6073663725,1386121,134,4562.0,4380.0,8.531977800293987,-200.98723159160272,-165.72513453800548,5232.6028368355155,4461.497163164485,4847.05,5245.22,-0.023972602739726012,0
2014-12-31,4351.0,4457.0,4336.0,4513.0,555393453,127134,105,4516.0,4344.0,8.078740802803694,-214.50856200613907,-175.48182003163222,5242.102284322163,4380.797715677837,4811.45,5220.1,-0.01979742173112342,0
2015-01-03,4351.0,4351.0,4333.0,4491.0,2878949661,664272,150,4513.0,4337.0,7.989862618941345,-223.21605948754404,-185.0286679228146,5240.570016797251,4312.329983202749,4776.45,5194.84,-0.020521097532856802,0
2015-01-04,4389.0,4390.0,4312.0,4470.0,2692562735,624389,106,4491.0,4322.0,7.792037945121507,-228.6909813377888,-193.76113060580946,5224.872948748164,4254.427051251835,4739.65,5170.28,-0.022211938917167995,0
2015-01-05,4300.0,4379.0,4292.0,4453.0,2236812184,521100,69,4470.0,4292.0,7.397541377903835,-232.76744738755042,-201.56239396215767,5205.04611727865,4199.95388272135,4702.5,5144.12,-0.020037278657968338,0
2015-01-06,4277.0,4288.0,4275.0,4435.0,2378985791,556461,75,4453.0,4275.0,7.175835605632301,-234.66476469277677,-208.1828681082815,5181.422670978807,4150.677329021193,4666.05,5113.84,-0.0180116959064327,0
2015-01-07,4260.0,4267.0,4258.0,4425.0,1260733673,296080,58,4435.0,4258.0,6.951472676708121,-234.8331498784346,-213.51292446231213,5152.460786585808,4106.939213414192,4629.7,5087.0,-0.01808360732738379,0
2015-01-10,4248.0,4250.0,4248.0,4402.0,3007579504,707998,55,4425.0,4248.0,6.816460388620797,-233.08663513923875,-217.42766659769745,5117.863965553631,4069.73603444637,4593.8,5058.38,-0.020009416195856833,0
2015-01-11,4226.0,4248.0,4226.0,4381.0,2823659908,667774,83,4402.0,4226.0,6.516596167470553,-230.8170109402763,-220.10553546621324,5079.450726192362,4036.349273807638,4557.9,5029.78,-0.023189777567439673,0
2015-01-12,4209.0,4347.0,4206.0,4372.0,1477188668,348644,134,4381.0,4206.0,6.24752584779246,-228.00386365117174,-221.68520110320495,5036.194040400784,4007.6059595992156,4521.9,4997.9,-0.01949595815501659,0
2015-01-13,4198.0,4200.0,4198.0,4355.0,2157685142,513979,96,4372.0,4198.0,6.138346360405507,-223.83967288448093,-222.11609545946015,4987.242761520918,3985.657238479082,4486.45,4968.26,-0.020962363030014308,0
2015-01-14,4181.0,4190.0,4181.0,4336.0,2461035596,588623,58,4355.0,4181.0,5.902299697662954,-219.38237615405978,-221.5693515983801,4932.746367011139,3969.3536329888607,4451.05,4937.28,-0.019373355656541524,0
2015-01-17,4163.0,4180.0,4163.0,4300.0,4642004914,1115059,97,4336.0,4163.0,5.654364304274367,-214.82600548317077,-220.22068237533827,4872.094640664905,3959.2053593350947,4415.65,4907.32,-0.01873648810953643,0
2015-01-18,4128.0,4248.0,4128.0,4295.0,719767345,174136,60,4300.0,4128.0,5.197205215516021,-211.60006258736576,-218.49655841774378,4815.20602668285,3947.39397331715,4381.3,4876.68,0.011385658914728758,0
2015-01-19,4197.0,4197.0,4124.0,4278.0,2234387457,541673,42,4295.0,4124.0,5.145998157057477,-206.9803060440745,-216.19330794300993,4750.669242706452,3944.630757293547,4347.65,4846.74,-0.0009699321047527132,0
2015-01-20,4140.0,4140.0,4107.0,4259.0,2553862851,620455,61,4278.0,4110.0,4.961731830092916,-202.1188978572318,-213.3784259258543,4677.867312557677,3950.6326874423235,4314.25,4816.94,-0.00194647201946474,0
2015-01-21,4090.0,4120.0,4089.0,4255.0,573252559,140134,53,4259.0,4100.0,4.828727524506988,-196.80447380364058,-210.06363550141157,4595.309446059639,3967.790553940361,4281.55,4787.04,0.017073170731707332,0
2015-01-24,4085.0,4140.0,4085.0,4236.0,2470297199,604618,57,4255.0,4085.0,4.628312166994391,-191.5945464248589,-206.36981768610104,4496.1165176494005,4002.0834823505998,4249.1,4756.54,-0.001223990208078285,0
2015-01-25,4067.0,4175.0,4067.0,4234.0,408010995,98689,41,4236.0,4175.0,24.79669802242445,-178.14979367595788,-200.7258128840724,4416.74920590523,4038.95079409477,4227.85,4728.64,-0.03233532934131733,0
2015-01-26,4120.0,4185.0,4120.0,4233.0,232737667,55996,25,4234.0,4120.0,21.767270843322706,-169.97342279091026,-194.57533486544,4389.442429440735,4037.7575705592653,4213.6,4701.06,-0.02014563106796119,0
2015-01-27,4200.0,4245.0,4070.0,4224.0,2695629689,648678,101,4233.0,4102.0,20.86869159621095,-163.06631257851313,-188.27353040805463,4364.323327604605,4035.0766723953943,4199.7,4674.8,-0.020965382740126715,0
2015-01-28,4070.0,4190.0,4070.0,4218.0,1542282246,372735,66,4224.0,4170.0,32.24754563285208,-150.37195201234954,-180.6932147289136,4342.029798356513,4039.9702016434867,4191.0,4650.42,-0.04460431654676256,0
2015-01-31,4103.0,4200.0,4066.0,4208.0,2511919165,608754,98,4218.0,4080.0,26.7623438732699,-145.89207462276408,-173.7329867076837,4320.805213685316,4035.494786314684,4178.15,4622.02,-0.031127450980392157,0
2015-02-01,4065.0,4070.0,4040.0,4205.0,437012568,107909,66,4208.0,4040.0,24.747551309535567,-143.91049462097817,-167.7684882903426,4302.735940136687,4025.364059863314,4164.05,4595.24,-0.029207920792079234,0
2015-02-02,4199.0,4199.0,4037.0,4183.0,3664442254,899650,68,4205.0,4037.0,24.597978874670815,-140.957285279168,-162.4062476881077,4287.45300213947,4015.1469978605305,4151.3,4568.94,-0.030715878127322238,0
2015-02-03,4037.0,4037.0,4016.0,4150.0,4246691552,1057381,65,4183.0,4016.0,23.52608517423168,-138.7123801221469,-157.66747417491555,4274.245952815323,4002.454047184678,4138.35,4542.54,-0.028635458167330707,0
2015-02-04,4000.0,4030.0,3984.0,4117.0,4500235695,1126934,180,4150.0,3984.0,21.956007858942044,-137.92548998348866,-153.7190773366302,4264.716091512463,3984.583908487536,4124.65,4517.02,-0.026606425702811243,0
2015-02-07,3954.0,3955.0,3953.0,4085.0,4192150044,1060492,119,4117.0,3953.0,20.526819604413703,-138.2101146328755,-150.61728479587927,4256.8624441535,3962.937555846499,4109.9,4491.84,-0.022767518340500836,0
2015-02-08,3922.0,3950.0,3922.0,4076.0,1165299780,297098,42,4085.0,3922.0,19.18214294307559,-139.33100158458456,-148.36002815362033,4252.93792210328,3936.46207789672,4094.7,4466.62,-0.019122896481387097,0
2015-02-09,3959.0,3959.0,3913.0,4063.0,1689711034,431357,52,4076.0,3913.0,18.7971491846086,-139.3393204033364,-146.55588660356355,4248.294435246925,3911.8055647530755,4080.05,4442.64,-0.025044722719141377,0
2015-02-10,3901.0,3902.0,3901.0,4039.0,3128493052,801972,57,4063.0,3901.0,18.270607246481248,-138.71519047041056,-144.98774737693296,4241.41986264763,3888.9801373523696,4065.2,4419.02,-0.030248654191233015,0
2015-02-14,3998.0,3998.0,3878.0,4023.0,2124863486,547861,48,4039.0,3878.0,17.27195615794652,-138.480157725578,-143.68622944666197,4235.689947186866,3864.410052813134,4050.05,4395.46,0.0028365136668386803,0
2015-02-15,3863.0,3863.0,3863.0,4007.0,2027626892,524884,34,4023.0,3863.0,16.63341297244618,-137.91447500269715,-142.53187855786902,4230.006892649466,3840.093107350534,4035.05,4371.98,-0.053844162567952325,0
2015-03-08,3847.0,3847.0,3847.0,3973.0,2030281179,527757,36,4007.0,3847.0,15.955801456596816,-137.17595463573753,-141.46069377344273,4227.308506832677,3814.6914931673227,4021.0,4347.76,-0.05328827657915258,0
2015-03-09,3815.0,3815.0,3815.0,3940.0,2006793005,526027,23,3973.0,3815.0,14.668719258119822,-137.5867896230393,-140.68591294336204,4224.579198947359,3786.5208010526417,4005.55,4323.36,0.001310615989515096,0
2015-03-10,3783.0,3783.0,3783.0,3908.0,1935515205,511635,25,3940.0,3783.0,13.496289758589356,-138.8934348168168,-140.327417318053,4222.926849102781,3755.473150897219,3989.2,4298.94,-0.049431667988369066,0
2015-03-11,3752.0,3989.0,3752.0,3806.0,6202002753,1652439,133,3908.0,3889.0,32.68847891898298,-129.8784880618923,-138.23763146682086,4210.459641713862,3746.8403582861383,3978.65,4277.02,-0.0611982514785292,0
2015-03-14,3874.0,3874.0,3654.0,3790.0,1056733439,288882,91,3806.0,3655.0,21.400632958079925,-140.00206552670215,-138.59051827879713,4222.808634325142,3691.491365674859,3957.15,4250.8,0.0046511627906977715,0
2015-03-15,3645.0,3800.0,3639.0,3750.0,15848397995,4225959,139,3790.0,3642.0,20.967447269845906,-147.37521521535155,-140.34745766610803,4209.974149057631,3651.0258509423697,3930.5,4224.76,-0.011532125205930832,0
2015-03-16,3600.0,3820.0,3600.0,3745.0,1459811613,392700,85,3750.0,3820.0,39.13435605996614,-137.27297961283648,-139.73256205545374,4184.694725043934,3646.305274956065,3915.5,4202.64,-0.031151832460732942,0
2015-03-17,3620.0,3620.0,3596.0,3692.0,3377024070,939001,87,3745.0,3596.0,29.83890274013433,-145.66270408821265,-140.91859046200554,4178.930046914878,3601.4699530851212,3890.2,4176.42,0.02947719688542816,0
2015-03-18,3600.0,3718.0,3564.0,3690.0,702957535,191722,78,3692.0,3651.0,33.98513365125446,-146.18841182147617,-141.97255473389967,4140.758860602072,3587.7411393979287,3864.25,4151.66,0.0517666392769105,1
2015-03-25,3590.0,3780.0,3590.0,3691.0,102767390,27437,16,3690.0,3672.0,35.55121083981466,-143.25911261737792,-142.22986631059533,4113.803533022715,3573.8964669772845,3843.85,4127.68,0.06154684095860574,1
2015-03-28,3595.0,3719.0,3595.0,3683.0,1382435505,380495,86,3691.0,3600.0,32.68797381221499,-145.07508489203155,-142.7989100268826,4095.9603974522597,3547.73960254774,3821.85,4103.38,0.11111111111111116,1
2015-03-29,3692.0,3790.0,3650.0,3691.0,1824920079,489403,127,3683.0,3701.0,39.98935106725966,-136.78759781500003,-141.5966475845061,4065.1857145634335,3544.914285436567,3805.05,4081.46,0.038908403134288116,0
2015-03-30,3778.0,3778.0,3680.0,3693.0,590381509,158787,83,3691.0,3702.0,40.05867796263005,-128.65594728097176,-139.00850752379924,4034.1121498341213,3544.5878501658785,3789.35,4059.94,0.019719070772555414,0
2015-03-31,3700.0,3840.0,3700.0,3749.0,4527426957,1185180,150,3693.0,3840.0,48.84186104816741,-109.81028435794724,-133.16886289062884,4011.5764805802014,3552.723519419799,3782.15,4041.66,-0.025781249999999978,0
2015-04-04,3898.0,3898.0,3898.0,3898.0,12476523500,3200750,131,3749.0,3898.0,52.023753361134204,-89.16698395548747,-124.36848710360059,4001.779315565581,3557.0206844344193,3779.4,4024.94,-0.04899948691636735,0
2015-04-05,4053.0,4053.0,3923.0,4005.0,8465317342,2097888,512,3898.0,4000.0,57.07957365845828,-63.84055789708782,-112.26290126229804,4017.943644685762,3548.656355314238,3783.3,4012.94,-0.08474999999999999,0
2015-04-06,4121.0,4121.0,3845.0,3932.0,5072483540,1315617,133,4005.0,3845.0,48.68371231252265,-55.635061037690775,-100.9373332173766,4008.8287225129616,3550.9712774870386,3779.9,4001.74,-0.055656697009102696,0
2015-04-07,3775.0,3775.0,3775.0,3896.0,2321560825,614983,47,3932.0,3775.0,45.43349982199151,-54.1562807514083,-91.58112272418295,3995.684128184374,3551.515871815626,3773.6,3989.64,-0.04635761589403975,0
2015-04-08,3741.0,3885.0,3741.0,3861.0,2504633669,667120,152,3896.0,3741.0,43.90042840592961,-55.09277732766668,-84.2834536448797,3983.928152656777,3549.571847343223,3766.75,3977.58,-0.03769045709703289,0
2015-04-11,3707.0,3707.0,3707.0,3813.0,2977936896,803328,78,3861.0,3707.0,42.36107666594028,-57.91091251045964,-79.00894541799569,3972.9224047427765,3544.977595257223,3758.95,3964.98,-0.0366873482600486,0
2015-04-12,3661.0,3661.0,3661.0,3782.0,1949229891,532431,18,3813.0,3661.0,40.30205959425304,-63.12841543133209,-75.83283942066298,3963.674554645962,3535.625445354038,3749.65,3951.76,-0.033051078940180334,0
2015-04-13,3631.0,3631.0,3631.0,3750.0,1985615981,546851,20,3782.0,3631.0,38.97163670092404,-68.88995287154512,-74.44426211083942,3958.232896462045,3522.6671035379545,3740.45,3938.54,-0.03249793445331861,0
2015-04-14,3600.0,3600.0,3600.0,3749.0,72730800,20203,17,3750.0,3600.0,37.59071769016089,-75.0918417164803,-74.5737780319676,3956.4169473660163,3506.183052633984,3731.3,3925.04,-0.03388888888888886,0
2015-04-15,3600.0,3600.0,3600.0,3719.0,1893078000,525855,42,3749.0,3600.0,37.59071769016089,-79.09512395434695,-75.47804721644347,3936.6601680800663,3497.0398319199335,3716.85,3911.88,-0.04166666666666663,0
2015-04-18,3571.0,3571.0,3571.0,3687.0,2106629317,589927,29,3719.0,3571.0,36.19909053883649,-83.64362002157259,-77.11116177746929,3940.103973347104,3485.1960266528963,3712.65,3898.34,-0.042005040604872534,0
2015-04-19,3540.0,3540.0,3540.0,3659.0,1844874540,521151,28,3687.0,3540.0,34.71942624138612,-88.72698736744314,-79.43432689546407,3945.446174814524,3469.6538251854763,3707.55,3884.62,-0.04067796610169494,0
2015-04-20,3513.0,3513.0,3513.0,3622.0,2366174124,673548,31,3659.0,3513.0,33.437434470778214,-93.85239497611747,-82.31794051159476,3938.5595745883957,3445.840425411604,3692.2,3870.76,-0.038998007401081725,0
2015-04-21,3478.0,3478.0,3478.0,3593.0,1894897872,544824,33,3622.0,3478.0,31.798332374018145,-99.59050754728833,-85.77245391873348,3946.8364465700965,3425.763553429904,3686.3,3856.36,-0.03392754456584246,0
2015-04-22,3460.0,3460.0,3450.0,3563.0,1974972750,572395,45,3593.0,3450.0,30.509823473532236,-105.18486346433338,-89.65493582785345,3956.2384818905375,3396.2615181094625,3676.25,3841.74,-0.026956521739130435,0
2015-04-25,3421.0,3421.0,3421.0,3535.0,1886979127,551587,46,3563.0,3421.0,29.190505892209828,-110.68260826014557,-93.86047031431188,3965.0145200473453,3362.3854799526544,3663.7,3826.9,-0.029231218941829895,0
2015-04-26,3394.0,3396.0,3394.0,3516.0,1303911514,384181,54,3535.0,3396.0,28.063869186214532,-115.72291990062376,-98.23296023157425,3975.82809370478,3331.17190629522,3653.5,3812.26,-0.03121319199057715,0
2015-04-27,3421.0,3421.0,3376.0,3499.0,1135508668,336321,56,3516.0,3376.0,27.160722558753207,-119.94854389358397,-102.57607696397619,3980.4542394717027,3294.0457605282973,3637.25,3797.3,-0.031101895734597207,0
2015-04-28,3360.0,3360.0,3360.0,3496.0,200346720,59627,17,3499.0,3360.0,26.427983381352377,-123.16863626534905,-106.69458882425077,3982.30260594305,3257.9973940569503,3620.15,3782.3,-0.02946428571428572,0
2015-04-29,3357.0,3357.0,3357.0,3459.0,2529663993,753549,53,3496.0,3357.0,26.284797996073948,-124.52718571598689,-110.261108202598,3960.6976830078997,3231.3023169921003,3596.0,3767.44,-0.03157581173666968,0
2015-05-03,3322.0,3369.0,3321.0,3427.0,2271572298,683871,62,3459.0,3321.0,24.56485223002639,-127.04425795547877,-113.61773815317416,3922.901753321494,3211.398246678506,3567.15,3752.16,-0.024992472146943667,0
2015-05-04,3302.0,3302.0,3290.0,3407.0,1360092035,413355,60,3427.0,3290.0,23.159506170722253,-130.04145976185555,-116.90248247491044,3846.941785480213,3216.358214519787,3531.65,3734.46,-0.022492401215805424,0
2015-05-05,3271.0,3293.0,3271.0,3392.0,1017039729,310921,34,3407.0,3271.0,22.31679726630209,-132.42341035361096,-120.00666805065055,3803.056964249894,3202.8430357501056,3502.95,3717.48,-0.022317334148578394,0
2015-05-06,3257.0,3298.0,3257.0,3386.0,443384159,135837,41,3392.0,3261.0,21.86582967611271,-133.57823306391992,-122.72098105330443,3767.6427512719206,3186.8572487280794,3477.25,3700.66,-0.007666360012266171,0
2015-05-09,3251.0,3251.0,3251.0,3372.0,1020316597,313847,27,3386.0,3251.0,21.40012095098274,-133.75847042312034,-124.9284789272676,3732.4855000554344,3173.0144999445656,3452.75,3682.28,0.030144570901261103,0
2015-05-10,3238.0,3238.0,3238.0,3349.0,1648935310,509245,29,3372.0,3238.0,20.78049120475991,-133.41240601311347,-126.62526434443679,3698.2744225595684,3160.325577440432,3429.3,3665.44,0.021309450277949393,0
2015-05-11,3216.0,3217.0,3216.0,3331.0,1301224328,404608,49,3349.0,3216.0,19.738887048055844,-133.37588938404133,-127.9753893523577,3669.21290735198,3144.8870926480204,3407.05,3648.96,0.0258084577114428,0
2015-05-12,3198.0,3216.0,3198.0,3313.0,1304843290,407926,51,3331.0,3198.0,18.90398639828298,-133.2632237699927,-129.0329562358847,3641.454994075946,3129.345005924054,3385.4,3632.18,0.009380863039399667,0
2015-05-13,3182.0,3260.0,3181.0,3305.0,962380921,297742,69,3313.0,3236.0,26.018288246460827,-128.62494474166397,-128.95135393704055,3611.1111313393144,3123.2888686606852,3367.2,3616.58,0.009270704573547617,0
2015-05-17,3261.0,3370.0,3261.0,3307.0,1089606416,328188,96,3305.0,3349.0,42.2441651653748,-114.510909095633,-126.06326496875904,3573.9436615390846,3135.3563384609156,3354.65,3603.88,-0.025679307255897288,0
2015-05-18,3399.0,3400.0,3270.0,3308.0,1807402900,545966,61,3307.0,3307.0,38.8348946441736,-105.49836368525894,-121.95028471205903,3537.6269354210945,3145.273064578905,3341.45,3590.96,-0.017538554581191357,0
2015-05-19,3176.0,3380.0,3176.0,3306.0,427780360,130867,75,3308.0,3299.0,38.202466032555385,-97.87316869211463,-117.13486150807016,3503.700200777873,3155.0997992221273,3329.4,3578.5,-0.03000909366474691,0
2015-05-20,3360.0,3360.0,3174.0,3288.0,2206079562,683717,94,3306.0,3228.0,33.057193294179314,-96.44746698874314,-112.99738260420476,3472.8931773206064,3157.406822679394,3315.15,3564.8,-0.02571251548946718,0
2015-05-23,3250.0,3293.0,3126.0,3283.0,1396198478,429117,47,3288.0,3266.0,37.879572618116896,-91.20000876543281,-108.63790783645037,3444.5949570359294,3164.505042964071,3304.55,3552.1,-0.014084507042253502,0
2015-05-24,3199.0,3263.0,3130.0,3280.0,588719074,182309,68,3283.0,3263.0,37.64898653981529,-86.28875222277702,-104.16807671371569,3419.2041934419594,3171.19580655804,3295.2,3539.8,-0.013484523444682761,0
2015-05-25,3131.0,3276.0,3131.0,3277.0,623382883,192776,51,3280.0,3249.0,36.53138843746195,-82.5743631682999,-99.84933400463254,3397.6988748421286,3175.5011251578712,3286.6,3527.52,-0.007694675284703023,0
2015-05-26,3266.0,3269.0,3114.0,3253.0,1659017394,528603,79,3277.0,3200.0,32.85526513709074,-82.63204281885692,-96.40587576747743,3381.9904938251666,3171.6095061748338,3276.8,3514.58,0.00374999999999992,0
2015-05-27,3121.0,3199.0,3096.0,3238.0,1093710644,350305,107,3253.0,3145.0,29.29217503783802,-86.12302211409315,-94.34930503680057,3374.965769108989,3155.534230891011,3265.25,3501.18,0.0025437201907789753,0
2015-05-30,3110.0,3220.0,3100.0,3234.0,898180179,281445,87,3238.0,3220.0,39.00603718797321,-81.89375492814906,-91.85819501507027,3360.502383792133,3155.997616207867,3258.25,3489.92,-0.021739130434782594,0
2015-05-31,3210.0,3300.0,3100.0,3230.0,888538934,279037,76,3234.0,3219.0,38.92924379694299,-77.72673642146174,-89.03190329634856,3344.2096251940015,3158.4903748059983,3251.35,3476.52,-0.048151599875737805,0
2015-06-01,3224.0,3224.0,3170.0,3229.0,739650490,230062,54,3230.0,3224.0,39.56986347983723,-73.17734315928237,-85.86099126893532,3334.296355227129,3158.703644772871,3246.5,3467.9,-0.03287841191066998,0
2015-06-02,3200.0,3220.0,3150.0,3228.0,373130160,116339,41,3229.0,3212.0,38.52536065553645,-69.73633882954891,-82.63606078105805,3329.242714587935,3155.9572854120647,3242.6,3459.3,0.04763387297633881,0
2015-06-06,3217.0,3217.0,3152.0,3228.0,84789298,26613,14,3228.0,3153.0,33.80112387639542,-70.95223186090243,-80.29929499702693,3330.5724666298033,3142.8275333701963,3236.7,3445.96,0.04662226450999052,0
2015-06-07,3150.0,3180.0,3110.0,3224.0,535896505,170290,49,3228.0,3150.0,33.57566698301565,-71.3355984027221,-78.50655567816598,3331.5198659516936,3130.7801340483065,3231.15,3437.04,0.04444444444444451,0
2015-06-08,3105.0,3120.0,3063.0,3211.0,900286006,291537,64,3224.0,3064.0,27.84241357427824,-77.68341437249273,-78.34192741703134,3345.2238226241457,3098.3761773758547,3221.8,3425.3,0.054177545691906026,1
2015-06-09,3052.0,3130.0,3051.0,3205.0,453197822,146627,66,3211.0,3118.0,35.31174788266806,-77.46380107960658,-78.1663021495464,3346.917657053327,3084.6823429466735,3215.8,3414.22,0.03271327774214239,0
2015-06-10,3100.0,3365.0,3070.0,3206.0,2087963560,650112,95,3205.0,3365.0,57.157352762637906,-56.70525731931548,-73.87409318350021,3369.6123926804876,3076.8876073195124,3223.25,3409.52,-0.022288261515601815,0
2015-06-13,3331.0,3331.0,3201.0,3207.0,369755679,114086,28,3206.0,3300.0,52.164856363024256,-44.980412409465316,-68.09535702869323,3377.911057736162,3078.7889422638377,3228.35,3401.5,-0.025454545454545507,0
2015-06-14,3339.0,3339.0,3200.0,3208.0,443642667,137393,29,3207.0,3290.0,51.42071559698688,-36.07940386289374,-61.692166395533334,3382.9966682463323,3079.103331753668,3231.05,3393.26,-0.020668693009118555,0
2015-06-15,3221.0,3249.0,3200.0,3208.0,197591325,61404,43,3208.0,3230.0,47.08102356300726,-33.48084270688605,-56.04990165780388,3367.099859123726,3083.1001408762736,3225.1,3381.06,-0.009287925696594423,0
2015-06-16,3200.0,3260.0,3168.0,3209.0,396115187,122894,61,3208.0,3220.0,46.37848401601156,-31.861105701958877,-51.21214246663489,3357.6877595521264,3083.8122404478736,3220.75,3367.5,0.009006211180124124,0
2015-06-17,3221.0,3290.0,3210.0,3210.0,399343317,123071,54,3209.0,3290.0,51.800380408425454,-24.64494587528361,-45.89870314836463,3356.2619063971815,3084.338093602819,3220.3,3353.3,-0.021580547112462045,0
2015-06-20,3296.0,3297.0,3140.0,3210.0,601754653,187345,70,3210.0,3216.0,46.45296493922803,-24.613539220477833,-41.64167036278727,3355.6265978061524,3083.7734021938472,3219.7,3340.72,0.0003109452736318463,0
2015-06-21,3216.0,3240.0,3160.0,3210.0,869200249,270920,63,3210.0,3222.0,46.93132338991081,-23.8298042149122,-38.07929713321226,3351.772111740132,3083.227888259868,3217.5,3329.66,-0.003724394785847296,0
2015-06-22,3203.0,3217.0,3121.0,3209.0,797437021,249872,55,3210.0,3200.0,45.33220371196663,-24.699187851977058,-35.40327527696522,3347.1525225330943,3081.5474774669055,3214.35,3318.84,-0.022499999999999964,0
2015-06-23,3196.0,3251.0,3121.0,3209.0,1200825811,373907,74,3209.0,3249.0,49.462577338895,-21.19002474310264,-32.56062517019271,3347.1525225330943,3081.5474774669055,3214.35,3309.68,-0.02123730378578026,0
2015-06-24,3240.0,3240.0,3191.0,3209.0,468311815,146165,47,3209.0,3219.0,47.11547923517811,-20.59236105674063,-30.166972347502295,3347.950065929699,3082.6499340703012,3215.3,3300.84,-0.05809257533395462,0
2015-06-27,3200.0,3220.0,3132.0,3209.0,374759270,116843,45,3209.0,3217.0,46.95551072755405,-20.048979410083575,-28.14337376001855,3347.5715197359355,3090.2284802640647,3218.9,3292.56,-0.05502020516008699,0
2015-06-28,3199.0,3240.0,3150.0,3208.0,660310207,206316,45,3209.0,3210.0,46.36219265752091,-19.95317920931211,-26.505334849877265,3347.1282408454144,3089.6717591545857,3218.4,3284.76,-0.08598130841121499,0
2015-06-29,3239.0,3240.0,3122.0,3202.0,1640400134,517603,105,3208.0,3128.0,39.987924042292924,-26.19204595561041,-26.442677071023894,3348.469872200031,3079.2301277999686,3213.85,3275.32,-0.05690537084398972,0
2015-06-30,3200.0,3200.0,3100.0,3191.0,2255489285,714728,158,3202.0,3180.0,45.13906867611496,-26.633413965324507,-26.480824449884018,3346.9707670357798,3076.3292329642204,3211.65,3267.5,-0.35597484276729563,0
2015-07-01,3197.0,3197.0,3032.0,3128.0,4444591370,1454762,220,3191.0,3032.0,35.73695163050148,-38.48196822973978,-28.881053205855174,3358.991005469287,3046.3089945307133,3202.65,3257.34,-0.3433377308707124,0
2015-07-04,3082.0,3089.0,2972.0,3088.0,3241372990,1076850,215,3128.0,3040.0,36.506814073328336,-46.68830597844453,-32.44250376037305,3367.624734406079,3026.375265593921,3197.0,3247.88,-0.34671052631578947,0
2015-07-05,3000.0,3136.0,2934.0,3050.0,2963781789,998761,158,3088.0,2934.0,31.17726582600737,-61.04155286442801,-38.162313581184044,3391.2322901182633,2981.1677098817363,3186.2,3237.0,-0.32344921608725286,0
2015-07-06,2963.0,3000.0,2917.0,3041.0,1093656187,368360,138,3050.0,2950.0,32.77263556656574,-70.3149907054185,-44.59284900603093,3404.285164814688,2956.714835185312,3180.5,3227.0,-0.327457627118644,0
2015-09-12,2155.0,2200.0,2048.0,2095.0,1435429865,685163,92,2155.0,2048.0,13.613599838815915,-148.7336102024292,-65.42100124531059,3669.5502741600194,2584.4497258399806,3127.0,3199.54,-0.03271484375,0
2015-09-13,1991.0,2000.0,1991.0,2090.0,484004191,243084,70,2095.0,1991.0,13.092711219172386,-213.02473818211047,-94.94174863267057,3780.9703536129596,2335.629646387041,3058.3,3171.44,-0.0055248618784530246,0
2015-09-14,1986.0,1986.0,1986.0,2089.0,56553336,28476,15,2090.0,1986.0,13.04555767189747,-261.3665081014383,-128.2267005264241,3843.0517387783084,2142.1482612216914,2992.6,3143.64,-0.004531722054380682,0
2015-09-15,1985.0,1985.0,1985.0,2088.0,117988400,59440,10,2089.0,1985.0,13.035445944506975,-296.3423505385017,-161.84983052883965,3871.5957889718215,1983.1042110281783,2927.35,3116.14,-0.004030226700251882,0
2015-09-16,1984.0,1984.0,1984.0,2085.0,302333824,152386,15,2088.0,1984.0,13.024573907765046,-320.4477273705206,-193.56940989717583,3882.7618403511815,1847.3381596488189,2865.05,3088.68,-0.0040322580645161255,0
2015-09-19,1981.0,1981.0,1981.0,2084.0,93523010,47210,10,2085.0,1981.0,12.989572475679367,-335.9211966563412,-222.03976724900895,3876.178356873793,1730.021643126207,2803.1,3061.88,-0.003028773346794522,0
2015-09-20,1980.0,1980.0,1980.0,2081.0,251533260,127037,11,2084.0,1980.0,12.977053701084102,-344.29589542265194,-246.4909928837376,3843.2312947773,1631.9687052227002,2737.6,3035.68,-0.002525252525252486,0
2015-09-21,1977.0,1977.0,1977.0,2081.0,30766074,15562,4,2081.0,1977.0,12.936772830107742,-347.1729853914412,-266.6273913852783,3805.693587650892,1545.6064123491083,2675.65,3009.8,-0.0010116337885685,0
2015-09-22,1977.0,1977.0,1977.0,2080.0,93185895,47135,10,2081.0,1977.0,12.936772830107742,-345.47072841095996,-282.39605879041466,3753.3214709754657,1473.4785290245345,2613.4,2984.12,-0.0015174506828528056,0
2015-09-23,1976.0,1976.0,1976.0,2078.0,178705488,90438,14,2080.0,1976.0,12.921267679600149,-340.2798350113135,-293.9728140345944,3691.004214951297,1413.3957850487027,2552.2,2958.62,-0.0010121457489878916,0
2015-09-26,1975.0,1975.0,1975.0,2078.0,2186325,1107,2,2078.0,1975.0,12.904611336945806,-332.4148349402358,-301.6612182157227,3606.610101908935,1370.3898980910649,2488.5,2933.36,-0.0010126582278481289,0
2015-09-27,1975.0,1975.0,1975.0,2078.0,38097750,19290,6,2078.0,1975.0,12.904611336945806,-322.4645946003293,-305.82189349264405,3512.9026136498937,1339.6973863501066,2426.3,2908.54,-0.0010126582278481289,0
2015-09-28,1975.0,1975.0,1975.0,2077.0,100926450,51102,9,2078.0,1975.0,12.904611336945806,-310.99401205937284,-306.85631720598985,3403.898340861786,1324.5016591382139,2364.2,2884.08,-0.0010126582278481289,0
2015-09-29,1974.0,1974.0,1974.0,2077.0,16784922,8503,4,2077.0,1974.0,12.883868180352621,-298.5427691904256,-305.193607602877,3278.6537375040984,1326.1462624959017,2302.4,2858.84,-0.0005065856129685686,0
2015-09-30,1974.0,1974.0,1974.0,2076.0,47899110,24265,4,2077.0,1974.0,12.883868180352621,-285.3853251285391,-301.23195110800947,3152.9953484361204,1336.4046515638793,2244.7,2831.34,-0.006585612968591725,0
2015-10-03,1973.0,1973.0,1973.0,2076.0,12232600,6200,4,2076.0,1973.0,12.859894390959525,-271.90430399596653,-295.3664216856009,2990.7239269040538,1377.9760730959458,2184.35,2804.66,-0.014698428788646689,0
2015-10-04,1973.0,1973.0,1973.0,2076.0,25266238,12806,5,2076.0,1973.0,12.859894390959525,-258.24362585510835,-287.9418625195024,2841.5096816623754,1421.290318337625,2131.4,2778.14,-0.022807906741003525,0
2015-10-05,1973.0,1973.0,1973.0,2076.0,5129800,2600,2,2076.0,1973.0,12.859894390959525,-244.59786804269652,-279.2730636241413,2654.9193006137652,1501.1806993862351,2078.05,2753.04,-0.023821591485048144,0
2015-10-06,1973.0,1973.0,1973.0,2064.0,1073335676,544012,62,2076.0,1973.0,12.859894390959525,-231.1193071578423,-269.6423123308815,2453.343831879705,1606.656168120295,2030.0,2727.18,-0.040040547389761816,0
2015-10-07,1961.0,1961.0,1961.0,2046.0,1606631612,819292,40,2064.0,1961.0,12.484924570011572,-218.88260780751034,-259.4903714262073,2013.881516475681,1947.2184835243188,1980.55,2701.14,-0.03620601733809281,0
2015-10-10,1944.0,1944.0,1944.0,2029.0,1538180280,791245,62,2046.0,1944.0,11.953189767248816,-208.157186860014,-249.22373451296863,1994.3265642455674,1956.3734357544324,1975.35,2675.04,0.008230452674897082,0
2015-10-11,1928.0,1939.0,1928.0,1998.0,2934645195,1522058,114,2029.0,1928.0,11.458543947739344,-198.6582708828014,-239.1106417869352,1999.0298339645378,1945.3701660354623,1972.2,2649.6,-0.014004149377593311,0
2015-10-12,1899.0,1930.0,1899.0,1987.0,1132771556,594389,112,1998.0,1926.0,11.395066117369666,-189.11173248603586,-229.11085992675535,2001.9511830406668,1936.4488169593333,1969.2,2625.22,-0.01349948078920038,0
2015-10-13,1900.0,1925.0,1891.0,1980.0,745379533,392006,79,1987.0,1894.0,10.402133601080578,-182.02983793032467,-219.69465552746925,2010.1572520655898,1919.1427479344104,1964.65,2598.7,0.016367476240760404,0
2015-10-14,1921.0,1969.0,1890.0,1972.0,1274968508,664713,99,1980.0,1890.0,10.281531358233025,-174.7260192564163,-210.70092827325865,2014.9244485243728,1904.9755514756273,1959.95,2572.12,0.007936507936507908,0
2015-10-17,1905.0,1960.0,1890.0,1969.0,640963064,331939,88,1972.0,1960.0,26.369871742186533,-161.42842890783913,-200.84642840017474,2013.0217145936676,1904.7782854063325,1958.9,2546.84,-0.005102040816326481,0
2015-10-18,1960.0,1960.0,1900.0,1966.0,695376408,361405,88,1969.0,1901.0,22.678539534032723,-153.8770013822268,-191.45254299658518,2013.671290777337,1896.2287092226632,1954.95,2520.62,0.02472382956338759,0
2015-10-19,1907.0,1920.0,1900.0,1962.0,612291766,320525,63,1966.0,1900.0,22.620741293343613,-146.2868288036732,-182.4194001580028,2013.5144213347742,1888.6855786652256,1951.1,2495.56,0.011052631578947425,0
2015-10-20,1900.0,1935.0,1900.0,1959.0,731880795,381028,53,1962.0,1925.0,27.589263046371002,-136.6787240335393,-173.2712649331101,2010.7141462253842,1886.2858537746158,1948.5,2471.06,-0.012987012987012991,0
2015-10-21,1900.0,1920.0,1900.0,1956.0,571205472,299204,42,1959.0,1905.0,26.143045962319206,-129.18885591980438,-164.45478313044896,2008.5691008310541,1881.330899168946,1944.95,2447.88,-0.0047244094488189115,0
2015-10-25,1970.0,1995.0,1910.0,1993.0,20661258913,10365605,57,1956.0,1950.0,34.4668463530863,-118.25874436722233,-155.21557537780365,2005.874271130036,1881.525728869964,1943.7,2424.52,-0.03282051282051279,0
2015-10-26,1975.0,2020.0,1910.0,1992.0,418853245,213923,57,1993.0,1948.0,34.28192052450474,-108.50713281614276,-145.8738868654715,2002.8984103057262,1881.8015896942736,1942.35,2396.18,-0.03542094455852152,0
2015-10-27,1947.0,1950.0,1921.0,1992.0,18779000,9700,11,1992.0,1921.0,31.80130520268858,-101.78427894773426,-137.05596528192405,1998.9366763324554,1880.3633236675448,1939.65,2368.6,-0.02342529932326909,0
2015-10-28,1930.0,1930.0,1897.0,1986.0,635164844,333558,53,1992.0,1900.0,29.984015026588267,-97.03236461837969,-129.0512451492152,1995.4360487051172,1876.463951294883,1935.95,2340.8,-0.013157894736842146,0
2015-10-31,1915.0,1918.0,1896.0,1985.0,97262319,51102,30,1986.0,1896.0,29.63661226034172,-92.52266120229433,-121.74552835983103,1991.2732217170403,1872.8267782829596,1932.05,2314.12,-0.012658227848101222,0
2015-11-01,1896.0,1950.0,1886.0,1977.0,795993615,421065,62,1985.0,1886.0,28.740099561229968,-88.73274928140358,-115.14297254414555,1987.0332958004499,1868.3667041995502,1927.7,2287.44,-0.009013785790031759,0
2015-11-02,1880.0,1882.0,1879.0,1974.0,299843647,159549,47,1977.0,1879.0,28.09932321646528,-85.31065020627375,-109.1765080765712,1982.1269819163929,1863.8730180836071,1923.0,2259.22,-0.011176157530601416,0
2015-11-03,1876.0,1876.0,1876.0,1973.0,74023208,39458,13,1974.0,1876.0,27.813119152100555,-81.89663354961908,-103.72053317118078,1975.9748215781005,1860.3251784218996,1918.15,2232.42,-0.014925373134328401,0
2015-11-04,1875.0,1875.0,1875.0,1970.0,265033125,141351,25,1973.0,1875.0,27.711796151800627,-78.36831128529275,-98.65008879400318,1968.189512106833,1858.310487893167,1913.25,2205.48,-0.017066666666666674,0
2015-11-07,1872.0,1875.0,1872.0,1967.0,265615464,141887,39,1970.0,1872.0,27.389431582899178,-74.9501863057178,-93.91010829634612,1961.9360517025377,1855.6639482974622,1908.8,2178.92,-0.020299145299145338,0
2015-11-08,1870.0,1871.0,1869.0,1955.0,1190450876,636868,28,1967.0,1869.0,27.0505535119281,-71.65735122136994,-89.45955688135089,1958.3058916039624,1851.7941083960375,1905.05,2151.32,-0.023542001070090968,0
2015-11-09,1858.0,1858.0,1858.0,1945.0,944098108,508126,25,1955.0,1858.0,25.790535038096834,-69.13837956017028,-85.39532141711477,1957.4480320810255,1845.6519679189744,1901.55,2124.1,-0.019375672766415497,0
2015-11-10,1848.0,1848.0,1848.0,1940.0,524985384,284083,27,1945.0,1848.0,24.66570653013504,-67.1746453007097,-81.75118619383376,1956.9602857060183,1838.3397142939818,1897.65,2096.72,-0.02002164502164505,0
2015-11-11,1843.0,1843.0,1843.0,1930.0,957549080,519560,31,1940.0,1843.0,24.0997371238024,-65.26944443873117,-78.45483784281325,1959.0246430614072,1831.1753569385926,1895.1,2069.38,-0.022788931090613085,0
2015-11-14,1834.0,1834.0,1834.0,1921.0,932906282,508673,19,1930.0,1834.0,23.073449456056863,-63.75090308602762,-75.51405089145612,1961.5563353818768,1823.043664618123,1892.3,2043.5,-0.023446019629225767,0
2015-11-15,1826.0,1834.0,1825.0,1917.0,438903750,240470,24,1921.0,1825.0,22.061683330780042,-62.55260540985205,-72.92176179513531,1953.3982865702874,1817.7017134297125,1885.55,2016.4,-0.02356164383561643,0
2015-11-16,1822.0,1822.0,1822.0,1906.0,1046267102,574241,26,1917.0,1822.0,21.719793076724017,-61.14023423438857,-70.56545628298596,1954.4076918362473,1808.7923081637525,1881.6,1992.2,-0.03238199780461026,0
2015-11-17,1811.0,1821.0,1811.0,1895.0,1131346255,624705,33,1906.0,1811.0,20.4673287808628,-60.214413692536255,-68.49524776489602,1955.577737379832,1798.7222626201683,1877.15,1967.62,-0.032026504693539515,0
2015-11-18,1801.0,1801.0,1801.0,1885.0,1037610130,576130,28,1895.0,1801.0,19.37359438060622,-59.6005723712276,-66.71631268616234,1952.7973578713263,1789.1026421286738,1870.95,1944.96,-0.03442531926707382,0
2015-11-21,1791.0,1791.0,1791.0,1875.0,987301287,551257,20,1885.0,1791.0,18.319340463677094,-59.23815455685485,-65.22068106030085,1952.5171186101288,1777.9828813898712,1865.25,1921.78,-0.03405918481295367,0
2015-11-22,1782.0,1785.0,1782.0,1855.0,2006863633,1126174,31,1875.0,1782.0,17.40153673864178,-58.997079009333675,-63.97596065010742,1942.1899671344577,1771.5100328655421,1856.85,1916.46,-0.030864197530864224,0
2015-11-23,1763.0,1763.0,1763.0,1845.0,1057015465,599555,35,1855.0,1763.0,15.622127155249018,-59.65154028681036,-63.111076577448,1931.50804484974,1763.69195515026,1847.6,1911.9,-0.021554169030062353,0
2015-11-24,1755.0,1755.0,1753.0,1830.0,1563827993,892081,72,1845.0,1753.0,14.766290630823136,-60.282226013758645,-62.54530646471014,1925.6328640651348,1752.7671359348653,1839.2,1907.24,-0.02110667427267543,0
2015-11-25,1739.0,1739.0,1739.0,1821.0,944136141,542919,34,1830.0,1739.0,13.639695086277271,-61.20618518998572,-62.27748220976526,1923.237512674077,1739.0624873259233,1831.15,1902.32,-0.017826336975273138,0
2015-11-28,1730.0,1730.0,1730.0,1817.0,371133440,214528,43,1821.0,1730.0,12.955395241568127,-61.95052716349733,-62.21209120051167,1919.853659675779,1725.8463403242208,1822.85,1897.24,-0.01387283236994219,0
2015-11-29,1727.0,1738.0,1727.0,1815.0,189914912,109965,20,1817.0,1727.0,12.726200852450475,-62.067028400140316,-62.1830786404374,1915.8790076723408,1713.9209923276594,1814.9,1892.16,-0.01273885350318471,0
2015-11-30,1730.0,1732.0,1725.0,1806.0,978970575,567387,27,1815.0,1725.0,12.566589358466786,-61.61053189437462,-62.06856929122485,1910.9026518006508,1703.4973481993493,1807.2,1887.06,0.05507246376811592,1
2015-12-01,1716.0,1716.0,1716.0,1797.0,911111916,530951,21,1806.0,1716.0,11.846552747595723,-61.26871233123188,-61.90859789922626,1905.101085879623,1693.298914120377,1799.2,1881.84,0.07226107226107237,1
2015-12-05,1708.0,1735.0,1708.0,1795.0,166707771,97565,32,1797.0,1708.0,11.230566548767825,-60.940862675422295,-61.715050854465474,1897.8570557976407,1683.8429442023591,1790.85,1876.46,0.0884074941451991,1
2015-12-06,1708.0,1708.0,1706.0,1794.0,83954348,49208,23,1795.0,1706.0,11.075517991888916,-60.14906180348726,-61.40185304426983,1888.8410626086477,1676.2589373913522,1782.55,1871.06,0.09026963657678788,1
2015-12-07,1721.0,1731.0,1705.0,1793.0,63722440,37362,16,1794.0,1705.0,10.993790493290945,-58.92301768099105,-60.906085971614075,1877.9690619069274,1670.7309380930724,1774.35,1865.66,0.055718475073313734,1
2015-12-08,1705.0,1821.0,1705.0,1814.0,9457392397,5208211,64,1793.0,1820.0,53.49423520761002,-48.11716524677331,-58.34830182664592,1871.140374355713,1673.759625644287,1772.45,1862.56,-0.01098901098901095,0
2015-12-09,1780.0,1873.0,1757.0,1815.0,338227715,183848,49,1814.0,1840.0,57.311892248976896,-37.507256185813276,-54.1800926984794,1869.5702029862048,1674.5297970137951,1772.05,1859.86,-0.0494565217391304,0
2015-12-13,1736.0,1860.0,1736.0,1818.0,754154279,406675,72,1815.0,1859.0,60.619258553721124,-27.251546737074705,-48.794383506198464,1872.91452913231,1672.7854708676898,1772.85,1857.56,-0.0699300699300699,0
2015-12-14,1852.0,1868.0,1771.0,1822.0,1244669696,671755,54,1818.0,1860.0,60.79144040134461,-18.826115724677493,-42.80072994989427,1877.963823696421,1670.3361763035791,1774.15,1855.28,-0.050000000000000044,0
2015-12-15,1869.0,1869.0,1776.0,1822.0,121636533,66738,32,1822.0,1800.0,47.40022941755231,-16.796776718102137,-37.59993930353585,1874.8193798571745,1670.9806201428257,1772.9,1851.82,-0.04055555555555557,0
2015-12-16,1772.0,1839.0,1771.0,1822.0,105828316,58430,13,1822.0,1800.0,47.40022941755232,-15.01542249109184,-33.08303594104705,1872.036919298582,1671.563080701418,1771.8,1848.36,-0.04222222222222227,0
2015-12-19,1778.0,1778.0,1731.0,1820.0,204749636,117566,27,1822.0,1749.0,38.943527887494234,-17.517034734988556,-29.969835699835354,1867.7234315223877,1669.6765684776124,1768.7,1843.88,-0.01658090337335616,0
2015-12-20,1729.0,1729.0,1729.0,1819.0,95672486,55334,24,1820.0,1729.0,36.214853030006076,-20.872804615705718,-28.15042948300943,1864.399345367768,1665.8006546322317,1765.1,1839.0,-0.0080971659919028,0
2015-12-21,1733.0,1770.0,1729.0,1817.0,210633492,120652,50,1819.0,1767.0,44.21297437541024,-20.232763301558634,-26.566896246719274,1862.4959430730635,1665.3040569269367,1763.9,1835.12,-0.03112620260328236,0
2015-12-22,1727.0,1758.0,1727.0,1814.0,320759570,185710,22,1817.0,1727.0,38.71049713231892,-22.691616821226035,-25.79184036162063,1860.6372353142124,1661.6627646857878,1761.15,1830.78,-0.0057903879559930704,0
2015-12-23,1740.0,1750.0,1724.0,1807.0,718941342,417000,24,1814.0,1724.0,38.325249955048534,-24.59879132442734,-25.553230554181972,1859.9861101068227,1658.4138898931774,1759.2,1826.7,-0.006380510440835319,0
2015-12-26,1718.0,1720.0,1717.0,1805.0,177243906,103218,27,1807.0,1720.0,37.78529570745899,-26.13177657537517,-25.668939758420613,1859.7585612385958,1655.341438761404,1757.55,1822.58,-0.005813953488372103,0
2015-12-27,1730.0,1735.0,1715.0,1802.0,292954754,170589,59,1805.0,1715.0,37.08201295997945,-27.43389577112748,-26.02193096096199,1859.9555499983626,1652.7444500016372,1756.35,1819.0,-0.004081632653061273,0
2015-12-28,1713.0,1713.0,1712.0,1799.0,359409086,209928,25,1802.0,1712.0,36.6413419880685,-28.38075387867002,-26.4936955445036,1860.2612111868898,1650.6387888131103,1755.45,1815.44,0.05724299065420557,1
2015-12-30,1747.0,1760.0,1717.0,1798.0,85695600,49340,18,1799.0,1717.0,37.9645392311168,-28.400306482828,-26.87501773216848,1860.3928280655568,1649.5071719344432,1754.95,1810.58,0.04775771694816533,0
2016-01-02,1713.0,1760.0,1713.0,1798.0,46855268,27297,20,1798.0,1713.0,37.293532601214494,-28.411063577449795,-27.182226901224745,1860.6011646546158,1648.098835345384,1754.35,1806.82,0.015761821366024442,0
2016-01-03,1709.0,1710.0,1709.0,1797.0,132358531,77445,32,1798.0,1710.0,36.76863792648616,-28.335034935601243,-27.412788508100046,1860.7654627524153,1647.3345372475846,1754.05,1803.02,0.010526315789473717,0
2016-01-04,1711.0,1769.0,1708.0,1792.0,592360444,346607,58,1797.0,1708.0,36.400811327887844,-28.112106114374,-27.55265202935484,1860.7654627524153,1647.3345372475846,1754.05,1798.68,0.004683840749414525,0
2016-01-05,1728.0,1830.0,1703.0,1784.0,2442018344,1387686,160,1792.0,1810.0,58.953441516024235,-19.480328763106172,-25.938187376105105,1866.228268776722,1652.271731223278,1759.25,1796.78,-0.06961325966850829,0
2016-01-06,1770.0,1835.0,1770.0,1785.0,575864517,319997,74,1784.0,1799.0,56.62156943466234,-13.373035068943864,-23.425156914672858,1869.2276804002956,1658.6723195997045,1763.95,1793.76,-0.0494719288493608,0
2016-01-09,1799.0,1799.0,1700.0,1780.0,836777837,485842,72,1785.0,1740.0,46.090924117873435,-13.14227180350099,-21.368579892438483,1862.4477560264854,1657.4522439735147,1759.95,1789.6,-0.03505747126436787,0
2016-01-10,1703.0,1765.0,1702.0,1772.0,1761691800,1014477,56,1780.0,1728.0,44.28682040080149,-13.768969851333395,-19.848657884217467,1850.801594027586,1657.898405972414,1754.35,1785.74,-0.04571759259259256,0
2016-01-11,1712.0,1775.0,1712.0,1771.0,330819429,190669,61,1772.0,1716.0,42.49549825685295,-15.060326215289479,-18.89099155043187,1832.0660119863007,1662.3339880136994,1747.2,1782.06,-0.01573426573426573,0
2016-01-12,1706.0,1759.0,1683.0,1763.0,964060500,568977,126,1771.0,1684.0,38.072981409227026,-18.453151557815772,-18.80342355190865,1810.1395287861217,1666.6604712138785,1738.4,1777.82,-0.026128266033254133,0
2016-01-13,1705.0,1720.0,1675.0,1758.0,639429327,380056,75,1763.0,1710.0,43.24149400238276,-18.82698165172883,-18.808135171872685,1800.7428005880413,1667.057199411959,1733.9,1774.3,-0.005847953216374324,0
2016-01-16,1729.0,1782.0,1671.0,1735.0,2834552492,1686955,234,1758.0,1679.0,39.056004576304254,-21.378250452923112,-19.32215822808277,1791.4936170440508,1664.206382955949,1727.85,1770.3,0.012507444907683185,0
2016-01-17,1750.0,1750.0,1649.0,1700.0,4255717276,2567853,189,1735.0,1649.0,35.47719135344724,-25.526643383170267,-20.56305525910027,1794.295853556714,1651.4041464432858,1722.85,1765.76,0.0806549423893268,1
2016-01-18,1616.0,1699.0,1616.0,1699.0,439341690,260591,62,1700.0,1689.0,42.97966387377661,-25.295023674581216,-21.50944894219646,1793.7205015108752,1647.9794984891246,1720.85,1762.04,0.08348134991119016,1
2016-01-19,1670.0,1694.0,1640.0,1698.0,362143525,217560,59,1699.0,1640.0,37.263603903621075,-28.734124772699943,-22.95438410829716,1792.154362340074,1636.845637659926,1714.5,1757.4,0.17012195121951224,1
2016-01-20,1630.0,1728.0,1630.0,1698.0,817822162,482545,114,1698.0,1700.0,46.6244660228613,-26.31479800031184,-23.626466886700094,1790.826959199256,1635.4730408007442,1713.15,1754.02,0.13235294117647056,1
2016-01-23,1711.0,1729.0,1660.0,1698.0,2003296389,1179552,135,1698.0,1700.0,46.6244660228613,-24.119430323936285,-23.72505957414733,1789.6609386794569,1634.2390613205432,1711.95,1750.86,0.1264705882352941,1
2016-01-24,1711.0,1782.0,1710.0,1743.0,5928510060,3335187,249,1698.0,1782.0,56.833318214466026,-15.583237069522966,-22.09669507322246,1798.530476702303,1631.5695232976968,1715.05,1749.54,0.09932659932659926,1
2016-01-25,1830.0,1830.0,1802.0,1828.0,15656289002,8566133,344,1743.0,1830.0,61.47799630897379,-4.88868979532981,-18.65509401764393,1818.1624156974676,1623.4375843025323,1720.8,1749.28,0.1081967213114754,1
2016-01-26,1919.0,1919.0,1880.0,1918.0,16586295414,8649250,462,1828.0,1919.0,68.29079763751567,10.64565567357181,-12.794944079400782,1861.119650266712,1601.1803497332883,1731.15,1750.98,0.07608129233976024,1
2016-01-27,2013.0,2013.0,1900.0,1958.0,8803826071,4468503,446,1918.0,1925.0,68.69278026492577,23.17375362586131,-5.601204538348364,1896.259372665189,1586.840627334811,1741.55,1752.98,0.03896103896103886,0
2016-01-30,1980.0,2000.0,1900.0,1956.0,2773706210,1423062,221,1958.0,1915.0,67.16452690295085,31.927405826363156,1.90451753459394,1923.0586053570855,1580.2413946429147,1751.65,1754.84,0.06475195822454305,1
2016-01-31,1902.0,2010.0,1871.0,1960.0,6018149051,3067370,277,1956.0,1959.0,70.29592092231309,41.931806771754964,9.909975382026147,1956.487005773433,1571.7129942265667,1764.1,1757.8,0.010719754977029039,0
2016-02-01,1994.0,2049.0,1963.0,2003.0,6947616739,3433901,409,1960.0,2028.0,74.41631403791244,54.79643079709899,18.887266465040717,2002.1089187183131,1558.0910812816867,1780.1,1762.34,-0.023668639053254448,0
2016-02-02,2039.0,2102.0,2039.0,2050.0,6597403059,3175040,345,2003.0,2065.0,76.31370574226818,67.20265838621935,28.550344849276446,2047.1972232804608,1538.502776719539,1792.85,1767.82,-0.03147699757869249,0
2016-02-03,2096.0,2144.0,1960.0,2056.0,8773861194,4264895,406,2050.0,2000.0,66.9236187754343,70.97160982058767,37.03459784353869,2072.831769138954,1532.9682308610465,1802.9,1772.18,-0.030000000000000027,0
2016-02-06,2060.0,2100.0,2030.0,2068.0,6987195065,3370792,288,2056.0,2039.0,69.35972210329291,76.22680983531382,44.87304024189372,2104.7759660443653,1530.9240339556343,1817.85,1777.7,-0.06620892594409022,0
2016-02-07,2077.0,2080.0,1980.0,2048.0,4098249024,2029345,307,2068.0,1980.0,61.928803662527386,74.76889748405574,50.85221169032613,2122.5722175571354,1538.3277824428646,1830.45,1782.24,-0.028282828282828243,0
2016-02-08,2050.0,2050.0,1950.0,2002.0,6911257454,3484050,369,2048.0,1980.0,61.928803662527386,72.77459125461928,55.23668760318476,2137.7447296204145,1549.5552703795856,1843.65,1787.06,-0.045454545454545414,0
2016-02-09,2048.0,2063.0,1981.0,2025.0,11288581803,5574665,504,2002.0,2000.0,63.467530509689055,71.97820214318472,58.584990511184756,2151.485254704825,1567.414745295175,1859.45,1792.46,-0.030000000000000027,0
2016-02-10,2000.0,2000.0,1931.0,2004.0,3229487302,1645024,206,2025.0,1940.0,56.13722783043872,65.74766136193898,60.0175246813356,2156.582963767345,1585.317036232655,1870.95,1796.72,0.015463917525773141,0
2016-02-13,1990.0,1990.0,1904.0,1983.0,2281778636,1191336,166,2004.0,1904.0,52.238717017585266,57.245127571938156,59.46304525945611,2154.099687367461,1610.3003126325393,1882.2,1800.3,-0.006302521008403339,0
2016-02-14,1950.0,1984.0,1891.0,1973.0,1870812855,968247,143,1983.0,1924.0,54.143985843951135,51.52667371855341,57.87577095127557,2146.2422092086153,1645.6577907913847,1895.95,1804.46,0.014033264033264103,0
2016-02-15,1962.0,1970.0,1890.0,1947.0,5393391022,2799172,393,1973.0,1890.0,50.45886796201775,43.746954332356836,55.05000762749182,2137.6972161907306,1674.3027838092696,1906.0,1808.1,0.023809523809523725,0
2016-02-16,1959.0,1968.0,1890.0,1938.0,3508641139,1824396,165,1947.0,1940.0,55.279295598249576,41.14179578952621,52.26836525989871,2118.138529949224,1723.8614700507758,1921.0,1812.78,-0.030927835051546393,0
2016-02-17,1920.0,2034.0,1890.0,1981.0,7960361939,3996060,389,1938.0,1970.0,57.92464684361844,41.02502717859625,50.01969764363822,2104.3428685301433,1764.6571314698567,1934.5,1818.08,-0.045685279187817285,0
2016-02-20,1997.0,1998.0,1890.0,1964.0,3680998963,1902654,263,1981.0,1892.0,49.69395563056711,34.24379790019111,46.8645176949488,2077.6708051579835,1810.529194842016,1944.1,1819.52,-0.022198731501057112,0
2016-02-21,1896.0,2060.0,1871.0,1975.0,4571954516,2298412,245,1964.0,1951.0,54.9127345831318,33.24717897380333,44.141049950719704,2063.499492971154,1841.6005070288463,1952.55,1821.74,-0.04971809328549459,0
2016-02-22,1993.0,1993.0,1900.0,1962.0,3294573944,1701357,196,1975.0,1935.0,53.2979597520498,30.81111367280073,41.47506269513591,2054.015591203082,1861.584408796918,1957.8,1823.26,-0.05633074935400517,0
2016-02-23,1939.0,1939.0,1868.0,1941.0,2615194666,1386609,172,1962.0,1880.0,48.065566732290364,24.1639273124963,38.01283561860799,2056.605694581287,1855.0943054187126,1955.85,1823.66,-0.03510638297872337,0
2016-02-24,1896.0,1930.0,1869.0,1936.0,984992906,521316,108,1941.0,1880.0,48.065566732290364,18.680645379921543,34.146397570870704,2058.9174249141925,1848.2825750858074,1953.6,1825.26,-0.034574468085106336,0
2016-02-27,1929.0,1950.0,1840.0,1906.0,4101543991,2199336,286,1936.0,1850.0,45.25505865866896,11.77857953098237,29.672833962893037,2063.9198463085822,1836.7801536914174,1950.35,1826.26,-0.011351351351351346,0
2016-02-28,1846.0,1900.0,1841.0,1901.0,1094648217,587827,111,1906.0,1854.0,45.710872024265115,6.555837574907628,25.049434685295957,2066.0527179957217,1824.1472820042784,1945.1,1828.36,-0.008090614886731351,0
2016-02-29,1844.0,1859.0,1807.0,1878.0,3140105311,1713243,188,1901.0,1826.0,43.011221421911955,0.15561709564781268,20.07067116736633,2060.2357775978885,1809.7642224021117,1935.0,1830.3,0.015881708652792925,0
2016-03-01,1828.0,1830.0,1790.0,1841.0,4541720455,2519030,253,1878.0,1814.0,41.86992582138987,-5.817839030218465,14.892969127849375,2043.2895216414804,1801.6104783585197,1922.45,1831.24,0.07331863285556772,1
2016-03-02,1850.0,1860.0,1770.0,1839.0,354836943,197831,76,1841.0,1815.0,42.00802392421459,-10.35182500882911,9.844010300513679,2037.1606388759649,1789.2393611240352,1913.2,1833.0,0.12286501377410475,1
2016-03-05,1832.0,1910.0,1810.0,1854.0,4347292654,2318891,275,1839.0,1829.0,44.01334569869481,-12.66931459311013,5.341345321788918,2017.4956444754432,1787.9043555245569,1902.7,1835.1,0.16074357572443954,1
2016-03-06,1869.0,1890.0,1831.0,1855.0,2223777230,1196763,134,1854.0,1839.0,45.46397449310784,-13.542911109648003,1.564494035501534,2007.880610755395,1783.419389244605,1895.65,1837.48,0.21207177814029365,1
2016-03-07,1830.0,1889.0,1830.0,1855.0,1423225491,766796,136,1855.0,1855.0,47.79469954420393,-12.79666437919036,-1.307737647436845,1995.9221103364275,1782.8778896635727,1889.4,1840.28,0.261455525606469,1
2016-03-08,1911.0,1947.0,1911.0,1945.0,30192662176,15524758,934,1855.0,1947.0,58.71933139859797,-4.7271358652512845,-1.991617290999733,1984.4021888670436,1789.0978111329564,1886.75,1844.98,0.25988700564971756,1
2016-03-09,2000.0,2042.0,1980.0,2022.0,13594672689,6723983,741,1945.0,2038.0,66.24391584349253,8.908274062937153,0.1883609797876442,2007.6159863517191,1775.684013648281,1891.65,1851.4,0.23650637880274772,1
2016-03-12,2123.0,2123.0,2123.0,2123.0,111897839922,52707414,1387,2022.0,2123.0,71.47430750351357,26.270395527325036,5.4047678892951225,2056.3613735322765,1748.8386264677233,1902.6,1859.6,0.2430522845030616,1
2016-03-14,2229.0,2229.0,2229.0,2229.0,11184624933,5017777,149,2123.0,2229.0,76.38779933209551,48.029659973471325,13.929746306130365,2127.4403384952166,1708.2596615047833,1917.85,1869.98,0.21579183490354414,1
2016-03-15,2340.0,2340.0,2242.0,2337.0,94585802174,40479629,1781,2229.0,2340.0,80.22838890237064,73.3848710355694,25.820771252018176,2218.5407798446063,1662.1592201553938,1940.35,1882.62,0.11153846153846159,1
2016-03-16,2400.0,2453.0,2250.0,2400.0,35324062086,14721030,1036,2337.0,2453.0,83.2205168473792,101.42801507526906,40.94222001666836,2322.8198424843586,1609.1801575156417,1966.0,1895.48,0.1002853648593558,1
2016-03-26,2520.0,2520.0,2490.0,2514.0,10143801722,4027930,168,2400.0,2520.0,84.69907009347378,127.58799385195402,58.27137478372549,2424.40068460212,1562.5993153978802,1993.5,1909.9,0.04801587301587307,0
2016-03-27,2639.0,2639.0,2551.0,2633.0,61708951059,23437814,1172,2514.0,2639.0,86.90599577483766,156.12258698067353,77.8416172231151,2542.0925158284404,1519.6074841715595,2030.85,1927.88,0.04206138688897321,0
2016-03-28,2689.0,2764.0,2511.0,2737.0,34457006651,12589150,1060,2633.0,2710.0,88.01656884608478,182.36339257177087,98.74597229284626,2657.5120178751336,1480.0879821248668,2068.8,1947.52,-0.02324723247232474,0
2016-03-29,2710.0,2750.0,2601.0,2621.0,24692811774,9422232,974,2737.0,2601.0,77.19223649339668,192.1490562961717,117.42658909351135,2730.75981260983,1473.4401873901695,2102.1,1965.22,-0.011918492887351029,0
2016-03-30,2531.0,2730.0,2531.0,2651.0,28365580313,10699128,814,2621.0,2699.0,79.61909476755112,205.4438178318569,135.03003484118045,2813.7942060805644,1472.305793919436,2143.05,1985.52,-0.047795479807336005,0
2016-04-02,2690.0,2782.0,2620.0,2707.0,19461438613,7190435,536,2651.0,2641.0,74.56238414665623,208.89192082611908,149.8024120381682,2873.8180956136953,1488.3819043863045,2181.1,2004.14,-0.03067020068156001,0
2016-04-03,2632.0,2842.0,2572.0,2786.0,92909905228,33343195,746,2707.0,2750.0,77.45968760077436,217.90804800594105,163.42353923172277,2943.4300216711176,1508.7699783288822,2226.1,2025.56,-0.08727272727272728,0
2016-04-04,2750.0,2770.0,2647.0,2680.0,9266691287,3469978,418,2786.0,2647.0,69.41405153905015,214.27215849718687,173.59326308481562,2984.090831354243,1547.4091686457568,2265.75,2045.52,-0.017755950132225196,0
2016-04-05,2647.0,2701.0,2546.0,2591.0,9773767287,3772516,438,2680.0,2570.0,64.05741436294795,202.8392290131519,179.4424562704829,3003.1755279484764,1602.7244720515232,2302.95,2063.14,-0.01945525291828798,0
2016-04-06,2536.0,2668.0,2490.0,2593.0,10382213901,4003855,435,2591.0,2570.0,64.05741436294795,191.5702474628324,181.8680145089528,3012.3519282214284,1669.1480717785716,2340.75,2081.74,-0.038132295719844334,0
2016-04-09,2600.0,2600.0,2481.0,2556.0,5536139207,2190048,284,2593.0,2560.0,63.32142060952186,179.76041579277808,181.44649476571786,3010.3214372380226,1745.6785627619774,2378.0,2098.94,-0.080078125,0
2016-04-10,2560.0,2620.0,2480.0,2545.0,5476694581,2159963,327,2556.0,2510.0,59.63215506235675,164.4705429368346,178.05130439994122,2993.769339536494,1830.3306604635063,2412.05,2115.14,-0.06374501992031878,0
2016-04-11,2559.0,2610.0,2500.0,2573.0,8745805676,3393782,328,2545.0,2600.0,63.72863095215788,157.79647681965025,174.00033888388305,2973.54432367807,1926.6556763219296,2450.1,2131.5,-0.058461538461538454,0
2016-04-12,2641.0,2698.0,2520.0,2602.0,8271337337,3171320,364,2573.0,2520.0,58.08603762525628,144.38749080966636,168.07776926903972,2930.25055939863,2036.44944060137,2483.35,2145.3,0.01984126984126977,0
2016-04-13,2639.0,2639.0,2472.0,2478.0,14118158191,5697706,368,2602.0,2472.0,54.942706417853714,128.40737367011025,160.14369014925384,2883.0372236277744,2136.1627763722254,2509.6,2156.36,0.023867313915857613,0
2016-04-16,2499.0,2499.0,2355.0,2421.0,4812501863,2035650,204,2478.0,2355.0,48.10875594919571,105.09067364715202,149.1330868488335,2839.694156653434,2211.2058433465654,2525.45,2164.96,0.06666666666666665,1
2016-04-17,2300.0,2468.0,2300.0,2332.0,9289779972,3985535,319,2421.0,2350.0,47.83492928203107,85.22612891523704,136.35169526211422,2805.1233869621387,2268.4766130378616,2536.8,2173.66,0.07659574468085117,1
2016-04-18,2400.0,2448.0,2352.0,2448.0,261471448890,106812286,2606,2332.0,2448.0,53.429919796111754,76.5091650493182,124.38318921955502,2780.4445422454914,2315.0554577545086,2547.75,2183.44,0.013071895424836555,0
2016-04-19,2570.0,2570.0,2513.0,2570.0,330101455119,128457907,3190,2448.0,2570.0,59.28452363022856,78.53992937032945,115.2145372497099,2771.5816980359837,2346.9183019640163,2559.25,2194.28,-0.040856031128404635,0
2016-04-20,2630.0,2690.0,2529.0,2622.0,127869949785,48772941,3140,2570.0,2531.0,56.82517135744682,76.12483099653127,107.39659599907418,2770.3352069787948,2355.9647930212054,2563.15,2203.6,-0.06005531410509679,0
2016-04-23,2645.0,2680.0,2500.0,2597.0,63703118770,24527984,1770,2622.0,2512.0,55.614732284024036,71.84947094872359,100.28717098900407,2770.2974644288524,2355.2025355711476,2562.75,2213.84,0.0,0
2016-04-24,2549.0,2550.0,2468.0,2492.0,56069099833,22503911,1661,2597.0,2530.0,56.55880943575335,69.1169299317944,94.05312277756215,2762.2605815537304,2352.33941844627,2557.3,2223.66,-0.031620553359683834,0
2016-04-25,2537.0,2580.0,2466.0,2519.0,35917220099,14258379,1142,2492.0,2480.0,53.17534846932061,62.199788907911625,87.68245600363204,2740.765227645439,2350.834772354561,2545.8,2233.66,-0.02620967741935487,0
2016-04-26,2481.0,2500.0,2422.0,2456.0,18025479111,7339570,718,2519.0,2465.0,52.167109171590255,54.87496572500777,81.12095794790719,2735.2722598607215,2342.7277401392785,2539.0,2243.36,-0.042190669371196754,0
2016-04-27,2480.0,2480.0,2350.0,2393.0,25560629911,10683043,1167,2456.0,2379.0,46.69995170051516,41.65038954780357,73.22684426788646,2716.6460688752218,2329.3539311247782,2523.0,2250.94,-0.0008406893652794789,0
2016-04-30,2400.0,2512.0,2400.0,2507.0,73637747289,29368077,1397,2393.0,2512.0,54.62061094391583,41.42429266198542,66.86633394670626,2702.484907940451,2330.615092059549,2516.55,2262.38,-0.060509554140127375,0
2016-05-01,2512.0,2562.0,2416.0,2453.0,26057990416,10621256,745,2507.0,2450.0,50.82862417316375,35.82921057011072,60.65890927138716,2655.3608903518116,2347.739109648189,2501.55,2273.3,-0.048979591836734726,0
2016-05-02,2478.0,2498.0,2402.0,2429.0,15244318556,6274714,624,2453.0,2415.0,48.770241104753765,28.24526636057817,54.17618068922537,2632.731616431568,2347.1683835684316,2489.95,2283.12,0.01200828157349898,0
2016-05-03,2459.0,2464.0,2351.0,2393.0,20487276899,8560239,713,2429.0,2361.0,45.69554560322586,17.673854044156997,46.87571536021169,2627.80306804246,2331.19693195754,2479.5,2292.54,-0.021177467174925857,0
2016-05-04,2402.0,2449.0,2370.0,2396.0,7436571830,3102238,472,2393.0,2377.0,46.76643270118934,10.466350331358171,39.593842354440994,2618.4585798021158,2321.241420197884,2469.85,2301.28,-0.05553218342448463,0
2016-05-07,2429.0,2450.0,2301.0,2373.0,17618941133,7424856,828,2396.0,2360.0,45.73446650596557,3.344045709292459,32.34388302541129,2609.7583386299675,2309.9416613700323,2459.85,2309.08,-0.06483050847457628,0
2016-05-08,2360.0,2362.0,2300.0,2328.0,9782346139,4202400,485,2373.0,2330.0,43.893733634207344,-4.667378660808026,24.94163068816743,2609.019877001889,2292.6801229981106,2450.85,2317.84,-0.08154506437768239,0
2016-05-09,2364.0,2444.0,2321.0,2398.0,20718737746,8639146,716,2328.0,2444.0,51.82805226436183,-1.7969290515043213,19.59391874023308,2585.6494038935266,2300.4505961064738,2443.05,2327.7,-0.11620294599018,0
2016-05-10,2404.0,2428.0,2281.0,2312.0,12885786356,5572546,590,2398.0,2311.0,44.00873818910304,-10.137210080665682,13.647692976053328,2581.5998657408254,2283.6001342591744,2432.6,2335.22,-0.03072263089571614,0
2016-05-11,2358.0,2358.0,2197.0,2226.0,15783975385,7089450,636,2312.0,2245.0,40.725186695391436,-21.821051797749988,6.553944021292666,2589.8143793652102,2252.6856206347898,2421.25,2342.52,-0.011135857461024523,0
2016-05-14,2230.0,2277.0,2201.0,2231.0,9791011730,4388049,526,2226.0,2207.0,38.92444393988969,-33.75772491742873,-1.5083897664516144,2604.8937384233645,2222.8062615766353,2413.85,2349.06,-0.009515178975985528,0
2016-05-15,2235.0,2235.0,2120.0,2147.0,24755316532,11531090,1214,2231.0,2140.0,35.90953459244139,-48.0698451688304,-10.820680846927372,2627.493056976499,2179.206943023501,2403.35,2354.86,0.014018691588784993,0
2016-05-16,2159.0,2177.0,2065.0,2159.0,40259644040,18647606,1036,2147.0,2160.0,37.46658916786597,-57.139798697206515,-20.0845044169832,2635.6396633237055,2142.260336676294,2388.95,2360.98,-0.00462962962962965,0
2016-05-17,2188.0,2255.0,2165.0,2209.0,22795885424,10321858,1357,2159.0,2240.0,43.39094319716307,-57.212955465055074,-27.510194626597574,2612.5503748242704,2132.349625175729,2372.45,2369.26,-0.004910714285714324,0
2016-05-18,2270.0,2270.0,2220.0,2247.0,12753371245,5675142,941,2209.0,2220.0,42.31171276372932,-58.21371412402368,-33.6508985260828,2594.179497619891,2119.620502380109,2356.9,2377.38,-0.013513513513513487,0
2016-05-21,2250.0,2269.0,2180.0,2225.0,6096052873,2756963,542,2247.0,2186.0,40.46894510485426,-61.0466308611185,-39.13004499308994,2577.810792315063,2103.389207684937,2340.6,2384.8,-0.007776761207685223,0
2016-05-23,2248.0,2248.0,2166.0,2187.0,10293481256,4705672,618,2225.0,2170.0,39.59501591227288,-63.84681769660756,-44.07339953379346,2554.158545492779,2091.041454507221,2322.6,2391.62,-0.0027649769585254003,0
2016-05-24,2205.0,2219.0,2120.0,2189.0,26294694372,12013098,815,2187.0,2150.0,38.476493863137186,-66.9085388047929,-48.640427387993356,2537.4732049973018,2074.726795002698,2306.1,2397.84,-0.017674418604651132,0
2016-05-25,2181.0,2259.0,2160.0,2244.0,32380395486,14429903,729,2189.0,2229.0,45.07649555439525,-62.242838376108466,-51.36090958561638,2515.9204863967184,2072.679513603282,2294.3,2405.32,-0.048900852400179495,0
2016-05-28,2230.0,2250.0,2152.0,2220.0,15004266604,6759818,530,2244.0,2190.0,42.64436533496071,-60.989166092938376,-53.28656088708078,2507.334403926912,2062.365596073088,2284.85,2410.18,-0.0182648401826484,0
2016-05-29,2189.0,2203.0,2152.0,2184.0,8301356690,3811099,418,2220.0,2169.0,41.35059319627085,-60.98712466204506,-54.826673642073644,2469.4117745465173,2065.9882254534823,2267.7,2412.8,-0.013370216689718717,0
2016-05-30,2184.0,2205.0,2140.0,2196.0,15105819762,6878470,233,2184.0,2164.0,41.03140419934027,-60.68937568157844,-55.99921404997461,2441.4791322574047,2065.3208677425955,2253.4,2413.62,-0.011090573012939031,0
2016-05-31,2155.0,2179.0,2112.0,2171.0,4480643614,2091695,326,2196.0,2112.0,37.766358239624395,-63.91262789709208,-57.58189681939811,2420.545227558735,2055.954772441265,2238.25,2411.28,-0.006628787878787845,0
2016-06-01,2113.0,2160.0,2103.0,2150.0,4289259764,2019559,297,2171.0,2120.0,38.57616458757423,-65.0714422779406,-59.07980591110661,2406.2939754425033,2046.1060245574963,2226.2,2406.88,-0.047169811320754707,0
2016-06-05,2122.0,2167.0,2122.0,2147.0,6106062882,2845713,369,2150.0,2150.0,41.64282825697045,-62.844627991962625,-59.832770327277814,2383.7633209391124,2045.9366790608876,2214.85,2400.82,-0.05488372093023253,0
2016-06-06,2128.0,2200.0,2120.0,2184.0,16057624984,7351174,362,2147.0,2140.0,40.90963535119084,-61.18151562554749,-60.10251938693175,2361.819965470257,2045.8800345297427,2203.85,2393.22,-0.055140186915887845,0
2016-06-07,2180.0,2184.0,2134.0,2164.0,6202031297,2882086,423,2184.0,2140.0,40.90963535119084,-59.1812821119679,-59.91827193193899,2343.434237901495,2045.2657620985046,2194.35,2383.24,-0.08878504672897192,0
2016-06-08,2150.0,2150.0,2090.0,2126.0,6569787715,3117819,519,2164.0,2098.0,37.6782591484371,-60.290144377830075,-59.99264642111721,2279.131291090294,2074.9687089097065,2177.05,2371.0,-0.03241182078169691,0
2016-06-11,2092.0,2100.0,2020.0,2032.0,13842433195,6812782,604,2126.0,2020.0,32.538023000799285,-66.6940661601684,-61.33293036892745,2266.9901908824663,2058.0098091175337,2162.5,2359.38,-0.04158415841584162,0
2016-06-12,2020.0,2099.0,1940.0,2044.0,12936463904,6328837,415,2032.0,2032.0,34.029153408517516,-69.99407250063132,-63.065158795268225,2263.695026669267,2040.0049733307328,2151.85,2346.04,-0.07431102362204722,0
2016-06-13,2040.0,2090.0,2013.0,2040.0,3758584629,1847191,330,2044.0,2022.0,33.367271224578346,-72.57961510355108,-64.9680500569248,2264.792307411901,2020.4076925880986,2142.6,2333.66,-0.07665677546983185,0
2016-06-14,2000.0,2035.0,1940.0,1988.0,5464905220,2798491,358,2040.0,1950.0,28.994451058556507,-79.5217967428348,-67.87879939410679,2281.382028549113,1984.817971450887,2133.1,2317.66,-0.05076923076923079,0
2016-06-15,1965.0,2030.0,1902.0,1977.0,6164732341,3126785,411,1988.0,2030.0,38.619702599820094,-77.67283025802499,-69.83760556689043,2280.8717083286397,1972.3282916713604,2126.6,2305.32,-0.049261083743842415,0
2016-06-18,1982.0,2000.0,1930.0,1973.0,2147797710,1096236,160,1977.0,1936.0,32.9651593737855,-82.83762483251257,-72.43760942001487,2277.4402360593044,1945.3597639406958,2111.4,2292.64,-0.05785123966942152,0
2016-06-19,1937.0,1965.0,1875.0,1941.0,3855278354,2036223,277,1973.0,1881.0,30.180720279114666,-90.3275621791056,-76.01559997183301,2280.670809767924,1908.229190232076,2094.45,2278.86,-0.02020202020202022,0
2016-06-20,1875.0,1885.0,1846.0,1893.0,5742398446,3083788,307,1941.0,1867.0,29.4977197842872,-96.28318189875381,-80.06911635721717,2284.2449877654703,1872.7550122345294,2078.5,2265.0,0.023031601499732268,0
2016-06-21,1867.0,1867.0,1810.0,1840.0,13336039988,7248482,642,1893.0,1851.0,28.6983907415798,-101.12837476287996,-84.28096803834973,2286.134860826054,1838.9651391739462,2062.55,2251.82,0.01944894651539708,0
2016-06-22,1860.0,1932.0,1850.0,1920.0,24300734341,12657697,843,1840.0,1930.0,37.67823281299601,-97.4700116249403,-86.91877675566785,2278.4653806831984,1824.6346193168022,2051.55,2238.42,-0.012953367875647714,0
2016-06-25,1900.0,1911.0,1824.0,1841.0,12120573793,6585476,719,1920.0,1824.0,31.877113327845223,-101.94884379179712,-89.9247901628937,2263.4819114198845,1799.1180885801157,2031.3,2224.5,0.025219298245614086,0
2016-06-26,1811.0,1873.0,1805.0,1840.0,7871495231,4279431,641,1841.0,1843.0,33.84331226820886,-102.78042063145108,-92.49591625660518,2247.955534102471,1779.944465897529,2013.95,2211.92,-0.0027129679869777323,0
2016-06-28,1851.0,1932.0,1851.0,1925.0,36323209004,18869995,1171,1840.0,1910.0,40.37829835227895,-96.91592475788707,-93.37991795686158,2227.8056436479847,1774.1943563520156,2001.0,2203.02,-0.041884816753926746,0
2016-06-29,1915.0,1926.0,1865.0,1906.0,5601748093,2960741,324,1925.0,1887.0,38.955708400398954,-93.05153711041794,-93.31424178757285,2206.145228236987,1768.1547717630135,1987.15,2193.76,-0.04080551139374666,0
2016-07-02,1926.0,1955.0,1887.0,1924.0,9966295435,5180029,653,1906.0,1905.0,40.716054947287574,-87.52756915743885,-92.15690726154607,2190.722041853019,1762.8779581469807,1976.8,2182.9,-0.055118110236220486,0
2016-07-03,1928.0,1928.0,1863.0,1884.0,8330022655,4438780,526,1924.0,1870.0,38.39740487596877,-84.99423165402277,-90.72437214004141,2172.4289023431365,1756.1710976568631,1964.3,2168.9,-0.03743315508021394,0
2016-07-04,1887.0,1887.0,1800.0,1819.0,9554629032,5253921,663,1884.0,1838.0,36.35874391281362,-84.5935343889073,-89.49820458981459,2145.2645949568523,1752.1354050431476,1948.7,2155.04,-0.01795429815016325,0
2016-07-05,1840.0,1850.0,1811.0,1828.0,6090673833,3323243,524,1819.0,1830.0,35.84633975785064,-83.95374554143609,-88.3893127801389,2115.34126383262,1751.0587361673802,1933.2,2141.4,0.03879781420765038,0
2016-07-09,1833.0,1841.0,1796.0,1814.0,7149120933,3951496,428,1828.0,1810.0,34.53595180099842,-84.09119022741811,-87.52968826959474,2079.699509172685,1753.7004908273152,1916.7,2127.0,-0.03149171270718232,0
2016-07-10,1826.0,1826.0,1795.0,1808.0,5392781261,2992317,402,1814.0,1800.0,33.86927451607998,-84.03829144603742,-86.83140890488328,2049.5519542697457,1754.0480457302542,1901.8,2113.4,-0.05222222222222217,0
2016-07-11,1810.0,1829.0,1770.0,1791.0,9139840122,5106163,553,1808.0,1800.0,33.86927451607998,-83.03914520482999,-86.07295616487262,2034.4142053925161,1747.1857946074838,1890.8,2100.1,0.007222222222222241,0
2016-07-12,1806.0,1845.0,1790.0,1811.0,15095512579,8336803,757,1791.0,1805.0,34.60134419850063,-80.91116287676346,-85.0405975072508,2012.094600306678,1746.805399693322,1879.45,2088.62,0.04598337950138509,0
2016-07-13,1833.0,1901.0,1810.0,1891.0,46788164267,24737398,1421,1811.0,1901.0,46.78252321912432,-70.66375606273118,-82.16522921834688,1989.4903096322664,1757.3096903677338,1873.4,2076.4,0.006838506049447579,0
2016-07-18,1778.0,1778.0,1720.0,1755.0,8492984421,4840293,420,1671.0,1753.0,35.732580040015904,-73.63614381740399,-80.4594121381583,1985.2652003264618,1741.834799673538,1863.55,2062.46,0.08385624643468348,1
2016-07-19,1776.0,1776.0,1700.0,1727.0,12589868143,7291268,909,1755.0,1706.0,33.061881927551,-78.87506705747637,-80.14254312202192,1962.1894966485963,1732.5105033514035,1847.35,2048.28,0.1389214536928487,1
2016-07-20,1735.0,1813.0,1710.0,1799.0,17042038125,9471920,456,1727.0,1813.0,43.428331012238,-73.54516284890087,-78.82306706739772,1949.3713455148825,1733.0286544851176,1841.2,2037.32,0.1141753998896855,1
2016-07-23,1888.0,1888.0,1888.0,1888.0,20497315552,10856629,444,1799.0,1888.0,49.34943860947703,-62.54828447638283,-75.56811054919474,1950.2780552134554,1732.8219447865445,1841.55,2027.54,0.1069915254237288,1
2016-07-24,1929.0,1977.0,1876.0,1927.0,52382131949,27188097,2210,1888.0,1914.0,51.254188824642156,-51.145621540918455,-70.68361274753948,1956.6828000649982,1731.117199935002,1843.9,2018.62,0.0862068965517242,1
2016-07-25,1959.0,1959.0,1880.0,1911.0,14974688279,7837055,886,1927.0,1900.0,50.160349104848045,-42.74586429471765,-65.09606305697513,1961.7419840825285,1730.9580159174714,1846.35,2010.02,0.10526315789473695,1
2016-07-26,1900.0,1968.0,1855.0,1950.0,29826603735,15297116,586,1911.0,1943.0,53.44660081829814,-32.24752611840995,-58.526355669262095,1964.3984667297782,1729.6015332702218,1847.0,2000.0,0.1394750386001029,1
2016-07-27,1940.0,2047.0,1940.0,2022.0,32052149465,15852719,1255,1950.0,2020.0,58.698309366426834,-17.512389072944643,-50.32356234999861,1995.6461018196317,1717.9538981803682,1856.8,1994.18,0.11831683168316842,1
2016-07-31,2055.0,2119.0,2011.0,2097.0,49192372079,23456314,1611,2022.0,2090.0,62.806139488180996,-0.18414906213342874,-40.29567969242558,2040.9245906428348,1697.3754093571654,1869.15,1991.08,0.04688995215311009,0
2016-08-01,2090.0,2098.0,2023.0,2074.0,37585937033,18123931,1311,2097.0,2079.0,61.76651365371825,12.51671304391084,-29.733201145158297,2071.7508691469534,1683.4491308530464,1877.6,1988.52,0.03463203463203457,0
2016-08-02,2090.0,2135.0,2078.0,2109.0,30240102483,14341085,1104,2074.0,2100.0,63.024848486945544,24.000104003986507,-18.986540115329337,2105.3111664727767,1671.188833527223,1888.25,1987.72,-0.1266666666666667,0
2016-08-03,2212.0,2214.0,2131.0,2209.0,131799932711,59658295,2361,2109.0,2214.0,68.99118480259159,41.817574368672695,-6.825717218528931,2163.1749313335104,1644.2250686664897,1903.7,1988.8,-0.2032520325203252,0
2016-08-06,2269.0,2296.0,2200.0,2251.0,64652947362,28719021,1899,2209.0,2259.0,70.98168534182939,58.89032095788639,6.317490416754134,2224.537640739529,1621.7623592604714,1923.15,1989.18,-0.22886232846392207,0
2016-08-07,2251.0,2269.0,2180.0,2231.0,53748427013,24096166,1735,2251.0,2188.0,64.00105300747235,65.9314720353857,18.24028674048045,2260.3193760599343,1620.9806239400662,1940.65,1988.54,-0.2052102376599635,0
2016-08-08,2208.0,2208.0,2123.0,2147.0,47329256110,22042949,2028,2231.0,2151.0,60.653464054590536,67.74512063416296,28.141253519216953,2284.661644084419,1628.738355915581,1956.7,1987.84,-0.21896792189679215,0
2016-09-06,1845.0,1848.0,1810.0,1839.0,26949010830,14657406,541,1881.0,1834.0,40.91020378000598,43.10629693651913,31.13426220267739,2283.875397830198,1631.9246021698023,1957.9,1981.12,-0.02726281352235549,0
2016-09-07,1828.0,1850.0,1757.0,1783.0,12881331657,7226459,748,1839.0,1764.0,37.970943089397124,17.727089800911926,28.4528277223243,2285.918071049108,1626.2819289508914,1956.1,1973.4,-0.013605442176870763,0
2016-09-10,1763.0,1776.0,1712.0,1751.0,12133488841,6927814,573,1783.0,1742.0,37.06951174805305,-4.1139082660270105,21.939480524654037,2289.415169185677,1616.984830814323,1953.2,1963.66,-0.002870264064293915,0
2016-09-11,1740.0,1756.0,1715.0,1740.0,8662785083,4981108,396,1751.0,1739.0,36.94072536506468,-21.41823543224973,13.267937333273284,2293.092016210389,1606.7079837896113,1949.9,1954.64,-0.0074755606670500185,0
2016-09-13,1717.0,1725.0,1675.0,1701.0,8541769311,5033387,538,1740.0,1680.0,34.40886979132104,-39.43822696781126,2.726704473056376,2301.318357226595,1576.3816427734048,1938.85,1944.86,0.019642857142857073,0
2016-09-14,1677.0,1785.0,1661.0,1740.0,16152280668,9284118,724,1701.0,1784.0,41.9602302464086,-44.810719174102815,-6.780780256375463,2299.9293590105644,1580.8706409894357,1940.4,1937.26,-0.022421524663677084,0
2016-09-17,1770.0,1780.0,1720.0,1746.0,5799459778,3313206,346,1740.0,1740.0,39.86891948058848,-52.01924475824467,-15.828473156749304,2297.4774894257484,1586.7225105742514,1942.1,1929.82,-0.01666666666666672,0
2016-09-18,1750.0,1755.0,1733.0,1746.0,46313464946,26530582,203,1746.0,1737.0,39.72354706949592,-57.313454321224526,-24.12546938964435,2300.674447209715,1575.9255527902853,1938.3,1922.16,-0.01899827288428324,0
2016-09-19,1730.0,1753.0,1720.0,1742.0,3572607627,2058951,176,1746.0,1726.0,39.1597234594982,-61.68568740536875,-31.637512992789233,2303.778693169916,1556.6213068300838,1930.2,1913.68,-0.0005793742757821407,0
2016-09-21,1741.0,1762.0,1710.0,1739.0,3632713196,2093804,245,1742.0,1713.0,38.464867435311255,-65.44529238690211,-38.39906887161181,2305.558497558808,1534.7415024411923,1920.15,1905.14,0.004670169293636839,0
2016-09-24,1723.0,1790.0,1722.0,1751.0,8191944625,4670371,316,1739.0,1744.0,41.14668461620731,-65.17210207457742,-43.753675512204936,2305.3142604493873,1519.3857395506127,1912.35,1897.22,-0.0011467889908256534,0
2016-09-25,1738.0,1744.0,1703.0,1735.0,5779355714,3354052,390,1751.0,1711.0,39.18872344749303,-66.84784069512557,-48.372508548789064,2302.9976227282496,1498.5023772717502,1900.75,1889.48,0.011689070718877925,0
2016-09-26,1712.0,1730.0,1701.0,1726.0,3403128735,1989703,243,1735.0,1704.0,38.76731452385186,-67.95734712780427,-52.2894762645921,2292.0158300453636,1477.8841699546365,1884.95,1883.16,0.0011737089201877549,0
2016-09-27,1734.0,1747.0,1705.0,1726.0,3478138272,2015349,248,1726.0,1725.0,40.82320506712474,-66.37696217189387,-55.10697344605246,2268.0452877392636,1465.3547122607367,1866.7,1877.02,-0.01449275362318836,0
2016-09-28,1717.0,1766.0,1706.0,1729.0,5483471339,3166228,351,1726.0,1721.0,40.54397103656755,-64.70142453211338,-57.025863663264644,2242.5357489363946,1455.0642510636053,1848.8,1871.0,-0.02382335851249273,0
2016-10-01,1710.0,1764.0,1710.0,1745.0,15698710454,8997585,604,1729.0,1742.0,42.75768950546693,-60.97612952052327,-57.81591683471637,2209.5913782890957,1452.2086217109043,1830.9,1866.84,-0.017795637198622316,0
2016-10-02,1745.0,1760.0,1721.0,1741.0,4200126437,2419953,185,1745.0,1731.0,41.878116874573706,-58.24005930323165,-57.900745328419426,2143.9697354700397,1469.5302645299603,1806.75,1860.86,0.03004043905257081,0
2016-10-03,1713.0,1750.0,1701.0,1717.0,9020370469,5260693,394,1741.0,1706.0,39.87067458651986,-57.42701216087244,-57.80599869491003,2047.0237951180713,1511.1762048819285,1779.1,1856.26,0.054513481828839305,1
2016-10-04,1706.0,1725.0,1680.0,1707.0,5630603111,3311791,415,1717.0,1700.0,39.382744246098525,-56.614203007618016,-57.56763955745163,1947.60733524275,1561.7926647572501,1754.7,1852.64,0.08823529411764697,1
2016-10-05,1724.0,1724.0,1670.0,1689.0,8028968089,4765528,455,1707.0,1680.0,37.72544095101491,-56.92765221224613,-57.43964208841054,1799.707348187102,1662.592651812898,1731.15,1848.9,0.10178571428571437,1
2016-10-08,1693.0,1725.0,1671.0,1699.0,5347014974,3132358,292,1689.0,1711.0,41.812774234445186,-54.05154942712875,-56.76202355615418,1775.1437931397759,1674.8562068602241,1725.0,1846.1,0.11805961426066625,1
2016-10-09,1710.0,1783.0,1701.0,1774.0,15774604199,8893520,498,1699.0,1783.0,50.018129374098216,-45.43863072736872,-54.497344990397096,1779.6099477305474,1672.2900522694526,1725.95,1843.16,0.06618059450364555,1
2016-10-10,1800.0,1841.0,1760.0,1804.0,25769802779,14287585,1087,1774.0,1799.0,51.64982791400965,-36.89644507111939,-50.97716500654156,1790.950140711397,1666.649859288603,1728.8,1842.66,0.1145080600333519,1
2016-10-15,1820.0,1868.0,1820.0,1851.0,19587042608,10581809,701,1804.0,1850.0,56.52209316090977,-25.715001094615218,-45.924732224156294,1815.9374376999858,1652.762562300014,1734.35,1842.8,0.05945945945945952,1
2016-10-16,1854.0,1854.0,1836.0,1848.0,36926376189,19976712,576,1851.0,1851.0,56.61441254295372,-16.58178998943822,-40.05614377721268,1835.0670222501149,1650.7329777498853,1742.9,1841.62,0.045921123716909706,0
2016-10-17,1860.0,1939.0,1847.0,1899.0,25659288176,13509167,724,1848.0,1913.0,62.00164189568256,-4.291305049604944,-32.90317603169113,1866.7267864207238,1631.973213579276,1749.35,1842.14,0.003659174072137894,0
2016-10-18,1920.0,1929.0,1901.0,1917.0,25693334349,13401292,415,1899.0,1901.0,60.43741375512774,4.429631071912127,-25.43661461097048,1891.9368350692853,1622.863164930715,1757.4,1842.06,0.061020515518148244,1
2016-10-19,1895.0,2012.0,1890.0,1972.0,16620549021,8428495,784,1917.0,2005.0,67.97767709063297,19.508089502480516,-16.447673788280284,1942.729753069288,1598.8702469307118,1770.8,1844.76,0.028428927680798077,0
2016-10-22,2018.0,2058.0,1950.0,1993.0,14044633137,7047201,706,1972.0,1960.0,62.432957292669926,27.509638534948863,-7.656211323634454,1971.6301139175673,1593.3698860824327,1782.5,1847.2,0.08112244897959187,1
2016-10-23,1955.0,1969.0,1928.0,1948.0,12985876652,6664730,596,1993.0,1936.0,59.63895523161634,31.550628363407668,0.1851566137739704,1991.183060499951,1596.1169395000493,1793.65,1849.32,0.09090909090909083,1
2016-10-24,1909.0,1936.0,1903.0,1921.0,7576715548,3960083,368,1948.0,1920.0,57.782425090192454,33.0807414385431,6.7642735787277966,2005.9429728282564,1598.9570271717437,1802.45,1851.52,0.09895833333333326,1
2016-10-25,1925.0,2017.0,1905.0,1964.0,11340818803,5774298,481,1921.0,2017.0,64.91341078226205,41.64045121036111,13.73950910505446,2036.8544271357582,1598.6455728642418,1817.75,1855.86,0.010411502231036263,0
2016-10-26,2020.0,2062.0,1991.0,2057.0,46364357606,22536301,1399,1964.0,2062.0,67.64388520581808,51.46198506337669,21.284004296718905,2072.4387454895127,1598.8612545104872,1835.65,1861.1,-0.030067895247332665,0
2016-10-29,2141.0,2159.0,2115.0,2154.0,53358004938,24775888,1380,2057.0,2119.0,70.74904552520948,63.11746617256699,29.650696671888525,2116.358256556199,1594.3417434438006,1855.35,1867.38,-0.07126002831524303,0
2016-10-30,2140.0,2140.0,2080.0,2108.0,21625319664,10259831,976,2154.0,2112.0,69.86234152976857,70.97156144418273,37.91486962634737,2150.871665195027,1598.9283348049732,1874.9,1871.6,-0.04640151515151514,0
2016-10-31,2130.0,2175.0,2085.0,2128.0,14845314432,6976849,668,2108.0,2110.0,69.59396391246526,76.15671800805035,45.56323930268797,2180.228632225027,1606.371367774973,1893.3,1878.74,-0.0028436018957346265,0
2016-11-01,2110.0,2110.0,2022.0,2044.0,20011200696,9788889,737,2128.0,2038.0,60.5727020976724,73.60769003947894,51.172129450046164,2192.031209663824,1625.2687903361762,1908.65,1885.38,0.050539744847890145,1
2016-11-02,2019.0,2100.0,1978.0,2049.0,16760194373,8179832,809,2044.0,2000.0,56.41613472045709,67.74041524883796,54.48578660980453,2193.342796182674,1653.3572038173256,1923.35,1889.12,0.050000000000000044,1
2016-11-05,2013.0,2076.0,1960.0,2005.0,8888148944,4443752,531,2049.0,1968.0,53.110969519495825,59.818870438519525,55.55240337554753,2186.949020762563,1686.5509792374369,1936.75,1890.72,0.09298780487804881,1
2016-11-06,1999.0,2030.0,1951.0,2004.0,5035105508,2513211,343,2005.0,2014.0,57.0099439898461,56.60035105221846,55.761992910881716,2175.92109922539,1730.9789007746099,1953.45,1892.72,0.07646474677259185,1
2016-11-07,2015.0,2104.0,2015.0,2073.0,13868361877,6690427,554,2004.0,2104.0,63.419125651266164,60.61318798828188,56.732231926361756,2174.90574816036,1771.2942518396396,1973.1,1896.8,0.03279467680608361,0
2016-11-08,2140.0,2170.0,2101.0,2137.0,32780142053,15338212,915,2073.0,2141.0,65.68415173306593,66.01796692122889,58.58937892533518,2185.5620723331535,1796.4379276668467,1991.0,1900.76,-0.0037365716954693706,0
2016-11-09,2031.0,2120.0,2031.0,2049.0,33081279742,16147230,1067,2137.0,2100.0,61.16468993157914,66.22948355620201,60.11739985150855,2184.800636336149,1827.2993636638507,2006.05,1902.36,0.0,0
2016-11-12,2151.0,2151.0,2151.0,2151.0,43965358047,20439497,551,2049.0,2151.0,64.44211691378007,69.70882583652337,62.03568504851152,2195.3915947215623,1846.8084052784372,2021.1,1903.58,-0.005113900511390046,0
2016-11-13,2205.0,2235.0,2150.0,2190.0,46827811714,21385848,1266,2151.0,2168.0,65.48766501960739,72.99652903806827,64.22785384642287,2203.988288995646,1869.911711004354,2036.95,1905.36,-0.013837638376383743,0
2016-11-14,2200.0,2235.0,2171.0,2196.0,22417280413,10208679,783,2190.0,2173.0,65.80613033554269,75.13935600180753,66.41015427749981,2216.84814256186,1883.0518574381392,2049.95,1906.82,0.003221352968246771,0
2016-11-15,2200.0,2200.0,2119.0,2142.0,20880249923,9747574,655,2196.0,2133.0,60.959872486601974,72.77103688790771,67.6823307995814,2217.3029774694683,1905.797022530532,2061.55,1905.2,0.017346460384435103,0
2016-11-16,2135.0,2135.0,2081.0,2111.0,7414776019,3531866,416,2142.0,2100.0,57.21620033006888,67.45373801647156,67.63661224295943,2220.6529720821954,1911.9470279178051,2066.3,1902.02,0.05714285714285716,1
2016-11-19,2120.0,2145.0,2108.0,2124.0,13158515751,6194793,456,2111.0,2140.0,60.39141993844546,65.7099427409421,67.25127834255596,2224.7230236295973,1925.876976370403,2075.3,1901.06,0.04672897196261672,0
2016-11-21,2145.0,2198.0,2138.0,2156.0,8569213908,3962175,373,2124.0,2138.0,60.151043294223335,63.43534595537426,66.48809186511963,2222.602623847418,1948.1973761525826,2085.4,1900.8,0.048175865294668,0
2016-11-22,2142.0,2198.0,2142.0,2184.0,28720504803,13148949,731,2156.0,2180.0,63.4418697557123,64.28077188171983,66.04662786843967,2218.678676375416,1978.1213236245837,2098.4,1907.72,0.004587155963302836,0
2016-11-23,2180.0,2190.0,2161.0,2175.0,7489513074,3448313,297,2184.0,2170.0,62.126344414989845,63.41287741510496,65.51987777777273,2224.088087033914,1988.0119129660866,2106.05,1915.84,0.02764976958525356,0
2016-11-26,2197.0,2279.0,2190.0,2241.0,30044684996,13405380,1054,2175.0,2220.0,65.93038512681235,65.99885323282706,65.6156728687836,2240.0142296237495,1987.8857703762499,2113.95,1925.4,0.04054054054054057,0
2016-11-27,2230.0,2246.0,2214.0,2230.0,14428345866,6471244,513,2241.0,2240.0,67.343327770779,68.86822057454265,66.26618240993542,2257.5441746881065,1982.4558253118935,2120.0,1935.42,0.06383928571428577,1
2016-11-29,2240.0,2245.0,2214.0,2232.0,28767235354,12891400,848,2230.0,2241.0,67.41609153755823,70.41124945395495,67.09519581873934,2273.6484714276457,1979.2515285723541,2126.45,1946.64,0.10843373493975905,1
2016-12-03,2217.0,2219.0,2143.0,2176.0,24403132156,11216337,744,2232.0,2190.0,60.06548625160145,66.7493917446177,67.02603500391501,2279.972540075526,1980.9274599244736,2130.45,1954.76,0.11872146118721472,1
2016-12-04,2210.0,2250.0,2171.0,2226.0,34657191933,15569240,929,2176.0,2230.0,63.43309929553078,66.31062126870256,66.88295225687253,2289.251172886281,1990.8488271137194,2140.05,1964.56,0.09865470852017943,1
2016-12-05,2250.0,2333.0,2232.0,2270.0,26663568704,11744322,838,2226.0,2310.0,69.05385836834293,71.59294501243039,67.8249508079841,2307.7136947193685,2003.3863052806319,2155.55,1976.02,0.05281385281385287,1
2016-12-06,2325.0,2383.0,2310.0,2367.0,13052048437,5514495,436,2270.0,2383.0,73.11488853514099,80.73900555224645,70.40776175683656,2333.599841038251,2019.0001589617495,2176.3,1989.16,0.008392782207301774,0
2016-12-07,2440.0,2485.0,2402.0,2470.0,195924055632,79317121,3389,2367.0,2484.0,77.51196833902611,95.04159992899986,75.33452939126923,2390.067811231091,2009.5321887689095,2199.8,2004.58,-0.01449275362318836,0
2016-12-10,2525.0,2525.0,2403.0,2457.0,31601640301,12859797,1149,2470.0,2450.0,73.17338561414576,102.45199039592626,80.75802159220063,2430.850228048248,2003.3497719517518,2217.1,2018.7,-0.01224489795918371,0
2016-12-11,2430.0,2479.0,2380.0,2429.0,26878498572,11065492,779,2457.0,2450.0,73.17338561414576,107.09030782276704,86.02447883831393,2465.8407841957874,1999.259215804213,2232.55,2033.48,-0.02897959183673471,0
2016-12-12,2470.0,2489.0,2423.0,2448.0,17895918201,7309533,518,2429.0,2432.0,70.7421863808965,108.06801739852199,90.43318655035554,2489.4924847809752,2008.807515219025,2249.15,2048.04,-0.021381578947368474,0
2016-12-13,2450.0,2450.0,2403.0,2424.0,11899133353,4908527,367,2448.0,2403.0,66.88637957332932,105.28909450319043,93.40436814092251,2506.5698316940425,2016.9301683059577,2261.75,2061.6,0.0216396171452351,0
2016-12-14,2411.0,2460.0,2411.0,2432.0,20539384633,8444481,596,2424.0,2448.0,69.65067831354249,105.50174357946116,95.82384322863025,2529.389015119334,2022.110984880666,2275.75,2076.14,-0.007352941176470562,0
2016-12-18,2455.0,2455.0,2406.0,2425.0,12983672767,5355076,488,2432.0,2420.0,65.96094176444542,102.23243167534883,97.10556091797397,2544.5620049650856,2031.6379950349142,2288.1,2089.7,-0.0024793388429752428,0
2016-12-19,2412.0,2425.0,2345.0,2374.0,14563367081,6135561,529,2425.0,2379.0,60.875560814378915,95.23530774277879,96.73151028293495,2549.4159834041134,2051.384016595887,2300.4,2102.66,0.034888608659100484,0
2016-12-20,2348.0,2414.0,2293.0,2359.0,14764406026,6259242,527,2374.0,2380.0,60.95462995414671,88.74770001506431,95.13474822936084,2547.7670070741024,2081.032992925898,2314.4,2116.14,0.037815126050420256,0
2016-12-21,2385.0,2463.0,2381.0,2411.0,7413302228,3052298,284,2359.0,2455.0,66.4337157748914,88.63635264987397,93.83506911346348,2556.7300299910203,2103.56997000898,2330.15,2131.24,-0.0191446028513238,0
2016-12-24,2450.0,2450.0,2390.0,2410.0,19048294039,7902805,447,2411.0,2430.0,63.247708354916604,85.54471180649261,92.1769976520693,2557.107128419883,2132.392871580117,2344.75,2146.24,-0.029629629629629672,0
2016-12-25,2410.0,2435.0,2390.0,2409.0,21078334144,8750919,339,2410.0,2414.0,61.22401501236946,80.87126428752981,89.9158509791614,2556.646378565508,2156.253621434492,2356.45,2160.3,-0.026512013256006606,0
2016-12-26,2425.0,2510.0,2425.0,2478.0,19673623396,7939093,745,2409.0,2462.0,64.85685652947319,80.11718131070666,87.95611704547046,2556.7954979017018,2185.3045020982986,2371.05,2173.88,-0.049147034930950406,0
2016-12-27,2457.0,2500.0,2435.0,2464.0,8943287993,3633250,336,2478.0,2470.0,65.43804283723892,79.25153588657804,86.215200813692,2560.387184977473,2206.712815022527,2383.55,2187.3,-0.03238866396761131,0
2016-12-28,2435.0,2470.0,2390.0,2434.0,5926686552,2455095,321,2464.0,2408.0,57.501356056609346,72.72430330771249,83.5170213124961,2556.2283917341565,2227.671608265843,2391.95,2198.46,-0.011627906976744207,0
2016-12-31,2400.0,2410.0,2355.0,2391.0,11082418843,4635770,377,2434.0,2358.0,52.0216637201797,62.793003671191855,79.37221778423525,2547.879445597203,2247.7205544027975,2397.8,2208.6,0.012722646310432628,0
2017-01-01,2350.0,2370.0,2297.0,2329.0,14496755162,6225375,521,2391.0,2350.0,51.18124903087119,53.65830448393308,74.22943512417481,2524.4955769637927,2287.1044230362077,2405.8,2217.34,0.03872340425531906,0
2017-01-02,2340.0,2400.0,2320.0,2366.0,11444344904,4836130,387,2329.0,2341.0,50.19873363498418,45.17204951404119,68.4179580021481,2504.2160863327954,2318.4839136672044,2411.35,2226.14,0.025202904741563392,0
2017-01-03,2351.0,2418.0,2351.0,2385.0,7976727153,3338941,272,2366.0,2390.0,55.23705004164978,41.91732497051862,63.11783139582221,2496.5713641277475,2334.1286358722523,2415.35,2233.84,0.025104602510460206,0
2017-01-04,2400.0,2403.0,2356.0,2387.0,40114857283,16807406,398,2385.0,2380.0,54.03557857664744,38.091915998009426,58.11264831625966,2496.6704853966885,2333.729514603311,2415.2,2242.24,0.03361344537815136,0
2017-01-07,2362.0,2419.0,2361.0,2388.0,20052257032,8395706,439,2387.0,2388.0,54.88108383492676,35.29888143552489,53.54989494011271,2486.206068297794,2334.593931702206,2410.4,2251.28,0.013819095477386911,0
2017-01-08,2370.0,2447.0,2370.0,2406.0,10407966546,4326533,362,2388.0,2441.0,60.115510489899656,36.936260266222234,50.22716800533461,2484.9125906087133,2334.9874093912863,2409.95,2261.7,-0.009422367882015559,0
2017-01-09,2402.0,2430.0,2378.0,2400.0,5006240379,2090830,233,2406.0,2400.0,54.817393852087996,34.527525614873866,47.08723952724247,2480.205686999494,2334.6943130005056,2407.45,2269.36,0.03333333333333344,0
2017-01-11,2420.0,2488.0,2420.0,2449.0,7638498840,3097259,334,2400.0,2450.0,59.504575286554335,36.23546825994481,44.91688527378294,2482.725466323034,2333.9745336769656,2408.35,2277.12,0.020408163265306145,0
2017-01-14,2470.0,2489.0,2456.0,2471.0,12890315300,5216187,437,2449.0,2460.0,60.38961793247108,37.95838095041381,43.525184409109116,2488.8340131048894,2333.56598689511,2411.2,2283.94,0.0060975609756097615,0
2017-01-15,2450.0,2489.0,2420.0,2435.0,10569158274,4341126,315,2471.0,2421.0,55.312354731834105,35.764556067442754,41.97305874077585,2485.798074305867,2333.901925694133,2409.85,2290.12,0.01693515076414709,0
2017-01-16,2470.0,2470.0,2416.0,2439.0,11736564634,4812009,482,2435.0,2418.0,54.929779734372374,33.39885787061394,40.258218566743466,2485.6496046812463,2333.8503953187537,2409.75,2296.28,0.02977667493796532,0
2017-01-17,2415.0,2500.0,2415.0,2468.0,16200060875,6563312,365,2439.0,2480.0,60.942296002981045,36.11064580334869,39.428704014064515,2495.1532201642967,2334.4467798357036,2414.8,2305.12,0.0040322580645162365,0
2017-01-18,2460.0,2590.0,2427.0,2521.0,25029984147,9929097,602,2468.0,2500.0,62.67219987013063,39.419190242917466,39.42680125983511,2507.5308479768,2334.0691520232003,2420.8,2315.12,0.0,0
2017-01-21,2550.0,2565.0,2471.0,2518.0,9601753406,3812887,383,2521.0,2475.0,59.14578230074602,39.56783115434109,39.45500723873631,2510.523390325073,2333.0766096749276,2421.8,2325.26,-0.012121212121212088,0
2017-01-22,2500.0,2550.0,2460.0,2514.0,16509101356,6568162,490,2518.0,2462.0,57.33903584927785,38.196335217087835,39.20327283440661,2513.7955750619244,2333.0044249380758,2423.4,2334.22,-0.006904955320877315,0
2017-01-23,2500.0,2508.0,2478.0,2503.0,6498848681,2602035,245,2514.0,2490.0,60.161787294757886,38.92013372531301,39.146645012587896,2521.978900556916,2332.4210994430837,2427.2,2341.94,-0.028112449799196804,0
2017-01-24,2501.0,2510.0,2476.0,2494.0,5765180378,2317315,253,2503.0,2490.0,60.16178729475788,39.04367804115509,39.12605161830133,2526.179505997819,2331.020494002181,2428.6,2348.92,-0.02409638554216864,0
2017-01-25,2489.0,2500.0,2441.0,2472.0,20004220470,8091442,532,2494.0,2500.0,61.22448771350102,39.49325061862555,39.19949141836618,2531.0433504039725,2329.1566495960274,2430.1,2356.92,-0.04800000000000004,0
2017-01-28,2498.0,2500.0,2445.0,2463.0,7938078995,3226452,314,2472.0,2445.0,52.870866036970426,35.00794992440797,38.361183119574534,2532.5610828426966,2331.338917157303,2431.95,2362.8,-0.05153374233128838,0
2017-01-29,2470.0,2495.0,2440.0,2456.0,5475944045,2235394,201,2463.0,2445.0,52.870866036970426,31.09487445259174,36.907921386177975,2531.101054797835,2341.4989452021655,2436.3,2368.34,-0.041717791411042926,0
2017-01-30,2470.0,2479.0,2402.0,2443.0,7811536953,3202492,342,2456.0,2420.0,49.3231630888138,25.680415043590074,34.662420117660396,2526.4131629187145,2353.186837081286,2439.8,2373.28,-0.04421487603305785,0
2017-01-31,2420.0,2448.0,2338.0,2407.0,25468305478,10580206,712,2443.0,2430.0,50.746834127430034,21.943383711253773,32.11861283637907,2518.3414974257225,2370.1585025742775,2444.25,2379.22,-0.06584362139917699,0
2017-02-01,2410.0,2410.0,2370.0,2398.0,5482630526,2293181,207,2407.0,2380.0,44.07897620740149,14.776839120834211,28.6502580932701,2519.4173641062353,2368.0826358937647,2443.75,2384.82,-0.01680672268907568,0
2017-02-04,2400.0,2400.0,2301.0,2342.0,7569901614,3254922,389,2398.0,2319.0,37.589770114238085,4.127531089925924,23.745712692601266,2530.0758356088722,2351.3241643911274,2440.7,2388.4,-0.04225959465286766,0
2017-02-05,2342.0,2361.0,2300.0,2348.0,10598883627,4513628,314,2342.0,2343.0,41.254172714073775,-2.3484513398730087,18.52687988610641,2534.9973458505365,2341.902654149463,2438.45,2392.5,-0.00981647460520696,0
2017-02-06,2348.0,2359.0,2313.0,2338.0,4902140342,2105766,197,2348.0,2313.0,38.232323505883315,-9.788626162765922,12.863778676331943,2542.972450346087,2321.1275496539133,2432.05,2395.16,0.028102031993082477,0
2017-02-07,2310.0,2348.0,2252.0,2310.0,5173783306,2262730,298,2338.0,2270.0,34.34861986256672,-18.936471096225887,6.503728721820378,2556.6278012890707,2294.4721987109297,2425.55,2397.16,0.04185022026431717,0
2017-02-08,2259.0,2387.0,2235.0,2315.0,18110997197,7823371,529,2310.0,2340.0,44.27284348411918,-20.303740248124996,1.1422349278313035,2555.713517537968,2284.3864824620323,2420.05,2399.56,0.026068376068375976,0
2017-02-11,2400.0,2408.0,2219.0,2272.0,33521396140,14756305,1164,2315.0,2221.0,34.67622727406936,-30.636458355759714,-5.2135037288869,2567.5940750961267,2248.605924903873,2408.1,2399.18,0.08959927960378211,1
2017-02-12,2222.0,2340.0,2222.0,2295.0,20231291840,8817020,571,2272.0,2320.0,45.29922537367415,-30.485323444581354,-10.26786767202579,2566.926142225666,2239.1738577743345,2403.05,2400.76,0.030172413793103425,0
2017-02-13,2339.0,2395.0,2313.0,2366.0,9379959589,3953071,346,2295.0,2378.0,50.38934817677466,-25.39272118146937,-13.292838373914506,2565.1237333968047,2236.9762666031957,2401.05,2404.52,0.000841042893187538,0
2017-02-14,2380.0,2394.0,2330.0,2363.0,5443689100,2305514,274,2366.0,2365.0,49.282401531031596,-22.15045193052447,-15.064361085236499,2555.9276439183586,2234.6723560816417,2395.3,2407.22,0.0029598308668075113,0
2017-02-15,2381.0,2420.0,2338.0,2396.0,16290196940,6799481,459,2363.0,2401.0,52.40079882079021,-16.48599081447901,-15.348687031085001,2543.7035457391207,2236.996454260879,2390.35,2409.04,-0.017492711370262426,0
2017-02-18,2410.0,2491.0,2381.0,2455.0,26111597915,10635442,696,2396.0,2420.0,54.0080736625633,-10.344478648751192,-14.34784535461824,2536.6964788006726,2238.503521199327,2387.6,2409.78,-0.004132231404958664,0
2017-02-19,2442.0,2450.0,2380.0,2424.0,5571163906,2321800,251,2455.0,2390.0,51.07545838557718,-7.8080291895767004,-13.039882121609933,2529.161978461158,2238.838021538842,2384.0,2407.9,0.004184100418409997,0
2017-02-20,2400.0,2400.0,2369.0,2401.0,5609502802,2353334,212,2424.0,2380.0,50.098922473398424,-6.529522870399433,-11.737810271367835,2515.2735354180595,2241.7264645819405,2378.5,2406.5,0.004201680672268893,0
2017-02-21,2389.0,2420.0,2367.0,2389.0,8327852321,3488952,298,2401.0,2372.0,49.287058046876396,-6.0916102514383965,-10.608570267381946,2499.4454176971026,2245.7545823028972,2372.6,2404.94,0.03161888701517701,0
2017-02-22,2353.0,2392.0,2353.0,2383.0,2468058304,1044253,131,2389.0,2359.0,47.927864650128015,-6.716133296395583,-9.830082873184674,2478.163453862091,2252.9365461379093,2365.55,2403.48,0.017380245866892796,0
2017-02-25,2337.0,2449.0,2330.0,2416.0,20027608294,8290153,561,2383.0,2410.0,53.361656343404526,-3.060518778383539,-8.476170054224447,2472.438114815881,2255.1618851841195,2363.8,2403.62,-0.047717842323651505,0
2017-02-26,2420.0,2420.0,2367.0,2408.0,2973417904,1243975,149,2416.0,2400.0,52.21118538844736,-0.9592764206427091,-6.9727913275081,2465.113458761995,2257.9865412380054,2361.55,2402.66,-0.03749999999999998,0
2017-02-27,2367.0,2420.0,2367.0,2403.0,3658347897,1527637,175,2408.0,2390.0,51.0264365784807,-0.09979279083836445,-5.598191620174153,2461.0202430954128,2259.0797569045876,2360.05,2402.06,-0.004602510460251064,0
2017-02-28,2385.0,2450.0,2373.0,2418.0,24135492843,9982930,528,2403.0,2447.0,57.01399001072613,5.121737606197257,-3.4542057748998714,2464.4642795115533,2257.335720488447,2360.9,2403.42,-0.02370249284838577,0
2017-03-01,2440.0,2440.0,2387.0,2411.0,16364838546,6786886,352,2418.0,2400.0,51.43037955628996,5.405025095541987,-1.6823596008114998,2466.563078450558,2257.2369215494423,2361.9,2403.82,-0.023333333333333317,0
2017-03-04,2438.0,2440.0,2292.0,2360.0,12481438814,5288764,435,2411.0,2295.0,41.62317916530231,-2.8106901204478163,-1.9080257047387632,2467.8244136074827,2253.575586392517,2360.7,2400.62,0.01437908496732021,0
2017-03-05,2349.0,2390.0,2307.0,2354.0,5421637546,2308721,207,2360.0,2310.0,43.28695543507124,-8.018892182884883,-3.1301990003679876,2468.2113026248144,2249.888697375186,2359.05,2398.22,0.008225108225108135,0
2017-03-06,2356.0,2448.0,2301.0,2392.0,11221351336,4690440,321,2354.0,2379.0,50.30349315470558,-6.503735483279343,-3.804906296950259,2469.7190364618577,2254.980963538142,2362.35,2397.52,0.008827238335435084,0
2017-03-07,2350.0,2438.0,2337.0,2390.0,15960994314,6677608,363,2392.0,2389.0,51.24493869246287,-4.444809459563203,-3.932886929472848,2467.410241603734,2269.1897583962664,2368.3,2396.06,0.005023022185014714,0
2017-03-08,2352.0,2390.0,2342.0,2374.0,4000083818,1701870,147,2390.0,2344.0,46.93597914138043,-6.370781270502448,-4.420465797678768,2467.396915981999,2269.603084018001,2368.5,2393.54,0.023890784982935065,0
2017-03-11,2310.0,2418.0,2310.0,2384.0,16321842955,6846512,346,2374.0,2328.0,45.47192567219045,-9.083485324423236,-5.3530697030276615,2448.9693050470582,2298.7306949529416,2373.85,2391.94,0.07817869415807555,1
2017-03-12,2370.0,2447.0,2327.0,2378.0,20652045895,8685051,580,2384.0,2329.0,45.58616748135618,-11.025535676362324,-6.487562897694595,2448.2218505636406,2300.3781494363598,2374.3,2391.36,0.047659939888364145,0
2017-03-13,2350.0,2439.0,2350.0,2403.0,11098563244,4618413,283,2378.0,2400.0,53.09939273212519,-6.757620303365002,-6.541574378828677,2450.1593471798255,2300.6406528201746,2375.4,2392.36,0.016666666666666607,0
2017-03-14,2368.0,2470.0,2366.0,2434.0,10242788076,4208241,234,2403.0,2401.0,53.19741241502235,-3.2570299649378285,-5.884665496050507,2452.601856679756,2301.7981433202435,2377.2,2393.56,0.006663890045814247,0
2017-03-15,2440.0,2440.0,2398.0,2420.0,5675145000,2356540,330,2434.0,2400.0,53.077949351874594,-0.5570571360858594,-4.819143824057578,2452.4899627737796,2301.8100372262206,2377.15,2393.76,0.0012499999999999734,0
2017-03-18,2410.0,2510.0,2399.0,2472.0,20591443449,8330638,696,2420.0,2510.0,62.93746583965604,10.339583195762316,-1.7873984200935995,2475.2326372291172,2288.067362770883,2381.65,2396.36,-0.028286852589641476,0
2017-03-25,2479.0,2479.0,2410.0,2469.0,936049145,384234,82,2472.0,2440.0,55.01516880294173,13.174961425036145,1.2050735489323492,2481.1021015283204,2287.1978984716798,2384.15,2397.4,-0.025000000000000022,0
2017-03-26,2416.0,2450.0,2401.0,2456.0,2572298757,1062955,107,2469.0,2440.0,55.01516880294173,15.246269594124897,4.0133127579708585,2487.0705183671457,2287.2294816328545,2387.15,2397.38,-0.032786885245901676,0
2017-03-27,2406.0,2485.0,2399.0,2448.0,5620682560,2302537,171,2456.0,2417.0,52.49705157218651,14.860584887922869,6.182767183961261,2489.879649634939,2288.920350365061,2389.4,2397.72,-0.027720314439387717,0
2017-03-28,2460.0,2478.0,2402.0,2444.0,1171293592,484510,112,2448.0,2403.0,50.96781596434355,13.272249749013099,7.600663696971629,2491.244166867715,2291.9558331322846,2391.6,2396.78,-0.0345401581356638,0
2017-03-29,2420.0,2499.0,2388.0,2436.0,7776505470,3195692,262,2444.0,2439.0,54.6278724049972,14.748371794038121,9.030205316384928,2494.549704387559,2291.5502956124415,2393.05,2396.36,-0.049610496104961044,0
2017-04-03,2410.0,2440.0,2360.0,2413.0,4391248843,1841235,249,2436.0,2379.0,48.17357656228922,10.950480270407297,9.414260307189402,2493.62480007735,2290.37519992265,2392.0,2395.52,-0.047919293820933184,0
2017-04-04,2377.0,2393.0,2352.0,2395.0,3394442695,1437110,238,2413.0,2360.0,46.30773338066529,6.334462919751786,8.798300829701878,2493.079725047207,2287.920274952793,2390.5,2394.36,-0.008050847457627075,0
2017-04-05,2360.0,2369.0,2340.0,2376.0,4267073700,1814729,251,2395.0,2350.0,45.312969842469315,1.8480167000680012,7.408244003775103,2486.238816429852,2285.0611835701484,2385.65,2391.76,-0.05446808510638301,0
2017-04-08,2370.0,2370.0,2299.0,2343.0,5564565739,2400988,400,2376.0,2320.0,42.37224907335558,-4.081227679457697,5.110349667128543,2485.932836510888,2277.367163489112,2381.65,2388.16,-0.023706896551724088,0
2017-04-09,2304.0,2330.0,2295.0,2321.0,6370884536,2758441,612,2343.0,2318.0,42.17573784283118,-8.839681507524801,2.320343432197874,2483.6872637688084,2281.912736231192,2382.8,2385.02,-0.007765314926660882,0
2017-04-10,2317.0,2319.0,2261.0,2286.0,9418078569,4120473,790,2321.0,2265.0,37.24607788646015,-16.69499796532682,-1.4827248473070647,2489.5150861090656,2271.584913890935,2380.55,2381.08,0.03267108167770427,0
2017-04-12,2266.0,2341.0,2210.0,2277.0,24434454850,10729146,1144,2286.0,2341.0,46.84122512524652,-16.596513731806226,-4.505482624206897,2488.9736601584414,2268.326339841559,2378.65,2378.1,-0.026057240495514722,0
2017-04-15,2265.0,2293.0,2222.0,2251.0,11411795275,5070384,733,2277.0,2222.0,37.23979188079711,-25.823097153044273,-8.769005529974372,2499.833161741507,2240.7668382584934,2370.3,2372.74,0.018451845184518367,0
2017-04-16,2278.0,2333.0,2222.0,2259.0,13416017770,5939169,665,2251.0,2265.0,41.876064953513,-29.327422088168078,-12.880688841613114,2503.447447061386,2229.252552938614,2366.35,2368.04,-0.019426048565121423,0
2017-04-17,2245.0,2310.0,2231.0,2273.0,11566375612,5089640,348,2259.0,2300.0,45.41094347114209,-28.946737383912478,-16.093898550072986,2504.1411994012155,2225.758800598784,2364.95,2365.14,-0.014782608695652177,0
2017-04-18,2288.0,2340.0,2250.0,2305.0,25975322976,11269030,651,2273.0,2339.0,49.123857595776464,-25.20749167677286,-17.916617175412963,2504.1921709169537,2226.707829083046,2365.45,2363.02,-0.05857203933304833,0
2017-04-19,2281.0,2351.0,2271.0,2308.0,13911635539,6028541,390,2305.0,2280.0,44.22343151249824,-26.697171060902292,-19.67272795251083,2502.0227533252632,2216.8772466747364,2359.45,2360.22,-0.037280701754385914,0
2017-04-22,2271.0,2302.0,2263.0,2297.0,4320536240,1893088,306,2308.0,2263.0,42.895621507229976,-28.916182873985235,-21.521418936805713,2499.6954722060564,2205.404527793944,2352.55,2356.88,-0.023862129916040642,0
2017-04-23,2253.0,2260.0,2221.0,2250.0,7617067253,3405477,400,2297.0,2221.0,39.722375358809025,-33.67562309364848,-23.952259768174265,2499.619742310834,2187.5802576891656,2343.6,2353.7,-0.00855470508779832,0
2017-04-24,2222.0,2298.0,2195.0,2237.0,15787843303,7057158,636,2250.0,2266.0,44.46285467965998,-33.431017874368536,-25.84801138941312,2470.731834089463,2192.068165910537,2331.4,2352.64,-0.026919682259488042,0
2017-04-26,2220.0,2250.0,2195.0,2213.0,7856568239,3558504,413,2237.0,2202.0,39.68292068823908,-37.963808453287584,-28.271170802188017,2460.3438851733654,2178.6561148266346,2319.5,2349.82,0.0,0
2017-04-29,2249.0,2279.0,2190.0,2217.0,9490025279,4280439,492,2213.0,2195.0,39.186710006316204,-41.640908668072825,-30.945118375364977,2446.6513988119286,2167.8486011880714,2307.25,2347.46,-0.010933940774487505,0
2017-04-30,2210.0,2250.0,2170.0,2199.0,18156442347,8257522,706,2217.0,2209.0,40.78161106790183,-42.930478253239926,-33.342190350939966,2432.9444892003994,2160.7555107996004,2296.85,2346.24,-0.02218198279764594,0
2017-05-01,2228.0,2250.0,2170.0,2216.0,18114956029,8174750,544,2199.0,2202.0,40.213721099530815,-44.00999313332022,-35.475750907416014,2419.7038750026236,2153.896124997377,2286.8,2343.48,-0.012261580381471404,0
2017-05-02,2230.0,2230.0,2197.0,2212.0,6013031656,2721470,271,2216.0,2205.0,40.59551322329221,-44.1149122771626,-37.20358318136533,2392.6634296484563,2157.5365703515436,2275.1,2343.16,0.006802721088435382,0
2017-05-03,2222.0,2250.0,2195.0,2229.0,8574831829,3841605,391,2212.0,2202.0,40.31823761644481,-43.93369608185776,-38.549605761463816,2377.6840611783646,2154.8159388216354,2266.25,2340.8,0.021798365122615904,0
2017-05-06,2200.0,2200.0,2171.0,2215.0,3068567978,1405123,235,2229.0,2171.0,37.47020584626058,-45.76398315297956,-39.99248123976697,2366.877427253271,2146.7225727467294,2256.8,2336.66,0.061262091202211044,1
2017-05-07,2170.0,2190.0,2157.0,2175.0,7934277083,3662597,396,2215.0,2160.0,36.4853393707506,-47.55393475396704,-41.504771942606986,2356.3542983595544,2138.245701640446,2247.3,2332.56,0.06203703703703711,1
2017-05-08,2154.0,2220.0,2140.0,2193.0,13965285446,6367637,435,2175.0,2175.0,38.84582125164106,-47.217812107971895,-42.64737997567997,2348.0823562211403,2132.01764377886,2240.05,2328.04,0.03310344827586209,0
2017-05-09,2199.0,2255.0,2175.0,2231.0,17646436575,7908304,459,2193.0,2220.0,45.40144171609325,-42.82662983993578,-42.683229948531135,2337.326856433779,2132.973143566221,2235.15,2324.04,0.013513513513513598,0
2017-05-10,2206.0,2280.0,2198.0,2260.0,18290109985,8093764,500,2231.0,2250.0,49.30321063244881,-36.50502971723063,-41.44758990227104,2335.9074381052383,2132.892561894762,2234.4,2321.24,-0.001777777777777767,0
2017-05-13,2215.0,2304.0,2215.0,2286.0,12605986711,5515027,422,2260.0,2304.0,55.47163578436262,-26.82850506591194,-38.52377293499922,2327.345516722511,2137.7544832774893,2232.55,2319.72,-0.01432291666666663,0
2017-05-14,2280.0,2309.0,2251.0,2296.0,10203674636,4444192,377,2286.0,2294.0,54.157490742782436,-19.739165181648787,-34.76685138432914,2334.472479579644,2137.827520420356,2236.15,2318.16,-0.018744551002615517,0
2017-05-15,2244.0,2290.0,2243.0,2291.0,1757467719,775758,91,2296.0,2247.0,48.35879478660019,-17.709179059429516,-31.355316919349214,2332.8263802909755,2137.6736197090245,2235.25,2315.92,-0.007565643079661788,0
2017-05-16,2236.0,2280.0,2236.0,2285.0,1512159641,670873,125,2291.0,2250.0,48.736098896723064,-15.67760384618714,-28.2197743047168,2326.0299549243455,2139.4700450756545,2232.75,2312.72,0.0004444444444444695,0
2017-05-17,2244.0,2320.0,2244.0,2285.0,7383328325,3231903,204,2285.0,2246.0,48.2301147822168,-14.22634003129724,-25.42108745003289,2308.049734150188,2148.1502658498116,2228.1,2309.64,0.019590382902938464,0
2017-05-20,2290.0,2315.0,2254.0,2284.0,2106924651,924580,118,2285.0,2271.0,51.61148784593803,-10.932884449474386,-22.52344684992119,2306.5202097796473,2148.779790220353,2227.65,2307.26,-0.013210039630118908,0
2017-05-21,2260.0,2325.0,2235.0,2296.0,13577877224,5914959,393,2284.0,2251.0,48.86194010989897,-9.823392076827076,-19.983435895302367,2305.0127474547,2149.0872525453005,2227.05,2303.34,-0.018658374055975147,0
2017-05-22,2250.0,2287.0,2226.0,2262.0,5947030555,2654822,201,2296.0,2230.0,46.08571186884225,-10.517397858065578,-18.09022828785501,2305.421755567271,2149.578244432729,2227.5,2299.94,-0.019730941704035887,0
2017-05-23,2271.0,2299.0,2227.0,2270.0,37190316589,16382890,453,2262.0,2251.0,49.194424105168,-9.266064520197688,-16.325395534323548,2303.454302295798,2150.045697704202,2226.75,2299.06,-0.02754331408262989,0
2017-05-24,2280.0,2320.0,2230.0,2287.0,19714271898,8618547,481,2270.0,2290.0,54.44755622526781,-5.068967864942806,-14.0741100004474,2311.6714877575373,2150.628512242463,2231.15,2298.66,-0.048034934497816595,0
2017-05-27,2253.0,2295.0,2237.0,2277.0,4860656662,2144183,170,2287.0,2241.0,47.76513144635852,-5.631710167920119,-12.385630033941943,2312.3207169403718,2154.579283059628,2233.45,2295.9,-0.02052655064703257,0
2017-05-28,2233.0,2235.0,2201.0,2257.0,3066833954,1385643,232,2277.0,2209.0,43.96980764421517,-8.561132654094308,-11.620730557972417,2312.3207169403718,2154.579283059628,2233.45,2292.3,-0.031688546853779975,0
2017-05-29,2200.0,2284.0,2186.0,2235.0,18789453830,8407417,581,2257.0,2186.0,41.42219438610718,-12.593459301050189,-11.815276306587972,2313.08948029847,2152.2105197015303,2232.65,2289.14,-0.03796889295516925,0
2017-05-30,2220.0,2220.0,2178.0,2222.0,2809225570,1282743,130,2235.0,2189.0,41.895094950728776,-15.36985813497813,-12.526192672266003,2313.679762254864,2150.020237745136,2231.85,2286.36,-0.004111466423024179,0
2017-05-31,2172.0,2204.0,2172.0,2216.0,1554411687,711325,116,2222.0,2180.0,40.830158391062525,-18.087893026117854,-13.638532743036373,2314.7187441295096,2146.7812558704904,2230.75,2283.38,-0.003669724770642202,0
2017-06-03,2172.0,2195.0,2160.0,2209.0,2010366889,922377,115,2216.0,2195.0,43.411935981824165,-18.81469651033194,-14.673765496495488,2313.1078091787076,2150.792190821292,2231.95,2279.28,-0.02050113895216399,0
2017-06-06,2161.0,2170.0,2138.0,2200.0,1389946779,646986,126,2209.0,2139.0,36.932863322584154,-23.636953410951264,-16.466403079386644,2316.192203575046,2145.6077964249544,2230.9,2274.04,-0.016830294530154277,0
2017-06-07,2139.0,2145.0,2090.0,2167.0,3490193277,1654547,275,2200.0,2103.0,33.474165557127094,-30.017502795642486,-19.176623022637813,2326.6460617774324,2127.953938222568,2227.3,2268.1,0.02757964812173097,0
2017-06-10,2148.0,2185.0,2133.0,2169.0,7394735446,3407328,281,2167.0,2180.0,45.27825474568684,-28.53197877743014,-21.047694173596277,2326.7418059316988,2123.8581940683016,2225.3,2261.5,-0.03669724770642202,0
2017-06-11,2180.0,2195.0,2140.0,2178.0,10162525957,4665149,306,2169.0,2172.0,44.396844288999304,-27.681132566267024,-22.374381852130426,2324.723569386092,2118.076430613908,2221.4,2256.14,-0.04465930018416209,0
2017-06-12,2185.0,2189.0,2147.0,2174.0,3772890097,1740535,171,2178.0,2150.0,41.97684261642981,-28.454046417165046,-23.59031476513735,2314.1671089993088,2113.232891000691,2213.7,2250.34,-0.03581395348837213,0
2017-06-13,2170.0,2170.0,2100.0,2153.0,5571192036,2607526,157,2174.0,2103.0,37.29923919635491,-32.484630814111824,-25.369177974932246,2308.5056897858212,2099.794310214179,2204.15,2244.06,0.024251069900142586,0
2017-06-14,2083.0,2165.0,2082.0,2149.0,1967536259,922422,141,2153.0,2161.0,45.38693809770232,-30.645520232641502,-26.4244464264741,2303.875525668811,2095.824474331189,2199.85,2239.22,-0.01434521055067095,0
2017-06-17,2103.0,2179.0,2090.0,2131.0,9455943356,4438490,314,2149.0,2100.0,39.601336413428264,-33.72148179721444,-27.88385350062217,2302.292303007846,2082.407696992154,2192.35,2232.44,-0.0023809523809523725,0
2017-06-18,2145.0,2145.0,2075.0,2112.0,4441680841,2125428,166,2131.0,2075.0,37.49197580829827,-37.741434797409966,-29.85536975997973,2302.0093058547636,2065.5906941452367,2183.8,2226.36,0.02602409638554226,0
2017-06-19,2055.0,2109.0,2055.0,2107.0,1411937654,678944,88,2112.0,2073.0,37.320712006837574,-40.62041296226516,-32.00837840043682,2294.3821978163596,2053.4178021836406,2173.9,2220.62,0.028461167390255726,0
2017-06-20,2063.0,2159.0,2062.0,2125.0,13639006939,6417794,300,2107.0,2154.0,47.73396686328094,-35.95157348501789,-32.79701741735303,2284.4284641545296,2053.6715358454708,2169.05,2216.7,0.0013927576601671099,0
2017-06-21,2143.0,2143.0,2086.0,2126.0,4920295898,2313756,153,2125.0,2130.0,45.330890351872185,-33.79847619104885,-32.9973091720922,2277.0729622273975,2051.027037772603,2164.05,2212.9,0.018779342723004744,0
2017-06-24,2153.0,2153.0,2095.0,2125.0,4041837015,1903960,117,2126.0,2095.0,42.00943514932473,-34.51843157393887,-33.301533652461536,2265.6682342694858,2046.8317657305145,2156.25,2208.44,0.04057279236276856,0
2017-06-25,2100.0,2130.0,2096.0,2114.0,7597929239,3599004,177,2125.0,2129.0,46.13811541286916,-31.976876029776577,-33.036602127924546,2239.2156030065626,2057.184396993437,2148.2,2205.72,0.0211366838891498,0
2017-06-28,2101.0,2135.0,2100.0,2122.0,5656991325,2658308,160,2114.0,2132.0,46.50005349522534,-29.381903725606207,-32.305662447460875,2223.342493388936,2062.157506611064,2142.75,2201.54,0.024859287054409096,0
2017-07-01,2148.0,2175.0,2130.0,2157.0,13096793681,6071857,277,2122.0,2157.0,49.542889521954216,-25.01966726250248,-30.8484634104692,2215.1893895940293,2065.110610405971,2140.15,2200.24,-0.0023180343069076903,0
2017-07-02,2170.0,2175.0,2152.0,2165.0,6614004686,3049164,238,2157.0,2170.0,51.10035675860035,-20.279799181580984,-28.73473056469156,2212.7401218873774,2065.9598781126224,2139.35,2198.34,-0.006451612903225823,0
2017-07-03,2171.0,2180.0,2141.0,2173.0,12442357469,5725954,250,2165.0,2180.0,52.319565529919004,-15.537397703006263,-26.095263992354504,2211.1686653442825,2066.6313346557176,2138.9,2195.94,0.041284403669724856,0
2017-07-04,2179.0,2181.0,2161.0,2174.0,6842095637,3147562,246,2173.0,2174.0,51.49003662746363,-12.123409106367944,-23.300893015157193,2210.230719601605,2066.969280398395,2138.6,2192.64,0.04967801287948492,0
2017-07-05,2175.0,2187.0,2145.0,2172.0,7974238747,3671380,190,2174.0,2185.0,52.962477784073535,-8.43298033001156,-20.32731047812807,2208.2737842120796,2067.9262157879202,2138.1,2190.74,0.03661327231121292,0
2017-07-08,2160.0,2181.0,2150.0,2169.0,6400492937,2953085,207,2172.0,2152.0,48.23256336448977,-8.077995045629905,-17.877447391628436,2209.1854313583995,2068.3145686416005,2138.75,2188.52,0.036245353159851224,0
2017-07-09,2147.0,2178.0,2147.0,2162.0,5582605445,2588038,160,2169.0,2156.0,48.82910225105242,-7.3887274291409994,-15.77970339913095,2210.225576573285,2072.5744234267154,2141.4,2187.22,0.05102040816326525,1
2017-07-10,2168.0,2270.0,2165.0,2235.0,30851499306,13803734,631,2162.0,2270.0,62.19870083819697,2.3295161727137383,-12.157859484762014,2233.4531837836134,2058.3468162163867,2145.9,2187.3,0.022907488986784186,0
2017-07-11,2310.0,2335.0,2270.0,2293.0,26363158015,11496451,695,2235.0,2282.0,63.286094982130685,10.874242457098717,-7.551439096389869,2256.8180249798384,2045.9819750201618,2151.4,2188.9,0.04206836108676604,0
2017-07-12,2298.0,2320.0,2250.0,2280.0,15500019473,6797253,504,2293.0,2265.0,60.625446076438706,16.088780230253633,-2.8233952310611685,2273.603037704701,2040.6969622952993,2157.15,2190.3,0.05916114790286975,1
2017-07-22,2300.0,2300.0,2230.0,2258.0,26214290382,11609629,754,2000.0,2230.0,55.456134915016925,17.198873582666238,1.1810585316843127,2281.292189854232,2045.7078101457678,2163.5,2190.72,0.07623318385650224,1
2017-07-23,2240.0,2280.0,2222.0,2256.0,20530184667,9098684,479,2258.0,2266.0,59.30018714428281,20.74440115412699,5.093727056172848,2294.7053491942997,2042.7946508057003,2168.75,2192.0,0.053839364518976085,1
2017-07-24,2274.0,2330.0,2257.0,2307.0,37393266092,16207164,821,2256.0,2322.0,64.44088971478475,27.75306918129263,9.625595481196806,2318.138502742141,2041.5614972578585,2179.85,2194.34,0.05081826012058577,1
2017-07-25,2301.0,2412.0,2300.0,2372.0,26091513476,11001679,818,2307.0,2378.0,68.69862074765103,37.39515302956988,15.17950699087142,2349.4655301051675,2040.5344698948325,2195.0,2197.86,0.01345668629100083,0
2017-07-26,2389.0,2459.0,2365.0,2411.0,28311407914,11744841,859,2372.0,2399.0,70.14239171384943,46.19855031207135,21.383315655111407,2379.0594706437705,2043.5405293562296,2211.3,2202.42,0.00041684035014588616,0
2017-07-29,2410.0,2429.0,2354.0,2396.0,12153181010,5072083,345,2411.0,2400.0,70.21284952989254,52.64909176916399,27.636470877921923,2407.998915372851,2039.201084627149,2223.6,2207.22,0.0016666666666667052,0
2017-07-30,2397.0,2420.0,2353.0,2398.0,28464758825,11868773,621,2396.0,2388.0,68.13501737984075,56.145680184046796,33.3383127391469,2428.829404903904,2044.170595096096,2236.5,2211.48,0.009212730318257867,0
2017-07-31,2400.0,2445.0,2397.0,2407.0,21830835562,9070438,534,2398.0,2440.0,72.00165134259461,62.393483868823296,39.14934696508218,2453.945779153053,2053.554220846947,2253.75,2215.88,0.0028688524590163578,0
2017-08-01,2430.0,2457.0,2384.0,2413.0,34386712096,14250293,501,2407.0,2410.0,66.95390112263388,64.18428750938801,44.15633507394335,2470.4303037324494,2065.169696267551,2267.8,2219.08,0.020746887966804906,0
2017-08-02,2400.0,2420.0,2380.0,2396.0,8389578578,3506310,231,2413.0,2400.0,65.31028494736324,64.05817312510817,48.13670268417631,2481.569259096077,2080.8307409039226,2281.2,2221.0,0.03125,0
2017-08-06,2407.0,2446.0,2389.0,2409.0,6838859778,2831106,239,2396.0,2404.0,65.67328065860511,63.54844620722406,51.219051388785864,2492.2170329740616,2094.882967025939,2293.55,2223.2,0.010815307820299491,0
2017-08-07,2398.0,2438.0,2373.0,2404.0,15283595815,6357448,310,2409.0,2410.0,66.2438773641829,62.90352117233215,53.555945345495125,2501.8960974675138,2109.2039025324866,2305.55,2226.46,0.007053941908713668,0
2017-08-08,2391.0,2499.0,2391.0,2440.0,14924392515,6116480,372,2404.0,2447.0,69.59977646483601,64.63295573277492,55.77134742295109,2515.5925519452344,2122.207448054766,2318.9,2230.4,-0.01961585615038819,0
2017-08-09,2490.0,2493.0,2438.0,2447.0,36106453626,14757531,697,2440.0,2460.0,70.70188002043285,66.28840496693647,57.87475893174817,2527.2428818347516,2139.157118165248,2333.2,2234.68,-0.028048780487804903,0
2017-08-12,2474.0,2489.0,2417.0,2449.0,11014131983,4496894,253,2447.0,2475.0,71.9648168109786,68.02656713082979,59.905120571564495,2538.593792436376,2156.8062075636235,2347.7,2238.76,-0.026666666666666616,0
2017-08-13,2460.0,2468.0,2427.0,2441.0,10652983431,4364873,246,2449.0,2430.0,63.167655458625454,65.02339996999626,60.928776451250855,2532.955069930098,2190.244930069902,2361.6,2242.34,0.004115226337448652,0
2017-08-14,2383.0,2437.0,2383.0,2404.0,19393708750,8067646,680,2441.0,2427.0,62.618094834954206,61.69016757937152,61.081054676874984,2520.1648612755093,2230.135138724491,2375.15,2246.28,0.008240626287597808,0
2017-08-15,2434.0,2440.0,2399.0,2407.0,33904527591,14088717,644,2404.0,2399.0,57.58269142266047,56.142020634245455,60.09324786834908,2518.5867146505752,2244.6132853494246,2381.6,2249.24,0.04668611921634014,0
2017-08-16,2380.0,2407.0,2380.0,2406.0,26130765692,10860321,537,2407.0,2391.0,56.19232878148171,50.517210114453974,58.178040317570066,2516.201809862506,2257.8981901374946,2387.05,2251.26,0.05604349644500206,1
2017-08-19,2400.0,2427.0,2400.0,2414.0,8377222780,3468532,185,2406.0,2409.0,58.61369239917046,46.9705100192964,55.93653425791533,2510.825940874454,2277.674059125546,2394.25,2254.62,0.09215442092154413,1
2017-08-20,2403.0,2440.0,2403.0,2430.0,10059746273,4140014,292,2414.0,2440.0,62.46188000048434,46.12941438896678,53.97511028412562,2495.148838437057,2314.351161562943,2404.75,2259.24,0.06598360655737712,1
2017-08-21,2440.0,2447.0,2425.0,2437.0,22928190629,9408297,475,2430.0,2447.0,63.29188866211436,45.50314955735348,52.2807181387712,2479.762413469895,2347.8375865301055,2413.8,2264.46,0.10053126277073976,1
2017-08-22,2459.0,2550.0,2459.0,2491.0,89689150146,36008060,1761,2437.0,2511.0,69.85477959755718,49.599344922244654,51.744443495465895,2488.041588889128,2358.458411110872,2423.25,2270.9,0.09677419354838701,1
2017-08-23,2528.0,2530.0,2487.0,2506.0,45613443749,18199404,757,2491.0,2525.0,71.0731168755805,53.3601892118636,52.06759263874544,2505.7196378504395,2355.4803621495603,2430.6,2277.8,0.09702970297029712,1
2017-08-26,2540.0,2631.0,2518.0,2617.0,87685051639,33506806,1523,2506.0,2631.0,78.2429815925817,64.15446676969214,54.48496746493478,2555.9411095021787,2328.458890497821,2442.2,2286.52,0.029646522234891615,0
2017-08-27,2692.0,2692.0,2592.0,2613.0,22381772615,8565567,584,2617.0,2601.0,72.74724458703366,69.48725440879161,57.48542485370616,2583.476331164105,2321.023668835895,2452.25,2295.76,0.026528258362168433,0
2017-08-28,2600.0,2714.0,2600.0,2683.0,57099128208,21278484,1059,2613.0,2693.0,77.87871814444549,80.21251817835628,62.03084351863619,2631.988905372972,2303.011094627028,2467.5,2307.56,0.02079465280356474,0
2017-08-29,2711.0,2817.0,2710.0,2770.0,72039188261,26010169,1516,2683.0,2754.0,80.50042172190662,92.56749670803401,68.13817415651576,2688.9567495631813,2277.4432504368183,2483.2,2319.04,0.009440813362382006,0
2017-08-30,2755.0,2805.0,2705.0,2746.0,34078293374,12408092,827,2770.0,2770.0,81.13206587403172,102.468776220368,75.00429456928622,2738.7269247702543,2263.6730752297453,2501.2,2331.0,-0.003249097472924234,0
2017-09-02,2702.0,2754.0,2702.0,2731.0,13151011906,4814823,293,2746.0,2709.0,71.60836871625447,104.19235673606727,80.84190700264243,2765.7526093617275,2267.5473906382726,2516.65,2342.18,0.007751937984496138,0
2017-09-03,2706.0,2719.0,2670.0,2695.0,12780915874,4743279,377,2731.0,2670.0,66.25358560816636,101.24425193513571,84.92237598914109,2781.961487815194,2277.938512184806,2529.95,2353.52,0.02621722846441954,0
2017-09-04,2670.0,2749.0,2670.0,2696.0,17970625482,6665819,420,2695.0,2749.0,70.98646950558299,104.08269686961785,88.75444016523645,2809.729906956639,2284.0700930433613,2546.9,2365.28,-0.014914514368861376,0
2017-09-05,2740.0,2781.0,2740.0,2758.0,46012888143,16683764,775,2696.0,2780.0,72.60982031881824,107.59335661179466,92.52222345454808,2840.7535172771863,2286.346482722814,2563.55,2378.88,-0.025179856115107868,0
2017-09-06,2788.0,2788.0,2742.0,2758.0,15953607827,5784793,326,2758.0,2761.0,70.02378773022892,107.60206887006098,95.53819253765067,2864.2371124186247,2292.962887581375,2578.6,2392.6,-0.014487504527345152,0
2017-09-10,2735.0,2739.0,2671.0,2693.0,26730177478,9927291,505,2758.0,2730.0,65.89981662449439,103.90972583741996,97.21249919760454,2880.0992164333197,2302.60078356668,2591.35,2405.74,0.00293040293040292,0
2017-09-11,2700.0,2760.0,2658.0,2718.0,18353279042,6752910,353,2693.0,2740.0,66.58349837276297,100.63042886498079,97.8960851310798,2892.555635210199,2321.144364789801,2606.85,2417.46,0.017153284671532765,0
2017-09-12,2738.0,2790.0,2689.0,2740.0,19246793369,7023722,328,2718.0,2708.0,62.28038098311973,94.36168703341264,97.18920551154638,2897.3329213224606,2344.4670786775396,2620.9,2429.02,0.0620384047267355,1
2017-09-13,2715.0,2798.0,2692.0,2722.0,15354113339,5641390,358,2740.0,2710.0,62.44374768183519,88.53447691428164,95.45825979209344,2895.6560763000684,2377.243923699931,2636.45,2441.32,0.06974169741697422,1
2017-09-16,2725.0,2775.0,2690.0,2709.0,36364066455,13421518,528,2722.0,2721.0,63.383092979352305,83.83755187035513,93.13411820774579,2888.4906334178554,2417.4093665821442,2652.95,2453.16,0.041161337743476745,0
2017-09-17,2743.0,2788.0,2698.0,2721.0,77735234717,28565154,1069,2709.0,2738.0,64.84645915640544,80.55833650123441,90.61896186644351,2879.021945394303,2459.778054605697,2669.4,2465.28,0.018991964937910888,0
2017-09-18,2759.0,2787.0,2728.0,2755.0,51618484038,18737296,730,2721.0,2787.0,68.72605007553535,80.97993885874757,88.69115726490433,2873.774998304773,2499.725001695227,2686.75,2477.88,-0.0025116612845353936,0
2017-09-19,2780.0,2876.0,2766.0,2814.0,79109432583,28108377,1133,2755.0,2876.0,74.2785747568584,87.48712088974798,88.45034998987306,2877.9204760508,2538.4795239491996,2708.2,2492.0,-0.03650904033379698,0
2017-09-20,2876.0,2947.0,2842.0,2894.0,31841279205,11003070,565,2814.0,2899.0,75.48967301385862,93.42309403779882,89.44489879945823,2891.316095698985,2563.883904301015,2727.6,2506.38,-0.03483959986202134,0
2017-09-23,2833.0,2920.0,2821.0,2847.0,32942286560,11569392,528,2894.0,2833.0,65.90064094544617,91.74417734139706,89.90475450784601,2883.949636363229,2602.050363636771,2743.0,2519.56,-0.019767031415460656,0
2017-09-24,2822.0,2840.0,2774.0,2807.0,19007912122,6771170,369,2847.0,2790.0,60.50791194382003,85.95306964659358,89.11441753559552,2883.4150519606214,2618.484948039378,2750.95,2531.66,-0.012186379928315394,0
2017-09-25,2786.0,2800.0,2766.0,2787.0,17866367419,6410459,631,2807.0,2780.0,59.292742818684076,79.63863404927861,87.21926083833215,2873.470946949184,2646.329053050816,2759.9,2544.22,-0.025179856115107868,0
2017-09-26,2789.0,2789.0,2715.0,2751.0,17097779811,6214860,617,2787.0,2771.0,58.16065263590167,73.06591517332845,84.38859170533142,2873.1939668854557,2654.4060331145447,2763.8,2556.52,-0.03644893540238181,0
2017-09-27,2779.0,2846.0,2752.0,2791.0,24316208992,8711599,520,2751.0,2798.0,60.59159298180591,69.23753525429811,81.35838041512476,2876.2832715824893,2655.7167284175107,2766.0,2567.08,-0.04932094353109362,0
2017-10-02,2800.0,2800.0,2728.0,2750.0,15053335157,5472980,299,2791.0,2777.0,57.77966228290386,63.77384688178927,77.84147370845767,2876.7262202240017,2655.973779775998,2766.35,2576.98,-0.036010082823190515,0
2017-10-03,2722.0,2775.0,2715.0,2741.0,10394371002,3791887,236,2750.0,2756.0,55.0294145311206,57.091198192424145,73.69141860525097,2876.0519445140067,2661.348055485993,2768.7,2586.8,-0.029390420899854885,0
2017-10-04,2721.0,2753.0,2710.0,2728.0,5507749709,2026195,157,2741.0,2710.0,49.47422317544213,47.53537716010214,68.46021031622121,2871.938530169789,2669.4614698302107,2770.7,2596.4,-0.011439114391143868,0
2017-10-07,2739.0,2755.0,2670.0,2718.0,14795729425,5443660,316,2728.0,2670.0,45.20114884746931,36.31602589933573,62.03137343284412,2876.844277739297,2656.655722260703,2766.75,2604.48,0.011610486891385774,0
2017-10-08,2717.0,2737.0,2655.0,2690.0,16903406149,6284087,353,2718.0,2660.0,44.173954929708096,26.314357237489276,54.88797019377316,2880.0007861229215,2641.4992138770785,2760.75,2611.24,0.022556390977443552,0
2017-10-09,2690.0,2699.0,2660.0,2679.0,10357073281,3866255,275,2690.0,2677.0,46.40377969407833,19.5345386877525,47.81728389256902,2881.2616273285407,2631.8383726714596,2756.55,2617.22,0.016062756817332824,0
2017-10-10,2681.0,2699.0,2674.0,2683.0,7662363314,2854873,490,2679.0,2675.0,46.17013240297784,13.840555052628133,41.02193812458085,2883.0742820166934,2624.525717983307,2753.8,2622.74,0.025794392523364573,0
2017-10-11,2685.0,2688.0,2671.0,2682.0,5832576716,2175847,227,2683.0,2679.0,46.74764424980423,9.540817958982188,34.72571409146112,2883.9999530616433,2617.5000469383567,2750.75,2628.32,0.024636058230683044,0
2017-10-14,2680.0,2750.0,2680.0,2718.0,16941661880,6232719,593,2682.0,2701.0,49.92940631544872,7.818336555596034,29.344238584288107,2884.1331671311573,2616.666832868843,2750.4,2634.58,0.02443539429840791,0
2017-10-15,2743.0,2776.0,2718.0,2741.0,13486116556,4919505,312,2718.0,2720.0,52.565373295751606,7.895385751739923,25.054468017778472,2884.0989489107565,2617.7010510892437,2750.9,2640.18,0.023897058823529438,0
2017-10-16,2748.0,2770.0,2720.0,2750.0,20072002057,7298309,330,2741.0,2720.0,52.565373295751606,7.865776025052128,21.616729619233205,2884.0945495730693,2617.6054504269305,2750.85,2646.38,-0.0011029411764705843,0
2017-10-17,2750.0,2803.0,2734.0,2759.0,3991518976,1439698,154,2750.0,2744.0,55.96173861240341,9.667468962546536,19.22687748789587,2884.304459147752,2617.9955408522483,2751.15,2653.26,-0.007653061224489832,0
2017-10-18,2788.0,2789.0,2740.0,2757.0,12901681948,4679481,331,2759.0,2745.0,56.10277443119365,11.048653241637112,17.59123263864412,2881.1976068301256,2616.902393169875,2749.05,2660.08,-0.021493624772313313,0
2017-10-21,2791.0,2817.0,2750.0,2794.0,44743393398,16014127,909,2757.0,2767.0,59.19863449214277,13.759852853555458,16.824956681626386,2862.702308923576,2624.497691076424,2743.6,2667.22,-0.023491145645103018,0
2017-10-22,2798.0,2800.0,2766.0,2781.0,31958721681,11490266,485,2794.0,2785.0,61.58573799902285,17.163102089633867,16.89258576322788,2835.7179942082457,2640.0820057917545,2737.9,2673.98,-0.037701974865350096,0
2017-10-23,2750.0,2750.0,2709.0,2719.0,65651776836,24141941,823,2781.0,2717.0,49.74525749496942,14.209373119727843,16.355943234527874,2819.920043218628,2644.2799567813718,2732.1,2679.12,-0.03165255796834743,0
2017-10-24,2722.0,2741.0,2711.0,2722.0,14492052171,5323913,262,2719.0,2723.0,50.64689237094532,12.211900301485457,15.527134647919391,2812.4969401884046,2645.0030598115954,2728.75,2684.08,-0.03415350716121923,0
2017-10-25,2723.0,2770.0,2686.0,2712.0,36920643795,13614313,604,2722.0,2686.0,45.254842892423625,7.556194813671027,13.93294668106972,2806.301990802157,2641.7980091978434,2724.05,2689.2,-0.04318689501116901,0
2017-10-28,2670.0,2720.0,2660.0,2697.0,9503112891,3524177,238,2712.0,2702.0,47.840877226679176,5.098805103119503,12.166118365479676,2800.4383365991334,2640.7616634008664,2720.6,2694.7,-0.031458179126572894,0
2017-10-29,2700.0,2700.0,2665.0,2682.0,27572411697,10279739,550,2697.0,2680.0,44.71326874868749,1.3604079782930967,10.00497628804236,2787.9559894542,2641.4440105457998,2714.7,2700.32,-0.0268656716417911,0
2017-10-30,2711.0,2711.0,2631.0,2649.0,8916421182,3369993,282,2682.0,2631.0,38.6522441815574,-5.492870771679009,6.905406876098088,2783.4142091382296,2631.3857908617706,2707.4,2705.12,-0.01178259217027744,0
2017-10-31,2659.0,2670.0,2622.0,2641.0,6126674856,2323693,204,2649.0,2630.0,38.5374338371299,-10.879423971553024,3.3484407065678656,2780.756512545476,2621.4434874545236,2701.1,2709.54,-0.01520912547528519,0
2017-11-01,2624.0,2624.0,2550.0,2568.0,21824376748,8498766,524,2641.0,2570.0,32.33196811587287,-19.76200070682171,-1.2736475761100494,2791.9302611204957,2596.269738879504,2694.1,2712.14,0.00038910505836575737,0
2017-11-04,2584.0,2620.0,2550.0,2592.0,10459215901,4035796,284,2568.0,2617.0,40.424600999891034,-22.746788739219028,-5.568275808731846,2794.4810147038415,2588.418985296158,2691.45,2715.54,-0.02560183416125339,0
2017-11-05,2636.0,2636.0,2591.0,2616.0,10662533847,4075634,206,2592.0,2608.0,39.45162850355425,-25.54402393566488,-9.563425434118454,2797.4009557346317,2580.299044265368,2688.85,2717.48,-0.018404907975460127,0
2017-11-06,2619.0,2648.0,2597.0,2607.0,16482378950,6323221,343,2616.0,2600.0,38.56312488335063,-28.082666623071873,-13.267273671909138,2800.2163182491972,2569.7836817508028,2685.0,2718.98,-0.008076923076923093,0
2017-11-07,2629.0,2629.0,2575.0,2603.0,1897872318,733535,90,2607.0,2590.0,37.42840089597187,-30.549322100407153,-16.723683357608742,2803.17364963886,2558.32635036114,2680.75,2718.16,-0.011196911196911241,0
2017-11-08,2590.0,2600.0,2565.0,2594.0,3682372003,1428621,134,2603.0,2571.0,35.30287511234758,-33.649416025949904,-20.108829891276976,2806.800789236489,2543.899210763511,2675.35,2717.56,0.011279657720731251,0
2017-11-11,2555.0,2599.0,2545.0,2582.0,3774212745,1472847,109,2594.0,2550.0,33.06766182881053,-37.370009089825544,-23.56106573098669,2809.4412369011666,2526.158763098834,2667.8,2714.7,0.0235294117647058,0
2017-11-12,2579.0,2579.0,2549.0,2573.0,2995113233,1173137,91,2582.0,2560.0,35.172569684944435,-39.061413808362886,-26.66113534646193,2806.7198420598415,2512.880157940159,2659.8,2710.82,0.012109375000000089,0
2017-11-13,2570.0,2600.0,2560.0,2583.0,6834465305,2641489,183,2573.0,2579.0,39.091887808412764,-38.42577461281962,-29.01406319973347,2800.9645404165376,2504.5354595834624,2652.75,2707.0,0.0577743311360992,1
2017-11-14,2590.0,2590.0,2556.0,2580.0,2428657147,945031,107,2583.0,2561.0,36.820728132667405,-38.925763566592195,-30.996403273105216,2790.74265184127,2496.45734815873,2643.6,2704.04,0.0909800859039438,1
2017-11-15,2563.0,2630.0,2563.0,2600.0,14541736935,5592180,300,2580.0,2600.0,44.362989781631036,-35.762783247564585,-31.94967926799709,2776.936307977974,2495.7636920220257,2636.35,2702.64,0.09615384615384626,1
2017-11-18,2629.0,2629.0,2594.0,2601.0,4431366587,1702274,135,2600.0,2610.0,46.13850919125527,-32.07939088083276,-31.975621590564224,2755.9480285876334,2501.0519714123666,2628.5,2699.86,0.08927203065134104,1
2017-11-20,2610.0,2620.0,2573.0,2599.0,5951489115,2290896,157,2601.0,2591.0,43.3104247814275,-30.343634572072915,-31.649224186865965,2724.8633772367725,2512.736622763228,2618.8,2696.08,0.1566962562717098,1
2017-11-21,2585.0,2728.0,2581.0,2661.0,41912684668,15753307,855,2599.0,2728.0,61.59167313222359,-17.709140203990046,-28.861207390290783,2727.5373836954664,2511.1626163045335,2619.35,2695.42,0.08870967741935476,1
2017-11-22,2745.0,2794.0,2701.0,2784.0,241567921252,86782603,2553,2661.0,2794.0,67.09659914086191,-2.3435490015999676,-23.55767571255262,2747.8238167479353,2497.976183252065,2622.9,2696.7,0.052254831782390765,1
2017-11-25,2879.0,2923.0,2820.0,2903.0,131091909290,45149901,1836,2784.0,2850.0,70.90678831572058,14.188963182627049,-16.008347933516685,2788.7564619382138,2473.443538061786,2631.1,2698.9,0.01403508771929829,0
2017-11-26,2859.0,2872.0,2828.0,2855.0,34941067225,12236680,773,2903.0,2843.0,69.81843339169131,26.421683974455846,-7.52234155192218,2818.7924922073394,2457.507507792661,2638.15,2701.6,0.020049243756595114,0
2017-11-28,2849.0,2997.0,2847.0,2988.0,266698032838,89244161,2966,2855.0,2997.0,77.867160877052,47.98952295409981,3.580031349282219,2892.8120599778954,2415.1879400221046,2654.0,2707.34,-0.019352686019352694,0
2017-11-29,3029.0,3044.0,2944.0,2982.0,31350274676,10511717,779,2988.0,2970.0,74.13437726175805,62.186667192235745,15.301358517872925,2946.1724372955327,2395.727562704467,2670.95,2712.32,-0.025589225589225606,0
2017-12-02,3019.0,3019.0,2927.0,2970.0,15238225698,5131311,492,2982.0,2940.0,70.11261132397681,70.20794353616293,26.282675521530926,2984.6589703394257,2388.241029660574,2686.45,2716.36,-0.01904761904761909,0
2017-12-03,2950.0,2950.0,2855.0,2897.0,32017407439,11052340,599,2970.0,2890.0,63.89142569644214,71.70372479096477,35.366885375417695,3008.193340059776,2396.7066599402237,2702.45,2718.42,0.02076124567474058,0
2017-12-04,2896.0,2939.0,2850.0,2888.0,32782759039,11353260,459,2897.0,2900.0,64.56856869614234,72.85621751434519,42.86475180320319,3031.279138156495,2401.920861843505,2716.6,2718.9,0.037931034482758585,0
2017-12-05,2900.0,2984.0,2894.0,2934.0,17540035676,5978396,357,2888.0,2939.0,67.1554839923753,76.04000847979296,49.499803138521145,3057.8974557112374,2408.402544288763,2733.15,2719.7,0.02245661789724407,0
2017-12-09,2975.0,2988.0,2890.0,2928.0,17187950046,5870307,372,2934.0,2894.0,61.5695938404935,74.07813520793843,54.41546955240461,3073.772245314628,2421.927754685372,2747.85,2720.92,0.09433310297166542,1
2017-12-10,2915.0,2915.0,2881.0,2902.0,6561646269,2271580,227,2928.0,2884.0,60.36791272276164,70.89913893844596,57.712203429612885,3085.1720544087702,2439.92794559123,2762.55,2722.8,0.10020804438280173,1
2017-12-11,2881.0,3000.0,2881.0,2965.0,30290842059,10214812,560,2902.0,2950.0,65.19605481886796,72.86546221518574,60.74285518672746,3101.4027977229084,2461.5972022770916,2781.5,2726.2,0.09152542372881345,1
2017-12-12,2976.0,3069.0,2951.0,3023.0,60040207676,19858331,1069,2965.0,3010.0,68.90473480674294,78.36197803354162,64.2666797560903,3120.6420566627517,2488.3579433372483,2804.5,2730.98,0.06810631229235886,1
2017-12-13,3000.0,3050.0,2973.0,3017.0,35795448137,11865126,858,3023.0,3005.0,68.25204029525861,81.3764906771703,67.6886419403063,3133.4249908143224,2520.0750091856776,2826.75,2735.12,0.07254575707154731,1
2017-12-16,3030.0,3167.0,3015.0,3144.0,71779109720,22828922,1047,3017.0,3167.0,76.13858518219067,95.73399784038747,73.29771312032254,3174.6937332470666,2537.6062667529336,2856.15,2742.92,0.05778339122197673,1
2017-12-17,3269.0,3300.0,3172.0,3247.0,127215594043,39179935,2034,3144.0,3173.0,76.37268776158665,106.37040376210598,79.91225124867924,3203.579212654061,2569.920787345939,2886.75,2751.26,0.06838953671604164,1
2017-12-18,3210.0,3250.0,3140.0,3210.0,32376834099,10085257,781,3247.0,3220.0,78.17870472432803,117.24085964080678,87.37797292710475,3237.598010766061,2597.901989233939,2917.75,2761.46,0.08385093167701863,1
2017-12-19,3200.0,3246.0,3200.0,3224.0,27698863879,8590930,595,3210.0,3215.0,77.50002298292117,124.0226600057058,94.70691034282495,3260.0448685542196,2635.9551314457804,2948.0,2772.36,0.07402799377916014,1
2017-12-20,3226.0,3239.0,3165.0,3219.0,27332697871,8490973,606,3224.0,3223.0,77.83162429026642,128.56084935135914,101.47769814453179,3267.71969733261,2691.48030266739,2979.6,2783.62,0.061123177164132736,1
2017-12-23,3225.0,3375.0,3225.0,3350.0,48477103770,14472508,944,3219.0,3350.0,82.29307192682236,140.7823840312717,109.33863532187978,3317.1683344018575,2704.231665598142,3010.7,2797.08,0.005970149253731405,0
2017-12-24,3370.0,3449.0,3350.0,3392.0,49854029412,14698242,880,3350.0,3390.0,83.42455503884987,151.9441860279976,117.85974546310334,3371.7892995420507,2709.2107004579493,3040.5,2811.38,-0.002949852507374673,0
2017-12-25,3420.0,3553.0,3390.0,3475.0,79456224745,22865284,1370,3392.0,3490.0,85.85761208000068,166.93483789405946,127.67476394929457,3445.0702618179253,2699.9297381820747,3072.5,2827.6,-0.04527220630372497,0
2017-12-26,3500.0,3500.0,3380.0,3434.0,38172846025,11115488,616,3475.0,3453.0,81.11337922072866,173.82569234303583,136.90494962804283,3494.8030117177395,2711.1969882822605,3103.0,2842.64,-0.0254850854329568,0
2017-12-27,3426.0,3480.0,3380.0,3406.0,17635074941,5177000,439,3434.0,3420.0,77.02531621291413,174.61111172792562,144.4461820480194,3535.939885731912,2712.360114268088,3124.15,2856.64,-0.02017543859649118,0
2017-12-30,3406.0,3456.0,3252.0,3397.0,60695001623,17865914,914,3406.0,3370.0,71.17233601990296,169.24799458813368,149.40654455604226,3562.8466801768436,2725.4533198231566,3144.15,2869.64,-0.008011869436201802,0
2017-12-31,3390.0,3399.0,3228.0,3332.0,85947145385,25795539,1442,3397.0,3380.0,71.63654903613593,163.91509090780528,152.30825382639486,3585.8647960116728,2746.4352039883274,3166.15,2882.36,-0.029585798816568087,0
2018-01-01,3351.0,3401.0,3332.0,3356.0,36208273083,10790684,663,3332.0,3332.0,66.13172273990484,154.03985194563575,152.65457345024305,3593.7821812028365,2782.7178187971635,3188.25,2894.1,-0.009903961584633802,0
2018-01-02,3376.0,3398.0,3345.0,3361.0,35935558523,10691174,532,3356.0,3365.0,67.95489636477544,147.17988008700559,151.55963477759556,3601.2750633264536,2821.7249366735464,3211.5,2906.06,-0.021991084695393792,0
2018-01-03,3366.0,3396.0,3338.0,3354.0,19495518467,5812012,428,3361.0,3351.0,66.32371391728165,139.0111855528994,149.04994493265633,3605.286226958003,2858.9137730419966,3232.1,2917.38,-0.015219337511190645,0
2018-01-06,3376.0,3376.0,3343.0,3357.0,12019245703,3580027,345,3354.0,3343.0,65.35826580005354,130.38886150990584,145.31772824810622,3596.3824004408607,2912.7175995591397,3254.55,2929.9,-0.002393060125635671,0
2018-01-07,3341.0,3360.0,3280.0,3305.0,33766888175,10217561,674,3357.0,3280.0,58.17632778410688,117.12192544761865,139.6785676880087,3570.912489184269,2977.787510815731,3274.35,2941.04,0.03658536585365857,0
2018-01-08,3310.0,3333.0,3270.0,3299.0,21019476434,6371766,358,3305.0,3299.0,59.617551868981124,106.90854904044045,133.12456395849506,3548.3389638849776,3035.2610361150228,3291.8,2953.3,0.06395877538648076,1
2018-01-09,3300.0,3315.0,3279.0,3290.0,13786912706,4190589,304,3299.0,3291.0,58.70033715294689,97.05010827652086,125.90967282210023,3527.526588730484,3084.173411269516,3305.85,2965.08,0.07231844424187184,1
2018-01-10,3309.0,3310.0,3267.0,3284.0,9002358916,2741500,201,3290.0,3300.0,59.45605569535671,88.9382232532048,118.51538290832114,3494.3094125002754,3146.8905874997245,3320.6,2977.48,0.08181818181818179,1
2018-01-13,3321.0,3368.0,3307.0,3327.0,43067727301,12945764,489,3284.0,3335.0,62.34195738732436,84.3612395653845,111.68455423973383,3487.7942064157087,3170.2057935842913,3329.0,2991.56,0.05967016491754129,1
2018-01-14,3357.0,3450.0,3355.0,3405.0,44661561442,13118208,768,3327.0,3400.0,67.03484973240077,84.99908722233022,106.34746083625312,3484.715196606384,3195.984803393616,3340.35,3006.96,0.02941176470588225,0
2018-01-15,3431.0,3551.0,3431.0,3507.0,42496560852,12117490,752,3405.0,3510.0,73.13606660939399,93.30510362338646,103.73898939367979,3506.0442789632148,3203.655721036785,3354.85,3025.76,-0.0039886039886040114,0
2018-01-16,3463.0,3544.0,3463.0,3524.0,23652036245,6711133,473,3507.0,3529.0,74.03014684843654,100.26502982223838,103.04419747939151,3525.5589997103834,3215.541000289617,3370.55,3044.0,0.030036837631056912,0
2018-01-17,3545.0,3599.0,3521.0,3565.0,27556939926,7729040,559,3524.0,3570.0,75.89453903518651,107.84599730199716,104.00455744391265,3550.459404499468,3225.3405955005323,3387.9,3063.24,0.004761904761904745,0
2018-01-20,3601.0,3649.0,3530.0,3597.0,31156657875,8661023,689,3565.0,3534.0,71.06998337023556,109.68469265164276,105.14058448545867,3570.5034601477887,3223.696539852211,3397.1,3081.92,0.02178834182229772,0
2018-01-21,3579.0,3579.0,3490.0,3508.0,17250965534,4917257,373,3597.0,3500.0,66.7539493562414,107.16304721160304,105.54507703068755,3581.640107214077,3223.559892785923,3402.6,3100.12,0.017142857142857126,0
2018-01-22,3528.0,3565.0,3464.0,3495.0,15422125844,4412663,396,3508.0,3496.0,66.24425174130013,103.64707944847623,105.1654775142453,3582.5439812273944,3223.256018772606,3402.9,3118.62,-0.013729977116704761,0
2018-01-23,3510.0,3640.0,3510.0,3588.0,34554722456,9631661,714,3495.0,3635.0,73.7461091371637,110.79955964034662,106.29229393946557,3617.4575381708655,3206.5424618291345,3412.0,3140.32,-0.061898211829436,0
2018-01-24,3649.0,3668.0,3560.0,3611.0,18028409548,4992980,450,3588.0,3587.0,68.11642496126713,111.31162178907243,107.29615950938695,3639.5442289186385,3201.1557710813613,3420.35,3160.86,-0.04906607192640089,0
2018-01-28,3650.0,3650.0,3550.0,3599.0,23569493322,6549464,561,3611.0,3611.0,69.37526889604395,112.35883148634684,108.30869390477893,3665.2685465906507,3199.5314534093495,3432.4,3181.5,-0.04292439767377454,0
2018-01-29,3638.0,3639.0,3552.0,3582.0,39060505434,10904873,626,3599.0,3560.0,63.62635818408091,107.83047633194519,108.21305039021219,3679.3305780921114,3203.469421907889,3441.4,3201.48,-0.028089887640449396,0
2018-01-30,3589.0,3589.0,3442.0,3486.0,31572177869,9055565,667,3582.0,3448.0,53.200152439937874,94.11930945790527,105.39430220375081,3679.775665088265,3214.6243349117344,3447.2,3218.44,0.000580046403712231,0
2018-01-31,3447.0,3486.0,3392.0,3417.0,11891062210,3480093,357,3486.0,3410.0,50.194781712738106,79.27301849439345,100.17004546187934,3679.6598824795537,3219.240117520446,3449.45,3234.44,0.014076246334310927,0
2018-02-03,3450.0,3519.0,3393.0,3449.0,48741244324,14133379,763,3417.0,3411.0,50.27439148261515,66.81768490766035,93.49957335103554,3678.9843020190347,3225.915697980965,3452.45,3250.84,0.0023453532688362255,0
2018-02-04,3482.0,3520.0,3421.0,3479.0,68446416231,19676146,757,3449.0,3456.0,53.84931587442708,59.887521158422715,86.77716291251298,3678.999886806793,3237.200113193207,3458.1,3265.4,-0.00434027777777779,0
2018-02-05,3470.0,3480.0,3449.0,3466.0,42934689547,12387327,862,3479.0,3460.0,54.16475710092268,54.09451513086151,80.2406333561827,3672.354865938077,3261.8451340619226,3467.1,3278.72,-0.00028901734104047616,0
2018-02-06,3470.0,3470.0,3430.0,3445.0,15313476022,4444880,428,3466.0,3450.0,53.186027872158974,48.14165268612442,73.82083722217105,3665.197920459032,3284.102079540968,3474.65,3290.72,0.02753623188405796,0
2018-02-07,3466.0,3466.0,3435.0,3450.0,19887435286,5764461,492,3445.0,3458.0,53.90363559336397,43.567282933852766,67.77012636450739,3654.2880614382257,3311.7119385617743,3483.0,3303.02,0.02660497397339512,0
2018-02-10,3459.0,3480.0,3400.0,3455.0,31584143044,9140692,492,3450.0,3419.0,49.888746900196644,36.37577064436573,61.49125522047906,3641.6568760444925,3336.243123955507,3488.95,3311.46,0.04708979233694066,0
2018-02-12,3470.0,3479.0,3401.0,3445.0,28806894359,8361322,418,3455.0,3441.0,52.058019735788044,32.08184197716764,55.609372571816785,3631.824525226404,3356.675474773596,3494.25,3320.88,0.037489102005231034,0
2018-02-13,3470.0,3471.0,3440.0,3452.0,13670192068,3959674,238,3445.0,3459.0,53.81947761976356,29.787945249566746,50.44508710736678,3628.9719241389143,3365.4280758610853,3497.2,3331.26,0.06967331598727955,1
2018-02-14,3460.0,3550.0,3460.0,3507.0,29942241197,8536766,470,3452.0,3545.0,61.16169434570936,34.51166781056736,47.2584032480069,3632.275878925558,3365.6241210744415,3498.95,3344.36,0.04090267983074747,0
2018-02-17,3551.0,3614.0,3550.0,3574.0,28598051527,8000879,536,3507.0,3550.0,61.5445041137412,38.21815508416557,45.45035361523864,3634.5808306976633,3365.4191693023367,3500.0,3357.36,0.04253521126760562,0
2018-02-18,3598.0,3599.0,3562.0,3581.0,25561641748,7139117,461,3574.0,3580.0,63.84702067332096,43.07972596707987,44.97622808560689,3636.187140110157,3364.812859889843,3500.5,3370.18,0.033519553072625774,0
2018-02-19,3580.0,3599.0,3561.0,3573.0,15246593975,4266705,234,3581.0,3570.0,62.50359763865017,45.59999117771531,45.10098070402858,3640.6460877338936,3363.9539122661067,3502.3,3383.7,0.040056022408963665,0
2018-02-21,3580.0,3720.0,3580.0,3683.0,55629665532,15105122,1008,3573.0,3700.0,71.03580880645823,57.42527028943596,47.56583862111005,3675.2590132250402,3349.34098677496,3512.3,3400.02,-0.006216216216216264,0
2018-02-24,3728.0,3739.0,3630.0,3706.0,16312693708,4402222,445,3683.0,3690.0,69.72155159373405,65.23795027395226,51.1002609516785,3702.115518463244,3341.884481536756,3522.0,3414.82,-0.027100271002710064,0
2018-02-25,3730.0,3739.0,3670.0,3700.0,9872454006,2668290,286,3706.0,3701.0,70.37093085604235,71.4930362985856,55.178816021059916,3715.700735269811,3334.8992647301893,3525.3,3428.64,-0.027289921642799198,0
2018-02-26,3690.0,3720.0,3680.0,3701.0,18418430594,4976776,363,3700.0,3700.0,70.22348276236765,75.49923718627724,59.24290025410338,3734.5854340268093,3327.3145659731904,3530.95,3442.54,-0.020270270270270285,0
2018-02-27,3700.0,3733.0,3700.0,3718.0,38322086362,10306177,473,3701.0,3713.0,71.07206006049088,78.81464543519542,63.15724929032179,3752.175403391849,3319.924596608151,3536.05,3453.46,-0.03043361163479663,0
2018-02-28,3700.0,3700.0,3662.0,3684.0,10977828614,2979662,210,3718.0,3677.0,65.50488320969117,77.6422200412112,66.05424344049968,3766.470612483673,3317.329387516327,3541.9,3463.54,-0.030731574653249938,0
2018-03-03,3640.0,3650.0,3551.0,3615.0,29205163718,8079807,498,3684.0,3590.0,54.412258890561446,68.89867057252059,66.62312886690387,3770.200361643681,3327.799638356319,3549.0,3470.94,-0.004456824512534818,0
2018-03-04,3571.0,3660.0,3571.0,3631.0,17175283293,4730231,269,3615.0,3600.0,55.34823484292652,62.06086206488499,65.7106755065001,3771.1607626980103,3345.8392373019897,3558.5,3478.64,-0.011111111111111072,0
2018-03-05,3615.0,3650.0,3595.0,3617.0,29426912057,8134732,347,3631.0,3625.0,57.68714550705349,57.99066039007221,64.16667248321453,3772.423620652975,3365.9763793470247,3569.2,3486.68,-0.0096551724137931,0
2018-03-06,3635.0,3661.0,3600.0,3624.0,20736664022,5721965,347,3617.0,3600.0,54.606753129912484,52.14659172302436,61.762656331176494,3773.1723557599175,3379.6276442400826,3576.4,3491.68,0.013055555555555598,0
2018-03-07,3619.0,3661.0,3560.0,3615.0,20215868430,5592773,358,3624.0,3564.0,50.430672054187845,44.1018474200896,58.230494548959115,3771.1578011882125,3392.0421988117873,3581.6,3495.16,0.02974186307519644,0
2018-03-10,3589.0,3629.0,3555.0,3596.0,25644726757,7132123,428,3615.0,3574.0,51.539321489655585,38.094120716421,54.2032197824515,3767.5949943444275,3408.005005655573,3587.8,3496.84,0.0016787912702853625,0
2018-03-11,3607.0,3607.0,3500.0,3573.0,23291619117,6518027,420,3596.0,3560.0,49.85808232360832,31.836282179741374,49.72983226190948,3763.2148848201914,3422.585115179809,3592.9,3498.98,-0.0856741573033708,0
2018-03-12,3583.0,3602.0,3578.0,3596.0,21088201278,5864911,355,3573.0,3590.0,53.36841954693431,28.963772987986886,45.57662040712496,3752.0095895030227,3450.890410496977,3601.45,3502.38,-0.0807799442896936,0
2018-03-13,3602.0,3650.0,3590.0,3620.0,43023404055,11883610,465,3596.0,3647.0,59.21128878968558,30.93016865840218,42.64733005738041,3744.0751676413956,3479.4248323586044,3611.75,3507.92,-0.07595283794899921,0
2018-03-14,3658.0,3683.0,3596.0,3653.0,20341028635,5567598,344,3620.0,3670.0,61.31748303030495,33.95306932714993,40.908477911334316,3736.654011697571,3507.945988302429,3622.3,3513.72,-0.06839237057220704,0
2018-03-17,3688.0,3800.0,3540.0,3650.0,40837107493,11186990,738,3653.0,3580.0,50.35932219163835,28.75502205249768,38.477786739566994,3734.6275293236786,3513.472470676322,3624.05,3518.68,-0.05865921787709494,0
2018-03-27,3221.0,3270.0,3200.0,3227.0,8316267535,2577432,217,3208.0,3255.0,29.710680590496423,-1.571140593483051,30.468001272956986,3802.949270567494,3415.6507294325065,3609.3,3516.48,0.03440860215053765,0
2018-03-28,3256.0,3358.0,3256.0,3323.0,31049471491,9342605,471,3227.0,3300.0,33.760560059830425,-21.723306306505492,20.02973975706449,3831.261098470312,3359.3389015296884,3595.3,3515.46,0.0542424242424242,1
2018-04-03,3340.0,3439.0,3340.0,3346.0,5625257585,1672054,202,3323.0,3370.0,39.59128515624748,-31.68043549697586,9.687704706256422,3840.8418556544343,3329.758144345566,3585.3,3516.0,-0.005341246290801238,0
2018-04-04,3400.0,3419.0,3368.0,3392.0,10653040748,3140941,200,3346.0,3419.0,43.35039911828648,-35.21174257786333,0.7078152494324712,3830.88811351823,3311.61188648177,3571.25,3518.78,-0.018133957297455372,0
2018-04-07,3450.0,3450.0,3360.0,3373.0,36848316647,10924647,552,3392.0,3370.0,40.62774015787721,-41.485994648896394,-7.730946730233303,3822.9587036151383,3287.5412963848617,3555.25,3520.2,-0.02136498516320473,0
2018-04-08,3369.0,3395.0,3350.0,3367.0,68576639102,20368535,971,3373.0,3367.0,40.46019265893283,-46.16826057749631,-15.418409499685906,3809.458453155841,3267.641546844159,3538.55,3521.72,-0.025839025839025864,0
2018-04-09,3399.0,3495.0,3369.0,3411.0,20613593970,6042838,539,3367.0,3479.0,48.928144359310814,-40.37609558619988,-20.4099467169887,3789.03202479101,3265.96797520899,3527.5,3525.3,-0.05058924978442081,0
2018-04-10,3395.0,3397.0,3300.0,3362.0,14699540552,4372004,320,3411.0,3352.0,41.68792665731939,-45.50900226725025,-25.42975782704101,3767.081112234678,3251.8188877653215,3509.45,3525.64,-0.015214797136038238,0
2018-04-11,3400.0,3400.0,3331.0,3373.0,16210460623,4805350,322,3362.0,3357.0,42.05149501856367,-48.61302884337465,-30.06641203030774,3747.188822396712,3239.7111776032875,3493.45,3524.78,-0.0032767351802204248,0
2018-04-15,3357.0,3387.0,3290.0,3347.0,6658302344,1997236,164,3373.0,3298.0,38.964319077896015,-55.19751657289271,-35.092632938824735,3742.111296037347,3215.5887039626527,3478.85,3520.54,0.01000606428138262,0
2018-04-16,3347.0,3347.0,3270.0,3299.0,10917151509,3309104,183,3347.0,3280.0,38.04661813722318,-61.16316916356482,-40.30674018377275,3733.507181673157,3192.192818326843,3462.85,3515.56,-0.0015243902439023849,0
2018-04-17,3205.0,3399.0,3205.0,3343.0,26271933697,7859955,373,3299.0,3303.0,39.99147243359476,-63.30533949342407,-44.906460045703014,3715.209214763154,3178.290785236846,3446.75,3510.22,-0.004238570996064173,0
2018-04-18,3360.0,3396.0,3301.0,3372.0,12035869536,3569028,261,3343.0,3301.0,39.87425250565014,-64.42179386019825,-48.80952680860206,3697.747062385059,3165.8529376149413,3431.8,3505.56,0.008785216601030044,0
2018-04-21,3380.0,3380.0,3304.0,3357.0,4072517956,1220549,115,3372.0,3346.0,43.861404571298934,-60.972613733194976,-51.242144193520645,3682.1078865410414,3159.692113458959,3420.9,3502.48,-0.01673640167364021,0
2018-04-22,3350.0,3350.0,3295.0,3317.0,8833311431,2666711,203,3357.0,3331.0,42.841566817785875,-58.77200122647537,-52.74811560011159,3662.851456098213,3154.648543901787,3408.75,3499.18,-0.016211347943560495,0
2018-04-23,3291.0,3335.0,3250.0,3285.0,9427096101,2870678,209,3317.0,3275.0,39.17901702915753,-60.84534469013988,-54.36756141811725,3645.0150693894993,3143.9849306105007,3394.5,3491.98,-0.006412213740457973,0
2018-04-24,3280.0,3300.0,3254.0,3290.0,25592315277,7779524,297,3285.0,3289.0,40.5474187101156,-60.65955572645635,-55.62596027978507,3617.007971853648,3141.8920281463515,3379.45,3486.02,-0.011857707509881465,0
2018-04-25,3270.0,3330.0,3270.0,3310.0,12345325006,3729636,246,3290.0,3330.0,44.48653671173723,-56.55206231358261,-55.81118068654458,3567.5641144692163,3159.6358855307835,3363.6,3480.4,-0.032732732732732694,0
2018-04-28,3299.0,3345.0,3281.0,3307.0,6403293462,1937187,185,3310.0,3290.0,41.59125318253744,-55.880355938099,-55.82501573685546,3494.481820082367,3194.718179917633,3344.6,3475.0,0.003039513677811634,0
2018-04-29,3288.0,3288.0,3261.0,3288.0,4767923672,1459166,116,3307.0,3277.0,40.66495493525181,-55.75431412325497,-55.81087541413537,3436.11672391705,3222.7832760829497,3329.45,3471.58,-0.0018309429356118123,0
2018-04-30,3299.0,3299.0,3250.0,3264.0,13655183775,4183953,226,3288.0,3254.0,39.009605951594075,-56.854944449251434,-56.019689221158586,3436.2071158265976,3222.5928841734026,3329.4,3468.46,0.011370620774431517,0
2018-05-01,3263.0,3280.0,3241.0,3258.0,15396252512,4726182,236,3264.0,3250.0,38.71444483426447,-57.38843038045434,-56.29343745301774,3438.572557019149,3215.2274429808513,3326.9,3465.24,0.0006153846153846843,0
2018-05-05,3280.0,3290.0,3220.0,3238.0,28458013105,8789783,378,3258.0,3221.0,36.554929825468555,-59.465794795152306,-56.927908921444654,3438.2784056578716,3200.621594342128,3319.45,3460.54,0.039739211425023235,0
2018-05-06,3248.0,3300.0,3220.0,3246.0,22781757384,7017787,372,3238.0,3300.0,45.477195560156105,-54.113692330369304,-56.36506560322958,3423.3735636592764,3203.6264363407236,3313.5,3457.34,0.0121212121212122,0
2018-05-07,3255.0,3309.0,3253.0,3278.0,25295314132,7716170,335,3246.0,3271.0,43.08206405286057,-51.61715971744388,-55.415484426072446,3416.70262359826,3200.3973764017405,3308.55,3453.76,0.03026597370834616,0
2018-05-08,3319.0,3320.0,3280.0,3304.0,11718024088,3547144,208,3278.0,3291.0,45.22464657625277,-47.47751553674834,-53.82789064820763,3409.714517772365,3199.785482227635,3304.75,3450.42,0.03919781221513219,0
2018-05-09,3319.0,3469.0,3250.0,3301.0,68388296447,20714977,789,3304.0,3252.0,41.91149812771858,-46.80426137196628,-52.423164792959355,3364.0127466622,3222.7872533378004,3293.4,3447.08,0.05750307503075036,1
2018-05-12,3330.0,3378.0,3301.0,3334.0,10747741603,3223278,213,3301.0,3349.0,51.44021236964669,-38.005509403866654,-49.53963371514082,3363.375245034723,3223.124754965277,3293.25,3445.24,0.030755449387877,0
2018-05-13,3350.0,3391.0,3330.0,3351.0,22647368588,6758094,301,3334.0,3340.0,50.61066417542378,-31.396737811722232,-45.91105453445711,3359.771804125907,3225.0281958740934,3292.4,3442.86,0.027245508982036037,0
2018-05-14,3370.0,3371.0,3366.0,3364.0,7524256408,2233522,178,3351.0,3370.0,53.31334674394287,-23.467965335691588,-41.422436694704004,3371.4002651930427,3220.5997348069573,3296.0,3439.36,0.024332344213649826,0
2018-05-15,3382.0,3420.0,3382.0,3391.0,9058123925,2668259,201,3364.0,3420.0,57.488756454102116,-12.999918919022093,-35.73793313956762,3395.267003805176,3210.732996194824,3303.0,3436.76,0.026315789473684292,0
2018-05-16,3406.0,3440.0,3402.0,3420.0,13854141553,4050365,225,3391.0,3439.0,58.98971074520563,-3.1346413114429197,-29.217274773942684,3419.4696858351817,3200.1303141648186,3309.8,3433.94,0.04100029078220402,0
2018-05-19,3468.0,3468.0,3427.0,3427.0,3396488102,986798,147,3420.0,3452.0,60.02957548710761,5.6673242365059195,-22.240354971852966,3443.1598167520756,3191.5401832479242,3317.35,3431.58,0.0851680185399768,1
2018-05-20,3442.0,3450.0,3428.0,3440.0,17151758532,4986078,342,3427.0,3431.0,57.4934931888066,10.823652523513829,-15.627553472779608,3456.4145392425935,3186.7854607574063,3321.6,3426.2,0.056543281842028614,1
2018-05-21,3455.0,3474.0,3447.0,3460.0,17734105958,5125313,337,3440.0,3452.0,59.34325316960279,16.41537807574514,-9.218967163074659,3473.977406835478,3181.322593164522,3327.65,3421.44,0.07444959443800703,1
2018-05-22,3473.0,3512.0,3461.0,3489.0,21522040530,6168701,364,3460.0,3510.0,64.00259467971743,25.236070424920854,-2.3279596454755564,3503.5808758388166,3175.2191241611836,3339.4,3417.62,0.0658119658119658,1
2018-05-23,3515.0,3610.0,3513.0,3568.0,30818654424,8636478,546,3489.0,3580.0,68.66935955618868,37.44332431188286,5.626297145996127,3546.76646711629,3161.1335328837094,3353.95,3415.22,0.07905027932960884,1
2018-05-26,3599.0,3746.0,3599.0,3728.0,68940071027,18492220,1022,3568.0,3746.0,76.46232857734141,59.8228728066606,16.465612278129022,3631.7977581913856,3117.7022418086144,3374.75,3415.88,0.03790710090763483,0
2018-05-27,3750.0,3760.0,3621.0,3671.0,17174243298,4678531,451,3728.0,3625.0,63.971718275790366,67.02254330477217,26.57699848345765,3667.253150464731,3115.746849535269,3391.5,3414.84,0.07586206896551717,1
2018-05-28,3610.0,3720.0,3610.0,3689.0,14078102915,3816012,303,3671.0,3709.0,67.8928907389697,78.60037582261157,36.981673951288435,3715.9411464633467,3110.258853536653,3413.1,3417.22,0.043407926664869256,0
2018-05-29,3640.0,3750.0,3640.0,3738.0,30944296986,8278498,462,3689.0,3741.0,69.26521865367619,89.32830299957823,47.450999760946395,3762.6917408501645,3112.208259149835,3437.45,3420.04,0.01978080727078324,0
2018-05-30,3768.0,3868.0,3749.0,3817.0,35039073033,9179832,657,3738.0,3863.0,73.8536325602244,106.44758152284749,59.25031611332662,3830.336883808454,3105.863116191546,3468.1,3424.8,-0.014237639140564307,0
2018-06-02,3849.0,3950.0,3831.0,3896.0,37346124713,9586438,556,3817.0,3888.0,74.68756570292219,120.64134581859616,71.52852205438053,3888.513547742841,3114.3864522571585,3501.45,3430.56,0.03652263374485587,0
2018-06-03,3933.0,3933.0,3855.0,3898.0,18227868117,4676210,378,3896.0,3900.0,75.09812681581131,131.3442512261645,83.49166788873733,3943.603114741704,3119.296885258296,3531.45,3437.28,0.05666666666666664,1
2018-06-09,3890.0,3890.0,3866.0,3870.0,12299929982,3178265,268,3898.0,3870.0,71.9559175414414,135.83975544889017,93.9612854007679,3980.4925434689835,3142.3074565310167,3561.4,3443.2,0.11731266149870812,1
2018-06-10,3888.0,3899.0,3812.0,3866.0,12029662440,3111926,273,3870.0,3815.0,66.46523114750745,133.42637835331743,101.85430399127782,4001.2812299238553,3173.9187700761445,3587.6,3448.3,0.16906946264744427,1
2018-06-11,3877.0,3887.0,3785.0,3846.0,21097004214,5486008,357,3866.0,3808.0,65.77728240005268,129.45662275589348,107.37476774420095,4009.393096375211,3221.4069036247893,3615.4,3452.66,0.24422268907563027,1
2018-06-12,3840.0,4038.0,3776.0,3925.0,41962829379,10690529,603,3846.0,4030.0,74.71557039082407,142.58052794018067,114.4159197833969,4062.702695080554,3236.1973049194457,3649.45,3460.32,0.19106699751861034,1
2018-06-13,4060.0,4121.0,4050.0,4119.0,93732819659,22757752,681,3925.0,4121.0,77.32939294244521,158.49719977470568,123.23217578165867,4124.387829597661,3252.6121704023394,3688.5,3469.34,0.1768988109682117,1
2018-06-17,4324.0,4324.0,4324.0,4324.0,97995473572,22663153,633,4119.0,4324.0,81.83952678113438,185.35502300945063,135.65674522721707,4227.505037620602,3244.8949623793983,3736.2,3484.22,0.15633672525439413,1
2018-06-18,4540.0,4540.0,4460.0,4537.0,376365285995,82952131,3412,4324.0,4460.0,84.11898708296924,215.13417200522554,151.55223058281877,4349.756266095753,3226.643733904247,3788.2,3508.32,0.18542600896860995,1
2018-06-19,4540.0,4743.0,4490.0,4623.0,57441927710,12426106,528,4537.0,4738.0,87.55708088241042,258.19038079672737,172.8798606256005,4527.321573111351,3178.978426888649,3853.15,3537.08,0.14816378218657666,1
2018-06-20,4792.0,4980.0,4600.0,4795.0,159631987430,33294278,1823,4623.0,4800.0,88.17208671015499,293.9274061371152,197.08936972790343,4684.393563821457,3156.7064361785433,3920.55,3565.68,0.03333333333333344,0
2018-06-23,4849.0,4900.0,4629.0,4826.0,142457671072,29521080,1779,4795.0,4850.0,88.65891365572863,322.565503983436,222.18459657900996,4821.057110747353,3161.942889252647,3991.5,3594.3,0.01051546391752578,0
2018-06-24,4875.0,5067.0,4875.0,5036.0,345984238057,68708143,3358,4826.0,5000.0,89.9900007132825,353.29261193729417,248.4061996506668,4968.569028027269,3169.230971972731,4068.9,3626.9,-0.04420000000000002,0
2018-06-25,5230.0,5287.0,5211.0,5284.0,504891445092,95547961,4147,5036.0,5287.0,91.93937720065178,396.2350171782109,277.9719631561756,5163.78516339717,3151.71483660283,4157.75,3665.3,-0.12994136561376968,0
2018-06-26,5284.0,5449.0,5020.0,5205.0,516213118669,99183330,4498,5284.0,5440.0,92.74995817576253,437.56898120253936,309.89136676544837,5364.116404195678,3137.3835958043223,4250.75,3704.52,-0.16084558823529416,0
2018-07-03,5121.0,5192.0,4906.0,5004.0,193955757367,38761337,1901,4663.0,4960.0,69.22918812143283,426.6760016637363,333.24829374510597,5440.387283462478,3182.5127165375216,4311.45,3736.68,-0.08064516129032262,0
2018-07-04,5000.0,5100.0,4880.0,4969.0,131467577447,26458742,1865,5004.0,4901.0,66.98073829132665,408.5726587012696,348.3131667363387,5485.875386884196,3264.6246131158046,4375.25,3767.56,-0.10426443582942257,0
2018-07-07,4954.0,4998.0,4721.0,4809.0,100850260850,20970739,1249,4969.0,4779.0,62.463114125904,380.000835483369,354.6507004857448,5508.502170635324,3348.9978293646764,4428.75,3797.18,-0.0910232266164469,0
2018-07-08,4790.0,4916.0,4600.0,4721.0,55962143699,11854891,896,4809.0,4600.0,56.44746503774433,339.00580777152754,351.52172194290137,5505.987793600849,3437.412206399151,4471.7,3823.58,-0.05239130434782613,0
2018-07-10,4601.0,4797.0,4560.0,4652.0,52798081045,11349535,784,4721.0,4565.0,55.32548839639629,300.2318594756798,341.26374944945707,5503.023388599027,3510.576611400973,4506.8,3848.82,-0.0470974808324206,0
2018-07-11,4528.0,4670.0,4528.0,4599.0,62015165837,13484128,1054,4652.0,4560.0,55.15682328370761,266.03310386525027,326.21762033261575,5495.349506514215,3585.450493485784,4540.4,3874.0,-0.052631578947368474,0
2018-07-14,4522.0,4598.0,4370.0,4423.0,67990843792,15372665,962,4599.0,4390.0,49.61816807149727,222.64623717485392,305.5033437010634,5477.056324317139,3652.74367568286,4564.9,3894.88,-0.009111617312072884,0
2018-07-15,4370.0,4390.0,4235.0,4329.0,46817693678,10815304,818,4423.0,4344.0,48.20753644286845,182.44688307639717,280.89205157613014,5450.553919877256,3726.6460801227454,4588.6,3915.14,0.01058931860036827,0
2018-07-16,4400.0,4440.0,4332.0,4374.0,19665218006,4495856,343,4329.0,4359.0,48.71950490831258,150.0690770667643,254.72745667425698,5410.065094280101,3821.534905719899,4615.8,3936.82,0.006882312456985451,0
2018-07-17,4400.0,4400.0,4223.0,4324.0,26359669722,6095578,420,4374.0,4350.0,48.41029719078461,122.27371250574924,228.23670784055543,5358.121056731266,3927.678943268733,4642.9,3958.04,-0.0016091954022988686,0
2018-07-18,4390.0,4490.0,4260.0,4374.0,41279924031,9437175,637,4324.0,4320.0,47.33193379979063,96.71012246500231,201.9313907654448,5332.991414977867,3981.8085850221323,4657.4,3977.84,0.04629629629629628,0
2018-07-21,4405.0,4489.0,4345.0,4400.0,22128713388,5029135,446,4374.0,4350.0,48.56578887973256,77.97272146481555,177.139656905319,5314.801476499437,4022.898523500564,4668.85,3999.04,0.07517241379310335,1
2018-07-22,4390.0,4567.0,4312.0,4458.0,55200523664,12382928,947,4400.0,4390.0,50.23966568034258,65.59472670438663,154.83067086513253,5311.663025662342,4032.636974337657,4672.15,4021.3,0.11617312072892938,1
2018-07-23,4480.0,4481.0,4362.0,4423.0,23402514507,5290604,478,4458.0,4389.0,50.19568494524923,55.06957722878724,134.87845213786346,5313.54942436737,4023.6505756326305,4668.6,4044.0,0.17042606516290726,1
2018-07-24,4434.0,4443.0,4340.0,4402.0,33444039087,7598025,469,4423.0,4343.0,48.10933289467645,42.52628829800415,116.4080193698916,5308.12180281868,3989.57819718132,4648.85,4065.86,0.23992631821321675,1
2018-07-25,4405.0,4520.0,4380.0,4455.0,43684389031,9804766,669,4402.0,4520.0,55.733561475442656,46.333953229179315,102.39320614174916,5292.578294960607,3977.121705039394,4634.85,4091.84,0.20707964601769913,1
2018-07-28,4677.0,4677.0,4677.0,4677.0,125241145638,26778094,716,4455.0,4677.0,61.18176704371489,61.31336075953914,94.17723706530717,5276.895504819099,3975.5044951809004,4626.2,4119.38,0.16121445370964294,1
2018-07-29,4910.0,4910.0,4760.0,4893.0,237689472225,48576915,2095,4677.0,4900.0,67.33199736019655,90.13980984162208,93.36975162057016,5261.787730128965,3980.612269871034,4621.2,4151.96,0.1612244897959183,1
2018-07-30,4990.0,5137.0,4920.0,5129.0,214960934144,41909056,1380,4893.0,5137.0,72.34655889761736,130.60338322682583,100.81647794182129,5225.810806955552,4001.5891930444477,4613.7,4188.88,0.13685030173252866,1
2018-07-31,5385.0,5385.0,5385.0,5385.0,13522413510,2511126,59,5129.0,5385.0,76.4246470136037,180.6007312268921,116.77332859883546,5208.508189628236,4013.3918103717633,4610.95,4231.54,0.06592386258124416,1
2018-08-01,5654.0,5936.0,5372.0,5563.0,301678472058,54232774,2666,5385.0,5456.0,77.44993659183942,223.37813229558378,138.09428933818515,5323.551097695974,3947.948902304026,4635.75,4273.68,0.04472140762463339,0
2018-08-04,5560.0,5678.0,5337.0,5513.0,77703844569,14094414,1314,5563.0,5431.0,76.19340883615105,252.35326837737284,160.9460851460227,5425.581088055373,3898.9189119446273,4662.25,4315.5,0.005155588289449398,0
2018-08-05,5592.0,5788.0,5592.0,5777.0,344525028318,59633144,2826,5513.0,5690.0,79.84212589402242,292.83973375908863,187.32481486863588,5592.618082993233,3822.981917006767,4707.8,4361.9,-0.03321616871704747,0
2018-08-06,6065.0,6065.0,5815.0,6034.0,340992370977,56512717,3584,5777.0,5840.0,81.60092095289055,333.1885059668821,216.49755308828512,5780.531537052173,3759.0684629478274,4769.8,4410.3,-0.07191780821917804,0
2018-08-07,5990.0,6299.0,5740.0,5958.0,159979971970,26850339,1802,6034.0,5740.0,76.79062147848734,353.026563896442,243.8033552499165,5918.339424610037,3738.7605753899634,4828.55,4456.32,-0.04268292682926833,0
2018-08-08,5790.0,5980.0,5680.0,5746.0,114334414385,19899275,1512,5958.0,5700.0,74.88893301237343,361.35522393930114,267.3137289877934,6031.02203806636,3740.07796193364,4885.55,4501.28,-0.029824561403508754,0
2018-08-11,5710.0,5710.0,5459.0,5511.0,71124736187,12906309,1069,5746.0,5459.0,64.52137367403373,344.5374479165921,282.75847277355314,6086.751541054041,3791.248458945959,4939.0,4541.84,0.014654698662758703,0
2018-08-12,5511.0,5650.0,5450.0,5537.0,56799600096,10258383,819,5511.0,5501.0,65.4198420399905,330.78520233849576,292.36381868654166,6135.406502766531,3858.29349723347,4996.85,4582.82,0.00418105798945656,0
2018-08-13,5451.0,5530.0,5380.0,5423.0,38218870750,7047062,692,5537.0,5420.0,62.150924256901746,309.7794805626263,295.8469510617586,6163.225810350221,3936.5741896497784,5049.9,4621.02,0.08284132841328407,1
2018-08-14,5534.0,5630.0,5403.0,5530.0,43725880545,7907275,614,5423.0,5495.0,63.94728442588359,295.77466172896584,295.8324931952001,6187.906637727478,4026.3933622725217,5107.15,4659.32,0.053503184713375784,1
2018-08-15,5618.0,5618.0,5464.0,5531.0,35383837935,6397520,503,5530.0,5530.0,64.78718966435373,284.2235966971357,293.5107138955872,6199.751404897808,4135.548595102191,5167.65,4695.0,-0.009764918625678076,0
2018-08-18,5555.0,5590.0,5460.0,5515.0,18872701375,3422346,446,5531.0,5539.0,65.0129041082884,272.6525503423163,289.33908118493304,6199.193596312648,4255.006403687353,5227.1,4733.28,0.04712041884816753,0
2018-08-19,5575.0,5719.0,5512.0,5590.0,50534907735,9040223,754,5515.0,5524.0,64.27342898751127,259.28318296640555,283.32790154122756,6183.571659918272,4384.028340081728,5283.8,4769.58,0.03167994207096303,0
2018-08-20,5600.0,5869.0,5530.0,5853.0,405682712964,69316770,3301,5590.0,5869.0,72.1263377738455,273.3751808004763,281.33735739307735,6192.092179030893,4523.507820969107,5357.8,4812.14,-0.061509626852956245,0
2018-08-21,5800.0,5869.0,5666.0,5755.0,41713942192,7248242,630,5853.0,5789.0,68.37331311581437,274.91876678670906,280.0536392718037,6141.687773919809,4718.512226080192,5430.1,4850.66,-0.04992226636724828,0
2018-08-25,5848.0,5848.0,5468.0,5558.0,52884893009,9514912,1020,5755.0,5476.0,56.07847615087617,248.02649065869446,273.64820954918184,6054.079451206106,4901.720548793894,5477.9,4882.42,-0.02300949598246893,0
2018-08-26,5530.0,5835.0,5410.0,5737.0,70205488675,12236600,1017,5558.0,5800.0,63.41266772778415,249.9766846819466,268.9139045757348,5994.303180317306,5073.796819682694,5534.05,4920.42,-0.096551724137931,0
2018-08-27,5859.0,5859.0,5673.0,5737.0,51230576225,8930161,1110,5737.0,5699.0,60.04658921905943,240.59889726789152,263.25090311416614,5935.2295668853985,5212.7704331146015,5574.0,4957.0,-0.04158624320056148,0
2018-08-28,5699.0,5699.0,5455.0,5531.0,42003818929,7594275,770,5737.0,5508.0,54.188548185890255,215.2732929147951,253.65538107429194,5895.514997965476,5289.585002034524,5592.55,4990.86,-0.012345679012345734,0
2018-08-29,5621.0,5621.0,5466.0,5514.0,30534813290,5537937,691,5531.0,5500.0,53.95113439114601,192.3398616647646,241.39227719238647,5889.4240972372845,5307.175902762716,5598.3,5024.7,-0.032727272727272716,0
2018-09-01,5650.0,5650.0,5300.0,5427.0,33050825756,6090417,710,5514.0,5350.0,49.56613585765437,160.21435442710754,225.15669263933069,5897.830444660997,5288.169555339003,5593.0,5051.1,0.002056074766355165,0
2018-09-02,5358.0,5400.0,5156.0,5203.0,64080978569,12317041,1071,5427.0,5240.0,46.576477115592084,124.44406409074418,205.0141669296134,5918.45714916583,5248.44285083417,5583.45,5073.48,0.04694656488549609,0
2018-09-03,5287.0,5462.0,5157.0,5284.0,65307678295,12359086,839,5203.0,5462.0,52.76825689461652,112.7101435811619,186.55336225992312,5907.295268411371,5236.80473158863,5572.05,5096.24,0.03863053826437213,0
2018-09-04,5530.0,5530.0,5435.0,5498.0,62007388639,11278822,768,5284.0,5440.0,52.12353674369224,100.47746918099256,169.33818364413702,5868.147121138746,5235.952878861254,5552.05,5115.84,0.09338235294117636,1
2018-09-05,5498.0,5498.0,5270.0,5321.0,33768225977,6346438,990,5498.0,5320.0,48.633145544167114,80.1757730648369,151.505701528277,5850.201672394481,5211.89832760552,5531.05,5127.48,0.2193609022556391,1
2018-09-08,5435.0,5452.0,5321.0,5385.0,38302779774,7113395,767,5321.0,5361.0,49.8683518653928,66.62685704146861,134.52993263091534,5831.5636357005105,5196.63636429949,5514.1,5138.7,0.15743331468009703,1
2018-09-09,5348.0,5510.0,5300.0,5403.0,79336874687,14683053,1228,5385.0,5486.0,53.536753867239256,65.22383899419765,120.66871390357181,5832.193729207363,5198.706270792637,5515.45,5151.42,0.14983594604447692,1
2018-09-10,5504.0,5673.0,5486.0,5665.0,291944911750,51534430,1511,5403.0,5673.0,58.436699315218135,78.29869563529155,112.19471024991577,5848.0151061336555,5200.084893866345,5524.05,5164.88,0.09924202362065926,1
2018-09-11,5948.0,5948.0,5825.0,5946.0,309206424720,52006671,2282,5665.0,5948.0,64.38497068460504,109.58755829557504,111.67327985904762,5919.159899503936,5181.740100496064,5550.45,5178.1,0.03698722259583054,0
2018-09-12,6243.0,6555.0,6243.0,6473.0,380591619422,58797139,3398,5946.0,6487.0,72.64758054543503,175.84991441636066,124.50860677051023,6148.608647723491,5051.491352276509,5600.05,5199.04,-0.04424233081547713,0
2018-09-15,6590.0,6590.0,6150.0,6337.0,188943119729,29816324,2660,6473.0,6205.0,64.24918046326687,203.265151668641,140.2599157501364,6240.90117772266,5026.698822277341,5633.8,5223.94,0.05511684125705085,1
2018-09-16,6299.0,6350.0,6021.0,6203.0,113512718330,18300325,1484,6337.0,6308.0,65.80414904948833,230.64443838574152,158.33682027725743,6344.388341409161,5000.111658590839,5672.25,5252.08,0.06135066582117954,1
2018-09-17,6399.0,6440.0,6100.0,6301.0,100872217032,16008903,1357,6203.0,6236.0,63.71784941386021,243.7234301055696,175.41414224291987,6419.093776768748,4996.606223231252,5707.85,5281.22,0.12107119948685052,1
2018-09-18,6275.0,6308.0,6140.0,6213.0,87685043209,14113591,1070,6301.0,6168.0,61.72734963049216,245.76852697887716,189.48501919011133,6459.0930394837915,4986.506960516209,5722.8,5312.58,0.1893644617380026,1
2018-09-22,6366.0,6366.0,6180.0,6236.0,86019725565,13794772,1143,6213.0,6200.0,62.32382643994119,247.12273647245001,201.01256264657906,6508.272028701154,4978.427971298846,5743.35,5345.28,0.24161290322580653,1
2018-09-23,6297.0,6547.0,6200.0,6503.0,345749762978,53168783,2409,6236.0,6547.0,68.12504000136872,273.0484249762749,215.41973511251823,6626.665484936745,4967.134515063254,5796.9,5385.02,0.296166182984573,1
2018-09-24,6690.0,6720.0,6510.0,6659.0,126467788031,18992261,1446,6503.0,6695.0,70.2304707252097,302.0551789325327,232.74682387652115,6759.154937312236,4924.145062687763,5841.65,5431.12,0.23973114264376405,1
2018-09-25,6964.0,6991.0,6901.0,6987.0,368923707127,52801907,2114,6659.0,6991.0,73.93821777657502,344.9515795656971,255.18777501435636,6948.005225565181,4864.494774434819,5906.25,5484.06,0.15376913174080964,1
2018-09-26,7325.0,7336.0,7251.0,7332.0,250095335475,34109991,1492,6987.0,7336.0,77.46169486887327,402.1501660496215,284.5802532214094,7193.038853048412,4802.261146951587,5997.65,5543.6,0.15662486368593243,1
2018-09-29,7698.0,7698.0,7698.0,7698.0,42932446518,5577091,133,7332.0,7698.0,80.44858766058184,471.2584584111064,321.9158942593488,7489.342093620618,4725.757906379383,6107.55,5610.56,0.04182904650558594,0
2018-09-30,8082.0,8486.0,8082.0,8394.0,374141624599,44574035,1779,7698.0,8486.0,85.08289846430189,582.8930640115723,374.11132820979356,7945.906692470557,4582.793307529444,6264.35,5693.88,-0.07494697148244167,0
2018-10-01,8813.0,8813.0,7975.0,8490.0,397359508695,46801807,4046,8394.0,8300.0,80.24773443337872,648.8758112596697,429.0642248197688,8248.445986012908,4586.254013987092,6417.35,5772.88,-0.013132530120481878,0
2018-10-02,8150.0,8490.0,8066.0,8081.0,456342553352,56468942,2656,8490.0,8066.0,74.51085063053844,674.5104330493787,478.1534664656908,8457.04600418347,4638.053995816529,6547.55,5846.4,0.016612943218447862,0
2018-10-03,7710.0,8485.0,7710.0,8329.0,296921169672,35649813,2819,8081.0,8485.0,77.5989701913497,720.3323112829194,526.5892354291366,8714.462214862013,4685.1377851379875,6699.8,5928.32,-0.01708898055391872,0
2018-10-06,8600.0,8739.0,7913.0,8208.0,270289159394,32928961,2386,8329.0,8020.0,67.78398843728903,710.9297109099607,563.4573305253015,8823.211386004608,4846.388613995392,6834.8,6001.86,-0.0037406483790524137,0
2018-10-07,8130.0,8250.0,7798.0,7843.0,617411202678,78721554,3382,8208.0,7850.0,64.5685850844456,681.8999845675016,587.1458613337415,8873.2869771749,5045.213022825101,6959.25,6068.46,0.04968152866242037,0
2018-10-08,7750.0,8230.0,7750.0,8050.0,474365532785,58925234,3348,7843.0,8191.0,67.86179970635729,678.587236184464,605.434136303886,8954.53112876986,5234.468871230139,7094.5,6138.74,0.016969844951776336,0
2018-10-09,8370.0,8424.0,8090.0,8312.0,205140052298,24678876,2805,8050.0,8200.0,67.94647955793911,668.9765388908072,618.1426168212703,9019.780824126638,5421.919175873363,7220.85,6204.74,0.030487804878048808,0
2018-10-10,8395.0,8550.0,8330.0,8408.0,246647384336,29333230,1940,8312.0,8340.0,69.30150015828579,664.9912172061386,627.512336898244,9102.666045209267,5578.233954790732,7340.45,6268.8,0.007194244604316502,0
2018-10-13,8430.0,8430.0,7988.0,8077.0,270499819878,33491140,2105,8408.0,7990.0,62.22000596765726,626.370338767083,627.2839372720118,9153.852846968193,5677.347153031808,7415.6,6320.9,0.05982478097622024,1
2018-10-14,8077.0,8350.0,8076.0,8127.0,48011728387,5907404,392,8077.0,8240.0,64.97321503546229,608.9167121978271,623.6104922571749,9197.50693016845,5837.19306983155,7517.35,6376.58,0.022694174757281527,0
2018-10-15,8400.0,8450.0,8200.0,8362.0,200256898312,23948299,2023,8127.0,8330.0,65.9356353545638,595.482483835046,617.9848905727491,9237.590818456849,5999.309181543151,7618.45,6434.56,-0.024249699879951958,0
2018-10-16,8450.0,8480.0,8201.0,8379.0,184118832542,21972708,2289,8362.0,8450.0,67.22858932366785,587.7436156438625,611.9366355869718,9255.1449246289,6203.1550753711,7729.15,6489.76,-0.0650887573964497,0
2018-10-17,8410.0,8520.0,8156.0,8410.0,221148837646,26296406,1645,8379.0,8400.0,66.10275171834493,570.9938628941454,603.7480810484066,9212.395854436636,6469.104145563363,7840.75,6540.96,-0.08559523809523806,0
2018-10-20,8452.0,8635.0,8452.0,8518.0,127778945702,15000276,1640,8410.0,8468.0,66.91424767193479,556.7882860914424,594.3561220570137,9124.72699874603,6783.57300125397,7954.15,6595.52,-0.09069437883797826,0
2018-10-21,8568.0,8568.0,8302.0,8402.0,106396564962,12662779,1192,8518.0,8427.0,65.89000914135433,536.0427397520998,582.693445596031,9039.920996749403,7056.379003250597,8048.15,6650.06,-0.06265574937700247,0
2018-10-22,8439.0,8439.0,8049.0,8269.0,100228058055,12121600,979,8402.0,8128.0,58.81913425423248,489.82850555743426,564.1204575883116,8893.199663817702,7346.400336182297,8119.8,6703.44,-0.018208661417322802,0
2018-10-23,8180.0,8180.0,7860.0,7952.0,183509958197,23077062,1631,8269.0,7900.0,54.05546566212572,429.8506467945772,537.2664954295648,8752.369025405715,7578.130974594285,8165.25,6751.42,0.013417721518987236,0
2018-10-24,7960.0,7988.0,7633.0,7780.0,68261944039,8774420,903,7952.0,7681.0,49.876996898016415,360.4907785696096,501.91135205757377,8685.3787130048,7679.6212869952,8182.5,6796.64,0.05832573883608916,1
2018-10-27,7890.0,7959.0,7650.0,7791.0,141766264031,18195989,1205,7780.0,7700.0,50.2364013851977,303.556513965209,462.2403844391008,8685.093940255367,7680.106059744634,8182.6,6840.74,0.06493506493506485,1
2018-10-28,7792.0,8010.0,7792.0,7878.0,106206742225,13481117,1160,7791.0,7899.0,53.960023995483645,271.36520677982116,424.0653489072449,8649.969186254519,7656.530813745481,8153.25,6888.12,0.04570198759336619,0
2018-10-29,7950.0,8149.0,7890.0,7975.0,50339987291,6312431,654,7878.0,7980.0,55.422165722946026,249.51315463423362,389.15491005264266,8634.645164827067,7639.854835172934,8137.25,6936.94,0.05263157894736836,1
2018-10-31,7990.0,8090.0,7950.0,8032.0,55114099213,6862138,664,7975.0,8006.0,55.90623175730449,231.6232202793244,357.64857209797907,8634.045908339936,7634.454091660063,8134.25,6986.58,0.03672245815638275,0
2018-11-03,8080.0,8400.0,7950.0,8133.0,112609515555,13846769,1144,8032.0,8129.0,58.21773280151972,224.77927489836384,331.07471265805606,8589.661358690104,7643.238641309896,8116.45,7031.78,0.021035797761102204,0
2018-11-04,8249.0,8349.0,8150.0,8233.0,49065170284,5959295,769,8133.0,8200.0,59.536353290670455,222.51943991443932,309.36365810933273,8597.82759260293,7653.0724073970705,8125.45,7080.0,0.02073170731707319,0
2018-11-05,8276.0,8400.0,8100.0,8308.0,29171111744,3511188,592,8233.0,8260.0,60.66607806859493,222.9994046431084,292.0908074160879,8604.104766419981,7687.795233580018,8145.95,7135.68,0.013317191283293006,0
2018-11-06,8309.0,8499.0,8212.0,8363.0,65491142786,7831333,823,8308.0,8400.0,63.244707780932465,232.00223279641614,280.07309249215353,8627.538366080871,7685.261633919129,8156.4,7187.68,-0.014285714285714235,0
2018-11-10,8390.0,8402.0,8250.0,8332.0,51107566049,6133943,627,8363.0,8300.0,60.20846873616755,228.43462257127157,269.74539850797714,8636.389852516193,7686.410147483806,8161.4,7239.7,-0.030120481927710885,0
2018-11-11,8280.0,8400.0,8077.0,8297.0,58678842565,7072247,799,8332.0,8300.0,60.20846873616755,223.0362427929249,260.4035673649667,8631.694145626805,7687.105854373194,8159.4,7295.54,-0.03373493975903619,0
2018-11-12,8350.0,8432.0,8305.0,8361.0,43948422140,5256659,614,8297.0,8370.0,61.70114281917129,221.84906498603777,252.69266688918094,8652.476955771277,7704.323044228721,8178.4,7352.94,-0.039545997610513695,0
2018-11-13,8400.0,8446.0,8300.0,8387.0,88331306643,10532258,832,8361.0,8370.0,61.70114281917129,218.39074545088715,245.8322826015222,8665.694301124051,7704.105698875948,8184.9,7413.34,-0.03584229390681004,0
2018-11-14,8400.0,8500.0,8251.0,8368.0,69779218285,8339159,842,8387.0,8280.0,58.43267691356932,206.0129652401456,237.8684191292469,8660.663692949156,7704.136307050844,8182.4,7474.14,-0.048792270531401005,0
2018-11-17,8365.0,8384.0,7950.0,8118.0,100779587854,12414197,1121,8368.0,8050.0,50.99782361694024,175.61996974466274,225.41872925233008,8627.50231131801,7697.29768868199,8162.4,7525.9,-0.0681987577639751,0
2018-11-18,8071.0,8200.0,7713.0,7887.0,76602812799,9712381,1001,8118.0,8020.0,50.102349950272135,147.4132642169243,209.81763624524893,8599.076376382785,7687.723623617213,8143.4,7577.5,-0.10511221945137161,0
2018-11-19,8026.0,8090.0,7900.0,8001.0,48762563215,6094869,657,7887.0,8039.0,50.69286097474039,125.14973978103899,192.88405695240695,8554.277873255169,7689.622126744831,8121.95,7631.88,-0.1043662147033213,0
2018-11-20,8098.0,8140.0,7932.0,8065.0,39959158878,4954390,532,8001.0,8070.0,51.69727399683848,108.75353414288384,176.05795239050235,8513.442839186579,7694.757160813422,8104.1,7686.06,-0.15154894671623298,0
2018-11-21,8104.0,8109.0,7689.0,7895.0,44006343014,5573983,620,8065.0,7876.0,45.456692200976164,79.19236409426776,156.68483473125542,8512.472920736385,7670.527079263614,8091.5,7733.86,-0.1239207719654647,0
2018-11-24,7939.0,7950.0,7501.0,7548.0,96542550070,12790856,587,7895.0,7501.0,36.32792301651712,25.214896231741477,130.39084703135262,8559.432967517123,7583.6670324828765,8071.55,7770.42,-0.0706572457005733,0
2018-11-26,7399.0,7400.0,7171.0,7203.0,195948099846,27204334,1507,7548.0,7177.0,30.608470586736345,-43.20864578285091,95.67094846851192,8650.525231198122,7442.174768801879,8046.35,7795.0,-0.005155357391667836,0
2018-11-27,7270.0,7396.0,7050.0,7206.0,87704312816,12171416,1145,7203.0,7200.0,31.43373268605795,-94.48966991641555,57.63882479152643,8715.466495981253,7327.233504018747,8021.35,7809.26,-0.01388888888888884,0
2018-11-28,7200.0,7230.0,6846.0,6904.0,83913213726,12154274,867,7206.0,6847.0,26.269867696513998,-161.74984928127287,13.761089976966574,8831.047135559007,7106.452864440992,7968.75,7822.1,0.05155542573389815,1
2018-12-01,6605.0,7249.0,6559.0,6729.0,385177639260,57243945,2293,6904.0,6900.0,28.177631026320228,-208.37534765224245,-30.66619754887524,8894.705279588434,6934.794720411566,7914.75,7833.94,0.03623188405797095,0
2018-12-02,6889.0,7000.0,6880.0,6972.0,21830878311,3131049,472,6729.0,6971.0,30.762210208168753,-236.86683101807557,-71.90632424271531,8924.163323901284,6801.8366760987155,7863.0,7848.64,0.03285038014632047,0
2018-12-03,7065.0,7202.0,7051.0,7118.0,33076026850,4646639,541,6972.0,7140.0,36.6096567344107,-243.00839968341006,-106.12673933085426,8912.040323122239,6715.059676877761,7813.55,7868.08,0.022408963585434094,0
2018-12-04,7200.0,7292.0,6950.0,7168.0,71562431134,9984231,692,7118.0,7100.0,35.83817279008552,-248.2417267040173,-134.54973680548687,8883.957921596955,6633.142078403045,7758.55,7886.08,0.012676056338028152,0
2018-12-05,7200.0,7480.0,7200.0,7314.0,45059310880,6160998,541,7168.0,7200.0,39.282990915249705,-241.53573816797962,-155.94693707798544,8831.344026451177,6579.755973548823,7705.55,7899.14,-0.0018055555555555047,0
2018-12-08,7400.0,7465.0,7140.0,7297.0,20790049981,2849163,484,7314.0,7150.0,38.17923885331224,-237.5178185096256,-172.26111336431347,8746.255416045955,6539.844583954045,7643.05,7908.24,0.007692307692307665,0
2018-12-09,7300.0,7443.0,7052.0,7284.0,42619923434,5851506,606,7297.0,7200.0,39.994920404841615,-227.67451600225831,-183.34379389190246,8664.109566191903,6511.990433808099,7588.05,7912.42,-0.03083333333333338,0
2018-12-10,7249.0,7390.0,7222.0,7321.0,44502499878,6078537,446,7284.0,7300.0,43.56492765558203,-209.39073750215903,-188.55318261395377,8569.129138569431,6506.970861430568,7538.05,7911.7,-0.08493150684931505,0
2018-12-11,7300.0,7458.0,7190.0,7365.0,44346654374,6021160,454,7321.0,7190.0,40.69667515959169,-201.45454936103124,-191.13345596336927,8446.003871698675,6512.096128301326,7479.05,7901.54,-0.06815020862308763,0
2018-12-12,7280.0,7400.0,7150.0,7316.0,75590866642,10332660,733,7365.0,7187.0,40.61813105872106,-193.1802760383689,-191.5428199783692,8302.682623295808,6537.11737670419,7419.9,7875.56,-0.08724085153749828,0
2018-12-15,7300.0,7400.0,7204.0,7345.0,61848153312,8420416,494,7316.0,7205.0,41.34954288450249,-183.06020120108678,-189.84629622291274,8159.264689053864,6573.035310946136,7366.15,7853.66,-0.10034698126301178,0
2018-12-16,7200.0,7329.0,6978.0,7006.0,116213442095,16588382,1037,7345.0,6978.0,35.42381759500813,-191.15347360833312,-190.10773169999683,8056.9564682638,6568.1435317362,7312.55,7831.9,-0.0405560332473488,0
2018-12-17,6682.0,6970.0,6668.0,6837.0,46554661739,6809684,771,7006.0,6680.0,29.455952897946545,-219.088049156936,-195.9037951913847,7963.959207898225,6527.140792101775,7245.55,7795.8,0.0023952095808383866,0
2018-12-18,6979.0,6980.0,6616.0,6875.0,31207877088,4539400,450,6837.0,6700.0,30.304598074725064,-236.88194112057772,-204.0994243772233,7835.711071275569,6521.488928724431,7178.6,7769.4,-0.013880597014925389,0
2018-12-19,6652.0,6825.0,6532.0,6594.0,29593151993,4487932,566,6875.0,6560.0,27.784853012449318,-259.29160643544674,-215.137860788868,7674.596596659065,6531.603403340936,7103.1,7743.6,0.008231707317073234,0
2018-12-22,6510.0,6599.0,6265.0,6486.0,26911790258,4149376,438,6594.0,6482.0,26.46457830663239,-280.1163686458367,-228.13356236026175,7548.039835217663,6518.760164782337,7033.4,7709.42,0.04288799753162609,0
2018-12-23,6550.0,6810.0,6550.0,6695.0,33504654664,5004290,439,6486.0,6695.0,35.48062286942117,-276.24840321356896,-237.75653053092321,7480.471275305435,6505.728724694566,6993.1,7679.32,-0.0010455563853621896,0
2018-12-24,6777.0,6830.0,6691.0,6742.0,18709147663,2774827,291,6695.0,6696.0,35.52059392070035,-269.99004393514224,-244.20323321176704,7465.141715303567,6472.958284696433,6969.05,7646.44,-0.00657108721624855,0
2018-12-25,6650.0,6848.0,6607.0,6672.0,11551342389,1731320,261,6742.0,6607.0,33.52964962150516,-269.10967647842335,-249.18452186509833,7447.473774163577,6431.326225836422,6939.4,7618.78,-0.001513546238837593,0
2018-12-26,6740.0,6740.0,6586.0,6630.0,34618737604,5221452,421,6672.0,6614.0,33.843731305142654,-264.7947483971948,-252.30656717151766,7454.120164421215,6401.379835578785,6927.75,7586.26,-0.002116722104626545,0
2018-12-29,6790.0,6800.0,6650.0,6739.0,47841959740,7099173,598,6630.0,6760.0,40.191446598304026,-246.74977912105078,-251.1952095614243,7452.1100944677855,6389.3899055322145,6920.75,7554.86,-0.035502958579881616,0
2018-12-30,6880.0,6880.0,6642.0,6716.0,28140016892,4190126,503,6739.0,6688.0,38.242683187508256,-235.54360912839002,-248.06488947481745,7446.851941220768,6366.348058779233,6906.6,7519.62,-0.013157894736842146,0
2018-12-31,6720.0,6783.0,6652.0,6707.0,36856383720,5495198,380,6716.0,6652.0,37.269632907790836,-226.95138353153834,-243.84218828616164,7422.162813527744,6342.237186472255,6882.2,7484.66,-0.009771497294046916,0
2019-01-01,6769.0,6769.0,6580.0,6647.0,13790301387,2074762,353,6707.0,6597.0,35.772100464231826,-222.0207066846424,-239.47789196585782,7400.934353509812,6313.165646490188,6857.05,7447.24,0.005002273760800424,0
2019-01-02,6699.0,6713.0,6510.0,6642.0,55510661438,8357707,538,6647.0,6600.0,35.92333961918983,-215.38817403610938,-234.65994837990814,7357.9946204575135,6296.105379542487,6827.05,7410.7,0.007878787878787818,0
2019-01-05,6697.0,6699.0,6500.0,6615.0,24996482570,3778477,427,6642.0,6520.0,33.64796582178472,-214.1189456187567,-230.55174782767787,7320.84019598005,6270.25980401995,6795.55,7378.54,0.039877300613496924,0
2019-01-06,6605.0,6710.0,6515.0,6639.0,17313696973,2607809,276,6615.0,6600.0,37.8849566551638,-204.3026675639212,-225.30193177492657,7262.804250854375,6268.295749145625,6765.55,7352.54,0.015303030303030374,0
2019-01-07,6666.0,6690.0,6560.0,6601.0,13645592882,2067203,395,6639.0,6587.0,37.46627698736733,-195.32065293333653,-219.3056760066086,7167.423439363801,6292.3765606361985,6729.9,7330.66,0.017155002277212672,0
2019-01-08,6600.0,6694.0,6580.0,6639.0,43180362845,6504466,510,6601.0,6630.0,39.83476127025877,-182.62738616654406,-211.9700180385957,7086.54055947432,6317.25944052568,6701.9,7309.26,0.0079939668174962,0
2019-01-09,6700.0,6770.0,6652.0,6716.0,21410858621,3188224,429,6639.0,6652.0,41.06466435657244,-168.84630951260078,-203.34527633339673,6989.028495588191,6361.271504411809,6675.15,7284.32,-0.013830426939266394,0
2019-01-12,6690.0,6790.0,6690.0,6775.0,22981967811,3392228,451,6716.0,6780.0,47.7562844344741,-145.9141690058068,-191.85905486787877,6860.694487336332,6447.1055126636675,6653.9,7260.32,-0.01179941002949858,0
2019-01-13,6790.0,6850.0,6700.0,6780.0,21468556976,3166538,379,6775.0,6701.0,44.40515853509298,-132.58654702463446,-180.0045532992299,6786.447370169995,6493.652629830005,6640.05,7234.22,-0.018057006416952737,0
2019-01-14,6780.0,6780.0,6680.0,6697.0,14193873692,2119371,317,6780.0,6700.0,44.36272238316441,-120.71349222998742,-168.14634108538144,6788.792309419783,6493.307690580217,6641.05,7205.64,-0.016417910447761197,0
2019-01-15,6700.0,6750.0,6670.0,6690.0,9618014828,1437738,265,6697.0,6683.0,43.59990303695887,-111.39171434552009,-156.79541573740917,6786.766844793393,6493.633155206607,6640.2,7175.3,0.002543767768966143,0
2019-01-16,6683.0,6699.0,6560.0,6673.0,16446710284,2464496,359,6690.0,6560.0,38.448518258593275,-112.6308716799631,-147.96250692591997,6786.766844793393,6493.633155206607,6640.2,7141.3,0.018292682926829285,0
2019-01-19,6750.0,6759.0,6684.0,6703.0,27152112122,4050880,541,6673.0,6700.0,46.23506977166704,-101.15008757811756,-138.60002305635948,6780.391763050457,6521.808236949544,6651.1,7107.3,0.0007462686567163423,0
2019-01-20,6767.0,6767.0,6575.0,6660.0,19983457873,3000540,338,6703.0,6580.0,41.40057678800234,-100.57511328091005,-130.9950411012696,6776.535784262979,6514.164215737022,6645.35,7072.9,0.010486322188449915,0
2019-01-21,6551.0,6738.0,6550.0,6640.0,20413123524,3074276,285,6660.0,6590.0,41.94535512180492,-98.18075890810087,-124.43218466263586,6771.187294438655,6508.912705561345,6640.05,7038.7,-0.0027314112291350057,0
2019-01-22,6673.0,6745.0,6655.0,6693.0,19138959973,2859432,294,6640.0,6700.0,47.70462148682222,-86.41104241763242,-116.82795621363519,6777.405840085102,6511.994159914898,6644.7,7005.3,-0.02432835820895518,0
2019-01-23,6738.0,6750.0,6675.0,6702.0,8788625089,1311129,274,6693.0,6680.0,46.79563478644956,-77.80045494028309,-109.02245595896477,6780.770478618909,6515.229521381091,6648.0,6971.5,-0.026946107784431184,0
2019-01-26,6742.0,6870.0,6663.0,6753.0,20977839915,3106667,304,6702.0,6705.0,48.12621096082662,-68.1733513048639,-100.8526350281446,6770.7041748715155,6519.7958251284845,6645.25,6940.0,-0.04548844146159581,0
2019-01-27,6627.0,6795.0,6473.0,6648.0,15647150262,2353632,314,6753.0,6649.0,45.38800404359184,-64.32108092036196,-93.54632420658808,6767.238855863252,6519.361144136748,6643.3,6911.98,-0.01729583395999401,0
2019-01-28,6654.0,6695.0,6523.0,6594.0,20745587956,3145929,341,6648.0,6572.0,41.86118263868401,-66.71236673398198,-88.17953271206686,6766.965343741715,6511.634656258286,6639.3,6883.02,-0.023280584297017626,0
2019-01-29,6687.0,6688.0,6510.0,6610.0,14907233528,2255287,267,6594.0,6537.0,40.32726121215574,-70.61764916079119,-84.66715600181173,6770.455283133721,6502.144716866279,6636.3,6852.98,-0.020957625822242587,0
2019-01-30,6538.0,6630.0,6282.0,6576.0,27938293260,4248708,391,6610.0,6500.0,38.7123112013546,-75.82415078679969,-82.89855495880933,6777.415160037166,6485.184839962834,6631.3,6821.58,-0.004615384615384577,0
2019-02-02,6648.0,6709.0,6306.0,6603.0,29723531246,4501839,380,6576.0,6400.0,34.67110510672023,-87.01643381815393,-83.72213073067826,6796.846028787273,6453.753971212727,6625.3,6792.06,0.030624999999999902,0
2019-02-03,6594.0,6606.0,6400.0,6492.0,24886542795,3833199,375,6603.0,6534.0,43.22405199526998,-84.10421757413587,-83.79854809936978,6797.8510733338935,6446.1489266661065,6622.0,6772.72,0.0024487297214570436,0
2019-02-04,6364.0,6593.0,6364.0,6508.0,15539608036,2387877,303,6492.0,6419.0,38.55844934530821,-90.03790322256464,-85.04641912400875,6810.165917678215,6417.034082321786,6613.6,6757.56,0.031624863685932425,0
2019-02-05,6450.0,6588.0,6351.0,6492.0,18443338356,2840772,271,6508.0,6400.0,37.83187414183432,-95.17639877933834,-87.07241505507469,6819.3104048904515,6384.889595109549,6602.1,6741.56,0.04468749999999999,0
2019-02-06,6550.0,6570.0,6362.0,6529.0,10738525945,1644749,277,6492.0,6470.0,42.156464395731476,-92.53360870240249,-88.16465378454025,6816.251427750573,6369.748572249427,6593.0,6734.02,0.004636785162287493,0
2019-02-10,6510.0,6599.0,6400.0,6542.0,13476871301,2060098,300,6529.0,6596.0,49.02956524642128,-79.35725056574393,-86.40317314078098,6789.981085438663,6377.618914561337,6583.8,6727.94,-0.011522134627046654,0
2019-02-12,6580.0,6700.0,6530.0,6615.0,20439673021,3089928,398,6542.0,6550.0,46.84130562105054,-71.79905258897998,-83.48234903042078,6775.659001784428,6376.840998215572,6576.25,6719.52,0.017557251908396854,0
2019-02-13,6500.0,6790.0,6500.0,6690.0,29192688758,4363323,562,6615.0,6622.0,50.560701879123265,-59.31557494235312,-78.64899421280725,6764.856908947862,6379.843091052138,6572.35,6709.16,0.025369978858351017,0
2019-02-16,6690.0,6700.0,6400.0,6597.0,32061312119,4859810,552,6690.0,6686.0,53.66416975317389,-43.753698439242726,-71.66993505809435,6765.355904738902,6379.644095261098,6572.5,6700.88,0.05818127430451692,1
2019-02-17,6685.0,6685.0,6500.0,6592.0,8257071765,1252872,269,6597.0,6500.0,44.85214296120989,-45.900334245191516,-66.51601489551379,6764.89037845467,6374.10962154533,6569.5,6686.88,0.13523076923076927,1
2019-02-18,6590.0,6677.0,6520.0,6596.0,10484242387,1589434,251,6592.0,6520.0,45.88120427769232,-45.46364908751366,-62.30554173391377,6747.415488905161,6373.584511094839,6560.5,6674.28,0.13496932515337434,1
2019-02-19,6503.0,6690.0,6503.0,6621.0,28069614991,4239326,396,6596.0,6665.0,52.7632189850346,-33.03646101141203,-56.45172558941343,6757.034034679577,6372.465965320423,6564.75,6663.58,0.09527381845461358,1
2019-02-20,6687.0,6799.0,6668.0,6739.0,92498224082,13725805,916,6621.0,6790.0,57.75103310523476,-12.952066239407031,-47.751793719412156,6790.604464843008,6358.895535156992,6574.75,6653.38,0.07717231222385856,1
2019-02-23,6831.0,7075.0,6830.0,7064.0,293871090772,41601365,1361,6739.0,7075.0,66.4495919002905,25.666215319734874,-33.06819191158275,6896.978829562574,6290.021170437426,6593.5,6651.08,0.026289752650176634,0
2019-02-24,7217.0,7417.0,7100.0,7323.0,143654893328,19616263,1976,7064.0,7379.0,72.8667941398078,79.88092348920782,-10.478368831424639,7085.745298458977,6171.154701541022,6628.45,6654.92,-0.017482043637349287,0
2019-02-25,7466.0,7586.0,7380.0,7452.0,52572834327,7055232,1049,7323.0,7400.0,73.24745948723431,123.12172420900333,16.241649776660957,7230.804298779264,6095.5957012207355,6663.2,6658.82,-0.031081081081081097,0
2019-02-26,7290.0,7600.0,7128.0,7357.0,58505131583,7952165,791,7452.0,7300.0,68.331285822459,147.61953988167443,42.51722779766365,7327.413795062464,6064.086204937536,6695.75,6665.26,-0.01904109589041092,0
2019-02-27,7399.0,7465.0,7300.0,7382.0,39905662699,5405649,540,7357.0,7314.0,68.64853840143155,166.24752036731115,67.26328631159316,7416.1342087980165,6049.565791201984,6732.85,6677.94,-0.01312551271534046,0
2019-03-02,7237.0,7380.0,7237.0,7276.0,17752029314,2439854,446,7382.0,7261.0,65.95481049825827,174.719613108281,88.75455167093074,7483.019600188094,6055.080399811906,6769.05,6689.16,-0.008401046687784075,0
2019-03-03,7279.0,7347.0,7211.0,7289.0,28627432604,3927627,409,7276.0,7250.0,65.3813836330478,178.48869302661114,106.70137994206682,7538.610509789159,6074.489490210842,6806.55,6702.96,0.013517241379310319,0
2019-03-04,7240.0,7374.0,7153.0,7262.0,20841481562,2870027,384,7289.0,7170.0,61.21309411345872,173.02585030704904,119.96627401506328,7568.476699806401,6121.6233001936,6845.05,6716.72,0.032217573221757334,0
2019-03-05,7136.0,7299.0,7100.0,7148.0,20405814249,2854784,451,7262.0,7161.0,60.74390954970307,166.05609204748453,129.18423762154754,7597.530612297656,6155.269387702343,6876.4,6726.04,0.034771679932970256,0
2019-03-06,7250.0,7294.0,7101.0,7203.0,18545794865,2574867,268,7148.0,7218.0,62.694172158981466,163.25008666409303,135.99740743005663,7620.012212992008,6212.6877870079925,6916.35,6736.48,0.025214740925464163,0
2019-03-09,7218.0,7300.0,7167.0,7195.0,34524055769,4798444,315,7203.0,7200.0,61.652528264496866,157.75535211398255,140.34899636684182,7628.293829492338,6284.406170507663,6956.35,6748.34,0.04166666666666674,0
2019-03-10,7200.0,7400.0,7176.0,7294.0,40550795850,5559433,492,7195.0,7348.0,66.57059720478304,163.45884667313658,144.97096642810078,7653.832703254031,6346.667296745969,7000.25,6763.02,0.020549809471965164,0
2019-03-11,7261.0,7600.0,7261.0,7505.0,71515310546,9528996,863,7294.0,7401.0,68.14610051210931,170.29253788987444,150.03528072045552,7688.671736496482,6392.328263503518,7040.5,6775.84,0.04039994595324958,0
2019-03-12,7500.0,7597.0,7405.0,7497.0,27353124733,3648724,513,7505.0,7410.0,68.41829392534862,174.4238624854397,154.91299707345237,7709.53402462876,6457.46597537124,7083.5,6790.28,0.08974358974358965,1
2019-03-13,7501.0,7590.0,7389.0,7501.0,61117725824,8147884,681,7497.0,7400.0,67.72580733020268,174.87519813740164,158.90543728624223,7725.146845693032,6519.653154306967,7122.4,6805.24,0.07513513513513503,1
2019-03-16,7501.0,7579.0,7443.0,7495.0,25919066299,3457998,442,7501.0,7500.0,70.89791499144968,181.21313691728847,163.36697721245147,7752.256312019925,6573.943687980076,7163.1,6823.3,0.04053333333333331,0
2019-03-17,7550.0,7550.0,7460.0,7489.0,43169460607,5764600,475,7495.0,7499.0,70.82295125327857,184.03387941529218,167.50035765301962,7734.347026648858,6691.752973351142,7213.05,6841.28,0.05494065875450049,1
2019-03-18,7530.0,7768.0,7492.0,7694.0,69519345628,9035682,824,7489.0,7700.0,76.25710767614541,200.18079870101883,174.03644586261947,7729.419642622865,6814.680357377136,7272.05,6864.88,0.03896103896103886,0
2019-03-19,7768.0,8075.0,7768.0,7973.0,52990447693,6645863,794,7694.0,8075.0,82.72246410490875,240.464786190395,187.3221139281746,7837.0697569288795,6848.030243071121,7342.55,6894.38,-0.023034055727554126,0
2019-03-25,8057.0,8200.0,7814.0,8021.0,13354974649,1665081,428,7973.0,7956.0,75.67976697013911,259.7930979135199,201.81631072524365,7895.982416625112,6905.717583374889,7400.85,6921.76,-0.014580191050779234,0
2019-03-26,7860.0,7900.0,7780.0,7821.0,22332576640,2855492,567,8021.0,7804.0,67.74598238398039,259.850400854275,213.42312875104994,7938.410806102842,6936.1891938971585,7437.3,6945.24,-0.004356740133265036,0
2019-03-27,7824.0,7950.0,7824.0,7878.0,19401476244,2462668,291,7821.0,7911.0,70.12061863269882,265.4696507268982,223.83243314621959,8004.714533821948,6923.085466178051,7463.9,6970.42,-0.01403109594235874,0
2019-03-30,7989.0,8096.0,7903.0,7971.0,51213812770,6424687,594,7878.0,8000.0,71.96920442432965,273.946616858133,233.8552698886023,8081.730213576219,6906.06978642378,7493.9,6994.82,-0.18100000000000005,0
2019-03-31,8093.0,8093.0,7801.0,7902.0,39002992371,4935529,597,7971.0,7889.0,66.4476038240949,268.61151491698456,240.80651889427878,8128.144601491347,6918.5553985086535,7523.35,7018.58,-0.13639244517682847,0
2019-04-06,7810.0,7939.0,7798.0,7834.0,48342951963,6170559,859,7902.0,7840.0,64.10931991153001,257.461659949794,244.13754710538186,8161.448749584443,6937.851250415556,7549.65,7041.38,-0.1071428571428571,0
2019-04-07,7852.0,7852.0,7751.0,7799.0,51844435887,6647224,945,7834.0,7770.0,60.8168020443596,240.20793699886417,243.3516250840783,8179.048640194761,6971.15135980524,7575.1,7063.12,-0.08751608751608753,0
2019-04-08,7790.0,7800.0,7685.0,7736.0,52551594984,6792886,1310,7799.0,7800.0,61.72408030205426,226.34581289772177,239.950462646807,8194.805167144894,7010.394832855106,7602.6,7087.92,-0.11794871794871797,0
2019-04-15,6730.0,6730.0,6396.0,6490.0,709750759191,109366545,4842,6052.0,6552.0,30.29649453017555,113.3501793381638,214.63040598507837,8299.856054697822,6843.543945302177,7571.7,7084.96,0.02716727716727707,0
2019-04-16,6660.0,6814.0,6600.0,6804.0,919781505562,135190662,4999,6490.0,6813.0,37.467392399736376,44.34960969078111,180.57424672621892,8335.57488119937,6773.02511880063,7554.3,7089.62,0.01585204755614278,0
2019-04-17,6880.0,7100.0,6804.0,6982.0,261895871998,37507494,3371,6804.0,7000.0,42.066116369216466,4.701304585956677,145.39965829816646,8348.84730429314,6737.952695706859,7543.4,7097.82,0.015142857142857125,0
2019-04-20,7100.0,7101.0,6976.0,7040.0,101673121529,14443184,2161,6982.0,7090.0,44.193289382819245,-19.23627126068368,112.47247238639643,8354.082553105054,6721.717446894946,7537.9,7105.62,0.016220028208744797,0
2019-04-22,7111.0,7112.0,6800.0,6898.0,92935281419,13472886,1829,7040.0,6880.0,40.46026864350966,-54.52370223727394,79.07323746166237,8376.65880207365,6652.341197926349,7514.5,7109.62,0.10392441860465107,1
2019-04-23,6890.0,6890.0,6700.0,6810.0,99054273939,14546195,1301,6898.0,6730.0,37.991677362321234,-93.51500910226878,44.55558814887615,8407.948915853227,6553.951084146773,7480.95,7110.12,0.09375928677563161,1
2019-04-24,6810.0,6994.0,6810.0,6926.0,95976141260,13856603,1127,6810.0,6921.0,42.779101379291106,-107.76158845117152,14.092152828866617,8414.955945775833,6498.044054224167,7456.5,7115.56,0.07209940760005784,1
2019-04-27,6923.0,7150.0,6923.0,7047.0,77165783695,10950761,1185,6926.0,7106.0,47.043831109266314,-102.93755132052502,-9.313788001011712,8412.21488034399,6471.38511965601,7441.8,7126.24,0.041092034900084506,0
2019-04-28,7150.0,7340.0,7111.0,7235.0,99589977870,13765976,1398,7047.0,7205.0,49.22473818181912,-90.08752164471389,-25.468534729752147,8402.433099091344,6451.666900908656,7427.05,7139.6,0.00346981263011803,0
2019-04-29,7299.0,7596.0,7280.0,7466.0,129127209183,17295146,1918,7235.0,7595.0,56.77659392084835,-47.882085042358085,-29.951244792273336,8409.544282479466,6454.155717520534,7431.85,7161.5,-0.07834101382488479,0
2019-04-30,7700.0,7730.0,7260.0,7429.0,99105500022,13340077,1556,7466.0,7361.0,51.798588419356136,-32.93614941324995,-30.54822571646866,8385.137063811226,6444.6629361887735,7414.9,7180.72,-0.05719331612552647,0
2019-05-01,7400.0,7487.0,7259.0,7426.0,73138151960,9849444,1165,7429.0,7420.0,52.919440972806754,-16.144477345847918,-27.667476042344514,8304.065674014177,6460.234325985823,7382.15,7198.44,-0.03638814016172509,0
2019-05-04,7510.0,7570.0,7320.0,7455.0,89890378595,12057249,1426,7426.0,7398.0,52.42986195627229,-4.559612024140733,-23.045903238703758,8237.994504929453,6470.505495070547,7354.25,7218.02,-0.06785617734522842,0
2019-05-05,7410.0,7479.0,7200.0,7320.0,74205343469,10137296,1319,7455.0,7230.0,48.72294891839294,-8.832898600876433,-20.203302311138295,8185.981397609938,6465.118602390063,7325.55,7234.62,-0.06085753803596128,0
2019-05-06,7235.0,7390.0,6954.0,7040.0,127702866299,18140411,1568,7320.0,7000.0,44.12348968105959,-30.427833684064353,-22.248208585723507,8107.4594854087845,6452.5405145912155,7280.0,7245.22,-0.02857142857142858,0
2019-05-07,7000.0,7120.0,6749.0,6955.0,124513447081,17903740,1369,7040.0,6940.0,42.98354561334995,-51.78651121437906,-28.15586911145462,7996.995584398344,6457.004415601656,7227.0,7252.1,-0.023054755043227626,0
2019-05-08,6820.0,7299.0,6820.0,7131.0,97155223471,13625247,1230,6955.0,7150.0,48.04307218522081,-51.1782214023533,-32.76033956963436,7897.841628936745,6482.258371063255,7190.05,7264.1,-0.05594405594405594,0
2019-05-11,6850.0,7189.0,6785.0,6920.0,75748263637,10945667,1250,7131.0,6896.0,43.06528726211476,-70.3805217330746,-40.28437600232241,7794.665702474948,6491.034297525052,7142.85,7269.58,-0.01319605568445481,0
2019-05-12,6801.0,7000.0,6700.0,6818.0,89151775408,13076290,1176,6920.0,6790.0,41.14916500419925,-93.07884225733687,-50.8432692533253,7695.096130958769,6492.6038690412315,7093.85,7271.66,-0.004418262150220897,0
2019-05-13,6742.0,6950.0,6742.0,6833.0,36773995628,5382194,762,6818.0,6800.0,41.413995847468584,-109.0039783688544,-62.47541107643113,7562.537680587139,6525.1623194128615,7043.85,7277.66,-0.02323529411764702,0
2019-05-14,6878.0,6997.0,6750.0,6855.0,79158737948,11548210,1191,6833.0,6780.0,41.0164486754085,-121.83416787652459,-74.34716243644982,7539.044532826561,6571.455467173439,7055.25,7282.86,-0.006489675516224147,0
2019-05-15,6850.0,6930.0,6700.0,6735.0,35838622448,5321143,1008,6855.0,6750.0,40.39013374246559,-132.89104948080694,-86.05593984532125,7542.931906046123,6561.268093953878,7052.1,7284.56,0.002962962962963056,0
2019-05-18,6860.0,6860.0,6767.0,6796.0,40699269115,5988502,1129,6735.0,6805.0,42.13466712874112,-135.65195615674475,-95.97514310760596,7544.549671438429,6540.150328561572,7042.35,7284.86,0.0096987509184423,0
2019-05-19,6875.0,6875.0,6700.0,6768.0,45392089610,6706739,872,6796.0,6760.0,41.07546669009691,-139.85891202926996,-104.75189689193877,7542.188755075444,6509.511244924557,7025.85,7278.56,0.029585798816567976,0
2019-05-20,6730.0,6731.0,6550.0,6630.0,40692879362,6137822,803,6768.0,6642.0,38.35282716532537,-150.97423173533025,-113.99636386061707,7553.628598790848,6474.271401209152,7013.95,7263.82,0.09831376091538702,1
2019-05-21,6601.0,6849.0,6601.0,6767.0,65447363376,9671562,815,6630.0,6736.0,41.66972570243531,-150.4637359866847,-121.2898382858306,7553.303197739197,6475.196802260803,7014.25,7250.54,0.07007125890736332,1
2019-05-22,6820.0,6871.0,6755.0,6818.0,117515213110,17236177,2305,6767.0,6770.0,42.86712999319689,-145.6368377678118,-126.15923818222684,7554.917876389351,6458.482123610649,7006.7,7239.94,0.042836041358936594,0
2019-05-25,6850.0,6888.0,6775.0,6844.0,54831981968,8011531,1161,6818.0,6871.0,46.38789311243666,-132.1384207841611,-127.3550747026137,7544.223511097016,6445.676488902984,6994.95,7231.08,0.026051520884878387,0
2019-05-26,6850.0,7020.0,6850.0,6958.0,72980126475,10488359,1649,6844.0,6960.0,49.349889204996714,-112.957171913391,-124.47549414476917,7523.552327343461,6441.847672656539,6982.7,7225.06,0.017385057471264398,0
2019-05-28,7010.0,7305.0,7002.0,7255.0,264384383533,36441593,2578,6958.0,7295.0,58.61767482496516,-69.91821998428713,-113.56403931267276,7453.64777496438,6481.75222503562,6967.7,7225.96,-0.028923920493488686,0
2019-05-29,7401.0,7401.0,7063.0,7209.0,69319503230,9615766,1303,7255.0,7208.0,55.763974101601704,-42.3416255100974,-99.31955655215769,7425.370309026835,6494.729690973166,6960.05,7226.72,-0.0038845726970033745,0
2019-06-01,7200.0,7200.0,7003.0,7082.0,49539728792,6995334,979,7209.0,7060.0,51.19774384682335,-32.05977370826622,-85.8675999833794,7360.2774381157,6523.822561884301,6942.05,7224.7,0.004249291784702569,0
2019-06-02,7085.0,7090.0,6990.0,7038.0,109522652814,15562607,1380,7082.0,7050.0,50.89449589554499,-24.43655906343156,-73.58139179938983,7291.3320284562815,6557.967971543718,6924.65,7221.34,0.0017021276595745594,0
2019-06-03,7071.0,7152.0,7040.0,7065.0,78783561317,11151576,905,7038.0,7081.0,51.846677286531275,-15.712541218465958,-62.007621683205066,7264.295145446908,6570.104854553092,6917.2,7218.96,0.0026832368309561705,0
2019-06-08,7150.0,7151.0,7050.0,7078.0,49938229017,7055517,791,7065.0,7084.0,51.94379160401934,-8.459107964222312,-51.29791893940852,7274.384078950895,6568.415921049104,6921.4,7213.68,0.009316770186335477,0
2019-06-09,7138.0,7186.0,7086.0,7127.0,92746182958,13013445,1056,7078.0,7180.0,55.066704935050645,4.97830108641574,-40.04267493424367,7303.97706350072,6562.822936499279,6933.4,7209.26,-0.008774373259052948,0
2019-06-10,7201.0,7203.0,7050.0,7121.0,80070054171,11243543,1040,7127.0,7090.0,51.67625437025214,8.269965714847785,-30.380146804425383,7294.835124532221,6565.964875467778,6930.4,7202.86,0.023977433004231274,0
2019-06-11,7090.0,7119.0,7041.0,7092.0,45676241774,6440431,825,7121.0,7062.0,50.63179428027651,8.52104238139782,-22.599908967260742,7307.162264001104,6570.237735998896,6938.7,7196.1,0.02619654488813361,0
2019-06-12,7110.0,7137.0,7038.0,7082.0,95594831190,13498748,1917,7092.0,7100.0,52.04828969468358,11.651988004690793,-15.749529572870436,7322.418196172903,6585.981803827097,6954.2,7188.1,0.021408450704225368,0
2019-06-15,7095.0,7199.0,7063.0,7128.0,77499945940,10871946,1219,7082.0,7150.0,53.921710213563166,17.96082588043737,-9.007458482208875,7342.201875829035,6601.198124170965,6971.7,7181.12,0.01118881118881121,0
2019-06-16,7200.0,7275.0,7032.0,7220.0,96255657927,13331018,1615,7128.0,7117.0,52.46481624375172,20.066487169065113,-3.192669351954078,7353.253427448717,6623.846572551283,6988.55,7169.46,0.052409723197976765,1
2019-06-17,7143.0,7350.0,7140.0,7248.0,39547674379,5456005,1101,7220.0,7260.0,57.78729842420169,32.89495128785893,4.024854776008524,7379.786776921398,6648.313223078602,7014.05,7153.16,0.052341597796143224,1
2019-06-18,7349.0,7349.0,7230.0,7261.0,84159727879,11590371,1051,7248.0,7247.0,57.16070103117924,41.53383398733695,11.526650618274209,7402.104245764223,6670.195754235776,7036.15,7138.98,0.08996826272940517,1
2019-06-19,7339.0,7339.0,7192.0,7250.0,61266356999,8451094,1025,7261.0,7252.0,57.35224290137673,48.22772973208612,18.866866441036592,7415.106247289184,6706.393752710816,7060.75,7127.94,-0.00013789299503585983,0
2019-06-22,7240.0,7340.0,7181.0,7235.0,76674286765,10596990,912,7250.0,7230.0,56.16236039361492,51.16764543259251,25.327022239347777,7394.7312042672465,6785.568795732753,7090.15,7114.32,-0.009681881051175623,0
2019-06-23,7239.0,7490.0,7217.0,7344.0,173532743458,23629780,2178,7235.0,7490.0,65.31974251878749,73.62863185968308,34.98734416341484,7434.4052315536355,6821.294768446365,7127.85,7104.12,-0.03204272363150873,0
2019-06-24,7547.0,7710.0,7420.0,7647.0,192817905853,25216039,2324,7344.0,7640.0,69.303684617142,102.35301003635323,48.46047733800252,7507.884262732523,6834.815737267478,7171.35,7099.14,-0.027617801047120416,0
2019-06-25,7706.0,7916.0,7600.0,7833.0,172784188825,22058086,2923,7647.0,7899.0,74.70663013075449,144.3524173253527,67.63886533547256,7659.259278243825,6786.240721756175,7222.75,7100.32,-0.055703253576402045,0
2019-07-08,7250.0,7349.0,6980.0,7182.0,182604273511,25423848,1497,7023.0,7251.0,50.67444482182057,123.92058637143145,78.89520954266435,7656.87793077443,6817.7220692255705,7237.3,7089.94,0.027996138463660225,0
2019-07-09,7031.0,7210.0,6999.0,7132.0,120978184282,16961909,1557,7182.0,7160.0,48.323494150018966,99.24128193321485,82.96442402077446,7650.541178470393,6810.5588215296075,7230.55,7077.14,0.03337988826815641,0
2019-07-10,7180.0,7273.0,7020.0,7189.0,68341568710,9506325,1033,7132.0,7250.0,50.756745995119836,85.9541769524676,83.56237460711309,7652.589174158532,6812.710825841467,7232.65,7091.1,-0.0027586206896551557,0
2019-07-13,7220.0,7469.0,7159.0,7300.0,94989748303,13012240,1313,7189.0,7429.0,55.26809588026002,88.84371946666852,84.61864357902418,7671.500237860254,6830.699762139747,7251.1,7103.42,0.026786916139453387,0
2019-07-14,7470.0,7548.0,7370.0,7456.0,88185265244,11827020,1279,7300.0,7459.0,55.99572083561941,92.48830440552501,86.19257574432436,7690.620149250656,6852.479850749344,7271.55,7112.6,0.018367073334227157,0
2019-07-15,7495.0,7645.0,7454.0,7540.0,86821838465,11515578,1055,7456.0,7454.0,55.83271154652448,93.89089027607679,87.73223865067486,7706.882421027063,6873.5175789729365,7290.2,7119.88,0.0061711832573114744,0
2019-07-17,7500.0,7598.0,7358.0,7460.0,49732348140,6666242,749,7540.0,7399.0,53.971484951731114,89.53233629686656,88.0922581799132,7713.988956464922,6897.911043535078,7305.95,7130.26,-0.006757669955399392,0
2019-07-20,7182.0,7470.0,7182.0,7265.0,38950438663,5361620,759,7460.0,7230.0,48.609335524826385,71.61572179695122,84.7969509033208,7713.9765589243,6902.9234410757,7308.45,7140.26,0.0012448132780082943,0
2019-07-21,7234.0,7628.0,7232.0,7493.0,238362589050,31810663,1694,7265.0,7628.0,58.952288404673425,88.51164238195179,85.53988919904701,7750.603789859882,6920.096210140118,7335.35,7154.4,-0.05230728893550074,0
2019-07-22,7780.0,7780.0,7450.0,7604.0,34009812141,4472822,762,7493.0,7596.0,57.94254855527944,98.18780076185885,88.0694715116094,7772.205811848385,6951.894188151616,7362.05,7164.2,-0.05358083201685093,0
2019-07-23,7480.0,7559.0,7355.0,7499.0,205421799137,27392079,1374,7604.0,7500.0,54.90431441938502,96.9917675750421,89.85393072429594,7777.903242999241,6986.196757000759,7382.05,7170.1,-0.06306666666666672,0
2019-07-28,7500.0,7500.0,7239.0,7378.0,22280355481,3019971,390,7499.0,7349.0,50.425488741693236,82.90380120274949,88.46390481998665,7773.77585045812,7010.22414954188,7392.0,7165.18,-0.04354333922982723,0
2019-07-29,7349.0,7390.0,7210.0,7259.0,96735829344,13326635,837,7378.0,7239.0,47.392520162090634,62.14651927342766,83.20042771067486,7765.742162969678,7030.4578370303225,7398.1,7162.74,-0.03715982870562229,0
2019-07-30,7300.0,7390.0,7201.0,7265.0,23606258342,3249438,653,7259.0,7229.0,47.11507974816903,44.37774831144088,75.43589183082807,7766.760467157565,7026.339532842436,7396.55,7158.92,-0.05381103887121319,0
2019-07-31,7300.0,7300.0,7180.0,7250.0,38229602326,5273159,639,7265.0,7189.0,45.95617310709702,26.759734044228026,65.70066027350806,7769.36865803154,7017.9313419684595,7393.65,7154.74,-0.05438864932535814,0
2019-08-03,7185.0,7190.0,7027.0,7063.0,54397451668,7701696,1152,7250.0,7027.0,41.50357280108651,-0.2715846442633847,52.506211289953775,7786.790603245199,6978.0093967548,7382.4,7150.68,-0.046534794364593735,0
2019-08-04,7100.0,7100.0,6996.0,7016.0,58301002130,8309139,1090,7063.0,7029.0,41.57882856708823,-21.287329090868297,37.747503213789365,7800.673370822807,6944.026629177194,7372.35,7151.26,-0.04552567932849627,0
2019-08-05,7140.0,7140.0,6950.0,7001.0,54723794506,7816533,1129,7016.0,6970.0,39.94618114945184,-42.21661799814137,21.75467897140322,7805.0064182402775,6887.693581759723,7346.35,7151.86,-0.0490674318507891,0
2019-08-06,7070.0,7070.0,6810.0,6867.0,47112040921,6860838,1151,7001.0,6840.0,36.54145621874353,-68.50347833292108,3.703047510538358,7794.200089672004,6818.499910327997,7306.35,7145.66,-0.006871345029239806,0
2019-08-07,6850.0,6850.0,6760.0,6806.0,34434336573,5059084,987,6867.0,6798.0,35.489030340387885,-91.66835775950949,-15.371233543471211,7706.616197815274,6795.983802184726,7251.3,7143.7,0.00029420417769943086,0
2019-08-10,6950.0,6950.0,6650.0,6763.0,33274298514,4919712,1118,6806.0,6700.0,33.09397233374102,-116.59048998536127,-35.61508483184923,7738.592840090979,6708.907159909021,7223.75,7141.9,0.011940298507462588,0
2019-08-11,6770.0,6770.0,6570.0,6614.0,64727561065,9785982,1628,6763.0,6709.0,33.537580129525125,-134.06976178640798,-55.30602022276098,7762.635517217192,6639.764482782808,7201.2,7140.08,-0.0034282307348337815,0
2019-08-13,6859.0,6859.0,6600.0,6681.0,47295467156,7079474,2409,6614.0,6628.0,31.512492275344783,-152.6980258836793,-74.78442135494464,7783.758178461692,6556.441821538308,7170.1,7137.04,0.011466505733252808,0
2019-08-14,6879.0,6979.0,6792.0,6875.0,36468866874,5304304,1709,6681.0,6793.0,39.523422675723594,-152.39027808657193,-90.3055927012701,7760.848343498646,6515.751656501355,7138.3,7137.9,-0.018106874723980537,0
2019-08-17,7000.0,7000.0,6770.0,6826.0,25242480958,3697875,1268,6875.0,6800.0,39.844894465659486,-149.85411923599895,-102.21529800821588,7726.271339617905,6484.428660382096,7105.35,7137.8,-0.01926470588235296,0
2019-08-18,6875.0,6875.0,6700.0,6783.0,32724813490,4824285,887,6826.0,6780.0,39.203686061557114,-147.7548025384176,-111.32319891425624,7686.352944512939,6456.94705548706,7071.65,7138.2,0.008702064896755068,0
2019-08-19,6750.0,6780.0,6656.0,6746.0,47889961845,7098632,1407,6783.0,6686.0,36.25092591829491,-151.92479882904718,-119.44351889721443,7653.324549967731,6418.675450032269,7036.0,7139.08,0.037241998205204796,0
2019-08-21,6820.0,6820.0,6601.0,6686.0,43303938029,6477139,2254,6746.0,6704.0,37.22593985027119,-152.02465576524992,-125.95974627082154,7636.469846110078,6382.930153889922,7009.7,7138.44,0.06026252983293556,1
2019-08-24,6701.0,6800.0,6580.0,6694.0,70949074180,10599453,2874,6686.0,6670.0,36.10271200219091,-153.08266725925205,-131.38433046850764,7536.502566544495,6387.097433455506,6961.8,7136.44,0.04632683658170911,0
2019-08-25,6750.0,6763.0,6600.0,6672.0,44856278939,6722889,1996,6694.0,6669.0,36.068241078484895,-152.24683390259452,-135.55683115532503,7423.774886261541,6407.125113738459,6915.45,7132.4,0.06162843004948271,1
2019-08-26,6671.0,6849.0,6671.0,6800.0,96434084018,14180465,2936,6672.0,6839.0,45.58082782217156,-136.29571849321837,-135.7046086229037,7314.6663067980135,6450.133693201986,6882.4,7129.98,0.022079251352536966,0
2019-08-27,6875.0,7127.0,6875.0,7006.0,106263092188,15168321,3437,6800.0,6935.0,50.096476848696575,-114.58705863124851,-131.48109862457267,7238.728433931428,6484.671566068571,6861.7,7122.78,-0.00216294160057684,0
2019-08-28,7000.0,7109.0,6776.0,6980.0,73241769271,10493360,1989,7006.0,7108.0,57.01817496407409,-82.47244411111569,-121.67936772188128,7209.608051104475,6500.691948895525,6855.15,7120.78,-0.028559369724254324,0
2019-08-31,7166.0,7166.0,6800.0,7050.0,111100302031,15758798,2894,6980.0,6979.0,51.303912039822066,-66.66216271658232,-110.67592672082148,7159.084053149747,6526.215946850252,6842.65,7119.16,0.013039117352056095,0
2019-09-01,7000.0,7099.0,6883.0,7059.0,115245229101,16325893,2073,7050.0,7080.0,55.09817355369494,-45.458527291047176,-97.63244683486663,7132.643801750476,6541.756198249524,6837.2,7119.76,-0.0025423728813559476,0
2019-09-02,7109.0,7110.0,6850.0,6966.0,54654700920,7845587,1388,7059.0,6990.0,51.2649878043822,-35.50743369792326,-85.20744420747796,7126.448110596366,6544.251889403635,6835.35,7117.94,0.011158798283261717,0
2019-09-03,6896.0,6980.0,6888.0,6918.0,33154303115,4792590,1232,6966.0,6920.0,48.44214778117661,-32.8903953135914,-74.74403442870064,7110.171939360278,6549.628060639721,6829.9,7114.66,0.02210982658959537,0
2019-09-04,6990.0,6990.0,6891.0,6909.0,61694885665,8930219,1603,6918.0,6905.0,47.83431672598408,-31.661770991809135,-66.12758174132235,7101.8090630758325,6551.490936924167,6826.65,7109.16,0.0021723388848660097,0
2019-09-07,6960.0,7100.0,6915.0,7062.0,102523964146,14517878,2819,6909.0,7070.0,54.58484369619455,-17.175962523268936,-56.337257897711666,7133.093570861911,6543.206429138088,6838.15,7108.76,-0.04101838755304099,0
2019-09-08,7142.0,7200.0,7044.0,7094.0,76711718316,10813498,2719,7062.0,7062.0,54.21849809124541,-6.2691215576232935,-46.323630629693994,7161.179162592518,6541.520837407483,6851.35,7108.76,-0.05791560464457657,0
2019-09-11,7094.0,7150.0,7022.0,7073.0,44983641097,6359875,1889,7094.0,7068.0,54.465333252261864,2.8261996725268546,-36.49366456924982,7185.100519252449,6554.399480747551,6869.75,7108.12,-0.03989813242784379,0
2019-09-14,7140.0,7156.0,7055.0,7132.0,96951141110,13593309,2713,7073.0,7073.0,54.68459671803573,10.318816594468444,-27.13116833650617,7206.093033858667,6569.806966141333,6887.95,7106.58,-0.051321928460342114,0
2019-09-15,7079.0,7100.0,6790.0,6913.0,137773917909,19930027,3807,7132.0,6920.0,47.195479551273664,3.8663789510392235,-20.931658878997094,7197.597436851777,6607.502563148223,6902.55,7102.64,-0.00028901734104047616,0
2019-09-16,7000.0,7000.0,6710.0,6823.0,102457467410,15015903,4388,6913.0,6780.0,41.5835926768604,-12.401102153654392,-19.225547533928555,7197.965465721355,6605.834534278644,6901.9,7093.04,0.03687315634218291,0
2019-09-17,6830.0,6830.0,6595.0,6683.0,145324905810,21746851,4277,6823.0,6653.0,37.255832863722006,-35.13601068691969,-22.407640164526782,7207.203466305429,6581.896533694571,6894.55,7081.16,0.03261686457237345,0
2019-09-18,6685.0,6786.0,6490.0,6627.0,61625152607,9298432,2563,6683.0,6786.0,43.8467879023988,-41.93816397438604,-26.313744926498636,7207.0744545079715,6582.625545492029,6894.85,7071.84,0.0359563807839669,0
2019-09-21,6820.0,6958.0,6671.0,6893.0,173904044823,25229055,3778,6627.0,6710.0,41.18449767405591,-52.8522366187035,-31.62144326493961,7205.224044823948,6586.875955176052,6896.05,7061.44,0.046199701937406745,0
2019-09-22,6899.0,7100.0,6741.0,6942.0,161612289751,23280365,3737,6893.0,6918.0,50.1123166804805,-44.20825095121745,-34.13880480219518,7203.1455971211535,6610.3544028788465,6906.75,7050.0,0.0010118531367446781,0
2019-09-23,7029.0,7138.0,6946.0,7067.0,157582791034,22297993,3217,6942.0,7030.0,54.14829160670977,-27.997626841919555,-32.91056921014005,7204.718480355938,6644.781519644062,6924.75,7037.8,-0.011379800853485111,0
2019-09-24,7120.0,7123.0,6811.0,6915.0,75218520924,10878189,2749,7067.0,6870.0,48.15478222682701,-27.741466906237292,-31.876748749359503,7190.722331954085,6678.877668045915,6934.8,7017.22,0.004075691411935978,0
2019-09-25,6910.0,7074.0,6810.0,6964.0,96002092337,13786065,2443,6915.0,7030.0,53.6765939923625,-14.461096963394994,-28.393618392166605,7199.513692544259,6689.186307455741,6944.35,7012.8,-0.02318634423897581,0
2019-09-28,7079.0,7209.0,7005.0,7133.0,128559158676,18022222,3754,6964.0,7020.0,53.29454386832986,-4.689170689505772,-23.652728851634443,7205.822394034468,6691.377605965533,6948.6,7010.0,-0.022079772079772075,0
2019-09-29,7099.0,7099.0,6870.0,6924.0,88216900501,12741513,3330,7133.0,6925.0,49.67711461475899,-4.558012831735141,-19.833785647654583,7186.144527691271,6692.755472308729,6939.45,7003.5,-0.018050541516245522,0
2019-09-30,7080.0,7082.0,6885.0,6936.0,139742582276,20147450,3572,6924.0,6950.0,50.62686416154171,-2.409008665883448,-16.348830251300356,7184.087789198933,6691.912210801067,6938.0,6993.92,-0.023309352517985604,0
2019-10-01,7000.0,7000.0,6890.0,6926.0,97176806029,14031147,2691,6936.0,6898.0,48.57338659417261,-4.846011001287479,-14.04826640129778,7166.629173625818,6691.170826374181,6928.9,6982.7,-0.04247608002319514,0
2019-10-02,6897.0,7056.0,6867.0,6926.0,63311234388,9140601,1998,6926.0,6867.0,47.34060602162301,-9.173052591690976,-13.07322363937642,7160.202205702141,6685.297794297859,6922.75,6970.96,0.0016018639871850926,0
2019-10-05,7000.0,7000.0,6847.0,6886.0,64571933800,9377498,2102,6926.0,6865.0,47.25727454952316,-12.618192839537187,-12.982217479408575,7158.786096732642,6681.213903267358,6920.0,6960.28,0.04195193008011655,0
2019-10-06,6848.0,6850.0,6690.0,6781.0,55695630626,8213590,1860,6886.0,6800.0,44.5147696297341,-20.358764910190985,-14.457526965565059,7159.174937338253,6670.325062661747,6914.75,6951.68,0.04264705882352948,0
2019-10-07,6900.0,6900.0,6753.0,6792.0,55946961715,8236759,1685,6781.0,6788.0,44.00701576711746,-27.14857191813735,-16.995735956079518,7140.109620798168,6661.190379201831,6900.65,6934.88,0.0397760754272245,0
2019-10-08,6836.0,6899.0,6552.0,6704.0,43571549228,6498889,1806,6792.0,6605.0,37.063895400276195,-46.75712644666328,-22.94801405419627,7137.660424060288,6617.939575939712,6877.8,6915.06,0.0420893262679789,0
2019-10-09,6700.0,6888.0,6636.0,6813.0,44503903236,6531992,1516,6704.0,6878.0,49.790555204650886,-39.809331545119676,-26.320277552380954,7113.108578266344,6623.491421733656,6868.3,6902.62,0.009014248328002239,0
2019-10-12,6921.0,7153.0,6890.0,7098.0,357343260841,50345321,4050,6813.0,7153.0,58.82331883896628,-11.97491295792588,-23.45120463348994,7132.487701463368,6612.112298536633,6872.3,6898.7,-0.04934992310918496,0
2019-10-13,7380.0,7380.0,7082.0,7182.0,154484666538,21508498,3590,7098.0,7090.0,56.32345114785889,4.943505171162542,-17.772262672559442,7157.263813170538,6604.336186829462,6880.8,6895.72,-0.02256699576868826,0
2019-10-14,7180.0,7180.0,6950.0,7072.0,62203833763,8796027,2016,7182.0,7058.0,55.043862111997086,15.589633276048517,-11.09988348283785,7177.378686838608,6612.021313161392,6894.7,6892.3,-0.006517427033153833,0
2019-10-15,7139.0,7139.0,6720.0,6857.0,81102619876,11827659,1959,7072.0,6883.0,48.54815102385808,9.792843235419241,-6.921338139186433,7166.434202196416,6645.965797803584,6906.2,6886.18,0.005375562981258186,0
2019-10-16,6904.0,7188.0,6850.0,6996.0,96957764456,13859124,2086,6857.0,6940.0,50.59330086204448,9.68660781059134,-3.599748949230878,7168.504713217976,6659.295286782023,6913.9,6884.44,-0.014553314121037442,0
2019-10-20,7000.0,7069.0,6650.0,6782.0,79742642159,11757242,1853,6996.0,6800.0,45.78005225933098,-1.675104933197872,-3.214820146024277,7161.344767370713,6675.455232629286,6918.4,6879.86,0.014705882352941124,0
2019-10-21,6940.0,7029.0,6742.0,6876.0,38584042129,5611105,1357,6782.0,6930.0,50.49021902161908,-0.1872718414870178,-2.6093104851168256,7161.997119309695,6676.002880690305,6919.0,6879.06,-0.00418470418470418,0
2019-10-22,6999.0,7083.0,6876.0,6996.0,47156692602,6740906,1449,6876.0,7012.0,53.24903631563858,7.521854049072317,-0.5830775782789972,7159.5745535099095,6676.625446490091,6918.1,6882.5,-0.02595550484883058,0
2019-10-23,7070.0,7070.0,6885.0,6964.0,26821619224,3851552,919,6996.0,6920.0,49.89007682896747,6.137017022599139,0.7609413418966301,7161.064051352403,6680.135948647598,6920.6,6884.94,-0.0026011560693641744,0
2019-10-26,6960.0,6990.0,6800.0,6908.0,42016343442,6081902,1018,6964.0,6839.0,47.07454146493603,-1.4794452291689595,0.31286402768351224,7148.528820093092,6673.571179906909,6911.05,6887.72,-0.005702588097675099,0
2019-10-28,6908.0,6965.0,6801.0,6898.0,28078367562,4070387,1024,6908.0,6900.0,49.39089564166573,-2.5638023183983023,-0.2624692415328506,7137.219313202249,6672.880686797751,6905.05,6891.54,-0.00014492753623185362,0
2019-10-30,6957.0,6957.0,6879.0,6903.0,43957565924,6368225,1345,6898.0,6901.0,49.429969688964505,-3.304380638240218,-0.8708515208743242,7135.842478310837,6671.857521689164,6903.85,6897.0,-0.002753224170410129,0
2019-11-02,6970.0,6970.0,6827.0,6892.0,51114099580,7416934,1194,6903.0,6830.0,46.67457899251298,-9.510766722011795,-2.5988345611018184,7130.9622261761515,6664.737773823849,6897.85,6897.74,-0.007320644216691097,0
2019-11-03,6826.0,7010.0,6822.0,6938.0,52890619604,7623650,1125,6892.0,6902.0,49.73457615362844,-8.521345372008,-3.783336723283055,7131.1692613080295,6664.930738691971,6898.05,6899.78,-0.021153288901767597,0
2019-11-04,6999.0,7010.0,6796.0,6902.0,39342184016,5699730,1059,6938.0,6800.0,45.73098564294633,-15.78580049241009,-6.183829477108462,7131.405808954491,6657.994191045509,6894.7,6900.18,-0.007647058823529451,0
2019-11-05,6872.0,6996.0,6763.0,6883.0,43089508149,6259913,1180,6902.0,6899.0,49.942873968707296,-13.39999409965003,-7.627062401616776,7132.716228796924,6660.083771203075,6896.4,6904.44,-0.022322075663139596,0
2019-11-09,6883.0,6950.0,6800.0,6866.0,25384179777,3697051,1021,6883.0,6882.0,49.23621803470439,-12.734191437519257,-8.648488208797273,7132.795070961057,6668.204929038943,6900.5,6908.0,-0.023539668700959027,0
2019-11-10,6805.0,6920.0,6758.0,6789.0,13392938693,1972735,748,6866.0,6780.0,45.11181833655003,-20.204184321178218,-10.959627431273463,7133.194744670064,6667.0052553299365,6900.1,6910.2,-0.01666666666666672,0
2019-11-11,6850.0,6887.0,6743.0,6804.0,26863085355,3948143,925,6789.0,6756.0,44.174169526029424,-27.741025648019786,-14.315907074622727,7109.742330366111,6705.5576696338885,6907.65,6911.94,0.002072232089994186,0
2019-11-12,6799.0,6855.0,6738.0,6768.0,29113441356,4301544,1178,6804.0,6748.0,43.84701469865396,-33.96799790525438,-18.24632524074906,7114.677773352327,6687.6222266476725,6901.15,6910.12,-0.006075874333135722,0
2019-11-13,6844.0,6870.0,6730.0,6789.0,21497753401,3166723,943,6768.0,6745.0,43.71626402630486,-38.69889642126145,-22.336839476851537,7070.8035450676825,6690.6964549323175,6880.75,6906.32,-0.009933283914010382,0
2019-11-16,6780.0,6780.0,6711.0,6733.0,19842170640,2947163,845,6789.0,6720.0,42.57685177777348,-43.95872977230738,-26.661217535942708,7038.7786095588635,6685.7213904411365,6862.25,6898.56,-0.01041666666666663,0
2019-11-17,6700.0,6980.0,6660.0,6771.0,57390080182,8475441,1288,6733.0,6667.0,40.1855816086522,-51.80664787045043,-31.690303602844253,7014.730346139212,6670.669653860788,6842.7,6892.32,-0.007349632518374061,0
2019-11-18,6847.0,6847.0,6636.0,6715.0,39435948641,5873226,1309,6771.0,6770.0,46.4769095113576,-49.1483882850016,-35.18192053927572,7010.828565976287,6663.2714340237135,6837.05,6886.12,-0.02215657311669128,0
2019-11-19,6760.0,6798.0,6700.0,6719.0,18458376011,2746991,762,6715.0,6707.0,43.4655044932225,-51.531251706259354,-38.45178677267245,7001.237879857468,6649.562120142531,6825.4,6880.46,-0.009691367228269021,0
2019-11-20,6711.0,6730.0,6657.0,6693.0,34818350676,5202430,1127,6719.0,6678.0,42.112844526982514,-55.12430707384101,-41.78629083290616,7006.3466251841155,6632.253374815885,6819.3,6875.62,0.0062893081761006275,0
2019-11-23,6700.0,6700.0,6586.0,6649.0,35906063660,5399891,1545,6693.0,6650.0,40.79284839045387,-59.544799945035265,-45.33799265533198,6998.907954363349,6611.6920456366515,6805.3,6870.52,0.003759398496240518,0
2019-11-24,6650.0,6705.0,6589.0,6630.0,22201906495,3348877,1098,6649.0,6618.0,39.277614025114126,-64.88228239460295,-49.246850603186175,6971.080349343945,6600.1196506560555,6785.6,6861.48,0.017981263221517052,0
2019-11-25,6576.0,6690.0,6576.0,6617.0,34284874821,5180957,1439,6630.0,6620.0,39.42904854207973,-68.16512724945369,-53.03050593243968,6958.682322382369,6582.517677617631,6770.6,6852.64,0.012084592145015005,0
2019-11-26,6594.0,6652.0,6562.0,6615.0,34955818946,5284636,1240,6617.0,6642.0,41.167142926666266,-68.20536037220609,-56.065476820392966,6954.034117280084,6567.465882719916,6760.75,6844.12,0.013249021379102777,0
2019-11-27,6660.0,6806.0,6600.0,6678.0,83377325697,12485727,2485,6615.0,6720.0,46.97657096231443,-61.237390763283656,-57.09985960897111,6934.749316918772,6568.750683081228,6751.75,6837.06,-0.0031250000000000444,0
2019-11-30,6810.0,6811.0,6650.0,6736.0,47016423474,6980038,1785,6678.0,6675.0,44.26114081764691,-58.67003690144065,-57.41389506746502,6912.789751632443,6568.110248367557,6740.45,6832.16,0.012434456928839044,0
2019-12-01,6700.0,6754.0,6690.0,6719.0,54781048439,8153583,1503,6736.0,6737.0,48.66407854764131,-51.044103968072704,-56.13993684758656,6903.170965202242,6568.4290347977585,6735.8,6831.3,0.040522487754193204,0
2019-12-02,6780.0,6822.0,6672.0,6757.0,55176284304,8166344,1653,6719.0,6700.0,46.31292292026261,-47.439237949415656,-54.399797067952385,6875.155143747967,6576.244856252033,6725.7,6832.24,0.04626865671641789,0
2019-12-03,6809.0,6809.0,6689.0,6716.0,24640778576,3668968,1024,6757.0,6730.0,48.48613073410494,-41.681132231670745,-51.85606410069606,6867.75906015334,6576.640939846659,6722.2,6831.12,0.04011887072808329,0
2019-12-04,6655.0,6757.0,6655.0,6720.0,48965786603,7286706,1416,6716.0,6699.0,46.39616712343096,-39.167731658147204,-49.318397612186295,6833.210082194499,6591.189917805501,6712.2,6830.9,0.04911180773249746,0
2019-12-07,6795.0,6804.0,6702.0,6758.0,89807856424,13288536,1872,6720.0,6758.0,50.747519969055595,-32.0456345517332,-45.86384500009568,6801.617989901047,6610.382010098953,6706.0,6827.7,0.050606688369340125,1
2019-12-08,6860.0,7089.0,6800.0,6999.0,196421935941,28062922,3725,6758.0,7010.0,64.13800065464963,-5.997887422186977,-37.89065348451394,6878.750736409859,6556.249263590141,6717.5,6827.3,0.01854493580599148,0
2019-12-09,7090.0,7092.0,6991.0,7011.0,83699122239,11938947,2423,6999.0,7010.0,64.13800065464963,14.478243661329543,-27.416874055345247,6935.556860106321,6524.843139893678,6730.2,6830.1,0.016547788873038538,0
2019-12-10,7080.0,7080.0,6959.0,7034.0,88855266406,12631665,2223,7011.0,7000.0,63.34540442337027,29.558081477060114,-16.021882948864175,6979.509611111871,6506.090388888129,6742.8,6829.5,0.010000000000000009,0
2019-12-11,7000.0,7100.0,6915.0,7035.0,58908604550,8373242,1785,7034.0,7028.0,64.66220131368648,43.26954322468919,-4.163597714153502,7024.339958661015,6489.560041338985,6756.95,6829.66,0.014940239043824688,0
2019-12-14,7084.0,7130.0,7005.0,7101.0,85885330275,12095460,2463,7035.0,7100.0,67.85962674324846,59.26263099591142,8.521648027859484,7081.4282970895765,6470.471702910423,6775.95,6833.16,0.016760563380281646,0
2019-12-15,7101.0,7186.0,7050.0,7121.0,78435063139,11015022,2206,7101.0,7140.0,69.51017433681531,74.3083535403648,21.67898913036055,7139.029167857977,6460.170832142024,6799.6,6836.96,0.054621848739495826,1
2019-12-16,7175.0,7175.0,7081.0,7120.0,61125401510,8584766,1706,7121.0,7126.0,68.19024072865983,84.13268483826414,34.16972827194127,7184.928175780804,6449.871824219195,6817.4,6841.52,0.08854897558237451,1
2019-12-17,7101.0,7126.0,7051.0,7071.0,82652277771,11689676,1758,7120.0,7070.0,63.03410902013018,86.40379699658115,44.616542016869246,7215.132652386505,6455.967347613496,6835.55,6845.58,0.0845827439886846,1
2019-12-18,7081.0,7134.0,7059.0,7086.0,116144563855,16390033,2376,7071.0,7133.0,66.1363318151235,92.22414074458902,54.1380617624132,7251.674681433343,6464.925318566658,6858.3,6850.94,0.06645170335062378,1
2019-12-21,7160.0,7261.0,7148.0,7212.0,120256232910,16675243,3157,7086.0,7219.0,69.8553220647989,102.59365062414417,63.8291795347594,7297.662581935375,6475.837418064625,6886.75,6859.32,0.04806759939049732,0
2019-12-22,7280.0,7571.0,7200.0,7493.0,301500776754,40236316,5367,7212.0,7530.0,78.88582266289522,134.3578688987336,77.93491740755425,7410.722773047146,6453.977226952855,6932.35,6874.16,-0.003984063745019917,0
2019-12-23,7745.0,7867.0,7405.0,7766.0,575339045255,74082957,7903,7493.0,7757.0,82.91012210743706,175.82148300106292,97.51223052625599,7565.749945792072,6412.6500542079275,6989.2,6897.2,-0.024107257960551798,0
2019-12-24,7836.0,7950.0,7645.0,7764.0,117822895887,15175939,3536,7766.0,7668.0,76.73483018012539,199.20384182196358,117.85055278539751,7664.941670608923,6416.058329391077,7040.5,6913.0,-0.0063901930099112825,0
2019-12-25,7700.0,7700.0,7447.0,7539.0,77942292154,10337955,3023,7764.0,7607.0,72.73607939739915,210.38712760105136,136.3578677485283,7737.306979419243,6432.393020580757,7084.85,6922.08,0.01866701722098063,0
2019-12-28,7622.0,7643.0,7465.0,7546.0,218406869105,28944304,3356,7539.0,7566.0,70.09220846082096,213.4807318142848,151.7824405616796,7785.499809474825,6473.300190525174,7129.4,6931.6,-0.02564102564102566,0
2019-12-29,7600.0,7649.0,7451.0,7534.0,76328837893,10131680,2352,7546.0,7500.0,65.93725657962167,208.20670968146896,163.0672943856375,7816.640586892861,6518.459413107139,7167.55,6940.44,-0.013599999999999945,0
2019-12-30,7560.0,7612.0,7500.0,7566.0,125915719392,16642488,2838,7534.0,7570.0,68.0973000055028,207.28596060668224,171.91102762984644,7845.417551182229,6576.682448817772,7211.05,6954.18,-0.04200792602377812,0
2019-12-31,7595.0,7650.0,7408.0,7524.0,134572983856,17885987,2634,7566.0,7619.0,69.5528023490754,208.1111747434552,179.1510570525682,7873.1745097484245,6637.8254902515755,7255.5,6967.76,-0.028743929649560296,0
2020-01-01,7641.0,7900.0,7545.0,7758.0,307933373774,39690070,4126,7524.0,7749.0,73.06396603233313,216.75644308715528,186.67213425948563,7905.717993700189,6710.282006299811,7308.0,6986.74,-0.04103755323267522,0
2020-01-04,7371.0,7450.0,7371.0,7376.0,438939088628,59510493,5319,7758.0,7372.0,53.71748107131547,190.98556850643945,187.5348211088764,7880.748005247684,6796.651994752316,7338.7,6995.58,0.0583288117200218,1
2020-01-05,7302.0,7650.0,7302.0,7427.0,110134935353,14829404,2407,7376.0,7398.0,54.61011742032119,170.6923127123573,184.1663194295726,7879.065603464377,6837.134396535624,7358.1,7003.3,0.07380373073803725,1
2020-01-07,7428.0,7670.0,7202.0,7397.0,171469920238,23180718,2955,7427.0,7252.0,48.906053423504346,141.20110304220907,175.57327615209994,7869.034882494205,6871.365117505795,7370.2,7009.94,0.08935466078323229,1
2020-01-08,7397.0,7500.0,7250.0,7286.0,273103180050,37482936,2784,7397.0,7400.0,54.13577838547624,128.29259286711113,166.1171394951022,7859.246095808307,6921.153904191693,7390.2,7021.16,0.07013513513513514,1
2020-01-11,7431.0,7431.0,7431.0,7431.0,24550054785,3303735,227,7286.0,7431.0,55.17081311717834,119.18999836676812,156.7317112694354,7849.070081593064,6971.629918406937,7410.35,7031.78,0.06163369667608665,1
2020-01-12,7802.0,7802.0,7700.0,7802.0,538908023505,69076482,3965,7431.0,7802.0,65.27173264884988,140.2954870247131,153.44446642049095,7891.501331119009,6999.398668880991,7445.45,7049.8,0.011150986926429018,0
2020-01-13,7900.0,8150.0,7780.0,7959.0,227869567323,28628970,3980,7802.0,7944.0,68.2230218154537,166.55995264532885,156.06756366545855,7958.458745681652,7012.841254318348,7485.65,7072.08,-0.01938569989929506,0
2020-01-14,7980.0,8000.0,7820.0,7919.0,128104494500,16176761,2375,7959.0,7900.0,66.34169508202487,181.72943479657624,161.1999378916821,7999.770771520423,7048.929228479577,7524.35,7092.04,-0.040000000000000036,0
2020-01-15,7840.0,8008.0,7730.0,7912.0,104301787271,13181976,2375,7919.0,7919.0,66.76785951174752,193.05903551568372,167.57175741648246,8023.614885914517,7109.9851140854835,7566.8,7114.42,-0.03649450688218214,0
2020-01-18,8096.0,8160.0,7855.0,8023.0,245939865942,30655053,3873,7912.0,7889.0,65.36066619186619,197.34223795355229,173.52585352389644,8035.982150758593,7173.217849241408,7604.6,7134.22,-0.037774115857523105,0
2020-01-19,7915.0,7919.0,7760.0,7825.0,158523637795,20258213,3540,8023.0,7889.0,65.36066619186619,198.44910894671375,178.5105046084599,8048.027749723196,7228.172250276804,7638.1,7154.36,-0.051717581442514926,0
2020-01-20,7900.0,8000.0,7775.0,7853.0,119340961773,15196306,2354,7825.0,7790.0,60.48205553123109,189.15735136076546,180.63987395892104,8062.976632006636,7239.223367993365,7651.1,7174.56,-0.028369704749679037,0
2020-01-21,7864.0,7864.0,7560.0,7666.0,78701768671,10266307,2437,7853.0,7584.0,51.81533641261896,163.28879654145294,177.16965847542744,8052.328750355669,7232.57124964433,7642.45,7191.12,0.05076476793248941,1
2020-01-22,7669.0,7800.0,7461.0,7636.0,92943969017,12172590,2405,7666.0,7630.0,53.42042495922676,144.8300849702946,170.70174377440088,8050.289661240067,7230.810338759933,7640.55,7208.76,0.03997378768020976,0
2020-01-25,7755.0,7755.0,7490.0,7562.0,213870086751,28282523,4947,7636.0,7591.0,51.843623647575996,125.60653505020946,161.68270202956262,8049.8109101013215,7229.6890898986785,7639.75,7225.68,0.05651429324199708,1
2020-01-26,7637.0,7638.0,7291.0,7503.0,197929076504,26379404,3765,7562.0,7481.0,47.57794553683887,100.3390069356119,149.41396301077248,8050.265234793277,7220.734765206723,7635.5,7240.9,0.06844004812190874,1
2020-01-27,7598.0,7673.0,7430.0,7591.0,132858226559,17501118,2597,7503.0,7569.0,51.048011568525546,86.41898910296914,136.81496822921181,8050.283186107228,7227.6168138927715,7638.95,7258.94,0.034482758620689724,0
2020-01-28,7700.0,7970.0,7660.0,7883.0,514370076630,65247208,6988,7591.0,7969.0,63.02804687621695,106.4369923497261,130.7393730533147,8092.995335143252,7224.804664856747,7658.9,7282.92,-0.0022587526665830415,0
2020-02-01,8270.0,8270.0,7898.0,8058.0,253511869236,31460264,5723,7883.0,7935.0,61.64701587323007,118.19540523707474,128.2305794900667,8124.553353875615,7224.846646124384,7674.7,7307.48,0.026465028355387554,0
2020-02-02,8040.0,8089.0,7824.0,7992.0,130639302311,16346690,3117,8058.0,8020.0,63.78350500655134,132.84150758201122,129.1527651084556,8161.93338581076,7214.56661418924,7688.25,7334.32,0.0442643391521198,0
2020-02-03,8099.0,8100.0,7970.0,8022.0,306000890104,38145540,4382,7992.0,7993.0,62.5907770669151,140.64866460346184,131.45194500745686,8187.371832086871,7251.228167913129,7719.3,7361.18,0.0402852495933943,0
2020-02-04,8010.0,8099.0,7780.0,7951.0,125377351130,15768916,2883,8022.0,7830.0,55.806183191561374,132.15970028005813,131.59349606197713,8187.026842941746,7294.773157058254,7740.9,7385.42,0.11111111111111116,1
2020-02-05,7900.0,7990.0,7796.0,7875.0,140237392874,17808533,3516,7951.0,7951.0,59.330424230437856,133.65513050781828,132.00582295114538,8169.762312568654,7381.937687431347,7775.85,7412.04,0.13193309017733612,1
2020-02-08,8023.0,8268.0,8023.0,8189.0,451701900809,55156847,5391,7875.0,8145.0,64.25252506366715,148.77941196252686,135.36054075342167,8198.610518654423,7427.589481345578,7813.1,7442.1,0.13627992633517505,1
2020-02-09,8210.0,8579.0,8160.0,8324.0,323964947024,38919832,4984,8189.0,8375.0,69.03700384044417,177.28100669812375,143.7446339423621,8277.017218258645,7443.582781741356,7860.3,7475.2,0.10125373134328353,1
2020-02-10,8400.0,8400.0,8150.0,8286.0,241590795278,29156767,3413,8324.0,8315.0,66.5352245852972,192.8046948049523,153.55664611488015,8346.050195602256,7425.849804397744,7885.95,7508.0,0.08226097414311484,1
2020-02-12,8400.0,8700.0,8320.0,8673.0,571756452684,65926538,4975,8286.0,8700.0,73.23707575720749,233.48217471993212,169.54175183589055,8504.988634291674,7342.511365708326,7923.75,7547.26,0.011494252873563315,0
2020-02-15,9079.0,9079.0,8654.0,8850.0,210638877860,23801565,4148,8673.0,9000.0,77.08762120440815,286.6228535738919,192.95797218349082,8725.267481371518,7232.232518628482,7978.75,7593.26,-0.014444444444444482,0
2020-02-16,9090.0,9292.0,8952.0,9223.0,282561951873,30637629,4237,8850.0,9255.0,79.75405253462863,345.33281160962724,223.4329400687181,8975.328570409807,7115.771429590193,8045.55,7643.76,-0.009940572663425185,0
2020-02-17,9499.0,9499.0,9120.0,9265.0,259325789227,27989236,3822,9223.0,9223.0,78.51915668566129,384.84251877027964,255.71485580903044,9170.110458658577,7054.389541341423,8112.25,7694.24,0.01908272796270194,0
2020-02-18,9200.0,9200.0,8813.0,8952.0,176048067786,19665822,3190,9265.0,8999.0,70.31205041506215,393.5428019443498,283.2804450360943,9287.591395016883,7047.908604983117,8167.75,7739.06,0.08612068007556406,1
2020-02-19,8960.0,8990.0,8750.0,8872.0,187559784597,21139622,3826,8952.0,8800.0,63.91999001128348,379.99980099019376,302.62431622691423,9356.34171422754,7080.158285772461,8218.25,7774.86,0.13284090909090907,1
2020-02-22,8431.0,9010.0,8431.0,8727.0,175631092896,20125562,3391,8872.0,8870.0,65.12115549315172,370.6427512285027,316.2280032272319,9415.341150209697,7149.758849790302,8282.55,7812.06,0.0799323562570462,1
2020-02-23,9000.0,9163.0,8990.0,9081.0,335901218944,36987806,4691,8727.0,9163.0,69.67238481506251,382.4610996918109,329.4746225201477,9512.278071941984,7206.121928058017,8359.2,7855.32,0.06897304376295965,1
2020-02-24,9480.0,9480.0,9123.0,9309.0,309512131563,33250428,4052,9081.0,9399.0,72.75604076982452,406.188169289082,344.81733187393456,9630.748153278615,7268.451846721386,8449.6,7902.74,0.05330354293009898,1
2020-02-25,9450.0,9774.0,9298.0,9717.0,788272059739,81119353,4619,9309.0,9774.0,76.79376212281076,450.0633586397762,365.8665372271029,9791.320637735878,7337.179362264122,8564.25,7956.22,0.03427460609781052,0
2020-02-26,10150.0,10180.0,9800.0,10006.0,349730499278,34951847,4458,9717.0,9969.0,78.57217366286588,494.86513538302825,391.666256858288,9966.693897405883,7401.806102594118,8684.25,8012.8,0.029892667268532458,0
2020-02-29,9561.0,9900.0,9506.0,9593.0,289236321383,30150962,4546,10006.0,9579.0,67.44044450217916,493.21564268463044,411.97613402355654,10059.56286292407,7469.937137075931,8764.75,8061.86,0.06482931412464765,1
2020-03-01,9601.0,9950.0,9540.0,9723.0,217420069941,22361316,3505,9593.0,9795.0,69.97741692325349,503.5333832464603,430.2875838681373,10167.914245426377,7547.5857545736235,8857.75,8116.36,0.018989280245022888,0
2020-03-02,9997.0,10000.0,9700.0,9820.0,233387486344,23767627,3361,9723.0,9900.0,71.15405339367405,514.2548793191581,447.0810429583415,10277.675469245429,7625.824530754572,8951.75,8171.7,-0.030404040404040433,0
2020-03-03,10200.0,10200.0,9951.0,10018.0,349571569069,34894364,4067,9820.0,10109.0,73.38961707119407,533.4668220619369,464.3581987790606,10398.187531174535,7716.912468825462,9057.55,8229.5,-0.031556039173014194,0
2020-03-04,10245.0,10304.0,10072.0,10200.0,286979261414,28134390,3291,10018.0,10267.0,74.96896064184794,555.043508574805,482.4952607382095,10494.351466782638,7864.448533217361,9179.4,8284.24,-0.09087367293269699,0
2020-03-07,10710.0,10710.0,10193.0,10506.0,252620390718,24045795,5392,10200.0,10200.0,72.9906471806643,560.2783084515559,498.0518702808788,10550.8372556916,8032.8627443084015,9291.85,8333.1,-0.049215686274509785,0
2020-03-09,9991.0,10040.0,9981.0,9982.0,215973816181,21636538,2388,10506.0,9981.0,66.78683717638917,540.5246239281914,506.54642101034136,10559.776060417804,8207.523939582195,9383.65,8379.36,0.05660755435327114,1
2020-03-10,9483.0,9999.0,9483.0,9625.0,259002634604,26908378,3994,9982.0,9599.0,57.59175675270758,488.41533122267356,502.92020305280784,10528.404756343181,8361.29524365682,9444.85,8419.2,0.030732367954995343,0
2020-03-11,9628.0,10100.0,9625.0,9825.0,204746237093,20838736,3972,9625.0,9790.0,60.51867794760794,457.2594428497141,493.7880510121891,10478.208336767644,8558.991663232357,9518.6,8463.68,0.026046986721143917,0
2020-03-14,9700.0,9785.0,9334.0,9454.0,441879830315,46740671,5107,9825.0,9334.0,51.39807125297288,391.2625565991111,473.2829521295736,10438.907247322448,8661.69275267755,9550.3,8500.36,0.07713734733233335,1
2020-03-15,9379.0,9884.0,9050.0,9566.0,360415195897,37675879,6268,9454.0,9698.0,56.97251437514227,364.13379892015837,451.4531214876905,10438.750139121303,8731.649860878699,9585.2,8542.92,0.029181274489585407,0
2020-03-18,10044.0,10546.0,10044.0,10414.0,474447414427,45559535,3464,9566.0,10546.0,66.58728456224196,406.3761249674717,442.43772218364677,10585.005018694914,8714.494981305086,9649.75,8601.46,-0.036601555091978044,0
2020-03-24,10688.0,10688.0,9894.0,9931.0,357842738721,36032744,6302,10414.0,9894.0,56.19063699407391,382.829501500637,430.51607804704486,10602.923857886493,8763.676142113505,9683.3,8644.36,0.07267030523549622,1
2020-03-25,9995.0,10141.0,9900.0,10053.0,120012841153,11937817,3431,9931.0,10045.0,57.83270738510252,372.0641469155016,418.8256918207362,10611.544610117595,8859.655389882406,9735.6,8697.82,0.03683424589347939,0
2020-03-28,10225.0,10225.0,9830.0,9986.0,226647963040,22696234,7115,10053.0,10054.0,57.933913600951065,360.10765375717165,407.08208420802333,10570.802453066715,9025.797546933283,9798.3,8750.94,0.02635766858961608,0
2020-03-29,10180.0,10218.0,9911.0,10054.0,230687902937,22945212,4618,9986.0,9981.0,56.74426559058363,340.8128781629566,393.82824299901,10500.954713314715,9206.745286685285,9853.85,8805.52,0.07203687005310089,1
2020-03-30,10000.0,10418.0,9871.0,10110.0,144572224899,14299645,3024,10054.0,10160.0,58.969167157381634,336.0911835730385,382.28083111381574,10479.977051420707,9327.422948579295,9903.7,8860.72,0.08267716535433078,1
2020-04-04,10111.0,10615.0,10111.0,10571.0,312430995917,29555620,4519,10110.0,10613.0,64.01383456210706,364.69850338352626,378.76436556775786,10570.233442452767,9358.566557547232,9964.4,8924.36,0.08602657118628088,1
2020-04-05,10700.0,10700.0,10160.0,10551.0,117524445464,11140597,3286,10571.0,10415.0,60.51184938187041,367.1606655896485,376.443625572136,10625.960119056228,9366.939880943773,9996.45,8976.62,0.15180028804608736,1
2020-04-06,10603.0,10603.0,10070.0,10321.0,138426768716,13411577,2696,10551.0,10319.0,58.83134381483278,357.2474232657896,372.60438511086676,10658.70963737985,9369.190362620151,10013.95,9024.12,0.22046709952514787,1
2020-04-07,10203.0,10837.0,10203.0,10586.0,318005232032,30040671,4503,10321.0,10700.0,63.1994417068813,375.8026046557479,373.24402901984297,10747.823870923872,9392.176129076128,10070.0,9080.12,0.2357009345794392,1
2020-04-08,10830.0,11115.0,10679.0,10978.0,252310488347,22983342,3447,10586.0,11000.0,66.237147859212,409.9891130990982,380.59304583569406,10906.639045514072,9353.860954485928,10130.25,9141.74,0.21727272727272728,1
2020-04-11,11130.0,11526.0,11000.0,11425.0,296505669882,25953113,2292,10978.0,11526.0,70.7898960346846,474.061287941051,399.2866942567655,11188.97610462085,9234.123895379149,10211.55,9214.48,0.21308346347388518,1
2020-04-12,11994.0,11996.0,11800.0,11995.0,237485412292,19799201,1627,11425.0,11996.0,74.14479390036354,556.3507549774367,430.6995064008998,11552.697160725967,9059.102839274032,10305.9,9296.62,0.17372457485828607,1
2020-04-13,12594.0,12594.0,12561.0,12594.0,387856313524,30797170,2629,11995.0,12594.0,77.66046570019576,662.1860837953755,476.996821879795,12018.223543012036,8826.276456987964,10422.25,9392.7,0.21946958869302846,1
2020-04-14,12850.0,13223.0,12597.0,13094.0,354802763902,27096562,5348,12594.0,13222.0,80.63798162217637,787.6560869000823,539.1286748838525,12576.759022140628,8569.940977859373,10573.35,9505.46,0.25003781576160944,1
2020-04-15,13360.0,13748.0,12600.0,13317.0,313200859876,23519672,5293,13094.0,13390.0,81.35396159241326,890.3843675445096,609.3798134159839,13070.592349994848,8417.007650005151,10743.8,9620.66,0.29492158327109785,1
2020-04-18,13982.0,13982.0,13800.0,13975.0,175054420242,12525842,2949,13317.0,13982.0,83.64854457370859,1007.9477285332268,689.0933964394326,13619.438319190329,8306.461680809673,10962.95,9748.48,-0.13774853382920893,0
2020-04-19,14673.0,14673.0,14022.0,14627.0,688614659257,47078601,7429,13975.0,14080.0,83.99956946593737,1096.386854908622,770.5520881332704,14099.93643965969,8254.963560340311,11177.45,9880.46,-0.10099431818181814,0
2020-04-20,15000.0,15358.0,14778.0,14992.0,103200721048,6830915,1218,14627.0,15358.0,87.70605446071852,1255.1310495912421,867.4678804248649,14794.336853427945,8162.963146572054,11478.65,10036.24,-0.13465294960281282,0
2020-04-25,15741.0,16528.0,15741.0,16517.0,413208687613,25016447,2910,14992.0,16528.0,89.99179298854767,1458.5331274811451,985.6809298361211,15692.143609239958,7948.156390760041,11820.15,10207.42,-0.15573572120038726,0
2020-04-26,17342.0,17342.0,16800.0,17247.0,1098655511036,63700869,13832,16517.0,17339.0,91.21153496223647,1665.9674263694578,1121.7382291427884,16665.100815705344,7654.499184294654,12159.8,10395.5,-0.1550262414210739,0
2020-05-04,12056.0,12056.0,12056.0,12056.0,120003253920,9953820,559,11482.0,12056.0,49.171159894066754,1388.0658949985427,1175.0037623139392,16652.689386047554,7883.110613952444,12267.9,10476.22,0.2713171864631718,1
2020-05-05,12658.0,12658.0,12658.0,12658.0,530151216600,41882700,1652,12056.0,12658.0,51.892187756850284,1202.5411522435697,1180.5112402998654,16664.728499546796,8132.371500453201,12398.55,10569.52,0.16163690946437037,1
2020-05-06,13290.0,13290.0,13290.0,13290.0,755043813120,56812928,4587,12658.0,13290.0,54.63769845979202,1093.8987908002873,1163.1887503999499,16702.22345412622,8418.476545873782,12560.35,10678.72,0.13702031602708797,1
2020-05-09,13954.0,13954.0,13954.0,13954.0,162803369238,11667147,524,13290.0,13954.0,57.38915920985495,1049.2827094324693,1140.4075422064539,16765.882978076046,8752.117021923956,12759.0,10798.78,0.06865414934785719,1
2020-05-10,14651.0,14651.0,14651.0,14598.0,122173297155,8338905,452,13954.0,14651.0,60.12339403078011,1057.9705920140095,1123.9201521679652,16884.625875959817,9082.47412404018,12983.55,10928.9,-0.003276226878711319,0
2020-05-11,15327.0,15327.0,15327.0,15327.0,246063934233,16054279,750,14598.0,15327.0,62.62811478077433,1106.6466186290145,1120.465445460175,17088.439210932414,9350.060789067586,13219.25,11067.94,-0.021530632217655166,0
2020-05-12,16093.0,16093.0,14561.0,15425.0,2607476089419,169040501,24821,15327.0,14704.0,58.9529827648909,1082.4737435424358,1112.8671050766272,17128.940565916637,9738.459434083365,13433.7,11195.72,-0.0338683351468988,0
2020-05-13,15320.0,16196.0,14654.0,15696.0,2014758953074,128359176,13698,15425.0,15111.0,60.580428621623746,1083.6662346450594,1107.0269309903138,17144.260391591357,10202.339608408642,13673.3,11323.94,-0.08808153001125008,0
2020-05-16,15100.0,15187.0,14912.0,14949.0,370635293730,24792954,2722,15696.0,14912.0,59.34155440655233,1056.376405911844,1096.8968259746198,17110.18727177171,10657.61272822829,13883.9,11442.18,-0.12151287553648071,0
2020-05-17,14202.0,14944.0,14202.0,14283.0,1367783953737,95765350,10562,14949.0,14603.0,57.379366006402606,998.3074357543464,1077.178947930565,17016.87213991907,11111.22786008093,14064.05,11549.14,-0.1470930630692323,0
2020-05-18,14997.0,14997.0,14500.0,14953.0,676409993169,45234896,6479,14283.0,14997.0,59.23050709748993,972.8652803801888,1056.3162144204898,16973.36675906341,11501.83324093659,14237.6,11664.62,-0.127625525105021,0
2020-05-19,15620.0,15620.0,14206.0,14493.0,576589876432,39784559,8602,14953.0,14206.0,54.14597772103945,878.7454688433972,1020.8020653050713,16884.007009335393,11812.192990664607,14348.1,11768.76,-0.05061241728846966,0
2020-05-20,13950.0,14238.0,13769.0,13789.0,486141435315,35254979,5149,14493.0,13780.0,51.5780205293306,761.0077763989757,968.8432075238522,16829.368736378816,11985.431263621183,14407.4,11868.36,-0.037010159651669094,0
2020-05-23,13100.0,13590.0,13100.0,13110.0,215551453222,16441752,3573,13789.0,13100.0,47.68996399648291,605.8456780291435,896.2437016249106,16835.762577242953,11966.837422757046,14401.3,11952.96,0.06862595419847328,1
2020-05-26,12455.0,13100.0,12455.0,12460.0,178693000000,14341579,2846,13102.0,12455.0,44.28028282248091,425.922715739056,802.1795044477396,16898.35364611665,11810.746353883347,14354.55,12018.8,0.1681252509032518,1
2020-05-27,11841.0,13083.0,11841.0,12845.0,263603010627,20521570,4184,12460.0,13083.0,48.16612424106171,330.20047786802934,707.7836991317977,16909.30462937549,11709.89537062451,14309.6,12092.48,0.1640296568065429,1
2020-05-30,13485.0,13487.0,13468.0,13487.0,325611455873,24143316,3142,12845.0,13487.0,50.555059776407504,283.66937437514207,622.9608341804666,16902.875578432668,11657.024421567334,14279.95,12166.74,0.16156298657966928,1
2020-05-31,14140.0,14140.0,12815.0,13543.0,227279786360,16781858,4408,13487.0,13270.0,49.242279779576734,226.67014087643656,543.7026955196607,16784.707448295576,11566.392551704423,14175.55,12232.76,0.14287867370007534,1
2020-06-01,13010.0,14220.0,13010.0,13857.0,297998979424,21505535,4152,13543.0,13999.0,53.60126999114332,237.58333239880085,482.47882289548875,16424.636562546708,11673.563437453293,14049.1,12321.16,0.050932209443531606,1
2020-06-02,14135.0,14549.0,14135.0,14504.0,297146129455,20486481,2282,13857.0,14549.0,56.62760521667348,287.30069518813434,443.4431973540179,15767.185680391663,12052.014319608337,13909.6,12416.24,0.04886933809883831,0
2020-06-06,15229.0,15229.0,14900.0,15225.0,331834676072,21795865,3241,14504.0,15229.0,60.093280539301524,377.22397720042136,430.1993533232986,15803.456601530848,12333.043398469152,14068.25,12522.82,0.011885218990084656,0
2020-06-07,15979.0,15986.0,15586.0,15961.0,541283888201,33913884,4980,15225.0,15666.0,62.184508736747475,478.23824114508716,439.80713088765634,15960.276053432914,12477.023946567086,14218.65,12633.96,-0.05336397293501849,0
2020-06-08,16759.0,16759.0,15163.0,15486.0,585764801969,37826593,7017,15961.0,15166.0,58.41281202760625,512.044422399229,454.25458918997094,16045.967750124399,12578.932249875603,14312.45,12731.94,-0.05710141105103517,0
2020-06-09,15100.0,15800.0,14712.0,14942.0,468804630683,31374057,5476,15486.0,14712.0,55.14234113891913,496.47895845419043,462.69946304281484,16084.007668052252,12616.692331947748,14350.35,12822.18,0.03384991843393159,0
2020-06-10,14820.0,15689.0,14820.0,15438.0,376103573176,24362718,5972,14942.0,15260.0,58.18559044354023,522.3410142413632,474.6277732825246,16155.41957613354,12606.180423866459,14380.8,12927.76,0.038663171690694664,0
2020-06-13,15990.0,15990.0,15400.0,15610.0,370806854630,23748146,6636,15438.0,15410.0,59.00541848508307,548.6165164764261,489.4255219213049,16168.765402443983,12601.134597556018,14384.95,13043.98,0.07981829980532118,1
2020-06-14,15440.0,15440.0,14830.0,14910.0,515395276280,34574741,7413,15610.0,14830.0,54.551664493880274,516.6828898346521,494.87699550397434,16180.410124191347,12602.089875808653,14391.25,13144.78,0.1631827376938637,1
2020-06-15,14850.0,15000.0,14170.0,14490.0,441838475900,30497632,8062,14910.0,14300.0,50.77978550412692,443.4963403023812,484.60086446365574,16109.271590807828,12592.128409192173,14350.7,13244.1,0.26293706293706287,1
2020-06-16,14300.0,15210.0,14290.0,15100.0,908941271920,60197070,7145,14490.0,15210.0,56.35924587803017,453.6949543121136,478.41968243334736,16147.832801851762,12583.367198148238,14365.6,13354.34,0.24654832347140032,1
2020-06-20,15850.0,15850.0,15850.0,15850.0,570896014600,36018676,4396,15100.0,15850.0,59.809824030930784,507.56913959823214,484.24957386632434,16322.737742729094,12533.162257270908,14427.95,13460.42,0.23596214511041014,1
2020-06-21,16540.0,16640.0,15720.0,16430.0,932836766330,56764568,9759,15850.0,16640.0,63.63231986618073,607.0139384452104,508.8024467821016,16626.014828152696,12394.185171847304,14510.1,13595.34,0.19591346153846145,1
2020-06-22,17240.0,17250.0,16700.0,17200.0,854813034740,49684624,7476,16430.0,17250.0,66.29778488096767,726.6699610353498,552.3759496327513,17084.561596111478,12240.03840388852,14662.3,13739.44,0.10144927536231885,1
2020-06-23,18060.0,18060.0,18060.0,18060.0,389880598380,21588073,3053,17200.0,18060.0,69.49497618859479,876.7518025400423,617.2511202142095,17675.826681422528,12076.77331857747,14876.3,13899.56,0.11461794019933547,1
2020-06-24,18000.0,18960.0,17270.0,18660.0,710446550620,38072506,4697,18060.0,18960.0,72.60474239451769,1056.140689160071,705.0290340033819,18362.766210874444,11975.833789125554,15169.3,14079.14,0.1128691983122363,1
2020-06-27,19590.0,19590.0,19590.0,19590.0,300356779320,15332148,2711,18660.0,19590.0,74.55980024112444,1234.9081565784982,811.0048585184052,19008.028889941317,12044.071110058683,15526.05,14267.74,0.07605921388463499,1
2020-06-28,20560.0,20560.0,18730.0,19920.0,1120310316330,56236457,11989,19590.0,19900.0,75.48682146924797,1385.6244554780787,925.9287779103399,19647.382926822596,12086.417073177405,15866.9,14453.48,0.21155778894472355,1
2020-06-29,19490.0,20150.0,18930.0,19180.0,686171779880,35766093,9517,19920.0,19000.0,67.76627127018429,1416.1215619609084,1023.9673347204537,19992.043186121682,12293.056813878316,16142.55,14625.18,0.2236842105263157,1
2020-06-30,19720.0,20130.0,19660.0,20100.0,634112694800,31550487,4846,19180.0,20130.0,71.68237792317817,1514.0196190404931,1121.9777915844616,20470.22622147615,12500.87377852385,16485.55,14821.4,0.10779930452061603,1
2020-07-01,21060.0,21100.0,20600.0,21090.0,909026949720,43102004,5970,20100.0,21100.0,74.54163051686548,1650.8455085582245,1227.7513349792143,21129.591275346407,12551.60872465359,16840.6,15029.4,0.06161137440758302,1
2020-07-04,22140.0,22140.0,20040.0,21040.0,1145042189980,54417814,16046,21090.0,21080.0,74.37488085186862,1737.6367837238722,1329.728424728146,21696.291520199804,12638.008479800199,17167.15,15231.0,0.030834914611005626,0
2020-07-12,25370.0,25370.0,24110.0,24470.0,974302638850,39815159,6094,20460.0,24110.0,81.22667835104487,2027.5429191530966,1469.291323613136,22960.382128138655,12262.017871861348,17611.2,15482.68,-0.06304437992534218,0
2020-07-13,23600.0,24460.0,23250.0,23420.0,1254421296890,53562494,16775,24470.0,23250.0,75.08963586088194,2162.9674649263907,1608.026551875787,23790.48890966321,12190.311090336792,17990.4,15707.76,-0.01505376344086018,0
2020-07-14,23890.0,24310.0,22250.0,23010.0,1073947775190,46675424,13769,23420.0,22300.0,68.89706486379256,2168.6366393649914,1720.1485693736279,24284.370009019152,12409.829990980845,18347.1,15901.88,-0.0017937219730941312,0
2020-07-15,21960.0,23170.0,21860.0,22200.0,1151881434230,51881901,13312,23010.0,22400.0,69.18514426988227,2156.3417003711365,1807.3871955731297,24673.093304829814,12789.906695170186,18731.5,16085.44,-0.0267857142857143,0
2020-07-18,21090.0,22000.0,21090.0,21520.0,562972067270,26161559,9500,22200.0,21730.0,64.85115305482225,2068.6879253717198,1859.6473415328478,24909.21728329233,13200.782716707668,19055.0,16252.24,0.04878048780487809,0
2020-07-19,22100.0,22590.0,22100.0,22580.0,1167661071170,51716319,5851,21520.0,22590.0,67.65224671039431,2045.0425127611052,1896.7263757784992,25210.41061347441,13617.58938652559,19414.0,16424.4,-0.021691013722886288,0
2020-07-20,23700.0,23700.0,21900.0,23430.0,1259221777980,53744331,15178,22580.0,22900.0,68.62292849659093,2027.9409215389824,1922.9692849305961,25400.95368029493,14234.046319705072,19817.5,16600.8,-0.060698689956331875,0
2020-07-21,22600.0,23370.0,22260.0,22450.0,765590244910,34105270,10054,23430.0,22260.0,64.33096714490148,1940.3776700511153,1926.4509619547,25279.68196750464,15151.318032495361,20215.5,16738.84,-0.05660377358490565,0
2020-07-22,22440.0,23290.0,21330.0,21790.0,521008409960,23908328,7079,22450.0,21800.0,61.36041367047274,1812.9662602523495,1903.7540216142302,25095.030769126657,15994.969230873343,20545.0,16844.28,-0.053669724770642246,0
2020-07-25,22500.0,22870.0,22100.0,22810.0,983650853280,43117610,8646,21790.0,22790.0,65.09596707889082,1771.4562809484487,1877.294473481074,24993.285652085146,16790.714347914854,20892.0,16953.3,-0.05616498464238706,0
2020-07-26,23680.0,23680.0,22000.0,22640.0,450579952430,19902814,6333,22810.0,22100.0,60.69192014106357,1663.7039463833025,1834.5763680615198,24797.957472913717,17532.042527086283,21165.0,17154.18,-0.0339366515837104,0
2020-07-27,21760.0,22140.0,21510.0,21600.0,706549186120,32703925,7257,22640.0,21510.0,57.13258151303,1513.2574854404302,1770.3125915373018,24536.36413353491,18219.63586646509,21378.0,17331.22,-0.02092050209205021,0
2020-07-28,21900.0,22350.0,20550.0,21390.0,577973001580,27020518,6488,21600.0,21000.0,54.17497755976871,1337.4574663491148,1683.7415664996645,24302.693287603903,18747.306712396097,21525.0,17485.42,-0.01571428571428568,0
2020-07-29,20550.0,21300.0,20330.0,20490.0,574574849280,28041332,6545,21390.0,20630.0,52.06900979101215,1154.9650586126227,1577.9862649222564,24164.28774549058,19052.71225450942,21608.5,17618.94,0.02811439650993708,0
2020-08-01,21140.0,21510.0,20980.0,21420.0,728207462640,34004175,6582,20490.0,21510.0,56.40924260884222,1069.0241117123805,1476.1938342802814,24088.24893812244,19320.75106187756,21704.5,17756.12,0.020455602045560184,0
2020-08-02,22460.0,22490.0,20900.0,22160.0,578676561530,26110334,7954,21420.0,21350.0,55.426508252991944,976.7453172838432,1376.3041308809939,24020.908197765653,19533.091802234347,21777.0,17876.58,-0.025761124121779888,0
2020-08-03,21120.0,21950.0,21060.0,21260.0,333834760370,15702662,5558,22160.0,21060.0,53.60369045808751,870.182212620075,1275.0797472288102,23764.982758541824,19995.017241458176,21880.0,18003.7,-0.038461538461538436,0
2020-08-04,21000.0,21000.0,20400.0,20650.0,411916751160,19951192,6612,21260.0,20670.0,51.166643160957854,745.6648831812818,1169.1967744193046,23704.37697770945,20109.62302229055,21907.0,18114.88,-0.06821480406386071,0
2020-08-05,20700.0,21300.0,20310.0,20910.0,452729113340,21650732,6595,20650.0,21210.0,54.26700743641814,682.6878885134938,1071.8949972381424,23700.61492919218,20124.38507080782,21912.5,18240.84,-0.12116925978312121,0
2020-08-09,21850.0,21950.0,21210.0,21890.0,993357042340,45370079,8955,20910.0,21950.0,58.18489509543588,684.5983583491179,994.4356694603376,23702.8417215077,20209.1582784923,21956.0,18387.78,-0.18678815489749434,0
2020-08-10,22000.0,22360.0,20800.0,21310.0,579041722070,27171991,7704,21890.0,20800.0,50.88872820180705,586.5555827690623,912.8596521220826,23300.870484351406,20280.129515648594,21790.5,18503.84,-0.13076923076923075,0
2020-08-11,20250.0,20700.0,20250.0,20270.0,382825738420,18889127,3256,21310.0,20250.0,47.801454403730354,459.1824043770648,822.1242025730792,23137.102485631982,20143.897514368018,21640.5,18624.72,-0.08395061728395059,0
2020-08-12,20350.0,21060.0,19260.0,19600.0,308048107170,15715655,3067,20270.0,19260.0,42.77148786118573,275.18139675510247,712.735641409484,23275.612475475384,19701.387524524616,21488.5,18734.32,-0.07009345794392519,0
2020-08-15,18650.0,19000.0,18620.0,18620.0,497809710430,26728076,3433,19600.0,18640.0,39.93720718839582,78.42640335607575,585.8737937988024,23423.945078168887,19177.054921831113,21300.5,18845.12,-0.018776824034334783,0
2020-08-16,17950.0,18600.0,17690.0,17750.0,499714259600,28154089,5119,18620.0,17850.0,36.608395152553214,-139.6400604563387,440.77102294777416,23695.47103112406,18517.52896887594,21106.5,18953.02,-0.011204481792717047,0
2020-08-17,17000.0,18630.0,17000.0,18100.0,257284713020,14214810,4941,17750.0,18080.0,38.22284628797117,-290.55093597368614,294.5066311634821,23690.120146949837,18071.879853050163,20881.0,19052.96,-0.009402654867256666,0
2020-08-18,19000.0,19000.0,18210.0,18850.0,222483437140,11800026,4577,18100.0,18550.0,41.50147886980306,-367.9819531343019,162.00891430392528,23487.215814312654,17839.784185687346,20663.5,19154.22,-0.019407008086253397,0
2020-08-19,18090.0,18400.0,17910.0,17940.0,308856936550,17212637,3631,18850.0,17910.0,38.504759531899,-475.50788449222455,34.5055545446953,23410.9175367958,17481.0824632042,20446.0,19247.02,0.059184812953657184,1
2020-08-22,18820.0,18830.0,17940.0,18570.0,544082822520,29295197,6200,17940.0,18290.0,41.218757782618944,-524.0195642228791,-77.1994692088196,23308.68021190304,17232.31978809696,20270.5,19332.84,0.08857299070530344,1
2020-08-23,18890.0,18940.0,17650.0,17710.0,538659652940,30408911,3151,18570.0,17650.0,38.16382918890132,-607.1096886360974,-183.18151309427515,23025.17245895019,17001.82754104981,20013.5,19394.86,0.07082152974504252,1
2020-08-24,17650.0,18300.0,16830.0,17330.0,626749722880,36168585,5215,17710.0,17910.0,40.1059138776007,-644.5494192887745,-275.45509433317505,22788.770677958186,16819.229322041814,19804.0,19448.48,0.08877721943048567,1
2020-08-25,18190.0,18190.0,18190.0,18070.0,104371436930,5737847,735,17330.0,18190.0,42.21086088913086,-644.2010667313152,-349.2042888128031,22593.933693437473,16682.066306562527,19638.0,19498.96,0.09565695437053323,1
2020-08-26,18970.0,18970.0,18970.0,18970.0,346075932160,18243328,1039,18070.0,18970.0,47.72264370575439,-574.3645960184222,-394.2363502539269,22437.28799638975,16635.71200361025,19536.5,19575.04,0.10279388508170806,1
2020-08-31,19910.0,19910.0,19000.0,19790.0,748072642190,37804497,6199,18970.0,19910.0,53.48094859689906,-438.1181919440023,-403.012718591942,22363.73924952122,16637.26075047878,19500.5,19679.0,-0.0045203415369161615,0
2020-09-01,19750.0,19750.0,18810.0,18910.0,633835964470,33520931,3954,19790.0,18900.0,47.435077821536154,-406.94943442764634,-403.8000617590829,22089.286671169255,16650.713328830745,19370.0,19751.8,0.005291005291005346,0
2020-09-02,18200.0,19580.0,18120.0,18990.0,511922908490,26957804,5375,18910.0,19500.0,50.9803114952235,-330.0286194569708,-389.0457732986605,21842.572123742084,16712.427876257916,19277.5,19833.6,0.02717948717948726,0
2020-09-05,19930.0,19930.0,19930.0,19930.0,186193852630,9342391,1736,18990.0,19930.0,53.40571170596056,-231.70001947188575,-357.57662253330557,21673.85874032703,16768.14125967297,19221.0,19935.6,0.0471650777722028,0
2020-09-06,20920.0,20920.0,19950.0,20860.0,1499189284250,71857457,9922,19930.0,20920.0,58.4971679840241,-73.04712752377964,-300.67072353140037,21718.11083471813,16748.88916528187,19233.5,20068.0,0.04732313575525815,0
2020-09-07,20000.0,21100.0,19820.0,19990.0,563018185450,28162768,3970,20860.0,19820.0,51.7329340279353,-35.66327055561851,-247.66923293624401,21496.692864480596,16831.307135519404,19164.0,20160.2,0.15893037336024207,1
2020-09-08,19000.0,20490.0,19000.0,19080.0,805551253110,42209458,4854,19990.0,19000.0,47.33848913740426,-71.38061030357858,-212.41150840971093,20967.769074217755,17065.230925782245,19016.5,20223.2,0.2657894736842106,1
2020-09-09,18710.0,20030.0,18710.0,19880.0,592056825370,29783325,5435,19080.0,20030.0,52.76598870145283,-16.38558463256777,-173.2063236542823,20813.969498656934,17142.030501343066,18978.0,20291.0,0.25162256615077383,1
2020-09-12,20870.0,20870.0,20870.0,20870.0,276057632820,13227486,937,19880.0,20870.0,56.68661420627379,93.8969635100475,-119.78566622141635,20947.885246732927,17070.114753267073,19009.0,20363.4,0.261140392908481,1
2020-09-13,21910.0,21910.0,21060.0,21880.0,2315743286970,105825329,13833,20870.0,21910.0,61.00255450004768,262.1935814165445,-43.38981669382418,21456.583367829044,16826.416632170956,19141.5,20440.4,0.14057507987220452,1
2020-09-14,22790.0,22970.0,22000.0,22910.0,1248292897240,54488628,6942,21880.0,22970.0,64.84731272198195,475.6203495037771,60.41221654569608,22195.834385583268,16520.165614416732,19358.0,20520.6,0.054854157596865516,1
2020-09-15,24050.0,24050.0,24050.0,23880.0,123857235450,5149989,962,22910.0,24050.0,68.278818988279,723.5687250763549,193.04351825182783,23076.381434053255,16259.618565946746,19668.0,20609.8,0.016632016632016633,0
2020-09-16,25070.0,25070.0,25070.0,25070.0,463041044820,18469926,2445,23880.0,25070.0,71.1438285455764,990.9519968203858,352.62521396553944,24074.64616448546,15960.353835514541,20017.5,20713.2,-0.022736338252891897,0
2020-09-19,26320.0,26320.0,25600.0,26300.0,2993840892600,113815694,14517,25070.0,26320.0,74.21711323737087,1288.8625146047925,539.8726740933901,25240.28340087745,15571.716599122548,20406.0,20859.6,-0.0957446808510638,0
2020-09-20,26310.0,26900.0,24990.0,25500.0,1415037939200,55496838,11891,26300.0,24990.0,66.14499719341035,1401.483432930414,712.1948258607949,25841.893347955996,15678.106652044004,20760.0,20956.8,-0.08603441376550625,0
2020-09-21,24230.0,24230.0,24230.0,24230.0,190593834210,7866027,1035,25500.0,24230.0,61.99554777390827,1413.1210933515613,852.3800793589483,26220.410113481164,15893.589886518837,21057.0,21019.4,-0.09038382170862569,0
2020-09-22,24000.0,25110.0,23020.0,23570.0,2332092512430,98963823,13588,24230.0,24450.0,62.72451918874046,1423.684831933926,966.6410298739438,26513.577371642074,16280.422628357926,21397.0,21086.8,-0.08261758691206544,0
2020-09-23,24700.0,24740.0,23050.0,24280.0,951326796890,39179845,9493,23570.0,24500.0,62.89869874116445,1419.7255407157354,1057.2579320423022,26750.34026418037,16702.65973581963,21726.5,21094.6,-0.06285714285714283,0
2020-09-26,24600.0,25390.0,23070.0,24040.0,760049100280,31615361,7827,24280.0,23800.0,58.75906861882254,1344.603867644888,1114.7271191628195,26832.221652939894,17181.778347060106,22007.0,21105.6,0.003361344537815114,0
2020-09-27,22840.0,23230.0,22840.0,23190.0,81046271960,3547062,927,24040.0,22840.0,53.553527988843,1193.843538399702,1130.550403010196,26829.441455667817,17571.558544332183,22200.5,21116.4,-0.011383537653239961,0
2020-09-28,22040.0,22050.0,22040.0,22040.0,699593272600,31741959,2834,23190.0,22040.0,49.60933816869419,998.3037529409412,1104.1010729963452,26816.72327310669,17797.27672689331,22307.0,21109.2,0.035843920145190555,0
2020-09-29,21050.0,23030.0,21000.0,21870.0,982967566400,44947699,7063,22040.0,22430.0,51.48521007770224,864.8374964938666,1056.2483576958496,26713.68805728542,18253.31194271458,22483.5,21123.2,0.007579135086937194,0
2020-09-30,22960.0,22960.0,21870.0,22750.0,733951790560,32257146,4789,21870.0,22960.0,53.99180556479258,792.6934209698702,1003.5373703506538,26661.48826465201,18651.51173534799,22656.5,21130.6,-0.04398954703832758,0
2020-10-03,23300.0,23880.0,22900.0,23750.0,670855564030,28241448,5380,22750.0,23880.0,58.04408968568923,800.5270550069763,962.9353072819183,26687.606135220518,19020.393864779482,22854.0,21150.2,-0.07705192629815749,0
2020-10-04,23750.0,23780.0,22570.0,22850.0,843442730980,36906904,6386,23750.0,22580.0,51.183869966004266,693.8379984262829,909.1158455107914,26670.085051267975,19203.914948732025,22937.0,21156.6,-0.05668733392382641,0
2020-10-05,22100.0,22850.0,21710.0,21850.0,515926291990,23607401,4307,22850.0,22830.0,52.35020257868846,622.2857404393981,851.7498244965128,26537.786220011392,19637.213779988608,23087.5,21177.2,-0.07928164695576001,0
2020-10-06,21890.0,22790.0,21110.0,21950.0,434096682080,19773232,4589,21850.0,22600.0,51.139634541196024,540.7871253164631,789.5572846605029,26179.694189953785,20355.305810046215,23267.5,21173.4,-0.09292035398230092,0
2020-10-07,22790.0,22790.0,21680.0,22030.0,331871395580,15065856,4516,21950.0,21950.0,47.777142883900474,418.9202658860522,715.4298809056128,25950.948743453795,20776.051256546205,23363.5,21170.4,-0.10250569476082005,0
2020-10-10,21580.0,22090.0,20930.0,21530.0,597935072470,27773195,5806,22030.0,22040.0,48.284181266049465,325.84599976950994,637.5131046783922,25827.83124927761,21016.16875072239,23422.0,21181.0,-0.16061705989110708,0
2020-10-11,21990.0,22540.0,21000.0,22120.0,367790183980,16628747,5972,21530.0,21300.0,44.46174214689427,190.17988244435764,548.0464602315853,25887.026197017505,20895.973802982495,23391.5,21187.0,-0.17370892018779338,0
2020-10-12,21320.0,21980.0,21020.0,21260.0,230181308580,10824670,3355,22120.0,21020.0,43.07228668843642,59.385290438105585,450.3142262728894,25991.942920078294,20596.057079921706,23294.0,21194.8,-0.17459562321598476,0
2020-10-13,20610.0,21000.0,20200.0,20290.0,777439976520,38324954,6722,21260.0,20500.0,40.53857811473523,-85.24734193645781,343.20191263102004,26049.050255323942,20183.949744676058,23116.5,21174.6,-0.18536585365853664,0
2020-10-14,20000.0,20180.0,19280.0,19470.0,326689582180,16779476,4592,20290.0,19700.0,36.93851971213029,-261.4096910397566,222.2795918968647,25991.683190145024,19704.316809854976,22848.0,21141.6,-0.19187817258883244,0
2020-10-18,18650.0,19110.0,18500.0,18520.0,286375583110,15466929,2657,19470.0,18500.0,32.30429354741207,-492.1760934307749,79.38845483133679,25719.098097850554,19194.901902149446,22457.0,21090.4,-0.1794594594594595,0
2020-10-19,17600.0,17600.0,17600.0,17600.0,162151721600,9213166,869,18520.0,17600.0,29.332039386066413,-739.1620087692572,-84.32163788878202,25765.81958916025,18409.18041083975,22087.5,21029.0,-0.17954545454545456,0
2020-10-20,16720.0,17500.0,16720.0,16740.0,358021296010,21390859,2539,17600.0,17350.0,28.54633665702353,-944.1890135641479,-256.2951130238552,25821.172252646094,17665.827747353906,21743.5,20951.8,-0.13602305475504328,0
2020-10-21,17350.0,17500.0,16140.0,16750.0,250826292910,14970667,3506,16740.0,16700.0,26.554677297404098,-1145.9145698728025,-434.2190043936447,25788.73459616067,16923.26540383933,21356.0,20846.8,-0.08443113772455091,0
2020-10-24,16320.0,17210.0,15920.0,15960.0,246310418070,15433562,1920,16750.0,15920.0,24.358436213977683,-1353.1250248739088,-618.0002084896976,25706.753550132005,16147.246449867995,20927.0,20749.2,-0.03894472361809043,0
2020-10-26,15170.0,15590.0,15170.0,15180.0,321504123390,21176684,3090,15960.0,15180.0,22.460505677327347,-1559.0805092779265,-806.2162686473434,25697.708949950902,15294.2910500491,20496.0,20647.8,0.0026350461133068936,0
2020-10-27,14470.0,15180.0,14430.0,14460.0,281752598550,19489121,2341,15180.0,14440.0,20.721737212631652,-1761.7056835628064,-997.3141516304361,25784.619447817407,14367.380552182594,20076.0,20551.4,0.09833795013850422,1
2020-10-28,13860.0,15050.0,13760.0,14570.0,221637009790,15211332,3023,14460.0,14990.0,25.347488731203356,-1856.5065388166258,-1169.152629067674,25764.471031216664,13682.528968783336,19723.5,20478.4,0.004669779853235578,0
2020-10-31,15000.0,15290.0,14600.0,15270.0,245711387070,16090415,2653,14570.0,15290.0,27.821376642124278,-1885.692319556034,-1312.4605671653462,25567.2814830067,13165.7185169933,19366.5,20427.2,-0.0601700457815566,0
2020-11-01,15920.0,15920.0,14570.0,15120.0,200658589760,13271524,2317,15270.0,15300.0,27.907137929670995,-1886.2715800264414,-1427.2227697375654,25195.389487104436,12771.610512895564,18983.5,20371.6,-0.09150326797385622,0
2020-11-02,14610.0,15450.0,14600.0,15110.0,130260973000,8618830,1653,15120.0,15220.0,27.624357368506125,-1871.6112105371467,-1516.1004578974816,24540.095896218576,12560.904103781424,18550.5,20305.0,-0.05716162943495395,0
2020-11-04,15840.0,15860.0,15200.0,15850.0,180655616970,11395397,1041,15110.0,15860.0,33.4353777076159,-1787.7421323271628,-1570.428792783418,24013.1256130223,12415.874386977699,18214.5,20264.0,-0.058007566204287486,0
2020-11-07,15060.0,15060.0,15060.0,15120.0,104991241800,6971530,567,15850.0,15060.0,30.17409185124245,-1765.4772746717354,-1609.4384891610816,23371.26248251587,12280.73751748413,17826.0,20199.4,0.025232403718459473,0
2020-11-08,14370.0,14370.0,14370.0,14370.0,125852014530,8757969,463,15120.0,14370.0,27.667432705690388,-1782.9566337773522,-1644.1421180843358,22696.845975037784,12132.154024962216,17414.5,20133.8,0.0772442588726514,1
2020-11-09,13670.0,14200.0,13660.0,13670.0,371995908400,27209108,2787,14370.0,13900.0,26.07825296775198,-1813.825571723035,-1678.0788088120757,22072.765159538394,11951.234840461604,17012.0,20053.6,0.16043165467625897,1
2020-11-10,13530.0,14350.0,13530.0,14230.0,222475905410,15632762,3366,13670.0,14350.0,30.211464036668787,-1781.442824281923,-1698.7516119060454,21251.467452307326,12003.532547692674,16627.5,19976.8,0.17770034843205584,1
2020-11-11,14730.0,14940.0,13900.0,14710.0,220090970160,14962295,2624,14230.0,14940.0,35.31796281654742,-1688.7048560670155,-1696.7422607382396,20454.335219884786,12164.664780115214,16309.5,19896.2,0.18273092369477917,1
2020-11-14,15350.0,15440.0,15100.0,15310.0,106599387270,6914385,879,14710.0,15440.0,39.36699224433021,-1556.9163640916086,-1668.7770814089135,19577.5747102362,12483.4252897638,16030.5,19806.8,0.19753886010362698,1
2020-11-15,16070.0,16070.0,15100.0,15770.0,269552244010,17090855,3662,15310.0,15480.0,39.692240598319835,-1432.729752269377,-1621.5676155810065,18676.922820369356,12882.077179630644,15779.5,19738.4,0.25387596899224807,1
2020-11-16,15480.0,16450.0,15000.0,16100.0,243405084320,15116160,2973,15770.0,16130.0,44.867713598602954,-1267.2532928386318,-1550.7047510325317,17885.31959235065,13316.680407649352,15601.0,19671.0,0.24426534407935518,1
2020-11-17,16200.0,16900.0,16200.0,16830.0,285102849350,16937246,3317,16100.0,16900.0,50.30804085692869,-1061.740359748008,-1452.9118727756272,17482.926604131,13559.073395869002,15521.0,19610.4,0.11893491124260347,1
2020-11-18,17500.0,17670.0,17000.0,17610.0,268128390710,15223329,3261,16830.0,17670.0,55.08145767797192,-827.2018468166316,-1327.7698675838283,17501.441830200623,13547.558169799375,15524.5,19545.4,0.07243916242218451,1
2020-11-21,18490.0,18490.0,18490.0,18490.0,333794940720,18052728,1642,17610.0,18490.0,59.538927769191794,-568.6066945562416,-1175.937232978311,17814.80495006773,13348.19504993227,15581.5,19518.8,0.03136830719307726,0
2020-11-22,18800.0,19410.0,17580.0,19120.0,846084688400,44247151,6023,18490.0,19410.0,63.870836949356395,-286.1334932746722,-997.9764850375833,18472.99056602106,12961.00943397894,15717.0,19527.0,-0.0015455950540957941,0
2020-11-23,20070.0,20070.0,19120.0,19900.0,696262931210,34982557,8484,19120.0,20070.0,66.63094835110334,-8.912227389970212,-800.1636335080608,19271.848054803562,12577.15194519644,15924.5,19527.8,0.012954658694569021,0
2020-11-24,20390.0,20390.0,18910.0,19040.0,673075509600,35355341,6319,19900.0,18910.0,58.21331884083976,115.84987240448754,-616.9609323255512,19679.94886486165,12542.051135138348,16111.0,19488.6,0.06768905341089382,1
2020-11-25,18120.0,19650.0,18090.0,18930.0,298685023880,15777670,5197,19040.0,18950.0,58.40844059948329,215.4686130137634,-450.4750232576883,20022.626829071047,12650.373170928953,16336.5,19429.4,0.03218997361477571,0
2020-11-28,18220.0,19780.0,18220.0,19160.0,237168179290,12375606,3582,18930.0,19070.0,59.02656534646832,300.63465066474964,-300.2530884732007,20355.320965654544,12725.679034345456,16540.5,19351.4,0.09963293130571582,1
2020-11-29,19160.0,19610.0,19100.0,19370.0,276961497950,14298240,4784,19160.0,19380.0,60.65339947485303,388.66348756321895,-162.46977326591679,20705.477243969162,12784.52275603084,16745.0,19258.0,0.1222910216718267,1
2020-11-30,19820.0,20330.0,19300.0,20150.0,853595898560,42363243,8166,19370.0,20330.0,65.21186472850677,528.986211770698,-24.178576258593836,21189.97242747555,12803.02757252445,16996.5,19163.2,0.008362026561731462,0
2020-12-01,20490.0,20970.0,19550.0,20460.0,460530439890,22514094,6388,20150.0,20190.0,64.03449055455008,621.729243992846,105.00298779169414,21574.745950976547,12915.254049023453,17245.0,19040.6,-0.01733531451213477,0
2020-12-02,20170.0,20750.0,19540.0,19980.0,254183248600,12719329,4833,20460.0,19560.0,58.88254073238776,637.0495200188234,211.41229423712,21822.94889567337,13037.05110432663,17430.0,18932.0,-0.008179959100204526,0
2020-12-05,19950.0,20970.0,19470.0,20730.0,467986127160,22575338,5368,19980.0,20970.0,65.56093770325282,754.271394170024,319.98411422370083,22234.564093578403,13216.435906421597,17725.5,18866.8,-0.09632808774439672,0
2020-12-06,21100.0,21760.0,20960.0,21460.0,413494053350,19267545,6116,20730.0,21750.0,68.59933766353694,899.7384306797067,435.934977514902,22652.400722920385,13536.599277079613,18094.5,18812.8,-0.14942528735632188,0
2020-12-07,21850.0,21850.0,20390.0,20880.0,491373966090,23532379,5679,21460.0,20500.0,59.53445658049824,903.7398019544744,529.4959424028166,22664.473938598956,14184.526061401044,18424.5,18732.8,-0.12634146341463415,0
2020-12-08,19850.0,20590.0,19840.0,19960.0,590321952730,29579125,6364,20880.0,19840.0,55.37377102554079,843.926177717276,592.3819894657086,22540.40547195925,14857.594528040749,18699.0,18653.6,-0.13205645161290325,0
2020-12-09,19110.0,20330.0,18970.0,19340.0,339242528000,17540457,5759,19960.0,19400.0,52.72812200378182,752.3465441671397,624.3749004059948,22361.43948921893,15482.56051078107,18922.0,18584.8,-0.06752577319587627,0
2020-12-12,19060.0,19740.0,18470.0,19230.0,386094297500,20076802,6323,19340.0,18950.0,50.09214118788145,636.1249333325068,626.7249069912973,22144.11041158837,16050.88958841163,19097.5,18523.0,-0.016358839050131913,0
2020-12-13,18510.0,19200.0,18500.0,18830.0,325221411500,17267917,3962,19230.0,18500.0,47.5330804968063,501.9213928400495,601.7642041610477,21826.245332649974,16670.754667350026,19248.5,18444.4,-0.00216216216216214,0
2020-12-14,18830.0,19300.0,17890.0,18120.0,390812947440,21564093,4185,18830.0,17910.0,44.33505156104734,343.99073982925984,550.2095112946902,21579.462310120034,17095.537689879966,19337.5,18343.4,0.02735901730876611,0
2020-12-15,17240.0,17570.0,17220.0,17230.0,474217006280,27529338,3712,18120.0,17220.0,40.87174180099869,161.29304029283958,472.42621709432007,21529.241482805064,17177.758517194936,19353.5,18210.2,0.10569105691056913,1
2020-12-16,16610.0,18090.0,16610.0,18000.0,1100799778490,61141699,6126,17230.0,18090.0,46.542104297832076,85.71742908575106,395.0844594926063,21492.17301536351,17256.82698463649,19374.5,18120.4,0.06909894969596464,1
2020-12-19,18900.0,18900.0,18150.0,18690.0,960287193530,51393107,8739,18000.0,18640.0,49.81843732183761,69.40357495956414,329.9482825859979,21488.12060433366,17275.87939566634,19382.0,18036.6,0.0016094420600858417,0
2020-12-20,18690.0,19060.0,17920.0,18540.0,413571680940,22306545,4897,18690.0,18460.0,48.765070736835014,41.47216702640071,272.25305947407844,21478.463385881103,17190.536614118897,19334.5,17953.8,0.034127843986998974,0
2020-12-21,18020.0,18870.0,17950.0,18140.0,337177277950,18583177,3685,18540.0,18400.0,48.39772264198838,14.32964323800843,220.66837622686447,21403.941243972702,17098.058756027298,19251.0,17882.8,0.07880434782608692,1
2020-12-22,18490.0,19040.0,18170.0,18650.0,468182955020,25103756,4354,18140.0,19040.0,52.507404863624586,43.95496342388287,185.32569366626817,21407.06623531324,17107.93376468676,19257.5,17822.8,0.050945378151260545,1
2020-12-23,19300.0,19580.0,18650.0,19340.0,587458355110,30376324,5988,18650.0,19340.0,54.342982976991934,90.59639703476205,166.37983433996695,21422.12563734592,17131.87436265408,19277.0,17783.6,0.054808686659772565,1
2020-12-26,19600.0,19620.0,18600.0,18940.0,288611128190,15235035,4684,19340.0,18670.0,49.721031999064394,72.65909975513932,147.63568742300143,21416.880552252536,17097.119447747464,19257.0,17736.6,0.048205677557578985,0
2020-12-27,18940.0,19370.0,18180.0,18910.0,268241942070,14188123,3396,18940.0,19090.0,52.45114780800045,91.28191129098923,136.364932196599,21402.77660265965,17082.22339734035,19242.5,17708.4,0.047145102147721385,0
2020-12-28,19090.0,19850.0,18800.0,19650.0,635550356530,32338277,5415,18910.0,19850.0,57.00104516609993,165.4589640750237,142.18373857228394,21340.23773120023,17096.76226879977,19218.5,17711.4,-0.011083123425692731,0
2020-12-29,20300.0,20300.0,19200.0,19770.0,374225605950,18929701,15491,19650.0,20010.0,57.91408434962011,234.45284914427612,160.63756068668238,21316.151133908676,17102.848866091324,19209.5,17741.6,-0.05497251374312839,0
2020-12-30,19700.0,20700.0,19700.0,20350.0,611770354970,30056912,21564,19770.0,20400.0,60.13606847756215,316.94717107438555,191.89948276422302,21417.09714628523,17085.90285371477,19251.5,17797.6,-0.09509803921568627,0
2021-01-02,19610.0,20200.0,19340.0,19630.0,423580006310,21577059,4070,20350.0,19570.0,53.644794675902396,311.7567147965565,215.87092917068972,21206.30887986958,17156.69112013042,19181.5,17842.0,-0.0996423096576392,0
2021-01-03,19400.0,20110.0,19400.0,19760.0,305063052160,15434733,3319,19630.0,19990.0,56.22008217507261,337.64160842735873,240.22506502202353,20790.60665545765,17396.39334454235,19093.5,17907.8,-0.10405202601300645,0
2021-01-04,20640.0,20640.0,19430.0,19900.0,282223184110,14183437,3758,19760.0,19630.0,53.47764084948852,325.3560794095829,257.25126789953543,20642.017587842118,17457.982412157882,19050.0,17982.0,-0.10850738665308202,0
2021-01-05,19500.0,19790.0,18910.0,19090.0,387231545350,20281392,3507,19900.0,18910.0,48.39318210515642,254.58700591235538,256.71841550209945,20554.296891923186,17452.703108076814,19003.5,18056.6,-0.09941829719725015,0
2021-01-06,18310.0,19300.0,18140.0,18450.0,315076914110,17076400,3267,19090.0,18460.0,45.48258351967267,160.3424382901685,237.44322005971327,20513.346492111083,17399.653507888917,18956.5,18137.0,-0.09750812567713973,0
2021-01-09,18000.0,18650.0,17550.0,17840.0,198537244020,11126159,2620,18450.0,17620.0,40.57660848358055,17.668290571473335,193.48823416206528,20552.32367485955,17227.67632514045,18890.0,18189.6,-0.09818388195232686,0
2021-01-10,17850.0,18300.0,17700.0,17970.0,134471717600,7484804,2352,17840.0,17910.0,42.86781602214636,-71.18089400096505,140.5544085294592,20569.739304485636,17151.260695514364,18860.5,18242.0,-0.15577889447236182,0
2021-01-11,18380.0,18500.0,17400.0,17920.0,154737232090,8633066,2121,17970.0,17500.0,40.49079077122334,-172.68745292238236,77.9060362390909,20603.326402002345,17076.673597997655,18840.0,18286.0,-0.09199999999999997,0
2021-01-12,17920.0,17950.0,17030.0,17080.0,256507443030,15019085,2321,17920.0,17030.0,37.89660302225689,-287.74031301269497,4.776766388733719,20630.305267243803,17030.694732756197,18830.5,18322.2,-0.03816793893129766,0
2021-01-13,16710.0,17280.0,16250.0,16710.0,174164327880,10424511,3749,17080.0,16660.0,35.94422965181215,-404.11802034256834,-77.0021909575267,20771.807988855,16746.192011145,18759.0,18338.2,0.031812725090035965,0
2021-01-16,16200.0,16800.0,15880.0,15910.0,275840866260,17339327,2099,16710.0,15890.0,32.223646906905245,-552.116303631301,-172.02501349228154,20991.979065505206,16251.020934494794,18621.5,18354.8,0.10195091252359978,1
2021-01-18,15310.0,16000.0,15120.0,15140.0,247652960410,16357206,1774,15910.0,15120.0,28.991861122827444,-723.2019523204035,-282.2604012579059,21274.87213856582,15634.127861434177,18454.5,18369.8,0.1772486772486772,1
2021-01-19,14390.0,15890.0,14390.0,15600.0,225464818450,14451704,2034,15140.0,15890.0,35.91364637774174,-787.5772958538037,-383.3237801770855,21363.17797764045,15294.822022359549,18329.0,18409.6,0.10761485210824429,1
2021-01-20,16350.0,16380.0,15910.0,16380.0,143090487180,8738318,1169,15600.0,16380.0,39.92675679151178,-789.9502596380444,-464.64907606927727,21325.55204462208,15066.447955377922,18196.0,18450.2,0.09218559218559208,1
2021-01-23,17190.0,17190.0,17190.0,17190.0,142240889700,8274630,846,16380.0,17190.0,45.95192779316381,-718.1917525215576,-515.3576113597334,21201.140518916083,14975.859481083917,18088.5,18495.2,0.0732984293193717,1
2021-01-24,18040.0,18040.0,16840.0,17700.0,388446367410,21941271,3668,17190.0,17510.0,48.16385405474018,-628.2591130140972,-537.9379116906061,21140.86637713279,14920.13362286721,18030.5,18536.6,0.05311250713877791,1
2021-01-25,17480.0,18370.0,17000.0,17830.0,362310568870,20318326,2913,17700.0,17800.0,50.154742753998555,-527.5055166704842,-535.8514326865818,21039.085745630622,14892.914254369376,17966.0,18583.0,0.016853932584269593,0
2021-01-26,17800.0,18500.0,16940.0,17480.0,247183864330,14140432,2629,17830.0,17600.0,48.76374007532958,-458.5104709121515,-520.3832403316958,20804.7931064193,14902.206893580702,17853.5,18612.4,0.010795454545454497,0
2021-01-27,17500.0,17940.0,17010.0,17580.0,132698927140,7549349,1498,17480.0,17890.0,50.89057364185453,-376.095429695084,-491.52567820437343,20528.750617977104,14966.249382022896,17747.5,18632.2,-0.06428172163219681,0
2021-01-30,17800.0,18450.0,17600.0,18250.0,152027033200,8328164,2054,17580.0,18450.0,54.7930146363442,-262.56688823219883,-445.73392020993856,20177.623389668242,15122.376610331758,17650.0,18647.8,-0.12357723577235769,0
2021-01-31,18630.0,18630.0,17650.0,18070.0,178086920360,9853128,2060,18250.0,18440.0,54.70941003662914,-171.42553080991274,-390.8722423299334,19994.260504506427,15192.739495493573,17593.5,18646.8,-0.07483731019522777,0
2021-02-01,18240.0,18380.0,17540.0,17910.0,222684584670,12435398,1483,18070.0,18100.0,51.81459585217913,-125.1874242162703,-337.7352787072008,19650.881967022797,15347.118032977201,17499.0,18620.6,-0.011049723756906049,0
2021-02-02,18160.0,18160.0,17110.0,17610.0,133482246650,7581492,1446,17910.0,17790.0,49.25553193004527,-112.26369484271709,-292.6409619343041,19331.952986438337,15482.047013561665,17407.0,18575.0,0.01180438448566612,0
2021-02-03,17400.0,18000.0,16730.0,16990.0,166431580730,9796895,1632,17610.0,16740.0,41.73656740734319,-184.61959126123838,-271.0366877996909,19113.85974396201,15483.14025603799,17298.5,18531.6,0.09617682198327349,1
2021-02-06,16950.0,16950.0,16150.0,16250.0,204025359890,12555944,1533,16990.0,16170.0,38.31704632134726,-284.674842400982,-273.7643187199492,18980.656895458273,15387.343104541726,17184.0,18476.0,0.1175015460729747,1
2021-02-07,16800.0,17060.0,16560.0,17050.0,176123799180,10327979,1085,16250.0,17060.0,45.78600117726646,-288.8243999332444,-276.77633496260825,18942.027995300676,15369.972004699324,17156.0,18435.8,0.06682297772567414,1
2021-02-08,17700.0,17900.0,16950.0,17810.0,382728489950,21489107,2653,17050.0,17900.0,51.7271639384141,-221.77548461027982,-265.77616489214256,18940.68878553439,15370.31121446561,17155.5,18406.2,0.027374301675977764,0
2021-02-09,17920.0,18600.0,17690.0,17990.0,100029946830,5544170,1801,17810.0,18000.0,52.39598355433691,-158.73971921924021,-244.3688757575621,18997.998005500354,15363.001994499647,17180.5,18359.6,0.021666666666666723,0
2021-02-13,18630.0,18650.0,18130.0,18410.0,206454251390,11215465,2655,17990.0,18350.0,54.758608935326315,-79.62349597305001,-211.41979980065972,19131.941858026334,15361.058141973666,17246.5,18322.8,0.0,0
2021-02-14,18420.0,18490.0,18050.0,18150.0,298673419670,16452551,2379,18410.0,18070.0,52.51320507650929,-39.06664304827791,-176.94916845018335,19214.85247055661,15419.147529443391,17317.0,18293.0,-0.01660210293303821,0
2021-02-15,18150.0,18260.0,17790.0,18070.0,103717481270,5742439,1241,18150.0,18200.0,53.46725421131,3.5242433520215855,-140.85448608974238,19248.306983133913,15616.69301686609,17432.5,18237.6,-0.04230769230769227,0
2021-02-16,18070.0,18500.0,17820.0,18110.0,120840493300,6673313,1497,18070.0,18390.0,54.89361960624329,52.00970428272194,-102.28164801524953,19113.911723387744,16078.088276612256,17596.0,18170.4,-0.03860793909733551,0
2021-02-17,18000.0,18500.0,17750.0,18050.0,72248293700,4012603,1077,18110.0,18390.0,54.8936196062433,89.40418558987585,-63.94448129422446,19057.246983157682,16384.753016842318,17721.0,18128.2,-0.05437737901033168,0
2021-02-20,18450.0,18600.0,17690.0,18130.0,130510593130,7197033,1704,18050.0,18350.0,54.485834389898706,114.49212182095289,-28.257160671188995,19030.375303240617,16608.624696759383,17819.5,18098.4,-0.06648501362397818,0
2021-02-21,18000.0,18100.0,17770.0,17780.0,172412154410,9694702,1201,18130.0,17770.0,48.82238194582431,86.57535252255184,-5.290658032440827,19024.97396911197,16672.02603088803,17848.5,18065.8,-0.05346088913899827,0
2021-02-22,17500.0,17610.0,17430.0,17550.0,80720551400,4626425,772,17780.0,17430.0,45.81595924056324,36.59411899790939,3.0862973736292156,19026.08325986706,16662.91674013294,17844.5,18035.4,-0.012048192771084376,0
2021-02-23,17200.0,17920.0,17200.0,17450.0,94478903180,5420183,1390,17550.0,17680.0,48.3352106860413,16.96102584899927,5.861243068703227,19022.14310499325,16654.85689500675,17838.5,18019.0,-0.0011312217194570096,0
2021-02-24,17320.0,17900.0,17270.0,17470.0,76455737810,4374850,1263,17450.0,17390.0,45.68190662646437,-21.748218365664798,0.339350781829622,19023.585212353373,16632.414787646627,17828.0,18008.6,0.035077630822311745,0
2021-02-27,17130.0,17790.0,17130.0,17160.0,139812057380,8147543,1109,17470.0,17130.0,43.382589317833656,-72.56887160090992,-14.242293694718287,19023.01257090025,16556.98742909975,17790.0,18006.8,0.026853473438412045,0
2021-02-28,16820.0,16930.0,16820.0,16860.0,104047696880,6185154,780,17160.0,16820.0,40.7490192552098,-136.28797175272848,-38.651429306320324,18971.35826599742,16445.64173400258,17708.5,17981.4,0.07312722948870398,1
2021-03-01,16530.0,17450.0,16530.0,16980.0,128661920820,7578067,1336,16860.0,17220.0,45.35833356482387,-152.74837247847972,-61.470817940752205,18880.640300208364,16414.359699791636,17647.5,17953.0,0.08594657375145176,1
2021-03-02,17220.0,17990.0,16980.0,17820.0,150465211350,8445067,1741,16980.0,17660.0,49.968938066676685,-128.80426054021154,-74.93750646064407,18841.139337960878,16409.860662039122,17625.5,17937.0,0.04190260475651186,0
2021-03-03,17820.0,18170.0,17660.0,17850.0,136022506470,7620106,1286,17820.0,18000.0,53.251497243561666,-81.45426673626207,-76.24085851576768,18860.735073392596,16411.264926607404,17636.0,17929.0,0.04833333333333334,0
2021-03-06,17510.0,18100.0,17510.0,17820.0,74105905700,4164159,1236,17850.0,17590.0,49.070472782159904,-76.1349921977162,-76.21968525215739,18832.887716496494,16524.112283503506,17678.5,17900.0,0.10631040363843103,1
2021-03-07,17500.0,18360.0,17500.0,17930.0,92892384150,5172380,1192,17820.0,18050.0,53.483314085873346,-34.40467747722869,-67.85668369717165,18705.106562274806,16839.893437725194,17772.5,17874.2,0.12631578947368416,1
2021-03-08,17800.0,18800.0,17800.0,18390.0,160267862460,8713858,1782,17930.0,18700.0,58.90217177657146,50.53394149155429,-44.17855865942646,18810.208637607757,16898.791362392243,17854.5,17874.8,0.0802139037433156,1
2021-03-09,18840.0,18890.0,18350.0,18510.0,152464465910,8238942,1841,18390.0,18400.0,55.678301628760686,92.57378323072771,-16.828090281395625,18864.3751189862,16894.6248810138,17879.5,17861.0,-0.1744565217391304,0
2021-03-10,18510.0,18900.0,18510.0,18670.0,195396442390,10464920,2276,18510.0,18870.0,59.42513676432811,161.94888677873314,18.92730513063013,18998.04604552461,16847.95395447539,17923.0,17841.4,-0.21356650768415475,0
2021-03-13,18680.0,19530.0,18680.0,19180.0,188583445080,9834608,2760,18670.0,19460.0,63.586618892842765,261.5225560909421,67.44635532269253,19235.24619553756,16721.75380446244,17978.5,17830.4,-0.2348406988694759,0
2021-03-14,19480.0,20330.0,19210.0,20060.0,494441085320,24654062,5400,19180.0,20330.0,68.68664596911152,405.9575100410657,135.14858626636718,19714.019953651783,16468.980046348217,18091.5,17829.0,-0.2670929660600099,0
2021-03-17,20100.0,20590.0,19660.0,20070.0,63225228710,3148939,1226,20060.0,20200.0,67.1726908382492,504.122131967335,208.94329540656076,20056.807213302473,16326.19278669753,18191.5,17841.6,-0.25495049504950495,0
2021-04-03,15190.0,15210.0,14890.0,15130.0,157256676140,10397052,1417,15190.0,15190.0,35.08103410952462,175.62863482162356,202.28036328957333,20305.459322415016,15757.540677584984,18031.5,17745.6,-0.037524687294272496,0
2021-04-04,14900.0,15140.0,14830.0,14850.0,137513619160,9261773,1631,15130.0,14840.0,33.86386500988594,-111.65975906543463,139.49233881857174,20510.36895027744,15197.631049722559,17854.0,17649.8,-0.010781671159029615,0
2021-04-05,14830.0,15050.0,14560.0,14890.0,91257130590,6123319,1358,14850.0,14890.0,34.21501443242681,-331.4821786742068,45.297435320016035,20621.142173432774,14740.857826567226,17681.0,17569.4,-0.012760241773002057,0
2021-04-06,15000.0,15190.0,14680.0,14910.0,79780186760,5347277,1171,14890.0,14900.0,34.290159112901634,-499.13242561926745,-63.58853686784067,20716.69408026593,14358.305919734072,17537.5,17498.2,0.008724832214765055,0
2021-04-07,14930.0,15190.0,14660.0,14910.0,89563179710,6006372,1223,14910.0,15050.0,35.48068043875064,-612.8284034181706,-173.43651017790665,20777.94206677208,14059.05793322792,17418.5,17446.8,-0.010631229235880446,0
2021-04-10,14900.0,14910.0,14620.0,14760.0,99635150420,6764974,1217,14910.0,14620.0,33.60125892917763,-729.2246435350517,-284.59413684933565,20835.494257698156,13695.505742301844,17265.5,17381.0,0.008207934336525335,0
2021-04-11,14480.0,14790.0,14470.0,14630.0,82770352140,5678240,1069,14760.0,14680.0,34.12560302689991,-807.3217018199593,-389.1396498434604,20872.362889939686,13387.637110060312,17130.0,17324.6,-0.006811989100817484,0
2021-04-12,14790.0,14910.0,14500.0,14640.0,52231728650,3562958,748,14630.0,14700.0,34.31181484075867,-857.7131668372494,-482.8543532422183,20897.87154306421,13119.128456935789,17008.5,17278.0,0.020408163265306145,0
2021-04-13,14820.0,15280.0,14820.0,14860.0,75516274740,5035301,1382,14640.0,15030.0,37.45349695047048,-861.0943640235928,-558.5023553984931,20902.836844048416,12935.163155951584,16919.0,17245.4,-0.03526280771789758,0
2021-04-14,14840.0,15400.0,14750.0,15040.0,124283135910,8265680,1698,14860.0,14890.0,36.65259656724513,-865.0985001208865,-619.8215843429718,20879.498283050605,12725.501716949395,16802.5,17225.4,-0.04835460040295503,0
2021-04-17,14980.0,15010.0,14740.0,14870.0,69706508620,4726556,742,15040.0,14740.0,35.77001836266456,-870.3427833866208,-669.9258241517017,20808.652574267657,12504.347425732343,16656.5,17217.8,-0.04409769335142466,0
2021-04-18,14580.0,14990.0,14580.0,14810.0,31078584010,2124144,457,14870.0,14580.0,34.80722894440373,-877.2966488126312,-711.3999890838877,20683.687585136882,12287.312414863118,16485.5,17191.6,-0.043209876543209846,0
2021-04-19,14520.0,15000.0,14520.0,14640.0,106408310410,7273864,976,14810.0,15000.0,39.416975883475615,-839.2428778636367,-736.9685668398375,20569.674880670955,12142.325119329045,16356.0,17164.0,-0.05666666666666664,0
2021-04-20,14590.0,14890.0,14400.0,14600.0,58718757710,4033924,1055,14640.0,14500.0,36.14070597900878,-839.7506883410479,-757.5249911400796,20390.868811013264,11966.131188986736,16178.5,17110.2,-0.02758620689655178,0
2021-04-21,14780.0,14780.0,14170.0,14520.0,46563766020,3233441,684,14600.0,14170.0,34.12469116373131,-856.9035234633375,-777.4006976047312,20084.077443610804,11819.922556389196,15952.0,17043.4,-0.0014114326040931546,0
2021-04-24,14180.0,14520.0,14090.0,14380.0,46850068390,3303887,718,14520.0,14090.0,33.634858854763934,-866.9588384627004,-795.3123257763252,19784.113000275236,11688.886999724764,15736.5,16969.2,-0.026969481902058168,0
2021-04-25,13950.0,13950.0,13950.0,14230.0,38942080650,2791547,264,14380.0,13950.0,32.74893059995016,-876.1251526250217,-811.4748911460645,19339.61145590732,11641.388544092679,15490.5,16896.2,-0.027956989247311825,0
2021-04-26,13810.0,14190.0,13810.0,13850.0,173551449330,12530693,1198,14230.0,14150.0,35.36797783265102,-857.3679896168651,-820.6535108402247,18651.616406894253,11798.38359310575,15225.0,16821.4,-0.060070671378091856,0
2021-04-27,14150.0,14490.0,13520.0,13980.0,77108242030,5492649,1138,13850.0,14100.0,35.0009920982171,-836.8902352416244,-823.9008557205048,17442.23308199911,12384.766918000889,14913.5,16734.4,-0.06099290780141842,0
2021-04-28,14200.0,14390.0,13600.0,14020.0,98903533350,7051626,954,13980.0,14150.0,35.719289514955776,-807.3205959420284,-820.5848037648095,15356.409954318151,13865.590045681849,14611.0,16648.6,-0.06501766784452301,0
2021-05-01,13960.0,14270.0,13600.0,13970.0,35410732410,2555003,726,14020.0,13710.0,32.333092822394505,-810.0529800128061,-818.4784390144089,15330.122941287511,13743.877058712489,14537.0,16560.8,-0.05397520058351568,0
2021-05-02,13560.0,13840.0,13560.0,13710.0,76918686980,5664196,783,13970.0,13560.0,31.245611845543564,-814.9281757376284,-817.7683863590529,15359.117373713281,13586.882626286719,14473.0,16476.2,-0.011061946902654829,0
2021-05-03,13300.0,13690.0,13300.0,13400.0,96006346350,7195034,738,13710.0,13300.0,29.39980744165318,-830.2015834908343,-820.2550257854092,15393.665486305386,13393.334513694614,14393.5,16407.4,0.0518796992481203,1
2021-05-05,13050.0,13970.0,13020.0,13400.0,60909671250,4546570,764,13400.0,13240.0,28.974430312403882,-837.493266676498,-823.702673963627,15400.260982966656,13220.739017033344,14310.5,16348.8,0.0558912386706949,1
2021-05-08,13260.0,13670.0,13110.0,13360.0,104107262930,7793026,900,13400.0,13230.0,28.899380154388922,-834.4597618598382,-825.8540915428694,15350.242676295722,13088.757323704278,14219.5,16272.2,0.09674981103552538,1
2021-05-09,13430.0,13430.0,12960.0,13180.0,64861796120,4977574,647,13360.0,12970.0,26.945151544483494,-843.3143120820005,-829.3461356506956,15374.54757484162,12899.45242515838,14137.0,16173.6,0.08789514263685438,1
2021-05-10,12830.0,13490.0,12830.0,13220.0,129294573640,9779543,913,13180.0,13410.0,34.96059263079542,-805.5415031440152,-824.5852091493596,15323.352391283204,12823.647608716796,14073.5,16081.8,0.03803131991051445,0
2021-05-11,13550.0,14000.0,13400.0,13710.0,110262827790,8008642,1001,13220.0,13990.0,43.725547094675704,-720.4996556496499,-803.7680984494177,15254.54593008087,12821.45406991913,14038.0,15994.6,0.01572551822730528,0
2021-05-12,14200.0,14390.0,13760.0,13820.0,50865419330,3636856,847,13710.0,13980.0,43.61640816836174,-646.4583260668878,-772.3061439729117,15113.692802669962,12857.307197330038,13985.5,15912.8,-0.01573676680972813,0
2021-05-15,13840.0,14510.0,13840.0,14500.0,451783298100,31166371,1678,13820.0,14510.0,50.64737763360476,-538.8024886323401,-725.6054129047975,15044.818598558097,12888.181401441903,13966.5,15839.0,-0.06960716747070983,0
2021-05-16,14650.0,14770.0,14020.0,14370.0,166331249880,11578014,1639,14500.0,14110.0,45.98655910653967,-480.2253796607456,-676.5294062559872,14956.400998627025,12913.599001372975,13935.0,15753.4,-0.08221119773210483,0
2021-05-17,14040.0,14440.0,13810.0,14150.0,81742956110,5821715,841,14370.0,13920.0,43.91909987943087,-444.0156745729055,-630.0266599193708,14879.621603687372,12924.378396312628,13902.0,15664.0,-0.05890804597701149,0
2021-05-18,13800.0,14490.0,13800.0,14260.0,157165478620,11017645,1172,14150.0,14210.0,47.778207527365126,-387.45233668843866,-581.5117952731844,14715.351100718202,13009.648899281798,13862.5,15581.2,-0.0450387051372273,0
2021-05-19,14260.0,14300.0,13720.0,14190.0,36108250330,2574531,597,14260.0,13760.0,42.850682280949364,-374.6183558765224,-540.133107393852,14627.185100270819,13023.814899729181,13825.5,15501.0,-0.011627906976744207,0
2021-05-22,13730.0,13730.0,13490.0,13490.0,178292676400,13212356,821,14190.0,13500.0,40.26669423575495,-381.0348283928124,-508.3134515936441,14589.285394320139,12994.714605679861,13792.0,15422.4,0.040740740740740744,0
2021-05-23,13230.0,13900.0,12900.0,13340.0,57266156310,4339826,856,13490.0,12950.0,35.40319117095332,-425.59434585266536,-491.7696304454484,14599.118047488995,12870.881952511005,13735.0,15327.8,0.12046332046332053,1
2021-05-24,12830.0,13700.0,12750.0,13280.0,65174866610,4925454,776,13340.0,13100.0,37.616225337887364,-443.6897587245985,-482.15365610127844,14592.985979899839,12792.014020100161,13692.5,15242.0,0.11984732824427491,1
2021-05-25,13030.0,13650.0,13030.0,13360.0,57841273860,4304319,771,13280.0,13570.0,44.08065765360603,-415.3179054621578,-468.7865059734543,14540.227437688682,12786.772562311318,13663.5,15170.8,0.05969049373618285,1
2021-05-26,13670.0,13700.0,13370.0,13390.0,28286879580,2096362,736,13360.0,13600.0,44.47615751639654,-385.9631155219304,-452.22182788314956,14492.227708345084,12784.772291654916,13638.5,15106.4,0.06691176470588234,1
2021-05-29,13670.0,14050.0,13410.0,14040.0,160974176530,11468383,981,13390.0,14050.0,50.16936069865706,-322.6684725143805,-426.3111568093958,14476.287636356958,12790.712363643042,13633.5,15043.0,0.030604982206405618,0
2021-05-30,14210.0,14740.0,14110.0,14550.0,164792303850,11323250,1527,14040.0,14510.0,55.22360569245426,-232.7063622091555,-387.5901978893478,14598.90315538481,12748.09684461519,13673.5,14980.0,-0.01860785665058584,0
2021-05-31,14080.0,14700.0,14080.0,14520.0,85797583200,5914238,848,14550.0,14670.0,56.86253886643741,-146.80777023544215,-339.43371235856665,14748.841164101641,12709.158835898359,13729.0,14913.4,-0.013633265167007469,0
2021-06-01,14240.0,14620.0,14100.0,14510.0,45158282600,3114942,629,14520.0,14380.0,53.07086486004083,-100.96918370064668,-291.74080662698265,14820.479638352586,12745.520361647414,13783.0,14849.2,0.013908205841446364,0
2021-06-02,14180.0,14550.0,14180.0,14450.0,106106099260,7350085,1097,14510.0,14510.0,54.53444751920643,-53.53474486340565,-244.09959427426725,14898.626893485878,12794.373106514122,13846.5,14778.4,0.015851137146795313,0
2021-06-07,14550.0,14550.0,14310.0,14460.0,154110772700,10660878,1173,14450.0,14480.0,54.11502173272223,-18.154090562282363,-198.9104935318703,14955.707217896328,12862.292782103672,13909.0,14694.0,0.05317679558011057,1
2021-06-08,14160.0,14570.0,14150.0,14390.0,113869365740,7916140,1122,14460.0,14240.0,50.75212805092718,-9.372619636191303,-161.0029187527345,14934.287398543098,13010.712601456902,13972.5,14610.8,0.1004213483146068,1
2021-06-09,14220.0,14500.0,13910.0,14320.0,56480712900,3964691,576,14390.0,14470.0,53.72028751693546,15.961839005460206,-125.60996720109557,14974.193311874984,13076.806688125016,14025.5,14522.8,0.11402902557014505,1
2021-06-12,14600.0,14670.0,14340.0,14380.0,40065749830,2761474,570,14320.0,14580.0,55.11364835790777,44.40380131438542,-91.60721349799937,15033.662352395522,13076.337647604478,14055.0,14425.2,0.1241426611796983,1
2021-06-13,14310.0,14920.0,14310.0,14530.0,69218311820,4727038,958,14380.0,14740.0,57.13520396131482,78.94489655568759,-57.49679148726198,15115.11741008377,13070.88258991623,14093.0,14313.4,0.10922659430122117,1
2021-06-14,14610.0,15250.0,14610.0,15140.0,182883464590,12078837,1786,14530.0,15250.0,62.874728293594885,145.7911119549335,-16.83921079882288,15257.918436765873,13002.081563234127,14130.0,14214.4,0.07278688524590171,1
2021-06-15,15260.0,15790.0,15260.0,15660.0,147083154530,9390877,2125,15140.0,15670.0,66.8154427338992,230.00633926824594,32.529899214590884,15520.289602182538,12895.710397817462,14208.0,14224.0,0.08104658583280155,1
2021-06-16,15790.0,16160.0,15690.0,15950.0,109991261990,6869314,1796,15660.0,16120.0,70.43630454997313,329.26321150211515,91.87656167209573,15863.400918854539,12772.599081145461,14318.0,14249.6,0.08684863523573205,1
2021-06-19,16280.0,16490.0,16210.0,16280.0,99255202190,6067695,1328,15950.0,16390.0,72.38337832544909,424.81474146879555,158.4641976314357,16215.027963986164,12638.972036013836,14427.0,14279.6,0.06833435021354495,1
2021-06-20,16490.0,16500.0,16080.0,16330.0,135487300240,8296841,1309,16280.0,16350.0,71.63070963277943,491.64497444589506,225.10035299432758,16500.869049331057,12612.130950668941,14556.5,14308.6,0.0862385321100918,1
2021-06-21,16450.0,16590.0,16250.0,16360.0,81423944180,4973349,1015,16330.0,16360.0,71.70990942330789,539.1997726536429,287.9202369261906,16730.770292205503,12668.229707794497,14699.5,14334.8,0.10268948655256716,1
2021-06-22,16390.0,17160.0,16100.0,16690.0,116797891650,6989230,1173,16360.0,16940.0,75.91054669519663,616.5808849514106,353.65236653123463,16986.74423720836,12811.25576279164,14899.0,14381.2,0.06788665879574962,1
2021-06-23,17300.0,17520.0,17040.0,17470.0,219839155100,12586752,1750,16690.0,17520.0,79.23155200715422,716.4483560114677,426.21156442728125,17331.32539441775,12908.67460558225,15120.0,14438.0,0.003424657534246478,0
2021-06-26,17820.0,18120.0,17310.0,17570.0,122794999200,6989659,2197,17470.0,17510.0,79.02925604715968,785.7297267165104,498.11519688512715,17640.067799268225,12993.932200731777,15317.0,14494.2,0.04740148486579088,0
2021-06-27,17480.0,17870.0,17100.0,17610.0,116578580870,6618910,1311,17570.0,17760.0,80.37807991186898,850.9988379330953,568.6919250947208,17939.04639557673,13110.95360442327,15525.0,14548.8,0.0788288288288288,1
2021-06-28,17840.0,18040.0,17550.0,17800.0,275429091430,15473215,1771,17610.0,18040.0,81.79073617086001,914.7737958613798,637.9082992480526,18273.683987082353,13175.316012917645,15724.5,14611.8,0.06263858093126395,1
2021-06-29,17900.0,18280.0,17900.0,18100.0,236871344580,13090234,1967,17800.0,18090.0,82.03939992969737,958.303762376574,701.9873918737569,18585.71755269724,13221.282447302761,15903.5,14678.8,0.03593145384190155,0
2021-07-11,17400.0,17750.0,17400.0,17470.0,81035637090,4612067,719,17130.0,17580.0,71.33831505772605,940.8038357160913,749.7506806422239,18763.30212025066,13334.69787974934,16049.0,14738.8,0.07167235494880542,1
2021-07-12,17530.0,18340.0,17530.0,18250.0,340111146640,18635073,2642,17470.0,18340.0,76.29955218411882,976.9984363585554,795.2002317854901,19022.471851775357,13471.528148224643,16247.0,14805.6,0.048527808069792844,0
2021-07-13,18700.0,19160.0,18250.0,19090.0,911178537570,47721136,4722,18250.0,19160.0,80.2681798759923,1059.635249552979,848.087235338988,19408.783018077535,13550.216981922465,16479.5,14898.8,0.030271398747390377,0
2021-07-14,19300.0,19420.0,18250.0,18910.0,276477337750,14622708,3396,19090.0,19170.0,80.31147786796498,1113.101296932622,901.0900476577149,19715.48230046381,13712.517699536189,16714.0,14998.8,0.07511737089201875,1
2021-07-17,19350.0,19350.0,18540.0,18840.0,163341443400,8670297,2048,18910.0,18740.0,72.90346207457439,1108.0037409259858,942.4727863113691,19837.826659184302,14040.173340815696,16939.0,15091.8,0.13874066168623256,1
2021-07-18,18530.0,18840.0,18310.0,18550.0,112385954940,6062104,1482,18840.0,18840.0,73.51529886238556,1099.3603139586667,973.8502918408286,19935.23198851108,14379.768011488919,17157.5,15189.6,0.16560509554140124,1
2021-07-19,18740.0,19400.0,18570.0,18800.0,1010675145850,53763617,2697,18550.0,19230.0,75.809424853716,1111.171186688447,1001.3144708103523,20041.399630383512,14738.600369616488,17390.0,15291.2,0.1476859074362975,1
2021-07-26,19480.0,19740.0,19180.0,19680.0,733608952950,37283534,3157,18800.0,19740.0,78.4395167973343,1148.445560631284,1030.7406887745387,20185.56869873864,15094.43130126136,17640.0,15404.0,0.11955420466058775,1
2021-07-27,20070.0,20660.0,19850.0,20620.0,1456105422660,70604858,5817,19680.0,20610.0,82.0289918404495,1233.963140664775,1071.385179152586,20518.4375112226,15297.562488777397,17908.0,15533.2,0.08005822416302766,1
2021-07-28,20650.0,21400.0,20400.0,20920.0,633680945860,30296861,4253,20620.0,21340.0,84.37900094714851,1345.1354539028107,1126.1352341026309,20992.730265436632,15390.26973456337,18191.5,15685.8,0.08341143392689787,1
2021-07-31,21260.0,21960.0,20930.0,21900.0,401867594690,18353161,3424,20920.0,21960.0,86.04776315771157,1466.365779614629,1194.1813432050305,21563.748528933713,15403.251471066287,18483.5,15853.8,0.04417122040072852,0
2021-08-01,22840.0,22840.0,21700.0,22020.0,339364109710,15408698,3727,21900.0,22070.0,86.3268503437199,1553.4110116724441,1266.0272768985133,22063.156990646694,15471.843009353306,18767.5,16029.2,0.0484821024014499,0
2021-08-02,21580.0,22330.0,21410.0,22040.0,375758398900,17047444,2671,22020.0,22100.0,86.40671118012486,1606.2993158582212,1334.081684690455,22458.377733957626,15651.622266042372,19055.0,16206.4,0.04977375565610864,0
2021-08-03,22150.0,22390.0,22000.0,22220.0,210183696540,9459766,2424,22040.0,22260.0,86.84791897258037,1642.1941488714874,1395.7041775266616,22790.447645292497,15909.552354707503,19350.0,16387.0,0.06469002695417791,1
2021-08-04,22260.0,23210.0,22110.0,22890.0,281071791250,12277214,3047,22220.0,23120.0,88.92811131128262,1720.2064066582752,1460.6046233529844,23283.32283330263,16034.67716669737,19659.0,16590.0,0.04325259515570945,0
2021-08-07,23330.0,23330.0,22300.0,22780.0,441736053910,19388394,3588,22890.0,22930.0,85.70299881286533,1746.566934478029,1517.7970855779934,23680.214465271776,16178.785534728226,19929.5,16780.4,0.053205407762756174,1
2021-08-08,22500.0,23340.0,22480.0,23040.0,167050187220,7251825,2153,22780.0,23140.0,86.29462462237765,1764.0680097273762,1567.05127040787,24037.428622096464,16384.571377903536,20211.0,16963.4,0.06006914433880728,1
2021-08-09,23210.0,23230.0,22350.0,22880.0,283704946780,12399650,3097,23040.0,23200.0,86.46693638337233,1762.4626640141541,1606.133549129127,24347.060558531553,16618.939441468447,20483.0,17147.8,0.057327586206896486,1
2021-08-10,23240.0,23700.0,23000.0,23320.0,231580043670,9928470,2182,22880.0,23700.0,87.83906377489403,1781.0059098056336,1641.1080212644283,24701.324128963115,16830.675871036885,20766.0,17331.6,0.03755274261603381,0
2021-08-11,23750.0,24130.0,23510.0,23940.0,267188392820,11160252,2466,23320.0,24120.0,88.86075149372247,1808.7420036900548,1674.6348177495538,25060.09752542119,17074.90247457881,21067.5,17531.8,0.03026533996683245,0
2021-08-14,24150.0,24320.0,23320.0,23990.0,248841356250,10374476,2601,23940.0,24150.0,88.93227784279568,1812.2532794833787,1702.1585100963189,25266.01498705103,17525.98501294897,21396.0,17736.4,0.04513457556935818,0
2021-08-15,24000.0,24580.0,23810.0,24340.0,247639321600,10173141,2240,23990.0,24530.0,89.82363143325864,1824.665210324496,1726.6598501419544,25538.308239398328,17872.691760601672,21705.5,17942.8,0.0293518141051774,0
2021-08-22,24660.0,24950.0,24210.0,24590.0,306197428820,12454275,2714,24340.0,24530.0,89.82363143325864,1813.5957520339216,1744.047030520348,25808.27907174215,18139.72092825785,21974.0,18158.2,-0.01956787607011823,0
2021-08-23,24250.0,24980.0,24040.0,24580.0,178483382510,7261861,1938,24590.0,24590.0,89.97152983384362,1789.0416664554468,1753.045957707368,26013.838017214315,18476.161982785685,22245.0,18380.0,-0.05734038226921512,0
2021-08-24,24580.0,24950.0,24170.0,24660.0,377378145380,15300792,2622,24580.0,24850.0,90.60849079981355,1770.1569365411924,1756.4681534741328,26118.555352709664,18982.444647290336,22550.5,18618.0,-0.05915492957746482,0
2021-08-25,24840.0,25300.0,24500.0,25020.0,323223669940,12916806,2426,24660.0,25240.0,91.482409132428,1766.29959046546,1758.4344408723982,26189.315903300485,19551.684096699515,22870.5,18860.8,-0.057448494453248844,0
2021-08-28,25570.0,25570.0,25010.0,25230.0,217072101280,8603320,2311,25020.0,25250.0,91.50423933708193,1743.9464037626421,1755.5368334504471,26193.73278388683,20149.26721611317,23171.5,19094.4,-0.06297029702970292,0
2021-08-29,25100.0,25100.0,23970.0,24390.0,842870857050,34556392,5153,25230.0,24050.0,68.7375055668589,1610.8326944796645,1726.5960056562908,25984.584262348468,20789.415737651532,23387.0,19303.4,-0.006237006237006182,0
2021-08-30,24060.0,24060.0,23180.0,23230.0,774556107560,33348978,3578,24390.0,23180.0,57.55659233400977,1418.7825496627484,1665.0333144575825,25784.33648595497,21246.66351404503,23515.5,19486.0,0.04616048317515098,0
2021-08-31,22110.0,24290.0,22110.0,23390.0,345172915640,14754384,3069,23230.0,23380.0,59.199613699072565,1268.101865835677,1585.6470247332013,25657.87128974129,21577.12871025871,23617.5,19663.4,0.054747647562018775,1
2021-09-01,22550.0,24140.0,22550.0,23640.0,84537479450,3563156,1478,23390.0,23790.0,62.41195204918742,1168.302448411774,1502.178109468916,25602.704306379583,21815.295693620417,23709.0,19845.8,0.03867171080285825,0
2021-09-04,24180.0,24190.0,23300.0,23690.0,227831707740,9617839,2114,23640.0,23660.0,60.777969649093556,1066.4276632687033,1415.0280202288736,25527.479873374217,22049.520126625783,23788.5,20031.4,0.0494505494505495,0
2021-09-05,23180.0,24200.0,22800.0,23500.0,187314680210,7972445,2197,23690.0,23900.0,62.71852174088029,993.6035135039747,1330.743118883894,25435.39787719062,22321.60212280938,23878.5,20219.2,0.001255230125523088,0
2021-09-06,24480.0,24670.0,24000.0,24500.0,519299195090,21194038,5497,23500.0,24250.0,65.40653142738417,953.144666668315,1255.2234284407784,25352.05385629556,22603.94614370444,23978.0,20414.6,-0.027216494845360817,0
2021-09-07,24510.0,24990.0,24030.0,24600.0,352834151630,14340888,3356,24500.0,24660.0,68.29072566067998,943.2906451683739,1192.8368717862977,25400.399568901645,22709.600431098355,24055.0,20623.0,-0.037307380373073795,0
2021-09-08,24950.0,24990.0,24520.0,24720.0,167622322380,6781304,3102,24600.0,24710.0,68.63417128859075,928.809110999835,1140.0313196290053,25413.28956507204,22874.71043492796,24144.0,20827.8,-0.05341966815054633,0
2021-09-11,24990.0,25020.0,24700.0,24900.0,396401379340,15918509,2361,24720.0,24830.0,69.48832046822753,916.4511100301825,1095.315277709241,25443.016776335677,23013.983223664323,24228.5,21032.8,-0.09262988320579946,0
2021-09-12,24000.0,24370.0,23660.0,23720.0,308373362680,13000836,2809,24900.0,23930.0,56.95999916865238,824.5301564496258,1041.158253457318,25394.59284700321,23135.40715299679,24265.0,21216.6,-0.07563727538654408,0
2021-09-13,23510.0,24100.0,22930.0,23660.0,160472294390,6783401,1738,23720.0,23590.0,53.06748113770965,715.9934531434956,976.1252933945536,25401.051137707294,23117.948862292706,24259.5,21383.4,-0.06824925816023741,0
2021-09-14,23040.0,24090.0,23040.0,23840.0,122373245310,5132362,1524,23660.0,23740.0,54.543374161002546,634.7639168991664,907.8530180954762,25403.16031152732,23077.83968847268,24240.5,21544.8,-0.11962931760741369,0
2021-09-15,23350.0,23890.0,23350.0,23710.0,235212497230,9918652,1795,23840.0,23390.0,50.54894621531775,535.9685375977788,833.4761219959368,25422.760218150535,22982.239781849465,24202.5,21690.2,-0.08422402736212053,0
2021-09-18,23840.0,23840.0,22530.0,22550.0,258229763000,11450681,1951,23710.0,22530.0,42.34330642687989,383.8528582294821,743.5514692426459,25512.12228983538,22692.87771016462,24102.5,21813.0,-0.023524189968930354,0
2021-09-19,22310.0,22400.0,21500.0,21860.0,156375556240,7154646,1529,22550.0,22120.0,39.08577123167886,227.59296290412385,640.3597679749415,25618.601356470383,22345.398643529617,23982.0,21928.4,-0.002712477396021651,0
2021-09-20,21910.0,22400.0,21800.0,21980.0,125690550270,5717943,1042,21860.0,21980.0,38.01045481115054,91.40537582124671,530.5688895442026,25678.522441022724,22024.477558977276,23851.5,22040.8,-0.0018198362147406888,0
2021-09-21,22000.0,22030.0,20890.0,21280.0,204790287600,9624971,1654,21980.0,20900.0,30.939059678024208,-102.4898035265469,403.95715093005276,25827.67338852932,21480.32661147068,23654.0,22120.0,0.05741626794258381,1
2021-09-22,21280.0,22000.0,20540.0,21370.0,160241009170,7498711,1454,21280.0,21420.0,37.014871701702496,-211.75252462779463,280.8152158184833,25715.55499377939,21210.44500622061,23463.0,22198.0,0.04621848739495804,0
2021-09-25,22000.0,22240.0,21420.0,21990.0,176991004580,8049343,1294,21370.0,22000.0,43.034793517608264,-248.67628019568656,174.91691661564934,25481.73336669885,21119.26663330115,23300.5,22287.8,0.024545454545454648,0
2021-09-26,22010.0,22500.0,21170.0,21930.0,167279792550,7626542,1081,21990.0,22060.0,43.63495843384122,-269.98490600876175,85.93655209076712,25417.66325814282,20984.33674185718,23201.0,22373.8,0.03173164097914771,0
2021-09-28,21950.0,22300.0,21500.0,21950.0,92041647230,4192755,875,21930.0,21940.0,42.66675804547861,-293.17559681947387,10.114122308718933,25422.890540284345,20855.109459715655,23139.0,22451.8,0.05742935278031003,1
2021-09-29,21990.0,22170.0,21550.0,21980.0,149667368390,6809111,998,21950.0,22100.0,44.437028296390395,-295.2403762658214,-50.95677740618914,25399.66341649717,20750.33658350283,23075.0,22532.0,0.037104072398190135,0
2021-10-02,21780.0,23070.0,21610.0,22680.0,216128831360,9528921,1692,21980.0,22410.0,47.800049146261095,-268.76417353842044,-94.5182566326354,25323.588401765996,20688.411598234004,23006.0,22628.6,0.019634091923248498,0
2021-10-03,22100.0,23060.0,22100.0,22670.0,172472915380,7607087,1316,22680.0,22540.0,49.188941785328275,-234.58749990825163,-122.53210528775864,25255.766683773585,20644.233316226415,22950.0,22712.6,0.010647737355811815,0
2021-10-04,23000.0,23100.0,21930.0,22680.0,45814320010,2019296,788,22670.0,22760.0,51.53887792133166,-187.58768438709012,-135.54322110762496,25158.013024245163,20627.986975754837,22893.0,22784.6,-0.03778558875219684,0
2021-10-06,22990.0,23200.0,22410.0,22920.0,147447921310,6434113,1176,22680.0,23200.0,55.928897103537736,-113.52700060968345,-131.13997700803668,25024.491529287647,20656.508470712353,22840.5,22865.2,-0.04439655172413792,0
2021-10-09,23200.0,23200.0,22030.0,22820.0,135698122120,5945321,1303,22920.0,22920.0,52.65969811741463,-76.54467570590714,-120.22091674761077,24773.07693589528,20733.92306410472,22753.5,22948.8,-0.009598603839441555,0
2021-10-10,22300.0,23470.0,21950.0,22710.0,216929221100,9551124,1527,22820.0,22850.0,51.8438172233308,-52.28166131456237,-106.6330656610011,24471.681658476067,20849.318341523933,22660.5,23029.0,-0.014004376367614868,0
2021-10-11,23000.0,23400.0,22400.0,22760.0,153404241920,6741015,1350,22710.0,22780.0,50.992985795498896,-38.26042028072334,-92.95853658494556,24074.530250275304,21041.469749724696,22558.0,23100.0,-0.007901668129938533,0
2021-10-12,23080.0,23080.0,21860.0,22150.0,107432810530,4860400,1102,22760.0,21900.0,41.72278470663169,-97.03853149032875,-93.7745355660222,23859.629003335056,21053.370996664944,22456.5,23143.2,0.02876712328767117,0
2021-10-13,21900.0,22250.0,21630.0,22100.0,106596369510,4823430,1012,22150.0,22170.0,45.0250311442173,-120.44544447232693,-99.10871734728315,23692.42731243937,21078.57268756063,22385.5,23174.4,0.025259359494812728,0
2021-10-16,22300.0,23090.0,22170.0,22530.0,80291919180,3527220,1079,22100.0,22700.0,50.905842995582276,-95.13239402263571,-98.31345268235367,23495.43416336726,21171.56583663274,22333.5,23201.6,0.0017621145374449032,0
2021-10-17,22800.0,22900.0,22190.0,22520.0,136647818280,6067492,1071,22530.0,22530.0,49.091834609235335,-87.77735570424193,-96.20623328673132,23352.18686532327,21228.81313467673,22290.5,23213.0,-0.03550821127385706,0
2021-10-18,22500.0,22900.0,22210.0,22610.0,229123239490,10132438,1123,22520.0,22600.0,49.88375941047076,-75.4305039652827,-92.05108742244161,23359.27742865413,21228.72257134587,22294.0,23223.6,-0.026991150442477907,0
2021-10-19,23150.0,23200.0,22510.0,22720.0,213738266470,9408736,1244,22610.0,22530.0,49.06184786195642,-70.4814833268938,-87.73716660333206,23381.373469536084,21247.626530463916,22314.5,23232.2,0.024411895250776805,0
2021-10-20,22750.0,22800.0,22700.0,22730.0,454128331780,19978705,1044,22720.0,22730.0,51.5196574038335,-49.846421763177204,-80.15901763530108,23421.927100320383,21282.072899679617,22352.0,23241.6,-0.007919049714034343,0
2021-10-23,21800.0,22900.0,21600.0,22470.0,329755940860,14673248,1483,22730.0,22740.0,51.64528889667071,-32.31357954928899,-70.58993001809866,23292.1367814215,21595.8632185785,22444.0,23234.0,-0.03562005277044855,0
2021-10-25,22480.0,22800.0,21500.0,22070.0,73417385760,3361061,1121,22470.0,21730.0,40.28922534132846,-98.77857690821838,-76.2276593961226,23240.921141254847,21678.078858745153,22459.5,23210.0,0.05246203405430272,1
2021-10-26,21100.0,22500.0,21100.0,21990.0,186429360230,8476548,1186,22070.0,21990.0,43.719967656428146,-128.9858702588499,-86.77930156866807,23241.60845893718,21676.39154106282,22459.0,23187.0,0.06684856753069579,1
2021-10-27,21850.0,23080.0,21610.0,22540.0,469636257070,20835297,1700,21990.0,23080.0,55.31209666862036,-64.23106168445884,-82.26965359182623,23314.58685050158,21705.41314949842,22510.0,23184.6,0.0017331022530329143,0
2021-10-30,23090.0,23150.0,21710.0,22450.0,439768792930,19586709,1578,22540.0,22550.0,49.92716911698766,-55.04446167108108,-76.8246152076772,23301.40669598845,21779.59330401155,22540.5,23161.6,0.060310421286031035,1
2021-10-31,22230.0,22530.0,21550.0,21980.0,141798068450,6450304,1171,22450.0,21930.0,44.47268594307586,-96.67838517432392,-80.79536920100655,23315.852026852044,21748.147973147956,22532.0,23117.8,0.08846329229366168,1
2021-11-01,21980.0,23000.0,21980.0,22560.0,206554193350,9157719,967,21980.0,22870.0,52.878119594849046,-53.21005304524442,-75.27830596985413,23350.09747830066,21759.90252169934,22555.0,23092.2,0.0454744206383908,0
2021-11-02,22800.0,23460.0,22580.0,23060.0,187547802060,8132407,1141,22560.0,23460.0,57.252102293220375,28.51824196238522,-54.51899638340627,23488.398444893886,21713.601555106114,22601.0,23070.8,0.01449275362318847,0
2021-11-03,23050.0,23440.0,23020.0,23130.0,263912099020,11410077,1639,23060.0,23120.0,54.13368908577286,65.10288059272352,-30.594620988180317,23532.781155419663,21705.218844580337,22619.0,23042.6,0.049740484429065646,0
2021-11-06,23170.0,24230.0,23170.0,23860.0,270500141690,11337543,2104,23130.0,23910.0,59.63515436260488,156.0440888576013,6.7331209809760075,23701.29463124345,21607.70536875655,22654.5,23029.0,-0.014638226683396094,0
2021-11-07,23910.0,23950.0,23440.0,23850.0,315381225140,13224700,1657,23860.0,23870.0,59.247652941415694,222.32515984737256,49.85152875425533,23871.676878458376,21532.323121541624,22702.0,23009.4,0.01340594888981994,0
2021-11-08,23940.0,24350.0,23790.0,23940.0,204922048640,8560062,1368,23850.0,23910.0,59.53084415895637,274.9120370063465,94.86363040467357,24037.333809895128,21472.666190104872,22755.0,22982.8,0.0037641154328733606,0
2021-11-09,23910.0,24200.0,23650.0,24080.0,244847874390,10166063,1542,23940.0,23800.0,58.33040670732885,304.2047523074616,136.73185478523118,24166.976120290205,21445.023879709795,22806.0,22953.8,0.012605042016806678,0
2021-11-10,23800.0,24600.0,23560.0,24280.0,324311819670,13357774,1449,24080.0,24270.0,61.86851461828647,361.1810420469956,181.62169223758406,24359.971699477293,21489.028300522707,22924.5,22958.2,-0.009476720230737534,0
2021-11-13,24080.0,24300.0,23300.0,23940.0,132890024100,5550052,1224,24280.0,23560.0,54.35965965133115,345.0663853808546,214.31063086623817,24411.101266670896,21576.898733329104,22994.0,22965.8,0.000848896434634927,0
2021-11-14,23960.0,24430.0,23940.0,24180.0,212732069180,8796064,1181,23940.0,24190.0,59.102785424434394,378.7649719201363,247.20149907701781,24570.0894911727,21566.9105088273,23068.5,22982.0,-0.011988424968995437,0
2021-11-15,24000.0,24230.0,23750.0,24030.0,208756897240,8685648,896,24180.0,24000.0,57.17301951111388,385.693893317919,274.8999779251981,24674.548204788458,21609.451795211542,23142.0,22986.2,-0.004166666666666652,0
2021-11-16,23870.0,24330.0,23740.0,24030.0,116899716890,4864083,816,24030.0,24100.0,57.95120181728372,394.70437141227376,298.86085662261326,24782.568267435297,21651.431732564703,23217.0,22995.0,-0.010373443983402453,0
2021-11-17,24240.0,24240.0,23970.0,24040.0,240109883240,9986860,884,24030.0,24040.0,57.27870073403142,392.4794824957462,317.5845817972398,24863.892694395767,21721.107305604233,23292.5,22997.8,-0.015391014975041584,0
2021-11-20,23700.0,23990.0,23450.0,23850.0,66061379340,2787642,737,24040.0,23580.0,52.27053438238437,349.5684785583435,323.98136114946055,24889.123547212515,21780.876452787485,23335.0,22984.4,-0.02459711620016969,0
2021-11-21,23900.0,23940.0,23540.0,23840.0,228403990270,9579005,846,23850.0,23900.0,55.20476495307643,337.492125290486,326.68351397766565,24940.541275701697,21845.458724298303,23393.0,22969.2,-0.029288702928870314,0
2021-11-22,23900.0,24000.0,23740.0,23840.0,136881943720,5741344,729,23840.0,23900.0,55.20476495307643,324.1845308465454,326.1837173514416,24860.209314018448,22142.790685981552,23501.5,22953.0,-0.02970711297071127,0
2021-11-23,24320.0,24330.0,23710.0,23860.0,191628760610,8031585,811,23840.0,23850.0,54.596542845826534,306.0753382668554,322.16204153452435,24768.7482701714,22420.2517298286,23594.5,22933.4,-0.024737945492662505,0
2021-11-24,23710.0,23840.0,23400.0,23790.0,35641728210,1508517,660,23860.0,23670.0,52.36002352862291,274.0402120204708,312.5376756317137,24774.467730968816,22473.532269031184,23624.0,22928.2,-0.03253062948880436,0
2021-11-27,23170.0,23600.0,22900.0,23620.0,34092265660,1468927,665,23790.0,23000.0,44.97479872299673,192.37120755939395,288.5043820172497,24727.57862803801,22565.42137196199,23646.5,22916.4,-0.011739130434782585,0
2021-11-28,23370.0,24000.0,22810.0,23680.0,92490872010,3902197,1835,23620.0,23200.0,47.36154838036346,142.14767178436887,259.23303997067353,24486.659513558272,22933.340486441728,23710.0,22905.6,-0.0336206896551724,0
2021-11-29,23200.0,23850.0,22900.0,23540.0,60603997670,2588319,688,23680.0,23190.0,47.25118813684015,100.38111045881669,227.4626540683022,24443.729754155826,23008.270245844174,23726.0,22901.6,-0.036222509702457995,0
2021-11-30,23020.0,23720.0,23020.0,23530.0,98478526770,4185732,621,23540.0,23260.0,48.16177133871605,72.0981224064999,196.38974773594174,24453.57440302696,22978.42559697304,23716.0,22916.2,-0.05503009458297503,0
2021-12-01,23690.0,23690.0,22400.0,23120.0,70969440100,3104565,872,23530.0,22900.0,43.9589281089688,20.39950644065175,161.19169947688374,24483.24160772897,22926.75839227103,23705.0,22931.8,-0.03973799126637556,0
2021-12-04,22510.0,23170.0,22510.0,23000.0,68897299430,3007743,1180,23120.0,22730.0,42.09099617164899,-33.89883377692968,122.17359282612105,24525.463472806317,22766.536527193683,23646.0,22946.8,-0.04091509018917727,0
2021-12-05,22550.0,23090.0,22300.0,22840.0,43772639890,1939454,834,23000.0,22420.0,38.84914636856086,-100.78330165364605,77.58221393016764,24594.779099952855,22552.220900047145,23573.5,22977.2,-0.07627118644067798,0
2021-12-06,22530.0,22860.0,22220.0,22820.0,252501130640,11064708,945,22840.0,22350.0,38.134901152747766,-157.62118045558964,30.54153505301619,24633.66475081619,22357.33524918381,23495.5,22995.8,-0.09082774049217002,0
2021-12-07,22660.0,22800.0,21910.0,22410.0,65346709310,2956977,914,22820.0,21980.0,34.522044465323546,-229.87169882799208,-21.541111723185463,24709.528352182602,22099.471647817398,23404.5,22995.4,-0.0723384895359418,0
2021-12-08,21770.0,22210.0,21770.0,22130.0,58019252910,2654322,1100,22410.0,21990.0,34.70210157433783,-283.0608890191543,-73.84506718237924,24669.43400857343,21911.56599142657,23290.5,22994.0,-0.064574806730332,0
2021-12-11,21760.0,21880.0,21350.0,21770.0,71317624120,3310866,677,22130.0,21800.0,32.85353316003102,-336.6642615162855,-126.40890604916049,24719.165750915592,21685.834249084408,23202.5,22991.2,-0.03669724770642202,0
2021-12-12,21250.0,21770.0,20690.0,21380.0,56963794060,2714917,749,21770.0,20710.0,24.71849834939637,-461.7761429711136,-193.4823534335511,24824.78811720177,21232.21188279823,23028.5,22963.4,0.00917431192660545,0
2021-12-13,20370.0,21220.0,20320.0,20650.0,88144077990,4307425,945,21380.0,20320.0,22.565493706823005,-585.6469772394739,-271.9152781947357,24934.87293323469,20754.12706676531,22844.5,22921.6,0.0334645669291338,0
2021-12-14,20110.0,21000.0,19730.0,20580.0,81228918330,3952021,835,20650.0,20390.0,23.847601631524284,-670.4386909569694,-351.61996074718246,24922.112016670875,20395.887983329125,22659.0,22878.6,0.040706228543403666,0
2021-12-15,21290.0,21330.0,20220.0,20620.0,48791991400,2361432,618,20580.0,20570.0,27.186190584586384,-714.871643972594,-424.27029739226475,24829.133717115375,20141.866282884625,22485.5,22834.8,0.07389402041808468,1
2021-12-18,20310.0,21100.0,20310.0,20870.0,84853330960,4042576,508,20610.0,21000.0,34.56627981323216,-707.2351069452598,-480.86325930286375,24728.80078194144,19984.19921805856,22356.5,22790.8,0.05238095238095242,1
2021-12-19,21000.0,21000.0,20370.0,20790.0,34641112950,1681259,565,20870.0,20900.0,33.710562945562856,-701.1696137535291,-524.9245301929968,24548.638125730402,19864.361874269598,22206.5,22750.4,0.08421052631578951,1
2021-12-20,20800.0,21820.0,20400.0,21000.0,145080040400,6909258,897,20790.0,21000.0,35.431954914552875,-680.4497018368893,-556.0295645217753,24324.031988724106,19798.968011275894,22061.5,22713.4,0.0942857142857143,1
2021-12-21,21050.0,21680.0,21000.0,21040.0,39368578210,1864442,482,21000.0,21220.0,39.17418708246953,-638.9118825080441,-572.6060281190291,24063.485411246067,19796.514588753933,21930.0,22682.2,0.07068803016022618,1
2021-12-22,21220.0,22090.0,21170.0,21550.0,72432439340,3301836,737,21040.0,22090.0,51.21555249969163,-529.6852504696835,-564.02187258916,23832.513562910877,19869.486437089123,21851.0,22686.0,0.03123585332729739,0
2021-12-25,22150.0,22620.0,21860.0,22230.0,110680181360,4960791,1073,21550.0,22100.0,51.33480615578307,-437.27480940863825,-538.6724599530556,23720.85143026809,19891.14856973191,21806.0,22684.6,0.0013574660633484115,0
2021-12-26,21640.0,23200.0,21640.0,22310.0,35072289590,1557576,759,22230.0,22660.0,57.58737114153246,-315.2179133134159,-493.98155062512774,23628.582655627946,19929.417344372054,21779.0,22683.8,0.001765225066195919,0
2021-12-27,23170.0,23170.0,22350.0,22540.0,104400636690,4622654,937,22310.0,22980.0,60.69503346254113,-190.46999855717877,-433.27924021153797,23588.063409172577,19948.936590827423,21768.5,22692.8,-0.0252393385552655,0
2021-12-28,22830.0,22830.0,22390.0,22550.0,83138312860,3685071,642,22540.0,22720.0,57.03814213775047,-111.30317077314976,-368.8840263238603,23486.220894584494,19996.779105415506,21741.5,22695.2,-0.011443661971830998,0
2021-12-29,22720.0,22780.0,22400.0,22570.0,126681198650,5611927,721,22550.0,22780.0,57.67193867562178,-43.22314136089699,-303.75184933126764,23465.00252963091,20005.99747036909,21735.5,22700.2,-0.006145741878841093,0
2022-01-01,22710.0,22710.0,21910.0,22370.0,47215358800,2138846,577,22570.0,22130.0,49.20339605904916,-41.24336741841398,-251.25015294869692,23385.0532143995,20025.9467856005,21705.5,22688.2,0.004066877541798464,0
2022-01-02,22130.0,22700.0,21710.0,22420.0,43069970820,1913178,584,22370.0,22700.0,55.389627435029546,6.2478328774741385,-199.75055578346272,23427.076938237253,20011.923061762747,21719.5,22687.4,-0.01938325991189427,0
2022-01-03,22750.0,22750.0,22400.0,22450.0,48653473570,2162507,446,22420.0,22400.0,51.813095531930585,19.453213931206847,-155.90980184052881,23433.404101899872,20010.595898100128,21722.0,22700.8,-0.004464285714285698,0
2022-01-04,22350.0,22700.0,22080.0,22450.0,71751800820,3196823,412,22450.0,22460.0,52.47406141153583,34.36394593705336,-117.85505228501238,23484.45218513473,20007.54781486527,21746.0,22710.2,-0.00267141585040076,0
2022-01-05,22450.0,22790.0,22280.0,22490.0,65475107190,2906773,436,22450.0,22640.0,54.49082465192285,60.0135058169908,-82.28134066461175,23557.80632550995,19999.19367449005,21778.5,22701.4,-0.006625441696113121,0
2022-01-08,22500.0,22640.0,22220.0,22480.0,44159065970,1966410,396,22490.0,22220.0,49.24025989079323,45.92112673925658,-56.64084718383808,23589.209194254683,20009.790805745317,21799.5,22694.8,-0.027452745274527457,0
2022-01-09,22490.0,22490.0,22000.0,22400.0,42363117980,1902327,421,22480.0,22260.0,49.7369968301334,37.54765450753621,-37.80314684556323,23604.43856620135,20149.56143379865,21877.0,22701.4,-0.019766397124887702,0
2022-01-10,22140.0,22500.0,22110.0,22380.0,60872223370,2721301,465,22400.0,22300.0,50.26118496354902,33.75023148260152,-23.492471179930277,23555.802519304176,20396.197480695824,21976.0,22690.0,-0.023766816143497738,0
2022-01-11,22380.0,22600.0,22150.0,22400.0,72733797500,3245957,881,22380.0,22400.0,51.61960127167242,38.36763245756447,-11.120450452431328,23486.55354508255,20666.44645491745,22076.5,22668.8,-0.0736607142857143,0
2022-01-12,22400.0,22500.0,22110.0,22400.0,156341491310,6979297,693,22400.0,22490.0,52.86723627650747,48.72750350680508,0.8491403394159551,23410.10858109497,20934.89141890503,22172.5,22656.2,-0.030680302356602906,0
2022-01-15,22400.0,22530.0,21370.0,22120.0,65958186510,3010406,596,22400.0,21610.0,41.577141625492104,-13.91051779087502,-2.10279128664224,23350.294208126197,21055.705791873803,22203.0,22610.2,-0.005552984729291999,0
2022-01-16,22080.0,22130.0,21330.0,21940.0,60596926850,2782358,862,22120.0,21820.0,44.616704129508356,-46.07522943103686,-10.897278915521165,23247.797276728335,21250.202723271665,22249.0,22569.2,-0.015123739688359339,0
2022-01-17,21700.0,21990.0,21410.0,21810.0,43577343650,2018443,434,21940.0,21770.0,44.029342102026966,-74.73903223252273,-23.66562957892148,23139.295163170085,21435.704836829915,22287.5,22526.4,-0.060633899862195695,0
2022-01-18,21310.0,21950.0,20720.0,21180.0,162020754240,7650519,1023,21810.0,20750.0,34.15201274443072,-177.7122220942838,-54.474948081993944,23247.979674586797,21280.020325413203,22264.0,22465.4,0.02168674698795181,0
2022-01-19,21180.0,21970.0,21180.0,21440.0,71057721880,3289062,620,21180.0,21800.0,47.266655537244596,-172.60332842934804,-78.10062415146476,23251.687108278657,21247.312891721343,22249.5,22416.0,0.004587155963302836,0
2022-01-22,21480.0,21950.0,21080.0,21480.0,33826613530,1567675,466,21440.0,21490.0,44.45177391021214,-191.36298919409091,-100.75309715998999,23273.303561598805,21164.696438401195,22219.0,22374.6,0.02233597021870648,0
2022-01-23,21500.0,21550.0,21010.0,21460.0,79043520420,3685449,709,21480.0,21490.0,44.45177391021215,-203.8799543038549,-121.37846858876298,23239.971630011598,21081.028369988402,22160.5,22320.6,0.019078641228478466,0
2022-01-24,21000.0,21500.0,20450.0,21210.0,44971430480,2160059,639,21460.0,20450.0,36.08945699547414,-294.3262380302658,-155.96802247706356,23279.831449273875,20788.168550726125,22034.0,22249.6,0.07970660146699271,1
2022-01-25,21210.0,22180.0,20380.0,20950.0,216690248260,10343050,1081,21210.0,21200.0,44.23650243544458,-302.00550604349337,-185.17551919034952,23212.58519041148,20703.41480958852,21958.0,22191.6,0.03915094339622649,0
2022-01-30,22000.0,22200.0,21610.0,21530.0,77999369420,3564146,686,20950.0,21900.0,50.56994950300951,-248.73991253769054,-197.88839785981776,23110.5684267938,20717.4315732062,21914.0,22148.8,-0.005022831050228271,0
2022-01-31,21540.0,21980.0,21540.0,21760.0,104500205140,4792484,609,21530.0,21970.0,51.167240664502685,-198.58892147146253,-198.02850258214673,23098.818510922676,20713.181489077324,21906.0,22116.6,0.001365498406918464,0
2022-02-01,21800.0,22000.0,21760.0,21920.0,150308531910,6856512,506,21760.0,21900.0,50.5099512070829,-162.61775842559655,-190.94635375083672,23001.929575281745,20730.070424718255,21866.0,22076.6,0.008219178082191858,0
2022-02-02,21920.0,22290.0,21850.0,22030.0,163534524600,7423611,636,21920.0,22080.0,52.209997967081826,-118.22305508851423,-176.40169401837224,22964.1992640456,20735.8007359544,21850.0,22040.2,0.02309782608695654,0
2022-02-05,22030.0,22160.0,22020.0,22080.0,79727683030,3606621,534,22030.0,22030.0,51.67894382958855,-86.08221281486112,-158.33779777767,22910.92828861766,20746.07171138234,21828.5,22003.8,0.001361779391738649,0
2022-02-06,22100.0,22100.0,21500.0,21980.0,39956446970,1833879,498,22080.0,21790.0,49.097456288245475,-79.06494650000968,-142.48322752213795,22802.37394693082,20769.62605306918,21786.0,21966.2,0.017898118402937202,0
2022-02-07,21980.0,22000.0,21800.0,21980.0,70668946430,3215857,658,21980.0,22000.0,51.38575484770813,-55.9139264926489,-125.16936731624014,22777.007983999993,20772.992016000007,21775.0,21946.2,0.007727272727272805,0
2022-02-08,22000.0,22100.0,21630.0,22010.0,102066561890,4637060,546,21980.0,22080.0,52.26610501405565,-30.756700828838802,-106.28683401875988,22753.550505037452,20778.449494962548,21766.0,21923.8,0.0031702898550725056,0
2022-02-09,22080.0,22590.0,21740.0,22020.0,215030676920,9765072,829,22010.0,22590.0,57.544379477346205,29.98764065510113,-79.03193908398768,22806.745097430303,20754.254902569697,21780.5,21911.8,-0.019034971226206232,0
2022-02-12,22570.0,22570.0,22030.0,22130.0,65241826750,2936701,922,22020.0,22060.0,51.207323420787525,34.95841941710023,-56.233867383770104,22758.93508075601,20768.06491924399,21763.5,21887.8,-0.46917497733454216,0
2022-02-13,22280.0,22280.0,21710.0,22130.0,47793768390,2160027,845,22130.0,22180.0,52.48323781612041,48.027167228727194,-35.38166046127065,22706.678256767995,20789.321743232005,21748.0,21873.4,-0.4770063119927863,0
2022-02-14,22000.0,22220.0,21780.0,22130.0,72112948870,3259676,864,22130.0,22170.0,52.360360149077444,56.92117571671406,-16.921093225673708,22749.517334206088,20802.482665793912,21776.0,21862.2,-0.48128101037437976,0
2022-02-16,21760.0,22200.0,21760.0,22140.0,118020912800,5329664,752,22130.0,22150.0,52.09764500478499,61.64530002249376,-1.2078145760402155,22779.53343408404,20805.46656591596,21792.5,21856.8,-0.4753950338600451,0
2022-02-19,22120.0,22200.0,21880.0,22150.0,388232602500,17527644,2194,22140.0,22160.0,52.226714105663326,65.44174727035715,12.12209779323926,22811.81198232455,20812.18801767545,21812.0,21853.0,-0.47653429602888087,0
2022-02-28,11310.0,11850.0,11310.0,11290.0,5086716120,441845,171,11280.0,11710.0,12.952219853976658,-765.9478367636002,-143.49188911812865,25872.972412944662,16847.027587055338,21360.0,21647.6,0.024765157984628416,0
2022-03-02,11780.0,11850.0,11450.0,11410.0,38933939860,3333574,1094,11290.0,11600.0,12.842739385712036,-1417.3676209866317,-398.2670354918293,27041.87532174214,14658.12467825786,20850.0,21439.8,0.08275862068965512,1
2022-03-05,11600.0,11700.0,11330.0,11450.0,44168888810,3835737,849,11410.0,11500.0,12.737333958563056,-1919.5641172185024,-702.5264518371639,27749.412014613983,12951.587985386019,20350.5,21233.8,0.10956521739130443,1
2022-03-06,11500.0,11700.0,11480.0,11530.0,71839820160,6205189,995,11450.0,11620.0,13.653169791272859,-2281.574886434719,-1018.3361387566749,28148.825130814017,11565.174869185983,19857.0,21052.0,0.11273666092943202,1
2022-03-07,11950.0,12100.0,11580.0,11960.0,232759227030,19457396,2194,11530.0,11600.0,13.627499030058104,-2540.7961456618395,-1322.828140137708,28444.251879204585,10384.748120795415,19414.5,20877.6,0.11896551724137927,1
2022-03-08,11790.0,12000.0,11600.0,11970.0,169296576410,14147191,1788,11960.0,12000.0,16.989166186314264,-2683.0259510886517,-1594.867702327897,28496.375025381465,9412.624974618537,18954.5,20709.8,0.08250000000000002,1
2022-03-13,12480.0,12560.0,11990.0,12520.0,255101394770,20380118,1780,11970.0,12560.0,21.590268611018715,-2719.211400342265,-1819.7364419307705,28316.933096572677,8658.066903427325,18487.5,20549.6,0.05095541401273884,1
2022-03-14,12800.0,13000.0,12670.0,12750.0,218679614010,17144947,2409,12520.0,12760.0,23.226944197057378,-2700.619243485786,-1995.9130022417737,28022.239066675596,8031.760933324402,18027.0,20384.8,0.042319749216300995,0
2022-03-15,12870.0,12960.0,12750.0,12920.0,345585566200,26744879,2447,12750.0,12930.0,24.666356530381776,-2641.715197589845,-2125.0734413113883,27643.093931202486,7513.906068797516,17578.5,20225.4,0.02706883217324063,0
2022-03-16,12930.0,13000.0,12800.0,12980.0,192340713550,14819542,1547,12920.0,12980.0,25.11108985086655,-2561.4716835962754,-2212.353089768366,27155.672795561175,7091.327204438825,17123.5,20065.0,-0.006163328197226536,0
2022-03-19,13000.0,13150.0,12940.0,12980.0,267956148490,20644069,1462,12980.0,12990.0,25.206192150814147,-2468.614552306766,-2263.605382276046,26592.673872077714,6750.326127922286,16671.5,19900.4,0.006928406466512715,0
2022-03-26,12820.0,13620.0,12820.0,13070.0,60410391720,4592740,1172,12980.0,13200.0,27.294267386201795,-2350.9787422958216,-2281.080054280001,25981.72607417669,6502.273925823309,16242.0,19722.6,0.0,0
2022-03-27,13590.0,13590.0,13190.0,13160.0,48311432970,3630435,798,13070.0,13300.0,28.320488449270243,-2224.044945366497,-2269.6730324973005,25251.86760097764,6362.132399022359,15807.0,19546.6,-0.02631578947368418,0
2022-03-28,13500.0,13500.0,13160.0,13210.0,49221752220,3704785,886,13160.0,13280.0,28.234652464348684,-2100.8455894205417,-2235.907543881949,24413.444826560153,6320.555173439847,15367.0,19359.0,-0.02033132530120485,0
2022-03-29,13440.0,13440.0,12800.0,13070.0,74295661550,5724648,1323,13210.0,12900.0,26.585889816140394,-2010.6940075321654,-2190.8648366119924,23349.026737688648,6415.973262311354,14882.5,19157.4,-0.015503875968992276,0
2022-03-30,13190.0,13190.0,12610.0,13040.0,61746651850,4746061,1201,13070.0,13080.0,28.709529187903286,-1902.7895600978845,-2133.249781309171,22257.959789659384,6609.040210340617,14433.5,18964.6,-0.012996941896024516,0
2022-04-03,13140.0,13250.0,12950.0,13130.0,94309655340,7170423,1177,13040.0,13200.0,30.159966922596794,-1786.9921775200546,-2063.998260551348,20964.358093113096,7004.6419068869045,13984.5,18773.0,-0.021212121212121238,0
2022-04-04,13300.0,13330.0,12760.0,13060.0,60715047900,4671236,1140,13130.0,12950.0,28.843357769664664,-1695.8461692038618,-1990.3678422818507,19412.633297862783,7634.3667021372175,13523.5,18589.4,-0.0007722007722007485,0
2022-04-05,12950.0,13140.0,12800.0,13050.0,60849453100,4663611,867,13060.0,13010.0,29.63725576130865,-1600.3232718711897,-1912.3589281997185,17427.225971669854,8705.774028330146,13066.5,18395.6,-0.016141429669485063,0
2022-04-06,13100.0,13100.0,12700.0,12970.0,117270269680,9039949,1061,13050.0,12700.0,27.904945933347776,-1531.975437529396,-1836.2822300656542,13862.17292869194,11324.82707130806,12593.5,18201.6,0.014173228346456623,0
2022-04-09,12640.0,12990.0,12610.0,12930.0,72042561160,5582860,738,12970.0,12910.0,30.853441214205475,-1444.2160181729541,-1757.8689876871144,13861.411834529246,11445.588165470754,12653.5,18010.6,0.0,0
2022-04-10,12740.0,12980.0,12740.0,12930.0,38317834960,2964786,819,12930.0,12920.0,30.998158708283626,-1358.2026153361621,-1677.9357132169241,13830.292059746484,11608.707940253516,12719.5,17816.2,-0.0023219814241486336,0
2022-04-11,12930.0,12990.0,12900.0,12930.0,93981071200,7270804,802,12930.0,12940.0,31.307809721572895,-1273.7396630812855,-1597.0965031897963,13753.482848077794,11829.517151922206,12791.5,17630.6,-0.005409582689335446,0
2022-04-12,12940.0,12940.0,12770.0,12870.0,53602223670,4184929,669,12930.0,12800.0,30.28334183845233,-1204.217524840782,-1518.5207075199935,13648.634700408327,12052.365299591673,12850.5,17441.4,0.0007812499999999556,0
2022-04-13,12770.0,12940.0,12770.0,12870.0,73413429400,5704670,777,12870.0,12880.0,31.659506518926293,-1129.6435700957663,-1440.745280035148,13469.530629781742,12359.469370218258,12914.5,17253.0,-0.00776397515527949,0
2022-04-16,12930.0,13040.0,12850.0,12920.0,88614556520,6846518,914,12870.0,12910.0,32.19998645672072,-1055.9500890836207,-1363.7862418448426,13324.032965534629,12595.967034465371,12960.0,17063.2,-0.009295120061967421,0
2022-04-17,12920.0,12960.0,12770.0,12910.0,24886471660,1929941,563,12920.0,12890.0,32.01818739649981,-987.774853657198,-1288.5839642073138,13293.37694771937,12659.62305228063,12976.5,16871.2,-0.02094647013188522,0
2022-04-18,12800.0,12960.0,12800.0,12910.0,51676340530,4005051,1249,12910.0,12870.0,31.82468571129587,-924.6999557743056,-1215.8071625207124,13287.260544446783,12676.739455553217,12982.0,16696.4,-0.009324009324009341,0
2022-04-19,12870.0,12900.0,12750.0,12860.0,55930784720,4366001,918,12910.0,12810.0,31.215204761459844,-869.5307342902815,-1146.5518768746263,13289.713244852594,12662.286755147406,12976.0,16516.2,-0.005464480874316946,0
2022-04-20,12770.0,12880.0,12660.0,12840.0,23904928480,1873290,835,12860.0,12780.0,30.896593371548647,-818.7909655003459,-1080.9996945997702,13291.109212413212,12640.890787586788,12966.0,16336.4,-0.014866979655712043,0
2022-04-24,12670.0,12840.0,12650.0,12820.0,28860564580,2262808,748,12840.0,12790.0,31.148865712444945,-768.9089134227543,-1018.5815383643671,13289.730430131767,12622.269569868233,12956.0,16177.2,-0.0218921032056294,0
2022-04-25,12830.0,12830.0,12610.0,12780.0,30279729420,2389152,1139,12820.0,12620.0,29.19745459002108,-734.626292411278,-961.7904891737493,13271.505442621627,12582.494557378373,12927.0,15993.6,-0.0015847860538826808,0
2022-04-26,12650.0,12800.0,12650.0,12770.0,76663868760,6004746,1315,12780.0,12750.0,32.67111285003931,-689.0245090842091,-907.2372931558413,13206.255603039148,12592.744396960852,12899.5,15818.8,-0.01254901960784316,0
2022-04-27,12700.0,12780.0,12500.0,12700.0,52145567640,4136755,1383,12770.0,12740.0,32.53886702296336,-646.2422058042066,-855.0382756855145,13131.951344178247,12613.048655821753,12872.5,15643.8,-0.015698587127158548,0
2022-04-30,12700.0,12750.0,12560.0,12690.0,57294095320,4521345,1065,12700.0,12590.0,30.541817349764926,-617.3245356468924,-807.4955276777902,13143.642634644417,12570.357365355583,12857.0,15486.6,-0.004765687053216894,0
2022-05-01,12650.0,12730.0,12480.0,12580.0,101676255630,8092872,1390,12690.0,12510.0,29.501851393719633,-594.0149703025927,-764.7994162027508,13133.542619966262,12523.457380033738,12828.5,15312.8,0.01678657074340517,0
2022-05-02,12690.0,12690.0,12430.0,12550.0,48780458180,3896849,1161,12580.0,12600.0,32.294926825016574,-561.803601781532,-724.2002533185071,13067.369856986365,12529.630143013635,12798.5,15126.8,0.026984126984126888,0
2022-05-07,12630.0,12740.0,12570.0,12620.0,73772562050,5828694,1148,12550.0,12590.0,32.142547019624786,-530.9621751421655,-685.5526376832388,13054.541967581355,12506.458032418645,12780.5,14939.2,0.030976965845909366,0
2022-05-08,12540.0,12670.0,12540.0,12610.0,40296440810,3198395,985,12620.0,12540.0,31.34614574580658,-504.7364172322068,-649.3893935930324,13028.8896835039,12485.1103164961,12757.0,14752.0,0.03668261562998398,0
2022-05-09,12530.0,12640.0,12290.0,12560.0,46658178460,3737220,1082,12610.0,12530.0,31.179751239651026,-479.2349098414161,-615.3584968427092,13037.101801788984,12459.898198211016,12748.5,14561.0,0.05027932960893855,1
2022-05-10,12490.0,12970.0,12350.0,12690.0,81827718200,6412773,1229,12560.0,12720.0,37.92236499153105,-438.6370347079883,-580.014204415765,13018.062716957753,12459.937283042247,12739.0,14374.8,0.08883647798742134,1
2022-05-11,12990.0,13040.0,12860.0,12890.0,83909794180,6464374,1157,12690.0,12940.0,44.68073837564838,-384.28101248427265,-540.8675660294665,13021.780056064732,12458.219943935268,12740.0,14197.8,0.07418856259659967,1
2022-05-14,12990.0,13100.0,12860.0,12980.0,110020889540,8470894,1024,12890.0,12980.0,45.83537350163845,-334.12423139749444,-499.5188991030721,13029.930547173872,12454.069452826128,12742.0,14017.4,0.055469953775038494,1
2022-05-15,12980.0,13050.0,12670.0,12970.0,91410599840,7053114,922,12980.0,13000.0,46.437357672450915,-289.4244828947776,-457.50001586141326,13060.454210533506,12443.545789466494,12752.0,13835.8,0.06538461538461537,1
2022-05-16,13090.0,13160.0,12990.0,13070.0,127526295520,9757750,1925,12970.0,13160.0,51.11787705704729,-238.34149494655503,-413.6683116784417,13118.66981724533,12413.33018275467,12766.0,13647.2,0.04103343465045595,0
2022-05-17,13310.0,13850.0,13250.0,13800.0,558660174850,40495279,4574,13070.0,13850.0,65.2290335531414,-140.56033350624784,-359.0467160440029,13401.560956907502,12224.439043092498,12813.0,13483.0,-0.013718411552346543,0
2022-05-18,13950.0,14310.0,13500.0,13950.0,172948755510,12399701,2344,13800.0,13900.0,65.99508828229273,-58.3607302865621,-298.90951889251477,13619.364405826796,12107.635594173204,12863.5,13317.4,-0.02086330935251801,0
2022-05-21,13950.0,13950.0,13500.0,13800.0,82737087950,6024670,1193,13950.0,13700.0,60.27473296337641,-9.248668159609224,-240.97734874593368,13744.27349534935,12065.72650465065,12905.0,13148.0,-0.025547445255474477,0
2022-05-22,13750.0,13940.0,13510.0,13830.0,96165522760,6950152,1001,13800.0,13850.0,62.87391385981426,41.30065308697158,-184.52174837935266,13889.93300938274,12024.06699061726,12957.0,12982.0,-0.025992779783393538,0
2022-05-23,14000.0,14000.0,13260.0,13620.0,107799871160,7923715,1448,13830.0,13700.0,58.7353120361024,68.46834747575122,-133.9237292083319,13985.875373583016,12020.124626416984,13003.0,12812.8,-0.019708029197080257,0
2022-05-24,13310.0,13760.0,13310.0,13610.0,69972123430,5145750,808,13620.0,13660.0,57.64562221057194,85.78242886324733,-89.98249759401605,14064.20870095326,12028.79129904674,13046.5,12851.8,-0.002196193265007307,0
2022-05-25,13660.0,13660.0,13410.0,13600.0,66890298200,4923172,1018,13610.0,13610.0,56.24102582826697,94.38141081797403,-53.10971591161804,14122.185168473992,12069.814831526008,13096.0,12892.0,0.0022042615723731895,0
2022-05-28,13660.0,13660.0,13240.0,13540.0,37035740840,2760066,862,13600.0,13350.0,49.488345701505686,79.30219256805321,-26.62733421568379,14145.026986883078,12106.973013116922,13126.0,12929.0,0.021722846441947663,0
2022-05-29,13250.0,13590.0,13140.0,13400.0,95148932200,7117121,767,13540.0,13490.0,52.77627561065199,77.75235271335077,-5.751396829876878,14178.138359217717,12148.861640782283,13163.5,12966.4,0.022979985174203188,0
2022-05-30,13410.0,13590.0,13230.0,13390.0,223095191080,16655983,1076,13400.0,13430.0,51.236978797644326,70.86569923501338,9.572022383101174,14190.821774851262,12220.178225148738,13205.5,13003.0,0.017870439314966458,0
2022-05-31,13200.0,13650.0,13180.0,13440.0,106881805920,7950436,920,13390.0,13630.0,55.858588595377135,80.61700264389219,23.78101843525938,14208.923347820848,12314.076652179152,13261.5,13035.6,0.00440205429200291,0
2022-06-01,13640.0,13950.0,13440.0,13630.0,90902979980,6640288,900,13440.0,13640.0,56.082714906119854,88.13592123895432,36.65199899599837,14223.4071381169,12403.5928618831,13313.5,13057.2,0.008064516129032251,0
2022-06-06,13670.0,13770.0,13590.0,13630.0,119338872540,8755648,1274,13630.0,13640.0,56.082714906119854,93.02241391327334,47.926081979453365,14222.467162240391,12509.532837759609,13366.0,13074.8,0.009530791788856297,0
2022-06-07,13630.0,13990.0,13620.0,13670.0,51348670230,3742548,693,13630.0,13800.0,59.864243825799186,108.55431086422686,60.05172775640807,14215.686722905717,12642.313277094283,13429.0,13092.2,-0.005072463768115987,0
2022-06-08,13850.0,13980.0,13630.0,13700.0,102915393330,7511643,733,13670.0,13670.0,55.66993226761665,109.11571946267395,69.86452609766125,14161.171089425605,12810.828910574395,13486.0,13106.0,0.008046817849304944,0
2022-06-11,13720.0,13950.0,13240.0,13700.0,189456775560,13826638,1679,13700.0,13690.0,56.178619187925825,109.90752711715322,77.87312630155965,14115.377784044269,12953.622215955731,13534.5,13120.0,0.007304601899196461,0
2022-06-12,13720.0,13840.0,13510.0,13720.0,57539670520,4184002,703,13700.0,13750.0,57.745135173003945,114.06170659440068,85.11084236012786,14094.095366956975,13055.904633043025,13575.0,13131.0,0.0029090909090909722,0
2022-06-13,13710.0,14090.0,13660.0,13770.0,72107688440,5221876,1152,13720.0,13770.0,58.280501778558325,117.61199870227938,91.61107362855817,14061.734837637021,13167.265162362979,13614.5,13140.4,-0.001452432824981864,0
2022-06-14,13970.0,13970.0,13500.0,13760.0,71030823700,5163742,886,13770.0,13730.0,56.73232752220438,115.86237572466416,96.46133404777937,14000.050139659374,13301.949860340626,13651.0,13149.4,0.010196649672250535,0
2022-06-15,13760.0,13800.0,13700.0,13760.0,47607124460,3461377,720,13760.0,13780.0,58.22613926881774,117.1598235259662,100.60103194341674,13952.37751385099,13411.62248614901,13682.0,13167.0,0.0014513788098693414,0
2022-06-18,13780.0,13920.0,13570.0,13730.0,127828000760,9311722,950,13760.0,13790.0,58.53448227896984,117.63890857227489,104.00860726918837,13943.11361191018,13414.88638808982,13679.0,13181.2,-0.00217548948513413,0
2022-06-19,13740.0,13870.0,13540.0,13740.0,82748736830,6018566,885,13730.0,13790.0,58.53448227896984,116.67364576157888,106.54161496766648,13923.161771195028,13423.838228804972,13673.5,13193.0,-0.027556200145032683,0
2022-06-20,13790.0,13860.0,13720.0,13740.0,36364913950,2644796,493,13740.0,13750.0,56.59650593455702,111.39688833711261,107.5126696415557,13927.666445908546,13424.333554091454,13676.0,13209.0,-0.0036363636363636598,0
2022-06-21,13720.0,13880.0,13610.0,13750.0,41668024680,3028598,559,13740.0,13870.0,60.79055339756469,115.56584604344789,109.12330492193415,13931.566297840542,13422.433702159458,13677.0,13226.2,-0.010814708002883977,0
2022-06-22,13760.0,13870.0,13620.0,13750.0,68200404470,4960280,691,13750.0,13800.0,57.311569430875025,111.9310881661495,109.68486157077723,13942.04614974316,13421.95385025684,13682.0,13248.2,-0.007246376811594235,0
2022-06-25,13710.0,13800.0,13600.0,13750.0,126624589710,9212317,1085,13750.0,13760.0,55.36184375769927,104.6168922432953,108.67126770528085,13948.999999992831,13425.000000007169,13687.0,13265.2,0.01744186046511631,0
2022-06-26,13560.0,13770.0,13320.0,13700.0,222428521450,16235023,1225,13750.0,13410.0,41.922662718088496,69.77395364569384,100.89180489336346,13964.060969127187,13389.939030872813,13677.0,13275.0,0.03952274422073088,0
2022-06-27,13360.0,13750.0,13360.0,13690.0,177509290060,12962189,988,13700.0,13700.0,52.262947428299306,64.81411339235274,93.67626659316132,13939.2427220496,13449.7572779504,13694.5,13290.2,0.012408759124087565,0
2022-06-28,13700.0,13770.0,13620.0,13690.0,77002710550,5624590,526,13690.0,13720.0,52.88595436117559,61.78501788455105,87.29801685143927,13932.132704393354,13479.867295606646,13706.0,13308.6,0.02478134110787167,0
2022-06-29,13750.0,13830.0,13500.0,13680.0,55560256400,4065287,682,13690.0,13700.0,52.15295951613879,57.112250544993,81.26086359015002,13907.060656845346,13531.939343154654,13719.5,13325.0,-0.0576642335766423,0
2022-07-02,13530.0,14000.0,13510.0,13790.0,147844427220,10719045,1054,13680.0,14000.0,60.90579725971125,76.73202256619697,80.35509538535942,13956.96118376613,13519.03881623387,13738.0,13346.8,-0.07714285714285718,0
2022-07-03,13990.0,14000.0,13760.0,13860.0,188804135050,13618542,1426,13790.0,13940.0,58.59700992124687,86.44287503219675,81.5726513147269,13983.833273156779,13522.166726843221,13753.0,13367.8,-0.11836441893830707,0
2022-07-04,13980.0,14070.0,13830.0,13940.0,175617015430,12593970,1568,13860.0,13870.0,55.9330641242338,87.48194320319817,82.75450969242115,13994.584766980077,13534.415233019923,13764.5,13387.8,-0.15717375630857966,0
2022-07-05,13990.0,14090.0,13890.0,13990.0,180932377030,12933823,1450,13940.0,14060.0,61.102171251986405,102.45577788756418,86.69476333144976,14041.081107054892,13513.918892945108,13777.5,13412.8,-0.17425320056899007,0
2022-07-19,13350.0,13410.0,12800.0,13140.0,187549533910,14272948,2037,13360.0,12910.0,34.62673429707867,21.281935798249833,73.61219782480977,14199.824885267206,13279.175114732794,13739.5,13415.4,-0.08597986057319906,0
2022-07-20,12900.0,13190.0,12760.0,13070.0,45013193950,3471394,748,13140.0,12920.0,34.89092338323843,-41.760612115578624,50.53763583673209,14283.920234677309,13118.079765322691,13701.0,13418.0,-0.07352941176470584,0
2022-07-23,12870.0,12980.0,12290.0,12430.0,215971779190,17370478,2491,13070.0,12290.0,27.382984814830536,-140.9334275795136,12.243423153482954,14474.27655054138,12781.72344945862,13628.0,13411.4,-0.05695687550854356,0
2022-07-24,12110.0,12180.0,11690.0,12040.0,83484266550,7007908,1314,12430.0,11690.0,22.432186460852407,-264.8900957910919,-43.18328063543201,14715.66102562607,12332.33897437393,13524.0,13390.2,-0.017108639863130826,0
2022-07-25,11690.0,12000.0,11590.0,11900.0,47111094510,4019720,829,12040.0,11610.0,21.864565118988395,-365.3702193666486,-107.62066838167533,14866.897511902112,11969.102488097888,13418.0,13367.6,0.01636520241171402,0
2022-07-26,11820.0,12070.0,11770.0,11870.0,164290765220,13838812,962,11900.0,11800.0,26.614068675888987,-424.7735045683894,-171.05123561901814,14918.211055488327,11719.788944511673,13319.0,13351.8,-0.021186440677966156,0
2022-07-27,11950.0,12000.0,11770.0,11870.0,67156084400,5656223,764,11870.0,11970.0,30.67450908357533,-452.91256272282044,-227.4235010397786,14914.399715368823,11541.600284631177,13228.0,13341.0,-0.039264828738513,0
2022-07-30,11720.0,11960.0,11560.0,11850.0,16160250350,1376596,441,11870.0,11590.0,27.06910763797201,-500.1108269438373,-281.96096622059036,14926.033185535045,11309.966814464955,13118.0,13320.8,-0.01380500431406384,0
2022-07-31,11430.0,11750.0,11200.0,11710.0,48528401190,4218649,673,11850.0,11490.0,26.19649736475415,-539.3674632771836,-333.44226563190904,14920.228445902983,11089.771554097017,13005.0,13298.8,-0.022628372497824234,0
2022-08-01,11490.0,11930.0,11490.0,11720.0,56148655480,4785787,495,11710.0,11800.0,33.3674848788568,-539.2481046975881,-374.6034334450449,14842.121292265936,10960.878707734064,12901.5,13284.0,-0.055932203389830515,0
2022-08-02,11520.0,11890.0,11510.0,11700.0,78676830160,6733045,484,11720.0,11550.0,30.770885299269892,-552.9523325375321,-410.2732132635424,14768.706038783503,10809.293961216497,12789.0,13264.4,-0.03116883116883118,0
2022-08-03,11700.0,11850.0,11420.0,11670.0,18564261950,1611333,532,11700.0,11500.0,30.263640780800245,-561.3764160869177,-440.4938538282175,14678.971792111864,10673.028207888136,12676.0,13240.0,-0.034782608695652195,0
2022-08-06,11700.0,11700.0,11330.0,11610.0,32149332040,2805145,779,11670.0,11430.0,29.529719613486876,-567.1630750947043,-465.8276980815149,14620.390320030849,10533.609679969151,12577.0,13209.8,-0.04286964129483817,0
2022-08-09,11350.0,11500.0,11140.0,11520.0,30325131550,2690500,948,11610.0,11230.0,27.479265743523968,-581.1878013817786,-488.89971874156765,14509.002614932835,10397.997385067165,12453.5,13174.8,-0.03918076580587715,0
2022-08-10,11150.0,11500.0,11100.0,11430.0,35748136580,3183501,617,11520.0,11140.0,26.58468529825936,-592.7320991692923,-509.66619482711263,14369.684343768471,10279.315656231529,12324.5,13137.6,-0.030520646319569078,0
2022-08-13,11360.0,11360.0,11040.0,11390.0,20817554110,1853796,701,11430.0,11190.0,27.987291011223775,-591.0333911775251,-525.9396340971952,14198.698977345244,10199.301022654756,12199.0,13098.2,-0.05272564789991063,0
2022-08-14,11240.0,11300.0,11010.0,11340.0,20955242100,1888844,584,11390.0,11100.0,26.98781172291801,-590.1465585209844,-538.781018981953,13926.841691119555,10181.158308880445,12054.0,13043.2,-0.057657657657657624,0
2022-08-15,11010.0,11100.0,10890.0,11260.0,25428830240,2318608,874,11340.0,10940.0,25.260699847351205,-595.4899624679001,-550.1228076791424,13622.818198645655,10185.181801354345,11904.0,12984.0,-0.06764168190127973,0
2022-08-16,10960.0,10960.0,10710.0,11160.0,26473297330,2443846,851,11260.0,10790.0,23.727626093968112,-604.8559916289541,-561.0694444691047,13277.952878853084,10222.047121146916,11750.0,12925.8,-0.043558850787766445,0
2022-08-17,10790.0,11100.0,10680.0,11030.0,50086372440,4609352,899,11160.0,10800.0,24.058521048415415,-604.5033820926983,-569.7562319938235,12745.293572457069,10428.706427542931,11587.0,12864.8,-0.0444444444444444,0
2022-08-20,10880.0,10900.0,10490.0,10870.0,45898299930,4315347,935,11030.0,10600.0,22.002577785395758,-613.2926095831772,-578.4635075116942,12535.948683589448,10407.051316410552,11471.5,12802.8,-0.028301886792452824,0
2022-08-21,10510.0,10890.0,10390.0,10690.0,91704701400,8617045,921,10870.0,10460.0,20.67094276828891,-624.35775807762,-587.6423576248793,12274.52969714543,10422.47030285457,11348.5,12738.8,-0.0009560229445506607,0
2022-08-22,10580.0,10640.0,10160.0,10380.0,119483330740,11505989,1234,10690.0,10200.0,18.439018576736757,-646.6525865780786,-599.4444034155192,12192.881446754658,10295.118553245342,11244.0,12670.6,0.019607843137254832,0
2022-08-23,10300.0,10390.0,10130.0,10320.0,68773811500,6688887,1008,10380.0,10320.0,22.593248941936096,-647.1781349863813,-608.9911497296916,12181.769844522425,10169.230155477575,11175.5,12610.0,-0.009689922480620172,0
2022-08-24,10410.0,10450.0,10260.0,10330.0,42635321800,4125534,1067,10320.0,10320.0,22.593248941936082,-640.214640035776,-615.2358477909086,12161.978591596973,10060.021408403027,11111.0,12546.6,-0.022286821705426396,0
2022-08-27,10540.0,10910.0,10300.0,10470.0,72358673210,6852809,1521,10330.0,10300.0,22.37298159815022,-629.0584586353216,-618.0003699597912,12093.665353500399,9978.334646499601,11036.0,12484.0,-0.01844660194174752,0
2022-08-28,10470.0,10600.0,10340.0,10470.0,28859390350,2758189,770,10470.0,10450.0,28.039442458965965,-601.1832913428261,-614.6369542363982,11954.866825256071,9965.133174743929,10960.0,12420.4,-0.03157894736842104,0
2022-08-29,10340.0,10550.0,10300.0,10450.0,28816100280,2769100,697,10470.0,10400.0,27.323466863616673,-576.4812851581883,-607.0058204207562,11879.754308131993,9921.245691868007,10900.5,12355.6,-0.02692307692307694,0
2022-08-30,10450.0,10450.0,10150.0,10390.0,39214289690,3816897,956,10450.0,10220.0,24.86221608612361,-564.9172485729796,-598.588106051201,11819.814326307385,9854.185673692615,10837.0,12287.2,-0.022504892367906093,0
2022-08-31,10220.0,10380.0,10080.0,10320.0,38139779180,3743494,943,10390.0,10090.0,23.234393974884057,-559.789672917068,-590.8284194243744,11680.376202728332,9822.623797271668,10751.5,12213.0,-0.024777006937561907,0
2022-09-03,10210.0,10340.0,9970.0,10270.0,61810495340,6041450,803,10320.0,10110.0,24.058189409162097,-547.797530475349,-582.2222416345694,11572.169591727517,9786.830408272483,10679.5,12141.8,-0.023738872403560873,0
2022-09-04,10110.0,10300.0,10110.0,10250.0,52100891250,5097650,518,10270.0,10120.0,24.49449022950995,-531.3615495825452,-572.0501032241646,11450.606540859519,9770.393459140481,10610.5,12070.4,-0.02766798418972327,0
2022-09-05,10130.0,10260.0,10080.0,10200.0,67649616930,6657919,680,10250.0,10120.0,24.49449022950995,-512.4289543009181,-560.1258734395153,11321.157200568878,9768.842799431122,10545.0,11997.8,-0.05039525691699609,0
2022-09-06,10100.0,10130.0,9950.0,10180.0,15506270610,1548385,566,10200.0,9990.0,22.541911550811747,-502.12644854692735,-548.5259884609977,11227.851663081241,9738.148336918759,10483.0,11922.2,-0.034034034034034044,0
2022-09-07,10100.0,10100.0,9800.0,10130.0,20642964400,2086714,791,10180.0,9840.0,20.510282690627378,-500.29825801548577,-538.8804423718954,11148.933649516059,9687.066350483941,10418.0,11844.4,-0.03353658536585369,0
2022-09-10,9760.0,10070.0,9650.0,10010.0,71780040670,7223860,878,10130.0,9870.0,22.0239469610526,-490.77134796361133,-529.2586234902386,11028.53824725202,9675.46175274798,10352.0,11766.2,-0.04255319148936165,0
2022-09-11,9850.0,10040.0,9820.0,9990.0,46569569420,4675893,510,10010.0,9840.0,21.581376492125727,-480.1075711655485,-519.4284130253006,10907.349415779468,9670.650584220532,10289.0,11687.2,-0.03658536585365857,0
2022-09-12,9850.0,10000.0,9520.0,9820.0,75698182690,7773766,1094,9990.0,9610.0,18.510291704604782,-484.62902727914116,-512.4685358760688,10832.512294953784,9612.487705046216,10222.5,11603.6,-0.027055150884495283,0
2022-09-13,9700.0,9870.0,9590.0,9800.0,21707397520,2236425,612,9820.0,9650.0,20.625772161986532,-479.45775754159513,-505.8663802091741,10765.715794522901,9565.284205477099,10165.5,11521.6,-0.051813471502590636,0
2022-09-14,9800.0,9800.0,9490.0,9730.0,32375158960,3391496,855,9800.0,9510.0,18.787429961646865,-481.110378031648,-500.9151797736689,10691.792687831128,9510.207312168872,10101.0,11434.4,-0.056782334384858024,0
2022-09-18,9640.0,9640.0,9310.0,9670.0,21155499630,2248994,696,9730.0,9450.0,18.04512242227763,-481.7087516004158,-497.0738941390183,10652.409681311363,9434.590318688637,10043.5,11347.4,-0.03703703703703709,0
2022-09-19,9450.0,9690.0,9430.0,9630.0,37655047070,3941133,530,9670.0,9480.0,19.75239653838095,-474.29484198506,-492.5180837082267,10618.982986153092,9370.017013846908,9994.5,11261.8,-0.05485232067510548,0
2022-09-20,9400.0,9590.0,9260.0,9570.0,30259339280,3220608,611,9630.0,9350.0,18.002295518983686,-473.4515242865891,-488.7047718238992,10628.301707815874,9275.698292184126,9952.0,11180.6,-0.04278074866310155,0
2022-09-21,9260.0,9350.0,9000.0,9360.0,48735419760,5364568,1112,9570.0,9150.0,15.697903771067217,-483.34976228024607,-487.63376991516856,10631.91113209014,9155.08886790986,9893.5,11089.6,-0.031693989071038264,0
2022-09-24,9100.0,9150.0,8820.0,9180.0,48744472050,5448946,906,9360.0,8970.0,13.965276462792431,-499.9555070071274,-490.09811733356037,10639.151892326774,9012.848107673226,9826.0,10994.6,-0.004459308807134854,0
2022-09-26,8810.0,9250.0,8810.0,9150.0,31878691640,3516103,699,9180.0,9100.0,20.767088668127712,-496.89783684149734,-491.4580612351478,10607.008917904315,8924.991082095685,9766.0,10902.6,-0.031868131868131866,0
2022-09-28,9000.0,9280.0,8780.0,9090.0,47623086190,5289022,1061,9150.0,8960.0,19.022887121522004,-500.0076640696607,-493.1679818020504,10540.882717033115,8842.117282966885,9691.5,10801.8,-0.0323660714285714,0
2022-10-01,9080.0,9080.0,8770.0,9050.0,25253814060,2840535,577,9090.0,8950.0,18.900775409726023,-497.5437661536107,-494.0431386723625,10461.612603747728,8776.387396252272,9619.0,10702.0,-0.027932960893854775,0
2022-10-02,8940.0,9050.0,8770.0,9020.0,24705417710,2775012,401,9050.0,8860.0,17.79370686097552,-497.12283455381476,-494.659077848653,10408.015752477455,8693.984247522545,9551.0,10601.8,-0.003386004514672636,0
2022-10-03,9000.0,9130.0,8880.0,9010.0,19271708820,2146605,267,9020.0,8930.0,21.63820353030819,-485.5437817670372,-492.83601863232985,10353.258100801424,8632.741899198576,9493.0,10499.2,-0.007838745800671898,0
2022-10-04,8840.0,8990.0,8760.0,8990.0,10240496130,1160116,322,9010.0,8810.0,19.918480461709606,-480.5112614153786,-490.3710671889396,10288.409204968453,8567.590795031547,9428.0,10417.2,0.022701475595913845,0
2022-10-08,8820.0,8920.0,8610.0,8950.0,14713515170,1689715,544,8990.0,8670.0,18.11010064067952,-482.2605829470958,-488.7489703405709,10214.81309776729,8496.18690223271,9355.5,10332.2,0.02076124567474058,0
2022-10-09,8700.0,8780.0,8550.0,8840.0,49024278140,5643528,442,8950.0,8700.0,19.790593432354115,-475.7421245124333,-486.1476011749434,10113.534981164477,8455.465018835523,9284.5,10260.4,-0.01379310344827589,0
2022-10-10,8620.0,9010.0,8610.0,8850.0,41214392050,4653155,699,8840.0,8830.0,26.80063231753553,-454.8431371404058,-479.8867083680359,10011.108819727615,8441.891180272385,9226.5,10203.2,-0.0317100792751982,0
2022-10-11,8850.0,9030.0,8840.0,8850.0,17291873200,1948463,387,8850.0,8860.0,28.356716862424435,-430.8927266678438,-470.0879120279975,9924.222840145083,8430.777159854917,9177.5,10148.2,-0.036117381489842004,0
2022-10-12,8860.0,9080.0,8820.0,8870.0,25056746410,2797734,403,8850.0,9010.0,35.71520829457664,-395.2518896689089,-455.1207075561798,9812.658536032926,8456.341463967074,9134.5,10092.4,-0.07547169811320753,0
2022-10-15,9010.0,9100.0,8770.0,8870.0,11338463350,1276052,306,8870.0,8850.0,31.946053836089163,-375.58739470200635,-439.21404498534514,9690.590620794526,8479.409379205474,9085.0,10030.0,-0.07796610169491525,0
2022-10-16,8770.0,8870.0,8520.0,8850.0,11305854450,1307662,351,8870.0,8580.0,26.805170120513736,-377.43900240939547,-426.8590364701552,9626.805149138518,8440.194850861482,9033.5,9969.8,-0.06643356643356646,0
2022-10-17,8580.0,8690.0,8430.0,8820.0,11097076790,1302585,433,8850.0,8550.0,26.29876499874335,-376.9815554290399,-416.8835402619321,9535.860744934782,8421.139255065218,8978.5,9911.0,-0.08421052631578951,0
2022-10-18,8430.0,8630.0,8430.0,8750.0,27559618280,3235487,551,8820.0,8540.0,26.12161426225005,-373.1247914936721,-408.1317905082802,9462.165387820587,8397.834612179413,8930.0,9845.8,-0.10772833723653397,0
2022-10-19,8600.0,8600.0,8310.0,8660.0,26146020360,3123861,773,8750.0,8330.0,22.66833839788565,-382.6031127238675,-403.02605495139767,9411.192702848999,8336.807297151001,8874.0,9781.4,-0.10324129651860747,0
2022-10-22,8290.0,8470.0,8080.0,8470.0,43068785560,5273814,1088,8660.0,8160.0,20.325768558291458,-399.230252004234,-402.266894361965,9355.415746936626,8260.584253063374,8808.0,9714.6,-0.019607843137254943,0
2022-10-23,8180.0,8180.0,7980.0,8280.0,51175302750,6346269,987,8470.0,8010.0,18.508301885575833,-419.673392443221,-405.74819397821625,9332.874986795485,8149.125013204515,8741.0,9646.2,0.0,0
2022-10-24,8130.0,8130.0,7790.0,8140.0,37863798290,4803735,785,8280.0,7830.0,16.59112871883015,-445.26646951144903,-413.6518490848628,9357.216974278805,7992.783025721195,8675.0,9578.2,0.033205619412515874,0
2022-10-25,7850.0,7940.0,7620.0,8010.0,30622623400,3986876,800,8140.0,7620.0,14.68053586645621,-476.99590061035815,-426.3206593899619,9415.209725083274,7799.790274916725,8607.5,9507.8,0.05774278215223094,1
2022-10-26,7880.0,7880.0,7450.0,7780.0,48131237890,6405878,805,8010.0,7470.0,13.485917058367122,-508.3851027464216,-442.7335480612538,9440.382851979446,7611.617148020555,8526.0,9433.4,0.08165997322623819,1
2022-10-29,7860.0,8320.0,7770.0,7850.0,196295445180,25010057,1152,7780.0,8000.0,33.940549874862626,-484.90501777899226,-451.1678420048015,9396.99075076632,7559.00924923368,8478.0,9371.4,0.03249999999999997,0
2022-10-30,7890.0,8040.0,7880.0,8010.0,176830918750,22084527,1024,7850.0,8010.0,34.25638995483793,-460.1852359067443,-452.9713207851901,9344.759268075582,7517.240731924418,8431.0,9312.8,0.0536828963795255,1
2022-10-31,8050.0,8110.0,8000.0,8050.0,110253712110,13683565,791,8010.0,8090.0,36.85732745688689,-429.1918428625968,-448.21542520067146,9295.536544107717,7489.4634558922835,8392.5,9258.8,0.05191594561186652,1
2022-11-01,8130.0,8130.0,8050.0,8060.0,78467244310,9733543,652,8050.0,8060.0,36.277722180446744,-402.41135722558556,-439.0546116056543,9227.769594372718,7470.230405627282,8349.0,9204.0,0.03349875930521096,0
2022-11-02,8060.0,8160.0,8060.0,8080.0,72310024270,8935982,572,8060.0,8080.0,36.98912798360413,-375.2481692509991,-426.2933231347233,9172.078385020222,7452.921614979778,8312.5,9153.6,0.033415841584158334,0
2022-11-05,8130.0,8340.0,8090.0,8190.0,82600540960,10013718,1178,8080.0,8260.0,43.14157816634763,-335.33116249881823,-408.1008910075423,9135.909947798915,7448.090052201086,8292.0,9109.6,0.001210653753026536,0
2022-11-06,8260.0,8640.0,8190.0,8370.0,118943140040,14190183,1690,8190.0,8440.0,48.55148902604915,-285.8767422513956,-383.656061256313,9105.1936818894,7452.806318110602,8279.0,9074.4,-0.048578199052132676,0
2022-11-07,8530.0,8680.0,8250.0,8510.0,385310655810,45294233,3688,8370.0,8510.0,50.523042286203214,-238.28850140510986,-354.5825492860724,9057.684843188767,7468.315156811234,8263.0,9038.2,-0.05522914218566388,0
2022-11-08,8610.0,8650.0,8060.0,8390.0,382966761430,45647212,4090,8510.0,8330.0,45.67593836996984,-212.6477030052538,-326.1955800299087,8983.7154976939,7489.2845023061,8236.5,8998.4,-0.038415366146458574,0
2022-11-09,8150.0,8400.0,8060.0,8260.0,328722789310,39788389,2966,8390.0,8350.0,46.29249081147934,-188.53998114775823,-298.66446025347864,8864.477306716297,7542.522693283704,8203.5,8959.4,-0.05508982035928145,0
2022-11-12,8340.0,8350.0,8220.0,8260.0,282762106240,34230224,2211,8260.0,8270.0,44.134731723829965,-173.88532748564285,-273.7086336999115,8766.79975518644,7582.200244813561,8174.5,8915.8,-0.051995163240628806,0
2022-11-13,8290.0,8290.0,7990.0,8130.0,85154583660,10540989,1866,8260.0,8030.0,38.35832253689953,-179.56746119782474,-254.88039919949418,8711.875207451969,7582.124792548031,8147.0,8868.4,-0.0062266500622665255,0
2022-11-14,8070.0,8140.0,7860.0,8010.0,134092567770,16730755,1271,8130.0,8040.0,38.71822287254682,-181.17520172790682,-240.13935970517673,8656.561678681901,7586.438321318099,8121.5,8824.8,-0.018656716417910446,0
2022-11-15,7960.0,8140.0,7940.0,8010.0,117232203530,14642478,1128,8010.0,8010.0,38.00139759714085,-182.7633152289336,-228.66415080992812,8595.939118051168,7594.060881948832,8095.0,8783.2,-0.028714107365792718,0
2022-11-16,8000.0,8020.0,7880.0,7950.0,101989977380,12838128,1440,8010.0,7890.0,35.19455506561077,-191.49744044792715,-221.23080873752792,8569.350682475479,7576.649317524521,8073.0,8738.8,-0.025348542458808576,0
2022-11-19,7900.0,7900.0,7570.0,7810.0,69252574870,8973904,1133,7950.0,7840.0,34.065521224445305,-200.14671302180614,-217.0139895943836,8561.662263294837,7552.3377367051635,8057.0,8693.2,-0.02423469387755106,0
2022-11-20,7620.0,8050.0,7620.0,7810.0,124034177590,15890704,1523,7810.0,7980.0,39.88100571456123,-193.47424323755968,-212.30604032301883,8560.889948449576,7550.110051550423,8055.5,8650.4,-0.05012531328320802,0
2022-11-21,7970.0,7970.0,7770.0,7830.0,122302244860,15613426,1618,7810.0,7890.0,37.58592619149956,-193.2211772443461,-208.48906770728428,8559.190523171617,7557.809476828384,8058.5,8608.4,-0.055766793409378956,0
2022-11-22,7910.0,7940.0,7710.0,7810.0,46070176090,5924331,1054,7830.0,7780.0,34.93936747345694,-199.59588420414366,-206.71043100665617,8543.460166045206,7589.539833954794,8066.5,8567.2,-0.05398457583547556,0
2022-11-23,7760.0,7820.0,7680.0,7770.0,60116790570,7765345,1409,7810.0,7690.0,32.89826955542232,-209.49520294239937,-207.26738539380483,8506.679449640678,7648.320550359322,8077.5,8523.6,-0.024707412223667125,0
2022-11-26,7680.0,7890.0,7600.0,7740.0,84179473940,10886939,1441,7770.0,7650.0,32.00342534992643,-218.0545529174724,-209.42481889853835,8527.247257877312,7592.752742122688,8060.0,8479.8,0.022222222222222143,0
2022-11-27,7750.0,7750.0,7490.0,7550.0,145680908170,19301872,2591,7740.0,7580.0,30.44285795534637,-227.85968975928336,-213.11179307068738,8550.409171625064,7526.590828374937,8038.5,8439.2,0.02770448548812654,0
2022-11-28,7570.0,7650.0,7420.0,7500.0,121516577800,16192175,2051,7550.0,7450.0,27.73773474043223,-243.31545577768975,-219.15252561208789,8578.068893479907,7434.931106520093,8006.5,8395.2,0.01879194630872494,0
2022-11-29,7490.0,7500.0,7270.0,7350.0,180635539620,24577242,3251,7500.0,7360.0,26.01428968363649,-259.831335640798,-227.2882876178299,8607.747593310836,7335.252406689165,7971.5,8352.2,0.020380434782608647,0
2022-11-30,7410.0,7680.0,7320.0,7440.0,514482464330,69156967,4779,7350.0,7500.0,32.989241262389086,-258.6419955262436,-233.55902919951265,8608.499249244185,7276.500750755815,7942.5,8313.2,-0.014666666666666717,0
2022-12-03,7640.0,7900.0,7560.0,7800.0,557435788110,71455936,6693,7440.0,7820.0,45.6107918266722,-229.23562369260526,-232.69434809813117,8572.005180327686,7268.994819672315,7920.5,8280.0,-0.07416879795396425,0
2022-12-04,7900.0,8030.0,7660.0,7850.0,328536862230,41836421,4569,7800.0,7790.0,44.75963291216419,-205.97723409425453,-227.35092529735587,8495.999999994898,7280.000000005102,7888.0,8248.8,-0.07317073170731703,0
2022-12-05,7750.0,7850.0,7570.0,7690.0,192833406050,25083219,2914,7850.0,7590.0,39.47130958269354,-201.36194612865984,-222.15312946361666,8391.166641370155,7292.833358629846,7842.0,8217.6,-0.025032938076416378,0
2022-12-06,7540.0,7660.0,7340.0,7450.0,224468126150,30134337,3948,7690.0,7510.0,37.55970387588004,-201.83302312281103,-218.08910819545554,8319.91810528614,7282.081894713859,7801.0,8188.4,0.031957390146471365,0
2022-12-07,7450.0,7610.0,7340.0,7410.0,185345423050,25000754,2933,7450.0,7390.0,34.83448074598488,-209.4746586809315,-216.36621829255074,8236.28459523736,7269.715404762641,7753.0,8154.2,0.0311231393775373,0
2022-12-10,7470.0,7470.0,7150.0,7290.0,282863006960,38813491,2764,7410.0,7240.0,31.73484289416554,-225.04033145517496,-218.1010409250756,8172.807755074873,7230.192244925127,7701.5,8119.8,0.04281767955801108,0
2022-12-11,7330.0,7340.0,7170.0,7240.0,188034052320,25957600,2841,7290.0,7220.0,31.33448572864627,-236.2665385409191,-221.73414044824432,8151.261154889616,7170.738845110384,7661.0,8085.2,0.05124653739612195,1
2022-12-12,7270.0,7570.0,7270.0,7380.0,310746038750,42131268,3183,7240.0,7400.0,38.81579743874517,-228.01052940819955,-222.98941824023538,8099.272261560987,7158.727738439013,7629.0,8056.0,0.012162162162162149,0
2022-12-13,7460.0,7850.0,7460.0,7630.0,938487075900,122979006,6780,7380.0,7750.0,50.181791004943314,-191.02350767278585,-216.5962361267455,8056.880936301039,7175.119063698961,7616.0,8032.4,-0.041290322580645133,0
2022-12-14,7810.0,7830.0,7520.0,7700.0,517184631020,67160742,5067,7630.0,7620.0,46.710860182410606,-170.2385361402221,-207.32469612944084,8025.152339392171,7179.847660607829,7602.5,8008.6,-0.02099737532808399,0
2022-12-17,7770.0,7770.0,7520.0,7560.0,204756769340,27094289,2946,7700.0,7550.0,44.90959238445386,-157.59801957037598,-197.37936081762788,7996.734632730906,7179.265367269094,7588.0,7986.2,0.01059602649006619,0
2022-12-18,7550.0,7760.0,7550.0,7670.0,331275649880,43189084,4336,7560.0,7590.0,46.18661148841287,-142.70760892938142,-186.4450104399786,7935.666174904035,7201.333825095965,7568.5,7964.0,0.07509881422924902,1
2022-12-19,7680.0,7720.0,7480.0,7580.0,261586573460,34526851,3514,7670.0,7490.0,43.47348196919171,-137.39224322570317,-176.63445699712352,7885.799570105941,7211.200429894059,7548.5,7937.2,0.13484646194926575,1
2022-12-20,7600.0,7600.0,7370.0,7460.0,174084416530,23346490,2746,7580.0,7430.0,41.88370764456836,-136.44838413335492,-168.5972424243698,7854.474883095496,7207.525116904504,7531.0,7908.6,0.21399730820995955,1
2022-12-21,7490.0,7570.0,7400.0,7460.0,197493298730,26468318,2629,7460.0,7460.0,43.00597180345103,-131.76076365777317,-161.22994667105047,7835.821039441957,7203.178960558043,7519.5,7877.6,0.11126005361930291,1
2022-12-24,7520.0,7760.0,7490.0,7630.0,366423516180,48029799,4315,7460.0,7630.0,49.014353000229036,-113.02532580758543,-151.58902249835745,7833.287229718169,7203.712770281831,7518.5,7853.2,0.07470511140235914,1
2022-12-25,7740.0,8160.0,7730.0,8100.0,1337563284080,165114343,9968,7630.0,8160.0,62.342986609083624,-54.77932377900379,-132.22708275448673,7968.540378103635,7126.459621896365,7547.5,7844.8,0.01593137254901955,0
2022-12-26,8440.0,8660.0,8240.0,8500.0,1388967095070,163342157,13215,8100.0,8500.0,68.10358163255708,18.601781215229494,-102.0613099605435,8188.047617114187,7011.952382885813,7600.0,7843.8,-0.04705882352941182,0
2022-12-28,8830.0,9050.0,8600.0,8910.0,806064096990,90494488,8272,8500.0,9020.0,74.52280152036765,117.3635953136727,-58.17632890570026,8525.617350873876,6840.382649126124,7683.0,7853.4,-0.1097560975609756,0
2022-12-31,8300.0,8720.0,8290.0,8330.0,924935364050,111048494,9815,8910.0,8290.0,57.138005179807216,135.16998988864998,-19.507065146830215,8600.426534508284,6844.573465491716,7722.5,7852.6,-0.003618817852834688,0
2023-01-01,8110.0,8440.0,7870.0,8070.0,642358567780,79614874,7870,8330.0,8200.0,55.4214312810146,140.4009829045026,12.474544463436347,8643.171226109458,6839.828773890542,7741.5,7853.4,0.05731707317073176,1
2023-01-02,8200.0,8450.0,8180.0,8320.0,339168161740,40756961,4596,8070.0,8290.0,56.81850644895216,150.07881523425021,39.99539861759912,8699.351006320809,6833.648993679192,7766.5,7859.0,0.06031363088057895,1
2023-01-03,8400.0,8400.0,8000.0,8150.0,377622197470,46313655,5784,8320.0,8100.0,53.039408893351165,140.79416745574235,60.155152385227765,8732.012765867441,6851.98723413256,7792.0,7864.4,0.06666666666666665,1
2023-01-04,8060.0,8130.0,7910.0,8010.0,227039980970,28340881,3091,8150.0,8030.0,51.675724145048534,126.33133324231494,73.3903885566452,8754.13246925516,6881.867530744838,7818.0,7872.6,0.043586550435865457,0
2023-01-07,8090.0,8370.0,8060.0,8250.0,358457578100,43454179,4058,8010.0,8260.0,55.705488948631576,131.90795790994525,85.09390242730522,8794.886843700822,6928.113156299177,7861.5,7888.4,0.04358353510895885,0
2023-01-08,8370.0,8820.0,8340.0,8700.0,790455275430,90906173,7370,8250.0,8670.0,61.817927990381065,167.48043640555443,101.57120922295508,8883.917451724288,6982.082548275712,7933.0,7901.8,0.014994232987312506,0
2023-01-09,8760.0,9090.0,8620.0,8820.0,654167850180,74131439,6453,8700.0,8790.0,63.40946050114851,203.01465247583928,121.85989787353193,8973.170941639524,7049.829058360477,8011.5,7917.4,0.009101251422070522,0
2023-01-10,9030.0,9070.0,8550.0,8760.0,463805371200,52935655,6881,8820.0,8640.0,60.040506613476786,216.57548099272026,140.8030144973696,9029.350929797045,7117.649070202956,8073.5,7928.4,0.06018518518518512,1
2023-01-11,8630.0,8690.0,8250.0,8450.0,449262292830,53155466,6736,8760.0,8380.0,54.62318294554091,203.9912243493336,153.44065646776238,9057.648938483577,7152.351061516422,8105.0,7934.8,0.0417661097852029,0
2023-01-14,8250.0,8680.0,8040.0,8460.0,288519597900,34119432,4111,8450.0,8620.0,58.35819935182945,210.95237684412314,164.94300054303454,9105.547210818015,7204.452789181984,8155.0,7945.6,0.02088167053364276,0
2023-01-16,8750.0,8890.0,8600.0,8700.0,415800667950,47778449,4754,8460.0,8800.0,60.95405405473561,228.36122991731645,177.62664641789092,9165.083769380806,7269.916230619195,8217.5,7956.4,-0.025000000000000022,0
2023-01-17,8940.0,9150.0,8700.0,8920.0,546160002820,61201317,7622,8700.0,8870.0,61.9475001132491,244.9822831237525,191.09777375906324,9223.800907350706,7339.1990926492945,8281.5,7965.0,-0.022547914317925577,0
2023-01-18,8950.0,9190.0,8700.0,9010.0,704266190630,78166803,6267,8920.0,9160.0,65.8266819059721,278.3465580504617,208.54753061734294,9307.920993505817,7422.079006494183,8365.0,7978.0,-0.08296943231441045,0
2023-01-21,9150.0,9160.0,8500.0,8780.0,400645036160,45644107,5476,9010.0,8730.0,56.61126586883594,267.0126246391901,220.2405494217124,9280.881895443794,7579.118104556205,8430.0,7986.0,-0.04696449026345939,0
2023-01-22,8700.0,8950.0,8540.0,8720.0,301989918660,34628545,3790,8780.0,8800.0,57.65064513426163,260.6739289507077,228.32722532751146,9235.406392167655,7758.593607832345,8497.0,7995.0,-0.11931818181818177,0
2023-01-23,8880.0,8930.0,8400.0,8670.0,259685755850,29942264,3467,8720.0,8580.0,53.326967732725166,235.18721376513713,229.6992230150366,9166.801373929122,7922.198626070878,8544.5,8001.2,-0.07342657342657344,0
2023-01-24,8680.0,8790.0,8440.0,8640.0,227846256020,26364306,2719,8670.0,8670.0,54.8197692504605,219.71828062812165,227.70303453765362,9168.53153634047,7971.46846365953,8570.0,8014.0,-0.091118800461361,0
2023-01-25,8600.0,8670.0,8110.0,8430.0,395559254270,46909376,4500,8640.0,8400.0,49.685574860504836,183.55637255065267,218.87370214025344,9167.445018233268,7962.554981766732,8565.0,8021.2,-0.05238095238095242,0
2023-01-28,8460.0,8500.0,8160.0,8310.0,302722593230,36425887,3371,8430.0,8320.0,48.24383200692461,146.75081639251584,204.44912499070594,9103.271314469917,7956.728685530083,8530.0,8027.4,-0.06370192307692313,0
2023-01-29,8130.0,8250.0,7730.0,7810.0,410245488800,52525136,4853,8310.0,7750.0,39.45834391827751,70.772094999189,177.71371899240256,9163.215116453763,7842.784883546237,8503.0,8024.6,0.01806451612903226,0
2023-01-30,7730.0,7970.0,7570.0,7750.0,277352347050,35805915,3315,7810.0,7950.0,43.35612024273832,26.392503081347968,147.44947581019164,9181.91810794486,7799.08189205514,8490.5,8026.8,0.002515723270440251,0
2023-01-31,7960.0,8070.0,7830.0,7900.0,143569288460,18169926,2064,7750.0,7880.0,42.32892596029954,-14.26264731674928,115.10705118480347,9206.803908780377,7733.196091219624,8470.0,8024.8,0.048223350253807196,0
2023-02-01,7880.0,8000.0,7640.0,7830.0,146461703320,18693879,2167,7900.0,7960.0,43.96293403997555,-39.570669454098606,84.17150705702305,9216.20913430072,7709.79086569928,8463.0,8026.2,0.04899497487437188,0
2023-02-05,7990.0,8010.0,7640.0,7830.0,217112686240,27715377,2722,7830.0,7790.0,41.28597154444436,-72.5091976875865,52.83536610810114,9238.296640405657,7663.703359594343,8451.0,8026.4,0.09370988446726569,1
2023-02-06,7670.0,7940.0,7670.0,7870.0,157547531110,20020041,1477,7830.0,7890.0,43.46667160148311,-89.51221328148677,24.36585023018356,9253.545065750977,7611.454934249024,8432.5,8030.4,0.08618504435994923,1
2023-02-07,7900.0,8150.0,7900.0,8010.0,134049578030,16726319,1724,7870.0,7970.0,45.219559905619704,-95.43181566096246,0.40631705195435686,9234.587211701391,7560.412788298609,8397.5,8036.8,0.012547051442910906,0
2023-02-08,8000.0,8440.0,7990.0,8330.0,665706992920,79916540,4101,8010.0,8260.0,51.13443170623288,-75.84823558037169,-14.844593474510853,9190.070204557582,7551.929795442417,8371.0,8050.4,-0.15254237288135597,0
2023-02-12,8350.0,8450.0,8230.0,8340.0,227231708310,27233790,2256,8330.0,8350.0,52.83641700668532,-52.46112029694086,-22.367898838996858,9166.22279206775,7546.777207932249,8356.5,8068.4,-0.19760479041916168,0
2023-02-13,8390.0,8660.0,8350.0,8520.0,344450081890,40410180,2755,8340.0,8520.0,55.95690003875774,-19.978780741012088,-21.890075219399904,9176.329010305364,7550.670989694637,8363.5,8091.6,-0.2359154929577465,0
2023-02-14,8570.0,8600.0,8430.0,8560.0,572441638250,66868786,3548,8520.0,8570.0,56.86094785086352,9.686628093302716,-15.574734556859381,9170.960492859987,7551.039507140012,8361.0,8113.0,-0.19486581096849476,0
2023-02-15,8520.0,8580.0,8050.0,8320.0,316007050660,37983907,3833,8560.0,8070.0,46.56710676057819,-7.067671288283236,-13.873321903144152,9117.657613588863,7531.342386411137,8324.5,8118.0,-0.16728624535315983,0
2023-02-28,7000.0,7290.0,6800.0,6970.0,1230054142320,176551205,10465,5910.0,7000.0,32.85813835929926,-105.46984121643891,-32.19262576580311,9171.99734324489,7290.00265675511,8231.0,8102.2,-0.02857142857142858,0
2023-03-01,7000.0,7040.0,6660.0,6920.0,466612782720,67462360,6488,6970.0,6700.0,30.17584020219705,-205.2952468158046,-66.81314997580341,9166.84087567202,7049.159124327981,8108.0,8084.4,-0.0194029850746269,0
2023-03-04,6800.0,6800.0,6460.0,6600.0,239122441160,36251039,4298,6920.0,6510.0,28.584330982707115,-296.3231828629896,-112.71515655324066,9223.867556011586,6770.132443988414,7997.0,8064.4,-0.007680491551459334,0
2023-03-05,6460.0,6990.0,6350.0,6760.0,976213383170,144329634,8495,6600.0,6900.0,36.04103499256017,-333.1533528958216,-156.80279582175686,9159.308235872892,6644.691764127108,7902.0,8054.6,-0.07681159420289851,0
2023-03-06,6960.0,6960.0,6600.0,6750.0,337709731710,50016718,3950,6760.0,6720.0,34.262879110539984,-372.57125417059524,-199.95648749152454,9125.706497285466,6492.293502714533,7809.0,8044.2,-0.06398809523809523,0
2023-03-07,6820.0,6900.0,6640.0,6780.0,278504593220,41101880,3306,6750.0,6800.0,35.77940240055891,-392.8266326146995,-238.53051651615954,9039.924025753731,6391.075974246268,7715.5,8035.8,-0.044117647058823484,0
2023-03-11,6800.0,6820.0,6500.0,6650.0,270891200230,40759482,4319,6780.0,6570.0,33.39416543182105,-422.5671526764372,-275.3378437482151,8998.531192804909,6249.468807195091,7624.0,8019.2,0.0547945205479452,1
2023-03-12,6530.0,6530.0,6370.0,6440.0,223274406390,34647375,2879,6650.0,6460.0,32.28561107642133,-449.827478620231,-310.2357707226183,8955.372142381915,6106.627857618085,7531.0,7993.4,0.10681114551083581,1
2023-03-13,6480.0,6500.0,6200.0,6370.0,248338820180,39003385,3476,6440.0,6370.0,31.36810450773288,-473.2385319537434,-342.8363229688433,8968.580233506871,5955.41976649313,7462.0,7968.4,0.13971742543171106,1
2023-03-14,6370.0,6430.0,6210.0,6330.0,174068652760,27502359,3444,6370.0,6290.0,30.537366810951127,-492.56925998480074,-372.78291037203485,8950.40574009184,5807.594259908161,7379.0,7943.2,0.1573926868044515,1
2023-03-15,6330.0,6550.0,6300.0,6480.0,171503572500,26470637,3195,6330.0,6500.0,35.37559337359646,-485.3489556218419,-395.2961194219963,8908.311609165607,5711.688390834393,7310.0,7921.4,0.06461538461538452,1
2023-03-18,6780.0,6930.0,6650.0,6890.0,417940467340,60687882,4555,6480.0,6930.0,43.979845115160956,-439.8589854728343,-404.20869263216395,8835.957130952702,5681.042869047298,7258.5,7910.2,0.02020202020202011,0
2023-03-19,7050.0,7280.0,6890.0,7110.0,357503168920,50267888,4484,6890.0,7150.0,47.80857397411526,-381.6561999091082,-399.6981940875528,8785.38774451322,5667.61225548678,7226.5,7904.6,-0.005594405594405605,0
2023-03-25,7150.0,7390.0,7110.0,7250.0,381047811050,52557608,3858,7110.0,7260.0,49.661118091770696,-322.9314397106418,-384.34484321217064,8724.163169839472,5665.836830160528,7195.0,7900.6,-0.015151515151515138,0
2023-03-26,7340.0,7520.0,7250.0,7370.0,416109719180,56447247,4108,7250.0,7280.0,50.0085638414926,-271.64644024220706,-361.805162618178,8648.753674611116,5672.2463253888845,7160.5,7893.6,-0.013736263736263687,0
2023-04-09,6920.0,6920.0,6920.0,6920.0,1196928131560,172966493,2809,6470.0,6920.0,44.10722727405838,-257.08814789238295,-340.861759673019,8495.901868222323,5691.098131777678,7093.5,7868.8,0.01589595375722541,0
2023-04-10,7150.0,7390.0,6930.0,7180.0,1383563539020,192676728,13619,6920.0,7070.0,46.918006086466036,-230.7864869585619,-318.8467051301276,8308.053479520288,5750.9465204797125,7029.5,7840.2,0.011315417256011262,0
2023-04-11,7090.0,7140.0,6870.0,7030.0,637607825370,90702662,6798,7180.0,7110.0,47.673697486518485,-204.35884392541539,-295.9491328891852,8041.495265575514,5876.504734424486,6959.0,7802.0,0.005625879043600568,0
2023-04-15,7350.0,7350.0,7110.0,7180.0,484407077310,67460214,6384,7030.0,7150.0,48.46381950385092,-178.13366668946765,-272.3860396492417,7687.914995479753,6088.085004520247,6888.0,7779.2,0.05034965034965033,1
2023-04-16,7280.0,7280.0,6980.0,7150.0,972534131340,135992200,6752,7180.0,7180.0,49.084785248143675,-153.16369971897439,-248.54157166318825,7451.423514920549,6235.576485079451,6843.5,7758.8,0.06406685236768794,1
2023-04-17,7200.0,7200.0,6990.0,7100.0,419862833180,59101888,5405,7150.0,7030.0,46.094198724551106,-143.82069198176123,-227.59739572690287,7454.606430406829,6235.393569593171,6845.0,7733.6,0.10384068278805114,1
2023-04-18,7090.0,7220.0,6990.0,7120.0,898366175340,126102278,9920,7100.0,7150.0,48.78264459689277,-125.28903985737179,-207.1357245529967,7487.173301017048,6247.826698982952,6867.5,7714.6,0.10349650349650341,1
2023-04-19,7230.0,7390.0,7130.0,7220.0,467808473210,64782119,5817,7120.0,7150.0,48.782644596892766,-109.34214386410531,-187.57700841521842,7508.021979876962,6290.978020123038,6899.5,7697.0,0.09930069930069929,1
2023-04-24,7200.0,7580.0,7100.0,7340.0,541076956340,73692324,5392,7220.0,7510.0,56.355890362114884,-66.88412399628578,-163.4384315314319,7594.168653275199,6265.831346724801,6930.0,7682.0,0.02796271637816239,0
2023-04-25,7610.0,7850.0,7490.0,7750.0,630366512430,81370218,7674,7340.0,7640.0,58.729091070196006,-22.486711005871257,-135.24808742631978,7700.331415854242,6251.668584145758,6976.0,7661.4,0.023560209424083878,0
2023-04-26,7770.0,7960.0,7510.0,7770.0,895012291360,115245559,5778,7750.0,7760.0,60.845562440539084,22.126495308622907,-103.77317087933125,7819.0949628776625,6228.9050371223375,7024.0,7640.8,-0.015463917525773141,0
2023-04-29,7800.0,7960.0,7790.0,7850.0,954892473280,121571232,5652,7770.0,7890.0,63.055907883485304,67.19807865691837,-69.57892097208133,7940.599788380799,6239.400211619201,7090.0,7625.8,-0.020278833967046883,0
2023-04-30,7880.0,7960.0,7780.0,7880.0,1086136657880,137758720,6694,7850.0,7860.0,62.1835052898119,99.35162026989019,-35.792812723687035,8022.044082395725,6297.955917604275,7160.0,7615.4,-0.08524173027989823,0
2023-05-01,7920.0,7920.0,7500.0,7680.0,376036158710,48993051,6783,7880.0,7720.0,58.14087354541747,112.24283811173518,-6.18568255660259,8041.62222669174,6413.37777330826,7227.5,7597.4,-0.11398963730569944,0
2023-05-02,7570.0,7820.0,7570.0,7740.0,299643742630,38695940,4456,7680.0,7820.0,60.13449587972761,129.04088242529815,20.85963043977756,8034.62712787957,6573.37287212043,7304.0,7577.8,-0.09590792838874684,0
2023-05-03,7880.0,7880.0,7600.0,7680.0,246628882070,32095739,4417,7740.0,7640.0,55.05193588996436,126.37221762908302,41.96214787763866,8004.5184534988675,6717.4815465011325,7361.0,7553.2,-0.09424083769633507,0
2023-05-06,7750.0,7830.0,7630.0,7710.0,316564270970,41066983,4449,7680.0,7730.0,57.00850879847506,130.02073133428166,59.57386456896727,8031.710710225845,6770.289289774155,7401.0,7524.6,-0.11125485122897805,0
2023-05-07,7790.0,7790.0,7180.0,7350.0,605533108130,82379441,6244,7710.0,7190.0,44.49380612448054,88.32061265505763,65.32321418618534,8030.761101051659,6775.238898948341,7403.0,7493.8,0.004172461752433909,0
2023-05-08,6890.0,7200.0,6840.0,6900.0,435454481050,63118434,4817,7350.0,6840.0,38.58194834107677,26.722848873271687,57.60314112360261,8054.02976124096,6709.97023875904,7382.0,7454.6,0.04678362573099415,0
2023-05-09,6520.0,7230.0,6520.0,6910.0,276251614470,39961620,4106,6900.0,7070.0,43.86075174215976,-3.4944629087340218,45.38362031713529,8056.022461277626,6686.977538722374,7371.5,7424.4,0.01555869872701554,0
2023-05-10,7250.0,7250.0,6750.0,6870.0,298643011790,43493623,3228,6910.0,6920.0,41.363811714456325,-39.09498395835453,28.487899462037326,8056.022461277626,6686.977538722374,7371.5,7389.4,0.00867052023121384,0
2023-05-13,6920.0,6970.0,6590.0,6750.0,318585308580,47171821,3309,6870.0,6870.0,40.535430467706824,-70.53020718573862,8.684278132482138,8068.812519324784,6654.187480675216,7361.5,7358.8,0.017467248908296984,0
2023-05-14,6900.0,7220.0,6880.0,7110.0,233583049630,32833366,2630,6750.0,7220.0,48.335284442335656,-66.43495236747094,-6.339567967508478,8068.087726317881,6665.912273682119,7367.0,7336.8,-0.03462603878116344,0
2023-05-15,7350.0,7350.0,6990.0,7170.0,214460723160,29894659,2891,7110.0,7160.0,47.19248780340763,-67.25565070224638,-18.522784514456063,8067.981976922731,6667.018023077269,7367.5,7325.0,-0.022346368715083775,0
2023-05-17,7270.0,7270.0,7100.0,7190.0,215576566390,29964126,2828,7170.0,7180.0,47.63690759476958,-65.53676021579213,-27.92557965472328,8067.981976922731,6667.018023077269,7367.5,7309.6,-0.0473537604456824,0
2023-05-20,7140.0,7210.0,6950.0,7060.0,297951125210,42175428,3396,7190.0,6980.0,43.67825286429587,-79.3976094333484,-38.219985610448305,8070.6202944881725,6659.3797055118275,7365.0,7291.6,-0.03724928366762181,0
2023-05-21,6800.0,7080.0,6800.0,6970.0,293574027240,42129737,2607,7060.0,6990.0,43.92915010805329,-88.5547122740727,-48.28693094317319,8075.69604144838,6638.30395855162,7357.0,7272.2,-0.048640915593705314,0
2023-05-22,7020.0,7050.0,6920.0,6980.0,239191241710,34278604,2045,6970.0,6970.0,43.5116657954445,-96.31535168177288,-57.89261509089313,8081.201200212853,6614.798799787147,7348.0,7255.8,-0.03443328550932567,0
2023-05-23,6970.0,7060.0,6880.0,6970.0,279861845260,40157552,2899,6980.0,7000.0,44.365759393949176,-98.90485148345488,-66.09506236940548,8066.781532750583,6578.218467249417,7322.5,7238.0,-0.03428571428571425,0
2023-05-24,7020.0,7030.0,6830.0,6930.0,274519898580,39604860,2638,6970.0,6840.0,40.82079731876138,-112.5700738182959,-75.39006465918357,8040.098178451836,6524.901821548164,7282.5,7215.4,0.00877192982456143,0
2023-05-27,6840.0,6930.0,6600.0,6740.0,228306902970,33871907,2764,6930.0,6720.0,38.34605325263121,-131.5662443220217,-86.6253005917512,7992.614820741283,6468.385179258717,7230.5,7184.6,0.013392857142857206,0
2023-05-28,6750.0,6790.0,6540.0,6660.0,285339240960,42839271,2590,6740.0,6650.0,36.93923441195115,-150.53399905488914,-99.4070402843788,7907.317298114691,6429.682701885309,7168.5,7150.6,0.03007518796992481,0
2023-05-29,6600.0,6930.0,6600.0,6770.0,204006290540,30112574,1705,6660.0,6730.0,39.663648878029846,-157.2975220045164,-110.98513662840632,7801.85795638919,6422.14204361081,7112.0,7114.8,0.010401188707280795,0
2023-05-30,6770.0,6910.0,6750.0,6830.0,322737019360,47260795,1968,6770.0,6760.0,40.698307259102386,-158.41085170004226,-120.47027964273352,7710.170256196809,6417.829743803191,7064.0,7078.6,0.0,0
2023-05-31,6800.0,6910.0,6700.0,6850.0,190865235530,27864926,1563,6830.0,6900.0,45.40346794257926,-146.30977551619435,-125.6381788174257,7565.853995142345,6470.146004857655,7018.0,7055.2,-0.01594202898550723,0
2023-06-03,6810.0,7000.0,6790.0,6870.0,225226913640,32803152,1557,6850.0,6810.0,43.03933405038514,-142.34101468251083,-128.97874599044275,7450.347021720525,6502.652978279475,6976.5,7051.4,-0.027900146842878115,0
2023-06-06,6900.0,6910.0,6810.0,6860.0,162133062000,23636478,1456,6870.0,6850.0,44.424396626657156,-134.41858366258748,-130.06671352487172,7258.743773876825,6606.256226123175,6932.5,7054.4,-0.014598540145985384,0
2023-06-07,6810.0,6910.0,6720.0,6870.0,264596912280,38507021,1641,6860.0,6800.0,43.016332564212554,-130.66831908956829,-130.18703463781105,7221.486628548767,6604.513371451233,6913.0,7060.2,-0.00588235294117645,0
2023-06-10,6730.0,6890.0,6560.0,6790.0,372797985650,54869274,2372,6870.0,6760.0,41.87290504832775,-129.43186315242292,-130.03600034073344,7223.19102468623,6594.80897531377,6909.0,7057.4,0.004437869822485174,0
2023-06-11,6620.0,6910.0,6620.0,6820.0,308341523810,45226148,2276,6790.0,6790.0,43.09463278847008,-124.5949604876796,-128.94779237012267,7204.160152661007,6585.839847338993,6895.0,7058.8,-0.01178203240058906,0
2023-06-12,6810.0,6890.0,6530.0,6780.0,396625338440,58541949,2261,6820.0,6620.0,38.19548845162754,-132.946732354475,-129.74758036699313,7211.179709513386,6548.820290486614,6880.0,7055.2,0.015105740181268867,0
2023-06-13,6530.0,6880.0,6530.0,6780.0,208133697950,30695592,1357,6780.0,6750.0,43.48638481338951,-127.60471051387958,-129.3190063963704,7209.999999990131,6538.000000009869,6874.0,7058.8,0.022222222222222143,0
2023-06-14,6870.0,6960.0,6730.0,6810.0,180051815260,26451395,1580,6780.0,6760.0,43.88434028491685,-121.16746023405176,-127.6886971639067,7150.058522689721,6551.941477310279,6851.0,7064.8,0.028106508875739733,0
2023-06-17,6720.0,6880.0,6700.0,6800.0,202076576720,29710975,1371,6810.0,6790.0,45.132590878427145,-112.35004237681824,-124.62096620648902,7096.535982383748,6568.464017616252,6832.5,7073.2,-0.0176730486008837,0
2023-06-18,6670.0,6820.0,6650.0,6760.0,250773640890,37096944,1273,6800.0,6710.0,42.422596616549924,-110.54323303138699,-121.80541957146862,7024.304435610001,6593.695564389999,6809.0,7081.6,0.08792846497764528,1
2023-06-19,6800.0,6830.0,6700.0,6790.0,156314992050,23033291,976,6760.0,6720.0,42.88426335352331,-107.07016892278534,-118.85836944173198,6999.509213534266,6592.490786465734,6796.0,7086.0,0.14434523809523814,1
2023-06-20,6810.0,6950.0,6700.0,6810.0,351449126430,51633615,1472,6790.0,6900.0,50.56753159163681,-88.76996007504567,-112.84068756839473,6981.1602224857215,6601.8397775142785,6791.5,7085.4,0.062318840579710155,1
2023-06-21,6910.0,7100.0,6910.0,6970.0,167723974160,24064202,1371,6810.0,6950.0,52.47980764096123,-69.43196214504951,-104.1589424837257,6976.561817666423,6604.438182333577,6790.5,7081.4,-0.007194244604316502,0
2023-06-24,7090.0,7090.0,6640.0,6830.0,458549335770,67139461,3186,6970.0,6670.0,42.55241477182627,-75.82604397032355,-98.49236278104527,6940.300932027833,6607.699067972167,6774.0,7069.6,0.02998500749625177,0
2023-06-25,6860.0,7300.0,6800.0,7280.0,2375055355440,326123726,6964,6830.0,7300.0,60.6081892273536,-29.71512752037779,-84.73691572891178,7079.849783442264,6514.150216557736,6797.0,7070.0,-0.07534246575342463,0
2023-06-26,7330.0,7780.0,7110.0,7660.0,1963847510840,256509990,6990,7280.0,7690.0,67.43222341638719,37.86140391499703,-60.21725180013002,7323.933903473987,6367.066096526013,6845.5,7085.4,-0.13524057217165153,0
2023-07-05,7270.0,7340.0,7140.0,7240.0,268694236910,37097892,1442,7330.0,7330.0,57.52572981676588,61.65656211747137,-35.84248901660975,7392.899454609537,6366.100545390463,6879.5,7090.6,-0.1268758526603001,0
2023-07-08,7280.0,7280.0,6890.0,7060.0,336434438210,47682985,3179,7240.0,6900.0,48.3826453539214,45.294859146561066,-19.615019383975586,7396.826099952994,6379.173900047006,6888.0,7086.4,-0.08115942028985512,0
2023-07-09,6990.0,7040.0,6810.0,6890.0,154995825970,22510466,1561,7060.0,6870.0,47.81168997100703,29.5665179682519,-9.778711913530088,7399.040305013731,6387.959694986269,6893.5,7080.8,-0.11208151382823872,0
2023-07-10,6870.0,6870.0,6700.0,6800.0,260125974100,38245213,1466,6890.0,6750.0,45.49878881948819,7.334153592445546,-6.3561388123349625,7395.368236144906,6376.631763855094,6886.0,7072.2,-0.1333333333333333,0
2023-07-11,6730.0,6800.0,6650.0,6720.0,179675969050,26725297,1157,6800.0,6650.0,43.60570548531798,-18.145153580535407,-8.71394176597505,7396.829451740521,6359.170548259479,6878.0,7064.6,-0.12481203007518793,0
2023-07-12,6660.0,6700.0,6380.0,6470.0,124300232480,19202065,1449,6720.0,6400.0,39.21306756826359,-57.8438112963413,-18.539915672048302,7414.6949570528695,6296.3050429471305,6855.5,7049.6,-0.109375,0
2023-07-15,6590.0,6590.0,6310.0,6360.0,127869267660,20094421,1144,6470.0,6340.0,38.21801474207726,-93.07388430677292,-33.44670939899323,7435.0902421989185,6229.9097578010815,6832.5,7033.4,-0.08990536277602523,0
2023-07-16,6480.0,6480.0,6070.0,6190.0,104248568040,16880795,1209,6360.0,6100.0,34.452059273746,-138.76042145959673,-54.509451811113934,7481.423016178026,6117.576983821974,6799.5,7005.2,-0.06229508196721312,0
2023-07-17,6110.0,6110.0,5760.0,5780.0,114358707980,19768664,1761,6190.0,5850.0,31.02279162257352,-192.9164215484525,-82.19084575858164,7550.293833012838,5954.706166987162,6752.5,6969.4,-0.011965811965811923,0
2023-07-18,5850.0,6030.0,5730.0,5810.0,77545571600,13308718,1470,5780.0,5820.0,30.628804370110444,-235.5410208027024,-112.8608807674058,7607.192684665131,5817.807315334869,6712.5,6930.6,-0.0068728522336769515,0
2023-07-19,5900.0,5930.0,5700.0,5770.0,179033188900,31027017,2755,5810.0,5700.0,29.040096577802075,-275.824783514121,-145.45366131674885,7657.095782757744,5662.904217242256,6660.0,6886.8,0.00877192982456143,0
2023-07-22,5670.0,5790.0,5460.0,5720.0,154453302350,27012925,1434,5770.0,5770.0,31.27934735900486,-298.6587881055275,-176.0946866745046,7678.591288230205,5542.408711769795,6610.5,6845.0,0.0017331022530329143,0
2023-07-23,5760.0,5770.0,5660.0,5710.0,122736650290,21502479,836,5720.0,5720.0,30.538057973402076,-317.1337627785033,-204.30250189530435,7689.044168746624,5424.955831253376,6557.0,6805.0,-0.00874125874125875,0
2023-07-24,5740.0,5810.0,5710.0,5760.0,103859664970,18021866,917,5710.0,5780.0,32.60221001758755,-323.20807327409966,-228.08361617106343,7689.032562126824,5331.967437873176,6510.5,6764.2,0.0,0
2023-07-25,5750.0,5900.0,5750.0,5780.0,89170375180,15398910,739,5760.0,5780.0,32.60221001758755,-324.2838655623964,-247.32366604933003,7679.251208098596,5247.748791901404,6463.5,6727.0,0.015570934256055269,0
2023-07-26,5790.0,5830.0,5740.0,5780.0,35086380450,6073243,638,5780.0,5750.0,32.04992763827778,-323.8243425339988,-262.6238013462638,7642.339759124963,5169.660240875037,6406.0,6687.4,0.050434782608695716,1
2023-07-29,5800.0,5840.0,5700.0,5760.0,76571304200,13311404,732,5780.0,5780.0,33.26733878571238,-317.380849078314,-273.57521089267385,7586.061665801564,5108.938334198436,6347.5,6659.2,0.04498269896193774,0
2023-07-30,5720.0,5830.0,5640.0,5740.0,28793042850,5066587,630,5760.0,5670.0,31.069301978505763,-317.49058099675676,-282.3582849134905,7560.446950585465,5034.553049414535,6297.5,6635.8,0.07583774250440922,1
2023-07-31,5710.0,5870.0,5630.0,5790.0,114614442440,19771199,822,5740.0,5780.0,35.64821290332483,-305.1834982434366,-286.92332757947975,7415.020422947631,5027.979577052369,6221.5,6610.0,0.04844290657439454,0
2023-08-01,5810.0,5890.0,5790.0,5810.0,75544740540,12964050,737,5790.0,5870.0,39.206501454657634,-284.8838351376344,-286.5154290911107,7122.860317623117,5138.139682376883,6130.5,6589.0,0.030664395229982988,0
2023-08-05,6030.0,6210.0,5830.0,6050.0,139283069340,23010833,1176,5810.0,6040.0,45.35312961822222,-252.17174768849873,-279.6466928105883,6891.842600011059,5240.157399988941,6066.0,6572.4,-0.021523178807947074,0
2023-08-06,6180.0,6200.0,5990.0,6090.0,215291391900,35376460,1079,6050.0,6040.0,45.35312961822222,-223.6688672347491,-268.4511276954205,6754.877038848063,5291.122961151937,6023.0,6548.8,-0.0066225165562914245,0
2023-08-07,6130.0,6200.0,6030.0,6130.0,122019070210,19904875,796,6090.0,6100.0,47.524856155143695,-194.00229289366598,-253.56136073506963,6606.929915727862,5362.070084272138,5984.5,6527.6,-0.014754098360655776,0
2023-08-08,6090.0,6190.0,6050.0,6120.0,30279878290,4957793,414,6130.0,6060.0,46.20648940563513,-171.73928116895786,-237.1969448218473,6466.3332257302245,5433.6667742697755,5950.0,6505.2,-0.011551155115511524,0
2023-08-09,6060.0,6120.0,6030.0,6110.0,19021260530,3138940,381,6120.0,6050.0,45.863949187644735,-153.13732860778873,-220.3850215790356,6328.656334825445,5511.343665174555,5920.0,6486.6,-0.008264462809917328,0
2023-08-12,6000.0,6110.0,5850.0,6020.0,64527052420,10844408,732,6110.0,5910.0,41.253128771023704,-147.98608567686915,-205.90523439860232,6239.794931698037,5551.205068301963,5895.5,6465.0,0.0033840947546530664,0
2023-08-13,5860.0,6020.0,5850.0,6010.0,50773470950,8465568,455,6020.0,6000.0,45.07582229388414,-135.0842732873807,-191.741042176358,6161.432854212706,5595.567145787294,5878.5,6445.6,0.0,0
2023-08-14,6020.0,6110.0,6000.0,6050.0,86469578970,14258227,652,6010.0,6010.0,45.50017019552384,-122.63887300174338,-177.92060834143507,6145.322686100788,5602.677313899212,5874.0,6425.8,-0.0033277870216306127,0
2023-08-15,6050.0,6050.0,5950.0,6020.0,76835248830,12790424,483,6050.0,5990.0,44.75540619267997,-113.08605086340322,-164.95369684582872,6156.673720171056,5605.326279828944,5881.0,6408.8,-0.01001669449081799,0
2023-08-16,5920.0,6050.0,5920.0,6020.0,81341556070,13523969,590,6020.0,6000.0,45.23806378160701,-103.51519533207284,-152.66599654307754,6168.854800914299,5611.145199085701,5890.0,6394.4,-0.0033333333333332993,0
2023-08-19,6030.0,6060.0,5920.0,6010.0,37046580620,6203045,491,6020.0,5930.0,42.44271964009769,-100.4210470345106,-142.21700664136415,6166.699924571932,5636.300075428068,5901.5,6380.0,0.018549747048903775,0
2023-08-20,6020.0,6070.0,5990.0,6010.0,58648918530,9743503,496,6010.0,6000.0,46.0338982469081,-91.2684117924382,-132.02728767157896,6174.312073951746,5651.687926048254,5913.0,6365.4,0.010000000000000009,0
2023-08-21,6010.0,6100.0,5990.0,6010.0,36236839710,6016140,476,6010.0,5990.0,45.59622273317014,-83.85516866212492,-122.39286386968816,6174.070192052615,5678.929807947385,5926.5,6350.0,0.025041736227044975,0
2023-08-22,5990.0,6040.0,5900.0,5990.0,61153904930,10245558,502,6010.0,5930.0,42.95718130840236,-81.87778252114367,-114.28984759997927,6172.277149540135,5695.722850459865,5934.0,6330.6,0.04384485666104543,0
2023-08-23,5990.0,6060.0,5870.0,6000.0,53373702740,8882576,552,5990.0,5980.0,45.77381166903898,-75.40686423380885,-106.51325092674519,6172.157840086586,5715.842159913414,5944.0,6314.0,0.03678929765886285,0
2023-08-26,5950.0,6150.0,5950.0,6050.0,96120438330,15849400,932,6000.0,6040.0,49.026477550026804,-64.69139418836039,-98.14887957906822,6171.879942808555,5745.120057191445,5958.5,6297.8,0.026490066225165476,0
2023-08-27,6220.0,6250.0,6060.0,6150.0,133514173530,21703125,1242,6050.0,6060.0,50.10092771309126,-53.963417438355464,-89.31178715092568,6173.584559310227,5771.415440689773,5972.5,6283.0,0.03300330033003296,0
2023-08-28,6100.0,6400.0,6080.0,6190.0,251898390060,40672831,1441,6150.0,6140.0,54.25461319965917,-38.56157334717409,-79.16174439017537,6155.799874821597,5836.200125178403,5996.0,6270.6,0.016286644951140072,0
2023-08-29,6300.0,6360.0,6190.0,6250.0,169537565620,27142463,1074,6190.0,6190.0,56.68165731817316,-22.066549362946716,-67.74270538472965,6164.995791162601,5868.004208837399,6016.5,6258.6,0.009693053311793154,0
2023-08-30,6200.0,6370.0,6140.0,6260.0,165052135820,26359627,758,6250.0,6200.0,57.171077856856755,-8.093906077720021,-55.81294552332773,6185.983659235271,5880.016340764729,6033.0,6250.2,0.01774193548387104,0
2023-09-02,6290.0,6350.0,6190.0,6260.0,311817400220,49804034,1112,6260.0,6200.0,57.17107785685675,2.945559813299951,-44.06124445600219,6210.457959367558,5871.542040632442,6041.0,6239.2,0.00967741935483879,0
2023-09-03,6180.0,6300.0,6160.0,6260.0,226109058800,36136204,860,6260.0,6260.0,60.29283994253407,16.34747115454593,-31.979501333892568,6246.483932480351,5857.516067519649,6052.0,6229.2,0.006389776357827559,0
2023-09-04,6220.0,6380.0,6110.0,6290.0,148607417650,23617175,906,6260.0,6240.0,58.75548378350414,25.065806579686978,-20.57043975117666,6269.323560242367,5848.676439757633,6059.0,6218.2,0.009615384615384581,0
2023-09-05,6310.0,6390.0,6190.0,6310.0,123501720860,19580486,907,6290.0,6250.0,59.31409216802288,32.40848183779235,-9.97465543338286,6294.710079335622,5842.289920664378,6068.5,6209.0,0.008000000000000007,0
2023-09-09,6300.0,6410.0,6180.0,6310.0,100543569600,15930748,780,6310.0,6310.0,62.58815005506516,42.57828744641756,0.5359331425772238,6330.680657341283,5832.319342658717,6081.5,6200.8,-0.004754358161648153,0
2023-09-10,6310.0,6370.0,6240.0,6300.0,185711712770,29479080,905,6310.0,6260.0,58.372594862560675,46.07225722586554,9.643197959234888,6346.701433167113,5851.298566832887,6099.0,6188.0,-0.004792332268370614,0
2023-09-11,6300.0,6360.0,6280.0,6300.0,52779227380,8369935,475,6300.0,6300.0,60.655666444330905,51.47554115875664,18.009666599139237,6372.02325475245,5855.97674524755,6114.0,6175.0,-0.01746031746031751,0
2023-09-12,6300.0,6350.0,6260.0,6300.0,115251389580,18298985,759,6300.0,6300.0,60.655666444330905,55.12226741775976,25.432186762863342,6394.001412412541,5862.998587587459,6128.5,6167.6,-0.026984126984127,0
2023-09-13,6300.0,6350.0,6250.0,6300.0,104235654380,16552061,711,6300.0,6300.0,60.655666444330905,57.3512151429868,31.81599243888804,6411.536913327975,5876.463086672025,6144.0,6147.6,-0.030158730158730163,0
2023-09-17,6300.0,6360.0,6240.0,6290.0,91472059910,14557761,661,6300.0,6280.0,58.64699007356567,56.8485250115491,36.82249895342025,6423.2244332505325,5892.7755667494675,6158.0,6119.4,-0.039808917197452276,0
2023-09-18,6210.0,6320.0,6210.0,6280.0,63710885220,10145450,496,6290.0,6230.0,53.846142877908676,51.81822903949433,39.82164497063506,6418.120378575655,5927.879621424345,6173.0,6097.4,-0.0449438202247191,0
2023-09-19,6240.0,6330.0,6180.0,6270.0,25057717240,4027330,387,6280.0,6190.0,50.29879022320036,44.09570964213526,40.676457904935106,6414.437491564164,5950.562508435836,6182.5,6083.2,-0.04038772213247177,0
2023-09-20,6300.0,6300.0,6110.0,6230.0,38352762820,6239653,649,6270.0,6130.0,45.460822189365665,32.75646271096048,39.09245886614018,6405.692044240947,5973.307955759053,6189.5,6068.4,-0.04567699836867867,0
2023-09-23,6160.0,6230.0,6070.0,6190.0,36561564520,5979976,709,6230.0,6110.0,43.94354822818511,21.903702719744615,35.65470763686107,6383.462158273209,6013.537841726791,6198.5,6055.6,-0.04746317512274956,0
2023-09-25,6060.0,6170.0,6030.0,6120.0,79167264440,12996523,787,6190.0,6030.0,38.419882089081256,6.769446855176284,29.877655480524115,6375.114904569036,6026.885095430964,6201.0,6043.2,-0.02487562189054726,0
2023-09-26,6090.0,6110.0,5950.0,6050.0,82355022220,13677993,984,6120.0,5950.0,33.839135724219915,-11.546787190913165,21.59276694623666,6390.538655924748,6002.461344075252,6196.5,6034.2,-0.02352941176470591,0
2023-09-27,5990.0,6060.0,5900.0,5970.0,176633492310,29566487,1438,6050.0,5940.0,33.30459709155902,-26.563246489803532,11.961564259028624,6407.154102183827,5973.845897816173,6190.5,6026.2,-0.02188552188552184,0
2023-09-30,5990.0,6010.0,5850.0,5950.0,37730210860,6397236,701,5970.0,5850.0,28.882557068067243,-45.20505082380805,0.5282412424612879,6438.251787397291,5913.748212602709,6176.0,6021.2,-0.032478632478632474,0
2023-10-01,5830.0,5930.0,5810.0,5910.0,50178170500,8585284,627,5950.0,5820.0,27.568555380901458,-61.68845819861235,-11.915098645753442,6461.991379176925,5853.008620823075,6157.5,6020.6,-0.005154639175257714,0
2023-10-02,5850.0,5940.0,5840.0,5890.0,66651033860,11330536,676,5910.0,5880.0,34.03259977762117,-69.11348154697862,-23.35477522599848,6468.197107414589,5814.802892585411,6141.5,6021.8,-0.028911564625850317,0
2023-10-04,5940.0,5940.0,5800.0,5880.0,29298684740,5021869,613,5890.0,5810.0,30.601371959269557,-79.72723509288426,-34.62926719937564,6477.674008036925,5766.325991963075,6122.0,6024.0,-0.018932874354561147,0
2023-10-07,5910.0,5910.0,5770.0,5870.0,30686992130,5262645,492,5880.0,5810.0,30.601371959269557,-87.13428148819003,-45.13027005713852,6473.851439149153,5725.148560850847,6099.5,6024.8,-0.04302925989672979,0
2023-10-08,5770.0,5860.0,5660.0,5780.0,64813566850,11360366,847,5870.0,5660.0,24.470075417233005,-103.91035166698293,-56.8862863791074,6484.576079957572,5656.423920042428,6070.5,6023.6,0.007067137809187329,0
2023-10-09,5660.0,5800.0,5640.0,5760.0,26003712260,4556053,557,5780.0,5790.0,36.36921320689888,-105.49946247182743,-66.60892159765142,6470.152339391396,5624.847660608604,6047.5,6023.8,0.005181347150259086,0
2023-10-10,5780.0,5780.0,5620.0,5730.0,41554967710,7333354,856,5760.0,5710.0,32.93100089370765,-111.92398560984657,-75.67193440009045,6446.49300692786,5588.50699307214,6017.5,6022.4,0.04028021015761829,0
2023-10-11,5710.0,5780.0,5640.0,5730.0,82860455010,14466294,632,5730.0,5700.0,32.51718569925771,-116.479677691088,-83.83348305828997,6424.585049149009,5554.414950850991,5989.5,6021.4,0.02807017543859658,0
2023-10-14,5700.0,5700.0,5530.0,5660.0,51017075730,9142254,598,5730.0,5560.0,27.337804712604665,-129.88963954743394,-93.04471435611877,6401.3151066898035,5503.6848933101965,5952.5,6017.0,0.06115107913669071,1
2023-10-15,5580.0,5730.0,5560.0,5660.0,116245388020,20535364,644,5660.0,5700.0,37.97686572434698,-127.74770493861706,-99.98531247261845,6354.28119458004,5490.71880541996,5922.5,6017.6,0.029824561403508865,0
2023-10-16,5680.0,5960.0,5650.0,5690.0,53168558430,9273466,520,5660.0,5820.0,45.36153677113807,-115.0410871688764,-102.99646741187004,6295.6536226612525,5501.3463773387475,5898.5,6018.4,-0.02405498281786944,0
2023-10-17,5800.0,5950.0,5710.0,5810.0,96207218750,16480248,776,5690.0,5940.0,51.57117197870682,-94.20210074336501,-101.23759407816904,6239.006643285058,5523.993356714942,5881.5,6019.8,-0.04040404040404044,0
2023-10-18,5830.0,5900.0,5800.0,5830.0,84355119900,14433454,575,5810.0,5860.0,47.680688675461674,-83.18349769496308,-97.62677480152786,6182.75615708371,5543.24384291629,5863.0,6016.2,-0.029010238907849817,0
2023-10-21,5770.0,5930.0,5770.0,5860.0,61626163320,10468208,452,5830.0,5900.0,49.722993911186876,-70.41184576023352,-92.183788993269,6131.856665693496,5565.143334306504,5848.5,6013.4,-0.07627118644067798,0
2023-10-22,5900.0,5950.0,5850.0,5860.0,42353970080,7218044,345,5860.0,5870.0,48.20321442283756,-61.99631395085544,-86.1462939847863,6088.203383422007,5582.796616577993,5835.5,6008.8,-0.04258943781942082,0
2023-10-23,5870.0,5870.0,5660.0,5760.0,80448633670,14071095,689,5860.0,5680.0,39.88785508725029,-69.85313302953728,-82.8876617937365,6041.543402437692,5586.456597562308,5814.0,6001.2,0.0035211267605634866,0
2023-10-24,5640.0,5790.0,5540.0,5690.0,94306416320,16609767,927,5760.0,5700.0,41.04082375781422,-73.61727181734204,-81.03358379845761,6007.154477636215,5587.845522363785,5797.5,5994.2,0.007017543859649145,0
2023-10-25,5690.0,5740.0,5630.0,5690.0,145268012110,25528000,586,5690.0,5690.0,40.621293089813726,-76.52516093237682,-80.13189922524145,5986.833882463884,5582.166117536116,5784.5,5989.8,0.019332161687170446,0
2023-10-28,5690.0,5690.0,5400.0,5610.0,46874300990,8538890,761,5690.0,5450.0,32.13184846889537,-97.0766391742709,-83.52084721504735,5996.812161834857,5523.187838165143,5760.0,5978.8,0.07706422018348613,1
2023-10-29,5570.0,5680.0,5550.0,5610.0,34607415630,6167181,506,5610.0,5620.0,41.46379907336389,-98.5106846438548,-86.51881470080886,5989.022348219232,5507.977651780768,5748.5,5971.0,0.05516014234875444,1
2023-10-30,5610.0,5900.0,5600.0,5670.0,43822882070,7592415,589,5610.0,5700.0,45.27710151819756,-92.12982927507983,-87.64101761566306,5981.571119110801,5503.428880889199,5742.5,5965.2,0.03684210526315779,0
2023-10-31,5690.0,5810.0,5660.0,5750.0,166463345640,28963336,1046,5670.0,5740.0,47.131604504568266,-82.88978784056872,-86.6907716606442,5966.10572411128,5504.89427588872,5735.5,5960.0,0.04181184668989557,0
2023-11-01,5630.0,5850.0,5610.0,5780.0,143368598690,24824692,772,5750.0,5800.0,49.8756010784244,-69.91950138514767,-83.3365176055449,5964.999999984539,5505.000000015461,5735.0,5957.4,0.03103448275862064,0
2023-11-04,5850.0,5910.0,5810.0,5890.0,120200515480,20403698,860,5780.0,5870.0,52.94414654262183,-53.376747023947246,-77.34456348922538,5973.338054706181,5502.661945293819,5738.0,5954.8,0.008517887563884052,0
2023-11-05,5900.0,6010.0,5820.0,5960.0,142159249440,23836471,960,5890.0,5930.0,55.46102090195553,-35.02129278626671,-68.87990934863365,5998.098864540968,5504.901135459032,5751.5,5953.6,-0.006745362563237767,0
2023-11-06,5860.0,6060.0,5860.0,6000.0,165763283160,27649152,900,5960.0,5910.0,54.41620550233117,-21.836577440091787,-59.471242966925274,6013.22446107656,5501.77553892344,5757.5,5953.2,-0.0016920473773265332,0
2023-11-07,5970.0,6050.0,5920.0,6010.0,176288391210,29356474,969,6000.0,5980.0,57.43839979519935,-5.673776784939037,-48.711749730528034,6043.24253891136,5498.75746108864,5771.0,5953.2,-0.038461538461538436,0
2023-11-08,6050.0,6050.0,5890.0,6000.0,116140781720,19367597,788,6010.0,5980.0,57.43839979519935,7.054044546418481,-37.558590875138734,6069.710379145034,5500.289620854966,5785.0,5952.0,-0.04682274247491636,0
2023-11-11,5900.0,6000.0,5890.0,5980.0,40544094250,6833961,589,6000.0,5920.0,53.88685480758829,12.159271577579602,-27.615018384595068,6073.710177113674,5532.289822886326,5803.0,5949.2,-0.04391891891891897,0
2023-11-12,5900.0,5970.0,5850.0,5940.0,52760529680,8940059,551,5980.0,5890.0,52.15053993595324,13.627363735013205,-19.366541960673416,6081.414484535364,5543.585515464636,5812.5,5944.2,-0.04414261460101865,0
2023-11-13,5910.0,6010.0,5790.0,5890.0,139455420740,23692725,1572,5940.0,5900.0,52.69767128511656,15.420001593572124,-12.40923324982431,6088.108173648958,5544.891826351042,5816.5,5938.4,-0.045762711864406724,0
2023-11-14,5830.0,5890.0,5710.0,5840.0,53842230340,9326208,874,5890.0,5750.0,44.481492977161544,4.682951464596044,-8.990796306940238,6073.9157170211565,5540.0842829788435,5807.0,5929.4,-0.008695652173912993,0
2023-11-15,5730.0,5830.0,5700.0,5800.0,43511224720,7579533,723,5840.0,5700.0,42.1238917528207,-7.771238254283162,-8.746884696408824,6068.659043966478,5529.340956033522,5799.0,5919.4,-0.007017543859649145,0
2023-11-18,5720.0,5780.0,5650.0,5740.0,56715603910,9976460,769,5800.0,5660.0,40.28438088984647,-20.631116373015175,-11.123731031730095,6058.963232796107,5515.036767203893,5787.0,5907.4,-0.0035335689045936647,0
2023-11-19,5650.0,5800.0,5620.0,5740.0,214042287250,37298674,1635,5740.0,5630.0,38.91191237343103,-32.86456941335564,-15.471898708055203,6052.380604932833,5497.619395067167,5775.0,5895.2,0.007104795737122638,0
2023-11-20,5650.0,5780.0,5610.0,5700.0,80555736540,14193611,910,5740.0,5630.0,38.91191237343103,-42.0746586111909,-20.792450688682344,6054.129188815548,5490.870811184452,5772.5,5882.8,0.005328596802841812,0
2023-11-21,5600.0,5780.0,5600.0,5680.0,92889814170,16355278,1124,5700.0,5700.0,44.06856428937924,-43.22701158828295,-25.279362868602465,6054.129188815548,5490.870811184452,5772.5,5870.6,0.0,0
2023-11-22,5640.0,5720.0,5610.0,5680.0,119995176800,21135060,998,5680.0,5660.0,41.89239293104063,-46.82811991405924,-29.589114277693824,6054.682921574252,5487.317078425748,5771.0,5858.6,0.0229681978798586,0
2023-11-25,5700.0,5700.0,5580.0,5660.0,60844243720,10802158,825,5680.0,5640.0,40.8073248185391,-50.71128888822568,-33.8135491998002,6031.376463608899,5529.623536391101,5780.5,5845.4,0.02659574468085113,0
2023-11-26,5600.0,5750.0,5600.0,5690.0,115971913750,20374398,937,5660.0,5670.0,43.18451797057909,-50.782588923389994,-37.20735714451816,6028.365034169313,5537.634965830687,5783.0,5832.8,0.031746031746031855,0
2023-11-27,5620.0,5780.0,5620.0,5710.0,83831646610,14647296,775,5690.0,5660.0,42.570795956784885,-51.057452609933534,-39.977376237601234,6029.66845395608,5532.33154604392,5781.0,5820.0,0.03180212014134276,0
2023-11-28,5740.0,5780.0,5660.0,5730.0,133343020330,23261978,1047,5710.0,5700.0,45.88375418893414,-47.50006714941992,-41.48191441996497,6029.591300712747,5528.408699287253,5779.0,5808.4,0.02807017543859658,0
2023-11-29,5780.0,5810.0,5750.0,5780.0,100726752820,17398938,856,5730.0,5790.0,52.520517663227245,-36.992143302585646,-40.583960196489116,6028.96157388491,5528.03842611509,5778.5,5799.6,0.017271157167530138,0
2023-12-02,5880.0,5880.0,5770.0,5810.0,68646627110,11750872,528,5780.0,5790.0,52.520517663227245,-28.337876547343512,-38.13474346666,6021.52024207118,5527.47975792882,5774.5,5791.6,0.010362694300518172,0
2023-12-03,5810.0,5880.0,5760.0,5830.0,129391022530,22180462,984,5810.0,5850.0,56.632672394706844,-16.448204570474445,-33.79743568742289,6009.788528753266,5531.211471246734,5770.5,5786.0,0.00512820512820511,0
2023-12-04,5910.0,5940.0,5800.0,5860.0,159778540510,27264892,1005,5830.0,5840.0,55.7657809949459,-7.743211374117891,-28.586590824761892,5999.989270123972,5534.010729876028,5767.0,5780.6,0.006849315068493178,0
2023-12-05,5970.0,6000.0,5810.0,5930.0,194403580950,32791969,1297,5860.0,5860.0,57.17761352566798,0.7606233110509493,-22.717147997599323,5977.323831310604,5544.676168689396,5761.0,5777.2,0.0,0
2023-12-06,6000.0,6060.0,5860.0,5960.0,260231066590,43696376,1288,5930.0,5890.0,59.277221277546424,9.807666174802762,-16.212185163118907,5957.624339633215,5555.375660366785,5756.5,5776.0,-0.00339558573853993,0
2023-12-09,5940.0,6020.0,5840.0,5930.0,173424586420,29264184,1071,5960.0,5850.0,55.37841847464817,13.593153704241558,-10.251117389646815,5944.8436863514025,5561.1563136485975,5753.0,5774.2,0.0,0
2023-12-10,5860.0,5990.0,5850.0,5920.0,200583507290,33860727,929,5930.0,5880.0,57.62931172084062,18.797246170846847,-4.441444677548082,5942.959969528757,5562.040030471243,5752.5,5774.8,-0.010204081632653073,0
2023-12-11,5950.0,5980.0,5850.0,5920.0,118637170260,20027161,644,5920.0,5880.0,57.62931172084061,22.660312961824275,0.9789068503263887,5939.039329189625,5563.960670810375,5751.5,5776.0,-0.013605442176870763,0
2023-12-12,5960.0,5990.0,5840.0,5910.0,138325250220,23403900,717,5920.0,5860.0,55.46602017959699,23.833253462313223,5.549776172723756,5950.401137517071,5563.598862482929,5757.0,5775.6,-0.018771331058020424,0
2023-12-13,5960.0,5980.0,5840.0,5910.0,120505334280,20396666,653,5910.0,5870.0,56.34834206234169,25.278340709563963,9.495489080091797,5963.032275825752,5567.967724174248,5765.5,5776.8,-0.013628620102214661,0
2023-12-16,5870.0,5900.0,5840.0,5890.0,54835967500,9348417,651,5910.0,5850.0,54.042214337240026,24.527017718554816,12.501794807784403,5969.576463101025,5580.423536898975,5775.0,5777.6,-0.027350427350427364,0
2023-12-18,5880.0,5940.0,5820.0,5870.0,208610453970,35550404,1667,5890.0,5820.0,50.690950704863376,21.265701782936958,14.254576202814913,5968.072873793784,5600.927126206216,5784.5,5780.8,-0.03436426116838487,0
2023-12-19,5920.0,5940.0,5770.0,5840.0,166020670880,28410558,1227,5870.0,5800.0,48.53031288526338,16.87275394981225,14.778211752214382,5962.363514349792,5623.636485650208,5793.0,5781.0,-0.05344827586206902,0
2023-12-20,5760.0,5900.0,5750.0,5820.0,87141734610,14988370,923,5840.0,5750.0,43.53446257927576,9.250099619588582,13.672589325689223,5960.724090231762,5630.275909768238,5795.5,5781.8,-0.045217391304347876,0
2023-12-23,5770.0,5890.0,5730.0,5800.0,158423242910,27323976,1051,5820.0,5790.0,48.13438520052124,6.363403496256069,12.210752159802594,5955.17963308781,5648.82036691219,5802.0,5783.6,-0.05354058721934374,0
2023-12-24,5790.0,5800.0,5670.0,5750.0,64842112030,11364519,902,5800.0,5690.0,39.47619637710934,-3.94797840659794,8.979006046522487,5948.37147039256,5660.62852960744,5804.5,5786.2,-0.054481546572935025,0
2023-12-25,5730.0,5730.0,5610.0,5690.0,71184224880,12606167,1143,5750.0,5620.0,34.76246421432755,-17.565750798786212,3.6700546774607474,5956.479772115692,5647.520227884308,5802.0,5784.6,-0.039145907473309594,0
2023-12-26,5660.0,5660.0,5490.0,5570.0,164830871680,29582821,1628,5690.0,5490.0,28.061086719465678,-38.405136567039335,-4.744983571439269,5991.012024932439,5595.987975067561,5793.5,5778.0,-0.02732240437158473,0
2023-12-27,5600.0,5630.0,5430.0,5540.0,250614713380,45246060,1940,5570.0,5490.0,28.061086719465678,-54.294625284991525,-14.654911914149721,6018.040422040354,5547.959577959646,5783.0,5769.0,-0.014571948998178486,0
2023-12-30,5540.0,5600.0,5460.0,5530.0,160067686740,28956207,1483,5540.0,5480.0,27.58664977114401,-66.92263353655107,-25.10845623862999,6037.0088124587055,5497.9911875412945,5767.5,5761.4,-0.025547445255474477,0
2023-12-31,5540.0,5540.0,5370.0,5440.0,108780808770,20043111,1592,5530.0,5380.0,23.337409009149198,-84.03092907795417,-36.892950806494824,6064.622417333684,5429.377582666316,5747.0,5751.0,-0.0074349442379182396,0
2024-01-01,5460.0,5500.0,5360.0,5440.0,103403283400,18998861,1031,5440.0,5400.0,25.799114776565247,-94.88180531035869,-48.490721707267596,6072.090276033268,5376.909723966732,5724.5,5741.6,-0.022222222222222254,0
2024-01-02,5430.0,5450.0,5330.0,5410.0,89932794200,16648908,841,5440.0,5340.0,23.374205747516257,-107.0882547196743,-60.21022830974894,6080.576107874625,5318.423892125375,5699.5,5734.8,-0.016853932584269704,0
2024-01-03,5340.0,5410.0,5300.0,5380.0,152848651420,28406284,1160,5410.0,5410.0,31.467389382943736,-109.84728767888555,-70.13764018357627,6070.451394701891,5283.548605298109,5677.0,5729.0,-0.02957486136783738,0
2024-01-06,5390.0,5400.0,5300.0,5370.0,83128757410,15480259,640,5380.0,5340.0,28.25369654249951,-116.34114783007499,-79.37834171287601,6056.217346560055,5242.782653439945,5649.5,5722.0,-0.022471910112359605,0
2024-01-07,5370.0,5370.0,5290.0,5350.0,109042559520,20409267,982,5370.0,5340.0,28.253696542499526,-120.10310495331396,-87.5232943609636,6041.056351099994,5206.943648900006,5624.0,5719.8,-0.02059925093632964,0
2024-01-08,5330.0,5350.0,5270.0,5320.0,143342563700,26949973,988,5350.0,5280.0,25.649655827982627,-126.46813569142614,-95.31226262705611,6019.318704024204,5168.681295975796,5594.0,5713.0,-0.005681818181818232,0
2024-01-09,5300.0,5340.0,5240.0,5300.0,104944145860,19814756,904,5320.0,5250.0,24.43690020521437,-132.40691321340637,-102.73119274432617,5991.726047663484,5133.273952336516,5562.5,5704.0,0.011428571428571344,0
2024-01-10,5290.0,5300.0,5230.0,5270.0,177114367240,33617305,1457,5300.0,5250.0,24.43690020521437,-135.5508908934371,-109.29513237414835,5959.017564033146,5104.982435966854,5532.0,5694.2,0.003809523809523707,0
2024-01-13,5240.0,5240.0,5200.0,5220.0,164806857020,31543646,1422,5270.0,5220.0,23.166552711349993,-138.8625441653321,-115.20861473238512,5917.517942190031,5081.482057809969,5499.5,5682.6,-0.0019157088122605526,0
2024-01-14,5210.0,5350.0,5180.0,5240.0,246024976460,46945929,1931,5220.0,5230.0,24.57409158454749,-139.0769443736217,-119.98228066063243,5869.562339285024,5067.437660714976,5468.5,5669.8,-0.003824091778202643,0
2024-01-15,5300.0,5340.0,5230.0,5290.0,163111321430,30812593,1428,5240.0,5250.0,27.43720632333907,-136.0645577063433,-123.19873606977461,5817.412241445297,5062.587758554703,5440.0,5656.2,-0.013333333333333308,0
2024-01-16,5250.0,5370.0,5220.0,5320.0,119954711410,22533459,1035,5290.0,5310.0,35.36401722247021,-127.3675076655245,-124.0324903889246,5758.281271356463,5072.718728643537,5415.5,5644.2,-0.03578154425612057,0
2024-01-17,5310.0,5330.0,5260.0,5310.0,25531093800,4828056,573,5320.0,5270.0,32.79215397711654,-122.29298119291252,-123.68458854972219,5703.030094842766,5079.969905157234,5391.5,5630.0,-0.026565464895635715,0
2024-01-20,5340.0,5340.0,5210.0,5290.0,42514897370,8094805,646,5310.0,5210.0,29.344746756545646,-121.70988516801208,-123.28964787338018,5624.25370101057,5100.74629898943,5362.5,5614.6,-0.021113243761996192,0
2024-01-21,5240.0,5260.0,5170.0,5260.0,48984870180,9404018,776,5290.0,5210.0,29.344746756545646,-119.86603631467915,-122.60492556163997,5560.7858519850515,5116.2141480149485,5338.5,5600.4,-0.021113243761996192,0
2024-01-22,5160.0,5260.0,5080.0,5210.0,162499123080,31218062,1416,5260.0,5180.0,27.65861158001026,-119.44859306702892,-121.97365906271777,5507.944508912403,5125.055491087597,5316.5,5586.2,-0.02316602316602312,0
2024-01-23,5180.0,5200.0,5050.0,5160.0,91243436300,17734848,931,5210.0,5120.0,24.612583488295982,-122.54662365001514,-122.08825198017725,5490.312246080959,5105.687753919041,5298.0,5570.6,-0.021484375,0
2024-01-24,5220.0,5220.0,5110.0,5150.0,24517114910,4775169,403,5160.0,5130.0,26.073868541377223,-122.77959207087224,-122.22651999831626,5464.2823919768125,5095.7176080231875,5280.0,5558.2,-0.01754385964912286,0
2024-01-27,5120.0,5220.0,5080.0,5150.0,112559496680,21836257,932,5150.0,5100.0,24.537243879351635,-123.95608194965371,-122.57243238858375,5437.056808992687,5084.943191007313,5261.0,5546.2,-0.021568627450980427,0
2024-01-28,5110.0,5200.0,5080.0,5130.0,131502546380,25617608,1148,5150.0,5100.0,24.537243879351635,-123.4652283566802,-122.75099158220304,5427.4549805150355,5066.5450194849645,5247.0,5535.0,-0.039215686274509776,0
2024-01-29,5080.0,5100.0,5030.0,5110.0,47936878530,9454980,894,5130.0,5060.0,22.487880568133633,-124.86452849487341,-123.17369896473713,5413.630062878263,5046.369937121737,5230.0,5523.6,-0.04150197628458496,0
2024-01-30,5030.0,5100.0,4990.0,5080.0,35001681480,6965486,829,5110.0,5010.0,20.215070548881187,-128.52649266588105,-124.24425770496592,5413.227314087652,5013.772685912348,5213.5,5511.2,-0.02594810379241519,0
2024-01-31,5000.0,5150.0,5000.0,5070.0,102773412020,20285881,977,5080.0,5040.0,25.10606523486031,-127.53770114554936,-124.90294639308262,5386.8853824361295,5003.1146175638705,5195.0,5498.0,-0.023809523809523836,0
2024-02-03,5060.0,5060.0,4960.0,5020.0,100340161210,20039737,1529,5070.0,4990.0,22.61747249681757,-129.29818982739107,-125.78199507994431,5376.986841652908,4978.013158347092,5177.5,5484.6,-0.006012024048096198,0
2024-02-04,5000.0,5000.0,4870.0,4950.0,103558547480,20975439,1391,5020.0,4900.0,18.972058757872475,-136.38349361142718,-127.9022947862409,5374.541092018469,4936.458907981531,5155.5,5469.8,0.004081632653061273,0
2024-02-05,4970.0,4970.0,4840.0,4920.0,38628844850,7925982,950,4950.0,4850.0,17.303474118972588,-144.36903368596904,-131.19564256618654,5382.386795125333,4885.613204874667,5134.0,5453.4,0.010103092783505074,0
2024-02-06,4830.0,4980.0,4830.0,4930.0,86647058590,17549597,747,4920.0,4880.0,21.750321997087767,-146.58711740607032,-134.27393753416328,5381.091792027966,4849.908207972034,5115.5,5437.8,-0.012704918032786838,0
2024-02-07,4980.0,4990.0,4900.0,4960.0,124183819510,25034303,1022,4930.0,4920.0,27.359116705421016,-143.4635406351399,-136.11185815435863,5370.064567940222,4827.935432059778,5099.0,5422.2,-0.01991869918699185,0
2024-02-10,4930.0,5000.0,4880.0,4969.0,90000190779,18100917,668,4960.0,4960.0,32.56458385972341,-136.1904985424144,-136.1275862319698,5357.543734953716,4814.456265046284,5086.0,5405.6,-0.004233870967741971,0
2024-02-12,5020.0,5022.0,4912.0,4982.0,84063637020,16856505,936,4969.0,4920.0,30.231536783984495,-132.1311009080291,-135.32828916718165,5342.7847773795065,4798.2152226204935,5070.5,5388.2,0.0018292682926828174,0
2024-02-13,4900.0,4980.0,4874.0,4948.0,99190736479,20072931,815,4982.0,4899.0,29.054642399569573,-129.12010730948805,-134.08665279564295,5321.920983551386,4783.979016448614,5052.95,5369.18,0.010818534394774426,0
2024-02-14,4999.0,5000.0,4818.0,4913.0,123572805599,25151968,1334,4948.0,4818.0,25.010310755681132,-131.75115098801507,-133.6195524341174,5288.638512986243,4768.061487013758,5028.35,5348.74,0.02428393524283945,0
2024-02-17,4817.0,4950.0,4809.0,4899.0,92453380963,18885490,828,4913.0,4822.0,25.561358616409137,-131.99198405822335,-133.2940387589386,5256.110328574656,4755.789671425344,5005.95,5327.98,0.02654500207382826,0
2024-02-18,4939.0,4990.0,4806.0,4906.0,61515483693,12521467,715,4899.0,4939.0,39.553115290427705,-121.3431554487488,-130.90386209690064,5225.67014380879,4759.129856191209,4992.4,5308.96,-0.013970439360194375,0
2024-02-19,4960.0,4960.0,4903.0,4916.0,32991744687,6674227,531,4906.0,4929.0,38.88044255232066,-112.41494892624087,-127.2060794627687,5190.38610539851,4766.313894601491,4978.35,5290.54,0.002231689997971298,0
2024-02-20,5010.0,5010.0,4950.0,4936.0,47355404981,9534030,586,4916.0,4952.0,41.35100712840386,-102.30407545218168,-122.22567866065131,5157.857804954546,4776.042195045454,4966.95,5271.98,0.0024232633279483995,0
2024-02-21,4986.0,4988.0,4902.0,4941.0,45066928687,9103246,906,4936.0,4935.0,40.0620026300552,-94.57271788188245,-116.69508650489755,5135.528119240347,4779.871880759652,4957.7,5253.08,0.03140830800405259,0
2024-02-24,4990.0,4996.0,4918.0,4955.0,73347438147,14777776,698,4941.0,4950.0,41.78633239233185,-86.2410534848459,-110.60427990088722,5107.989798771156,4789.410201228844,4948.7,5234.88,0.02626262626262621,0
2024-02-26,4980.0,5010.0,4867.0,4940.0,91665657413,18575007,815,4955.0,4870.0,35.860869031939615,-85.1123585471687,-105.50589563014353,5083.844604375852,4790.555395624147,4937.2,5214.88,0.03285420944558526,0
2024-02-27,4982.0,4996.0,4909.0,4954.0,102345697713,20649698,874,4940.0,4940.0,43.42110360868507,-77.67406640457739,-99.93952978503032,5055.491092292951,4802.9089077070485,4929.2,5196.68,0.012145748987854255,0
2024-02-28,5060.0,5080.0,4949.0,5020.0,173578067870,34577443,967,4954.0,4964.0,45.78083676847286,-69.04664017998766,-93.76095186402179,5036.995559381996,4811.804440618003,4924.4,5179.56,-0.0930701047542305,0
2024-03-02,5110.0,5130.0,5010.0,5080.0,216397282970,42602488,1340,5020.0,5090.0,56.126429727604744,-51.44912230966929,-85.2985859531513,5057.368833415467,4799.431166584533,4928.4,5165.36,-0.11807465618860513,0
2024-03-03,5180.0,5180.0,5060.0,5120.0,316306674030,61765198,2030,5080.0,5080.0,55.22577458986975,-37.87329922255685,-75.81352860703242,5067.230405950385,4793.569594049614,4930.4,5151.96,-0.11417322834645671,0
2024-03-04,5120.0,5170.0,5000.0,5100.0,187499915100,36759352,924,5120.0,5030.0,50.83344105936544,-30.793970032111247,-66.8096168920482,5073.751193813664,4791.048806186335,4932.4,5136.76,-0.10596421471172968,0
2024-03-05,5140.0,5150.0,4980.0,5090.0,253788058660,49894041,1678,5100.0,5000.0,48.348737584278744,-27.289721007892695,-58.905637715217104,5080.8718090516395,4793.92819094836,4937.4,5122.96,-0.10140000000000005,0
2024-03-24,4510.0,4570.0,4464.0,4499.0,154408704593,34320460,1511,4420.0,4502.0,25.802346592429245,-63.959728513044865,-59.916455874782656,5156.135554274537,4683.864445725463,4920.0,5100.6,-0.007330075521990276,0
2024-03-25,4577.0,4577.0,4465.0,4511.0,173848028784,38536202,1935,4499.0,4489.0,25.46846433028253,-92.9979426152222,-66.53275322287057,5202.217112178471,4598.682887821528,4900.45,5080.58,-0.004232568500779688,0
2024-03-26,4559.0,4561.0,4500.0,4529.0,118388414237,26135734,1175,4511.0,4500.0,26.337059104954207,-113.8113816683217,-75.9884789119608,5227.7243028024395,4531.17569719756,4879.45,5060.78,-0.010666666666666713,0
2024-03-27,4570.0,4575.0,4485.0,4523.0,159662496629,35302965,1122,4529.0,4497.0,26.247218290818722,-129.0605275741027,-86.60288864438918,5239.845616573199,4472.754383426802,4856.3,5041.12,-0.006671114076050699,0
2024-03-30,4500.0,4569.0,4480.0,4516.0,143794661981,31840657,1159,4523.0,4493.0,26.119282791659913,-139.85617718604954,-97.25354635272126,5248.313992133453,4421.586007866546,4834.95,5023.38,0.0015579790785666958,0
2024-04-02,4450.0,4517.0,4408.0,4470.0,80703680524,18139393,1294,4516.0,4469.0,25.321769785261495,-148.63503454941565,-107.52984399206014,5255.020141645126,4371.879858354873,4813.45,5004.76,0.008279257104497617,0
2024-04-03,4421.0,4514.0,4421.0,4486.0,90241915704,20095386,874,4470.0,4470.0,25.423945896434162,-153.7394380728565,-116.7717628082194,5262.269465480035,4329.830534519965,4796.05,4987.36,-0.026398210290827784,0
2024-04-06,4440.0,4540.0,4435.0,4488.0,133057476217,29650681,1677,4486.0,4452.0,24.767064332717723,-157.4224956701637,-124.90190938060827,5266.969033132633,4288.1309668673675,4777.55,4968.2,-0.0121293800539084,0
2024-04-07,4428.0,4529.0,4428.0,4494.0,109957869929,24467295,980,4488.0,4467.0,26.471970500748526,-157.31751235557294,-131.3850299756012,5255.326295802335,4252.5737041976645,4753.95,4950.74,0.002910230579807438,0
2024-04-08,4468.0,4544.0,4468.0,4517.0,146708759014,32482694,978,4494.0,4500.0,30.218589908692763,-152.8099896748481,-135.6700219154506,5238.768110779715,4226.231889220285,4732.5,4933.94,-0.006444444444444475,0
2024-04-09,4545.0,4559.0,4490.0,4528.0,136815363241,30213280,911,4517.0,4506.0,30.90793520516496,-147.05839794864005,-137.9476971220885,5215.118448853329,4205.281551146671,4710.2,4918.46,-0.01708832667554372,0
2024-04-13,4481.0,4489.0,4342.0,4442.0,74206046543,16891088,1315,4528.0,4352.0,24.278541363927545,-153.16118622071463,-140.99039494181375,5197.86543126385,4164.23456873615,4681.05,4900.5,0.045496323529411686,0
2024-04-14,4398.0,4398.0,4398.0,4436.0,14902798920,3388540,172,4442.0,4398.0,29.16583465746264,-152.52763075045186,-143.29784210354137,5168.821506771986,4138.078493228014,4653.45,4883.46,0.02296498408367431,0
2024-04-15,4393.0,4480.0,4393.0,4470.0,96957242763,21655659,846,4436.0,4480.0,36.97497394444994,-143.75173822246416,-143.38862132732595,5144.562367645378,4123.337632354622,4633.95,4868.66,0.006696428571428603,0
2024-04-16,4460.0,4500.0,4426.0,4470.0,82228103472,18396333,540,4470.0,4471.0,36.49935524449092,-135.9557912193677,-141.9020553057343,5105.578377625612,4115.421622374388,4610.5,4853.48,0.009170208007157177,0
2024-04-17,4438.0,4470.0,4426.0,4461.0,27096849181,6116710,511,4470.0,4429.0,34.283086490855425,-131.6489291375192,-139.8514300720913,5056.863464184224,4110.636535815776,4583.75,4837.06,0.01580492210431239,0
2024-04-20,4468.0,4657.0,4468.0,4544.0,99801137806,21871631,1309,4461.0,4550.0,44.70088947179398,-117.12191264447574,-135.3055265865682,4968.927570947747,4144.572429052253,4556.75,4821.86,-0.016483516483516536,0
2024-04-21,4619.0,4630.0,4499.0,4550.0,142598764015,31343801,1219,4544.0,4499.0,41.700293107690875,-108.47400043317884,-129.93922135589034,4862.996346524044,4192.403653475955,4527.7,4806.44,-0.026672593909757736,0
2024-04-22,4572.0,4595.0,4476.0,4554.0,127635076093,28029014,971,4550.0,4510.0,42.59533993142793,-99.58490681540297,-123.86835844779287,4745.2595204305535,4258.140479569446,4501.7,4792.44,-0.02749445676274942,0
2024-04-23,4500.0,4580.0,4478.0,4551.0,98650203131,21681494,616,4554.0,4512.0,42.76738608187421,-91.32610233634387,-117.35990722550308,4562.74261227485,4391.85738772515,4477.3,4778.48,-0.03767730496453903,0
2024-04-24,4542.0,4542.0,4476.0,4516.0,80993090483,18003966,767,4551.0,4499.0,41.88858310258849,-84.85181276059848,-110.85828833252216,4562.429012613598,4391.870987386401,4477.15,4764.86,-0.029562124916648114,0
2024-04-27,4499.0,4516.0,4452.0,4507.0,32062183011,7152112,681,4516.0,4475.0,40.24444851167661,-80.72692135213038,-104.83201493644381,4561.558107676942,4391.341892323057,4476.45,4751.96,-0.030837988826815654,0
2024-04-28,4500.0,4500.0,4372.0,4462.0,53744646183,12193018,930,4507.0,4379.0,34.424100282976795,-84.23332356655374,-100.7122766624658,4564.662187500329,4376.13781249967,4470.4,4736.94,-0.022607901347339587,0
2024-04-29,4446.0,4459.0,4366.0,4429.0,100229487500,22662242,2095,4462.0,4386.0,35.16046734631442,-85.46217631498712,-97.66225659297007,4565.076293917041,4364.62370608296,4464.85,4722.66,-0.019607843137254943,0
2024-04-30,4369.0,4430.0,4322.0,4414.0,21751811620,4998520,480,4429.0,4342.0,32.67661126556514,-88.9609962596005,-95.92200452629615,4569.893250207735,4344.706749792265,4457.3,4707.5,-0.02049746660525109,0
2024-05-01,4407.0,4414.0,4321.0,4388.0,100492116127,22923694,1331,4414.0,4366.0,35.359008230810815,-88.77390651524274,-94.49238492408547,4571.359521399673,4332.940478600326,4452.15,4693.62,-0.03206596426935415,0
2024-05-05,4439.0,4439.0,4304.0,4370.0,80973762906,18563819,1249,4388.0,4337.0,33.61609493836623,-89.92904809427546,-93.57971755812346,4574.427111161061,4316.572888838939,4445.5,4680.16,-0.022365690569518093,0
2024-05-06,4302.0,4350.0,4231.0,4357.0,19684230960,4587242,514,4370.0,4280.0,30.440076681845824,-94.3562496380273,-93.73502397410424,4584.534548776133,4289.265451223866,4436.9,4664.96,-0.042757009345794406,0
2024-05-07,4339.0,4359.0,4292.0,4337.0,87356367534,20177149,962,4357.0,4300.0,32.837807456370555,-95.15412834452127,-94.01884484818765,4586.929891376175,4270.170108623825,4428.55,4651.16,-0.041860465116279055,0
2024-05-08,4323.0,4323.0,4251.0,4323.0,28554185431,6672901,612,4337.0,4253.0,30.20302752451559,-98.44415720750749,-94.90390732005162,4588.294857541774,4244.105142458226,4416.2,4638.22,-0.014107688690336184,0
2024-05-11,4250.0,4323.0,4180.0,4290.0,87080834391,20354342,1568,4323.0,4226.0,28.774688144816253,-102.05379056503261,-96.33388396904782,4587.820688481423,4216.579311518577,4402.2,4625.74,-0.025082820634169445,0
2024-05-12,4284.0,4284.0,4190.0,4273.0,32357848704,7655829,914,4290.0,4240.0,30.607189743748307,-102.6020356107847,-97.5875142973952,4594.305235116107,4198.894764883894,4396.6,4612.94,-0.048113207547169856,0
2024-05-13,4240.0,4240.0,4085.0,4230.0,30368631494,7387342,687,4273.0,4097.0,23.85575767117851,-113.26972576787557,-100.72395659149129,4618.474017339544,4144.625982660456,4381.55,4596.48,-0.0014644862094215227,0
2024-05-14,4122.0,4242.0,4102.0,4207.0,67864362936,16195034,1063,4230.0,4120.0,26.657975068137816,-118.50202175114737,-104.27956962342252,4621.581374046453,4105.518625953548,4363.55,4579.68,-0.010194174757281571,0
2024-05-15,4122.0,4249.0,4117.0,4204.0,24139984875,5757771,437,4207.0,4193.0,34.85280900787971,-115.42758673232947,-106.50917304520391,4612.928768593851,4086.371231406149,4349.65,4565.14,-0.03148103982828521,0
2024-05-18,4150.0,4200.0,4115.0,4195.0,26800988629,6434691,451,4204.0,4120.0,31.10942847916992,-117.52678907676182,-108.7126962515155,4612.856491028448,4055.5435089715515,4334.2,4549.56,-0.016747572815533962,0
2024-05-19,4209.0,4209.0,4019.0,4167.0,21941069394,5417864,484,4195.0,4036.0,27.455228116089685,-124.53298135143996,-111.87675327150039,4597.42594205484,4019.574057945161,4308.5,4533.92,0.013379583746283341,0
2024-05-21,4166.0,4249.0,4090.0,4160.0,16215975573,3936500,332,4167.0,4091.0,33.004240870969014,-124.2155196709009,-114.34450655138049,4577.956447215285,3998.243552784715,4288.1,4519.3,0.014910779760449744,0
2024-05-25,4160.0,4160.0,4077.0,4143.0,30936622613,7551117,783,4160.0,4078.0,32.3739078256004,-123.588271691322,-116.1932595793688,4551.335039965693,3981.664960034307,4266.5,4502.08,0.002942618930848351,0
2024-05-26,4063.0,4103.0,4061.0,4131.0,16668316742,4104276,155,4143.0,4061.0,31.525979451391933,-123.04455009260619,-117.56351768201628,4518.702597789807,3969.197402210192,4243.95,4484.72,-0.0027086924402855983,0
2024-05-27,4049.0,4080.0,4049.0,4104.0,39069493362,9647999,339,4131.0,4051.0,31.011436435815654,-122.01406108970787,-118.4536263635546,4482.1604180424065,3960.939581957594,4221.55,4466.7,-0.00789928412737595,0
2024-05-28,4070.0,4110.0,4049.0,4101.0,13403945778,3289809,374,4104.0,4090.0,35.437166978543445,-116.70511316903594,-118.10392372465087,4441.149827281138,3963.4501727188626,4202.3,4449.8,-0.021271393643031766,0
2024-05-29,4178.0,4183.0,4080.0,4120.0,53007776698,12792287,827,4101.0,4152.0,41.826358177211276,-106.2698392919392,-115.73710683810855,4416.328326358645,3965.5716736413538,4190.95,4433.84,-0.019749518304431612,0
2024-06-01,4158.0,4170.0,4056.0,4114.0,53909998164,13127595,654,4120.0,4090.0,37.79809445604386,-101.82887156154175,-112.95545978279519,4386.740859232345,3965.559140767654,4176.15,4418.24,-0.017114914425427896,0
2024-06-02,4100.0,4110.0,4032.0,4101.0,24496104533,6045220,488,4114.0,4050.0,35.42747917520029,-100.3799210997031,-110.44035204617678,4364.472127901841,3958.6278720981586,4161.55,4400.44,-0.014814814814814836,0
2024-06-05,4036.0,4050.0,4019.0,4084.0,25919792239,6442118,445,4101.0,4019.0,33.66526150485919,-100.57370724954762,-108.46702308685096,4333.084726730892,3955.315273269108,4144.2,4381.54,-0.0686737994526001,0
2024-06-08,4005.0,4040.0,4003.0,4066.0,26797756158,6693240,280,4084.0,4003.0,32.75952906569326,-100.8557481675225,-106.94476810298526,4303.894444334838,3951.105555665162,4127.5,4359.8,-0.08143892080939297,0
2024-06-09,4000.0,4037.0,3985.0,4047.0,49536920890,12319750,512,4066.0,4070.0,40.03491277490576,-94.58263779650497,-104.47234204168922,4280.352379817962,3953.6476201820383,4117.0,4339.6,-0.15798525798525798,0
2024-06-10,4078.0,4078.0,3992.0,4034.0,60074059655,14937133,479,4047.0,4020.0,36.83210019805829,-92.57854690415252,-102.09358301418187,4248.2033057205845,3957.796694279416,4103.0,4319.4,-0.1002487562189055,0
2024-06-11,4009.0,4058.0,3954.0,4022.0,34365578105,8609335,894,4034.0,3990.0,35.02173485099006,-92.3465264397264,-100.14417169929078,4225.6664570005405,3954.0335429994598,4089.85,4299.2,-0.10150375939849621,0
2024-06-22,3670.0,3743.0,3626.0,3683.0,46978215330,12686123,598,3671.0,3743.0,24.39157200806875,-110.81606566059236,-102.2785504915511,4256.662928319003,3874.7370716809965,4065.7,4284.02,-0.05690622495324604,0
2024-06-23,3756.0,3756.0,3650.0,3746.0,178149644978,47556186,1388,3683.0,3677.0,22.43224607013724,-129.28859848992533,-107.68056009122594,4277.213493240327,3797.886506759673,4037.55,4267.78,-0.04623334239869459,0
2024-07-03,3614.0,3614.0,3207.0,3413.0,18345416493,5351568,592,3410.0,3427.0,16.89584474930824,-162.23102622242277,-118.59065331746532,4360.135649798109,3647.9643502018916,4004.05,4246.32,0.008754012255617116,0
2024-07-06,3617.0,3617.0,3605.0,3617.0,194724259810,53837994,1129,3413.0,3617.0,30.861813413264173,-171.03513881942354,-129.07955041785698,4368.18082407451,3589.6191759254893,3978.9,4228.72,-0.05114735969035111,0
2024-07-07,3720.0,3720.0,3530.0,3616.0,44825159742,12400777,946,3617.0,3585.0,29.948939425352435,-178.53653599577,-138.97094753343958,4360.454609140517,3536.5453908594827,3948.5,4210.56,-0.046304044630404495,0
2024-07-08,3648.0,3648.0,3461.0,3596.0,23668064028,6739278,537,3616.0,3530.0,28.394339793017352,-186.76655901432287,-148.53006982961625,4361.008597192525,3476.9914028074754,3919.0,4191.78,-0.026628895184136026,0
2024-07-09,3579.0,3579.0,3464.0,3582.0,16270942569,4657352,424,3596.0,3507.0,27.745730587693203,-192.9209467466444,-157.40824521302187,4365.608336774749,3419.4916632252516,3892.55,4172.52,-0.02623324779013403,0
2024-07-10,3471.0,3550.0,3430.0,3569.0,13769286250,3967402,382,3582.0,3457.0,26.33725694193444,-199.53283517798855,-165.8331632060152,4360.678880710266,3361.021119289734,3860.85,4152.62,-0.0011570726063060421,0
2024-07-13,3520.0,3520.0,3360.0,3528.0,36616127423,10646984,692,3569.0,3432.0,25.636502242055812,-204.43351317772567,-173.5532332003573,4351.051090900357,3306.0489090996434,3828.55,4131.92,0.010198135198135283,0
2024-07-14,3500.0,3500.0,3391.0,3512.0,16121600859,4722521,380,3528.0,3419.0,25.260128718551442,-206.9803861042692,-180.2386637811397,4336.473508740173,3256.4264912598264,3796.45,4110.3,0.0023398654577362343,0
2024-07-17,3391.0,3498.0,3391.0,3500.0,27540932306,7953948,409,3512.0,3436.0,26.774091895607228,-205.2609231708857,-185.24311565908891,4314.215122847159,3217.1848771528403,3765.7,4088.9,-0.036670547147846344,0
2024-07-20,3436.0,3480.0,3410.0,3492.0,14602831267,4252310,521,3500.0,3415.0,26.071530078349696,-203.24982345759827,-188.8444572187908,4279.559888508251,3184.3401114917488,3731.95,4070.16,-0.060029282576866794,0
2024-07-21,3393.0,3496.0,3300.0,3467.0,29362981387,8658267,509,3492.0,3453.0,29.667963079357406,-196.32659919838306,-190.34088561470926,4221.656840222257,3172.3431597777426,3697.0,4051.26,-0.08948740225890528,0
2024-07-22,3450.0,3500.0,3360.0,3463.0,37220824687,10773968,695,3467.0,3467.0,30.999765937818196,-187.5482713691017,-189.78236276558778,4166.922559607877,3164.7774403921226,3665.85,4031.0,-0.10095183155465826,0
2024-07-23,3539.0,3539.0,3410.0,3460.0,9929035618,2898294,311,3463.0,3427.0,29.293024989009055,-181.72424504850733,-188.1707392221717,4113.331423949552,3156.0685760504475,3634.7,4010.12,-0.08666472133060987,0
2024-07-24,3488.0,3488.0,3270.0,3405.0,55851832349,16688411,1035,3460.0,3310.0,24.963627669427495,-184.42366322982525,-187.42132402370243,4063.5881849384778,3134.9118150615222,3599.25,3987.74,-0.11510574018126885,0
2024-07-27,3349.0,3349.0,3202.0,3330.0,48393360749,14984883,1314,3405.0,3210.0,21.974278364607912,-192.41410581370837,-188.41988038170362,4014.5964395376545,3104.6035604623453,3559.6,3960.94,-0.06884735202492209,0
2024-07-29,3208.0,3332.0,3133.0,3246.0,98387745165,30431382,1291,3330.0,3144.0,20.250675884210352,-201.74662799978523,-191.08522990531995,3938.611697454846,3087.9883025451545,3513.3,3933.84,-0.039440203562341014,0
2024-07-30,3146.0,3190.0,3115.0,3220.0,22627234512,7247846,555,3246.0,3117.0,19.574262174294276,-208.91317241338083,-194.65081840693213,3859.043476527688,3077.256523472312,3468.15,3905.98,-0.036894449791466166,0
2024-07-31,3027.0,3167.0,3027.0,3115.0,67454751251,22100942,906,3220.0,3130.0,20.943487124503406,-211.1101724819996,-197.94268922194564,3762.5004261030113,3087.799573896989,3425.15,3878.34,-0.039297124600638944,0
2024-08-03,2931.0,2980.0,2929.0,3019.0,58637136813,20009721,719,3115.0,2929.0,16.317779331904916,-226.45984293482616,-203.64611996452174,3753.511769886648,3015.3882301133517,3384.45,3846.94,0.01672925913280987,0
2024-08-04,2989.0,2989.0,2989.0,3015.0,16589075538,5550042,225,3019.0,2989.0,21.8654681361418,-231.1188742818008,-209.14067082797757,3731.6678585861123,2968.432141413888,3350.05,3817.22,-0.004349280695884916,0
2024-08-05,2985.0,3020.0,2985.0,3008.0,28625932034,9586726,468,3015.0,3020.0,24.645089124624917,-229.66234471852704,-213.24500560608746,3735.3821908733985,2924.017809126601,3329.7,3790.04,-0.015894039735099286,0
2024-08-06,2986.0,3022.0,2984.0,3007.0,13532485331,4510988,474,3008.0,3002.0,24.10878228267957,-227.33985181603566,-216.06397484807712,3706.0924689120834,2891.8075310879162,3298.95,3762.36,-0.008660892738174497,0
2024-08-10,3009.0,3035.0,2977.0,3008.0,18285894011,6063399,266,3007.0,3007.0,24.599620824172433,-222.53060692871577,-217.35730126420486,3673.9140736582226,2866.1859263417778,3270.05,3735.66,-0.005653475224476234,0
2024-08-11,2981.0,3034.0,2978.0,3006.0,12045581607,4025300,290,3008.0,2978.0,23.644433129735745,-218.5401090035657,-217.59386281207705,3646.92866444573,2837.9713355542694,3242.45,3707.9,0.01578240429818667,0
2024-08-12,2978.0,3000.0,2976.0,3002.0,16335057247,5483865,277,3006.0,2976.0,23.576441532551698,-213.08270910205374,-216.69163207007242,3617.1295602168293,2814.670439783171,3215.9,3680.68,-0.011088709677419373,0
2024-08-13,2972.0,2997.0,2972.0,2999.0,10995167777,3699070,147,3002.0,2972.0,23.431318035611824,-206.69776377634435,-214.69285841132682,3590.2782854888487,2793.0217145111515,3191.65,3654.52,-0.012786002691790088,0
2024-08-14,2989.0,3025.0,2973.0,2998.0,15872425448,5300407,360,2999.0,2976.0,23.93554483064125,-199.0206953442207,-211.5584257979056,3562.0071059917,2775.6928940083,3168.85,3628.04,-0.015120967741935498,0
2024-08-17,3010.0,3049.0,2970.0,3002.0,30317896391,10063434,589,2998.0,2990.0,25.77784766905023,-189.6210469105713,-207.17095002043877,3530.302807500493,2764.497192499507,3147.4,3602.78,0.0020066889632106566,0
2024-08-18,3000.0,3040.0,2973.0,3003.0,20196619266,6711783,554,3002.0,3025.0,30.32147696232275,-177.3037035860816,-201.19750073356732,3489.1533397468897,2764.54666025311,3126.85,3578.76,-0.01619834710743806,0
2024-08-19,3005.0,3030.0,2943.0,2992.0,34555222320,11657774,676,3003.0,2943.0,26.264771595783444,-172.17411888927518,-195.3928243647089,3448.48897519217,2758.01102480783,3103.25,3552.82,0.021066938498131238,0
2024-08-20,2940.0,2979.0,2933.0,2985.0,14419765349,4911422,378,2992.0,2934.0,25.855891498171502,-166.91106399702812,-189.69647229117277,3389.966659546118,2764.6333404538823,3077.3,3529.56,0.027607361963190247,0
2024-08-21,2934.0,2950.0,2926.0,2975.0,19737443485,6741090,451,2985.0,2931.0,25.71220199501697,-161.12478379373397,-183.98213459168502,3312.788009622468,2788.211990377532,3050.5,3505.78,0.032753326509723735,0
2024-08-24,3025.0,3025.0,2948.0,2976.0,25825163880,8661511,718,2975.0,2996.0,34.23943009016902,-149.57000832056974,-177.09970933746197,3226.8918853898945,2831.008114610105,3028.95,3481.84,0.008678237650200371,0
2024-08-26,3011.0,3012.0,2944.0,2976.0,13068139641,4392771,332,2976.0,2976.0,32.984828183396786,-140.40806162996432,-169.76137979596245,3163.3405357449587,2861.1594642550413,3012.25,3458.96,0.011088709677419262,0
2024-08-27,3018.0,3018.0,2951.0,2983.0,25028601730,8314689,435,2976.0,3005.0,36.61177108960359,-129.31641608456175,-161.67238705368231,3122.8205280227417,2881.1794719772583,3002.0,3438.34,-0.011647254575707144,0
2024-08-28,2980.0,3030.0,2962.0,2990.0,30679490566,10189495,518,2983.0,3015.0,37.8606518139936,-118.35496825173004,-153.00890329329187,3097.6880927553043,2893.411907244696,2995.55,3416.82,-0.014925373134328401,0
2024-08-31,3047.0,3048.0,3009.0,3025.0,108555461655,35840441,1058,2990.0,3027.0,39.40350907880863,-107.460899798637,-143.8993025943609,3078.222185883395,2903.8778141166054,2991.05,3395.8,-0.015526924347538773,0
2024-09-01,3064.0,3065.0,3013.0,3029.0,32688648137,10754402,1556,3025.0,3022.0,38.96934330376377,-98.09989574224028,-134.7394212239368,3047.395526086403,2923.904473913597,2985.65,3375.02,-0.02382528127068162,0
2024-09-03,3051.0,3060.0,2995.0,3027.0,26936343358,8913182,1566,3029.0,3009.0,37.80305579472509,-90.6848652622457,-125.92851003159858,3046.3572305062457,2932.9427694937544,2989.65,3354.18,-0.011299435028248594,0
2024-09-07,3044.0,3044.0,2959.0,3022.0,12792292760,4290764,638,3027.0,2970.0,34.47008974920875,-86.95303380057203,-118.13341478539327,3046.0518961472767,2931.348103852723,2988.7,3331.78,-0.007070707070707116,0
2024-09-08,2990.0,2990.0,2932.0,3001.0,28122774823,9575655,528,3022.0,2970.0,34.47008974920875,-83.03831645822856,-111.11439511996034,3042.2199963556486,2930.180003644351,2986.2,3308.14,-0.011784511784511786,0
2024-09-09,2998.0,3008.0,2950.0,2993.0,29801629322,10030216,608,3001.0,2980.0,36.14429404656234,-78.22720382296575,-104.53695686056142,3040.698201334993,2929.501798665007,2985.1,3285.94,-0.020134228187919434,0
2024-09-10,2993.0,2993.0,2943.0,2989.0,19172895931,6458215,626,2993.0,2950.0,33.38835364147906,-75.95949786858091,-98.82146506216533,3038.8993600289105,2925.6006399710895,2982.25,3263.94,-0.003389830508474523,0
2024-09-11,3015.0,3015.0,2930.0,2983.0,22496323445,7600647,1009,2989.0,2975.0,37.65452642591559,-71.32286787162866,-93.32174562405801,3038.8094347678148,2925.390565232185,2982.1,3243.06,-0.015126050420168013,0
2024-09-14,2978.0,2980.0,2940.0,2979.0,17369496599,5876696,385,2983.0,2949.0,35.13431061260094,-68.95145841109161,-88.44768818146474,3039.2337583580643,2922.2662416419357,2980.75,3221.98,-0.007121057985757906,0
2024-09-15,2968.0,2978.0,2927.0,2974.0,19634292910,6655429,640,2979.0,2935.0,33.82164345258515,-67.42455403704025,-84.24306135257986,3040.6248733630428,2917.1751266369574,2978.9,3199.28,0.00034071550255543315,0
2024-09-16,2925.0,2940.0,2916.0,2970.0,9504442108,3248572,354,2974.0,2920.0,32.423872615660514,-66.65647164669144,-80.72574341140218,3042.963741980855,2909.2362580191448,2976.1,3177.28,0.03184931506849309,0
2024-09-17,2968.0,2969.0,2910.0,2931.0,114036048294,38917536,1222,2970.0,2940.0,36.209358719629954,-63.69963818819451,-77.32052236676064,3041.9210069574597,2905.27899304254,2973.6,3156.28,0.05272108843537415,1
2024-09-18,2929.0,2933.0,2912.0,2929.0,35547507701,12154466,693,2931.0,2930.0,35.14913459775562,-61.45482977269694,-74.1473838479479,3035.40306147488,2902.29693852512,2968.85,3140.02,0.04607508532423199,0
2024-09-22,2901.0,2940.0,2901.0,2928.0,25366073154,8673630,428,2929.0,2928.0,34.92885419297791,-59.1552809597265,-71.14896327030362,3036.123231264611,2900.0767687353887,2968.1,3125.04,0.05806010928961758,1
2024-09-23,2928.0,2945.0,2911.0,2926.0,109777156615,37518028,1043,2928.0,2936.0,36.639363475427544,-56.041329257715915,-68.12743646778608,3036.0280177484115,2900.371982251588,2968.2,3115.22,0.061648501362397745,1
2024-09-24,2940.0,3013.0,2940.0,3005.0,224840305386,74826972,1118,2926.0,3013.0,50.206668453791146,-46.82052573895908,-63.86605432202069,3040.5498351036886,2904.050164896312,2972.3,3103.14,0.02356455360106202,0
2024-09-25,3095.0,3095.0,3056.0,3095.0,710195317791,229475383,3233,3005.0,3095.0,60.02377759417143,-32.52137169162552,-57.59711779594166,3063.6140549747574,2890.8859450252426,2977.25,3093.34,0.001615508885298933,0
2024-09-28,3065.0,3103.0,3065.0,3068.0,448626801233,146224974,2552,3095.0,3065.0,55.697261139045736,-23.340879242100527,-50.745870085173436,3076.1417280214887,2887.258271978511,2981.7,3084.04,-0.0055464926590538255,0
2024-09-29,3038.0,3098.0,3038.0,3087.0,132408326706,42889797,852,3068.0,3098.0,59.182546267863586,-13.24971416920107,-43.24663890197897,3093.2579510218343,2879.4420489781655,2986.35,3075.86,-0.020012911555842505,0
2024-09-30,3117.0,3117.0,3079.0,3115.0,124166845612,39856348,1094,3087.0,3117.0,61.08097389756041,-3.6768672981920645,-35.332684581221585,3112.176923226301,2870.7230767736987,2991.45,3069.06,-0.013474494706448459,0
2024-10-01,3119.0,3119.0,3084.0,3104.0,45961034998,14894315,497,3115.0,3084.0,56.19251850677295,1.2326493933187521,-28.019617786313518,3120.802331961472,2867.797668038528,2994.3,3062.1,-0.009403372243839137,0
2024-10-02,3073.0,3114.0,3073.0,3078.0,195063520929,63367171,1461,3104.0,3100.0,57.949734595060306,6.341442819507392,-21.147405665149336,3132.4499161701497,2863.95008382985,2998.2,3055.72,-0.014516129032258074,0
2024-10-05,3050.0,3078.0,3048.0,3066.0,49757607345,16313009,640,3078.0,3048.0,50.815590086568385,6.123643448919665,-15.693195842335534,3136.09303951175,2864.2069604882504,3000.15,3047.96,0.011811023622047223,0
2024-10-06,3036.0,3078.0,3036.0,3060.0,26352331045,8673709,322,3066.0,3036.0,49.30703246949129,4.925952848614543,-11.56936610414552,3139.509509008722,2867.3904909912776,3003.45,3040.38,-0.0019762845849802257,0
2024-10-07,3030.0,3090.0,3030.0,3084.0,174934799167,56730068,1266,3060.0,3075.0,54.078470799861634,7.0425661634908465,-7.8469796506182465,3147.271425595961,2870.128574404039,3008.7,3032.82,-0.03804878048780491,0
2024-10-08,3113.0,3113.0,3054.0,3082.0,66119139110,21459331,1044,3084.0,3055.0,51.406277749359504,7.025182678980855,-4.872547184698426,3151.769022361265,2873.1309776387347,3012.45,3024.58,-0.038625204582651396,0
2024-10-09,3054.0,3080.0,3052.0,3076.0,28649841830,9367392,547,3082.0,3055.0,51.406277749359504,6.93150407796611,-2.511736932165519,3155.110479919477,2880.289520080523,3017.7,3017.14,-0.04320785597381338,0
2024-10-12,3135.0,3160.0,3050.0,3088.0,100955601518,32674408,1038,3076.0,3084.0,55.13443274762767,9.092507976567504,-0.1908879504189145,3161.9927527518216,2884.3072472481786,3023.15,3012.62,-0.07490272373540852,0
2024-10-13,3120.0,3120.0,3005.0,3049.0,90289953399,29734439,1385,3088.0,3030.0,47.78306363205846,6.374291566906777,1.122147953046224,3161.81589799019,2892.5841020098096,3027.2,3009.02,-0.0716171617161716,0
2024-10-14,3002.0,3040.0,2958.0,3027.0,31121996555,10488957,434,3049.0,2958.0,40.10476922223044,-1.5715964072369388,0.5833990809895915,3160.1593698934403,2896.5406301065595,3028.35,3005.3,-0.036849222447599694,0
2024-10-15,2937.0,2950.0,2937.0,3006.0,27207521952,9261679,380,3027.0,2937.0,38.17780688018328,-9.454310957836697,-1.4241429267756662,3158.396903955575,2900.0030960444246,3029.2,3001.7,-0.051072522982635316,0
2024-10-16,2916.0,3008.0,2916.0,2941.0,91459795660,31272656,1111,3006.0,2923.0,36.9047355784118,-16.639294597676326,-4.467173260955798,3160.0819626806865,2896.6180373193133,3028.35,2997.56,-0.055764625384878586,0
2024-10-19,2863.0,2922.0,2853.0,2899.0,56573006037,19819425,568,2941.0,2853.0,31.287010223176637,-27.662979277348768,-9.106334464234394,3171.1594694920996,2877.8405305079004,3024.5,2996.04,0.02103049421661418,0
2024-10-20,2814.0,2850.0,2813.0,2879.0,26951272631,9576092,329,2899.0,2813.0,28.607220578614516,-39.175404832336426,-15.1201485378548,3187.4531416177583,2850.0468583822417,3018.75,2992.52,0.05012442232491998,1
2024-10-21,2796.0,2900.0,2796.0,2873.0,30314209816,10619823,468,2879.0,2849.0,34.07968686759513,-44.876873232029084,-21.071493476689657,3195.448501765962,2833.351498234038,3014.4,2989.1,0.017901017901017946,0
2024-10-22,2870.0,2880.0,2787.0,2845.0,44449610191,15873221,595,2873.0,2787.0,29.8377111134415,-53.77828724053961,-27.612852229459648,3209.5208322618973,2796.6791677381025,3003.1,2984.8,0.017581628991747422,0
2024-10-23,2760.0,2770.0,2760.0,2829.0,20788668915,7531709,289,2845.0,2760.0,28.1919941674784,-62.29331773449485,-34.54894533046669,3213.5453124333485,2759.1546875666513,2986.35,2979.86,0.0431159420289855,0
2024-10-26,2820.0,2913.0,2820.0,2868.0,62956507965,21675545,467,2829.0,2913.0,46.27524261769251,-56.0496143581413,-38.84907913600161,3205.0806209766665,2752.4193790233335,2978.75,2978.56,-0.03879162375557843,0
2024-10-27,2954.0,2954.0,2954.0,2920.0,75926065292,25702798,452,2868.0,2954.0,49.91512450205458,-47.248426648939585,-40.528948638589206,3191.3148515838698,2751.7851484161306,2971.55,2978.12,-0.04705484089370349,0
2024-10-28,2989.0,2989.0,2895.0,2923.0,53170469299,18165072,761,2920.0,2900.0,45.53898864926437,-44.122157912112925,-41.24759049329395,3171.9307742533633,2749.4692257466363,2960.7,2976.68,-0.02758620689655178,0
2024-10-29,2893.0,2893.0,2836.0,2901.0,31173869735,10989003,520,2923.0,2836.0,40.95601625462385,-46.275398555201264,-42.25315210567541,3158.235323353813,2738.3646766461875,2948.3,2973.88,0.0049365303244006675,0
2024-10-30,2814.0,2925.0,2814.0,2886.0,55956934928,19510338,797,2901.0,2879.0,44.96363816354885,-44.004856055567416,-42.603492895653815,3137.105823011653,2737.394176988347,2937.25,2971.66,-0.0003473428273705892,0
2024-11-02,2803.0,2900.0,2800.0,2843.0,66156624350,23537439,888,2886.0,2800.0,39.64022126151577,-48.026455452657046,-43.688085407054466,3126.4478918333707,2723.252108166629,2924.85,2967.16,0.010714285714285676,0
2024-11-03,2854.0,2854.0,2758.0,2814.0,336370027274,119539485,1581,2843.0,2815.0,41.06693522870524,-49.433389960888235,-44.83714631782122,3114.0394566304417,2713.5605433695587,2913.8,2964.6,0.030195381882770933,0
2024-11-04,2829.0,2829.0,2773.0,2811.0,43422142795,15472460,423,2814.0,2820.0,41.56277605098309,-49.57348520282494,-45.78441409482197,3090.808240905761,2711.2917590942393,2901.05,2962.32,0.012056737588652444,0
2024-11-05,2843.0,2888.0,2796.0,2820.0,49863320795,17612326,629,2811.0,2850.0,44.575905515911096,-46.725144036788606,-45.9725600832153,3067.9130712049346,2713.686928795066,2890.8,2960.7,-0.014385964912280724,0
2024-11-06,2839.0,2878.0,2758.0,2824.0,92309453888,32674152,996,2820.0,2878.0,47.30679598887713,-41.72743920258017,-45.123535907088275,3042.25031188878,2721.64968811122,2881.95,2958.34,-0.013203613620569876,0
2024-11-09,2899.0,2900.0,2825.0,2848.0,190348656811,66846365,1905,2824.0,2830.0,43.36234698400569,-41.16539194839925,-44.331907115350475,3001.2573861253018,2737.2426138746982,2869.25,2955.42,0.03180212014134276,0
2024-11-10,2892.0,2933.0,2850.0,2904.0,565032092796,194600717,3644,2848.0,2900.0,49.92026948398836,-34.67187467576878,-42.399900627434135,2973.5559113568925,2751.9440886431075,2862.75,2953.32,0.007241379310344742,0
2024-11-11,2950.0,2958.0,2828.0,2895.0,227449199581,78559826,2661,2904.0,2854.0,46.13951455200093,-32.85875573367002,-40.49167164868132,2959.3860937567288,2755.7139062432716,2857.55,2950.1,0.06552207428170997,1
2024-11-12,2833.0,2869.0,2809.0,2833.0,105515147388,37352967,1634,2895.0,2809.0,42.73013583968645,-34.65350578491825,-39.32403847592871,2948.1845814214003,2754.1154185786,2851.15,2945.74,0.0971876112495551,1
2024-11-13,2800.0,2898.0,2767.0,2835.0,174966324907,61710785,1506,2833.0,2840.0,45.706486099082476,-33.191802767692025,-38.097591334281375,2938.319220274948,2755.680779725052,2847.0,2942.1,0.09154929577464799,1
2024-11-16,2890.0,2920.0,2889.0,2919.0,750624779691,257135216,2460,2835.0,2920.0,52.55865217665987,-25.286573306700575,-35.535387728765215,2947.0604440669463,2753.6395559330535,2850.35,2940.32,0.09863013698630141,1
2024-11-17,3000.0,3000.0,2911.0,2953.0,464733753014,157382807,2670,2919.0,2921.0,52.63911484618762,-18.725079303853818,-32.173326043782936,2955.5275024323037,2755.9724975676963,2855.75,2939.34,0.1294077370763438,1
2024-11-18,2980.0,3041.0,2970.0,3037.0,452072825267,148869368,1484,2953.0,3041.0,61.15353138074836,-3.7982668594136157,-26.498314206909075,2993.5736717288687,2737.126328271131,2865.35,2940.76,0.11706675435711933,1
2024-11-19,3128.0,3128.0,3054.0,3122.0,982145986797,314631648,4794,3037.0,3082.0,63.56374798099282,11.210469578360062,-18.95655744985525,3034.147914596853,2726.052085403147,2880.1,2942.8,0.11129136924075267,1
2024-11-20,3085.0,3180.0,3030.0,3115.0,302608597113,97144159,2933,3122.0,3100.0,64.60212496176891,24.277593914754107,-10.309727176933379,3068.4509847991744,2725.7490152008254,2897.1,2945.8,0.15290322580645155,1
2024-11-23,3085.0,3208.0,3061.0,3203.0,729769619095,227824471,3109,3115.0,3208.0,70.10677870064833,42.85408627045035,0.3230355125433686,3130.418318819662,2693.2816811803377,2911.85,2950.46,0.07948877805486276,1
2024-11-24,3299.0,3299.0,3260.0,3299.0,430416088596,130471760,1397,3203.0,3299.0,73.80336346000725,64.17921177681637,13.09427076539797,3205.149923006077,2653.0500769939226,2929.1,2957.46,0.057896332221885505,1
2024-11-25,3397.0,3397.0,3397.0,3397.0,283545334392,83469336,681,3299.0,3397.0,77.08914453373885,87.97320797950488,28.070058208219354,3296.514139967499,2611.3858600325007,2953.95,2966.7,0.05181042095967037,1
2024-11-26,3498.0,3498.0,3350.0,3470.0,1018641772211,293571466,5892,3397.0,3425.0,77.94048955066418,107.84630234936594,44.02530703644867,3377.7046537788838,2589.0953462211164,2983.4,2976.8,0.011678832116788218,0
2024-11-27,3471.0,3574.0,3420.0,3559.0,829827791414,233167692,3799,3470.0,3574.0,81.81333583879724,134.07341272632948,62.034928174424834,3485.298488161635,2551.0015118383653,3018.15,2989.48,-0.039171796306659235,0
2024-11-30,3658.0,3665.0,3453.0,3523.0,703547978446,199687718,4599,3559.0,3463.0,71.71263589929234,144.2391155831947,78.47576565617881,3545.1546749720164,2557.445325027984,3051.3,3000.14,-0.03349696794686685,0
2024-12-01,3445.0,3528.0,3418.0,3469.0,307255789214,88581639,2368,3523.0,3490.0,72.59881634193812,152.7137931424686,93.32337115343677,3601.4415084427037,2568.6584915572967,3085.05,3011.38,-0.052435530085959914,0
2024-12-02,3550.0,3573.0,3519.0,3572.0,399559280686,111844638,1292,3469.0,3573.0,75.17360911390736,164.23425227702865,107.50554737815514,3665.432751906265,2579.9672480937347,3122.7,3024.12,-0.053736356003358576,0
2024-12-03,3660.0,3660.0,3465.0,3492.0,641085841270,183611358,5211,3572.0,3465.0,66.42685362311236,162.7732529975292,118.55908850202997,3700.567345723713,2606.3326542762866,3153.45,3033.16,-0.035209235209235246,0
2024-12-04,3400.0,3505.0,3400.0,3450.0,229690993283,66571927,2334,3492.0,3434.0,64.12062707315167,157.300695123306,126.30740982628518,3726.0556075259997,2636.4443924740003,3181.25,3039.94,0.007280139778683692,0
2024-12-07,3355.0,3420.0,3347.0,3350.0,282623289172,84374091,1589,3450.0,3347.0,58.031382159027984,144.28030710078565,129.90198928118528,3731.465864632496,2682.7341353675038,3207.1,3045.58,0.048102778607708396,0
2024-12-08,3260.0,3347.0,3250.0,3283.0,309465365989,94276181,2149,3350.0,3307.0,55.42523665405804,129.24404517885932,129.7704004607201,3733.8460801505025,2721.053919849497,3227.45,3049.76,0.09253099485938909,1
2024-12-09,3343.0,3381.0,3343.0,3381.0,816295675886,241440869,2703,3283.0,3381.0,59.085941533348965,121.89376538044007,128.1950734446641,3733.885659014937,2773.7143409850632,3253.8,3055.04,0.07660455486542439,1
2024-12-10,3450.0,3460.0,3300.0,3363.0,328369518644,97630445,3125,3381.0,3343.0,56.519052441581934,111.7145573858902,124.89897023290933,3715.9912168940014,2845.0087831059986,3280.5,3060.22,0.07538139395752319,1
2024-12-11,3343.0,3463.0,3304.0,3406.0,341062842364,100137625,2721,3363.0,3459.0,61.952857623105956,111.7198553116882,122.26314724866512,3703.094468864086,2919.8055311359135,3311.45,3067.4,0.08933217692974837,1
2024-12-14,3508.0,3508.0,3508.0,3508.0,164491277640,46890330,504,3406.0,3508.0,63.99947506623449,114.35967727279285,120.68245325349066,3697.2314108393493,2984.4685891606505,3340.85,3076.6,0.0903648802736603,1
2024-12-15,3613.0,3613.0,3560.0,3612.0,1448286025229,400970952,4441,3508.0,3613.0,67.97489566251836,123.50073804262911,121.24611021131837,3694.475688608082,3056.424311391918,3375.45,3088.14,0.03293661776916679,0
2024-12-16,3620.0,3720.0,3620.0,3706.0,1540879021650,415823622,5531,3612.0,3640.0,68.92515547516008,131.4089681267733,123.27868179440935,3705.092108657993,3105.7078913420073,3405.4,3099.44,0.023626373626373542,0
2024-12-17,3620.0,3789.0,3595.0,3659.0,553010609037,151118789,3308,3706.0,3595.0,65.4399514187511,132.5175931998001,125.1264640754875,3702.0772864341993,3160.022713565801,3431.05,3110.24,0.060639777468706635,1
2024-12-18,3768.0,3768.0,3607.0,3738.0,430731637076,115220223,2621,3659.0,3768.0,71.42257664382818,145.67657189576403,129.23648563954282,3728.612431075844,3200.2875689241555,3464.45,3124.5,-0.0172505307855626,0
2024-12-21,3839.0,3850.0,3770.0,3847.0,688278324292,178929006,3291,3738.0,3825.0,73.07630994456062,158.87318971287777,135.1638264542098,3776.0504941970967,3214.5495058029037,3495.3,3139.32,-0.05830065359477121,0
2024-12-22,3848.0,3868.0,3732.0,3768.0,516099339682,136955384,3272,3847.0,3732.0,66.33170748993047,159.9830960970794,140.12768038278375,3800.577555064601,3233.322444935399,3516.95,3153.36,-0.06082529474812437,0
2024-12-23,3700.0,3773.0,3655.0,3709.0,360441854544,97170545,3037,3768.0,3726.0,65.90906042935426,158.5508792061023,143.81232014744745,3825.3331430172507,3241.4668569827495,3533.4,3168.72,-0.08454106280193241,0
2024-12-24,3770.0,3820.0,3722.0,3803.0,609112246608,160154028,3174,3709.0,3813.0,68.99405454687323,162.56209526922794,147.56227517180355,3864.255679016998,3241.3443209830025,3552.8,3186.24,-0.09231576186729606,0
2024-12-25,3800.0,3800.0,3689.0,3713.0,388655735246,104676558,2658,3803.0,3703.0,61.42535663015385,155.07729765179965,149.06527966780277,3877.464314561652,3241.035685438348,3559.25,3201.84,-0.04536862003780717,0
2024-12-28,3650.0,3677.0,3602.0,3613.0,484704153390,134150257,3235,3713.0,3602.0,55.414376063632005,139.3888972660443,147.13000318745108,3881.7627354298106,3250.637264570189,3566.2,3216.82,0.006662965019433642,0
2024-12-29,3559.0,3598.0,3505.0,3516.0,313674069965,89216142,2495,3613.0,3505.0,50.32125345156335,117.77104628271991,141.25821180650485,3881.8553667245847,3252.044633275415,3566.95,3230.66,0.02938659058487869,0
2024-12-30,3431.0,3482.0,3411.0,3420.0,306930751832,89753744,2160,3516.0,3411.0,45.91696586560747,91.99328786236401,131.40522701767668,3880.967540646177,3236.732459353823,3558.85,3241.9,0.07593081207856933,1
2024-12-31,3400.0,3522.0,3400.0,3496.0,359117078713,102719358,2388,3420.0,3461.0,48.49902681026232,74.73728581949354,120.07163877804005,3881.0052543265606,3236.2947456734396,3558.65,3255.38,0.07194452470384283,1
2025-01-01,3540.0,3580.0,3475.0,3521.0,321493451652,91312709,2541,3496.0,3535.0,52.14083412990063,66.26905304152433,109.31112163073692,3881.214157151998,3246.185842848002,3563.7,3270.88,0.0435643564356436,0
2025-01-04,3579.0,3626.0,3538.0,3624.0,1023768906613,282489122,2365,3521.0,3626.0,56.238944694074945,66.13845410674458,100.67658812593845,3880.0095706967945,3275.2904293032057,3577.65,3285.14,-0.009928295642581353,0
2025-01-05,3672.0,3732.0,3581.0,3677.0,497208829788,135225569,3268,3624.0,3608.0,55.23150007636853,63.84652099138475,93.31057469902773,3868.4702666930502,3316.9297333069494,3592.7,3298.22,-0.026884700665188443,0
2025-01-06,3648.0,3677.0,3579.0,3631.0,239186274229,65867834,2512,3677.0,3670.0,58.02096158084502,66.26912016320921,87.90228379186402,3866.8531189492387,3347.4468810507615,3607.15,3313.62,-0.051498637602179875,0
2025-01-07,3668.0,3730.0,3656.0,3689.0,349208848862,94673969,2530,3631.0,3710.0,59.76287958410288,70.60284748970207,84.44239653143163,3858.436472008937,3392.563527991063,3625.5,3331.1,-0.08948787061994612,0
2025-01-08,3720.0,3750.0,3670.0,3699.0,457082919870,123563647,3014,3689.0,3689.0,58.39294574682464,71.51841337239921,81.85759989962514,3858.3422688778064,3415.6577311221936,3637.0,3347.3,-0.08620222282461376,0
2025-01-11,3701.0,3701.0,3589.0,3619.0,316046565551,87341182,2900,3699.0,3590.0,52.305739616540414,63.52327651841597,78.19073522338331,3855.6664465660388,3426.533553433961,3641.1,3363.1,-0.06573816155988854,0
2025-01-18,3511.0,3511.0,3511.0,3588.0,33029535884,9407444,306,3619.0,3511.0,48.005204230181,50.23337412263572,72.5992630032338,3857.725054948634,3414.274945051366,3636.0,3377.02,-0.05297636001139272,0
2025-01-19,3481.0,3520.0,3481.0,3482.0,458061315678,131552986,2439,3588.0,3481.0,46.443575912660265,36.855434933660945,65.45049738931924,3859.8063159699673,3396.293684030033,3628.05,3390.24,-0.06521114622234991,0
2025-01-20,3450.0,3480.0,3378.0,3386.0,280085142926,82722094,1621,3482.0,3378.0,41.45714918580071,17.73761437325402,55.907920786106196,3873.1817180815196,3361.21828191848,3617.2,3400.8,-0.05950266429840145,0
2025-01-21,3310.0,3419.0,3285.0,3308.0,290153436026,87714500,2845,3386.0,3371.0,41.13392087106607,1.9987223173998245,45.12608109236492,3864.7921619564836,3329.907838043516,3597.35,3410.66,-0.065559181251854,0
2025-01-22,3370.0,3407.0,3354.0,3378.0,223254610943,66081298,1533,3308.0,3354.0,40.311907509078104,-11.711221285533156,33.75862061678531,3839.8560842979314,3307.743915702069,3573.8,3421.14,-0.07274895646988666,0
2025-01-25,3470.0,3470.0,3325.0,3354.0,113317746731,33799033,1285,3378.0,3325.0,38.88436978632207,-24.63255919340918,22.08038465474641,3830.0439080889873,3276.8560919110123,3553.45,3429.64,-0.07127819548872183,0
2025-01-26,3300.0,3370.0,3254.0,3274.0,112999845663,34541263,1724,3354.0,3254.0,35.56383618226971,-40.139219272874016,9.636463869222327,3823.5432242867187,3236.156775713281,3529.85,3437.64,-0.05162876459741861,0
2025-01-27,3215.0,3250.0,3176.0,3220.0,84928573050,26524156,1295,3274.0,3177.0,32.338535399921724,-57.973335069915265,-3.8854959186051925,3799.8389825555523,3196.261017444448,3498.05,3445.0,-0.02958766131570667,0
2025-01-29,3142.0,3240.0,3142.0,3179.0,89473973619,28243459,1315,3220.0,3150.0,31.2677177374337,-73.43911428332422,-17.796219591548997,3792.6504615852455,3148.1495384147547,3470.4,3451.2,-0.022222222222222254,0
2025-02-01,3160.0,3220.0,3084.0,3101.0,133399280756,43019051,1638,3179.0,3110.0,29.698749153172216,-87.91014797721118,-31.819005268681437,3797.849201095377,3093.7507989046235,3445.8,3455.0,-0.022829581993569104,0
2025-02-02,3131.0,3159.0,3084.0,3103.0,134515757886,43353796,1930,3101.0,3088.0,28.841545589536324,-100.00101314504627,-45.45540684395441,3808.49007612228,3041.40992387772,3424.95,3458.34,-0.03529792746113991,0
2025-02-03,3131.0,3150.0,3074.0,3091.0,134965745983,43669785,2009,3103.0,3086.0,28.76027547917387,-108.49384467944583,-58.06309441105269,3819.778143412998,2997.6218565870017,3408.7,3459.24,-0.056383668178872304,0
2025-02-04,3091.0,3178.0,3083.0,3108.0,172275783226,55423056,1751,3091.0,3083.0,28.629956117451542,-114.15069166873991,-69.28061386259014,3823.649559169846,2955.9504408301545,3389.8,3459.26,-0.06908855011352577,0
2025-02-05,3085.0,3134.0,3049.0,3078.0,151417545762,49187658,2538,3108.0,3080.0,28.490926553979975,-117.52114795187663,-78.92872068044744,3815.5294198086017,2918.5705801913987,3367.05,3458.86,-0.08279220779220775,0
2025-02-09,3069.0,3139.0,3029.0,3071.0,261125182061,85043047,3230,3078.0,3039.0,26.59046252522043,-122.09320175830135,-87.56161689601822,3791.352333832691,2884.0476661673088,3337.7,3455.48,-0.06219151036525172,0
2025-02-11,3080.0,3080.0,2979.0,3002.0,269949743858,89919644,2092,3071.0,2979.0,24.0610496387889,-129.07024446409469,-95.86334240963353,3767.731039688343,2844.768960311657,3306.25,3449.08,-0.06344410876132933,0
2025-02-15,2912.0,2956.0,2912.0,2912.0,294465287154,101119313,1045,3002.0,2912.0,21.591157457186668,-138.41043183229112,-104.37276029416505,3728.6139568680323,2808.0860431319675,3268.35,3439.38,-0.11401098901098905,0
2025-02-16,2827.0,2881.0,2825.0,2830.0,305069309491,107812190,2243,2912.0,2870.0,20.191893509739955,-147.50134294033887,-112.99847682339981,3670.77379548332,2781.9262045166797,3226.35,3428.28,-0.10034843205574917,0
2025-02-17,2900.0,2900.0,2821.0,2849.0,128010516353,44924217,1378,2830.0,2825.0,18.787043172502067,-156.53266824789353,-121.70531510829856,3606.771186901437,2759.528813098563,3183.15,3413.3,-0.08778761061946905,0
2025-02-18,2780.0,2900.0,2771.0,2845.0,181886432940,63928939,1676,2849.0,2850.0,22.03252126332491,-159.83034285355188,-129.33032065734923,3549.970888503513,2742.3291114964873,3146.15,3401.04,-0.21192982456140352,0
2025-02-19,2900.0,2900.0,2790.0,2838.0,230628478650,81275208,2540,2845.0,2790.0,19.96987553315698,-165.37888742660562,-136.54003401120053,3505.8503758580036,2714.349624141996,3110.1,3387.04,-0.20681003584229396,0
2025-03-11,2580.0,2580.0,2580.0,2651.0,11256160740,4362853,254,2659.0,2580.0,14.761133227697115,-184.59351479949282,-146.150730168859,3485.9872756025916,2644.112724397409,3065.05,3367.18,-0.14883720930232558,0
2025-03-12,2572.0,2729.0,2572.0,2598.0,355682777301,136913926,2944,2651.0,2582.0,14.988554089570314,-197.38453607683186,-156.39749135045358,3470.1454371441846,2580.3545628558154,3025.25,3349.52,-0.13826491092176607,0
2025-03-15,2660.0,2660.0,2567.0,2605.0,431008983154,165456277,4486,2598.0,2577.0,14.881656331539432,-205.55545546988242,-166.22908417433933,3441.5155579007023,2529.584442099298,2985.55,3332.38,-0.1598758246022507,0
2025-04-05,2315.0,2315.0,2246.0,2281.0,75590608209,33506731,1553,2327.0,2246.0,9.865503307995041,-236.01921903458197,-180.18711114638785,3457.2777928469295,2403.0222071530707,2930.15,3310.36,-0.05387355298308105,0
2025-04-06,2213.0,2245.0,2213.0,2263.0,29899606525,13508180,649,2281.0,2213.0,9.520939283913805,-259.8296409837385,-196.115617113858,3455.2201214903794,2293.879878509621,2874.55,3288.48,-0.012200632625395391,0
2025-04-07,2196.0,2252.0,2196.0,2203.0,218868927546,99358488,2355,2263.0,2196.0,9.33996551872869,-276.87963378169616,-212.26842044742565,3445.5680314685815,2197.7319685314187,2821.65,3264.78,-0.0031876138433515333,0
2025-04-08,2210.0,2260.0,2202.0,2231.0,457180511628,204884493,3600,2203.0,2225.0,12.398961054821172,-284.76917647204255,-226.76857165234907,3426.854863639671,2121.2451363603295,2774.05,3242.42,-0.03685393258426961,0
2025-04-09,2230.0,2270.0,2165.0,2178.0,205054142328,94140669,2032,2231.0,2165.0,11.531988963627484,-292.49153411864427,-239.9131641456081,3404.7798820491594,2044.820117950841,2724.8,3216.54,-0.03002309468822173,0
2025-04-12,2150.0,2150.0,2113.0,2123.0,175968269434,82903343,1979,2178.0,2125.0,10.980743543379887,-298.39946066092534,-251.61042344867158,3379.0744061093883,1972.0255938906118,2675.55,3188.88,0.008000000000000007,0
2025-04-13,2185.0,2186.0,2156.0,2186.0,398131209734,182143014,1649,2123.0,2186.0,17.46047861180628,-294.76151751700445,-260.24064226233816,3338.065283887755,1922.8347161122447,2630.45,3160.34,0.0022872827081428238,0
2025-04-14,2240.0,2240.0,2181.0,2209.0,451163453936,204244289,3568,2186.0,2189.0,17.77746473761266,-288.3128553100346,-265.85508487187747,3285.702678177658,1885.4973218223417,2585.6,3131.32,0.03060758337140257,0
2025-04-15,2180.0,2180.0,2143.0,2145.0,403454725313,188067748,3288,2209.0,2143.0,16.717317562534873,-283.6443837198444,-269.41294464147086,3224.898302483337,1852.301697516663,2538.6,3102.28,0.08399440037330841,1
2025-04-16,2130.0,2150.0,2085.0,2115.0,264459275718,125021193,3414,2145.0,2100.0,15.770560053433513,-280.1845340839991,-271.5672625299765,3153.8684397075394,1825.3315602924604,2489.6,3068.92,0.13761904761904753,1
2025-04-19,2140.0,2158.0,2109.0,2128.0,492005729696,231186820,4145,2115.0,2142.0,20.50612041577176,-270.93041218601184,-271.4398924611836,3074.832177173319,1814.6678228266808,2444.75,3035.26,0.134453781512605,1
2025-04-20,2191.0,2191.0,2191.0,2191.0,214309790408,97813688,888,2128.0,2191.0,25.750932589276204,-256.683673807976,-268.4886487305421,2994.066663592473,1816.6333364075267,2405.35,3004.44,0.07576449109995442,1
2025-04-21,2256.0,2256.0,2220.0,2256.0,1180644639543,523401118,4556,2191.0,2256.0,32.14638400298065,-237.41134403819933,-262.27318779207354,2916.0628241278578,1829.0371758721426,2372.55,2975.04,0.0846631205673758,1
2025-04-22,2310.0,2323.0,2258.0,2320.0,705749734013,304234599,4004,2256.0,2323.0,38.06801486378358,-214.2616686454885,-252.67088396275653,2838.569881520374,1851.8301184796255,2345.2,2945.24,0.0783469651312958,1
2025-04-23,2361.0,2389.0,2256.0,2360.0,729093581298,308876166,4728,2320.0,2389.0,43.31588988457473,-188.41777289740503,-239.82026174968624,2765.955036115757,1880.844963884243,2323.4,2918.96,0.07994976977814994,1
2025-04-26,2430.0,2430.0,2380.0,2429.0,804501989713,331198617,3827,2360.0,2430.0,46.356827705963056,-162.7518400703034,-224.40657741380966,2677.769364748124,1927.030635251876,2302.4,2895.52,0.09341563786008233,1
2025-04-27,2390.0,2448.0,2357.0,2376.0,430675795486,181273712,3531,2429.0,2357.0,42.03307310640747,-146.61184323915222,-208.84763057887818,2584.184918872896,1977.315081127104,2280.75,2872.56,0.140857021637675,1
2025-04-28,2396.0,2447.0,2392.0,2433.0,204181279084,83905275,1586,2376.0,2447.0,48.42053725120044,-125.11626916073828,-192.10135829525024,2556.0814887388856,1992.1185112611142,2274.1,2853.28,0.0649775234981611,1
2025-04-29,2505.0,2505.0,2505.0,2505.0,151008649470,60282894,471,2433.0,2505.0,52.08483968786134,-102.22240036242874,-174.12556670868597,2537.002225841504,2003.497774158496,2270.25,2834.16,0.035129740518962116,0
2025-04-30,2580.0,2580.0,2580.0,2580.0,222472979460,86229837,625,2505.0,2580.0,56.39839098021899,-77.13777494651731,-154.72800835625225,2537.8444988991114,2002.9555011008888,2270.4,2815.06,-0.01744186046511631,0
2025-05-03,2503.0,2657.0,2503.0,2611.0,2501348560909,958062116,11208,2580.0,2657.0,60.345413397127864,-50.46306529078629,-133.87501974315907,2606.560820459954,1975.3391795400457,2290.95,2795.68,-0.05946556266465941,0
2025-05-04,2689.0,2689.0,2650.0,2686.0,1732891137905,645196303,6057,2611.0,2689.0,61.889445346878,-26.43629202443526,-112.38727419941432,2672.2663632498734,1957.2336367501266,2314.75,2777.3,-0.08962439568612868,0
2025-05-05,2739.0,2755.0,2606.0,2636.0,1625867596678,616806699,9270,2686.0,2606.0,55.81853162258779,-13.931711351089234,-92.69616162974931,2709.7923206947703,1960.7076793052297,2335.25,2756.02,-0.03914044512663084,0
2025-05-06,2599.0,2635.0,2557.0,2572.0,1172418047470,455811611,7144,2636.0,2593.0,54.910002450174055,-5.012946306717367,-75.15951856514293,2740.6690046902504,1966.63099530975,2353.65,2733.68,-0.005399151561897408,0
2025-05-07,2632.0,2632.0,2531.0,2576.0,438356170271,170188928,4334,2572.0,2535.0,50.927278017899305,-2.594962909483911,-60.64660743401113,2756.6945487735325,1987.6054512264677,2372.15,2710.6,0.03274161735700187,0
2025-05-10,2499.0,2571.0,2499.0,2502.0,308894152372,123456399,2871,2576.0,2499.0,48.57235276802139,-3.5427541178110005,-49.2258367707711,2761.6293278911967,2020.0706721088034,2390.85,2688.78,0.01800720288115243,0
2025-05-11,2461.0,2462.0,2427.0,2432.0,342651886916,140910589,3257,2502.0,2448.0,45.37152437148224,-8.31332837940272,-41.04333509249743,2763.187233581728,2044.7127664182717,2403.95,2667.52,0.031045751633986818,0
2025-05-12,2504.0,2504.0,2495.0,2504.0,514283006345,205385374,2001,2432.0,2504.0,49.32069953159064,-7.488982534445768,-34.3324645808871,2767.2923474293693,2072.1076525706303,2419.7,2647.98,-0.007587859424920129,0
2025-05-13,2535.0,2579.0,2470.0,2550.0,262694051756,103002992,1623,2504.0,2579.0,54.10591951182265,-0.7748770144999071,-27.620947067609663,2771.1698348218547,2111.8301651781453,2441.5,2632.0,-0.0504071345482745,0
2025-05-14,2626.0,2626.0,2569.0,2619.0,749561417980,286207559,3934,2550.0,2618.0,56.410748635169426,7.60540368647753,-20.575676916792226,2765.56934784025,2169.23065215975,2467.4,2616.94,-0.06417112299465244,0
2025-05-17,2620.0,2620.0,2541.0,2546.0,528564272079,207628538,4058,2619.0,2544.0,51.16062317220781,8.181345504206547,-14.82427243259247,2746.894294446675,2228.105705553325,2487.5,2600.74,-0.05227987421383651,0
2025-05-18,2537.0,2540.0,2500.0,2521.0,228706098811,90721113,2270,2546.0,2524.0,49.81129190650252,6.943905669046217,-10.470636812264733,2725.1941358450736,2283.1058641549266,2504.15,2584.72,-0.057448494453248844,0
2025-05-19,2503.0,2573.0,2484.0,2515.0,214150953148,85141488,1686,2521.0,2485.0,47.19721463077427,2.784157585441335,-7.819677932723519,2705.5835782153295,2325.6164217846704,2515.6,2569.34,-0.030181086519114664,0
2025-05-20,2540.0,2540.0,2440.0,2465.0,331306292342,134390008,2783,2515.0,2449.0,44.85706284896056,-3.3784274667900718,-6.9314278395368305,2693.3734964695795,2350.4265035304206,2521.9,2554.78,0.008166598611678344,0
2025-05-21,2392.0,2465.0,2392.0,2402.0,400062311765,166555985,2553,2465.0,2450.0,44.938731625836944,-8.088390941138641,-7.162820459857193,2688.8627511559243,2361.0372488440753,2524.95,2540.78,0.00040816326530612734,0
2025-05-24,2474.0,2474.0,2396.0,2418.0,240182127786,99347903,1733,2402.0,2411.0,42.307079422616034,-14.797468980116719,-8.689750163909098,2690.305742509102,2357.694257490898,2524.0,2526.8,0.05433430111986737,1
2025-05-25,2418.0,2450.0,2363.0,2399.0,192675218233,80311227,1466,2418.0,2379.0,40.22556287943636,-22.43794358068226,-11.43938884726373,2687.210949634823,2362.989050365177,2525.1,2512.62,0.07776376628835635,1
2025-05-26,2440.0,2443.0,2348.0,2398.0,110546489292,46107309,1326,2399.0,2410.0,43.14393085225015,-25.695432870804325,-14.29059765197185,2689.6710022548336,2356.8289977451664,2523.25,2499.1,0.049792531120331995,0
2025-05-27,2400.0,2469.0,2400.0,2466.0,288667259188,117041246,1197,2398.0,2469.0,48.31590637789819,-23.24821869217294,-16.08212186001207,2689.3934130637535,2353.506586936246,2521.45,2486.82,0.0044552450384771625,0
2025-05-28,2500.0,2517.0,2436.0,2468.0,154580412326,62625679,1386,2466.0,2451.0,46.91378603596496,-22.50184611698114,-17.366066711405885,2683.3615157674103,2346.6384842325897,2515.0,2474.24,-0.011423908608731104,0
2025-05-31,2520.0,2542.0,2479.0,2537.0,222464767882,87705136,1041,2468.0,2542.0,54.15686239433824,-14.401390724827706,-16.77313151409025,2665.219067418823,2353.280932581177,2509.25,2464.3,-0.04799370574350903,0
2025-06-01,2590.0,2613.0,2521.0,2578.0,254377971001,98691413,2357,2537.0,2564.0,55.72947570675481,-6.135775922145967,-14.645660395701393,2638.3055800456686,2367.6944199543314,2503.0,2456.0,-0.07722308892355689,0
2025-06-02,2578.0,2620.0,2524.0,2555.0,191727994558,75046427,2269,2578.0,2530.0,52.71952081327234,-2.3021942286245576,-12.176967162286028,2626.768961708925,2371.6310382910747,2499.2,2448.36,-0.060869565217391286,0
2025-06-03,2550.0,2550.0,2480.0,2497.0,178475275509,71485285,2585,2555.0,2480.0,48.56541191341239,-3.2610439647132807,-10.393782522771478,2613.8005301089806,2373.2994698910197,2493.55,2440.56,-0.04354838709677422,0
2025-06-07,2458.0,2480.0,2423.0,2431.0,219942839206,90459687,2648,2497.0,2423.0,44.281700115653955,-8.522125165754005,-10.019451051367984,2610.369728767419,2365.5302712325806,2487.95,2432.52,-0.04869995872884858,0
2025-06-08,2403.0,2476.0,2402.0,2436.0,77602264820,31826706,1077,2431.0,2420.0,44.06141624317296,-12.786252885478007,-10.572811418189989,2609.7903016590976,2358.2096983409024,2484.0,2423.92,-0.07024793388429751,0
2025-06-09,2435.0,2475.0,2363.0,2377.0,189051922973,79534115,2365,2436.0,2366.0,40.186227636989024,-20.289073715627183,-12.516063877677428,2615.1093191739574,2344.690680826043,2479.9,2415.44,-0.07734573119188504,0
2025-06-10,2381.0,2423.0,2343.0,2372.0,95948432881,40465045,1068,2377.0,2376.0,41.21726663518342,-25.138416830808183,-15.04053446830358,2615.4880276343124,2331.5119723656876,2473.5,2411.36,-0.10858585858585856,0
2025-06-11,2376.0,2425.0,2357.0,2376.0,36911473567,15479120,853,2372.0,2372.0,40.913468660475274,-28.97037036172378,-17.826501646987623,2603.030341690596,2323.2696583094043,2463.15,2407.16,-0.09527824620573355,0
2025-06-28,2305.0,2305.0,2305.0,2319.0,94195353215,40865663,337,2376.0,2305.0,36.11216955308126,-36.98719583054162,-21.658640483698424,2584.589022140619,2310.410977859381,2447.5,2401.72,-0.07245119305856829,0
2025-06-29,2250.0,2250.0,2250.0,2250.0,119395062000,53064472,404,2319.0,2250.0,32.717870799498485,-47.234142327984955,-26.773740852555733,2587.2922004227557,2278.3077995772446,2432.8,2401.8,-0.07866666666666666,0
2025-06-30,2183.0,2183.0,2183.0,2183.0,119478545782,54731354,387,2250.0,2183.0,29.126342943816667,-60.068825283782644,-33.432757738801115,2598.838912803199,2232.661087196801,2415.75,2401.2,-0.02931745304626665,0
2025-07-01,2118.0,2164.0,2118.0,2118.0,803701497008,379460321,2997,2183.0,2118.0,26.12959558357403,-74.62512873594596,-41.671231938230086,2618.6386946070907,2176.1613053929095,2397.4,2399.64,0.015580736543909346,0
2025-07-02,2055.0,2163.0,2055.0,2076.0,985855925357,474845190,5393,2118.0,2146.0,29.494823884003424,-82.94559293651946,-49.92610413788796,2627.4771395898974,2137.0228604101026,2382.25,2398.06,-0.0848089468779124,0
2025-07-07,2138.0,2138.0,2101.0,2134.0,127641941560,59821234,1221,2076.0,2138.0,29.087104660445434,-89.1574028607688,-57.772363882464134,2631.558493618903,2101.741506381097,2366.65,2397.52,-0.08559401309635173,0
2025-07-08,2168.0,2168.0,2070.0,2106.0,67674674292,32460439,1137,2134.0,2073.0,25.948505952901826,-98.19335191411756,-65.85656148879482,2642.8144127003975,2056.6855872996025,2349.75,2396.48,-0.057404727448142734,0
2025-07-09,2070.0,2130.0,2055.0,2089.0,98461009931,47205492,1396,2106.0,2119.0,31.575495609231865,-100.48427095119587,-72.78210338127504,2646.0859823742194,2027.4140176257808,2336.75,2395.14,-0.07220386974988202,0
2025-07-12,2151.0,2151.0,2122.0,2133.0,88519340568,41153436,731,2089.0,2151.0,35.26090506060734,-98.58132408906431,-77.94194752283289,2641.36171052477,2006.2382894752304,2323.8,2394.38,-0.1204091120409112,0
2025-07-22,2000.0,2060.0,1940.0,1967.0,156704930757,79649913,1493,1877.0,1964.0,26.334517143631118,-110.8843563299688,-84.53042928426007,2644.916554377594,1952.1834456224065,2298.55,2390.8,-0.055498981670061065,0
2025-07-23,1967.0,2000.0,1955.0,1962.0,121603693027,61972753,1220,1967.0,1955.0,25.993456256775488,-119.977793483612,-91.61990212413045,2643.1640630666298,1904.3359369333702,2273.75,2387.9,-0.05626598465473143,0
2025-07-26,1963.0,1980.0,1954.0,1959.0,244880192393,125018445,1375,1962.0,1954.0,25.953236424589775,-125.81478506001531,-98.45887871130742,2617.2651511957956,1871.4348488042044,2244.35,2384.14,-0.0609007164790174,0
2025-07-27,1949.0,1978.0,1934.0,1950.0,197187865793,101133195,1509,1959.0,1966.0,27.4048458697508,-127.99687492688372,-104.36647795442268,2575.7672982177437,1853.1327017822562,2214.45,2379.64,-0.06815869786368256,0
2025-07-28,1951.0,1955.0,1892.0,1912.0,168095523428,87925790,1105,1950.0,1892.0,24.24799095582118,-134.15096955275612,-110.32337627408938,2539.4255945583222,1825.6744054416781,2182.55,2372.36,-0.02748414376321351,0
2025-07-29,1855.0,1855.0,1855.0,1902.0,20657465500,11136100,263,1912.0,1855.0,22.831799136000697,-140.39533463510338,-116.33776794629219,2507.974136981282,1794.6258630187183,2151.3,2363.0,-0.037735849056603765,0
2025-07-30,1845.0,1855.0,1845.0,1845.0,134499056658,72890605,1197,1902.0,1845.0,22.450163615263378,-144.48541742457678,-121.96729784194912,2479.9966442674336,1764.8033557325664,2122.4,2352.12,-0.054200542005420016,0
2025-08-02,1846.0,1869.0,1835.0,1843.0,267609603774,145194107,1673,1845.0,1835.0,22.053187203115755,-146.84106157673318,-126.94205058890594,2444.2336225051185,1742.0663774948816,2093.15,2340.22,-0.05286103542234333,0
2025-08-03,1861.0,1861.0,1828.0,1839.0,149956185587,81546082,1256,1843.0,1832.0,21.927916791493956,-147.25256555261944,-131.00415358164867,2411.643554388411,1721.2564456115888,2066.45,2329.72,-0.05949781659388642,0
2025-08-04,1870.0,1870.0,1833.0,1840.0,115872678147,62966047,1050,1839.0,1840.0,23.181054780046125,-145.25870039922393,-133.85506294516372,2367.33477229083,1711.96522770917,2039.65,2317.58,-0.08043478260869563,0
2025-08-05,1840.0,1840.0,1785.0,1786.0,237259429248,132831773,1342,1840.0,1785.0,20.71883991694918,-146.42864991836768,-136.36978033980452,2318.2117405869417,1702.388259413058,2010.3,2303.18,-0.06218487394957983,0
2025-08-06,1781.0,1781.0,1737.0,1754.0,146458285581,83483624,1206,1786.0,1745.0,19.12760149859585,-148.86745766221702,-138.86931580428703,2279.589152158749,1685.0108478412508,1982.3,2286.48,-0.062464183381088834,0
2025-08-09,1786.0,1786.0,1724.0,1742.0,147778257565,84813499,1314,1754.0,1738.0,18.854696123041762,-149.6401137844664,-141.0234754003229,2245.426929799173,1667.973070200827,1956.7,2268.1,-0.03337169159953968,0
2025-08-10,1742.0,1770.0,1712.0,1725.0,124172750124,71973102,985,1742.0,1723.0,18.25368832318162,-149.73675189979622,-142.76613070021756,2219.9307460620657,1647.4692539379344,1933.7,2248.78,-0.006384213580963416,0
2025-08-11,1710.0,1739.0,1675.0,1719.0,22720627363,13419138,606,1725.0,1692.0,17.04448437458295,-150.57899826480048,-144.32870421313416,2203.9540430027296,1620.8459569972708,1912.4,2230.5,-0.01004728132387711,0
2025-08-12,1715.0,1716.0,1672.0,1686.0,192230920003,113987591,1519,1719.0,1674.0,16.366529154586757,-150.95877535117393,-145.65471844074213,2177.2944366729225,1600.3055633270774,1888.8,2212.12,-0.0029868578255675127,0
2025-08-13,1674.0,1674.0,1636.0,1667.0,41824183019,25558149,586,1686.0,1636.0,15.009242179703065,-152.5673326085755,-147.03724127430883,2148.428712972921,1578.9712870270791,1863.7,2194.14,0.014669926650366705,0
2025-08-16,1663.0,1680.0,1653.0,1663.0,104004242115,62560169,1013,1667.0,1680.0,22.974558919806427,-148.57896769504578,-147.3455865584562,2122.4629845952004,1565.6370154047995,1844.05,2177.76,-0.023809523809523836,0
2025-08-17,1687.0,1712.0,1680.0,1682.0,49690464321,29054301,587,1663.0,1712.0,28.241818909802262,-141.20826620786397,-146.11812248833778,2077.126991441714,1570.2730085582864,1823.7,2163.04,-0.050817757009345765,0
2025-08-18,1732.0,1732.0,1651.0,1685.0,35368887221,20890433,599,1682.0,1675.0,26.02571716138931,-136.77585602607928,-144.2496691958861,2011.9300921831334,1587.8699078168668,1799.9,2146.46,-0.03522388059701498,0
2025-08-19,1712.0,1712.0,1655.0,1682.0,25162475021,15051820,424,1685.0,1669.0,25.673895151434976,-132.22310325087938,-141.84435600688477,1990.4003592961083,1579.899640703892,1785.15,2128.26,-0.029358897543439233,0
2025-08-20,1660.0,1700.0,1637.0,1678.0,17141998372,10361011,389,1682.0,1660.0,25.12523134592243,-127.86726442984377,-139.04893769147657,1966.9201261733135,1573.8798738266867,1770.4,2109.1,-0.01807228915662651,0
2025-08-23,1708.0,1708.0,1636.0,1675.0,17730706994,10701692,457,1678.0,1640.0,23.90277049635415,-124.59283498966101,-136.15771715111345,1939.8843405668204,1569.5156594331797,1754.7,2091.02,0.02195121951219514,0
2025-08-25,1633.0,1674.0,1625.0,1664.0,28214587707,17321588,574,1675.0,1625.0,22.998956687955882,-121.80411864775533,-133.28699745044182,1903.6780397738908,1571.6219602261094,1737.65,2073.04,0.04430769230769238,0
2025-08-26,1615.0,1623.0,1615.0,1635.0,70650411407,43714832,962,1664.0,1616.0,22.450437933231484,-118.9490945206469,-130.41941686448286,1881.9591711165249,1565.740828883475,1723.85,2055.66,0.060643564356435586,1
2025-08-27,1586.0,1684.0,1586.0,1638.0,42027550315,25586665,592,1635.0,1620.0,23.325694468863517,-115.03761870002745,-127.34305723159179,1864.2944808169775,1559.9055191830223,1712.1,2039.08,0.03950617283950608,0
2025-08-30,1589.0,1630.0,1589.0,1633.0,20403076759,12676523,529,1638.0,1630.0,25.586849788162723,-109.8643813055246,-123.84732204637837,1844.5858544190128,1558.114145580987,1701.35,2022.68,0.06319018404907983,1
2025-08-31,1630.0,1681.0,1630.0,1648.0,55670814112,33438338,878,1633.0,1676.0,35.07220717373457,-100.88974367387118,-119.25580637187693,1823.0910173880256,1563.7089826119745,1693.4,2007.98,0.06443914081145574,1
2025-09-02,1684.0,1697.0,1684.0,1665.0,44048661841,25965242,457,1648.0,1697.0,38.90118575229615,-91.03337808013862,-113.61132071352927,1799.778731943473,1573.521268056527,1686.65,1994.34,0.03594578668238069,0
2025-09-03,1714.0,1714.0,1714.0,1695.0,76706839110,44753115,488,1665.0,1714.0,41.888812620813255,-80.91761155422114,-107.07257888166764,1770.270576016479,1590.4294239835208,1680.35,1980.42,0.013418903150525185,0
2025-09-06,1744.0,1745.0,1683.0,1718.0,85862327850,49677979,986,1695.0,1684.0,38.32711743929431,-74.46317781962216,-100.55069866925855,1751.431727887479,1599.168272112521,1675.3,1964.72,0.06888361045130642,1
2025-09-07,1729.0,1769.0,1684.0,1733.0,73413848750,42106231,874,1718.0,1733.0,46.3509240609799,-64.64887016066723,-93.37033296754029,1748.7867059001337,1600.6132940998664,1674.7,1950.36,0.006924408540103899,0
2025-09-08,1715.0,1784.0,1715.0,1783.0,215922844974,121067363,1233,1733.0,1784.0,53.17882612397676,-52.15448244882873,-85.12716286379798,1760.9976189610986,1593.0023810389014,1677.0,1935.2,-0.03755605381165916,0
2025-09-09,1817.0,1817.0,1751.0,1766.0,154820187833,87690530,1381,1783.0,1758.0,49.705710973204205,-43.84515324498011,-76.8707609400344,1767.8137411696516,1589.6862588303484,1678.75,1919.08,-0.04379977246871447,0
2025-09-13,1787.0,1787.0,1731.0,1757.0,82158849188,46850885,1002,1766.0,1737.0,47.03380494379048,-38.51054884601058,-69.19871852122964,1773.4964863718383,1588.5035136281617,1681.0,1903.22,-0.05814622913068512,0
2025-09-14,1731.0,1809.0,1731.0,1779.0,287224144976,161492669,2298,1757.0,1800.0,54.87124420344512,-28.866507805837728,-61.13227637815126,1793.2209138515075,1581.3790861484924,1687.3,1889.62,-0.08999999999999997,0
2025-09-15,1808.0,1808.0,1730.0,1770.0,53366001943,30358834,859,1779.0,1745.0,48.16995343413287,-25.369136531561708,-53.979648408833356,1798.7686303964585,1586.7313696035415,1692.75,1876.06,-0.051002865329512925,0
2025-09-16,1728.0,1752.0,1717.0,1732.0,88079737918,51238995,883,1770.0,1717.0,45.147057935271135,-24.573542096940173,-48.098427146454725,1800.9548776086065,1588.2451223913934,1694.6,1862.0,-0.04484566103669185,0
2025-09-17,1684.0,1723.0,1681.0,1686.0,119329043036,70777794,1375,1732.0,1681.0,41.53778752759387,-26.541967629963665,-43.78713524315652,1799.2488229272858,1586.851177072714,1693.05,1848.3,-0.024390243902439046,0
2025-09-20,1636.0,1636.0,1636.0,1636.0,166255069308,101622903,871,1686.0,1636.0,37.5019094006092,-31.37145239082315,-41.30399867268985,1799.9520095870541,1582.2479904129457,1691.1,1833.5,0.026283618581907087,0
2025-09-21,1587.0,1659.0,1587.0,1608.0,152634386958,94931538,1456,1636.0,1638.0,37.791209515056245,-34.63818315912226,-39.97083556997634,1800.4796623592601,1578.6203376407398,1689.55,1818.82,0.047008547008547064,0
2025-09-22,1638.0,1656.0,1625.0,1642.0,95661937728,57993274,828,1608.0,1656.0,40.46237359261793,-35.366953041304214,-39.050059064241914,1800.5062413503595,1578.1937586496404,1689.35,1805.84,0.06642512077294693,1
2025-09-23,1670.0,1676.0,1609.0,1641.0,27990321200,17077122,498,1642.0,1640.0,38.86488291416864,-36.81123767217264,-38.602294785828065,1800.5062413503595,1578.1937586496404,1689.35,1793.64,0.0817073170731708,1
2025-09-24,1635.0,1689.0,1604.0,1631.0,134061596437,82200117,1326,1641.0,1640.0,38.86488291416864,-37.523298420891024,-38.38649551284066,1799.7009123645405,1580.4990876354593,1690.1,1782.78,0.07317073170731714,1
2025-09-27,1611.0,1679.0,1611.0,1666.0,94462742083,56316080,561,1631.0,1679.0,45.003061026959166,-34.542453726343865,-37.617687155541304,1797.648994205601,1588.851005794399,1693.25,1774.0,0.08695652173913038,1
2025-09-28,1715.0,1715.0,1715.0,1715.0,193643445450,112911630,732,1666.0,1715.0,49.99411674041286,-28.941593025757356,-35.88246832958452,1797.1483736182454,1598.8516263817546,1698.0,1765.38,0.07580174927113692,1
2025-09-29,1766.0,1766.0,1766.0,1766.0,332668759496,188374156,1099,1715.0,1766.0,56.07563174111063,-20.155259507910387,-32.73702656524969,1803.011200945443,1606.5887990545568,1704.8,1757.94,0.07587768969422415,1
2025-09-30,1800.0,1818.0,1745.0,1797.0,377948273267,210317045,2505,1766.0,1774.0,56.95986889565662,-12.403513765917296,-28.670324005383215,1811.3918875385268,1608.0081124614733,1709.7,1751.96,0.10146561443066515,1
2025-10-01,1790.0,1801.0,1750.0,1772.0,172536246911,97373965,1969,1797.0,1760.0,54.87785744027729,-7.305667229986511,-24.397392650303875,1816.6541906242217,1609.0458093757782,1712.85,1744.78,0.1335227272727273,1
2025-10-04,1820.0,1825.0,1820.0,1792.0,47672936024,26125703,307,1772.0,1825.0,61.85016860624048,1.956812730984666,-19.126551574046168,1833.1491176051138,1603.6508823948864,1718.4,1738.26,0.1084931506849316,1
2025-10-05,1845.0,1845.0,1845.0,1845.0,464242613985,251622013,1548,1792.0,1845.0,63.70837839707386,10.786883210594851,-13.143864617117964,1852.4539284750908,1600.4460715249093,1726.45,1735.88,0.13441734417344176,1
2025-10-06,1900.0,1900.0,1873.0,1898.0,842934598379,444017875,4055,1845.0,1900.0,68.28351944733011,21.969566541223003,-6.121178385449772,1881.8151012350754,1587.7848987649245,1734.8,1734.78,0.0736842105263158,1
2025-10-07,1954.0,1954.0,1930.0,1953.0,573205966691,293486010,2568,1898.0,1954.0,72.01392357682478,34.788255002071764,2.060708292054535,1917.7993982544447,1568.8006017455552,1743.3,1734.78,0.0184237461617196,0
2025-10-08,2011.0,2011.0,1982.0,2008.0,614540233472,306064304,3105,1953.0,1995.0,74.46925004876763,47.705594907271234,11.189685615097876,1961.3433800857065,1548.9566199142937,1755.15,1735.36,-0.007017543859649145,0
2025-10-11,2030.0,2068.0,1995.0,2033.0,595488799636,292846365,4139,2008.0,2023.0,76.01676164499784,59.51598264032191,20.854945020142683,2006.0521766408224,1532.8478233591777,1769.45,1737.98,-0.003954522985664899,0
2025-10-12,2057.0,2093.0,2020.0,2089.0,812071453331,388648469,4084,2033.0,2093.0,79.38150533056759,73.67493619025845,31.41894325416584,2059.5493782733615,1508.6506217266385,1784.1,1742.74,-0.031533683707596794,0
2025-10-13,2129.0,2131.0,2027.0,2051.0,544248735442,265319306,5976,2089.0,2040.0,71.23283235157398,79.70061277564719,41.075277158462114,2095.149358742451,1502.5506412575485,1798.85,1746.64,-0.021078431372549056,0
2025-10-14,2064.0,2079.0,1990.0,2010.0,259075892243,128887854,2268,2051.0,1990.0,64.5054966455497,79.52471137929206,48.765164002628104,2117.4849176454372,1507.515082354563,1812.5,1749.74,-0.01005025125628145,0
2025-10-15,1976.0,1999.0,1950.0,1957.0,361610505205,184778865,2989,2010.0,1981.0,63.34581704474071,77.76268365987653,54.5646679340778,2134.6413355300792,1520.3586644699208,1827.5,1752.72,0.025239777889954462,0
2025-10-18,2013.0,2015.0,1983.0,2014.0,278808195082,138402846,1506,1957.0,2015.0,65.84402760237572,78.20824389497989,59.29338312625822,2150.7462207967906,1542.1537792032095,1846.45,1756.22,-0.021836228287841153,0
2025-10-19,2054.0,2069.0,2020.0,2042.0,281993633328,138103605,1910,2014.0,2027.0,66.70651307940369,78.62333246783874,63.159372994574326,2164.081756637152,1567.7182433628482,1865.9,1761.06,-0.0399605328071041,0
2025-10-20,2028.0,2070.0,1981.0,2010.0,233420269754,116116780,1758,2042.0,1997.0,62.46018912219144,75.65938952671308,65.65937630100208,2169.9611321729967,1595.9388678270034,1882.95,1766.1,-0.021031547320981447,0
2025-10-21,2010.0,2045.0,1952.0,1972.0,216024540767,109541881,2277,2010.0,1970.0,58.83045916971375,70.32115058962904,66.59173115872747,2165.9026036488153,1632.9973963511848,1899.45,1770.74,0.012182741116751217,0
2025-10-22,1962.0,2031.0,1962.0,2031.0,660795426475,325396126,2520,1972.0,2031.0,63.93037904597943,70.20348588861293,67.31408210470457,2162.857335323835,1675.1426646761652,1919.0,1776.9,0.010832102412604572,0
2025-10-25,2028.0,2028.0,1971.0,1972.0,564040424715,286072006,2639,2031.0,1971.0,56.51464067828061,64.52493393324585,66.75625247041283,2151.853430651726,1715.346569348274,1933.6,1782.48,0.0243531202435312,0
2025-10-26,1922.0,1997.0,1922.0,1953.0,362545254826,185604299,3006,1972.0,1946.0,53.718589219212035,57.34629711427465,64.8742613991852,2138.9914558118385,1751.308544188162,1945.15,1787.92,0.03956834532374098,0
2025-10-27,1979.0,1984.0,1897.0,1936.0,405577006352,209526918,3815,1953.0,1955.0,54.589606238862594,51.78643867075834,62.25669685349983,2130.149878926922,1779.050121073078,1954.6,1794.3,0.026598465473145705,0
2025-10-28,1994.0,1994.0,1973.0,1994.0,659750897400,330880280,2380,1936.0,1994.0,58.25585868054831,49.951376486570325,59.795632780113934,2120.909239877291,1810.2907601227091,1965.6,1800.58,-0.010030090270812475,0
2025-10-29,2053.0,2053.0,2053.0,2053.0,997570850573,485908841,3299,1994.0,2053.0,63.10837466667324,52.650955954951996,58.36669741508155,2108.062166835823,1852.4378331641767,1980.25,1807.4,-0.007793472966390658,0
2025-11-01,2100.0,2100.0,2000.0,2061.0,593871709363,288111725,4463,2053.0,2019.0,58.86200241038295,51.453749487673576,56.984107829599964,2096.9050839898346,1882.9949160101653,1989.95,1814.28,0.0,0
2025-11-02,2046.0,2046.0,2008.0,2025.0,373253876421,184343385,3519,2061.0,2023.0,59.20974131814156,50.248488016299234,55.636983866939815,2083.342070582253,1914.3579294177464,1998.85,1821.36,-0.021749876421156666,0
2025-11-03,2052.0,2055.0,2005.0,2035.0,319738343477,157143239,2597,2025.0,2007.0,57.12949298927727,47.455209222301846,54.00062893801223,2075.498246761606,1932.9017532383941,2004.2,1828.3,0.01644245142002987,0
2025-11-04,2001.0,2018.0,1974.0,1989.0,487850127675,245289771,4569,2035.0,1974.0,52.99399937125647,42.093464193132604,51.61919598903631,2074.177097585208,1936.2229024147923,2005.2,1834.98,0.020770010131712313,0
2025-11-05,1951.0,2038.0,1950.0,1982.0,230093957501,116099206,2351,1989.0,2037.0,59.083439895858646,42.43861023360523,49.78307883795009,2077.454401082756,1937.145598917244,2007.3,1843.22,-0.004909180166912108,0
2025-11-08,2034.0,2041.0,2003.0,2040.0,529636976443,259632586,2479,1982.0,2019.0,56.81863133413296,40.789495476327374,47.984362165625555,2077.096857010012,1937.1031429899876,2007.1,1851.28,-0.0024764735017335227,0
2025-11-09,2038.0,2038.0,1979.0,1981.0,578550683218,292062246,3205,2040.0,1979.0,52.044314987776566,35.84173325365896,45.55583638323224,2060.1516807527887,1942.6483192472112,2001.4,1858.46,0.03335017685699859,0
2025-11-10,1990.0,2040.0,1990.0,2038.0,1199045082067,588281225,4779,1981.0,2040.0,57.859630591287925,36.42292543528697,43.729254193643186,2060.1516807527887,1942.6483192472112,2001.4,1866.66,0.016176470588235237,0
2025-11-11,2070.0,2090.0,1999.0,2033.0,379042841509,186432771,3166,2038.0,2015.0,54.920219608150575,34.468897367499494,41.87718282841445,2061.442091230693,1943.8579087693067,2002.65,1873.44,0.05955334987593042,1
2025-11-12,2029.0,2045.0,2002.0,2027.0,173429033181,85565220,1908,2033.0,2027.0,56.07376466054246,33.502420706213115,40.202230403974184,2063.7733796315647,1946.1266203684354,2004.95,1880.04,0.06512086827824382,1
2025-11-15,2048.0,2054.0,1990.0,2011.0,188488767881,93739219,1838,2027.0,2014.0,54.44827691667383,31.32637864160165,38.42706005149968,2063.6908155350748,1946.1091844649256,2004.9,1886.04,0.05908639523336645,1
2025-11-16,1977.0,2058.0,1977.0,2013.0,240500445665,119452038,2091,2011.0,2045.0,57.60435849772111,31.73744108509277,37.0891362582183,2066.4386014950837,1945.1613985049164,2005.8,1893.26,0.04449877750611253,0
2025-11-17,2072.0,2073.0,2050.0,2073.0,1391850647807,671453981,5087,2013.0,2073.0,60.281187837791244,33.93143654839673,36.45759631625399,2076.733895993613,1942.466104006387,2009.6,1900.06,0.0361794500723589,0
2025-11-18,2090.0,2135.0,2050.0,2129.0,802817164431,377118314,2864,2073.0,2135.0,65.47879821295149,40.209564771231726,37.207990007249535,2101.9101569787067,1933.7898430212929,2017.85,1907.08,0.007025761124121788,0
2025-11-19,2170.0,2192.0,2129.0,2171.0,978747832969,450819629,5862,2129.0,2159.0,67.26458480514663,46.58462745554698,39.083317496909025,2128.4246129884227,1920.075387011577,2024.25,1915.1,-0.028716998610467837,0
2025-11-22,2186.0,2186.0,2106.0,2118.0,1125529833990,531433126,8225,2171.0,2133.0,63.43610009604729,48.97438166741176,41.06153033100958,2143.651886737338,1921.048113262662,2032.35,1923.02,-0.006094702297233967,0
2025-11-23,2129.0,2181.0,2102.0,2154.0,259797091456,120605244,2313,2118.0,2136.0,63.69288223670393,50.52789984858896,42.95480423452546,2154.4755299268127,1929.2244700731871,2041.85,1929.74,0.014513108614232273,0
2025-11-25,2168.0,2188.0,2119.0,2148.0,422458204577,196656425,3297,2154.0,2148.0,64.759000053253,52.12649215750412,44.7891418191212,2165.767230610091,1937.2327693899092,2051.5,1937.8,0.024208566108007368,0
2025-11-26,2164.0,2204.0,2115.0,2161.0,569072336985,263344067,3182,2148.0,2150.0,64.94376184741253,52.944460580073155,46.42020557131159,2178.013267966572,1940.5867320334282,2059.3,1946.46,0.022790697674418547,0
2025-11-29,2130.0,2188.0,2097.0,2116.0,326711981041,154380846,2857,2161.0,2097.0,56.49142095599281,48.75404312675755,46.886973082400786,2181.290650684033,1941.7093493159668,2061.5,1954.78,0.07296137339055786,1
2025-11-30,2090.0,2136.0,2064.0,2104.0,227581352185,108190555,2549,2116.0,2120.0,58.9860599411648,46.7501087331143,46.8596002125435,2187.2603557749144,1945.8396442250862,2066.55,1964.46,0.03396226415094339,0
2025-12-01,2161.0,2167.0,2098.0,2154.0,338718809784,157260599,2039,2104.0,2167.0,63.58133519079249,48.39659764142061,47.166999698318925,2200.25039522195,1947.24960477805,2073.75,1975.04,0.050299953853253365,1
2025-12-02,2216.0,2218.0,2184.0,2214.0,838167440643,378507174,4198,2154.0,2200.0,66.42571493069013,51.76753228306916,48.087106215268975,2217.2901041575287,1949.5098958424717,2083.4,1985.92,0.045454545454545414,0
2025-12-03,2220.0,2244.0,2170.0,2210.0,383297055592,173474085,3272,2214.0,2199.0,66.25684006365162,53.73886247486689,49.21745746718857,2227.6887537198045,1961.6112462801957,2094.65,1997.1,0.06048203728967705,1
2025-12-06,2212.0,2276.0,2211.0,2259.0,433348066340,191862564,2737,2210.0,2250.0,70.39116796633274,58.73931932057894,51.12182983786664,2251.6134990058113,1958.986500994189,2105.3,2009.3,0.058666666666666645,1
2025-12-07,2260.0,2291.0,2192.0,2210.0,599194522240,271091184,4421,2259.0,2192.0,61.20657808179029,57.36088158635812,52.36964018756494,2259.2847514922955,1968.615248507704,2113.95,2019.56,0.09215328467153294,1
2025-12-08,2210.0,2276.0,2193.0,2268.0,783297421960,345359236,3526,2210.0,2276.0,67.76632891425211,62.32807844317813,54.361327838687586,2276.6169137525676,1980.983086247433,2128.8,2030.78,0.07469244288224952,1
2025-12-09,2304.0,2314.0,2239.0,2285.0,536386497898,234775678,3019,2268.0,2300.0,69.36047431458768,67.42399531455385,56.97386133386084,2301.3576384612775,1982.242361538723,2141.8,2041.46,0.0652173913043479,1
2025-12-10,2310.0,2353.0,2276.0,2345.0,584467117614,249231042,2866,2285.0,2332.0,71.39202952440804,73.20086471161949,60.219262009412574,2326.3903626621286,1988.9096373378716,2157.65,2052.62,0.10463121783876494,1
2025-12-13,2360.0,2408.0,2360.0,2384.0,378000001068,158526064,2391,2345.0,2382.0,74.2634787699095,80.88130808867527,64.35167122526512,2359.426519804496,1991.3734801955043,2175.4,2065.06,0.09823677581863977,1
2025-12-14,2427.0,2429.0,2313.0,2375.0,381450541328,160612004,2730,2384.0,2394.0,74.91426280246058,86.9342901295172,68.86819500611554,2386.1523402500293,2002.647659749971,2194.4,2076.44,0.06683375104427736,1
2025-12-15,2430.0,2446.0,2400.0,2445.0,370548705598,151560879,1471,2375.0,2446.0,77.56201686649337,94.83409896345938,74.06137579758432,2422.6743741529117,2006.225625847088,2214.45,2088.46,0.08789860997547017,1
2025-12-16,2518.0,2518.0,2420.0,2503.0,953891429495,381164662,4474,2445.0,2450.0,77.75650589869161,100.2617657255114,79.30145378316973,2454.7299889160913,2011.870011083909,2233.3,2099.46,0.11020408163265305,1
2025-12-17,2450.0,2577.0,2450.0,2540.0,363879973994,143258953,2462,2503.0,2576.0,82.81081520493562,113.42290902084505,86.1257448307048,2517.3471564566876,1993.3528435433122,2255.35,2111.9,0.08695652173913038,1
2025-12-20,2600.0,2616.0,2577.0,2615.0,448911431225,171677220,2327,2540.0,2616.0,84.04988760670507,125.63266050270659,94.02712796510517,2579.382735214687,1977.0172647853128,2278.2,2124.32,0.04931192660550465,0
2025-12-21,2664.0,2664.0,2551.0,2584.0,714614949976,276581100,4751,2615.0,2554.0,75.02273698388048,128.82112493433397,100.98592735895093,2615.3752125209403,1983.1247874790595,2299.25,2134.94,0.07713390759592786,1
2025-12-22,2603.0,2661.0,2574.0,2658.0,1518094993276,571151341,5739,2584.0,2661.0,79.17891132844511,138.3867751308012,108.466096913321,2669.0424282260074,1981.9575717739924,2325.5,2146.3,0.0011273957158963732,0
2025-12-23,2730.0,2737.0,2662.0,2719.0,476253367151,175130342,3144,2658.0,2720.0,81.05124209814137,149.01072585303882,116.57502270126457,2727.696520314944,1980.503479685056,2354.1,2159.9,-0.04669117647058818,0
2025-12-24,2788.0,2800.0,2765.0,2795.0,655132666134,234402388,3499,2719.0,2800.0,83.25062303518223,162.01797242056955,125.66361264512557,2794.9911850070334,1978.2088149929664,2386.6,2176.1,-0.07428571428571429,0
2025-12-27,2875.0,2876.0,2727.0,2789.0,893022652360,320174412,6457,2795.0,2745.0,76.6625227437745,165.97501206840025,133.7258925297805,2833.1265506961167,2004.873449303883,2419.0,2191.38,-0.09107468123861562,0
2025-12-28,2708.0,2800.0,2708.0,2746.0,863466468992,314393569,5338,2789.0,2751.0,76.8774942256976,167.66243615637677,140.51320125509977,2864.897426674135,2036.2025733258652,2450.55,2206.1,-0.0650672482733552,0
2025-12-29,2693.0,2768.0,2664.0,2673.0,658268753403,246286455,3805,2746.0,2664.0,67.21000774035983,160.13363809246812,144.43728862257345,2878.1974180546454,2072.602581945355,2475.4,2218.84,-0.005630630630630629,0
2025-12-30,2593.0,2593.0,2593.0,2593.0,473840051473,182738161,1673,2673.0,2593.0,60.52124228170186,146.7463047023125,144.89909183852126,2880.145040206308,2109.9549597936925,2495.05,2230.76,0.01889703046664093,0
2025-12-31,2517.0,2622.0,2517.0,2567.0,325074933783,126615246,2790,2593.0,2592.0,60.43002206287234,134.5055585453265,142.82038517988232,2876.783471027754,2152.6165289722458,2514.7,2243.2,0.0011574074074074403,0
2026-01-04,2539.0,2562.0,2490.0,2498.0,691924636065,276986649,3800,2567.0,2495.0,52.20966634268223,115.64451174375245,137.38521049265637,2868.3714257944453,2185.5285742055544,2526.95,2252.48,0.03967935871743489,0
2026-01-05,2550.0,2572.0,2550.0,2572.0,701637296177,272821153,2453,2498.0,2572.0,57.18823669300474,105.6919022924476,131.04654885261462,2851.0601276449547,2240.839872355045,2545.95,2264.5,0.02255054432348369,0
2026-01-06,2648.0,2649.0,2615.0,2648.0,472286517751,178359461,1533,2572.0,2649.0,61.50674630947561,102.83225782441741,125.40369064697518,2846.1140493679295,2283.0859506320703,2564.6,2278.56,0.022650056625141524,0
2026-01-07,2727.0,2727.0,2610.0,2675.0,1011672622897,378218939,5049,2648.0,2642.0,60.90527120678376,98.86151349391639,120.09525521636343,2837.191761103047,2326.2082388969525,2581.7,2292.3,-0.00416351249053748,0
2026-01-10,2595.0,2638.0,2595.0,2595.0,892467430383,343897837,3471,2675.0,2595.0,56.88308178010378,90.87461678490354,114.25112753007146,2823.213109962057,2366.486890037943,2594.85,2304.32,0.04007707129094418,0
2026-01-11,2560.0,2649.0,2542.0,2585.0,387540703182,149940563,2398,2595.0,2594.0,56.79713672260024,83.50169638000807,108.10124130005879,2811.943074923948,2398.9569250760514,2605.45,2315.14,0.052428681572860514,1
2026-01-12,2633.0,2662.0,2603.0,2645.0,512652997336,193831239,2681,2585.0,2630.0,59.187782158968155,79.64540037754068,102.41007311555518,2799.625299839514,2434.874700160486,2617.25,2327.36,0.0155893536121674,0
2026-01-13,2650.0,2724.0,2650.0,2712.0,1120186171190,413047797,4331,2645.0,2709.0,63.907623420660286,82.01844025734499,98.33174654391316,2798.885488964357,2461.914511035643,2630.4,2341.08,0.004060538944259839,0
2026-01-14,2631.0,2632.0,2631.0,2631.0,291319387475,110725725,1236,2712.0,2631.0,56.90960670418135,76.72075423431579,94.00954808199369,2786.25255444495,2492.6474455550497,2639.45,2353.56,-0.007981755986317007,0
2026-01-18,2709.0,2709.0,2614.0,2696.0,385893098418,143130773,2015,2631.0,2699.0,60.92661172476478,77.1203363617501,90.63170573794497,2791.558076143683,2499.6419238563167,2645.6,2368.06,-0.06187476843275286,0
2026-01-19,2709.0,2776.0,2660.0,2748.0,746559780196,271659668,2982,2696.0,2730.0,62.63664758279961,79.02746952299731,88.31085849495544,2801.0439147063007,2501.5560852936997,2651.3,2381.92,-0.09999999999999998,0
2026-01-20,2700.0,2762.0,2666.0,2687.0,440789253027,164033563,2412,2748.0,2671.0,57.4805616317133,74.91451152086347,85.63158910013705,2800.225189993131,2514.074810006869,2657.15,2394.96,-0.10745039311119431,0
2026-01-21,2686.0,2747.0,2650.0,2690.0,496107942154,184449058,2356,2687.0,2720.0,60.39634755629081,74.74721380955225,83.45471404202009,2805.780334951468,2514.419665048532,2660.1,2409.78,-0.1496323529411765,0
2026-01-24,2620.0,2668.0,2610.0,2610.0,844693154542,323601895,2752,2690.0,2610.0,51.807378782742866,64.98939122878619,79.7616494793733,2799.1204483509837,2510.079551649016,2654.6,2421.18,-0.14022988505747125,0
2026-01-25,2532.0,2532.0,2532.0,2532.0,207074510424,81782982,774,2610.0,2532.0,46.73239153057515,50.381531472017286,73.8856258779021,2778.8438883189633,2503.5561116810363,2641.2,2431.52,-0.10031595576619279,0
2026-01-26,2457.0,2457.0,2457.0,2457.0,124170512193,50537449,487,2532.0,2457.0,42.428580607201184,32.37957261446854,65.5844152252154,2777.6225447058787,2475.9774552941217,2626.8,2440.12,-0.06389906389906386,0
2026-01-27,2384.0,2384.0,2384.0,2384.0,144360166224,60553761,592,2457.0,2384.0,38.69334710479986,12.083113992578092,54.88415497868794,2781.960201404841,2434.9397985951587,2608.45,2447.52,-0.11828859060402686,0
2026-01-28,2313.0,2332.0,2313.0,2313.0,878403117643,379714606,3934,2384.0,2313.0,35.426645564537935,-9.620186796568305,41.983286623636694,2804.7101026414343,2377.089897358566,2590.9,2452.88,-0.11802853437094685,0
2026-01-31,2244.0,2345.0,2244.0,2256.0,236793076361,104957609,1717,2313.0,2244.0,32.55052808103969,-32.01883913226311,27.182861472456736,2835.29688272258,2311.6031172774196,2573.45,2456.3,-0.06372549019607843,0
2026-02-01,2189.0,2323.0,2189.0,2251.0,365954857426,162561524,2356,2256.0,2278.0,35.336337476098294,-46.49050305188439,12.448188567588513,2849.2412519982813,2266.2587480017187,2557.75,2459.16,-0.09043020193151885,0
2026-02-02,2318.0,2318.0,2287.0,2314.0,376472742192,162700689,2421,2251.0,2300.0,37.14533838353572,-55.5439092219367,-1.1502309903165298,2859.5869060013933,2236.4130939986067,2548.0,2461.98,-0.12478260869565216,0
2026-02-15,2102.0,2102.0,2102.0,2102.0,34859160212,16583806,236,2166.0,2102.0,29.221893634300116,-77.79892648654231,-16.47997008956169,2891.304307487672,2157.695692512328,2524.5,2461.36,-0.056137012369172234,0
2026-02-16,2039.0,2073.0,2039.0,2040.0,353840733907,173466982,2400,2102.0,2040.0,27.260963591517125,-99.29446506722752,-33.04286908509486,2912.002856182963,2076.0971438170372,2494.05,2459.44,-0.019607843137254943,0
2026-02-17,2022.0,2101.0,2022.0,2078.0,227674229278,109540529,1430,2040.0,2101.0,32.08947914750463,-110.13804127639969,-48.46190352335583,2912.2837297628157,2021.7162702371843,2467.0,2458.5,-0.058543550690147494,0
2026-02-18,2140.0,2140.0,2052.0,2075.0,128207630293,61783725,1015,2078.0,2072.0,31.034735341254176,-119.69197658243002,-62.70791813517067,2913.5766757773167,1968.123324222683,2440.85,2456.94,-0.03716216216216217,0
2026-02-21,2013.0,2049.0,2013.0,2013.0,228022675905,113269685,1080,2075.0,2013.0,28.94990752142232,-130.51979510900765,-76.27029352993807,2913.810995887002,1909.7890041129986,2411.8,2455.26,0.06060606060606055,1
2026-02-22,1953.0,1990.0,1953.0,1954.0,300693904202,153856269,1836,2013.0,1984.0,27.95581904871912,-139.82911395337487,-88.98205761462543,2903.830239440226,1855.1697605597742,2379.5,2452.54,0.11794354838709675,1
2026-02-23,2009.0,2009.0,1947.0,1966.0,84861376474,43162343,978,1954.0,2000.0,29.396314518577242,-144.25289237613106,-100.03622456692656,2870.3440147782685,1817.7559852217319,2344.05,2449.2,0.13949999999999996,1
2026-02-24,1998.0,1998.0,1948.0,1962.0,87422531029,44560944,839,1966.0,1978.0,28.55099363707241,-147.82989379138326,-109.59495841181791,2843.4260895777697,1779.3739104222304,2311.4,2444.76,0.11779575328614755,1
2026-02-25,1970.0,1997.0,1955.0,1971.0,88845266417,45087533,1145,1962.0,1995.0,30.220798161000488,-147.59159126724853,-117.19428498290404,2793.9553862504927,1758.4446137495072,2276.2,2440.68,0.0982456140350878,1
2026-05-26,2170.0,2200.0,2105.0,2154.0,2329922521423,1081883844,8775,1707.0,2135.0,42.20075841948548,-134.55484038631994,-120.66639606358723,2723.2423971618914,1769.657602838108,2246.45,2438.38,-0.0037470725995316645,0
2026-05-30,2170.0,2218.0,2164.0,2213.0,1937743199824,875448855,7727,2154.0,2218.0,47.91047459524078,-116.18639066039214,-119.77039498294822,2658.9921874199636,1788.6078125800366,2223.8,2438.9,-0.06943192064923354,0
2026-05-31,2279.0,2279.0,2250.0,2279.0,1527045765787,670110668,5355,2213.0,2279.0,51.68780985417873,-95.60499682201134,-114.93731535076084,2574.3274416029003,1829.1725583970997,2201.75,2438.96,-0.06362439666520403,0
2026-06-01,2347.0,2347.0,2211.0,2258.0,2188577096194,969396605,11495,2279.0,2211.0,47.54843181555074,-83.81495895066428,-108.71284407074154,2504.1436675217205,1859.4563324782798,2181.8,2437.18,-0.06422433288104934,0
2026-06-02,2191.0,2220.0,2191.0,2192.0,1777975772037,811177907,6922,2258.0,2191.0,46.372153761589566,-75.21803516028467,-102.01388228865018,2444.4490346628777,1885.0509653371223,2164.75,2434.36,-0.027841168416248285,0
2026-06-03,2127.0,2150.0,2127.0,2127.0,914162797007,429754157,3185,2192.0,2127.0,42.729357976702964,-72.73078107767697,-96.15726204645554,2393.903312599969,1902.596687400031,2148.25,2429.26,-0.028208744710860323,0
