date,open,high,low,adjClose,value,volume,count,yesterday,close,rsi,macd,macd_signal,bb_upper,bb_lower,sma_20,sma_50,future_return,signal
2020-07-08,29280.0,29280.0,29280.0,29280.0,6422416036800,219344810,33462,27890.0,29280.0,94.75838978799808,3323.011208624106,2565.9752990314505,28835.252812464583,13603.947187535414,21219.6,16361.0,0.22540983606557385,1
2020-07-11,30740.0,30740.0,30740.0,30740.0,617721160720,20095028,7750,29280.0,30740.0,95.45251946951694,3596.9820630582217,2772.176651836805,30315.214737913426,13495.48526208657,21905.35,16803.8,0.2130774235523747,1
2020-07-12,32270.0,32270.0,32270.0,32270.0,6069945016730,188098699,8234,30740.0,32270.0,96.04378082616738,3892.6916263549356,2996.279646740431,31946.638608708265,13303.461391291736,22625.05,17268.6,0.19584753641152775,1
2020-07-13,33880.0,33880.0,33880.0,33880.0,7591990720160,224084732,14758,32270.0,33880.0,96.55184090507662,4208.444798438064,3238.7126770799578,33682.86530655855,13162.234693441449,23422.55,17759.54,0.19569067296340026,1
2020-07-14,35570.0,35570.0,33880.0,35570.0,8350302799400,234756920,25093,33880.0,35570.0,96.9889573512613,4542.6850922531885,3499.507160114604,35514.78426701983,13092.31573298017,24303.55,18281.38,0.19314028675850436,1
2020-07-15,37000.0,37340.0,33800.0,35930.0,18982612783870,528324094,187692,35570.0,35880.0,97.06251786569597,4777.515121968707,3755.1087524854247,37094.424290874515,13289.575709125487,25192.0,18804.34,0.24191750278706792,1
2020-07-18,35990.0,37720.0,34140.0,36760.0,7047559956300,191737727,76115,35930.0,37290.0,97.37646518865408,5019.532779187772,4007.9935578258946,38707.67484760614,13571.32515239386,26139.5,19351.0,0.2544918208635023,1
2020-07-19,38590.0,38590.0,38590.0,38590.0,2859398483430,74096877,11696,36760.0,38590.0,97.6281608380641,5255.648803741882,4257.5246070090925,40258.30673643254,14085.693263567464,27172.0,19918.36,0.2726094843223632,1
2020-07-21,40510.0,40510.0,38590.0,40420.0,13836560770460,342284555,101494,38590.0,40510.0,97.94216912920906,5533.908950572113,4512.801475721697,41878.21805631106,14734.781943688944,28306.5,20518.0,0.17008146136756364,1
2020-07-22,42440.0,42440.0,42440.0,42440.0,1314045317000,30962425,6863,40420.0,42440.0,98.20012166057153,5842.814661614924,4778.804112900342,43615.482416812185,15392.517583187813,29504.0,21146.72,0.19934024505183778,1
2020-07-25,44560.0,44560.0,44560.0,44560.0,9707406026000,217850225,20851,42440.0,44560.0,98.4325490529776,6187.366832242591,5060.516656768792,45498.43277017415,16043.567229825849,30771.0,21808.48,0.17280071813285458,1
2020-07-26,46780.0,46780.0,46780.0,46780.0,10237510063640,218843738,22141,44560.0,46780.0,98.6317980569832,6563.897828235866,5361.192891062207,47532.2654130051,16685.7345869949,32109.0,22503.18,0.17293715262932885,1
2020-07-27,49110.0,49110.0,49110.0,49110.0,11429617863510,232735041,22173,46780.0,49110.0,98.80368240140062,6969.967436740728,5682.947800197911,49732.77532602192,17298.224673978082,33515.5,23232.66,0.17308083893300763,1
2020-07-28,49150.0,51560.0,46660.0,48540.0,17670632954850,364029625,209418,49110.0,47400.0,89.8794401558406,7072.273056660604,5960.81285149045,51089.25700666893,18557.74299333107,34823.5,23915.32,0.27194092827004224,1
2020-07-29,48540.0,50960.0,46120.0,49780.0,8135149868150,163424246,71202,48540.0,50900.0,91.559817037817,7351.033607234174,6238.857002639195,52961.895913898974,19480.104086101026,36221.0,24640.8,0.231237721021611,1
2020-08-01,52260.0,52260.0,52260.0,52260.0,1896439257180,36288543,10369,49780.0,52260.0,92.10814076411704,7594.153313726463,6509.91626485665,54738.19274778626,20563.807252213737,37651.0,25382.24,0.18637581324148478,1
2020-08-02,54870.0,54870.0,54870.0,54870.0,9611517433260,175168898,20081,52260.0,54870.0,93.04233081026454,7906.293786747759,6789.1917692348725,56743.08256567984,21561.917434320163,39152.5,26160.7,0.07125934025879355,1
2020-08-03,57610.0,57610.0,54000.0,57510.0,23928966843460,416087090,211734,54870.0,57610.0,93.86356460096644,8279.323572884125,7087.218129964724,58968.2583911581,22508.741608841894,40738.5,27000.9,-0.17601110918243357,0
2020-08-04,58800.0,60380.0,54640.0,59690.0,14884992775200,249360663,174461,57510.0,60290.0,94.5421347608142,8691.02128483844,7407.978760939467,61346.72761471108,23484.272385288918,42415.5,27894.7,-0.15574722176148614,0
2020-08-05,62670.0,62670.0,60000.0,62670.0,3048574779280,48644941,11769,59690.0,62670.0,95.06413283505499,9104.391044519594,7747.261217655493,63826.82765903612,24463.172340963876,44145.0,28852.68,-0.22833891814265195,0
2020-08-11,61700.0,65800.0,59540.0,61870.0,5064935560410,81865872,37948,62670.0,62000.0,92.38538463129386,9271.055203306598,8052.020014785714,65686.65035360561,25875.349646394385,45781.0,29797.26,-0.23451612903225805,0
2020-08-12,58780.0,60000.0,58780.0,58780.0,4871473239400,82876368,76026,61870.0,58780.0,80.62667409564301,9039.113388073543,8249.438689443281,66597.45245171749,27768.547548282506,47183.0,30670.5,-0.23290234773732565,0
2020-08-16,49300.0,50000.0,46840.0,48480.0,7655615477410,157905712,77316,58780.0,47470.0,54.424297806691385,7852.160531260481,8169.983057806721,66112.96213534853,29773.03786465147,47943.0,31316.7,-0.08089319570254894,0
2020-08-17,50900.0,50900.0,50900.0,50900.0,3522112640800,69196712,28899,48480.0,50900.0,58.79751951110378,7106.346634540729,7957.255773153523,65807.10953353324,31780.890466466768,48794.0,32034.72,-0.18565815324165025,0
2020-08-18,53000.0,53010.0,48360.0,49950.0,22362919830420,447696113,220376,50900.0,48360.0,54.61798353044107,6238.414417628781,7613.487502048575,65335.47758142048,33531.52241857952,49433.5,32715.38,-0.10008271298593874,0
2020-08-19,47460.0,47460.0,47460.0,47460.0,741004845000,15613250,25275,49950.0,47460.0,53.17561880694579,5415.522630388601,7173.89452771658,64694.84977787954,35330.15022212046,50012.5,33390.4,-0.05183312262958284,0
2020-08-22,48400.0,49830.0,45090.0,45920.0,9912091755160,215861599,85825,47460.0,45090.0,49.4707054713509,4520.03165599372,6643.121953372009,64093.25582281707,36711.74417718293,50402.5,34004.32,-0.032823242404080744,0
2020-08-23,43630.0,43630.0,43630.0,43630.0,811189247950,18592465,14761,45920.0,43630.0,47.28506518923608,3650.458594504933,6044.589281598594,63633.29420439355,37675.70579560645,50654.5,34574.66,-0.04492321796928722,0
2020-08-24,41450.0,45810.0,41450.0,41450.0,15886906120470,383256564,59076,43630.0,41450.0,44.14863123146545,2753.665357218779,5386.404496722632,63539.04848092109,37863.95151907891,50701.5,35102.22,-0.04173703256936068,0
2020-08-25,41450.0,43520.0,39380.0,42960.0,9171457889950,213486652,81666,41450.0,43520.0,47.69630028982274,2184.7969763567744,4746.082992649461,63462.00616810142,38048.99383189858,50755.5,35659.24,-0.09972426470588236,0
2020-08-26,45100.0,45100.0,45000.0,45100.0,6084624142860,134915099,59388,42960.0,45000.0,50.1351222192267,1832.2670827884504,4163.319810677259,63442.47828659802,38112.52171340198,50777.5,36233.44,-0.19444444444444442,0
2020-08-31,46000.0,47100.0,42850.0,43860.0,24414264766060,556622272,191960,45100.0,43610.0,47.87717410186912,1424.3047207871932,3615.516792699246,63556.53438642771,37681.46561357229,50619.0,36765.14,-0.3017656500802568,0
2020-09-01,42300.0,42300.0,41670.0,41810.0,1962479693790,46937158,25224,43860.0,41670.0,44.841706346237345,933.6868620023088,3079.1508065598587,63752.10140650559,36741.89859349441,50247.0,37241.02,-0.25629949604031677,0
2020-09-02,39720.0,39720.0,39720.0,39720.0,2963228419320,74602931,13529,41810.0,39720.0,41.96185941791289,383.1037890283769,2539.9414030535627,64087.64073360025,35638.35926639975,49863.0,37676.82,-0.23212487411883187,0
2020-09-05,40100.0,40980.0,37740.0,38150.0,18944949891780,496542900,178538,39720.0,39180.0,41.173277979640396,-95.70749366092787,2012.8116237106647,64229.49290252296,34324.50709747704,49277.0,38101.42,-0.21643695763144466,0
2020-09-06,38900.0,39900.0,36250.0,37140.0,9918200943510,267054307,96760,38150.0,36250.0,37.09932190978036,-703.4860485467289,1469.552089259186,64387.965394488325,32565.034605511675,48476.5,38464.2,-0.16882758620689653,0
2020-11-17,29000.0,30450.0,28980.0,29520.0,12138989780070,411159311,79730,35940.0,30450.0,30.636955732080153,-1634.3269556675514,848.7762802738387,64691.868285855846,29819.131714144158,47255.5,38706.4,-0.04532019704433499,0
2020-11-18,30990.0,30990.0,30990.0,30990.0,1743731250540,56267546,18760,29520.0,30990.0,31.827607002334858,-2301.9165329768293,218.63771762370516,64046.609672993356,27802.390327006644,45924.5,38967.4,-0.10293643110680861,0
2020-11-21,32530.0,32530.0,30000.0,32090.0,24752520735720,771462399,284829,30990.0,30500.0,31.30253014165808,-2837.812452145321,-392.6523163301001,62486.20328399188,26383.796716008117,44435.0,39221.0,-0.07377049180327866,0
2020-11-22,30700.0,32690.0,30490.0,31120.0,13489240686140,433440514,151586,32090.0,30700.0,31.79711434605639,-3209.37976827853,-955.9978067197861,59773.20956827209,25899.79043172791,42836.5,39465.2,-0.037459283387622166,0
2020-11-23,30880.0,32000.0,30010.0,30590.0,8503790211270,277954297,127608,31120.0,30130.0,31.109690282459084,-3509.3897194566525,-1466.6761892671595,56590.25525949182,25895.744740508177,41243.0,39683.4,-0.0036508463325589657,0
2020-11-24,30000.0,30490.0,29070.0,29260.0,7801846977010,266630535,99539,30590.0,29070.0,29.818647437353633,-3789.005610328888,-1931.1420734795054,53715.95675567322,25799.04324432678,39757.5,39864.4,0.0017199862401100496,0
2020-11-25,27800.0,28990.0,27800.0,27980.0,16241835237530,580476143,198763,29260.0,27800.0,28.303126570871342,-4066.2088796979733,-2358.155434723199,53184.73405486339,24363.265945136613,38774.0,40000.8,0.035251798561151126,0
2020-11-28,27200.0,29000.0,26700.0,28150.0,9783787519750,347582228,136906,27980.0,28250.0,29.66716183871749,-4201.154929719931,-2726.7553337225454,51615.832577980225,23667.167422019775,37641.5,40141.0,0.04530973451327425,0
2020-11-29,28800.0,29550.0,28300.0,29480.0,8925077403670,302799409,69963,28150.0,29550.0,33.59746083675685,-4155.301778828645,-3012.4646227437656,50186.5862312322,23215.4137687678,36701.0,40273.0,0.036886632825719134,0
2020-11-30,30700.0,30950.0,29550.0,30360.0,9734740615870,320673802,130606,29480.0,30020.0,35.01144172427037,-4034.5302015909874,-3216.8777385132103,48658.47528155378,22999.52471844622,35829.0,40400.2,-0.01898734177215189,0
2020-12-01,29990.0,30590.0,29000.0,29610.0,8098303311110,273536019,113606,30360.0,29120.0,33.53867459260526,-3965.725915133098,-3366.647373837188,47435.899590500885,22625.100409499115,35030.5,40485.8,0.0,0
2020-12-02,29120.0,30480.0,28300.0,29310.0,7712930468700,263163399,118749,29610.0,28780.0,32.97435965035018,-3893.748472294199,-3472.0675935285904,46317.63773353127,22258.362266468725,34288.0,40543.6,0.015288394718554477,0
2020-12-05,28170.0,29980.0,28130.0,29190.0,6104906237600,209139260,87307,29310.0,29530.0,35.55045845564368,-3733.1536270808865,-3524.28480023905,45420.60537318907,21963.394626810932,33692.0,40599.2,-0.03657297663393155,0
2020-12-06,30140.0,30640.0,29600.0,30590.0,9828235729880,321281867,85549,29190.0,30640.0,39.270660288242496,-3476.2413850809317,-3514.6761172074266,43931.30207244104,22164.697927558962,33048.0,40650.4,-0.09595300261096606,0
2020-12-07,31000.0,31640.0,29070.0,30320.0,8055488545480,265682547,111754,30590.0,29450.0,36.81705667779292,-3330.270353484597,-3477.794964462861,41759.82552924598,22781.17447075402,32270.5,40653.8,-0.09847198641765709,0
2020-12-08,29500.0,30150.0,28900.0,29360.0,4176983610630,142262237,77554,30320.0,29120.0,36.142671356009316,-3204.2785725645736,-3423.091686083204,39559.48713108092,23532.512868919082,31546.0,40621.4,-0.11401098901098905,0
2020-12-09,29150.0,29570.0,28360.0,28870.0,5356999104470,185583661,97886,29360.0,29220.0,36.52211930118734,-3061.0738601905905,-3350.6881209046815,37499.89194391571,24347.10805608429,30923.5,40560.4,-0.15845311430527032,0
2020-12-12,29100.0,29700.0,28370.0,28880.0,6345368849230,219716268,97477,28870.0,28450.0,34.80704092596997,-2975.4169047957002,-3275.633877682885,35625.620571214706,25094.379428785298,30360.0,40451.8,-0.0913884007029877,0
2020-12-13,28100.0,28480.0,27580.0,27940.0,4807659188390,172058561,82830,28880.0,27700.0,33.17298192339116,-2934.2279294316613,-3207.3526880326403,33288.21301465223,26283.78698534777,29786.0,40294.4,-0.10216606498194947,0
2020-12-14,27600.0,28470.0,26550.0,27150.0,3900667739910,143671067,69569,27940.0,26550.0,30.786377298262693,-2960.2567615033513,-3157.9335027267825,31550.95022167146,27051.04977832854,29301.0,40107.8,-0.09227871939736343,0
2020-12-15,25800.0,26100.0,25800.0,25800.0,1482508536860,57453535,14961,27150.0,25800.0,29.305583959585576,-3006.743661143526,-3127.695534410131,31720.55788021292,26416.44211978708,29068.5,39878.0,-0.06240310077519384,0
2020-12-16,24510.0,25450.0,24510.0,24620.0,6475094493920,262984313,108144,25800.0,24590.0,27.045427494189568,-3105.4243527574145,-3123.241298079588,31894.413380879938,25602.586619120062,28748.5,39598.0,-0.04880032533550227,0
2020-12-19,25020.0,25850.0,24250.0,25490.0,4037667315410,158396868,51795,24620.0,25850.0,32.852876395365996,-3046.8360131072404,-3107.9602410851185,31794.30077936718,25237.69922063282,28516.0,39304.8,-0.12572533849129597,0
2020-12-20,26600.0,26640.0,24550.0,25360.0,3821510082760,150678155,62322,25490.0,24870.0,30.79928636187792,-3044.3883280467635,-3095.2458584774477,31704.73835390616,24744.26164609384,28224.5,38953.4,-0.039806996381182125,0
2020-12-21,24700.0,25330.0,24100.0,24460.0,3759193690240,153705270,60454,25360.0,24100.0,29.252086120681383,-3069.2012434205026,-3090.036935466059,31720.968404291885,24125.031595708115,27923.0,38544.2,0.024896265560165887,0
2020-12-22,24000.0,24810.0,23650.0,24110.0,4571129123590,189573781,73947,24460.0,24190.0,29.69663391280305,-3046.485422207101,-3081.3266328142677,31766.83023130847,23591.16976869153,27679.0,38092.4,-0.031831335262505145,0
2020-12-23,24470.0,24630.0,23170.0,23780.0,3491793523090,146849658,62984,24110.0,23390.0,28.011723512248267,-3057.788007613046,-3076.6189077740237,31952.05660919048,22964.94339080952,27458.5,37578.0,-0.03890551517742624,0
2020-12-26,23420.0,23420.0,22600.0,22750.0,4669546687310,205214212,82612,23780.0,22600.0,26.417728887763147,-3094.8166656078647,-3080.258459340792,32122.568103240817,22229.431896759183,27176.0,37082.0,-0.045132743362831906,0
2020-12-27,22000.0,23880.0,21950.0,23530.0,6008136768860,255347189,95213,22750.0,23880.0,33.06394830011544,-2986.4508943433175,-3061.496946341297,31911.722549359558,21873.277450640442,26892.5,36541.6,-0.11474036850921276,0
2020-12-28,24190.0,24700.0,23600.0,24580.0,3962499760490,161233223,54641,23530.0,24700.0,36.99037034619051,-2802.102202961196,-3009.617997665277,31516.769011005374,21736.230988994626,26626.5,35990.4,-0.14655870445344132,0
2020-12-29,25380.0,25380.0,23360.0,23660.0,3755026977200,158716968,57609,24580.0,23420.0,33.67017899519345,-2727.8449410183857,-2953.2633863358988,31281.403946434533,21401.596053565467,26341.5,35361.4,-0.1336464560204953,0
2020-12-30,23120.0,23400.0,22480.0,22710.0,3153403040620,138861717,52348,23660.0,22480.0,31.438465968928156,-2713.565377490333,-2905.323784566786,31105.74512107847,20947.25487892153,26026.5,34658.8,-0.13656583629893237,0
2021-01-02,21840.0,22710.0,21580.0,21700.0,2982037747870,137406283,40877,22710.0,21580.0,29.4273226809663,-2743.2487350966658,-2872.908774672762,30792.92060357239,20465.07939642761,25629.0,33884.6,-0.1195551436515292,0
2021-01-03,20990.0,22300.0,20720.0,21290.0,3075863082800,144441347,53361,21700.0,21140.0,28.468494011474945,-2770.342548205943,-2852.395529379398,30131.125274694165,20176.874725305835,25154.0,33054.0,-0.0629139072847682,0
2021-01-04,21290.0,22000.0,20920.0,21350.0,2754404451190,129011606,46580,21290.0,21080.0,28.33292360207095,-2764.785364195195,-2834.8734963425572,29603.721338435575,19867.278661564425,24735.5,32235.6,-0.016603415559772294,0
2021-01-05,20860.0,21070.0,20290.0,20430.0,2329731483810,114024113,41178,21350.0,20290.0,26.540772986848097,-2791.943862600503,-2826.2875695941466,29092.709826609593,19495.290173390407,24294.0,31465.8,-0.032035485460818136,0
2021-01-06,20000.0,20200.0,19410.0,19620.0,3346015832290,170578376,56060,20430.0,19410.0,24.668912872479467,-2851.604294540837,-2831.3509145834846,28492.087313893113,19114.912686106887,23803.5,30904.6,0.07418856259659967,1
2021-01-09,19100.0,19860.0,18640.0,18870.0,2992576972170,158623627,55313,19620.0,19000.0,23.82578600710454,-2898.556435866849,-2844.7920188401577,27955.56008718661,18706.43991281339,23331.0,30266.6,0.02947368421052632,0
2021-01-10,19200.0,19810.0,19200.0,19750.0,2133843120190,108017563,21466,18870.0,19810.0,28.989379777572438,-2837.6949347876034,-2843.3726020296467,27343.981253505164,18529.018746494836,22936.5,29695.6,-0.0484603735487128,0
2021-01-11,20730.0,20730.0,20150.0,20670.0,5304362245010,256613082,43683,19750.0,20730.0,34.426396037281506,-2684.2827053404726,-2811.554622691812,26822.750172062893,18468.249827937107,22645.5,29161.0,-0.04486251808972508,0
2021-01-12,20740.0,20740.0,19640.0,19860.0,2995465203660,150796175,31891,20670.0,19640.0,31.362517164840924,-2620.4493893310064,-2773.333576019651,26446.805902460834,18228.194097539166,22337.5,28652.0,0.03309572301425656,0
2021-01-13,20030.0,20850.0,19120.0,20580.0,7028182803900,341581540,71756,19860.0,20850.0,37.96298171717794,-2444.0506444309285,-2707.476989701907,26172.228359797497,18128.771640202503,22150.5,28196.4,0.018705035971223083,0
2021-01-16,20990.0,21250.0,19560.0,19840.0,3311387164850,166887857,35024,20580.0,19560.0,34.18830511221587,-2380.9000534758125,-2642.1616024566883,25628.56324930771,18043.43675069229,21836.0,27758.6,0.14008179959100198,1
2021-01-18,19000.0,19490.0,18850.0,18900.0,1368847863330,72432081,13284,19840.0,18850.0,32.28555807951736,-2360.928507246299,-2585.9149834146106,25271.755276974858,17798.244723025142,21535.0,27265.2,0.20159151193633962,1
2021-01-19,18000.0,19840.0,18000.0,19330.0,3487450222710,180429072,44268,18900.0,19800.0,37.312826890383924,-2242.5926404596867,-2517.250514823626,24934.504115366235,17705.495884633765,21320.0,26761.2,0.08434343434343439,1
2021-01-20,19990.0,20290.0,19500.0,20230.0,1227804831640,60696166,10440,19330.0,20290.0,39.795595398978385,-2085.2344241401515,-2430.8472966869313,24512.822309389834,17737.177690610166,21125.0,26294.8,0.113849186791523,1
2021-01-23,21240.0,21240.0,21240.0,21240.0,732729682440,34497631,5357,20230.0,21240.0,44.39384573556535,-1862.401241278516,-2317.1580856052483,24243.59903753736,17791.40096246264,21017.5,25886.2,0.06826741996233521,1
2021-01-24,22300.0,22300.0,20810.0,21910.0,7243235184030,330596592,70932,21240.0,22300.0,49.06818708459179,-1582.0344884236329,-2170.133366168925,24201.705370087933,17803.294629912067,21002.5,25537.8,0.058295964125560484,1
2021-01-25,21500.0,23000.0,20830.0,22600.0,6058762061480,268035495,61387,21910.0,22650.0,50.54641766696346,-1316.4248160909046,-1999.391656153321,23958.720331640998,17923.279668359002,20941.0,25207.2,0.024282560706401668,0
2021-01-26,22900.0,23270.0,21470.0,21960.0,3599616833120,163879661,36907,22600.0,21470.0,45.727704309394646,-1187.4551318861668,-1837.0043512998902,23275.949278475222,18283.050721524778,20779.5,24911.6,0.053097345132743445,1
2021-01-27,21200.0,22600.0,20870.0,21610.0,6574431151930,304243085,49360,21960.0,22600.0,50.58587673960894,-982.7358051515548,-1666.1506420702233,23082.413607622828,18394.586392377172,20738.5,24754.6,-0.04380530973451324,0
2021-01-30,22690.0,22690.0,22690.0,22690.0,419162830090,18473461,6485,21610.0,22690.0,50.96238354843178,-803.9644146312603,-1493.7133965824307,23125.67751283161,18372.32248716839,20749.0,24588.6,-0.0859409431467607,0
2021-01-31,23820.0,23820.0,23260.0,23790.0,10219491019530,429564887,73972,22690.0,23600.0,54.719195371991674,-582.1467791565992,-1311.4000730972643,23513.704187780517,18186.295812219483,20850.0,24450.6,-0.07627118644067798,0
2021-02-01,23460.0,24890.0,22800.0,23790.0,5004154022590,210377524,56615,23790.0,23200.0,52.80422506023618,-433.632713993753,-1135.846601276562,23806.167362774126,18099.832637225874,20953.0,24300.6,-0.03965517241379313,0
2021-02-02,23200.0,23500.0,22610.0,22740.0,3997464036540,175805472,35788,23790.0,22610.0,50.023408586130664,-359.3993841482916,-980.557157850908,23972.807493280216,18086.192506719784,21029.5,24150.2,0.00796107916850941,0
2021-02-03,22400.0,23250.0,21610.0,21830.0,1828789518890,83781296,18945,22740.0,21610.0,45.63659149973932,-376.9157281822045,-859.8288719171672,24028.699447702023,18162.300552297977,21095.5,24001.0,0.11013419713095796,1
2021-02-06,21000.0,21560.0,20740.0,20770.0,1366228119370,65783014,9017,21830.0,20740.0,42.171614109758316,-455.7457330158213,-779.0122441368981,23998.02961902718,18325.97038097282,21162.0,23859.8,0.11909353905496634,1
2021-02-07,20910.0,21800.0,20910.0,21620.0,1234093968270,57077056,14091,20770.0,21800.0,47.41070408493758,-427.75504468869985,-708.7608042472585,23968.687833249227,18635.312166750773,21302.0,23730.8,0.05229357798165135,1
2021-02-08,22700.0,22700.0,21150.0,22270.0,3846594364970,172698757,44196,21620.0,22280.0,49.63583947722898,-362.6597185670071,-639.5405871112083,24032.471231141506,18818.528768858494,21425.5,23585.4,0.009874326750448859,0
2021-02-09,22290.0,23000.0,21700.0,22640.0,2566484289130,113360634,35784,22270.0,22790.0,51.96158082866313,-266.84247196378055,-565.0009640817228,24179.81872848201,18877.18127151799,21528.5,23440.8,-0.03247038174637995,0
2021-02-13,23720.0,23990.0,23000.0,23680.0,3642329678920,153792372,40601,22640.0,23990.0,56.99387355596489,-93.00454403289041,-470.60168007195637,24455.017534088598,19036.982465911402,21746.0,23338.2,-0.0992080033347228,0
2021-02-14,24000.0,24210.0,23210.0,23400.0,2903958855120,124108923,29836,23680.0,23210.0,53.1001010338315,-17.969078627971612,-380.07515978315945,24611.940319584734,19116.059680415266,21864.0,23226.8,-0.08746230073244288,0
2021-02-15,22940.0,23210.0,22940.0,22950.0,1941476521120,84606104,16404,23400.0,22940.0,51.78132985822454,19.485705704973952,-300.16298668553276,24603.37040132341,19462.62959867659,22033.0,23095.0,-0.09503051438535315,0
2021-02-16,22500.0,22700.0,22500.0,22500.0,447782052850,19900187,3725,22950.0,22500.0,49.61864807709923,13.508847781155055,-237.4286197921952,24334.674131589818,20096.325868410182,22215.5,22932.2,-0.0755555555555556,0
2021-02-17,22050.0,22140.0,22050.0,22050.0,908971985760,41221372,5884,22500.0,22050.0,47.43653668618366,-27.22525854412379,-195.38794754258095,24138.752329834053,20517.247670165947,22328.0,22784.2,-0.0888888888888889,0
2021-02-20,21610.0,21700.0,21610.0,21610.0,699575454320,32370901,4809,22050.0,21610.0,45.33706400727294,-93.92890015459852,-175.09613806498447,23985.79646940162,20802.20353059838,22394.0,22634.0,-0.08329477093937987,0
2021-02-21,21180.0,21180.0,21180.0,21180.0,492086292480,23233536,1694,21610.0,21180.0,43.31926104350424,-179.42116751147114,-175.9611439542818,23991.686102894462,20790.313897105538,22391.0,22473.2,-0.08309726156751651,0
2021-02-22,20760.0,20760.0,20760.0,20760.0,480420155760,23141626,1834,21180.0,20760.0,41.381939435504734,-277.8618764946441,-196.34129046235427,24065.815058731787,20562.184941268213,22314.0,22319.4,-0.08092485549132944,0
2021-02-23,20350.0,21100.0,20350.0,20500.0,2911867303380,142028013,34085,20760.0,20800.0,41.6495849789749,-348.6303877892133,-226.79910992772608,24084.425387663032,20358.574612336968,22221.5,22181.4,-0.09903846153846152,0
2021-02-24,20630.0,20910.0,20090.0,20210.0,965897105140,47803576,14713,20500.0,20090.0,38.30624038128553,-456.740983387077,-272.7874846195963,24213.362683440955,20091.637316559045,22152.5,22052.2,-0.0766550522648084,0
2021-02-27,19810.0,19810.0,19810.0,19810.0,521308173050,26315405,2902,20210.0,19810.0,37.04335160607574,-558.5741738596262,-329.9448224676023,24299.202965617762,19726.797034382238,22013.0,21932.4,-0.0822816759212519,0
2021-02-28,19420.0,19420.0,19420.0,19420.0,464943483340,23941477,2562,19810.0,19420.0,35.29779319178559,-663.1036060092301,-396.5765791759279,24373.95221780874,19325.04778219126,21849.5,21829.0,-0.04685890834191553,0
2021-03-01,19040.0,19450.0,19040.0,19070.0,2897533470960,151916980,42997,19420.0,19080.0,33.802349733751015,-764.5656556306058,-470.17439446686353,24286.154878124362,18960.845121875638,21623.5,21693.6,0.019392033542976916,0
2021-03-02,19100.0,19610.0,18690.0,18900.0,1938930741430,102568321,34394,19070.0,18740.0,32.32739778010807,-862.4682226487239,-548.6331601032356,24238.925443797925,18562.074556202075,21400.5,21571.0,0.006403415154749181,0
2021-03-03,18800.0,19150.0,18530.0,18550.0,1297432781660,69942639,23676,18900.0,18550.0,31.500210577312217,-944.5005105102209,-627.8066301846327,24234.655741808354,18160.344258191646,21197.5,21460.0,0.020485175202156425,0
2021-03-06,18340.0,18550.0,18180.0,18200.0,1539840868360,84608480,25146,18550.0,18180.0,29.895938383776354,-1027.522952447176,-707.7498946371414,24326.559952492826,17725.440047507174,21026.0,21339.8,0.04840484048404847,0
2021-03-07,18030.0,18700.0,18030.0,18360.0,1146555405080,62449725,25949,18200.0,18510.0,33.165303887488506,-1054.5345755892668,-777.1068308275666,24392.09385207638,17436.90614792362,20914.5,21242.2,0.011345218800648205,0
2021-03-08,18660.0,19460.0,18450.0,19190.0,2000105085910,104224537,31223,18360.0,19450.0,41.530030644538314,-988.6942851668136,-819.424321695416,24305.64133248177,17288.35866751823,20797.0,21179.2,-0.41285347043701803,0
2021-03-09,19480.0,20210.0,18820.0,19310.0,1374821048950,71209319,28371,19190.0,18860.0,38.2907230459946,-972.908367768403,-850.1211309100134,24162.118776285584,17089.881223714416,20626.0,21078.8,-0.39342523860021206,0
2021-03-10,18930.0,19200.0,18930.0,18960.0,1245126809970,65668566,18035,19310.0,18930.0,38.8996488192992,-943.8691633363924,-868.8707373952893,23896.212959088632,16969.787040911368,20433.0,20963.4,-0.4030639197041733,0
2021-03-13,18620.0,19370.0,18590.0,19000.0,1519027110060,79966436,26224,18960.0,19060.0,40.08214608171685,-899.9909357804099,-875.0947770723135,23284.462394865284,17088.537605134716,20186.5,20876.2,-0.41815320041972714,0
2021-03-14,19030.0,19370.0,18630.0,18900.0,2022066685530,106986423,31785,19000.0,18720.0,38.01020728002356,-882.4796072305071,-876.5717431039523,22789.9999999999,17134.0000000001,19962.0,20801.0,-0.41880341880341876,0
2021-03-28,11410.0,11660.0,11300.0,11440.0,1518388998400,132706197,23037,10650.0,11420.0,17.314841560938888,-1441.0393400506036,-989.4652624932826,23800.740762490983,14971.259237509019,19386.0,20597.8,0.0,0
2021-03-30,11520.0,11770.0,11220.0,11510.0,961348742900,83528311,24807,11440.0,11440.0,17.447457321648344,-1860.639822003097,-1163.7001743952455,24213.992845191253,13452.007154808747,18833.0,20403.8,-0.02447552447552448,0
2021-03-31,11500.0,11590.0,11280.0,11310.0,630207510150,55736485,16421,11510.0,11300.0,17.23902597932701,-2179.3508569003097,-1366.8303108962584,24384.741249942348,12206.258750057652,18295.5,20208.2,-0.02212389380530977,0
2021-04-03,11110.0,11300.0,11090.0,11100.0,563928443510,50815394,12782,11310.0,11090.0,16.912649781290284,-2420.969464219779,-1577.6581415609626,24414.71022993249,11124.28977006751,17769.5,20024.2,-0.023444544634806164,0
2021-04-04,10890.0,11000.0,10880.0,10880.0,556583534550,51135743,11154,11100.0,10880.0,16.574712243480008,-2599.4345330402175,-1782.0134198568137,24344.257330120647,10164.742669879353,17254.5,19853.6,-0.01378676470588236,0
2021-04-05,10680.0,11470.0,10680.0,11130.0,1028188146630,92404593,25142,10880.0,11420.0,20.948846793907578,-2666.5574840187364,-1958.9222326891984,24118.453212236418,9456.546787763582,16787.5,19702.0,-0.030647985989492144,0
2021-04-06,11490.0,11530.0,11100.0,11260.0,671476299530,59639336,15885,11130.0,11160.0,20.394387878565638,-2709.499311890584,-2109.0376485294755,23783.955656082973,8827.044343917025,16305.5,19529.0,0.03405017921146958,0
2021-04-07,11080.0,11240.0,11040.0,11050.0,657878570610,59532104,12893,11260.0,11050.0,20.151381266324606,-2721.040637865499,-2231.4382463966804,23454.13490769024,8252.86509230976,15853.5,19335.4,0.05882352941176472,1
2021-04-10,10850.0,11000.0,10830.0,10830.0,457605349120,42237904,7512,11050.0,10830.0,19.647159186917122,-2716.623834707778,-2328.4753640589,23077.803004573678,7731.196995426321,15404.5,19159.2,0.07479224376731297,1
2021-04-11,10620.0,10890.0,10620.0,10680.0,608802013450,56988489,15535,10830.0,10730.0,19.40942496093666,-2690.1819081915237,-2400.816672885425,22668.685602101144,7271.314397898856,14970.0,18956.8,0.06430568499534006,1
2021-04-12,10750.0,11150.0,10690.0,10890.0,614067895950,56375222,15585,10680.0,11070.0,22.82852907182631,-2611.6854482919916,-2442.990427966738,22204.402684383047,6934.597315616954,14569.5,18787.0,0.050587172538391956,1
2021-04-13,11540.0,11540.0,11530.0,11540.0,1048361088130,90845853,10876,10890.0,11540.0,27.41301309907763,-2482.929698247721,-2450.9782820229348,21701.51568337917,6717.484316620831,14209.5,18640.8,0.0034662045060658286,0
2021-04-14,11750.0,12200.0,11550.0,11870.0,2270894694910,191383929,36379,11540.0,11700.0,28.960198061716213,-2340.993658204514,-2428.9813572592507,21157.583241414875,6576.416758585124,13867.0,18478.8,-0.021367521367521403,0
2021-04-17,11700.0,11820.0,11640.0,11650.0,541604600860,46491308,5045,11870.0,11640.0,28.7130378485178,-2207.898542407649,-2384.7647942889303,20610.81324884199,6469.1867511580085,13540.0,18305.8,-0.03522336769759449,0
2021-04-18,11420.0,11450.0,11420.0,11420.0,442777965850,38771819,3109,11650.0,11420.0,27.776947713268413,-2096.0103628812412,-2327.0139080073927,19927.3409206981,6443.659079301898,13185.5,18109.4,-0.04115586690017514,0
2021-04-19,11200.0,11700.0,11200.0,11370.0,1149968412750,101184710,20782,11420.0,11630.0,30.118907890242014,-1967.710389031421,-2255.1532042121985,18916.26600336859,6672.73399663141,12794.5,17896.0,-0.02321582115219256,0
2021-04-20,11720.0,12050.0,11400.0,11800.0,1349675311090,114390251,22034,11370.0,11580.0,29.870547551220284,-1848.755020470664,-2173.8735674638915,17897.032630470567,6963.967369529434,12430.5,17674.6,-0.0043177892918825345,0
2021-04-21,11620.0,11900.0,11450.0,11570.0,709729868790,61346390,11815,11800.0,11450.0,29.196437325294042,-1744.8583069775268,-2088.0705153666186,16646.385728424993,7466.614271575006,12056.5,17474.2,0.006986899563318882,0
2021-04-24,11330.0,11550.0,11230.0,11280.0,611730900300,54241498,10665,11570.0,11230.0,28.043045369682616,-1661.1231803720475,-2002.6810483677045,14948.409812983971,8381.590187016029,11665.0,17246.8,0.00534283170080152,0
2021-04-25,10990.0,11190.0,10950.0,10970.0,592448168470,54012140,8242,11280.0,10950.0,26.602617669100354,-1598.9247400928616,-1921.9297867127361,11846.316637173257,10706.683362826743,11276.5,17012.0,0.005479452054794498,0
2021-04-26,10750.0,11600.0,10750.0,11260.0,799137740240,70973945,15285,10970.0,11360.0,32.10223272332085,-1499.2658510981382,-1837.3969995898167,11840.889636845297,10706.110363154703,11273.5,16767.2,-0.05633802816901412,0
2021-04-27,11430.0,11900.0,11330.0,11630.0,880717217390,75735506,14771,11260.0,11530.0,34.30041692526264,-1390.5386206766525,-1748.025323807184,11851.98954694266,10704.01045305734,11278.0,16533.8,-0.05810928013876848,0
2021-04-28,11650.0,11950.0,11350.0,11630.0,526781331120,45301053,12552,11630.0,11530.0,34.30041692526264,-1289.5068746692032,-1656.3216339795877,11873.913381092047,10705.086618907953,11289.5,16312.2,-0.08586296617519518,0
2021-05-01,11550.0,11780.0,11290.0,11350.0,550847395010,48553336,7916,11630.0,11290.0,32.5737520204473,-1214.801012416423,-1568.0175096669548,11876.71659712749,10722.28340287251,11299.5,16105.8,-0.08945969884853855,0
2021-05-02,11010.0,11190.0,11010.0,11010.0,486786988970,44203443,7206,11350.0,11010.0,30.636109110666553,-1164.7630746124905,-1487.3666226560622,11866.870751599188,10745.129248400812,11306.0,15911.2,-0.01180744777475018,0
2021-05-03,10710.0,11000.0,10690.0,10740.0,383539990040,35707965,10125,11010.0,10720.0,28.72992395130258,-1135.4198119500088,-1416.9772605148514,11883.989396318924,10658.010603681076,11271.0,15689.6,0.03638059701492535,0
2021-05-05,10630.0,11070.0,10630.0,10860.0,439712327470,40483459,12484,10740.0,10860.0,30.96312250438821,-1088.3227279614566,-1351.2463540041726,11893.319386178891,10618.680613821109,11256.0,15461.2,-0.0055248618784530246,0
2021-05-08,10770.0,10980.0,10540.0,10580.0,560259687600,52957987,10321,10860.0,10540.0,28.74593140501881,-1064.5478305007782,-1293.9066493034939,11935.92115080244,10525.07884919756,11230.5,15216.2,0.0275142314990513,0
2021-05-09,10270.0,10450.0,10270.0,10270.0,625932732450,60932105,10427,10580.0,10280.0,27.05100871814986,-1054.529915618472,-1246.0313025664896,12004.99999999965,10401.00000000035,11203.0,14942.0,0.04961089494163429,0
2021-05-10,10110.0,10880.0,10110.0,10670.0,832199862030,77986157,15059,10270.0,10880.0,36.374289033449124,-986.8004391081904,-1194.1851298748297,11997.328443816972,10423.671556183028,11210.5,14695.4,-0.044117647058823484,0
2021-05-11,10930.0,11290.0,10710.0,11070.0,694622571740,62731280,13181,10670.0,11110.0,39.56298928135561,-904.1428670376499,-1136.176677307394,11998.092133361479,10426.907866638521,11212.5,14458.8,-0.04770477047704769,0
2021-05-12,11200.0,11340.0,10740.0,10960.0,681984367670,62219409,12843,11070.0,10800.0,36.880163758955156,-853.8083833124383,-1079.703018508403,11965.60062650237,10385.39937349763,11175.5,14224.8,-0.04166666666666663,0
2021-05-15,10570.0,11290.0,10560.0,11000.0,390874598810,35548778,9739,10960.0,10830.0,37.323114044436515,-802.2493617805794,-1024.2122871628383,11897.208468327055,10366.791531672945,11132.0,14000.4,-0.09510618651892888,0
2021-05-16,10760.0,11150.0,10760.0,10880.0,328481300120,30192098,8666,11000.0,10790.0,36.950777109878324,-755.902557312249,-970.5503411927205,11831.186591492282,10347.813408507718,11089.5,13784.0,-0.12789620018535686,0
2021-05-17,10790.0,10900.0,10340.0,10550.0,308798506760,29278539,8433,10880.0,10400.0,33.447231889802936,-742.0877953235304,-924.8578320188825,11821.399099500975,10255.600900499025,11038.5,13568.4,-0.07499999999999996,0
2021-05-18,10340.0,10740.0,10300.0,10560.0,331782561780,31419611,8044,10550.0,10580.0,36.44255160996778,-708.4484485195662,-881.5759553190193,11743.612037918774,10228.387962081226,10986.0,13364.8,-0.08128544423440454,0
2021-05-19,10600.0,10620.0,10160.0,10300.0,341635585540,33177607,8848,10560.0,10350.0,34.31720860009621,-692.3669266814795,-843.7341495915114,11678.939527065913,10170.060472934087,10924.5,13155.8,-0.0628019323671497,0
2021-05-22,10200.0,10250.0,9790.0,9840.0,516152816670,52468249,12320,10300.0,9800.0,29.83613251722447,-715.7518662478597,-818.1376929227811,11702.01395337485,9981.98604662515,10842.0,12950.0,0.04081632653061229,0
2021-05-23,9510.0,9770.0,9380.0,9500.0,357760949570,37668810,8929,9840.0,9410.0,27.130806166928977,-757.0277947827981,-805.9157132947845,11793.360782070891,9708.639217929109,10751.0,12742.0,0.09351753453772593,1
2021-05-24,9210.0,9780.0,9210.0,9510.0,317789935310,33399412,9759,9500.0,9620.0,30.770841179132717,-763.987251101822,-797.5300208561921,11831.99248363527,9537.00751636473,10684.5,12546.0,0.05613305613305619,1
2021-05-25,9520.0,9870.0,9520.0,9730.0,256473701350,26366242,9485,9510.0,9720.0,32.49998397924706,-752.756201196762,-788.5752569243061,11779.20514573509,9425.79485426491,10602.5,12358.8,0.033950617283950546,0
2021-05-26,9650.0,9890.0,9600.0,9720.0,211690976240,21775912,11267,9730.0,9700.0,32.32607999648461,-736.9739689213256,-778.2549993237101,11669.445510155501,9352.554489844499,10511.0,12178.0,0.05876288659793816,1
2021-05-29,9670.0,10200.0,9670.0,10170.0,598565615420,58872678,8408,9720.0,10200.0,40.84770934934335,-676.3243684898989,-757.868873156948,11510.323156062692,9378.676843937308,10444.5,12011.0,0.007843137254901933,0
2021-05-30,10630.0,10670.0,10200.0,10550.0,838135101090,79426221,14346,10170.0,10290.0,42.25718142026228,-613.9199878841973,-729.0790961023979,11388.370715938163,9400.629284061837,10394.5,11853.2,-0.013605442176870763,0
2021-05-31,10350.0,10650.0,10100.0,10330.0,436580409040,42250430,8304,10550.0,10160.0,40.74687609948645,-568.4017980890258,-696.9436364997235,11308.966039104544,9395.033960895456,10352.0,11686.2,-0.007874015748031482,0
2021-06-01,10060.0,10410.0,9970.0,10140.0,288736835130,28473539,6616,10330.0,10050.0,39.46166734871612,-535.0368140832488,-664.5622720164287,11268.47421017596,9368.52578982404,10318.5,11498.2,-0.01691542288557213,0
2021-06-02,10010.0,10390.0,9920.0,10230.0,526349774110,51464552,9069,10140.0,10270.0,43.31272163467221,-485.24901391823005,-628.699620396789,11205.949289764401,9372.050710235599,10289.0,11326.4,-0.019474196689386547,0
2021-06-07,10380.0,10470.0,10130.0,10300.0,396409555390,38483367,9970,10230.0,10280.0,43.48869483221617,-439.91385408617134,-590.9424671346655,11185.690057107056,9366.309942892944,10276.0,11153.4,0.014591439688715901,0
2021-06-08,10390.0,10720.0,10110.0,10380.0,505651406930,48732426,10862,10300.0,10150.0,41.677398301785125,-409.75196129369033,-554.7043659664705,11180.839124585047,9358.160875414953,10269.5,10975.2,-0.002955665024630516,0
2021-06-09,10110.0,10250.0,10000.0,10090.0,244353718230,24227401,7558,10380.0,10080.0,40.69454489298365,-387.03535627059136,-521.1705640272947,11099.430456990349,9359.569543009651,10229.5,10802.4,0.011904761904761862,0
2021-06-12,10020.0,10220.0,9800.0,9960.0,253002938140,25409067,8218,10090.0,9880.0,37.94146459720531,-380.78120297590795,-493.0926918170174,10949.680241530665,9386.319758469335,10168.0,10771.6,0.08097165991902844,1
2021-06-13,9820.0,10090.0,9790.0,9940.0,266471100730,26800926,7265,9960.0,10070.0,41.95870709960746,-356.3851432381798,-465.7511821012499,10857.95096186834,9405.04903813166,10131.5,10744.2,0.1032770605759683,1
2021-06-14,10110.0,10430.0,10060.0,10300.0,552916384070,53692807,10855,9940.0,10430.0,48.73071382761552,-304.49210334978125,-433.4993663509562,10779.610020879374,9443.389979120626,10111.5,10726.8,0.10258868648130393,1
2021-06-15,10490.0,10600.0,10110.0,10330.0,352131617640,34089250,8798,10300.0,10120.0,43.972881777487615,-285.09451251585597,-403.8183955839362,10669.45921245631,9486.54078754369,10078.0,10707.4,0.1462450592885376,1
2021-06-16,10070.0,10390.0,10010.0,10180.0,289922690530,28490797,7193,10330.0,10200.0,45.45297934677055,-260.2662631443636,-375.1079690960217,10643.902769570905,9492.097230429095,10068.0,10693.8,0.19215686274509802,1
2021-06-19,10300.0,10680.0,10200.0,10590.0,638525366800,60322130,8635,10180.0,10680.0,53.406404825949,-199.55733542431335,-339.99784236168006,10668.015966171864,9477.984033828136,10073.0,10679.0,0.17228464419475653,1
2021-06-20,11110.0,11110.0,11000.0,11110.0,2284926570920,205695635,14439,10590.0,11110.0,59.15235790810482,-115.41720874422572,-295.08171563818917,10851.267519211426,9370.732480788574,10111.0,10678.0,0.18181818181818188,1
2021-06-21,11130.0,11660.0,11000.0,11450.0,2200497497580,192152618,26928,11110.0,11500.0,63.54362786950945,-17.069050134536155,-239.4791825374586,11137.071729465633,9254.928270534367,10196.0,10687.0,0.18173913043478263,1
2021-06-22,11570.0,11890.0,11330.0,11590.0,1037734486360,89538197,17440,11450.0,11600.0,64.5946505932479,68.15607755265046,-177.9521305194368,11358.276804455454,9252.723195544546,10305.5,10702.4,0.1543103448275862,1
2021-06-23,11650.0,12160.0,11310.0,11930.0,1773852117210,148665701,18897,11590.0,12160.0,69.83864495950174,178.82355847506005,-106.59699272053743,11712.216765538156,9152.783234461844,10432.5,10731.0,0.14391447368421062,1
2021-06-26,12520.0,12520.0,12200.0,12510.0,2812943425380,224809251,21872,11930.0,12520.0,72.64374955637814,292.2089232037288,-26.835809535684184,12098.696252124686,9046.303747875314,10572.5,10760.0,0.05031948881789128,1
2021-06-27,13130.0,13130.0,13130.0,13130.0,563284182110,42900547,3015,12510.0,13130.0,76.61281437388223,426.37456311133246,63.806264993719154,12579.08473918766,8908.91526081234,10744.0,10791.8,0.005331302361005319,0
2021-06-28,13780.0,13780.0,13500.0,13730.0,6551184962310,477105679,81398,13130.0,13590.0,79.07798919046147,563.3262802684421,163.71026804866375,13107.439607190554,8719.560392809446,10913.5,10829.6,-0.0331125827814569,0
2021-06-29,13640.0,13850.0,13240.0,13510.0,1920826776910,142174972,35698,13730.0,13390.0,75.35869953374153,648.2505455024348,260.61832353941793,13490.509702705469,8646.490297294531,11068.5,10864.6,0.02763256161314409,0
2021-06-30,13390.0,14180.0,13130.0,13840.0,2437035989190,176032943,35228,13510.0,13910.0,78.22616002639953,748.8806616202091,358.2707911555762,13934.666832586583,8577.333167413417,11256.0,10914.4,-0.02659956865564339,0
2021-07-03,14150.0,14150.0,13150.0,13510.0,1874664260720,138799609,28185,13840.0,13150.0,66.11634315389347,758.5608875059825,438.3288104256575,14150.656182808245,8671.343817191755,11411.0,10944.8,-0.004562737642585524,0
2021-07-04,13000.0,13680.0,12920.0,13290.0,1167100060810,87815281,20222,13510.0,13200.0,66.48394656541953,761.4891455360794,502.9608774477419,14350.275501181475,8764.724498818525,11557.5,10977.2,-0.012121212121212088,0
2021-07-05,13140.0,13360.0,12910.0,13120.0,1333264340390,101612845,23581,13290.0,13140.0,65.56471408910951,750.3191010236351,552.4325221629206,14509.816464907333,8891.183535092667,11700.5,11011.0,-0.026636225266362223,0
2021-07-06,13770.0,13770.0,13600.0,13750.0,3876678862180,281920695,43157,13120.0,13760.0,70.15651662402132,782.4756860805664,598.4411549464498,14732.216582443263,9029.783417556737,11881.0,11061.6,-0.09302325581395354,0
2021-07-07,13790.0,13930.0,13370.0,13620.0,1171861207910,86065983,23479,13750.0,13540.0,66.7549523974863,781.2026323664195,634.9934504304438,14866.73105717547,9241.26894282453,12054.0,11113.4,-0.05834564254062036,0
2021-07-10,13520.0,13530.0,13030.0,13170.0,931524562520,70741183,19833,13620.0,13090.0,60.31328687104619,735.4051956118437,655.0757994667238,14874.917072565773,9554.082927434227,12214.5,11148.0,-0.05118411000763945,0
2021-07-11,12650.0,13230.0,12560.0,12940.0,2781019850870,214903992,44046,13170.0,13040.0,59.62481860764247,687.1547229908883,661.4915841715567,14854.209344876388,9871.790655123612,12363.0,11178.2,0.013036809815951012,0
2021-07-12,13170.0,13280.0,12700.0,12980.0,1691485392060,130348005,32288,12940.0,12790.0,56.17221166216543,621.5778031540613,653.5088279680576,14813.294149544487,10148.705850455513,12481.0,11203.4,0.013291634089132032,0
2021-07-13,12810.0,13080.0,12380.0,12670.0,1573347373880,124169265,29731,12980.0,12480.0,52.14039517947674,538.3870220493773,630.4844667843215,14665.164562661803,10532.835437338197,12599.0,11227.2,0.03125,0
2021-07-14,12420.0,12840.0,12360.0,12640.0,1525697943690,120698641,26974,12670.0,12750.0,55.15922802660725,488.6120565451456,602.1099847364864,14475.079709363985,10977.920290636015,12726.5,11262.0,-0.03215686274509799,0
2021-07-17,12870.0,12940.0,12380.0,12590.0,1516366190390,120451891,29048,12640.0,12420.0,50.93074270851537,417.7215615598343,565.2323001011559,14299.572340096349,11327.427659903651,12813.5,11296.0,-0.011272141706924366,0
2021-07-18,12360.0,13210.0,12350.0,12900.0,3213119799410,249173089,41437,12590.0,13210.0,59.02821339403385,420.4401588042783,536.2738718417804,14189.472462329313,11647.527537670687,12918.5,11343.0,-0.03860711582134746,0
2021-07-19,13270.0,13340.0,12860.0,13030.0,1760268927680,135069626,28786,12900.0,12960.0,55.8852816827048,397.83575312623,508.58624809867035,14083.274244063048,11899.725755936952,12991.5,11391.4,-0.03703703703703709,0
2021-07-26,13050.0,13260.0,12820.0,12960.0,1284479355010,99109915,24919,13030.0,12870.0,54.7550010602605,368.4125207217621,480.55150262328874,13944.685337633166,12165.314662366834,13055.0,11443.2,-0.019425019425019396,0
2021-07-27,12960.0,12960.0,12320.0,12470.0,1503472244520,120555980,25932,12960.0,12340.0,48.530282748812056,298.8824950975013,444.2177011181313,13920.303684448128,12207.696315551872,13064.0,11472.4,0.051053484602917365,1
2021-07-28,12290.0,12660.0,12150.0,12330.0,1129092793590,91557225,20358,12470.0,12280.0,47.86685916331736,236.2150106899171,402.61716303248846,13944.425907288352,12159.574092711648,13052.0,11495.8,0.10749185667752448,1
2021-07-31,12290.0,12920.0,12280.0,12700.0,1498932629040,118014896,21957,12330.0,12700.0,52.737412497042314,217.9289187957711,365.67951418514497,13935.010364782758,12125.989635217242,13030.5,11533.8,0.04173228346456703,0
2021-08-01,12850.0,12880.0,12430.0,12610.0,878620898340,69665255,19126,12700.0,12480.0,50.09721699239859,183.56883063032183,329.2573774741803,13871.560092798825,12078.439907201175,12975.0,11566.8,0.07131410256410264,1
2021-08-02,12500.0,12740.0,12460.0,12580.0,826094101260,65650441,15035,12610.0,12620.0,51.75253635546772,165.7246723168755,296.55083644271934,13824.56024570377,12048.43975429623,12936.5,11603.4,0.07527733755942956,1
2021-08-03,12620.0,13150.0,12600.0,12960.0,1471048970660,113549700,23308,12580.0,12970.0,55.70808039326615,177.77583406768645,272.7958359677128,13657.939327467979,12121.060672532021,12889.5,11654.8,0.05936777178103325,1
2021-08-04,13010.0,13600.0,13010.0,13500.0,3444194594010,255047784,40637,12960.0,13600.0,61.78185327633642,235.44810228763345,265.32628923169693,13734.109481759844,12089.890518240156,12912.0,11715.2,0.055882352941176494,1
2021-08-07,13700.0,13840.0,13110.0,13390.0,1651700973500,123349176,26868,13500.0,13230.0,56.85104250242902,248.4340890435742,261.94784919407243,13737.812440764688,12089.187559235312,12913.5,11772.8,0.09599395313681036,1
2021-08-08,13230.0,13650.0,13230.0,13440.0,1164309744080,86618659,19280,13390.0,13370.0,58.210105760364854,266.94522864958526,262.947325085175,13767.840435669432,12082.159564330568,12925.0,11844.2,0.10919970082273744,1
2021-08-09,13310.0,13850.0,13310.0,13630.0,1405548261460,103101136,21138,13440.0,13570.0,60.14152556271724,294.3605633420484,269.2299727365497,13724.0660146206,12106.9339853794,12915.5,11927.4,0.06632277081798077,1
2021-08-10,13700.0,13950.0,13490.0,13680.0,1830558494970,133843150,23704,13630.0,13740.0,61.75936033353629,326.04653139634866,280.5932844685095,13768.909153376604,12082.090846623396,12925.5,12009.8,0.03784570596797665,0
2021-08-11,13920.0,14360.0,13810.0,14340.0,6428212635810,448320900,48293,13680.0,14360.0,67.01742061427709,396.6147795141442,303.79758347763646,14038.455096704685,11939.544903295315,12989.0,12102.6,0.009052924791086436,0
2021-08-14,14600.0,14650.0,13900.0,14350.0,3533402572830,246200993,42168,14340.0,14500.0,68.08456268476746,458.55155761766946,334.7483783056431,14301.412764174807,11822.587235825193,13062.0,12198.6,-0.01379310344827589,0
2021-08-15,14370.0,14960.0,14060.0,14750.0,2385128773140,161653540,29896,14350.0,14830.0,70.50686916090079,528.1766509168119,373.4340328278769,14614.825971644925,11713.174028355075,13164.0,12291.2,-0.014160485502360043,0
2021-08-22,14690.0,15000.0,14170.0,14520.0,3773000787790,259854354,55269,14750.0,14470.0,64.73470458314341,547.9891695880269,408.3450601799069,14784.30603628452,11742.69396371548,13263.5,12374.8,-0.024879060124395336,0
2021-08-23,14500.0,14630.0,14100.0,14360.0,2092738239270,145717885,33241,14520.0,14260.0,61.56830340461691,540.5147706029347,434.7790022645125,14899.742131166913,11778.257868833087,13339.0,12456.8,-0.025946704067321136,0
2021-08-24,14330.0,14790.0,14170.0,14540.0,1962320399620,134960826,30733,14360.0,14490.0,63.664596391267324,546.8466258641529,457.19252698444063,15020.192935903384,11864.807064096616,13442.5,12545.6,-0.08212560386473433,0
2021-08-25,14600.0,14650.0,14110.0,14320.0,2573156324060,179644945,39269,14540.0,14300.0,60.718196202148036,530.418915588878,471.83780470532815,15113.627353473717,11880.372646526283,13497.0,12626.2,-0.05034965034965033,0
2021-08-28,14340.0,14800.0,14340.0,14610.0,2285939809010,156505636,34656,14320.0,14620.0,63.76020545787684,537.0306079305974,484.876365350382,15247.477136274869,11912.522863725131,13580.0,12713.0,-0.08618331053351569,0
2021-08-29,14790.0,15170.0,14010.0,14620.0,3556004699380,243207823,47189,14610.0,14110.0,56.27977875841355,495.40694115638325,486.9824805115823,15291.382914910737,11992.617085089263,13642.0,12792.2,-0.07228915662650603,0
2021-08-30,13990.0,14490.0,13890.0,13990.0,1589071419610,113625881,21482,14620.0,13890.0,53.3709459988302,439.6002855223833,477.5060415137425,15258.882668474424,12180.117331525576,13719.5,12868.4,-0.06839452843772498,0
2021-08-31,13300.0,13830.0,13300.0,13410.0,3005071096150,224096874,35400,13990.0,13300.0,46.438887868840354,343.80190534734174,450.7652142804624,15177.645692527763,12363.354307472237,13770.5,12936.8,-0.02932330827067664,0
2021-09-01,13200.0,13690.0,13060.0,13440.0,1527058800440,113640455,25533,13410.0,13580.0,49.773036252227236,287.16440628886266,418.04505268214245,15137.518896312307,12491.481103687693,13814.5,13007.0,0.0007363770250368162,0
2021-09-04,13700.0,13800.0,13260.0,13480.0,1655971553710,122826597,29279,13440.0,13360.0,47.28254230571947,221.96791094345826,378.82962433440565,15053.393719122934,12663.606280877066,13858.5,13065.6,0.004491017964071808,0
2021-09-05,13400.0,13470.0,13030.0,13190.0,1785350233830,135317342,30399,13480.0,13090.0,44.349579033091004,146.82002529172132,332.4277045258688,14994.161858723557,12769.838141276443,13882.0,13125.0,-0.005347593582887722,0
2021-09-06,13090.0,13400.0,12880.0,13110.0,1843394600700,140559039,36816,13190.0,12940.0,42.76256160531651,74.30450205697889,280.80306403209084,14997.647707333026,12763.352292666974,13880.5,13179.8,-0.0061823802163832875,0
2021-09-07,12930.0,13090.0,12800.0,12950.0,1384242767320,106856335,31026,13110.0,12910.0,42.43549504313503,14.250408331103245,227.49253289189335,15035.914282626878,12656.085717373122,13846.0,13224.4,0.009295120061967532,0
2021-09-08,13000.0,13590.0,12980.0,13460.0,3089565580250,229587860,53540,12950.0,13590.0,51.49195632033445,21.282096627570354,186.25044563902875,15026.676223202074,12701.323776797926,13864.0,13274.0,-0.0632818248712288,0
2021-09-11,13690.0,13960.0,13270.0,13580.0,1527717361110,112458233,25338,13460.0,13420.0,49.399524938446305,12.987469547850196,151.59785042079304,15025.124615654026,12707.875384345974,13866.5,13312.4,-0.03427719821162445,0
2021-09-12,13420.0,13450.0,12910.0,12990.0,1743471601970,134219010,28764,13580.0,13020.0,44.78776226117106,-25.568007161875357,116.16467890425936,15049.419761900572,12628.580238099428,13839.0,13340.8,0.0007680491551458335,0
2021-09-13,12900.0,13210.0,12500.0,12840.0,987739492700,76932006,20428,12990.0,12860.0,43.05625198005999,-68.247448946855,79.2822533340365,15078.393937962712,12511.606062037288,13795.0,13354.8,0.010108864696733999,0
2021-09-14,12880.0,13260.0,12880.0,13070.0,928022576130,70994700,21168,12840.0,13030.0,45.46852562674558,-87.34675577044982,45.956451513139235,15025.654963757006,12431.345036242994,13728.5,13365.0,-0.04374520337682275,0
2021-09-15,13060.0,13060.0,12640.0,12810.0,1156481132460,90270557,31618,13070.0,12730.0,42.08070399329995,-125.2468194553694,11.715797319437506,14955.917930571446,12324.082069428554,13640.0,13357.0,-0.01728201099764337,0
2021-09-18,13000.0,13190.0,12520.0,12870.0,1589816847320,123529535,27056,12810.0,12960.0,45.43728332026108,-135.1657090152894,-17.660503947507877,14773.663803246916,12319.336196753084,13546.5,13344.4,-0.015432098765432056,0
2021-09-19,12920.0,13170.0,12560.0,12870.0,1476477981630,114685691,24512,12870.0,13030.0,46.45435757652727,-135.81252324012166,-41.29090780603064,14644.106344031801,12304.893655968199,13474.5,13337.2,-0.040675364543361514,0
2021-09-20,13130.0,13170.0,12850.0,12970.0,898140301560,69226423,16348,12870.0,12990.0,45.92752052483889,-137.96244865000335,-60.62521597482518,14540.334317197276,12281.665682802724,13411.0,13318.8,-0.043110084680523464,0
2021-09-21,12930.0,12990.0,12330.0,12440.0,1433804284410,115275085,24110,12970.0,12460.0,39.53043689908635,-180.35384378709205,-84.57094153727857,14396.798946932002,12222.201053067998,13309.5,13305.0,0.024077046548956593,0
2021-09-22,12500.0,12640.0,12010.0,12330.0,1151777641890,93379022,22018,12440.0,12510.0,40.37420294290963,-207.52255685703676,-109.16126460123022,14260.096149401314,12179.903850598686,13220.0,13291.2,0.0463629096722622,0
2021-09-25,12620.0,12890.0,12530.0,12740.0,954788394980,74946067,18425,12330.0,12760.0,44.54108554899264,-206.50063624964787,-128.62913893091377,13962.179022724733,12291.820977275267,13127.0,13283.6,0.024294670846394917,0
2021-09-26,12860.0,12900.0,12400.0,12590.0,687343947720,54585215,14994,12740.0,12500.0,41.30791672021529,-224.08744333787945,-147.72079981230692,13792.80489747786,12300.19510252214,13046.5,13258.4,0.0464,0
2021-09-28,12590.0,12840.0,12400.0,12530.0,624056519820,49817707,14498,12590.0,12430.0,40.45645565616156,-240.89662332623448,-166.35596451509244,13658.606561054146,12288.393438945854,12973.5,13236.2,0.053097345132743445,1
2021-09-29,12420.0,12860.0,12410.0,12650.0,829992157480,65611416,14968,12530.0,12760.0,46.097282216089106,-224.99616179772238,-178.08400397161842,13620.481453750353,12272.518546249647,12946.5,13229.6,0.018808777429467183,0
2021-10-02,12800.0,13230.0,12710.0,13030.0,1099058249050,84338414,19415,12650.0,13090.0,51.087428147194956,-183.64969009535344,-179.19714119636544,13534.946979762066,12309.053020237934,12922.0,13230.6,-0.0030557677616500634,0
2021-10-03,13000.0,13110.0,12820.0,12990.0,989329103520,76158000,14596,13030.0,13070.0,50.7805958195131,-150.75829841862105,-173.50937264081657,13491.345013680377,12323.654986319623,12907.5,13236.2,-0.01377199693955622,0
2021-10-04,13000.0,13240.0,12960.0,13130.0,575401055810,43827789,11625,12990.0,13080.0,50.93925889446893,-122.47292547054349,-163.30208320676195,13490.23580136977,12323.76419863023,12907.0,13248.2,-0.0558103975535168,0
2021-10-06,13130.0,13200.0,12970.0,13020.0,717006810860,55051327,13772,13130.0,13090.0,51.10898679362801,-98.1185970870556,-150.2653859828207,13503.073699717748,12325.926300282252,12914.5,13255.0,-0.055767761650114545,0
2021-10-09,13210.0,13370.0,12910.0,13130.0,1588417487990,120979142,25342,13020.0,13000.0,49.45085100155156,-85.09889710469906,-137.2320882071964,13508.742316609076,12329.257683390924,12919.0,13266.6,-0.012307692307692353,0
2021-10-10,13010.0,13100.0,12900.0,13000.0,779874091240,60005323,14085,13130.0,13050.0,50.413348877251096,-69.93988547060326,-123.77364765987778,13400.196812268081,12383.803187731919,12892.0,13263.4,-0.006130268199233679,0
2021-10-11,13130.0,13240.0,12850.0,12990.0,732714199290,56385931,14219,13000.0,12890.0,47.3090413326384,-70.0296639855369,-113.0248509250096,13312.376940554599,12418.623059445401,12865.5,13262.0,-0.0380139643134213,0
2021-10-12,12900.0,12900.0,12350.0,12440.0,1219476865790,98011403,17960,12990.0,12350.0,38.657208122521645,-112.37886750594953,-112.89565424119759,13325.542298085422,12338.457701914578,12832.0,13251.6,-0.028340080971659964,0
2021-10-13,12370.0,12600.0,12040.0,12230.0,813401131410,66485175,14407,12440.0,12360.0,38.88012214670391,-143.48005126119097,-119.01253364519627,13341.30702784021,12272.69297215979,12807.0,13252.0,-0.036407766990291246,0
2021-10-16,12540.0,12840.0,12540.0,12830.0,703015302160,54786346,7926,12230.0,12840.0,48.545580572602205,-127.92137698098304,-120.79430231235364,13322.280906664331,12272.719093335669,12797.5,13263.2,-0.06619937694704048,0
2021-10-17,13100.0,13190.0,12880.0,13000.0,2646101186520,203521730,36941,12830.0,12970.0,50.814224320168044,-103.90336861921242,-117.41611557372539,13338.51701295841,12280.48298704159,12809.5,13268.6,-0.0647648419429453,0
2021-11-06,12780.0,12780.0,12310.0,12630.0,3185071379600,252271761,31768,11650.0,12400.0,42.05814109812662,-129.37184219766277,-119.80726089851288,13334.429471089612,12228.570528910388,12781.5,13267.0,-0.06612903225806455,0
2021-11-07,12490.0,12580.0,12000.0,12170.0,3466989699210,284848620,43785,12630.0,12000.0,37.21218405934858,-179.76028340929588,-131.79786540066948,13366.333246027141,12093.666753972859,12730.0,13254.6,-0.04916666666666669,0
2021-11-08,12120.0,12340.0,11880.0,12040.0,1902380212330,158012209,27495,12170.0,11910.0,36.201482256485505,-224.36934380690764,-150.3121610819171,13393.088557989486,11958.911442010514,12676.0,13233.4,-0.07808564231738035,0
2021-11-09,11950.0,12320.0,11890.0,12070.0,1310130069880,108512002,21395,12040.0,11990.0,37.81819682795541,-250.38078037134073,-170.32588493980185,13425.025080498646,11879.974919501354,12652.5,13201.2,-0.08507089241034194,0
2021-11-10,12090.0,12250.0,11930.0,12120.0,1303905738420,107613120,20756,12070.0,12130.0,40.65251010481336,-256.73867761844485,-187.60844347553046,13437.173441143503,11829.826558856497,12633.5,13179.2,-0.09892827699917561,0
2021-11-13,12000.0,12000.0,11530.0,11750.0,1077986797550,91781472,19705,12120.0,11580.0,34.08035268810967,-302.66878312408517,-210.62051140524142,13496.855137677152,11652.144862322848,12574.5,13143.4,-0.09412780656303976,0
2021-11-14,11720.0,11940.0,11310.0,11550.0,1175902321080,101813240,21648,11750.0,11410.0,32.340021853302076,-348.7659451797972,-238.24959816015257,13573.07169746387,11466.92830253613,12520.0,13100.2,-0.027169149868536357,0
2021-11-15,11420.0,11490.0,10980.0,11090.0,1288788817830,116202381,22869,11550.0,10980.0,28.39081556025957,-415.20940895359126,-273.64156031884033,13696.753777260425,11198.246222739575,12447.5,13045.0,0.03551912568306004,0
2021-11-16,10750.0,11190.0,10670.0,10940.0,813807468380,74364772,16025,11090.0,10970.0,28.30425154073548,-463.3322434321635,-311.579696941505,13752.87060331754,10963.12939668246,12358.0,12977.2,0.06289881494986327,1
2021-11-17,10960.0,11220.0,10930.0,11040.0,703831308480,63776954,14814,10940.0,10930.0,27.937316732183476,-498.9460625429292,-349.0529700617899,13733.131821518047,10766.868178481953,12250.0,12905.8,0.05215004574565407,1
2021-11-20,10910.0,11000.0,10490.0,10580.0,1265842023970,119659846,25247,11040.0,10490.0,24.218076342808516,-556.2623474582815,-390.49484554108824,13739.071691860234,10502.928308139766,12121.0,12819.0,0.05052430886558623,1
2021-11-21,10400.0,11100.0,10380.0,10830.0,1291992135540,119248582,17875,10580.0,11100.0,36.783131001684126,-546.1681279764834,-421.62950202816734,13635.537728099172,10408.462271900828,12022.0,12751.6,0.007207207207207134,0
2021-11-22,11370.0,11370.0,11370.0,11370.0,441467435670,38827391,3777,10830.0,11370.0,41.413493294828235,-510.4969517103855,-439.40299196461103,13495.107436964958,10376.892563035042,11936.0,12693.8,-0.0237467018469657,0
2021-11-23,11850.0,11930.0,11610.0,11800.0,3442306373140,291597953,46202,11370.0,11660.0,45.98942669370423,-453.5979167245787,-442.2419769166046,13352.804569341744,10385.195430658256,11869.0,12637.2,-0.0480274442538593,0
2021-11-24,11690.0,11840.0,11410.0,11590.0,1097798986680,94755761,17607,11800.0,11500.0,43.94982255072141,-416.61322644538996,-437.1162268223617,13179.279161105771,10403.720838894229,11791.5,12581.2,-0.04956521739130437,0
2021-11-27,11260.0,11260.0,11020.0,11070.0,1016407527620,91775343,15524,11590.0,11020.0,38.44177966481158,-421.1794864665899,-433.9288787512073,13027.911275235847,10368.088724764153,11698.0,12509.2,-0.006352087114337546,0
2021-11-28,10810.0,11620.0,10810.0,11300.0,930007644550,82320083,15925,11070.0,11180.0,41.09197612709048,-407.19374162318127,-428.58185132560214,12952.366710675322,10326.633289324678,11639.5,12450.6,-0.02951699463327373,0
2021-11-29,11310.0,11490.0,11000.0,11240.0,570740655520,50800226,11541,11300.0,11100.0,40.16097344360627,-397.97763108634354,-422.46100727775047,12865.736595819184,10287.263404180816,11576.5,12394.8,-0.03063063063063065,0
2021-11-30,11420.0,11420.0,11080.0,11190.0,559791098520,50034910,9551,11240.0,11100.0,40.16097344360627,-386.2216740436779,-415.213140630936,12654.823560218121,10324.176439781879,11489.5,12350.8,-0.036036036036036,0
2021-12-01,11020.0,11100.0,10760.0,10910.0,559533005810,51277288,10034,11190.0,10930.0,38.037095505045436,-386.17103335163483,-409.40471917507574,12357.342770762065,10417.657229237935,11387.5,12297.8,-0.016468435498627643,0
2021-12-04,11150.0,11150.0,10590.0,10850.0,695550664600,64091937,11885,10910.0,10950.0,38.449499316652506,-380.13510650343414,-403.5507966407475,12182.65200397362,10447.34799602638,11315.0,12249.6,-0.029223744292237397,0
2021-12-05,10880.0,11050.0,10820.0,10910.0,505965136720,46371967,9427,10850.0,10850.0,37.119215285647186,-379.0512879585076,-398.65089490429955,12087.55722694248,10427.44277305752,11257.5,12204.8,-0.044239631336405516,0
2021-12-06,10740.0,11110.0,10740.0,10870.0,487129207110,44818930,8698,10910.0,10760.0,35.91485882865395,-381.0619567571139,-395.1331072748625,12000.074996484354,10399.925003515646,11200.0,12161.2,-0.0799256505576208,0
2021-12-07,10740.0,10850.0,10680.0,10760.0,471199331890,43806059,7709,10870.0,10700.0,35.09729194531839,-383.0810054539488,-392.7226869106798,11876.215194929493,10394.784805070507,11135.5,12117.0,-0.06261682242990652,0
2021-12-08,10710.0,10950.0,10520.0,10750.0,709009236860,65980372,11741,10760.0,10750.0,36.396660885828645,-376.30868172122246,-389.4398858727883,11667.77447975067,10465.22552024933,11066.5,12060.2,-0.07162790697674415,0
2021-12-11,10800.0,10980.0,10630.0,10720.0,378094808880,35269621,8454,10750.0,10630.0,34.60598571188714,-376.2869616261105,-386.80930102345275,11600.271021124774,10437.728978875226,11019.0,12004.4,-0.05079962370649105,0
2021-12-12,10780.0,10790.0,10260.0,10420.0,429887337130,41272290,7994,10720.0,10370.0,31.04239898905071,-392.7225146954552,-387.9919437578533,11584.028362394662,10349.971637605338,10967.0,11951.4,-0.05882352941176472,0
2021-12-13,10310.0,10440.0,9900.0,10050.0,920066028330,91540524,15640,10420.0,9900.0,25.85857855365633,-438.6167797532544,-398.11691095693357,11685.479125931204,10140.520874068796,10913.0,11892.2,0.0,0
2021-12-14,9840.0,10220.0,9820.0,10010.0,550522316290,54986097,9958,10050.0,10030.0,29.371780453055706,-459.2049728355396,-410.33452333265484,11728.076562724818,10003.923437275182,10866.0,11832.2,0.013958125623130702,0
2021-12-15,10050.0,10140.0,9920.0,10000.0,380172279350,38030270,8312,10010.0,9980.0,28.806397786600144,-474.0908224260984,-423.08578315134355,11762.073526546521,9874.926473453479,10818.5,11777.2,0.059118236472945895,1
2021-12-18,10110.0,10300.0,10050.0,10120.0,329496690540,32556027,8484,10000.0,10090.0,31.91161930021582,-471.575851906724,-432.7837969024196,11785.055117567912,9811.944882432088,10798.5,11719.8,0.09910802775024785,1
2021-12-19,10100.0,10120.0,9730.0,9850.0,334692436870,33994036,8623,10120.0,9760.0,27.970196104726128,-490.55613595101204,-444.3382647121381,11805.208992231805,9657.791007768195,10731.5,11654.4,0.1598360655737705,1
2021-12-20,9930.0,10020.0,9800.0,9900.0,459387970300,46413981,8125,9850.0,9900.0,31.817662968028102,-488.66825437943044,-453.2042626455966,11747.946787691691,9568.053212308309,10658.0,11592.6,0.13030303030303036,1
2021-12-21,10040.0,10210.0,9890.0,10070.0,491953379400,48837887,6980,9900.0,10170.0,38.62637325707757,-460.0818143517881,-454.57977298683494,11589.785744706462,9577.214255293538,10583.5,11546.8,0.07767944936086524,1
2021-12-22,10570.0,10570.0,10570.0,10570.0,334272592780,31624654,3031,10070.0,10570.0,47.06072773744106,-400.53310134606545,-443.7704386586811,11451.33254344327,9622.66745655673,10537.0,11508.0,0.03784295175023655,0
2021-12-25,11090.0,11090.0,11090.0,11090.0,509226583240,45917636,5836,10570.0,11090.0,55.60264227177149,-307.8321655000309,-416.58278402695106,11462.703339833162,9618.296660166838,10540.5,11474.6,-0.9163210099188458,0
2021-12-26,11110.0,11480.0,11010.0,11210.0,2031371780200,181278736,31623,11090.0,11320.0,58.77137277909898,-213.3475899454461,-375.9357452106501,11490.89546320694,9604.10453679306,10547.5,11451.0,-0.9154593639575972,0
2021-12-27,11400.0,11550.0,11060.0,11260.0,1465101109180,130099276,23673,11210.0,11190.0,56.32442259007309,-147.26027189048,-330.20065054661615,11506.685288458682,9597.314711541318,10552.0,11426.2,-0.9149240393208222,0
2021-12-28,11190.0,11190.0,10940.0,11020.0,1318930955690,119634201,22978,11260.0,10960.0,52.184696355541675,-112.15185721048692,-286.5908918793903,11485.457335555122,9604.542664444878,10545.0,11390.2,-0.9151459854014599,0
2021-12-29,10860.0,11160.0,10860.0,11000.0,2601216832340,236542345,43837,11020.0,10970.0,52.34868230373875,-82.56945987191102,-245.78660547789445,11490.887705185018,9603.112294814982,10547.0,11347.8,-0.9168641750227894,0
2022-03-02,900.0,943.0,900.0,912.0,1908008301555,2091419810,24350,950.0,928.0,11.116976441802507,-859.5226305055421,-368.533810483424,14330.64848269994,5761.15151730006,10045.9,11104.96,-0.008620689655172376,0
2022-03-05,937.0,957.0,922.0,950.0,2917540736507,3071847825,59295,912.0,957.0,11.334168681247348,-1456.138104585957,-586.0546693039307,15362.674984459441,3739.8250155405576,9551.25,10862.5,-0.07314524555903867,0
2022-03-06,965.0,975.0,945.0,957.0,1480159655901,1546834657,37409,950.0,952.0,11.329028542472244,-1907.3765745397204,-850.3190503510887,15938.923604578496,2182.7763954215043,9060.85,10619.74,-0.07352941176470584,0
2022-03-07,956.0,969.0,925.0,947.0,1682636432943,1777655588,38285,957.0,930.0,11.304735442592076,-2240.929488896205,-1128.441138060112,16255.978655134202,888.7213448657985,8572.35,10378.34,-0.05483870967741933,0
2022-03-08,926.0,934.0,909.0,918.0,1130268925525,1231607889,28381,947.0,912.0,11.28341651314588,-2478.1583592450606,-1398.3845822971018,16378.52492072706,-217.62492072706027,8080.45,10135.58,-0.0317982456140351,0
2022-03-09,911.0,935.0,910.0,922.0,911352469253,988923189,22260,918.0,920.0,11.363422066775485,-2635.1421367634503,-1645.7360931903718,16362.479537446645,-1172.579537446646,7594.95,9896.18,0.008695652173912993,0
2022-03-12,905.0,909.0,885.0,892.0,827815733263,928213936,21879,922.0,887.0,11.318080477336196,-2730.7374936594715,-1862.7363732841918,16254.771723188078,-2013.1717231880784,7120.8,9666.92,0.08004509582863584,1
2022-03-13,885.0,896.0,870.0,883.0,693882064561,785479290,18050,892.0,882.0,11.31071639792141,-2774.9134856018304,-2045.1717957477197,16096.242385039883,-2756.4423850398834,6669.9,9437.36,0.06575963718820854,1
2022-03-14,882.0,895.0,875.0,882.0,449381027631,509360862,13893,883.0,879.0,11.305963164024533,-2778.1406760341424,-2191.765571805004,15828.345679595504,-3403.6456795955037,6212.35,9198.14,0.07736063708759944,1
2022-03-15,880.0,894.0,872.0,884.0,486780572633,550368822,12323,882.0,883.0,11.359450987959079,-2748.690290463627,-2303.150515536729,15477.64278701704,-3962.642787017039,5757.5,8956.4,0.12797281993204979,1
2022-03-16,887.0,928.0,887.0,913.0,704556133368,771507064,15681,884.0,928.0,12.002388254035054,-2690.7027770911313,-2380.6609678476098,15023.208727036921,-4424.408727036922,5299.4,8726.96,0.09375,1
2022-03-19,940.0,958.0,928.0,950.0,1157718741678,1218199038,21133,913.0,958.0,12.458262176618234,-2612.2145227156298,-2426.971678821214,14532.348353027053,-4813.748353027054,4859.3,8506.12,0.0762004175365345,1
2022-03-26,962.0,966.0,934.0,945.0,789852542689,835505813,19105,950.0,940.0,12.416698311452151,-2522.3879470913407,-2446.0549324752396,13937.868093495126,-5115.268093495127,4411.3,8286.72,0.11382978723404258,1
2022-03-27,947.0,963.0,934.0,949.0,711183203093,749489366,16321,945.0,947.0,12.538901800507489,-2422.7074340285344,-2441.385432785899,13206.100092237932,-5305.800092237932,3950.15,8065.86,0.07391763463569156,1
2022-03-28,955.0,996.0,949.0,993.0,1958770284757,1973556492,22354,949.0,996.0,13.44926724623069,-2313.092132523162,-2415.726772733352,12288.304030208245,-5345.404030208246,3471.45,7843.18,0.017068273092369468,0
2022-03-29,1042.0,1042.0,1005.0,1031.0,3076124915727,2983810909,46004,993.0,1015.0,13.823834845261672,-2199.335504477378,-2372.4485190821574,11111.423180462323,-5176.0231804623245,2967.7,7631.88,0.009852216748768461,0
2022-03-30,1020.0,1040.0,1005.0,1028.0,1124339795657,1094029354,22361,1031.0,1031.0,14.160731370671058,-2083.869935444615,-2314.7328023546493,9668.481829262273,-4761.981829262272,2453.25,7424.3,-0.020368574199805978,0
2022-04-03,1035.0,1060.0,1027.0,1047.0,1332887942832,1273028761,24321,1028.0,1047.0,14.52060951132232,-1968.381299473708,-2245.462501778461,7959.427993715242,-4067.227993715243,1946.1,7225.64,-0.07640878701050624,0
2022-04-04,1053.0,1066.0,1006.0,1030.0,1870269795341,1815665441,36212,1047.0,1017.0,14.398716391644456,-1857.860216596516,-2167.942044742072,5818.623647996998,-2920.723647996999,1448.95,7026.58,-0.02851524090462143,0
2022-04-05,1016.0,1035.0,1006.0,1017.0,1843264287669,1813304412,30953,1030.0,1013.0,14.381381609970504,-1750.4165167172746,-2084.436939137113,1053.8675045887646,848.3324954112355,951.1,6828.24,-0.029615004935834133,0
2022-04-10,1020.0,1048.0,1020.0,1029.0,919117016115,893391287,16183,1017.0,1025.0,14.71311013227232,-1645.3319482453073,-1996.6159409587517,1062.9667743832792,848.9332256167208,955.95,6638.94,-0.0204878048780488,0
2022-04-11,1033.0,1037.0,1002.0,1017.0,1304945280470,1283510770,29010,1029.0,1010.0,14.636769714016637,-1545.4470931946742,-1906.3821714059363,1068.1835754089166,849.0164245910836,958.6,6437.14,0.0108910891089109,0
2022-04-12,1005.0,1008.0,967.0,975.0,1668312810556,1710798286,33430,1017.0,967.0,14.406012275432602,-1453.0079948707346,-1815.7073360988961,1068.9479470583353,849.7520529416647,959.35,6229.08,0.058945191313340306,1
2022-04-13,950.0,999.0,950.0,983.0,835490030554,849867629,18616,975.0,988.0,15.109899430919256,-1362.350490544335,-1725.035966987984,1071.6572666663492,852.8427333336508,962.25,6015.64,0.036437246963562764,0
2022-04-16,995.0,1009.0,976.0,985.0,828148062018,840418435,19292,983.0,983.0,15.078105666230414,-1276.196029997505,-1635.2679795898885,1073.041036918717,858.558963081283,965.8,5805.3,0.03255340793489325,0
2022-04-17,992.0,1010.0,961.0,987.0,1109625580944,1124061892,22282,985.0,1004.0,15.878714278413838,-1192.4773383440343,-1546.7098513407177,1076.312746175619,863.687253824381,970.0,5604.98,0.02290836653386452,0
2022-04-18,1010.0,1036.0,1004.0,1031.0,2948372607889,2860805270,36353,987.0,1021.0,16.564464492578338,-1111.9401601158843,-1459.755913095751,1078.0175206931237,875.3824793068763,976.7,5401.8,0.013712047012732542,0
2022-04-19,1025.0,1048.0,1016.0,1030.0,1297745109288,1259360420,24031,1031.0,1024.0,16.69352572895123,-1035.930232328976,-1374.9907769423962,1077.167231936057,890.4327680639428,983.8,5200.28,0.0078125,0
2022-04-20,1025.0,1035.0,1012.0,1021.0,1003952381378,983290686,19611,1030.0,1024.0,16.69352572895123,-964.5728218710965,-1292.9071859281362,1072.498081618915,909.6019183810849,991.05,4998.76,-0.0068359375,0
2022-04-24,1028.0,1040.0,1012.0,1022.0,905230844083,885507789,18152,1021.0,1015.0,16.604163828812176,-898.3916846534291,-1214.0040856731948,1062.7599838688461,932.540016131154,997.65,4800.46,0.0009852216748769127,0
2022-04-25,1018.0,1033.0,1007.0,1019.0,846295437493,830860261,17659,1022.0,1027.0,17.240295001211166,-835.3450194868417,-1138.2722724359242,1060.42179519352,944.7782048064801,1002.6,4602.0,-0.008763388510223957,0
2022-04-26,1035.0,1049.0,1026.0,1036.0,1213283831227,1171035379,22411,1019.0,1035.0,17.691052316914167,-775.7917061000644,-1065.7761591687522,1062.0934182936433,950.806581706357,1006.45,4405.7,0.006763285024154575,0
2022-04-27,1042.0,1051.0,1027.0,1039.0,1367740013835,1316844786,26083,1036.0,1032.0,17.65222483273061,-720.5315123514488,-996.7272298052916,1058.5788333477826,963.5211666522172,1011.05,4211.14,0.030038759689922534,0
2022-04-30,1038.0,1038.0,1015.0,1024.0,1073018959278,1048328041,23425,1039.0,1017.0,17.44604918629122,-670.2218846298672,-931.4261607702067,1051.920978036456,977.1790219635438,1014.55,4017.48,0.017699115044247815,0
2022-05-01,1016.0,1037.0,1010.0,1018.0,979254967729,962067669,19075,1024.0,1016.0,17.4314319790481,-623.247425479,-869.7904137119654,1051.939421531556,979.1605784684439,1015.55,3822.8,0.01870078740157477,0
2022-05-02,1018.0,1025.0,1008.0,1015.0,894117748504,880531417,18179,1018.0,1018.0,17.580167164831664,-579.1819953695856,-811.6687300434895,1052.103845942445,979.296154057555,1015.7,3630.56,0.04911591355599221,0
2022-05-07,1028.0,1045.0,1021.0,1032.0,1522988742730,1475156776,27913,1015.0,1042.0,19.4551726893349,-536.1429034562884,-756.5635647260493,1053.8737956538316,978.6262043461685,1016.25,3444.0,0.03262955854126681,0
2022-05-08,1048.0,1083.0,1046.0,1069.0,2261458425325,2115492913,37978,1032.0,1063.0,21.145573286230814,-494.63771288653925,-704.1783943581474,1057.8052450538733,976.2947549461267,1017.05,3267.26,-0.0018814675446848783,0
2022-05-09,1069.0,1069.0,1030.0,1044.0,1420931601928,1361130705,24036,1069.0,1035.0,20.526986554412815,-458.71612240725995,-655.0859399679699,1059.4492770949237,976.4507229050763,1017.95,3087.36,0.034782608695652195,0
2022-05-10,1032.0,1050.0,1025.0,1037.0,840169987009,809840509,16296,1044.0,1035.0,20.526986554412815,-425.3448920043229,-609.1377303752405,1061.1283792392394,976.9716207607605,1019.05,2908.46,0.03188405797101446,0
2022-05-11,1040.0,1083.0,1039.0,1065.0,1533551564761,1439878510,24496,1037.0,1068.0,23.582601736906526,-391.71962724983564,-565.6541097501596,1068.3618489820028,974.0381510179972,1021.2,2728.02,-0.009363295880149836,0
2022-05-14,1072.0,1087.0,1054.0,1069.0,1607073417467,1503346228,26666,1065.0,1076.0,24.342043222520005,-360.27282862737616,-524.5778535256029,1076.9995238016616,972.0004761983384,1024.5,2554.34,-0.03438661710037172,0
2022-05-15,1080.0,1085.0,1040.0,1058.0,1175769082545,1110926166,20893,1069.0,1061.0,23.863174747975307,-332.72593137470994,-486.20746909542436,1076.8764092544857,981.5235907455145,1029.2,2377.56,-0.020735155513666337,0
2022-05-16,1068.0,1080.0,1055.0,1065.0,1176531537166,1104965747,26285,1058.0,1071.0,24.923542265829013,-306.5541351639347,-450.2768023091265,1080.4043302938333,986.2956697061664,1033.35,2195.58,-0.057889822595704965,0
2022-05-17,1078.0,1103.0,1065.0,1081.0,1676415558952,1550667794,24935,1065.0,1068.0,24.81190026358624,-282.79498844422255,-416.7804395361457,1080.9008082996281,994.2991917003718,1037.6,2005.54,-0.04400749063670417,0
2022-05-18,1069.0,1076.0,1054.0,1061.0,1016185646599,958062377,17806,1081.0,1058.0,24.419243142607357,-261.75525823995577,-385.77540327690775,1081.5703283170988,999.0296716829012,1040.3,1804.9,-0.041587901701323204,0
2022-05-21,1050.0,1052.0,1035.0,1040.0,907639494526,872551215,17322,1061.0,1039.0,23.65332230492629,-243.8038427438496,-357.38109117029614,1081.5217063056753,1000.878293694325,1041.2,1599.28,-0.04042348411934549,0
2022-05-22,1042.0,1052.0,1032.0,1039.0,683938302125,658176852,13569,1040.0,1039.0,23.65332230492629,-226.96095205323832,-331.2970633468846,1081.5150097864403,1002.3849902135597,1041.95,1396.26,-0.04331087584215587,0
2022-05-23,1039.0,1044.0,1002.0,1013.0,1239748383534,1223923316,23027,1039.0,1009.0,22.36854895668121,-213.5716678705287,-307.75198425161346,1082.62269908397,999.7773009160301,1041.2,1197.24,-0.026759167492566904,0
2022-05-24,1010.0,1033.0,1001.0,1013.0,872653012732,861148558,17073,1013.0,1021.0,24.14344195776691,-199.69035783711774,-286.13965896871434,1082.2406430901763,1000.7593569098239,1041.5,998.26,-0.0372184133202742,0
2022-05-25,1017.0,1040.0,1007.0,1015.0,890485719543,877161322,16413,1013.0,1014.0,23.801587013304243,-187.0974185478401,-266.3312108845395,1082.8893862871607,998.8106137128391,1040.85,999.98,-0.029585798816568087,0
2022-05-28,1017.0,1033.0,996.0,1003.0,832169307098,829624587,19926,1015.0,997.0,22.951639778737118,-176.4551166141,-248.35599203045157,1085.1083145208004,992.7916854791997,1038.95,1000.78,-0.04714142427281842,0
2022-05-29,994.0,1001.0,982.0,989.0,872960716971,882337666,17974,1003.0,994.0,22.796929410090357,-166.34556248807462,-231.95390612197622,1087.1557880828266,986.9442119171732,1037.05,1001.62,-0.04124748490945673,0
2022-05-30,1000.0,1000.0,981.0,987.0,608924462462,617040378,15959,989.0,982.0,22.153655734843866,-157.48656068007085,-217.06043703359518,1090.2912720293061,980.3087279706938,1035.3,1002.66,-0.007128309572301372,0
2022-05-31,996.0,997.0,982.0,987.0,563932600134,571424466,12580,987.0,983.0,22.350291580932122,-148.6712565777309,-203.38260094242233,1092.6899017563644,974.6100982436358,1033.65,1004.08,-0.020345879959308255,0
2022-06-01,989.0,990.0,972.0,982.0,676408392803,688638282,14453,987.0,984.0,22.560945330961275,-139.99064787558177,-190.70421032905423,1094.5454471139967,969.3545528860033,1031.95,1005.36,0.009146341463414531,0
2022-06-06,980.0,981.0,942.0,956.0,861856046084,901901010,19756,982.0,950.0,20.52239683685029,-134.30651686534418,-179.42467163631224,1099.1588434623561,955.5411565376437,1027.35,1006.62,0.05789473684210522,1
2022-06-07,950.0,965.0,945.0,957.0,519065425028,542635868,12223,956.0,953.0,21.19898220565706,-128.0832630326471,-169.1563899155792,1098.5762015181333,945.1237984818667,1021.85,1008.04,0.03882476390346268,0
2022-06-08,950.0,982.0,950.0,965.0,551311360664,571454441,12121,957.0,975.0,26.163049944213356,-119.99287028016192,-159.32368598849578,1097.9405177590918,939.7594822409083,1018.85,1009.96,-0.0010256410256410664,0
2022-06-11,967.0,971.0,951.0,961.0,452335399002,470818925,10817,965.0,963.0,25.229458111918817,-113.24406831989381,-150.10776245477538,1097.5612993421998,932.9387006578003,1015.25,1011.56,-0.0031152647975077885,0
2022-06-12,955.0,999.0,953.0,982.0,657375051997,669548065,13371,961.0,993.0,31.783136327729807,-104.27285233028329,-140.94078042987695,1090.6290085834596,932.3709914165404,1011.5,1012.86,-0.033232628398791486,0
2022-06-13,999.0,1030.0,990.0,1010.0,731507666882,724320038,15195,982.0,1005.0,34.26509915401837,-95.0985622833773,-131.77233680057702,1081.3488419486387,934.5511580513614,1007.95,1013.8,-0.04676616915422882,0
2022-06-14,1007.0,1007.0,988.0,997.0,773004143046,775433367,13921,1010.0,990.0,32.665231841044175,-88.0235650980992,-123.02258246008147,1073.959758477163,934.840241522837,1004.4,1014.8,-0.03535353535353536,0
2022-06-15,990.0,992.0,972.0,979.0,443138274669,452579076,10182,997.0,974.0,31.00242775293536,-82.75371186065217,-114.96880834019561,1063.128219536263,935.9717804637369,999.55,1015.34,-0.026694045174537995,0
2022-06-18,971.0,977.0,950.0,958.0,619483980931,646793034,13203,979.0,960.0,29.583383564379915,-78.79865634002385,-107.73477794016127,1051.6070274152892,936.6929725847108,994.15,1014.62,-0.01666666666666672,0
2022-06-19,970.0,974.0,952.0,962.0,429117230603,446151484,10216,958.0,960.0,29.583383564379915,-74.801975731668,-101.14821749846261,1040.4666964905127,938.0333035094872,989.25,1013.52,-0.04270833333333335,0
2022-06-20,960.0,983.0,953.0,963.0,496601405017,515514146,10365,962.0,958.0,29.360725553176636,-70.97777325239599,-95.1141286492493,1032.7167338881927,937.6832661118073,985.2,1012.06,-0.02713987473903967,0
2022-06-21,973.0,973.0,952.0,955.0,364820735465,381948907,9628,963.0,955.0,29.008042295543248,-67.4120559452466,-89.57371410844877,1023.3178449286037,938.6821550713963,981.0,1010.22,-0.010471204188481686,0
2022-06-22,955.0,960.0,942.0,948.0,442315631749,466788995,11496,955.0,948.0,28.15811247316954,-64.40857878499855,-84.54068704375872,1020.5480046410787,935.3519953589214,977.95,1008.84,0.001054852320675037,0
2022-06-25,943.0,963.0,943.0,949.0,447816248849,472109431,10580,948.0,944.0,27.659395705341595,-61.640514584975335,-79.96065255200205,1014.2890532284773,933.9109467715227,974.1,1007.46,-0.01588983050847459,0
2022-06-26,949.0,950.0,919.0,928.0,601133791661,647439174,13269,949.0,919.0,24.713305928470206,-60.76364930478633,-76.1212519025589,1011.93767426617,926.76232573383,969.35,1005.34,0.017410228509249226,0
2022-06-27,922.0,940.0,921.0,930.0,410452570594,441245943,10293,928.0,932.0,28.951181275100552,-58.34714631540999,-72.56643078512911,1009.6609917173773,922.5390082826227,966.1,1003.78,0.0042918454935623185,0
2022-06-28,939.0,955.0,932.0,944.0,422327859122,447289542,9214,930.0,945.0,33.011982747389624,-54.751912961164635,-69.00352722033622,1006.1577639896693,921.1422360103306,963.65,1003.34,-0.005291005291005346,0
2022-06-29,949.0,952.0,934.0,944.0,350537963947,371409663,7586,944.0,949.0,34.25708543980565,-50.99209294902175,-65.40124036607334,1004.0903789410529,919.9096210589471,962.0,1002.56,-0.017913593256059013,0
2022-07-02,938.0,940.0,926.0,930.0,396844365085,426737276,8770,944.0,929.0,31.140439459608558,-49.06070014236832,-62.13313232133234,1002.5670775463451,916.0329224536548,959.3,1001.48,-0.0032292787944026013,0
2022-07-03,925.0,942.0,922.0,935.0,363306123852,388690463,7743,930.0,935.0,33.10663208550257,-46.509771873424825,-59.008460231750846,999.7931018837887,913.9068981162113,956.85,1000.1,-0.01711229946524062,0
2022-07-04,935.0,960.0,933.0,945.0,405732233697,429427492,7898,935.0,936.0,33.447713636535354,-43.90138337925623,-55.987044861251924,999.9644953115001,912.3355046884999,956.15,998.4,-0.01602564102564108,0
2022-07-05,937.0,949.0,934.0,941.0,327032469540,347720152,6922,945.0,940.0,34.87807919279105,-41.03838517579936,-52.99731292416142,999.8644001357109,911.1355998642891,955.5,996.72,-0.010638297872340385,0
2022-07-06,935.0,942.0,925.0,932.0,385852481994,413845070,8156,941.0,932.0,33.334962689330055,-38.96579814829556,-50.191009968988254,997.8933496652584,908.8066503347417,953.35,994.88,-0.011802575107296098,0
2022-07-09,929.0,933.0,918.0,928.0,398639596950,429695836,8526,932.0,926.0,32.1848418240011,-37.37655420198007,-47.62811881558662,997.3410296503196,905.6589703496804,951.5,993.1,-0.015118790496760237,0
2022-07-11,925.0,928.0,918.0,922.0,587170711759,636521575,10187,928.0,919.0,30.8476401013244,-36.26388097678148,-45.35527124782559,991.5428851289154,904.0571148710845,947.8,990.94,-0.0010881392818280489,0
2022-07-12,919.0,927.0,910.0,919.0,380475932196,413811563,7541,922.0,921.0,31.720515832477304,-34.819320689497204,-43.24808113615992,980.0987670942666,907.1012329057335,943.6,988.66,0.0021715526601520097,0
2022-07-13,920.0,939.0,917.0,932.0,277379672114,297632079,6104,919.0,930.0,35.65644831824886,-32.57279259331165,-41.113023427590264,970.6426363590402,910.5573636409598,940.6,986.62,0.032258064516129004,0
2022-07-16,926.0,947.0,919.0,926.0,381142137609,411409780,8163,932.0,921.0,33.572324556805754,-31.159441035407667,-39.122306949153746,964.9349958199282,910.9650041800719,937.95,984.7,0.014115092290988063,0
2022-07-17,920.0,921.0,910.0,913.0,412861222606,452209812,8678,926.0,912.0,31.584215511597478,-30.414969689068016,-37.3808394971366,962.8005045715038,908.2994954284961,935.55,982.62,0.005482456140350811,0
2022-07-19,913.0,922.0,910.0,916.0,314793286443,343510783,6379,913.0,918.0,34.374354271602655,-29.006452597900875,-35.70596211728946,959.2761495272052,907.6238504727949,933.45,980.62,0.002178649237472685,0
2022-07-20,919.0,934.0,916.0,926.0,375517557996,405389419,7114,916.0,923.0,36.69140531753386,-27.173495303135724,-33.99946875445871,955.2805004060892,908.1194995939109,931.7,978.24,0.0,0
2022-07-23,930.0,971.0,930.0,955.0,834177248887,873759363,15096,926.0,960.0,50.593056889393246,-22.47618123683094,-31.694811250933157,956.5952835122985,907.3047164877016,931.95,976.18,-0.04062500000000002,0
2022-07-24,967.0,967.0,933.0,944.0,350392248665,371177048,7588,955.0,934.0,43.38384097385226,-20.6138846750614,-29.478625935758807,954.803131413924,907.696868586076,931.25,974.16,-0.021413276231263434,0
2022-07-25,935.0,935.0,912.0,919.0,427226486106,464772100,8633,944.0,917.0,39.42780718020194,-20.276029708717033,-27.63810669035045,953.4703203075728,906.3296796924271,929.9,971.8,-0.0010905125408942062,0
2022-07-26,917.0,927.0,917.0,920.0,337368496570,366673137,6263,919.0,920.0,40.459619282196535,-19.540946419316583,-26.01867463614368,953.4316949857028,906.4683050142972,929.95,968.84,0.0010869565217390686,0
2022-07-27,920.0,933.0,919.0,922.0,208433249964,225944497,5033,920.0,923.0,41.53219702193954,-18.503021375833896,-24.515543984081724,953.1516384083975,905.8483615916025,929.5,965.78,0.004333694474539573,0
2022-07-30,928.0,942.0,919.0,929.0,300500715470,323308607,6728,922.0,921.0,41.00190555682681,-17.638515756286665,-23.140138338522714,951.1043855300157,905.4956144699842,928.3,962.98,0.02931596091205213,0
2022-07-31,923.0,923.0,908.0,912.0,391569654268,429244621,7766,929.0,914.0,39.11924127801449,-17.318592370529927,-21.975829144924155,948.067202406484,905.032797593516,926.55,959.84,0.02844638949671774,0
2022-08-01,927.0,927.0,915.0,919.0,221551080461,241134036,4687,912.0,916.0,39.967391336185955,-16.711033109660434,-20.92286993787141,947.8626956314931,903.9373043685068,925.9,956.8,0.018558951965065518,0
2022-08-02,916.0,936.0,913.0,921.0,232455085238,252398895,5039,919.0,921.0,42.13765915824653,-15.645725619125415,-19.867441074122212,946.8480945905549,903.5519054094452,925.2,954.06,0.061889250814332275,1
2022-08-03,922.0,935.0,919.0,924.0,269316927240,291561703,5543,921.0,927.0,44.72026425275271,-14.15415165224897,-18.724783189747562,945.8485781369649,903.6514218630351,924.75,951.82,0.04099244875943908,0
2022-08-06,926.0,965.0,926.0,948.0,473645432776,499514650,9329,924.0,948.0,52.68095421472699,-11.149025021194689,-17.20963155603699,947.6468886604706,902.6531113395293,925.15,950.0,0.029535864978903037,0
2022-08-09,946.0,951.0,938.0,943.0,270235037554,286635052,6049,948.0,940.0,49.74218816816899,-9.305703301466224,-15.628845905122837,948.7919878539166,902.3080121460833,925.55,948.62,0.027659574468085202,0
2022-08-10,938.0,945.0,926.0,932.0,446427670924,478843788,5959,943.0,933.0,47.25802735585277,-8.313862030437235,-14.165849130185718,949.3682764471872,902.4317235528127,925.9,946.86,0.03429796355841375,0
2022-08-13,940.0,978.0,939.0,975.0,1558339513995,1598694997,19518,932.0,978.0,60.80830106523013,-3.8522899573468976,-12.103137295617955,961.2430548019415,896.4569451980585,928.85,946.14,-0.021472392638036797,0
2022-08-14,984.0,985.0,953.0,967.0,556040633570,574940896,9931,975.0,965.0,56.307656913249794,-1.3498925786311702,-9.952488352220598,966.8129696669833,895.2870303330166,931.05,945.5,-0.015544041450777257,0
2022-08-15,965.0,989.0,956.0,975.0,357767154712,366965702,7326,967.0,976.0,59.06827226946288,1.5035514369283192,-7.661280394390815,974.1140773157147,892.5859226842854,933.35,945.14,-0.020491803278688492,0
2022-08-16,982.0,988.0,965.0,973.0,510672705540,524888241,7656,975.0,966.0,55.62730469532691,2.9243004355924995,-5.544164228394152,978.3101861316659,892.8898138683342,935.6,944.82,0.0031055900621117516,0
2022-08-17,973.0,977.0,961.0,965.0,309270031476,320642223,5566,973.0,965.0,55.280501595703434,3.9243254295818133,-3.6504662967989585,981.349303931752,895.150696068248,938.25,944.46,0.01761658031088076,0
2022-08-20,961.0,962.0,950.0,956.0,339794509261,355379040,6331,965.0,957.0,52.462639346210736,4.024922499749209,-2.1153885374893253,982.9859790048273,897.4140209951728,940.2,943.92,0.018808777429467183,0
2022-08-21,956.0,966.0,950.0,953.0,350843465737,367971819,5788,956.0,950.0,50.05818983993283,3.4994652470343226,-0.9924177805845958,983.7802024551329,899.319797544867,941.55,943.92,0.032631578947368345,0
2022-08-22,951.0,962.0,951.0,957.0,265119725352,277009654,5022,953.0,956.0,52.08527690280092,3.5265347470777897,-0.08862727505211876,983.2655102486123,899.4344897513878,941.35,943.98,0.025104602510460206,0
2022-08-23,963.0,975.0,952.0,966.0,284983768042,294930979,5643,957.0,969.0,56.230574843216296,4.544591651703513,0.8380165102990077,986.5368507076826,899.6631492923175,943.1,943.86,0.008255933952528327,0
2022-08-24,970.0,987.0,961.0,977.0,342211361421,350441503,7255,966.0,982.0,59.9609712594441,6.327461401462074,1.9359054885316211,991.1931711568383,901.5068288431618,946.35,944.24,-0.009164969450101812,0
2022-08-27,973.0,990.0,971.0,981.0,498279080834,507974735,8956,977.0,975.0,57.13711973991394,7.093784294846046,2.9674812497945062,993.8879447999288,904.3120552000712,949.1,943.88,-0.011282051282051286,0
2022-08-28,979.0,982.0,969.0,977.0,299169926564,306195699,4835,981.0,981.0,58.92283241768606,8.091971356102931,3.9923792710561914,997.1619308644067,906.8380691355933,952.0,943.4,-0.01732925586136591,0
2022-08-29,978.0,983.0,972.0,979.0,290466668162,296776322,5336,977.0,980.0,58.48549980011383,8.70203846841423,4.9343111105277995,999.3278097634554,910.5721902365447,954.95,943.2,-0.022448979591836782,0
2022-08-30,976.0,983.0,972.0,978.0,342734040082,350324155,5264,979.0,977.0,57.11590759765682,8.841526508334255,5.715754190089091,999.2285788643545,916.9714211356455,958.1,943.26,-0.019447287615148467,0
2022-08-31,979.0,980.0,970.0,974.0,226536084786,232610950,4335,978.0,973.0,55.25784461996695,8.53096555376078,6.278796462823428,997.6785992028204,924.2214007971797,960.95,943.52,-0.03391572456320657,0
2022-09-03,970.0,975.0,952.0,960.0,343677675961,357981212,5844,974.0,964.0,51.22034022525863,7.472480867941044,6.517533343846951,994.9301743539271,931.269825646073,963.1,943.6,-0.034232365145228205,0
2022-09-04,955.0,969.0,955.0,963.0,193808235508,201315747,4226,960.0,964.0,51.220340225258646,6.558027272293657,6.525632129536293,992.1343704985309,937.7656295014692,964.95,943.72,-0.036307053941908696,0
2022-09-05,965.0,966.0,958.0,961.0,244786736439,254637650,4484,963.0,958.0,48.48146104813692,5.288207192828622,6.278147142194759,991.7214674009921,939.178532599008,965.45,943.78,-0.030271398747390377,0
2022-09-06,958.0,958.0,950.0,952.0,182405929544,191662726,4476,961.0,958.0,48.48146104813692,4.233069441762609,5.869131602108329,990.1934477247186,942.5065522752815,966.35,943.98,-0.030271398747390377,0
2022-09-07,954.0,954.0,935.0,945.0,268639271498,284265933,5566,952.0,940.0,40.87653328453348,1.9222570220754278,5.079756686101749,988.7099977147066,944.6900022852935,966.7,943.9,-0.009574468085106425,0
2022-09-10,936.0,939.0,928.0,932.0,415705282146,446079301,6532,945.0,931.0,37.69282836519682,-0.6280633297828899,3.9381926829248215,990.6503802140082,938.0496197859918,964.35,944.14,-0.011815252416756183,0
2022-09-11,932.0,933.0,927.0,930.0,272551228856,293178072,5360,932.0,929.0,37.00311411865373,-2.7785643082498837,2.5948412846898803,993.0227747243569,932.0772252756431,962.55,944.08,-0.008611410118406937,0
2022-09-12,930.0,940.0,923.0,928.0,525760782742,566250823,7058,930.0,929.0,37.00311411865373,-4.431765196698393,1.1895199884122256,993.2974319155039,927.1025680844962,960.2,943.76,-0.013993541442411161,0
2022-09-13,930.0,940.0,925.0,930.0,246184161134,264736229,5343,928.0,929.0,37.00311411865373,-5.676503611332464,-0.18368473153671228,993.9829903235952,922.7170096764048,958.35,943.36,-0.01829924650161463,0
2022-09-14,930.0,940.0,927.0,932.0,274344684091,294457440,4926,930.0,931.0,38.41068379550789,-6.427492356571861,-1.4324462565437421,994.0520052858325,919.2479947141675,956.65,943.4,-0.034371643394199736,0
2022-09-18,925.0,930.0,917.0,920.0,307689386017,334276478,6546,932.0,920.0,33.921446547644706,-7.820118953479323,-2.7099807959308584,995.4674316794342,914.1325683205657,954.8,943.1,-0.016304347826086918,0
2022-09-19,916.0,927.0,915.0,920.0,260575888892,283291506,5019,920.0,921.0,34.668982252809315,-8.742317923096493,-3.9164482213639857,996.5855177996224,910.1144822003777,953.35,942.8,-0.014115092290988063,0
2022-09-20,921.0,922.0,915.0,917.0,234272801324,255354166,4672,920.0,916.0,32.678370801714706,-9.764071327519218,-5.085972842595033,997.5117807217342,905.1882192782658,951.35,942.32,-0.03275109170305679,0
2022-09-21,916.0,917.0,910.0,912.0,321779885530,352874733,5674,917.0,912.0,31.13804896272235,-10.772407227536746,-6.2232597195833765,996.9334595027187,900.0665404972813,948.5,941.92,-0.02083333333333337,0
2022-09-24,909.0,909.0,882.0,894.0,541731403677,605942152,9927,912.0,899.0,26.728504021983312,-12.47668854831943,-7.473945485330588,994.773308096569,893.926691903431,944.35,941.38,-0.010011123470522798,0
2022-09-26,889.0,917.0,889.0,905.0,221125614174,244409973,5324,894.0,905.0,31.546750643552897,-13.191134727869098,-8.61738333383829,991.990101675706,889.709898324294,940.85,941.1,-0.024309392265193353,0
2022-09-28,910.0,923.0,901.0,912.0,236857963882,259671035,5876,905.0,908.0,33.88769428669387,-13.361243447141646,-9.566155356498962,986.7523965051295,887.6476034948706,937.2,940.84,-0.03083700440528636,0
2022-10-01,906.0,909.0,885.0,893.0,346669653490,388233850,7967,912.0,886.0,26.681666254032805,-15.097240381646998,-10.67237236152857,982.7493780996501,882.2506219003499,932.5,939.96,-0.030474040632054167,0
2022-10-02,885.0,896.0,884.0,891.0,346052622845,388323707,5856,893.0,893.0,31.66112132142362,-15.726899058178105,-11.683277700858477,976.9871646268462,879.6128353731538,928.3,939.4,-0.04031354983202684,0
2022-10-03,893.0,897.0,883.0,889.0,256337949256,288297289,5231,891.0,890.0,30.69884636170849,-16.28031370152098,-12.60268490099098,971.0041353500591,877.2958646499409,924.15,938.96,-0.022471910112359605,0
2022-10-04,888.0,898.0,881.0,885.0,276473754039,312246452,5549,889.0,883.0,28.520665133104146,-17.086774590732375,-13.49950283893926,966.4762870376843,873.7237129623157,920.1,938.26,-0.0045300113250282825,0
2022-10-08,886.0,897.0,879.0,885.0,354936525248,401192823,7379,885.0,880.0,27.616296904088998,-17.763212329109024,-14.352244736973214,960.8038973743005,870.9961026256995,915.9,937.4,0.0,0
2022-10-09,880.0,880.0,854.0,863.0,559146607467,647789733,9578,885.0,859.0,22.288484639611383,-19.765968821237607,-15.434989553826092,957.9754186520627,863.9245813479374,910.95,935.38,0.016298020954598424,0
2022-10-10,863.0,881.0,856.0,860.0,470025568646,546335289,8753,863.0,857.0,21.85602065370827,-21.26937098662347,-16.601865840385567,953.3210923472013,858.4789076527986,905.9,933.84,0.025670945157526326,0
2022-10-11,859.0,871.0,859.0,864.0,407025590476,470976256,7936,860.0,870.0,31.200454874384874,-21.167827144841795,-17.515058101276814,949.5694816528847,855.2305183471152,902.4,932.9,-0.1218390804597701,0
2022-10-12,870.0,882.0,866.0,874.0,244919949468,280338892,6199,864.0,879.0,36.83212961560717,-20.12909248652454,-18.03786497832636,946.1016198356153,853.4983801643846,899.8,932.08,-0.12627986348122866,0
2022-10-15,880.0,885.0,874.0,880.0,303404617246,344956814,6228,874.0,880.0,37.44484289128535,-19.006105589136155,-18.23151310048832,942.3801010369939,852.3198989630062,897.35,931.22,-0.12840909090909092,0
2022-10-16,882.0,884.0,870.0,875.0,332240840340,379499243,6216,880.0,873.0,34.89339334737694,-18.46808331238867,-18.27882714286839,938.306028149295,850.7939718507049,894.55,930.26,-0.07560137457044669,0
2022-10-17,874.0,879.0,866.0,874.0,565456056009,646605941,9448,875.0,879.0,38.74610557311853,-17.357460921063648,-18.094553898507442,933.2882104291872,850.8117895708127,892.05,929.56,-0.07508532423208192,0
2022-10-31,763.0,768.0,753.0,761.0,604754570231,794196413,10249,739.0,764.0,17.44187279656508,-25.463298524201264,-19.568302823646206,950.0147042472634,817.3852957527367,883.7,926.52,0.11518324607329844,1
2022-11-01,770.0,788.0,765.0,772.0,511171836275,661719623,12699,761.0,768.0,19.107932690969164,-31.20475763179695,-21.895593785276354,957.2194181401843,794.9805818598157,876.1,923.46,0.09895833333333326,1
2022-11-02,771.0,776.0,761.0,769.0,461726986421,600418970,10128,772.0,767.0,19.004676535309258,-35.42721411060484,-24.60191785034205,959.6171036560695,777.1828963439305,868.4,920.26,0.13298565840938714,1
2022-11-05,767.0,807.0,766.0,799.0,976089482250,1221382588,15343,769.0,807.0,34.298675271035975,-35.140794381914816,-26.709693156656606,955.1594897470004,770.7405102529997,862.95,917.44,0.053283767038413865,1
2022-11-06,811.0,823.0,800.0,812.0,434187434621,534718955,9450,799.0,813.0,36.24341764463619,-34.03729408870265,-28.175213343065817,949.773634554823,766.226365445177,858.0,914.9,0.029520295202952074,0
2022-11-07,816.0,852.0,814.0,846.0,836395801856,988916430,12667,812.0,852.0,47.186317840057896,-29.67372782947723,-28.4749162403481,945.4904697193989,765.809530280601,855.65,913.28,-0.028169014084507005,0
2022-11-08,874.0,884.0,843.0,857.0,719730580291,839836968,14450,846.0,844.0,45.46257871687264,-26.55499383345193,-28.090931758968868,939.6296501165107,765.5703498834894,852.6,910.6,-0.017772511848341277,0
2022-11-09,853.0,873.0,832.0,857.0,606183072294,707691512,11634,857.0,869.0,51.43332389486565,-21.81461826581426,-26.83566906033795,934.309488400314,766.990511599686,850.65,908.68,-0.03682393555811281,0
2022-11-12,859.0,877.0,849.0,864.0,630037312207,729380850,10964,857.0,850.0,47.203641868146725,-19.367718681302563,-25.342078984530872,930.9238082423515,766.7761917576486,848.85,906.16,-0.040000000000000036,0
2022-11-13,853.0,865.0,835.0,843.0,422159157319,500670430,9576,864.0,837.0,44.506750519770215,-18.266954406470973,-23.927054068918892,925.6928904510773,766.4071095489226,846.05,903.58,-0.004778972520907976,0
2022-11-14,840.0,845.0,815.0,827.0,411515447114,497447975,9150,843.0,828.0,42.688383710977206,-17.914310551187327,-22.72450536537258,920.3023755252697,765.5976244747304,842.95,900.84,0.009661835748792313,0
2022-11-15,827.0,839.0,826.0,830.0,349533608680,420980242,6480,827.0,829.0,42.96720276843853,-17.354098863415857,-21.650424064981234,915.5650051410896,764.9349948589104,840.25,898.28,0.016887816646562026,0
2022-11-16,830.0,847.0,825.0,838.0,387513970330,462395351,6564,830.0,837.0,45.261488235875326,-16.07924242583522,-20.53618773715203,911.1750299309031,765.024970069097,838.1,896.02,0.005973715651135025,0
2022-11-19,833.0,833.0,803.0,815.0,339420788084,416660755,7808,838.0,816.0,40.63991763488122,-16.57239772487219,-19.743429734696065,908.9691070843953,762.9308929156048,835.95,893.22,0.030637254901960675,0
2022-11-20,817.0,838.0,813.0,830.0,270894837250,326458930,5814,815.0,833.0,45.49207340263907,-15.41378836970307,-18.877501461697467,907.1319728896802,762.3680271103198,834.75,890.5,0.009603841536614643,0
2022-11-21,840.0,848.0,830.0,841.0,307739061146,366133741,6376,830.0,836.0,46.32587406756914,-14.091074050186648,-17.920215979395305,903.6147929168818,762.4852070831181,833.05,887.58,0.021531100478468845,0
2022-11-22,845.0,846.0,837.0,841.0,218280195479,259615975,6099,841.0,843.0,48.31264744298173,-12.335772813526205,-16.803327346221486,898.8070129550028,763.6929870449972,831.25,884.94,0.021352313167259718,0
2022-11-23,848.0,848.0,841.0,845.0,214346473985,253745803,5703,841.0,842.0,48.039079834362994,-10.899730274108265,-15.622607931798843,893.360233552163,765.3397664478371,829.35,882.16,0.013064133016627011,0
2022-11-26,848.0,849.0,834.0,840.0,346888656728,412890045,6796,845.0,841.0,47.74791232700849,-9.730184349788146,-14.444123215396704,888.8495089947739,766.6504910052261,827.75,879.38,0.016646848989298357,0
2022-11-27,835.0,844.0,831.0,839.0,310639293108,370384878,6331,840.0,841.0,47.74791232700849,-8.702988148684994,-13.295896202054363,882.6699788754139,769.0300211245861,825.85,876.66,0.013079667063020217,0
2022-11-28,841.0,858.0,839.0,848.0,424216957340,500327454,7737,839.0,854.0,52.12301030677085,-6.761988411083621,-11.989114643860216,880.7574399211311,779.942560078869,830.35,874.28,-0.00936768149882905,0
2022-11-29,857.0,863.0,841.0,857.0,386811239028,451317096,7137,848.0,861.0,54.339979264056055,-4.605797865542968,-10.512451288196766,878.1833301101524,791.8166698898476,835.0,872.22,-0.025551684088269466,0
2022-11-30,862.0,864.0,851.0,860.0,329615050548,383055798,5976,857.0,853.0,51.410048103313926,-3.5021637017658804,-9.110393770910589,869.8096705882307,808.7903294117692,839.3,870.0,-0.023446658851113744,0
2022-12-03,848.0,861.0,846.0,852.0,385546619482,452756494,7434,860.0,855.0,52.10531249023888,-2.4380382036297306,-7.775922657454418,869.0576314655038,814.3423685344962,841.7,867.94,-0.040935672514619936,0
2022-12-04,855.0,857.0,842.0,848.0,337163822426,397425768,6704,852.0,852.0,50.9281475015894,-1.8158539734246233,-6.583908920648459,867.9339453014188,819.3660546985811,843.65,865.82,-0.025821596244131495,0
2022-12-05,843.0,849.0,839.0,843.0,234591570484,278309503,5626,848.0,846.0,48.56498664357608,-1.786326682256231,-5.624392472970014,867.3606226367062,819.3393773632938,843.35,863.94,0.009456264775413725,0
2022-12-06,842.0,844.0,834.0,838.0,267238759963,318800070,6009,843.0,839.0,45.88963145573374,-2.301240323850834,-4.959762043146178,867.1823586760581,819.0176413239419,843.1,862.1,0.06078665077473189,1
2022-12-07,839.0,839.0,831.0,834.0,335351913054,402279939,6822,838.0,833.0,43.669034897130665,-3.1570702102983432,-4.599223676576611,862.5894339850154,820.0105660149845,841.3,860.18,0.07322929171668657,1
2022-12-10,830.0,832.0,819.0,823.0,394416669425,479462200,7876,834.0,820.0,39.23860896126566,-4.828651230047285,-4.645109187270746,862.5999999868935,817.0000000131064,839.8,858.0,0.08658536585365861,1
2022-12-11,820.0,836.0,817.0,827.0,264812372538,320044367,5510,823.0,830.0,43.94939643364134,-5.2855463169725,-4.773196613211097,862.623044672687,816.2769553273131,839.45,856.02,0.08313253012048194,1
2022-12-12,834.0,855.0,833.0,848.0,458793196012,541166386,7655,827.0,854.0,53.306082177103455,-3.6687484925752187,-4.552306989083921,864.1241309871049,817.3758690128951,840.75,854.48,0.07728337236533966,1
2022-12-13,871.0,890.0,855.0,887.0,1300234854649,1466209713,18373,848.0,890.0,63.2233107393297,0.511577421041693,-3.5395301070587983,874.8908346527123,812.7091653472876,843.8,853.88,0.01573033707865168,0
2022-12-14,903.0,918.0,891.0,901.0,607750236823,674324402,11337,887.0,894.0,64.13478747943401,4.100019918364978,-2.011620101974043,884.4509259066795,808.8490740933205,846.65,853.34,0.02348993288590595,0
2022-12-17,899.0,899.0,883.0,890.0,370995163405,416894984,8166,901.0,891.0,62.8761380999022,6.625437602383386,-0.2842085611025573,890.1260619669534,810.6739380330465,850.4,852.84,0.07295173961840629,1
2022-12-18,893.0,917.0,893.0,906.0,537576763112,593292067,10846,890.0,899.0,64.85678047810389,9.166714276729522,1.6059760064638584,897.8184768481664,809.5815231518337,853.7,852.58,0.07119021134593995,1
2022-12-19,906.0,949.0,906.0,927.0,1123926798355,1212311692,17871,906.0,920.0,69.46252675048098,12.728492705043777,3.8304793461798425,909.7879562076032,806.0120437923968,857.9,853.0,0.05869565217391304,1
2022-12-20,917.0,920.0,896.0,906.0,471390935012,520158934,9671,927.0,904.0,62.71821657328224,14.097652525460376,5.883913982035949,916.0480035881711,805.851996411829,860.95,852.98,0.12610619469026552,1
2022-12-21,904.0,919.0,891.0,911.0,371571670617,408090055,6689,906.0,915.0,65.21851831518975,15.887191957120649,7.88456957705289,923.7181867059712,805.4818132940288,864.6,853.12,0.05792349726775958,1
2022-12-24,937.0,956.0,935.0,953.0,1682876450104,1766517013,20007,911.0,956.0,72.59569776382544,20.37885741546279,10.38342714473487,940.5077508148744,800.1922491851257,870.35,854.52,0.008368200836819994,0
2022-12-25,970.0,972.0,952.0,963.0,896993933085,931578018,15130,953.0,963.0,73.62429467904558,24.22413539660863,13.151568795109624,955.9345267923383,796.9654732076618,876.45,855.92,0.028037383177569986,0
2022-12-26,967.0,989.0,952.0,970.0,841120438485,867536634,13157,963.0,974.0,75.19959912350993,27.838251930023603,16.08890542209242,971.7595179664625,793.1404820335376,882.45,857.6,0.008213552361396204,0
2022-12-28,989.0,1018.0,985.0,1017.0,2519720589771,2477097272,25291,970.0,1018.0,80.27455155914947,33.86255118634574,19.643634574943086,996.6599548674302,783.9400451325697,890.3,860.3,-0.03241650294695486,0
2022-12-31,998.0,998.0,967.0,973.0,2099165079973,2157847766,28918,1017.0,968.0,64.19788491838524,34.20794175826359,22.556496011607187,1006.0926735380494,786.0073264619505,896.05,862.06,0.05681818181818188,1
2023-01-01,957.0,985.0,943.0,958.0,839309483641,876166698,15828,973.0,964.0,63.108994812577556,33.76962449400264,24.799121708086282,1013.647224662056,789.352775337944,901.5,864.16,0.0933609958506223,1
2023-01-02,970.0,1004.0,965.0,994.0,897706452869,903250325,14492,958.0,990.0,67.02421760514628,35.11544858047614,26.862387082564254,1024.429996119114,792.370003880886,908.4,866.82,0.11717171717171726,1
2023-01-03,1001.0,1027.0,979.0,996.0,989045457687,993181528,15692,994.0,982.0,64.74724093706553,35.13151647067082,28.516212960185566,1031.7445837411656,798.6554162588345,915.2,869.06,0.1028513238289206,1
2023-01-04,981.0,989.0,962.0,975.0,558584944346,572893132,9778,996.0,985.0,65.2243503993483,34.98306235078712,29.80958283830588,1037.315504176925,807.684495823075,922.5,871.18,0.060913705583756306,1
2023-01-07,987.0,1023.0,986.0,1004.0,1156242256938,1151186667,17162,975.0,1023.0,70.64397484948559,37.499423797023155,31.34755103004934,1047.0634607484121,816.9365392515879,932.0,874.04,0.04496578690127073,0
2023-01-08,1036.0,1054.0,1036.0,1054.0,1959544661310,1859837961,14756,1004.0,1054.0,74.17926686126543,41.51652266462099,33.38134535696367,1058.417217536869,828.9827824631312,943.7,877.66,0.04459203036053139,0
2023-01-09,1094.0,1106.0,1058.0,1092.0,3729551314490,3416097206,41706,1054.0,1106.0,78.79283543790856,48.338847729951226,36.372845831561186,1080.3047230337709,834.6952769662292,957.5,882.2,-0.02622061482820981,0
2023-01-10,1120.0,1129.0,1079.0,1100.0,1497695633862,1361604734,26865,1092.0,1083.0,72.61280255364618,51.29834631127892,39.35794592750473,1093.706522873159,844.1934771268411,968.95,888.58,0.0027700831024930483,0
2023-01-11,1090.0,1090.0,1045.0,1062.0,1556178388030,1465454575,26217,1100.0,1045.0,63.72033029532768,50.00110621048111,41.48657798410001,1100.1262532826827,853.2737467173173,976.7,894.12,0.00191387559808609,0
2023-01-14,1021.0,1072.0,1010.0,1049.0,975959291480,930479870,15952,1062.0,1069.0,66.50990518746136,50.32946674449454,43.25515573617892,1108.9967118113666,861.9032881886335,985.45,900.16,-0.012160898035547207,0
2023-01-16,1076.0,1101.0,1076.0,1096.0,1602232404208,1462144369,22079,1049.0,1101.0,69.83981258908119,52.565880647274184,45.11730071839797,1121.285509730486,870.614490269514,995.95,906.04,-0.06539509536784738,0
2023-01-17,1114.0,1133.0,1071.0,1095.0,1197007410700,1093231535,21606,1096.0,1077.0,64.64802420038683,51.80448549250309,46.454737673219,1126.6125147547498,883.0874852452503,1004.85,911.32,-0.05292479108635095,0
2023-01-18,1082.0,1102.0,1064.0,1082.0,807777110844,746716512,15227,1095.0,1086.0,65.6784040177107,51.33553503799578,47.43089714617436,1133.265402839938,893.034597160062,1013.15,916.0,-0.08931860036832417,0
2023-01-21,1094.0,1095.0,1036.0,1052.0,948073643148,901527745,17072,1082.0,1047.0,57.8146752828202,47.27199225981508,47.3991161689025,1130.1619133248666,910.4380866751334,1020.3,920.06,-0.06876790830945556,0
2023-01-22,1041.0,1068.0,1018.0,1043.0,845878376476,810673996,15797,1052.0,1056.0,59.03365297587469,44.26754145343625,46.77280122580925,1126.889489648081,927.8105103519188,1027.35,923.8,-0.10511363636363635,0
2023-01-23,1062.0,1068.0,1017.0,1036.0,651713481539,629196934,13565,1043.0,1029.0,53.99309597140035,39.255307443271136,45.269302469301635,1125.006382758834,936.9936172411659,1031.0,927.38,-0.061224489795918324,0
2023-01-24,1038.0,1038.0,1013.0,1019.0,499611546278,490470234,11695,1036.0,1020.0,52.38737909183553,34.163040826266865,43.048050140694684,1122.755061719794,944.9449382802059,1033.85,931.04,-0.06470588235294117,0
2023-01-25,1020.0,1020.0,977.0,991.0,837237745973,845220747,17454,1019.0,989.0,47.18244696879198,27.3111163733289,39.90066338722153,1121.7077493647973,947.4922506352024,1034.6,934.26,-0.039433771486349856,0
2023-01-28,999.0,1000.0,971.0,983.0,740489419104,753442649,14836,991.0,975.0,45.0076163586424,20.514752584009102,36.023481226579044,1123.1395253014393,941.7604746985608,1032.45,937.18,-0.060512820512820475,0
2023-01-29,970.0,975.0,934.0,937.0,1120965906485,1195894610,20225,983.0,945.0,40.680404653790205,12.563017391989092,31.331388459661053,1125.7353747247312,936.8646252752687,1031.3,939.34,-0.00952380952380949,0
2023-01-30,920.0,969.0,915.0,944.0,495567998322,524750835,12329,937.0,966.0,44.68920781567684,7.865070818275626,26.638124931383967,1125.553916537765,937.2460834622351,1031.4,942.34,-0.01345755693581785,0
2023-01-31,965.0,976.0,942.0,951.0,533262768553,560573134,11857,944.0,954.0,42.90489880300556,3.1374480517677057,21.937989555460717,1128.1259356687385,931.0740643312613,1029.6,944.76,-0.004192872117400381,0
2023-02-01,951.0,954.0,937.0,945.0,382793105247,404985544,8262,951.0,950.0,42.29864111762621,-0.9213726120407273,17.36611712196043,1130.5241434950833,925.4758565049167,1028.0,947.04,-0.008421052631578996,0
2023-02-05,950.0,955.0,914.0,931.0,526112237684,565278998,12637,945.0,916.0,37.454093050229794,-6.803111051069777,12.532271487354388,1136.8112577846894,912.2887422153107,1024.55,948.5,0.031659388646288145,0
2023-02-06,917.0,945.0,900.0,928.0,418279523815,450651515,8591,931.0,936.0,41.68508557895873,-9.73834075627974,8.078149038627563,1138.920849051043,901.4791509489572,1020.2,950.38,-0.0032051282051281937,0
2023-02-07,947.0,964.0,941.0,952.0,234165309589,245879665,5962,928.0,953.0,45.085515907321046,-10.570918550888337,4.348335520724383,1136.2586702073825,894.0413297926175,1015.15,952.62,-0.02413431269674715,0
2023-02-08,959.0,960.0,947.0,951.0,368540542867,387682776,6953,952.0,950.0,44.59136227119816,-11.342073021867805,1.2102538122059459,1124.0637952403254,890.6362047596747,1007.35,954.8,-0.004210526315789442,0
2023-02-12,942.0,945.0,935.0,940.0,349607283703,371810612,6977,951.0,942.0,43.23063836154781,-12.455176119964335,-1.5228321742281103,1114.8986038283217,885.7013961716782,1000.3,956.56,0.05095541401273884,1
2023-02-13,935.0,964.0,935.0,952.0,255260170633,268197357,5877,940.0,945.0,43.92172087598026,-12.946009873516232,-3.807467714085735,1110.386228539303,880.2137714606969,995.3,958.24,0.0973544973544973,1
2023-02-14,943.0,950.0,932.0,940.0,275405295245,292956784,7203,952.0,933.0,41.7332404034974,-14.140298314350048,-5.874033834138597,1101.41501228535,875.58498771465,988.5,959.84,0.1586280814576635,1
2023-02-15,930.0,939.0,924.0,931.0,382228650380,410556590,6875,940.0,930.0,41.18080330669894,-15.154167624811407,-7.73006059227316,1082.957718154519,876.942281845481,979.95,961.34,0.19354838709677424,1
2023-02-19,930.0,953.0,930.0,943.0,488823472857,518452513,8127,931.0,946.0,45.336835546784314,-14.499459333864365,-9.0839403405914,1067.1323850086023,879.6676149913976,973.4,963.22,0.2315010570824525,1
2023-02-20,960.0,990.0,960.0,988.0,545685823149,552537876,6803,943.0,990.0,54.79602316999983,-10.31130372889038,-9.329413018251197,1047.4223318571642,889.7776681428359,968.6,966.1,0.19292929292929295,1
2023-02-21,1037.0,1037.0,1024.0,1037.0,1826259794654,1761445053,16339,988.0,1037.0,62.300559149332834,-3.163189750874949,-8.096168364775947,1045.030878062069,891.1691219379311,968.1,970.06,0.16682738669238195,1
2023-02-22,1039.0,1087.0,1021.0,1058.0,2001520790204,1892068496,26312,1037.0,1081.0,67.70575930079741,5.983203704845209,-5.280293950851716,1052.5131528947823,886.1868471052179,969.35,975.02,0.06753006475485668,1
2023-02-25,1110.0,1110.0,1110.0,1110.0,2343820176990,2111549709,15571,1058.0,1110.0,70.68868339839642,15.3943871393285,-1.1453577328156728,1073.8756686934746,872.9243313065253,973.4,980.82,0.02072072072072073,0
2023-02-26,1165.0,1165.0,1136.0,1164.0,8330611799464,7155605464,62201,1110.0,1165.0,75.34075396125148,26.979851230284567,4.4796840598043755,1110.2374608108391,851.0625391891607,980.65,987.52,-0.023175965665236054,0
2023-02-27,1155.0,1221.0,1134.0,1184.0,3993404743465,3374128863,46476,1164.0,1181.0,76.50879534991645,37.02567237014728,10.988881721872957,1146.577700678417,833.9222993215831,990.25,994.06,-0.028789161727349688,0
2023-02-28,1190.0,1242.0,1158.0,1214.0,2774924893046,2286227228,31803,1184.0,1210.0,78.49691244637548,46.78777528747378,18.148660434993122,1185.0234957577868,818.9765042422132,1002.0,1000.46,-0.012396694214875992,0
2023-03-01,1195.0,1207.0,1154.0,1171.0,2674619440720,2283724974,33493,1214.0,1154.0,66.74910473788955,49.43571603139071,24.406071554272643,1204.8864570433589,820.0135429566411,1012.45,1005.66,0.0025996533795493715,0
2023-03-04,1140.0,1154.0,1126.0,1139.0,1166227772789,1024318660,18576,1171.0,1133.0,62.94476063541847,49.271729821851295,29.379203207788375,1218.8601928692397,822.7398071307603,1020.8,1010.5,0.0,0
2023-03-05,1133.0,1170.0,1132.0,1147.0,827763239885,721945565,13036,1139.0,1138.0,63.478486811652864,48.98060980216246,33.29948452666319,1231.8514305111567,828.1485694888432,1030.0,1015.28,-0.00790861159929701,0
2023-03-06,1144.0,1165.0,1115.0,1139.0,783770758270,687827334,12963,1147.0,1147.0,64.47049492977624,48.91228944711088,36.42204551075273,1244.3340091532837,835.3659908467162,1039.85,1019.82,0.02005231037489108,0
2023-03-07,1148.0,1195.0,1137.0,1186.0,2481152028223,2092129775,23865,1139.0,1195.0,69.26537541817605,52.13041692452521,39.56371979350723,1260.637714161127,846.9622858388728,1053.8,1025.64,0.01589958158995808,0
2023-03-11,1200.0,1228.0,1155.0,1177.0,1526162393051,1296324055,25710,1186.0,1157.0,62.118198627041735,51.026324014527745,41.85624063771134,1268.928685803785,860.7713141962148,1064.85,1030.48,0.09766637856525495,1
2023-03-12,1148.0,1154.0,1126.0,1137.0,950699067925,836422330,16870,1177.0,1133.0,58.04447511888748,47.66526747234116,43.018046004637306,1273.2263025020775,874.4736974979223,1073.85,1034.02,0.1473962930273609,1
2023-03-13,1128.0,1159.0,1123.0,1135.0,885930403101,780819959,18053,1137.0,1129.0,57.36919358407764,44.16967881424807,43.24837256655946,1275.0785479438616,890.5214520561384,1082.8,1037.34,0.13906111603188664,1
2023-03-14,1133.0,1179.0,1133.0,1157.0,1012549058834,875462625,23336,1135.0,1170.0,62.22079732971236,44.19826685916951,43.43835142508147,1278.6099780364389,909.7900219635613,1094.2,1041.26,0.08461538461538454,1
2023-03-15,1210.0,1214.0,1187.0,1210.0,2274179646456,1879105642,21497,1157.0,1214.0,66.61219838747513,47.22695245722298,44.196071631509774,1285.69974023963,929.60025976037,1107.65,1045.18,0.07166392092257001,1
2023-03-18,1240.0,1270.0,1233.0,1269.0,3175270183646,2501700949,23661,1210.0,1270.0,71.20053041437107,53.52889185789468,46.062635676786755,1296.944193869784,952.0558061302161,1124.5,1051.22,0.027559055118110187,0
2023-03-19,1302.0,1323.0,1255.0,1294.0,1906619305873,1473289796,24117,1269.0,1300.0,73.3161312052076,60.24945529878687,48.89999960118678,1307.2010962186293,978.7989037813708,1143.0,1057.94,0.04384615384615387,0
2023-03-25,1320.0,1335.0,1265.0,1299.0,1481171045147,1140134070,22338,1294.0,1286.0,70.70579929814076,63.711441410040834,51.862287962957595,1308.7749978974944,1011.2250021025056,1160.0,1063.86,0.053654743390357806,1
2023-03-26,1300.0,1332.0,1268.0,1297.0,1929582333401,1487456556,28202,1299.0,1269.0,67.56027413057916,64.34164202244733,54.358158774855546,1307.9342901216385,1039.9657098783616,1173.95,1069.6,0.042553191489361764,0
2023-03-27,1268.0,1308.0,1254.0,1292.0,1183184575050,916106590,20626,1297.0,1301.0,70.24377478539901,66.65485740798022,56.817498501480486,1316.5026574887402,1057.79734251126,1187.15,1075.92,0.04458109146810152,0
2023-03-28,1301.0,1328.0,1275.0,1293.0,1764952680264,1364821549,23509,1292.0,1305.0,70.57148320569566,68.02669444897606,59.0593376909796,1327.7892135305187,1068.910786469481,1198.35,1081.56,0.06360153256704981,1
2023-03-29,1314.0,1357.0,1290.0,1340.0,3002239200141,2240195918,31378,1293.0,1357.0,74.5027392022846,72.47441071244612,61.74235229527291,1350.7615578929465,1070.6384421070536,1210.7,1087.62,0.04421518054532059,0
2023-04-03,1340.0,1371.0,1300.0,1343.0,1846366254703,1374956743,24586,1340.0,1355.0,74.09277104663549,74.973625326704,64.38860690155913,1371.8675311310867,1068.5324688689134,1220.2,1092.6,0.0014760147601475815,0
2023-04-04,1360.0,1387.0,1318.0,1342.0,2086028575935,1553962253,29078,1343.0,1323.0,67.67599071975843,73.52459261335366,66.21580404391804,1384.1682249513874,1070.4317750486125,1227.3,1097.4,0.037792894935752,0
2023-04-05,1317.0,1372.0,1301.0,1352.0,2017628443185,1492428528,23372,1342.0,1359.0,70.74551451501526,74.42321834946551,67.85728690502754,1401.4675755563853,1068.0324244436147,1234.75,1103.68,0.04930095658572475,0
2023-04-08,1370.0,1419.0,1352.0,1410.0,3599140218169,2553238107,34820,1352.0,1388.0,72.97209475161429,76.59253232106926,69.60433598823589,1421.4933946180176,1071.4066053819824,1246.45,1110.06,0.012968299711815456,0
2023-04-09,1399.0,1436.0,1389.0,1410.0,2089703735328,1482410796,27787,1410.0,1417.0,75.01962149747767,79.73267822678645,71.630004435946,1442.5205858554345,1078.7794141445656,1260.65,1116.38,-0.0021171489061396764,0
2023-04-10,1420.0,1434.0,1340.0,1382.0,2900261517422,2098760874,40773,1410.0,1357.0,64.1855350330966,76.49794720446494,72.6035929896498,1448.928395919545,1094.2716040804548,1271.6,1121.98,0.06263817243920422,1
2023-04-11,1362.0,1376.0,1338.0,1359.0,1635142582584,1203173363,21795,1382.0,1373.0,65.61173716637256,74.36819558065781,72.95651350785141,1455.775562181006,1110.024437818994,1282.9,1127.72,0.04151493080844859,0
2023-04-15,1380.0,1426.0,1377.0,1421.0,2664872865017,1875836329,28030,1359.0,1426.0,69.8891933936608,76.08000618216897,73.58121204271492,1473.062961454086,1115.837038545914,1294.45,1135.3,0.016129032258064502,0
2023-04-16,1437.0,1438.0,1397.0,1413.0,1975685790506,1398220351,28114,1421.0,1406.0,66.52634115957227,74.95871812144787,73.85671325846153,1480.0841794142837,1133.7158205857165,1306.9,1142.3,0.031294452347083945,0
2023-04-17,1402.0,1435.0,1378.0,1412.0,1846870272869,1307677100,23823,1413.0,1414.0,67.20607030547349,73.8641623118067,73.85820306913057,1480.4773957644852,1161.4226042355149,1320.95,1150.0,0.032531824611032434,0
2023-04-18,1424.0,1475.0,1414.0,1445.0,2492323547392,1725039434,26453,1412.0,1442.0,69.53764288725834,74.39846573944601,73.96625560319366,1478.1307740365983,1195.0692259634015,1336.6,1158.44,0.060332871012482636,1
2023-04-19,1440.0,1470.0,1421.0,1440.0,1893427257135,1314559284,23070,1445.0,1430.0,67.32831033261016,73.01196881535202,73.77539824562534,1474.2938651233435,1224.9061348766563,1349.6,1167.26,0.08601398601398591,1
2023-04-24,1436.0,1453.0,1421.0,1436.0,1382010993361,962136276,18193,1440.0,1449.0,69.00733503764499,72.60930633846533,73.54217986419334,1476.6535558835828,1246.046444116417,1361.35,1176.74,0.06832298136645965,1
2023-04-25,1440.0,1495.0,1440.0,1469.0,2089334161545,1422344693,21144,1436.0,1450.0,69.09734950244604,71.54614563619248,73.14297301859318,1483.8123726148826,1256.8876273851172,1370.35,1186.84,0.06482758620689655,1
2023-04-26,1461.0,1490.0,1432.0,1457.0,1637289949964,1123809081,20774,1469.0,1460.0,70.03460515891238,70.6955650787288,72.6534914306203,1493.3948173513193,1263.3051826486806,1378.35,1196.72,0.03424657534246567,0
2023-04-29,1450.0,1529.0,1449.0,1526.0,6040824711491,3958147865,41840,1457.0,1529.0,75.54583944298086,74.7277818490495,73.06834951430615,1514.9114142649235,1266.0885857350765,1390.5,1208.22,0.0065402223675605775,0
2023-04-30,1579.0,1579.0,1538.0,1553.0,2331369799240,1500799538,28081,1526.0,1553.0,77.12197726372581,78.9498573033004,74.244651072105,1535.0857354138034,1274.3142645861967,1404.7,1220.28,-0.054732775273663825,0
2023-05-01,1560.0,1561.0,1520.0,1544.0,1878659696540,1216855223,24035,1553.0,1548.0,76.0226477978919,80.95917730531096,75.5875563187462,1552.4995847147502,1281.6004152852497,1417.05,1232.92,-0.09237726098191212,0
2023-05-02,1545.0,1569.0,1531.0,1546.0,2338624202235,1512404882,28832,1544.0,1544.0,75.1003601268468,81.29173084186868,76.72839122337069,1564.9691141377273,1293.0308858622727,1429.0,1245.08,-0.06930051813471505,0
2023-05-03,1548.0,1550.0,1497.0,1513.0,2978165421594,1968044252,38023,1546.0,1510.0,67.59391021384987,77.91362628114484,76.96543823492553,1572.7709388720132,1300.529061127987,1436.65,1256.22,-0.09403973509933772,0
2023-05-06,1530.0,1571.0,1528.0,1545.0,2956777964090,1913774775,29456,1513.0,1539.0,70.31896579761093,76.69244890415393,76.91084036877122,1583.5166626289688,1308.183337371031,1445.85,1268.0,-0.1293047433398311,0
2023-05-07,1562.0,1565.0,1468.0,1478.0,2312093124553,1564262345,23270,1545.0,1468.0,57.55761713851832,69.19788031643589,75.36824835830416,1578.8837827360835,1327.3162172639163,1453.1,1278.52,-0.05449591280653954,0
2023-05-08,1407.0,1428.0,1405.0,1407.0,2186727724033,1554323617,19146,1478.0,1405.0,49.05130108059221,57.511846462053654,71.79696797905406,1575.7833875557517,1335.0166124442485,1455.4,1287.72,-0.022064056939501753,0
2023-05-09,1345.0,1444.0,1345.0,1400.0,2569468465847,1835680860,30792,1407.0,1437.0,52.86199461465085,50.25342282728616,67.48825894870049,1574.586069830187,1341.1139301698129,1457.85,1297.8,-0.02366040361864996,0
2023-05-10,1440.0,1440.0,1335.0,1365.0,2438374283759,1785853172,27603,1400.0,1368.0,45.03945382563427,38.48966159973588,61.68853947890757,1577.4006557334767,1333.3993442665235,1455.4,1306.56,0.013157894736842035,0
2023-05-13,1348.0,1365.0,1297.0,1322.0,3219060596958,2434866837,35595,1365.0,1340.0,42.30370442174112,26.600792699521435,54.67099012303035,1579.4827419029866,1329.6172580970133,1454.55,1314.44,0.055223880597014885,1
2023-05-14,1345.0,1388.0,1345.0,1373.0,1779390717071,1295551863,17914,1322.0,1388.0,48.12125958955136,20.812068715598116,47.8992058415439,1578.4326114374185,1332.1673885625814,1455.3,1322.4,0.020172910662824117,0
2023-05-15,1399.0,1418.0,1359.0,1385.0,908110425299,655722019,13511,1373.0,1374.0,46.64399000667013,14.922759967902039,41.30391666681553,1580.312068392446,1325.087931607554,1452.7,1329.14,0.01455604075691408,0
2023-05-17,1378.0,1417.0,1361.0,1401.0,731178350560,521885643,10958,1385.0,1403.0,50.06373314553761,12.451959553406141,35.53352524413365,1580.3881398464414,1324.7118601535585,1452.55,1335.58,0.0049893086243764095,0
2023-05-20,1412.0,1412.0,1355.0,1386.0,888740378262,641382124,14168,1401.0,1386.0,48.1168368530288,9.018119233748166,30.230444042056554,1581.2396229504811,1321.060377049519,1451.15,1341.1,0.009379509379509487,0
2023-05-21,1381.0,1414.0,1370.0,1402.0,814006244255,580792967,10583,1386.0,1414.0,51.46472453437292,8.458636143033345,25.876082462251915,1580.8024704055529,1318.6975295944471,1449.75,1346.08,-0.03323903818953322,0
2023-05-22,1419.0,1432.0,1402.0,1411.0,776516871882,550241482,10285,1402.0,1416.0,51.704446719145665,8.083444135857462,22.317554796973027,1580.6653106572267,1317.4346893427733,1449.05,1350.78,-0.04096045197740117,0
2023-05-23,1410.0,1437.0,1393.0,1414.0,912987629339,645757306,12061,1411.0,1394.0,48.846453873262355,5.942385507604513,19.042520939099326,1580.0850514795966,1312.5149485204033,1446.3,1354.46,-0.025107604017216678,0
2023-05-24,1434.0,1436.0,1401.0,1419.0,1111935524962,783716935,12569,1414.0,1410.0,50.96913511228912,5.473551704755437,16.32872709223055,1578.9968448011991,1309.6031551988008,1444.3,1359.58,-0.04042553191489362,0
2023-05-27,1422.0,1422.0,1386.0,1398.0,970537915867,694368803,12012,1419.0,1399.0,49.44987675131841,4.166362238651573,13.896254121514756,1577.143892428609,1305.356107571391,1441.25,1364.9,-0.03288062902072908,0
2023-05-28,1390.0,1398.0,1343.0,1359.0,1129476898553,831095854,14693,1398.0,1367.0,45.22650442662936,0.5420244832862409,11.225408193869054,1566.4440733843724,1299.8559266156278,1433.15,1369.48,0.00512070226773953,0
2023-05-29,1360.0,1386.0,1354.0,1360.0,616128074571,453073654,8637,1359.0,1358.0,44.0860637604346,-3.0216820143166387,8.375990152231916,1548.4750174871006,1298.3249825128996,1423.4,1373.7,0.008100147275404979,0
2023-05-30,1358.0,1377.0,1353.0,1361.0,604078264731,443867235,8621,1360.0,1359.0,44.25426666065612,-5.699552552161549,5.5608816113532225,1528.0157266640533,1299.8842733359468,1413.95,1376.98,-0.0331125827814569,0
2023-05-31,1350.0,1362.0,1344.0,1353.0,582474674641,430562781,7420,1361.0,1353.0,43.41045850318932,-8.211279582641964,2.8064493725541846,1504.4327946195576,1304.3672053804426,1404.4,1380.9,-0.01921655580192161,0
2023-06-03,1353.0,1363.0,1345.0,1354.0,463674905048,342447971,7066,1353.0,1353.0,43.41045850318932,-10.085581050025212,0.2280432880383052,1486.3174217040828,1306.7825782959171,1396.55,1385.3,-0.06430155210643018,0
2023-06-06,1352.0,1378.0,1349.0,1357.0,671197245538,494481665,9692,1354.0,1374.0,47.475699177800266,-9.763901788857993,-1.7703457273409546,1450.180853253641,1326.4191467463588,1388.3,1390.2,-0.06186317321688506,0
2023-06-07,1380.0,1410.0,1361.0,1383.0,1009059729559,729426267,11984,1357.0,1369.0,46.617021832712815,-9.79946474049234,-3.376169529971232,1433.7018619258383,1332.9981380741615,1383.35,1394.18,-0.059167275383491647,0
2023-06-10,1367.0,1367.0,1314.0,1317.0,1074004976864,815324846,14179,1383.0,1314.0,38.39138105764075,-14.103117027493454,-5.521559029475677,1436.424994571789,1321.1750054282109,1378.8,1396.18,-0.029680365296803624,0
2023-06-11,1315.0,1330.0,1306.0,1316.0,541083289743,411064739,11486,1317.0,1327.0,41.03958304315811,-16.277168055457423,-7.672680834672026,1428.6067807723316,1317.9932192276683,1373.3,1397.32,-0.03315749811605129,0
2023-06-12,1318.0,1318.0,1259.0,1272.0,734800211493,577509469,13136,1316.0,1266.0,33.716093733021296,-22.661086461349896,-10.6703619600076,1440.6695798207688,1295.7304201792313,1368.2,1396.64,0.003949447077409074,0
2023-06-13,1272.0,1295.0,1265.0,1280.0,494307501888,386039159,7870,1272.0,1289.0,38.19451376807859,-25.569728101734654,-13.650235188353012,1445.1566663833846,1286.1433336166156,1365.65,1396.7,0.011636927851047307,0
2023-06-14,1316.0,1316.0,1284.0,1295.0,421522769688,325595851,6672,1280.0,1288.0,38.07406487244307,-27.636957556717334,-16.447579662025877,1446.2497079399157,1275.0502920600845,1360.65,1397.08,0.024844720496894457,0
2023-06-17,1277.0,1320.0,1271.0,1290.0,370297150299,286956999,6925,1295.0,1275.0,36.46417465828098,-29.978667727353468,-19.153797275091396,1448.7636341402963,1262.6363658597038,1355.7,1396.56,0.0321568627450981,0
2023-06-18,1289.0,1290.0,1254.0,1273.0,464792551427,365070393,6977,1290.0,1283.0,38.19604199629815,-30.833527060731058,-21.48974323221933,1445.2324028767148,1254.1675971232853,1349.7,1396.12,0.03897116134060785,0
2023-06-19,1281.0,1303.0,1260.0,1281.0,445320875984,347564710,6432,1273.0,1271.0,36.5851133896369,-32.109174378212174,-23.6136294614179,1443.7968326958796,1244.1031673041205,1343.95,1394.4,0.045633359559402065,0
2023-06-20,1283.0,1325.0,1270.0,1297.0,482339394088,371944748,6806,1281.0,1304.0,43.626386394995535,-30.110218010105655,-24.91294717115545,1434.2946138257078,1242.6053861742923,1338.45,1393.38,-0.009969325153374231,0
2023-06-21,1304.0,1322.0,1300.0,1316.0,412073675054,313118022,7498,1297.0,1320.0,46.71561902794604,-26.924594439536577,-25.31527662483168,1422.8649651089943,1244.435034891006,1333.65,1393.32,-0.024242424242424288,0
2023-06-24,1325.0,1336.0,1290.0,1317.0,446937172582,339373569,8191,1316.0,1316.0,46.03641395957506,-24.44099085074822,-25.14041947001499,1414.7932243003468,1244.7067756996532,1329.75,1392.46,-0.033434650455927084,0
2023-06-25,1330.0,1343.0,1325.0,1335.0,435057914381,325785867,6828,1317.0,1333.0,49.403345058274965,-20.860492416788702,-24.284434059369733,1402.6278306704883,1249.172169329512,1325.9,1391.36,-0.03825956489122284,0
2023-06-26,1330.0,1347.0,1315.0,1329.0,360469520812,271201572,6469,1335.0,1329.0,48.63443933445576,-18.13662051078836,-23.05487134965346,1391.4750316641198,1253.3249683358804,1322.4,1389.6,-0.0007524454477050302,0
2023-06-27,1320.0,1322.0,1290.0,1304.0,512544001035,393133850,7211,1329.0,1291.0,41.95408789230173,-18.827186732460405,-22.209334426214852,1385.7785680064644,1251.4214319935354,1318.6,1388.28,0.015491866769945739,0
2023-06-28,1300.0,1300.0,1273.0,1284.0,407835722036,317646143,6335,1304.0,1288.0,41.469793311634234,-19.392990048784895,-21.646065550728864,1380.9844442899778,1249.215555710022,1315.1,1386.58,0.01863354037267073,0
2023-07-01,1288.0,1288.0,1266.0,1274.0,371296401760,291469717,6840,1284.0,1272.0,38.891271113051566,-20.891633786090097,-21.49517919780111,1375.9508435482182,1245.5491564517818,1310.75,1383.5,0.022798742138364858,0
2023-07-02,1270.0,1305.0,1269.0,1286.0,353982079582,275227339,6131,1274.0,1282.0,41.3459880971793,-21.02998276789799,-21.402139911820488,1370.5169803401843,1243.8830196598158,1307.2,1381.02,0.00858034321372858,0
2023-07-03,1300.0,1332.0,1284.0,1306.0,416597588969,318879477,7383,1286.0,1328.0,51.0806593054608,-17.22920225201642,-20.567552379859677,1366.5287916634138,1245.3712083365863,1305.95,1379.3,-0.034638554216867457,0
2023-07-04,1311.0,1337.0,1305.0,1316.0,570557536688,433435632,7371,1306.0,1311.0,47.915638170169835,-15.411163930433986,-19.53627468997454,1354.848438971782,1250.751561028218,1302.8,1376.68,-0.04652936689549958,0
2023-07-05,1303.0,1324.0,1303.0,1315.0,539272840869,410068999,6694,1316.0,1312.0,48.119277611507584,-13.731377052494054,-18.375295162478444,1342.5761656661648,1257.3238343338353,1299.95,1374.32,-0.0777439024390244,0
2023-07-08,1329.0,1329.0,1296.0,1307.0,351427186022,268877745,6389,1315.0,1301.0,45.989235881132835,-13.136314660347352,-17.327499062052226,1341.44308958061,1257.15691041939,1299.3,1371.36,-0.06687163720215217,0
2023-07-09,1300.0,1309.0,1286.0,1293.0,433754866421,335431069,6416,1307.0,1293.0,44.44822597586579,-13.158572733048914,-16.493713796251566,1337.8363020094955,1257.3636979905043,1297.6,1368.22,-0.09358081979891719,0
2023-07-10,1295.0,1307.0,1280.0,1288.0,355108902970,275722395,5968,1293.0,1282.0,42.34706220035069,-13.903549026669452,-15.975680842335143,1336.6800208907903,1260.11997910921,1298.4,1364.66,-0.06942277691107646,0
2023-07-11,1287.0,1288.0,1247.0,1266.0,670912018369,530126889,8466,1288.0,1250.0,36.88455527230617,-16.881481461538215,-16.156840966175757,1340.0503440284517,1252.8496559715484,1296.45,1359.08,-0.02959999999999996,0
2023-07-12,1242.0,1260.0,1203.0,1219.0,1252908348333,1027963793,13616,1266.0,1210.0,31.42734055115055,-22.213121044850823,-17.36809698191077,1350.1745607306414,1234.9254392693585,1292.55,1352.22,0.0,0
2023-07-15,1208.0,1247.0,1205.0,1223.0,333311568552,272637233,6229,1219.0,1214.0,32.502807048441,-25.818102244940974,-19.058098034516814,1356.2517789980118,1222.7482210019882,1289.5,1345.54,-0.02635914332784184,0
2023-07-16,1220.0,1220.0,1167.0,1179.0,664246828710,563466525,9675,1223.0,1172.0,27.60685831400933,-31.698721678117636,-21.58622276323698,1368.1247586833456,1199.7752413166545,1283.95,1338.1,0.013651877133105783,0
2023-07-17,1165.0,1194.0,1136.0,1156.0,968583356520,837875967,11757,1179.0,1193.0,33.038092118637095,-34.26959192715208,-24.12289659602,1373.0305893689617,1187.0694106310382,1280.05,1331.76,0.01257334450963965,0
2023-07-18,1210.0,1213.0,1195.0,1212.0,858014012170,707823072,7605,1156.0,1213.0,37.82251552583278,-34.29782825414895,-26.15788292764579,1372.1798841507348,1178.8201158492652,1275.5,1325.24,0.0065952184666115965,0
2023-07-19,1236.0,1272.0,1201.0,1244.0,749852856790,602836412,11295,1212.0,1210.0,37.39095247160657,-34.168408530238594,-27.759988048164352,1368.427638391864,1171.572361608136,1270.0,1320.08,0.01900826446281001,0
2023-07-22,1201.0,1214.0,1182.0,1184.0,1127291854227,951806748,12910,1244.0,1182.0,33.54389401625298,-35.91124597127509,-29.3902396327865,1366.421481755256,1160.1785182447438,1263.3,1315.62,0.014382402707275865,0
2023-07-23,1170.0,1199.0,1170.0,1183.0,240208455850,202966203,5031,1184.0,1188.0,35.08518273088271,-36.3888394538958,-30.789959597008362,1358.9392122595934,1153.1607877404065,1256.05,1310.64,0.0,0
2023-07-24,1207.0,1212.0,1195.0,1205.0,218274880590,181164338,4493,1183.0,1208.0,40.074320581370976,-34.752893157329254,-31.582546309072544,1349.1826597717552,1150.8173402282448,1250.0,1307.44,-0.011589403973509937,0
2023-07-25,1227.0,1246.0,1210.0,1228.0,399413923522,325231430,5751,1205.0,1221.0,43.13370893043028,-32.0380874473999,-31.67365453673802,1344.5826182327928,1148.4173817672072,1246.5,1305.06,0.0,0
2023-07-26,1220.0,1236.0,1200.0,1224.0,290141322409,237081858,4007,1228.0,1233.0,45.8803336803444,-28.588731549906697,-31.05666993937176,1340.092877263448,1147.407122736552,1243.75,1301.96,0.011354420113544261,0
2023-07-29,1220.0,1229.0,1199.0,1209.0,278248784764,230072719,4338,1224.0,1199.0,39.98718247338446,-28.272697937341718,-30.499875538965753,1337.4116642515162,1142.7883357484836,1240.1,1298.46,0.042535446205171024,0
2023-07-30,1200.0,1209.0,1172.0,1187.0,355771579912,299607053,5450,1209.0,1188.0,38.274303174395946,-28.580390144735702,-30.115978460119745,1333.2415044825043,1137.5584955174959,1235.4,1294.16,0.04461279461279455,0
2023-07-31,1193.0,1224.0,1185.0,1194.0,331059236857,277307754,5108,1187.0,1194.0,39.789337969628164,-28.017124607568803,-29.696207689609558,1318.261375600199,1139.138624399801,1228.7,1290.32,0.024288107202680154,0
2023-08-01,1219.0,1225.0,1197.0,1208.0,286621293320,237316789,4484,1194.0,1221.0,46.189893299111255,-25.10269007437455,-28.777504166562558,1305.4246268036977,1142.9753731963024,1224.2,1286.46,-0.006552006552006606,0
2023-08-05,1225.0,1261.0,1221.0,1241.0,477299979750,384713778,7191,1208.0,1247.0,51.532898192230945,-20.459156578859393,-27.113834649021925,1292.485935021498,1149.414064978502,1220.95,1283.08,-0.05934242181234961,0
2023-08-06,1245.0,1266.0,1212.0,1242.0,474294607441,381766910,5841,1241.0,1250.0,52.12361007095275,-16.348591514522695,-24.960786022122083,1281.4758273778475,1155.3241726221527,1218.4,1280.2,-0.04400000000000004,0
2023-08-07,1236.0,1260.0,1236.0,1249.0,368934725963,295420232,5352,1242.0,1241.0,50.148932102540535,-13.659703312953752,-22.70056948028842,1270.0276682091348,1161.572331790865,1215.8,1276.82,-0.04109589041095896,0
2023-08-08,1248.0,1248.0,1218.0,1228.0,329015589072,268031533,4585,1249.0,1223.0,46.36561698452187,-12.833255823827812,-20.7271067489963,1258.013148687841,1167.6868513121588,1212.85,1273.3,-0.03270645952575635,0
2023-08-09,1234.0,1246.0,1212.0,1219.0,319667281311,262200128,4799,1228.0,1213.0,44.3632381622094,-12.837227097887762,-19.14913081877459,1252.8330013195332,1169.1669986804668,1211.0,1270.22,-0.02638087386644683,0
2023-08-12,1206.0,1211.0,1172.0,1180.0,514152722544,435582957,6772,1219.0,1173.0,37.40465896697892,-15.884928499525586,-18.49629035492479,1254.1489999822227,1164.1510000177775,1209.15,1266.52,-0.01705029838022165,0
2023-08-13,1172.0,1198.0,1165.0,1185.0,244417447281,206203571,4075,1180.0,1195.0,42.725788458142304,-16.336718161782983,-18.064375916296427,1253.550192936746,1162.849807063254,1208.2,1263.24,-0.024267782426778295,0
2023-08-14,1195.0,1207.0,1187.0,1193.0,223802010025,187667873,3897,1185.0,1190.0,41.85494400495574,-16.903371393901352,-17.832175011817412,1252.1994199427331,1166.0005800572667,1209.1,1259.98,-0.01764705882352946,0
2023-08-15,1181.0,1192.0,1178.0,1185.0,275911568299,232741405,4087,1193.0,1183.0,40.60708633723771,-17.713104024263203,-17.80836081430657,1252.6563275750495,1164.5436724249503,1208.6,1256.58,-0.019442096365173245,0
2023-08-16,1182.0,1190.0,1177.0,1183.0,261105905309,220714669,3974,1185.0,1181.0,40.23796349770284,-18.30519535546682,-17.907727722538624,1252.598245573707,1161.401754426293,1207.0,1252.72,0.01608806096528359,0
2023-08-19,1172.0,1185.0,1151.0,1162.0,405489358033,348817588,6448,1183.0,1153.0,35.388006316434,-20.7940965938119,-18.48500149679328,1255.4150953320104,1152.8849046679898,1204.15,1248.4,0.06591500433651354,1
2023-08-20,1162.0,1180.0,1158.0,1166.0,310276939891,266203083,4047,1162.0,1166.0,39.06057772645137,-21.47008364272847,-19.082017925980317,1256.4396411685,1150.2603588314998,1203.35,1245.44,0.10120068610634658,1
2023-08-21,1169.0,1187.0,1166.0,1175.0,341938697764,291080312,4554,1166.0,1169.0,39.90941824392195,-21.515713568315732,-19.5687570544474,1257.2065689438787,1147.5934310561215,1202.4,1242.28,0.10179640718562877,1
2023-08-22,1165.0,1174.0,1151.0,1158.0,338736938004,292565275,4526,1175.0,1160.0,38.19075059979639,-22.02421891094582,-20.059849425747085,1257.7408001278136,1142.2591998721864,1200.0,1240.16,0.1103448275862069,1
2023-08-23,1145.0,1200.0,1145.0,1171.0,414456582159,353861082,4752,1158.0,1200.0,48.753619021949966,-18.980749092084125,-19.844029359014495,1255.8832064739036,1142.0167935260965,1198.95,1238.38,0.07916666666666661,1
2023-08-26,1195.0,1229.0,1190.0,1223.0,739004811241,604440739,7036,1171.0,1229.0,54.786432106471246,-14.06656904491797,-18.688537296195193,1255.229642344832,1142.270357655168,1198.75,1237.2,0.0341741253051262,0
2023-08-27,1255.0,1284.0,1248.0,1283.0,3003292006189,2340158881,17996,1223.0,1284.0,63.55036799408928,-5.66866081372018,-16.084561999700192,1270.6106500442063,1135.3893499557937,1203.0,1237.38,0.002336448598130758,0
2023-08-28,1307.0,1343.0,1286.0,1313.0,1804882896744,1374369133,18021,1283.0,1288.0,64.09545004960178,1.2945853595967947,-12.608732527840795,1284.623756103444,1131.376243896556,1208.0,1237.48,0.03571428571428581,0
2023-08-29,1300.0,1334.0,1280.0,1301.0,1079456356414,829869731,12027,1313.0,1288.0,64.09545004960178,6.735367001259874,-8.739912622020661,1296.5071595951092,1128.8928404048909,1212.7,1237.82,0.03105590062111796,0
2023-08-30,1290.0,1320.0,1279.0,1298.0,1414390290519,1089862082,12584,1301.0,1295.0,65.15309609549219,11.47973589998469,-4.695982917619592,1307.5578850094719,1125.2421149905283,1216.4,1237.64,0.016216216216216273,0
2023-09-02,1285.0,1303.0,1262.0,1282.0,1278337168514,996918637,12110,1298.0,1271.0,58.7618676848445,13.15148092434174,-1.1264901492273256,1310.9432375665215,1124.2567624334783,1217.6,1236.66,0.04012588512981896,0
2023-09-03,1279.0,1304.0,1273.0,1291.0,735120996106,569317431,7072,1282.0,1287.0,61.47508391372493,15.587731516936856,2.2163541840055108,1316.6744310829333,1122.2255689170668,1219.45,1236.08,0.02331002331002341,0
2023-09-04,1286.0,1355.0,1285.0,1336.0,1614163464586,1208601605,15317,1291.0,1334.0,68.11211298037594,21.06812464199629,5.986708275603667,1333.1759368486012,1115.0240631513987,1224.1,1236.1,-0.006746626686656709,0
2023-09-05,1345.0,1373.0,1326.0,1345.0,1057142503615,785790302,10487,1336.0,1328.0,66.5362146919748,24.643154872262357,9.717997594935404,1347.4436492763264,1111.2563507236734,1229.35,1236.08,-0.0007530120481927804,0
2023-09-09,1328.0,1349.0,1311.0,1326.0,808591596811,609672576,8478,1345.0,1316.0,63.37789339160081,26.206005851846612,13.015599246317645,1358.1454608928286,1110.8545391071714,1234.5,1236.58,0.02583586626139822,0
2023-09-10,1312.0,1337.0,1292.0,1323.0,497680336661,376082149,5930,1326.0,1322.0,64.29060874047367,27.610450284833178,15.934569454020753,1367.8109947497635,1116.0890052502366,1241.95,1237.26,0.005295007564296572,0
2023-09-11,1323.0,1335.0,1313.0,1322.0,370411208696,280207489,4679,1323.0,1317.0,62.88411937675677,27.997289082359885,18.34711337968858,1376.0257398861204,1120.0742601138795,1248.05,1238.16,0.010630220197418438,0
2023-09-12,1320.0,1341.0,1320.0,1333.0,346693013106,260108348,4394,1322.0,1325.0,64.23240923637601,28.619487125067735,20.40158812876441,1384.0510734941877,1125.5489265058122,1254.8,1239.02,-0.005283018867924483,0
2023-09-13,1330.0,1340.0,1324.0,1328.0,317938645206,239391433,4410,1333.0,1327.0,64.57883567076054,28.940360382174504,22.10934257944643,1390.4912448355913,1133.5087551644087,1262.0,1239.0,0.0,0
2023-09-17,1326.0,1363.0,1326.0,1346.0,538871016427,400238225,6743,1328.0,1350.0,68.37257661730392,30.69670996672039,23.826816056901222,1398.7503897086826,1142.1496102913175,1270.45,1239.78,-0.03111111111111109,0
2023-09-18,1354.0,1359.0,1328.0,1341.0,431311138343,321583884,5798,1346.0,1329.0,61.8581267612443,30.047733601715436,25.070999565864067,1397.9005372908182,1160.5994627091818,1279.25,1240.12,-0.015801354401805856,0
2023-09-19,1330.0,1351.0,1322.0,1338.0,742260100091,554685666,6605,1341.0,1331.0,62.22724865304431,29.35639618068035,25.928078888827322,1396.0182012355522,1178.9817987644478,1287.5,1240.72,-0.019534184823441048,0
2023-09-20,1329.0,1338.0,1305.0,1317.0,610642367539,463709859,6817,1338.0,1318.0,58.279226306927086,27.44316719063113,26.231096549188084,1389.4581477937209,1200.4418522062792,1294.95,1241.22,-0.017450682852807264,0
2023-09-23,1317.0,1337.0,1312.0,1329.0,463804025824,349073637,5931,1317.0,1327.0,60.163582994252934,26.349404680585167,26.2547581754675,1375.5221572607722,1231.0778427392277,1303.3,1242.12,-0.03240391861341374,0
2023-09-25,1327.0,1338.0,1297.0,1307.0,644468761167,493031799,7162,1329.0,1308.0,54.560993479808204,23.676520609403042,25.73911066225461,1363.194403376858,1254.2055966231421,1308.7,1243.28,-0.012232415902140636,0
2023-09-26,1301.0,1317.0,1298.0,1306.0,432632891624,331325375,4909,1307.0,1308.0,54.560993479808204,21.312562768910993,24.85380108358589,1353.1087444120512,1272.191255587949,1312.65,1245.24,-0.006116207951070374,0
2023-09-27,1300.0,1311.0,1299.0,1305.0,481178052653,368630328,5478,1306.0,1305.0,53.6461833565279,18.97826460021861,23.678693786912433,1352.1712879872725,1275.2287120127276,1313.7,1247.06,-0.01685823754789273,0
2023-09-30,1305.0,1310.0,1291.0,1297.0,399372792908,307832825,5891,1305.0,1295.0,50.60061787949416,16.13540119625509,22.170035268780964,1351.6982403227516,1276.4017596772483,1314.05,1249.52,-0.03552123552123554,0
2023-10-01,1299.0,1299.0,1278.0,1285.0,446069555641,347226421,6350,1297.0,1284.0,47.412053118631434,12.846714470115785,20.30537110904793,1352.087546984602,1275.6124530153977,1313.85,1251.34,-0.008566978193146446,0
2023-10-02,1278.0,1309.0,1278.0,1292.0,314937833572,243847739,4455,1285.0,1292.0,49.885403506661504,10.76188339442092,18.39667356612253,1352.2543771756161,1275.145622824384,1313.7,1252.92,0.009287925696594534,0
2023-10-04,1291.0,1319.0,1290.0,1297.0,227750483242,175549318,4292,1292.0,1300.0,52.301365295949964,9.64400282634756,16.646139418167536,1349.0750644715624,1281.2249355284378,1315.15,1254.72,-0.00846153846153841,0
2023-10-07,1310.0,1310.0,1282.0,1288.0,406492878575,315529322,4852,1297.0,1283.0,47.104603682563216,7.302141950206533,14.777339924575335,1349.5764349796461,1280.323565020354,1314.95,1256.74,-0.003117692907248615,0
2023-10-08,1270.0,1270.0,1243.0,1251.0,822595420594,657461430,9159,1288.0,1249.0,38.80083062956864,2.671884660350088,12.356248871730287,1354.5638803504626,1266.8361196495375,1310.7,1257.96,0.032826261008807034,0
2023-10-09,1244.0,1285.0,1244.0,1267.0,457514177348,361020673,5605,1251.0,1273.0,46.03283572560771,0.9282712889767026,10.070653355179571,1353.9737981852836,1261.9262018147165,1307.95,1259.26,0.02513747054202664,0
2023-10-10,1282.0,1310.0,1260.0,1291.0,353154149571,273594764,4313,1267.0,1304.0,53.65157801889621,2.0245483195078577,8.461432348045228,1353.2510893051538,1261.448910694846,1307.35,1260.92,0.012269938650306678,0
2023-10-11,1301.0,1309.0,1283.0,1291.0,377204202973,292070187,4839,1291.0,1289.0,49.97518175538881,1.6638018526077758,7.1019062489577385,1351.7482355731436,1259.6517644268565,1305.7,1262.04,-0.12412723041117146,0
2023-10-14,1288.0,1294.0,1262.0,1281.0,523687922593,408838401,6085,1291.0,1279.0,47.631865880491496,0.5644842292233534,5.794421845010862,1350.9491251180734,1256.6508748819265,1303.8,1263.64,-0.16106333072713053,0
2023-10-15,1279.0,1306.0,1278.0,1288.0,1017071187791,789437111,9807,1281.0,1290.0,50.387640541743494,0.5742555017372979,4.7503885763561495,1348.5149330075892,1255.5850669924107,1302.05,1265.68,-0.15193798449612406,0
2023-10-16,1290.0,1328.0,1288.0,1307.0,896769486887,686216517,12093,1288.0,1305.0,53.94658872158543,1.7719480314647171,4.154700467377864,1346.0209440704293,1255.8790559295708,1300.95,1267.9,-0.15172413793103445,0
2023-10-17,1313.0,1327.0,1310.0,1319.0,1015717743998,770289378,10238,1307.0,1320.0,57.2492229613341,3.8866991811773914,4.101100210137769,1339.6220051702646,1259.2779948297355,1299.45,1269.88,-0.1492424242424243,0
2023-10-25,1128.0,1142.0,1120.0,1129.0,1075532843161,952689600,10782,1131.0,1129.0,28.864340346723708,-9.737204609573837,1.3334392461954478,1372.2134581164892,1206.686541883511,1289.45,1267.52,-0.024800708591674048,0
2023-10-28,1117.0,1118.0,1073.0,1082.0,904785993588,836247509,12053,1129.0,1073.0,24.95724902912619,-24.767474478571785,-3.8867434987579985,1399.8747339320053,1153.2252660679947,1276.55,1263.98,0.05312208760484616,1
2023-10-29,1077.0,1099.0,1074.0,1089.0,407004100448,373713454,6127,1082.0,1094.0,28.846824164153475,-34.58586284341527,-10.026567367689452,1410.3621029410992,1120.3378970589006,1265.35,1261.04,0.03382084095063975,0
2023-10-30,1098.0,1128.0,1094.0,1113.0,314178704130,282337137,5481,1089.0,1107.0,31.22335337471074,-40.84715443588925,-16.190684781329413,1411.8279667109023,1096.8720332890975,1254.35,1258.72,0.035230352303523116,0
2023-10-31,1119.0,1124.0,1098.0,1110.0,383853849079,345834412,5557,1113.0,1123.0,34.13902324251866,-44.01087685807397,-21.754723196678327,1410.4238034869754,1079.7761965130244,1245.1,1256.92,0.040071237756010625,0
2023-11-01,1111.0,1123.0,1078.0,1106.0,455799738600,412081649,5162,1110.0,1101.0,32.1225400236916,-47.74301406225777,-26.952381369794217,1408.718819043529,1060.781180956471,1234.75,1255.48,0.055404178019981876,1
2023-11-04,1120.0,1143.0,1120.0,1129.0,409836657642,362883864,6576,1106.0,1130.0,37.37375607124082,-47.80958293662093,-31.123821683159562,1402.540080433312,1049.459919566688,1226.0,1254.18,0.046017699115044275,0
2023-11-05,1139.0,1150.0,1126.0,1133.0,478768281536,422426087,5768,1129.0,1131.0,37.553159796903024,-47.2371274058612,-34.346482827699894,1395.985970265339,1039.614029734661,1217.8,1253.0,0.06277630415561442,1
2023-11-06,1131.0,1150.0,1128.0,1141.0,399103286037,349736178,5146,1133.0,1146.0,40.31510749930504,-45.05372632158105,-36.48793152647613,1388.985260477672,1032.8147395223282,1210.9,1252.26,0.03664921465968596,0
2023-11-07,1146.0,1173.0,1140.0,1158.0,565779740075,488451840,7507,1141.0,1168.0,44.21236447361317,-41.07466591285356,-37.405278403751616,1379.666396772067,1029.7336032279331,1204.7,1252.0,0.02482876712328763,0
2023-11-08,1158.0,1169.0,1150.0,1158.0,363081092833,313436729,4868,1158.0,1162.0,43.38040629568143,-37.96771355943065,-37.51776543488742,1368.0088129310593,1027.5911870689406,1197.8,1252.18,0.015490533562822817,0
2023-11-11,1170.0,1184.0,1165.0,1177.0,451866332072,383915725,6554,1158.0,1182.0,46.96301989268323,-33.50536953826531,-36.715286255563,1358.4821634427076,1027.0178365572924,1192.75,1252.5,-0.0025380710659898,0
2023-11-12,1184.0,1209.0,1180.0,1193.0,603448780330,505791454,7365,1177.0,1202.0,50.346530224144566,-28.031961891616902,-34.97862138277378,1354.196703261697,1026.6032967383032,1190.4,1253.16,-0.024958402662229595,0
2023-11-13,1200.0,1213.0,1185.0,1200.0,646205702242,538392600,7156,1193.0,1188.0,48.03637242598524,-24.541036107016453,-32.891104327622315,1345.504039796299,1026.7959602037013,1186.15,1253.72,-0.011784511784511786,0
2023-11-14,1190.0,1199.0,1171.0,1186.0,386557903455,325831046,5243,1200.0,1197.0,49.636259163396055,-20.808361647776792,-30.474555791653213,1330.8834434553005,1030.7165565446994,1180.8,1253.66,-0.00835421888053467,0
2023-11-15,1188.0,1190.0,1172.0,1180.0,378187273032,320451905,4539,1186.0,1180.0,46.7107737733267,-19.002894631018762,-28.180223559526322,1317.000661838907,1033.6993381610928,1175.35,1252.68,0.003389830508474523,0
2023-11-18,1178.0,1190.0,1165.0,1172.0,361026383900,308062212,5246,1180.0,1179.0,46.53702040769751,-17.451569821524345,-26.03449281192593,1303.8374900483204,1036.8625099516794,1170.35,1250.58,-0.0016963528413910245,0
2023-11-19,1166.0,1180.0,1164.0,1172.0,331672629049,282977851,4004,1172.0,1172.0,45.2676543575067,-16.595670670820482,-24.14672838370484,1286.1750590445554,1042.7249409554447,1164.45,1248.26,0.019624573378839605,0
2023-11-20,1166.0,1187.0,1158.0,1172.0,397044976890,338651705,4823,1172.0,1174.0,45.72318677133012,-15.576425801513324,-22.432667867266538,1261.4024637358964,1054.3975362641038,1157.9,1245.98,0.009369676320272635,0
2023-11-21,1179.0,1197.0,1175.0,1184.0,355898232720,300700518,5981,1172.0,1187.0,48.71128638042466,-13.563325965998956,-20.65879948701302,1225.0737766535995,1077.4262233464005,1151.25,1243.82,-0.002527379949452402,0
2023-11-22,1195.0,1198.0,1175.0,1184.0,354256623832,299252848,4899,1184.0,1184.0,48.0538234605432,-12.070859417194242,-18.941211473049265,1228.3989247193838,1079.6010752806162,1154.0,1242.08,0.010979729729729826,0
2023-11-25,1190.0,1190.0,1172.0,1177.0,238786395463,202849744,4074,1184.0,1177.0,46.47749805358745,-11.322392925484564,-17.417447763536327,1224.1664528768542,1094.2335471231459,1159.2,1239.88,0.035683942225998244,0
2023-11-26,1178.0,1199.0,1173.0,1183.0,472169944570,399081457,5367,1177.0,1195.0,50.93459860207395,-9.171059999780482,-15.768170210785158,1223.6196050130072,1104.8803949869928,1164.25,1237.1,0.07698744769874466,1
2023-11-27,1192.0,1196.0,1176.0,1182.0,256734870839,217244392,3735,1183.0,1185.0,48.5173290194862,-8.178750043747186,-14.250286177377564,1221.950650548116,1114.349349451884,1168.15,1234.24,0.08438818565400852,1
2023-11-28,1188.0,1188.0,1178.0,1183.0,288268964734,243765298,3669,1182.0,1184.0,48.27062297713646,-7.387866174561623,-12.877802176814377,1221.1983999684037,1121.2016000315964,1171.2,1231.6,0.09543918918918926,1
2023-11-29,1185.0,1217.0,1185.0,1200.0,361893501505,301546463,5535,1183.0,1197.0,51.7084356792209,-5.646998571358608,-11.431641455723225,1215.4360241327704,1136.5639758672296,1176.0,1229.1,0.06766917293233088,1
2023-12-02,1198.0,1238.0,1198.0,1226.0,568316811447,463542772,7373,1200.0,1219.0,56.92553245953552,-2.463731946953203,-9.63805955396922,1218.1672374306554,1142.7327625693447,1180.45,1227.14,0.031173092698933536,0
2023-12-03,1219.0,1287.0,1205.0,1268.0,1348577668574,1063391074,11295,1226.0,1287.0,68.31845003095364,5.482858507460833,-6.613875941683211,1242.662774229958,1133.837225770042,1188.25,1226.38,-0.024087024087024123,0
2023-12-04,1319.0,1320.0,1278.0,1297.0,1132426851554,873366663,12140,1268.0,1285.0,67.75085888896754,11.486792812116164,-2.9937421909233364,1260.6418826089252,1129.7581173910748,1195.2,1225.54,-0.017120622568093435,0
2023-12-05,1281.0,1310.0,1267.0,1294.0,804225291928,621388941,7926,1297.0,1297.0,69.39387522861566,17.01709128086759,1.0084245034348491,1279.373291228565,1123.9267087714352,1201.65,1224.48,-0.029298380878951424,0
2023-12-06,1280.0,1298.0,1274.0,1282.0,663056088231,517107981,6279,1294.0,1278.0,63.847318838664066,19.640349724694033,4.7348095476866865,1289.6557783820597,1125.2442216179404,1207.45,1223.46,-0.019561815336463173,0
2023-12-09,1265.0,1279.0,1257.0,1268.0,611353492977,482013159,7087,1282.0,1257.0,58.300721973525356,19.796573864732636,7.747162411095877,1295.241894311113,1127.1581056888872,1211.2,1221.98,0.010342084327764622,0
2023-12-10,1260.0,1272.0,1246.0,1263.0,332935310704,263579751,5548,1268.0,1256.0,58.04214326216811,19.613597634110647,10.120449455698832,1300.0299018889507,1127.7700981110495,1213.9,1220.74,0.027070063694267565,0
2023-12-11,1251.0,1274.0,1251.0,1263.0,469501286431,371856640,5250,1263.0,1263.0,59.39961776036691,19.80512796471612,12.05738515750229,1305.4572320449759,1129.8427679550243,1217.65,1219.46,0.017418844022169422,0
2023-12-12,1254.0,1270.0,1253.0,1260.0,389545622967,309066138,4305,1263.0,1259.0,58.240074540879455,19.4103995574726,13.527988037496353,1309.7912825570263,1131.7087174429737,1220.75,1218.48,0.015885623510722757,0
2023-12-13,1253.0,1261.0,1251.0,1256.0,289499420756,230582694,3314,1260.0,1253.0,56.45967447111821,18.401305796156976,14.50265158922848,1312.4395365696582,1136.360463430342,1224.4,1217.38,0.022346368715083775,0
2023-12-16,1254.0,1280.0,1254.0,1263.0,324073309638,256606744,4642,1256.0,1270.0,60.17450665334359,18.75712913648067,15.35354709867892,1316.5387549825898,1141.3612450174103,1228.95,1216.68,0.0031496062992126816,0
2023-12-18,1272.0,1319.0,1271.0,1296.0,557862876662,430397151,9963,1263.0,1290.0,64.0595574833238,20.41759324486543,16.366356327916222,1322.195921481201,1147.504078518799,1234.85,1216.58,-0.012403100775193798,0
2023-12-19,1290.0,1301.0,1281.0,1292.0,361965617138,280119803,4550,1296.0,1285.0,62.42015688683721,21.08698713895751,17.310482490124482,1325.6558502356295,1155.1441497643707,1240.4,1216.6,-0.020233463035019494,0
2023-12-20,1285.0,1296.0,1277.0,1287.0,375257682563,291677219,4303,1292.0,1279.0,60.42185482274887,20.892501020209693,18.026886196141525,1328.1360330987716,1161.8639669012284,1245.0,1216.34,-0.005473025801407294,0
2023-12-23,1287.0,1293.0,1279.0,1284.0,345221066188,268790846,4485,1287.0,1281.0,60.871523511818246,20.661578835775344,18.553824724068292,1329.4270695577566,1170.2729304422433,1249.85,1215.96,-0.015612802498048417,0
2023-12-24,1276.0,1285.0,1269.0,1277.0,332773319388,260533663,4484,1284.0,1274.0,58.37179420790262,19.68679275012687,18.78041832928001,1327.45740511728,1181.9425948827202,1254.7,1215.78,-0.007064364207221341,0
2023-12-25,1270.0,1280.0,1265.0,1273.0,287961391443,226181303,3884,1277.0,1274.0,58.37179420790262,18.698720543420905,18.76407877210819,1326.4210114975422,1190.878988502458,1258.65,1216.28,-0.017268445839874413,0
2023-12-26,1262.0,1270.0,1242.0,1262.0,289092438056,229125545,3894,1273.0,1259.0,52.96623646709584,16.514917868156317,18.314246591317815,1321.1148704533578,1203.585129546642,1262.35,1216.0,-0.007942811755361379,0
2023-12-27,1246.0,1275.0,1246.0,1264.0,298511564790,236252047,4408,1262.0,1272.0,56.70804406417062,15.652794201004326,17.781956113255116,1313.2983619411027,1220.2016380588973,1266.75,1215.36,-0.010220125786163492,0
2023-12-30,1253.0,1280.0,1253.0,1268.0,366723868248,289306277,4578,1264.0,1261.0,52.87489873037917,13.921468886842604,17.009858667972615,1303.9998164370954,1235.9001835629047,1269.95,1214.8,-0.008723235527359208,0
2023-12-31,1269.0,1270.0,1259.0,1265.0,478994710359,378714441,4181,1268.0,1265.0,54.090156535965576,12.725456530882866,16.152978240554667,1297.2289911605708,1247.2710088394292,1272.25,1214.52,-0.016600790513834007,0
2024-01-01,1254.0,1265.0,1249.0,1254.0,347925856565,277471691,4714,1265.0,1252.0,49.61226829082194,10.606353328568048,15.043653258157343,1295.9990195772284,1245.0009804227716,1270.5,1213.76,-0.00878594249201281,0
2024-01-02,1247.0,1254.0,1241.0,1247.0,245953721929,197271588,3975,1254.0,1249.0,48.61212504923058,8.585900924149882,13.752102791355851,1294.9228907521633,1242.4771092478368,1268.7,1212.64,-0.005604483586869491,0
2024-01-03,1250.0,1260.0,1240.0,1247.0,355614169920,285207132,4008,1247.0,1259.0,52.07992501964903,7.702801166566815,12.542242466398044,1289.8616564756287,1243.7383435243712,1266.8,1211.42,-0.005559968228752932,0
2024-01-06,1250.0,1256.0,1235.0,1246.0,321027893810,257564974,4282,1247.0,1250.0,48.88268234003201,6.205183964283151,11.274830765975064,1288.9660773019168,1241.8339226980834,1265.4,1213.84,0.0040000000000000036,0
2024-01-07,1238.0,1255.0,1238.0,1245.0,225152849074,180847655,3580,1246.0,1244.0,46.81910029959524,4.482490327573487,9.91636267829475,1289.8726988876576,1239.6273011123424,1264.75,1217.26,0.015273311897106012,0
2024-01-08,1238.0,1250.0,1232.0,1241.0,235924122510,190034887,3704,1245.0,1241.0,45.778502319482286,2.8424028306917535,8.501570708774151,1290.9518088335444,1237.0481911664556,1264.0,1220.2,0.012892828364222453,0
2024-01-09,1241.0,1251.0,1239.0,1243.0,293192041508,235966337,3712,1241.0,1242.0,46.207686363212154,1.6048140188247544,7.122219370784273,1291.5610118555765,1234.3389881444236,1262.95,1222.9,0.008856682769726287,0
2024-01-10,1248.0,1256.0,1246.0,1251.0,243505926647,194690874,3871,1243.0,1252.0,50.43291415707035,1.4146254737001982,5.980700591367458,1291.5648062206521,1233.6351937793477,1262.6,1225.48,-0.0015974440894568342,0
2024-01-13,1240.0,1264.0,1240.0,1255.0,343405649330,273526698,5187,1251.0,1255.0,51.65963506351909,1.488812505597707,5.082322974213508,1291.545103560222,1233.854896439778,1262.7,1228.56,-0.04302788844621519,0
2024-01-14,1260.0,1281.0,1245.0,1263.0,635112630762,502700527,10138,1255.0,1263.0,54.8673559563288,2.16814636243339,4.499487651857485,1291.001526999445,1233.6984730005547,1262.35,1231.22,-0.049881235154394354,0
2024-01-15,1258.0,1268.0,1249.0,1261.0,315629365985,250289035,3891,1263.0,1257.0,52.07627455431582,2.1970472888724544,4.038999579260479,1286.4456792374942,1234.9543207625059,1260.7,1233.74,-0.05330151153540175,0
2024-01-16,1260.0,1261.0,1250.0,1255.0,252972737726,201495986,3613,1261.0,1253.0,50.24137044908106,1.8755645698277021,3.6063125773739237,1282.4743448977706,1235.7256551022292,1259.1,1235.88,-0.04868316041500398,0
2024-01-17,1253.0,1258.0,1244.0,1251.0,290971242998,232557689,3828,1255.0,1250.0,48.85111722295938,1.363000450122172,3.1576501519235736,1279.4516054317096,1235.8483945682906,1257.65,1237.52,-0.04800000000000004,0
2024-01-20,1248.0,1255.0,1189.0,1210.0,1356938710326,1121182323,13207,1251.0,1201.0,32.85800129368096,-2.962945802639979,1.9335309610108633,1284.3763730270912,1222.923626972909,1253.65,1238.3,-0.016652789342214813,0
2024-01-21,1197.0,1210.0,1184.0,1196.0,382602088951,319868608,5642,1210.0,1200.0,32.62326802178265,-6.3982262479364636,0.26717951922139793,1287.1278159579065,1212.7721840420936,1249.95,1238.66,-0.02083333333333337,0
2024-01-22,1200.0,1210.0,1178.0,1191.0,279754166105,234895372,5045,1196.0,1190.0,30.292727933733005,-9.814491824758989,-1.7491547495746793,1289.5078564305884,1201.9921435694116,1245.75,1238.42,-0.009243697478991564,0
2024-01-23,1187.0,1193.0,1166.0,1180.0,451407719841,382664154,5761,1191.0,1192.0,31.349035608122364,-12.219662953896204,-3.8432563904389845,1291.5178175349843,1193.282182465016,1242.4,1238.5,-0.043624161073825496,0
2024-01-24,1181.0,1205.0,1181.0,1189.0,139624677553,117422310,2810,1180.0,1190.0,30.84566121908388,-14.12434502995643,-5.899474118342474,1290.4463325594427,1186.1536674405572,1238.3,1238.36,-0.021848739495798353,0
2024-01-27,1192.0,1202.0,1176.0,1186.0,641792153261,541302892,7358,1189.0,1181.0,28.618693456295134,-16.1736048327964,-7.95430026123326,1290.9466239011647,1177.6533760988352,1234.3,1238.38,-0.02709568162574094,0
2024-01-28,1181.0,1187.0,1169.0,1177.0,994166665314,844638439,10338,1186.0,1175.0,27.20837905833892,-18.073468156015224,-9.978133840189653,1290.1542873323845,1169.4457126676155,1229.8,1238.3,-0.03829787234042559,0
2024-01-29,1170.0,1179.0,1161.0,1166.0,507513599808,435347529,6563,1177.0,1179.0,29.695753232194875,-19.03691129351091,-11.789889330853905,1289.450157972947,1162.8498420270532,1226.15,1238.44,-0.03223070398642913,0
2024-01-30,1173.0,1173.0,1139.0,1151.0,535230494938,465157104,8082,1166.0,1140.0,21.854441205773114,-22.685911913560176,-13.969093847395158,1293.2812647960893,1148.1187352039108,1220.7,1237.76,-0.0052631578947368585,0
2024-01-31,1141.0,1169.0,1134.0,1149.0,401182689484,349124729,6361,1151.0,1164.0,33.49285999936335,-23.37175670803117,-15.84962641952236,1290.296418874079,1141.603581125921,1215.95,1237.3,-0.004295532646048095,0
2024-02-03,1160.0,1164.0,1148.0,1153.0,338721659488,293891761,5377,1149.0,1149.0,30.44132770332162,-24.83933588651371,-17.647568312920633,1288.9381957723272,1132.861804227673,1210.9,1236.6,-0.007832898172323799,0
2024-02-04,1157.0,1157.0,1130.0,1138.0,385605804939,338860258,5991,1153.0,1130.0,27.076207406647242,-27.221748794025643,-19.562404409141635,1289.16332532362,1121.23667467638,1205.2,1235.66,0.0008849557522123686,0
2024-02-05,1140.0,1154.0,1136.0,1141.0,224946039521,197163493,3821,1138.0,1141.0,31.778220302717244,-27.900599376332366,-21.23004340257978,1286.9054784855032,1113.494521514497,1200.2,1234.58,0.0017528483786153348,0
2024-02-06,1144.0,1150.0,1134.0,1140.0,311035056070,272930847,3846,1141.0,1134.0,30.433427211032807,-28.672911378124354,-22.718616997688695,1283.8406648638702,1105.7593351361297,1194.8,1233.56,0.007936507936507908,0
2024-02-07,1136.0,1160.0,1132.0,1141.0,319549602072,280039386,4325,1140.0,1159.0,40.17126180804149,-26.9569403096923,-23.566281660089416,1276.4269378188637,1103.8730621811364,1190.15,1233.06,-0.046591889559965516,0
2024-02-10,1152.0,1155.0,1137.0,1140.0,387840072946,340103345,5008,1141.0,1140.0,36.042029653658986,-26.820986449129123,-24.21722261789736,1267.9066464384728,1100.8933535615274,1184.4,1231.92,-0.02017543859649118,0
2024-02-12,1136.0,1142.0,1130.0,1134.0,258156412798,227609706,4327,1140.0,1131.0,34.246299523205366,-27.1267663424303,-24.799131362803948,1256.1188355339893,1099.4811644660106,1177.8,1230.16,-0.0017683465959328348,0
2024-02-13,1150.0,1157.0,1135.0,1143.0,795032850722,695291851,7163,1134.0,1143.0,38.63632094883644,-26.099935588265225,-25.059292207896203,1242.7509730959175,1101.4490269040823,1172.1,1227.28,-0.008748906386701671,0
2024-02-14,1144.0,1144.0,1128.0,1133.0,276691285802,244294543,4522,1143.0,1143.0,38.63632094883644,-24.998003395249953,-25.047034445366954,1227.6815847813402,1105.5184152186596,1166.6,1224.44,-0.011373578302712128,0
2024-02-17,1130.0,1138.0,1103.0,1112.0,281449202546,253077816,6000,1133.0,1105.0,31.02823753291044,-26.881127706759344,-25.413853097645433,1213.094860213792,1105.605139786208,1159.35,1220.6,0.007239819004524861,0
2024-02-18,1102.0,1124.0,1102.0,1117.0,224852920352,201363920,4196,1112.0,1117.0,35.35718292773794,-27.092907407152325,-25.74966395954681,1208.3450185581326,1101.9549814418676,1155.15,1217.38,-0.026857654431513,0
2024-02-19,1111.0,1135.0,1111.0,1126.0,215811957819,191651872,5972,1117.0,1129.0,39.449887719805155,-25.992815635014267,-25.798294294640304,1201.7374111756885,1101.4625888243113,1151.6,1214.82,-0.03631532329495124,0
2024-02-20,1135.0,1137.0,1115.0,1125.0,307419697880,273156790,4539,1126.0,1133.0,40.79546470689352,-24.515617629663666,-25.54175896164498,1196.2426310010308,1101.2573689989692,1148.75,1212.36,-0.04324801412180057,0
2024-02-21,1124.0,1134.0,1118.0,1124.0,288576550811,256681376,4000,1125.0,1130.0,40.07613926364966,-23.318204746501124,-25.097048118616208,1189.391399147719,1101.908600852281,1145.65,1209.7,0.011504424778761013,0
2024-02-24,1121.0,1127.0,1108.0,1115.0,289600429256,259666777,5966,1124.0,1113.0,36.18275297880466,-23.470451578820985,-24.771728810657162,1182.7125897420349,1100.887410257965,1141.8,1206.78,0.02875112309074579,0
2024-02-26,1114.0,1118.0,1080.0,1089.0,475431262425,436714750,8224,1115.0,1087.0,31.191723847370724,-25.396337825466844,-24.8966506136191,1180.4446651780825,1093.7553348219174,1137.1,1203.46,0.03863845446182146,0
2024-02-27,1080.0,1099.0,1078.0,1086.0,378683872191,348588692,6584,1089.0,1088.0,31.58262436393153,-26.536034026394873,-25.22452729617426,1177.4484339703315,1088.0515660296685,1132.75,1199.82,0.07077205882352944,1
2024-02-28,1092.0,1113.0,1079.0,1096.0,754778673482,688808815,9195,1086.0,1084.0,30.828195415251884,-27.445641773259922,-25.668750191591393,1172.2176435306098,1083.7823564693902,1128.0,1195.7,0.06642066420664205,1
2024-03-02,1082.0,1152.0,1077.0,1110.0,1519442915529,1368793733,15231,1096.0,1143.0,49.85527349442804,-23.138973862419107,-25.162794925756938,1172.5494369266107,1083.7505630733895,1128.15,1192.86,0.004374453193350725,0
2024-03-03,1160.0,1178.0,1138.0,1158.0,935986592822,808353952,11824,1110.0,1145.0,50.35380388747802,-19.341567677430703,-23.998549476091693,1169.2409324278146,1085.1590675721854,1127.2,1190.18,-0.0017467248908297206,0
2024-03-04,1165.0,1165.0,1128.0,1144.0,414536231760,362482035,6550,1158.0,1129.0,46.38113460644133,-17.422328442155504,-22.683305269304455,1167.0538859767353,1085.3461140232648,1126.2,1187.14,0.010628875110717528,0
2024-03-05,1126.0,1183.0,1126.0,1166.0,669253865616,573900529,7837,1144.0,1165.0,54.98634690404648,-12.848311053354337,-20.716306426114432,1172.1652688491213,1083.7347311508788,1127.95,1184.96,-0.009442060085836923,0
2024-03-06,1156.0,1170.0,1146.0,1155.0,368363461067,318906212,5276,1166.0,1156.0,52.70887811523969,-9.836208414796374,-18.540286823850824,1174.2635819421616,1083.1364180578385,1128.7,1182.6,-0.0008650519031141446,0
2024-03-09,1163.0,1164.0,1144.0,1150.0,383946535410,333902317,4986,1155.0,1148.0,50.69873557125027,-8.00238203513095,-16.43270586610685,1175.692115952936,1083.107884047064,1129.4,1180.38,0.0,0
2024-03-10,1140.0,1153.0,1138.0,1145.0,348434116801,304306097,4317,1150.0,1143.0,49.42992230346856,-6.873288637556925,-14.520822420396867,1173.3455025605933,1083.8544974394065,1128.6,1177.8,0.014873140857392775,0
2024-03-11,1140.0,1158.0,1135.0,1149.0,378280145660,329228436,5097,1145.0,1141.0,48.90271882987598,-6.069887387177914,-12.830635413753077,1173.448549076952,1083.851450923048,1128.65,1175.4,0.04995617879053471,0
2024-03-12,1142.0,1180.0,1142.0,1163.0,434437349935,373525062,6211,1149.0,1154.0,52.45259492955671,-4.334232420217859,-11.131354815046034,1175.941521424852,1083.658478575148,1129.8,1173.18,0.0823223570190641,1
2024-03-13,1150.0,1175.0,1145.0,1154.0,356732213576,309102197,5052,1163.0,1155.0,52.72467159005234,-2.8452237433093615,-9.4741286006987,1177.5143290241947,1083.2856709758055,1130.4,1171.24,0.06320346320346326,1
2024-03-16,1155.0,1173.0,1143.0,1158.0,439929309794,379972787,6431,1154.0,1148.0,50.544353598370044,-2.204601859767763,-8.020223252512512,1178.0811079292912,1083.218892070709,1130.65,1169.22,0.060975609756097615,1
2024-03-17,1157.0,1171.0,1154.0,1162.0,276413427471,237977314,4901,1158.0,1160.0,54.05218497692572,-0.7203015024656452,-6.560238902503139,1180.9411400725737,1085.8588599274265,1133.4,1167.24,0.042241379310344884,0
2024-03-18,1164.0,1213.0,1161.0,1187.0,654296511218,551069595,8600,1162.0,1198.0,63.00156938057644,3.482159478354788,-4.551759226331554,1191.9971355746575,1082.9028644253426,1137.45,1166.2,0.013355592654423987,0
2024-03-24,1217.0,1260.0,1193.0,1218.0,568720344802,466754863,10846,1187.0,1249.0,71.1291185426193,10.80337922710737,-1.4807315356437694,1216.2908539172904,1070.6091460827097,1143.45,1166.3,-0.044035228182546016,0
2024-03-25,1265.0,1265.0,1209.0,1228.0,473656935960,385828913,9053,1218.0,1228.0,64.8153590356415,14.741048497758356,1.763624471036656,1229.584519408792,1066.8154805912081,1148.2,1166.04,-0.030944625407166138,0
2024-03-26,1228.0,1235.0,1207.0,1215.0,241026631135,198327417,4150,1228.0,1218.0,61.99339535207619,16.86040706025983,4.782980988881292,1238.9374773745446,1066.2625226254552,1152.6,1165.56,-0.049261083743842415,0
2024-03-27,1218.0,1228.0,1207.0,1213.0,233989062627,192845972,3760,1215.0,1209.0,59.483269405211146,17.610783061532857,7.348541403411605,1245.0616221581602,1069.73837784184,1157.4,1164.7,-0.037220843672456594,0
2024-03-30,1210.0,1220.0,1200.0,1207.0,256979636767,212850242,4128,1213.0,1214.0,60.44156904635991,18.396852201430193,9.558203563015324,1248.4420893555002,1079.0579106444998,1163.75,1163.88,-0.0329489291598023,0
2024-04-02,1157.0,1209.0,1157.0,1188.0,510359096459,429526165,7455,1207.0,1194.0,54.852867211504204,17.207626003897758,11.08808805119181,1247.1255403401092,1090.9744596598907,1169.05,1162.5,-0.019262981574539317,0
2024-04-03,1183.0,1198.0,1175.0,1185.0,306904759268,258995056,4497,1188.0,1190.0,53.781779451258345,15.760709455929145,12.022612332139278,1242.3537498921935,1106.3462501078063,1174.35,1161.16,-0.07563025210084029,0
2024-04-06,1181.0,1191.0,1150.0,1166.0,541480050927,464353573,7887,1185.0,1158.0,46.037025132041045,11.894769602609585,11.997043786233341,1242.0265268738788,1108.173473126121,1175.1,1159.26,-0.03972366148531947,0
2024-04-07,1162.0,1172.0,1153.0,1164.0,277669463541,238502222,4370,1166.0,1164.0,47.561801651509384,9.208978895848077,11.439430808156288,1241.7690231165986,1110.3309768834013,1176.05,1157.54,-0.029209621993127155,0
2024-04-08,1165.0,1186.0,1158.0,1170.0,453493540822,387614380,6762,1164.0,1174.0,50.092883688385456,7.797502086894156,10.711045063903862,1240.403462056475,1116.1965379435248,1178.3,1157.0,-0.04599659284497448,0
2024-04-09,1159.0,1181.0,1150.0,1171.0,244937769870,209159617,3926,1170.0,1171.0,49.32371747464721,6.363467526182376,9.841529556359566,1240.5012116149596,1116.6987883850402,1178.6,1156.42,-0.040990606319385114,0
2024-04-13,1172.0,1172.0,1098.0,1123.0,673878229257,600170612,10008,1171.0,1100.0,35.45024483063172,-0.49639963706704293,7.7739437176742445,1246.0412983891956,1105.5587016108043,1175.8,1154.62,0.09545454545454546,1
2024-04-14,1112.0,1112.0,1112.0,1119.0,38876092680,34960515,799,1123.0,1112.0,38.59399347971826,-4.908017504147665,5.237551473309863,1248.7020749336994,1099.2979250663006,1174.0,1153.02,0.06205035971223016,1
2024-04-15,1111.0,1130.0,1108.0,1127.0,295122890829,261850236,3518,1119.0,1130.0,43.07267265717682,-6.872584009648108,2.8155243767182694,1249.3349327130059,1097.365067286994,1173.35,1151.82,0.04159292035398221,0
2024-04-16,1116.0,1129.0,1116.0,1117.0,399912560351,357968506,4780,1127.0,1120.0,41.27171384270749,-9.131175043762141,0.4261844926221874,1250.5894628886929,1094.010537111307,1172.3,1150.6,0.047321428571428514,0
2024-04-17,1128.0,1128.0,1114.0,1127.0,237072319823,210391039,3270,1117.0,1123.0,42.05447239312259,-10.55735120959207,-1.7705226478206644,1251.6125376759846,1089.8874623240154,1170.75,1149.56,0.03918076580587715,0
2024-04-20,1140.0,1205.0,1140.0,1195.0,807994352357,675997487,8891,1127.0,1205.0,58.3825009815547,-5.013103462483286,-2.419038810753189,1255.0958917686162,1091.4041082313838,1173.25,1150.08,-0.040663900414937726,0
2024-04-21,1225.0,1225.0,1179.0,1196.0,404432972826,338117809,6499,1195.0,1181.0,53.620124535897574,-2.5267201453755206,-2.4405750776776554,1255.9700931256407,1093.8299068743595,1174.9,1150.9,-0.041490262489415786,0
2024-04-22,1177.0,1191.0,1171.0,1184.0,224973839255,190033495,3776,1196.0,1177.0,52.846393858424165,-0.8689928155004054,-2.1262586252422055,1256.5333522416595,1094.9666477583405,1175.75,1151.16,-0.03398470688190314,0
2024-04-23,1177.0,1183.0,1163.0,1171.0,337515563602,288227648,3879,1184.0,1173.0,52.03773551655293,0.12061113600270801,-1.6768846729932227,1254.6386298822235,1094.3613701177765,1174.5,1151.64,-0.04092071611253201,0
2024-04-24,1160.0,1177.0,1160.0,1171.0,295220512279,252147371,4075,1171.0,1167.0,50.78245906054401,0.4159349027247572,-1.258320757849627,1242.8993793035502,1097.90062069645,1170.4,1152.38,-0.041131105398457546,0
2024-04-27,1166.0,1178.0,1156.0,1161.0,248318346230,213969597,3593,1171.0,1156.0,48.47382853251858,-0.23491895414804276,-1.05364039710931,1234.4922447507838,1099.107755249216,1166.8,1152.68,-0.03287197231833905,0
2024-04-28,1155.0,1160.0,1131.0,1139.0,236433675236,207601005,4362,1161.0,1132.0,43.795668182278526,-2.6566999650410708,-1.3742523106956623,1227.50923010927,1097.49076989073,1162.5,1152.64,-0.02031802120141346,0
2024-04-29,1132.0,1150.0,1129.0,1137.0,402482233197,354007495,6041,1139.0,1137.0,44.98684915358881,-4.124970558019413,-1.9243959601604126,1221.1250753265917,1096.6749246734084,1158.9,1152.2,-0.025505716798592815,0
2024-04-30,1136.0,1139.0,1120.0,1128.0,295089031605,261565893,4985,1137.0,1125.0,42.65054965608052,-6.185581756984902,-2.776633119525311,1212.8913381041195,1096.0086618958806,1154.45,1151.9,-0.019555555555555548,0
2024-05-01,1135.0,1135.0,1116.0,1123.0,622199682290,554149966,7188,1128.0,1119.0,41.490318832982545,-8.208162248972485,-3.862938945414746,1208.1250816229285,1093.2749183770716,1150.7,1151.66,-0.01966041108132266,0
2024-05-05,1122.0,1132.0,1115.0,1120.0,507654488060,453229848,5896,1123.0,1118.0,41.28872156823903,-9.779036853817843,-5.046158527095366,1203.2316310060557,1090.968368993944,1147.1,1151.16,-0.03130590339892669,0
2024-05-06,1119.0,1125.0,1108.0,1111.0,281385830916,253281650,4609,1120.0,1109.0,39.43172609782568,-11.616285768111766,-6.360183975298646,1202.9021244196297,1086.3978755803705,1144.65,1150.48,-0.026149684400360695,0
2024-05-07,1109.0,1125.0,1104.0,1108.0,220449348658,198883598,3948,1111.0,1108.0,39.22065129915097,-13.003118555457831,-7.688770891330484,1201.479774436937,1082.2202255630627,1141.85,1150.54,-0.032490974729241895,0
2024-05-08,1108.0,1112.0,1100.0,1104.0,182912750576,165679266,3707,1108.0,1103.0,38.12184978623451,-14.340345171692206,-9.01908574740283,1198.3036665496368,1078.2963334503631,1138.3,1150.26,-0.01994560290117864,0
2024-05-11,1104.0,1109.0,1090.0,1099.0,249290465085,226923733,4580,1104.0,1097.0,36.78986705226045,-15.703239584164294,-10.355916514755123,1195.2049502879095,1073.9950497120903,1134.6,1149.62,-0.028258887876025485,0
2024-05-12,1101.0,1105.0,1075.0,1090.0,259702612260,238315968,4707,1099.0,1083.0,33.82048594126846,-17.708889171324472,-11.826511046068994,1196.7035543031527,1070.7964456968473,1133.75,1148.62,-0.046168051708217916,0
2024-05-13,1093.0,1093.0,1060.0,1069.0,319420110444,298819071,5869,1090.0,1080.0,33.202069845842175,-19.317772589511605,-13.324763354757517,1198.754128996632,1065.5458710033681,1132.15,1147.62,-0.050000000000000044,0
2024-05-14,1070.0,1087.0,1069.0,1076.0,212539115400,197511546,3970,1069.0,1072.0,31.5455651584803,-20.996324867697922,-14.859075657345599,1200.8401529499693,1057.6598470500307,1129.25,1146.8,-0.04477611940298509,0
2024-05-15,1076.0,1090.0,1061.0,1075.0,176989203622,164594901,3989,1076.0,1081.0,35.44748110347135,-21.354206853539836,-16.158101896584448,1201.8549461766286,1052.7450538233713,1127.3,1146.68,-0.08418131359851988,0
2024-05-18,1090.0,1095.0,1065.0,1076.0,160806010726,149389977,3158,1075.0,1066.0,32.157509428234135,-22.587827134714644,-17.444046944210488,1203.6572597644938,1045.2427402355063,1124.45,1146.24,-0.07410881801125702,0
2024-05-19,1075.0,1076.0,1006.0,1026.0,301085822700,293389848,6524,1076.0,1033.0,26.36089629946474,-25.929406248059877,-19.141118804980366,1195.5551441213172,1036.1448558786826,1115.85,1145.22,-0.037754114230396874,0
2024-05-21,1024.0,1036.0,1019.0,1027.0,148379057284,144523458,3231,1026.0,1026.0,25.31834828887945,-28.81036531124414,-21.074968106233122,1191.035878842633,1025.1641211573667,1108.1,1142.88,-0.012670565302144277,0
2024-05-25,1023.0,1027.0,1007.0,1010.0,652872938379,646289683,7494,1027.0,1024.0,25.013955123688348,-30.898747878567974,-23.039724060700095,1184.767198716513,1016.1328012834872,1100.45,1140.46,-0.00390625,0
2024-05-26,1006.0,1007.0,990.0,991.0,367267707390,370742431,4951,1010.0,990.0,20.501449984688136,-34.89507327600336,-25.410793903760748,1181.6417954182884,1000.9582045817114,1091.3,1137.68,0.03737373737373728,0
2024-05-27,972.0,989.0,972.0,975.0,324839017398,333256381,5859,991.0,987.0,20.155936230945315,-37.867749034381404,-27.902184929884882,1176.466023593438,988.133976406562,1082.3,1134.12,0.024316109422492405,0
2024-05-28,993.0,994.0,992.0,994.0,157851720233,158817584,2010,975.0,994.0,23.399868269251684,-39.20682264525453,-30.163112472958815,1169.4776993813343,978.9223006186658,1074.2,1130.88,0.010060362173038184,0
2024-05-29,1013.0,1013.0,1001.0,1013.0,181207771351,178891995,1852,994.0,1013.0,31.531206622049098,-38.29348347832888,-31.789186674032827,1163.2086752192758,973.2913247807242,1068.25,1128.18,0.006910167818361401,0
2024-06-01,1033.0,1033.0,1009.0,1022.0,312759056214,306033269,4930,1013.0,1020.0,34.29838822976866,-36.583106826426274,-32.747970704511516,1154.0545688953907,970.7454311046095,1062.4,1125.72,0.0117647058823529,0
2024-06-02,1020.0,1034.0,1002.0,1018.0,363726325065,357273147,4463,1022.0,1027.0,37.03872044925499,-34.26776207833791,-33.051928979276795,1145.6555443486109,969.3444556513891,1057.5,1123.44,0.00778967867575453,0
2024-06-05,1024.0,1033.0,1004.0,1015.0,197927019917,195062247,3287,1018.0,1011.0,33.590102038149965,-33.33958300700556,-33.10945978482255,1137.7198575063044,966.4801424936954,1052.1,1120.58,0.034619188921859445,0
2024-06-08,1011.0,1011.0,995.0,1001.0,146239435036,146050619,2579,1015.0,1004.0,32.17848310156195,-32.790843472406095,-33.04573652233926,1128.8315473553657,963.9684526446345,1046.4,1117.56,0.016932270916334646,0
2024-06-09,999.0,1020.0,998.0,1012.0,160071662176,158166663,2941,1001.0,1020.0,38.536611288008615,-30.7108812333621,-32.578765464543835,1119.8691247345598,964.0308752654403,1041.95,1115.0,-0.00588235294117645,0
2024-06-10,1032.0,1032.0,1032.0,1027.0,94294658376,91370793,874,1012.0,1032.0,42.862996520782325,-27.77403467874501,-31.61781930738407,1109.9894738246312,966.3105261753689,1038.15,1112.44,-0.022286821705426396,0
2024-06-11,1045.0,1047.0,1031.0,1043.0,344426809960,330148189,4284,1027.0,1035.0,43.92566430794718,-24.917257068389972,-30.27770685958525,1100.1376899683714,969.3623100316286,1034.75,1109.18,-0.004830917874396157,0
2024-06-12,1026.0,1051.0,1026.0,1041.0,208369612749,200223347,4865,1043.0,1046.0,47.76205026507846,-21.517590768899254,-28.525683641448055,1091.3594455636617,973.0405544363384,1032.2,1105.12,-0.010516252390057379,0
2024-06-15,1027.0,1033.0,1021.0,1022.0,206724135798,202305595,2870,1041.0,1021.0,40.911363424769675,-20.60312183603446,-26.94117128036534,1083.6010091594626,974.5989908405372,1029.1,1100.98,0.014691478942213454,0
2024-06-16,1003.0,1019.0,1002.0,1008.0,261418447887,259234806,3532,1022.0,1014.0,39.215272591267876,-20.210268719561782,-25.59499076820463,1075.3402866301742,976.2597133698256,1025.8,1096.9,0.04043392504930976,0
2024-06-18,1018.0,1028.0,1003.0,1013.0,219677382689,216961456,3786,1008.0,1009.0,38.003326196965226,-20.071021762558075,-24.490196967075324,1067.8618347272018,977.4381652727981,1022.65,1092.9,0.06541129831516357,1
2024-06-19,1011.0,1033.0,1008.0,1029.0,343415169079,333683681,4054,1013.0,1030.0,45.60671862126585,-18.057981875873566,-23.203753948834972,1056.814574754446,983.385425245554,1020.1,1089.22,0.04757281553398052,0
2024-06-22,1041.0,1042.0,1027.0,1035.0,260912066719,252204019,3511,1029.0,1035.0,47.26505603111166,-15.87616450737869,-21.738236060543716,1049.5562896748354,987.5437103251646,1018.55,1086.04,0.033816425120772875,0
2024-06-23,1039.0,1042.0,1026.0,1035.0,304396793212,294107694,3550,1035.0,1036.0,47.6090875871116,-13.906066403772911,-20.171802129189555,1050.011978528988,987.388021471012,1018.7,1082.96,0.037644787644787625,0
2024-06-24,1040.0,1055.0,1040.0,1054.0,148180183169,140602210,1697,1035.0,1055.0,53.77898011527149,-10.688399041645653,-18.275121511680776,1055.1487142535238,985.1512857464762,1020.15,1080.9,0.05213270142180093,1
2024-06-26,1075.0,1075.0,1075.0,1074.0,121674499575,113185581,1184,1054.0,1075.0,59.22275984674516,-6.4501878714131635,-15.910134783627253,1065.0985848749674,980.3014151250327,1022.7,1079.12,0.042790697674418565,0
2024-06-29,1091.0,1111.0,1067.0,1090.0,394103870568,361640557,4471,1074.0,1079.0,60.23158064885242,-2.737057320702206,-13.275519291042245,1073.3940266347972,980.905973365203,1027.15,1077.22,0.0936051899907322,1
2024-06-30,1085.0,1110.0,1052.0,1071.0,796310562944,743189180,7529,1090.0,1070.0,56.82511713909076,-0.5146666348664439,-10.723348759807086,1077.2830403453256,985.3169596546743,1031.3,1075.2,0.13177570093457946,1
2024-07-01,1078.0,1092.0,1061.0,1073.0,285445350136,266120435,3538,1071.0,1075.0,58.23821019456615,1.6312481946044954,-8.252429368924771,1081.7451506021896,988.9548493978103,1035.35,1074.7,0.13302325581395347,1
2024-07-02,1075.0,1125.0,1075.0,1103.0,284087490786,257460286,3630,1073.0,1110.0,66.50294532300494,6.085953565903765,-5.384752781959064,1095.6350069847554,984.7649930152447,1040.2,1074.66,0.06756756756756754,1
2024-07-03,1108.0,1130.0,1100.0,1114.0,1092014263455,979836567,7394,1103.0,1121.0,68.60579691705463,10.384244628136457,-2.23095329993996,1110.019977608456,980.480022391544,1045.25,1074.48,0.06779661016949157,1
2024-07-06,1180.0,1180.0,1180.0,1180.0,197376950360,167268602,1669,1114.0,1180.0,76.96033117104787,18.340065322157898,1.8832504244796118,1139.6522910325712,966.1477089674289,1052.9,1075.68,0.0,0
2024-07-07,1248.0,1248.0,1188.0,1218.0,1299155020710,1067027042,10954,1180.0,1211.0,79.97560374199607,26.83718905311889,6.874038150207468,1171.4078798954251,954.3921201045752,1062.9,1077.44,-0.017341040462427793,0
2024-07-08,1213.0,1228.0,1187.0,1202.0,762568578651,634204477,7714,1218.0,1218.0,80.59322845868975,33.74704737164234,12.248639994494443,1197.8310750150702,949.3689249849297,1073.6,1077.7,-0.022167487684729092,0
2024-07-09,1201.0,1210.0,1184.0,1193.0,428684006738,359295876,4394,1202.0,1185.0,69.68172242153159,36.14369366254641,17.027650728104838,1212.49650779642,951.2034922035798,1081.85,1077.78,-0.025316455696202556,0
2024-07-10,1190.0,1200.0,1170.0,1184.0,700721192565,591654629,5673,1193.0,1197.0,71.20825514508391,38.56677900541945,21.335476383567762,1227.7632122224381,952.4367877775616,1090.1,1078.18,-0.06098579782790314,0
2024-07-13,1184.0,1190.0,1171.0,1179.0,230995507782,195960181,2741,1184.0,1180.0,66.12850168176416,38.66957488367689,24.80229608358959,1237.8850845853094,956.8149154146903,1097.35,1078.32,-0.041525423728813515,0
2024-07-14,1188.0,1205.0,1184.0,1190.0,330343484311,277566930,3604,1179.0,1190.0,67.5929935627641,39.10715484660068,27.66326783619181,1248.536770223518,960.563229776482,1104.55,1078.78,-0.04705882352941182,0
2024-07-17,1190.0,1200.0,1185.0,1191.0,201992970535,169650278,2703,1190.0,1191.0,67.74318966559639,39.08409464835995,29.94743319862544,1256.3740733421996,969.7259266578004,1113.05,1079.48,-0.057934508816120944,0
2024-07-20,1170.0,1187.0,1154.0,1167.0,851023968259,729160611,7177,1191.0,1155.0,57.424910779848496,35.74882988166587,31.107712535233528,1256.9676733176984,983.2323266823015,1120.1,1079.94,-0.02857142857142858,0
2024-07-21,1153.0,1154.0,1119.0,1133.0,569574806802,502711111,5693,1167.0,1124.0,50.31759843411466,30.25540215982096,30.937250460151017,1252.8732655831216,998.8267344168784,1125.85,1079.68,-0.01868327402135228,0
2024-07-22,1136.0,1147.0,1126.0,1131.0,350994020567,310268404,4693,1133.0,1131.0,51.76921018816283,26.165048222081396,29.982810012537094,1250.066941722108,1011.7330582778923,1130.9,1079.8,-0.014146772767462457,0
2024-07-23,1143.0,1164.0,1128.0,1135.0,196204697848,172930310,2888,1131.0,1134.0,52.4109556076206,22.90149401761778,28.56654681355323,1246.5988600365722,1025.1011399634276,1135.85,1080.1,-0.04673721340388004,0
2024-07-24,1140.0,1141.0,1121.0,1129.0,254747157728,225711061,5166,1135.0,1122.0,49.569767672554846,19.12632768628464,26.678502988099513,1241.3216857594075,1038.9783142405927,1140.15,1080.18,-0.08377896613190727,0
2024-07-27,1134.0,1134.0,1118.0,1124.0,280409274755,249484314,3580,1129.0,1122.0,49.56976767255485,15.950612438815142,24.53292487824264,1237.3434867180472,1049.6565132819528,1143.5,1080.44,-0.06862745098039214,0
2024-07-29,1129.0,1129.0,1095.0,1106.0,284163054023,256921818,4030,1124.0,1103.0,45.082071291817826,11.765073570412596,21.97935461667663,1235.3895574052626,1054.4104425947376,1144.9,1080.34,-0.05893019038984593,0
2024-07-30,1107.0,1118.0,1098.0,1108.0,274869902827,247995678,3500,1106.0,1115.0,48.26760010561086,9.30899527100405,19.445282747542112,1233.2195931532292,1060.180406846771,1146.7,1080.58,-0.06547085201793723,0
2024-07-31,1089.0,1108.0,1060.0,1076.0,431224285033,400808347,5134,1108.0,1081.0,41.009340063326455,4.566381272652507,16.469502452564193,1231.9326428461009,1062.5673571538991,1147.25,1080.26,-0.03052728954671602,0
2024-08-03,1066.0,1066.0,1016.0,1038.0,620855616210,598265869,7324,1076.0,1028.0,32.74355234112494,-3.429300706371123,12.48974182077713,1239.4999999968304,1050.3000000031698,1144.9,1079.16,0.02529182879377423,0
2024-08-04,1041.0,1048.0,1030.0,1038.0,256877290557,247406177,4057,1038.0,1045.0,37.12141339239945,-8.298518203254162,8.332089815970873,1244.8939344436287,1038.4060655563715,1141.65,1078.46,-0.003827751196172291,0
2024-08-05,1045.0,1045.0,1028.0,1034.0,362346295801,350406605,4399,1038.0,1038.0,36.07998783181646,-12.577266746929126,4.150218503390873,1249.9891105814258,1025.0108894185742,1137.5,1077.78,0.011560693641618602,0
2024-08-06,1039.0,1044.0,1032.0,1038.0,293162160790,282314349,3864,1034.0,1042.0,37.164797096712036,-15.46714362021362,0.22674607866997443,1248.6091521849055,1012.5908478150942,1130.6,1077.0,0.0038387715930903177,0
2024-08-10,1045.0,1048.0,1041.0,1048.0,248514159582,237141150,2751,1038.0,1048.0,38.841474402337006,-17.076395944066462,-3.233882325877313,1239.6344272904903,1005.2655727095098,1122.45,1076.64,0.01526717557251911,0
2024-08-11,1058.0,1058.0,1043.0,1051.0,237880992685,226283311,3054,1048.0,1054.0,40.549852841034465,-17.663970887893583,-6.1199000382805675,1226.385409213148,1002.1145907868519,1114.25,1077.06,0.028462998102466885,0
2024-08-12,1055.0,1055.0,1041.0,1045.0,214031524778,204778657,2789,1051.0,1041.0,38.06860137211512,-18.960059850858897,-8.687932000796234,1218.5802201172407,995.5197798827593,1107.05,1077.36,0.04130643611911622,0
2024-08-13,1041.0,1050.0,1035.0,1036.0,366286187775,353479495,3192,1045.0,1050.0,40.77070441695953,-19.04149639049433,-10.758644878735854,1205.7926010586984,993.6073989413015,1099.7,1077.88,0.03333333333333344,0
2024-08-14,1046.0,1046.0,1046.0,1044.0,92114550704,88063624,1120,1036.0,1046.0,39.93670562569509,-19.207391156413905,-12.448394134271465,1194.7998035332098,991.2001964667901,1093.0,1079.0,0.06118546845124273,1
2024-08-17,1064.0,1064.0,1064.0,1063.0,115322328408,108385647,971,1044.0,1064.0,45.35389043367073,-17.68258060371386,-13.495231428159943,1178.8457541040289,994.5542458959713,1086.7,1080.54,0.050751879699248104,1
2024-08-18,1084.0,1084.0,1084.0,1083.0,118962752908,109744237,964,1063.0,1084.0,50.67689773012412,-14.690975975772517,-13.73438033768246,1160.1034761099477,1002.5965238900521,1081.35,1082.34,0.03413284132841321,0
2024-08-19,1104.0,1104.0,1083.0,1100.0,426046399829,387352834,4673,1083.0,1084.0,50.67689773012412,-12.179707666407921,-13.423445803427553,1148.9915725307435,1006.6084274692564,1077.8,1083.76,0.04428044280442811,0
2024-08-20,1092.0,1111.0,1080.0,1092.0,172311407987,157775277,2178,1100.0,1085.0,50.95393700106364,-9.993617593072031,-12.73748016135645,1143.9419231583313,1007.7580768416685,1075.85,1085.06,0.04884792626728118,0
2024-08-21,1098.0,1113.0,1089.0,1097.0,261521260644,238296360,2909,1092.0,1110.0,57.396528970549234,-6.172679585836477,-11.424520046252457,1140.0459960411372,1009.5540039588626,1074.8,1086.72,0.04684684684684681,0
2024-08-24,1117.0,1118.0,1110.0,1118.0,174024523683,155704434,2139,1097.0,1118.0,59.241580386338065,-2.470546621924541,-9.633725361386874,1136.6641843432124,1011.3358156567875,1074.0,1088.86,0.02951699463327362,0
2024-08-26,1137.0,1140.0,1120.0,1130.0,436264810271,386128620,4867,1118.0,1121.0,59.942175017897505,0.6974555192821299,-7.5674891852530735,1136.462318781182,1011.437681218818,1073.95,1091.2,0.01605709188224802,0
2024-08-27,1137.0,1148.0,1122.0,1132.0,372977237417,329417156,4296,1130.0,1132.0,62.488259435333376,4.049053145363587,-5.244180719129742,1138.6293580475851,1010.2706419524151,1074.45,1093.44,-0.005300353356890497,0
2024-08-28,1138.0,1146.0,1125.0,1140.0,340942817079,299097211,3710,1132.0,1138.0,63.83839201325268,7.107438144198568,-2.77385694646408,1145.1306898224595,1007.2693101775405,1076.2,1095.56,-0.018453427065026395,0
2024-08-31,1160.0,1162.0,1157.0,1162.0,239417528273,206096463,2046,1140.0,1162.0,68.69243062729579,11.337142195773367,0.04834288198340975,1155.3652979516457,1001.7347020483542,1078.55,1098.1,-0.02495697074010328,0
2024-09-01,1180.0,1182.0,1147.0,1162.0,594635086005,511631247,7013,1162.0,1151.0,64.42399005932768,13.644321812297449,2.7675386680462175,1165.1173822833014,998.9826177166985,1082.05,1100.2,-0.022589052997393555,0
2024-09-03,1144.0,1160.0,1139.0,1144.0,673891926273,589146230,7254,1162.0,1139.0,60.04089624978015,14.339185365844287,5.081868007605832,1170.3125141644246,1004.8874858355753,1087.6,1102.56,0.0,0
2024-09-07,1148.0,1150.0,1120.0,1133.0,206352867274,182166210,3403,1144.0,1126.0,55.62564901219512,13.683147575992507,6.802123921283167,1173.550610494673,1009.749389505327,1091.65,1104.8,-0.002664298401420906,0
2024-09-08,1120.0,1140.0,1106.0,1119.0,219827708689,196444313,3580,1133.0,1117.0,52.73439865450747,12.295275830940682,7.90075430321467,1174.3283938576176,1016.8716061423823,1095.6,1106.96,0.0026857654431513556,0
2024-09-09,1118.0,1142.0,1118.0,1130.0,223019375656,197435044,3201,1119.0,1133.0,57.01217645591111,12.34414810098906,8.789433062769548,1176.4422669698588,1023.8577330301415,1100.15,1109.02,-0.007060900264783787,0
2024-09-10,1130.0,1138.0,1119.0,1124.0,234381449028,208474538,3703,1130.0,1125.0,54.36288220782127,11.603587650446116,9.352263980304862,1177.0807772221956,1030.9192227778044,1104.0,1110.82,0.027555555555555555,0
2024-09-11,1124.0,1152.0,1123.0,1136.0,175921892360,154869686,2532,1124.0,1139.0,58.037768326053694,12.007950970955562,9.883401378435003,1179.0564262577925,1037.4435737422075,1108.25,1112.88,0.008779631255487308,0
2024-09-14,1139.0,1143.0,1122.0,1130.0,134252386835,118763477,2323,1136.0,1123.0,52.80449738523352,10.911563817839578,10.08903386631592,1176.2664298079937,1048.433570192006,1112.35,1114.24,0.015138023152270641,0
2024-09-15,1129.0,1139.0,1114.0,1124.0,146654913249,130499015,2254,1130.0,1120.0,51.86025579533616,9.688906489126339,10.009008390878003,1173.038372938913,1058.6616270610868,1115.85,1115.14,0.03482142857142856,0
2024-09-16,1112.0,1128.0,1110.0,1123.0,210570660273,187549934,2606,1124.0,1125.0,53.357282309587504,9.019429590686059,9.811092630839616,1167.2240445280684,1072.3759554719315,1119.8,1116.06,0.045333333333333226,0
2024-09-17,1120.0,1156.0,1118.0,1147.0,369842675906,322517094,3818,1123.0,1156.0,61.376831960187985,10.865059603695045,10.021886025410701,1166.8706957724999,1081.9293042275003,1124.4,1117.78,0.01038062283737018,0
2024-09-18,1151.0,1164.0,1146.0,1152.0,215771104793,187346756,2740,1147.0,1149.0,58.91361407959938,11.628843122677154,10.343277444863993,1167.0975601197367,1088.2024398802635,1127.65,1119.26,0.010443864229765065,0
2024-09-22,1155.0,1156.0,1132.0,1141.0,296727988645,259983336,4180,1152.0,1140.0,55.812220966222874,11.37677786692052,10.5499775292753,1164.7164558920274,1096.1835441079727,1130.45,1119.86,0.01754385964912286,0
2024-09-23,1132.0,1168.0,1131.0,1152.0,276911293126,240281039,3312,1141.0,1159.0,60.53549931578095,12.565310468627558,10.953044117145753,1163.6340634818248,1104.6659365181754,1134.15,1120.62,-0.008628127696289956,0
2024-09-24,1154.0,1186.0,1154.0,1181.0,801853217975,678694001,7161,1152.0,1176.0,64.22063896797937,14.709427914767048,11.704320876670012,1169.9982718343122,1104.901728165688,1137.45,1120.54,-0.03231292517006801,0
2024-09-25,1167.0,1183.0,1162.0,1172.0,474037255395,404399371,5657,1181.0,1168.0,61.31884194105455,15.583486564423083,12.480154014220627,1173.7936109095983,1106.1063890904018,1139.95,1119.68,-0.03253424657534243,0
2024-09-28,1161.0,1161.0,1161.0,1171.0,11941098624,10285184,231,1172.0,1161.0,58.814633137872576,15.53229620088382,13.090582451553267,1175.8054279163666,1108.0945720836335,1141.95,1118.54,-0.036175710594315236,0
2024-09-29,1160.0,1166.0,1160.0,1160.0,595221287696,513103195,3953,1171.0,1160.0,58.44741128508794,15.235411486419935,13.519548258526601,1177.7550868244841,1108.9449131755157,1143.35,1118.04,-0.04482758620689653,0
2024-09-30,1149.0,1160.0,1149.0,1149.0,408309051578,355229914,3762,1160.0,1149.0,54.4221317700489,13.951693701738122,13.605977347168906,1178.297092891701,1109.5029071082993,1143.9,1117.08,-0.027850304612706656,0
2024-10-01,1138.0,1139.0,1138.0,1141.0,80324872153,70584106,776,1149.0,1138.0,50.66445982202262,11.909445366711452,13.266670951077415,1176.1490657477948,1109.2509342522053,1142.7,1116.24,-0.026362038664323406,0
2024-10-02,1130.0,1130.0,1130.0,1130.0,362708369540,320980858,2040,1141.0,1130.0,48.065163897220955,9.535496439078315,12.520436048677597,1175.308728428155,1107.9912715718451,1141.65,1115.04,-0.011504424778761013,0
2024-10-05,1119.0,1119.0,1119.0,1119.0,117294324135,104820665,954,1130.0,1119.0,44.6714898458952,6.689405439490201,11.35422992684012,1175.7229240212487,1105.5770759787515,1140.65,1113.6,0.020554066130473725,0
2024-10-06,1108.0,1108.0,1108.0,1117.0,17195803224,15519678,352,1119.0,1108.0,41.51483093515977,3.5058366456307795,9.784551270598252,1177.1284697305853,1102.3715302694147,1139.75,1112.66,0.02166064981949467,0
2024-10-07,1106.0,1128.0,1106.0,1108.0,697980235592,629776188,7230,1117.0,1117.0,44.942866540734805,1.689583754195155,8.165557767317633,1177.1284697305853,1102.3715302694147,1139.75,1112.52,-0.015219337511190645,0
2024-10-08,1100.0,1119.0,1100.0,1109.0,170837846921,154028456,2741,1108.0,1108.0,42.2744002974926,-0.4706096365785015,6.438324286538407,1178.291958979174,1098.708041020826,1138.5,1112.06,-0.016245487364620947,0
2024-10-09,1118.0,1118.0,1105.0,1109.0,228530098439,206022022,2958,1109.0,1117.0,45.743654818892885,-1.439757055143673,4.8627080182019915,1178.5816007514557,1097.6183992485442,1138.1,1111.72,-0.1915846016114593,0
2024-10-12,1121.0,1142.0,1118.0,1133.0,400042171806,353082229,4835,1109.0,1142.0,54.01160974336301,-0.18835110609779804,3.852496193342034,1178.7660461965413,1097.7339538034587,1138.25,1112.12,-0.22854640980735552,0
2024-10-13,1150.0,1155.0,1111.0,1133.0,352823568689,311276799,4741,1133.0,1132.0,50.68449798747424,-0.003479196092030179,3.0813011154552212,1178.7254918695608,1098.6745081304393,1138.7,1112.32,-0.19787985865724378,0
2024-10-14,1122.0,1131.0,1100.0,1106.0,249996539770,226136085,3754,1133.0,1100.0,41.809135204125184,-2.411303435305854,1.9827802053030066,1180.450906416125,1094.949093583875,1137.7,1112.26,-0.15636363636363637,0
2024-10-15,1081.0,1102.0,1074.0,1091.0,489171482547,448413979,5399,1106.0,1090.0,39.48238860151839,-5.068016973888689,0.5726207694646674,1183.259512779147,1088.6404872208532,1135.95,1111.76,-0.1330275229357798,0
2024-10-22,930.0,930.0,903.0,908.0,260397756506,286892145,2892,941.0,903.0,18.617285101830376,-22.0091114331899,-3.9437256710662463,1234.524277922584,1012.075722077416,1123.3,1108.2,0.032115171650055396,0
2024-10-23,881.0,899.0,881.0,882.0,559855941051,635116816,7271,908.0,881.0,17.448988436380716,-36.78621835790523,-10.512224208434043,1262.4200314693126,957.3799685306875,1109.9,1105.26,0.08513053348467658,1
2024-10-26,908.0,908.0,908.0,901.0,90039540012,99162489,1184,882.0,908.0,23.771369548499948,-45.79066146578316,-17.567911659903867,1273.5017123186872,923.0982876813127,1098.3,1102.52,0.037444933920704804,0
2024-10-27,928.0,928.0,928.0,918.0,78643934432,84745619,810,901.0,928.0,28.16044284479686,-50.728152089154264,-24.199959745753947,1274.434709018609,899.065290981391,1086.75,1100.32,-0.004310344827586188,0
2024-10-28,945.0,945.0,939.0,945.0,601543177763,636583672,5041,918.0,945.0,31.7572318370877,-52.66233246827244,-29.892434290257647,1267.8588695061815,882.5411304938186,1075.2,1098.38,-0.03492063492063491,0
2024-10-29,950.0,965.0,928.0,948.0,528383203797,557381830,5769,945.0,932.0,30.499680514458888,-54.61461245227338,-34.836869922660796,1260.7305855649342,866.069414435066,1063.4,1096.06,-0.011802575107296098,0
2024-10-30,926.0,969.0,921.0,951.0,254356104700,267457727,3768,948.0,956.0,35.572040074737544,-53.6072578818779,-38.590947514504215,1250.4338310642809,855.8661689357193,1053.15,1094.1,-0.03138075313807531,0
2024-11-02,952.0,965.0,940.0,952.0,295687358081,310620514,3673,951.0,942.0,34.01261425222286,-53.323920165677805,-41.537542044738935,1238.8031734656035,845.6968265343965,1042.25,1092.12,-0.00849256900212314,0
2024-11-03,926.0,930.0,924.0,924.0,357209918506,386575709,3422,952.0,924.0,32.06621131400388,-53.930149360498945,-44.01606350789094,1227.5817895925245,834.4182104074756,1031.0,1089.6,0.04112554112554112,0
2024-11-04,897.0,923.0,897.0,911.0,241343575015,264799811,3485,924.0,912.0,30.80075397183326,-54.74779161444144,-46.16240912920104,1216.3622485364172,823.037751463583,1019.7,1086.92,0.08442982456140347,1
2024-11-05,912.0,931.0,909.0,916.0,90012764563,98180191,1993,911.0,921.0,32.9383233234402,-54.046539344858616,-47.739235172332556,1203.5547863522652,814.9452136477349,1009.25,1084.06,0.0673181324647123,1
2024-11-06,908.0,940.0,889.0,907.0,254023449056,280044665,4396,916.0,926.0,34.15521635632554,-52.48234979638369,-48.68785809714279,1190.2802559244121,808.9197440755879,999.6,1080.9,0.10367170626349886,1
2024-11-09,928.0,934.0,925.0,934.0,122147859034,130804033,1565,907.0,934.0,36.15154953648218,-50.02057906984203,-48.954402291682634,1176.8213812324964,804.9786187675037,990.9,1077.9,0.12098501070663814,1
2024-11-10,962.0,962.0,962.0,962.0,145316656030,151056815,1336,934.0,962.0,42.69973549901351,-45.28818799839371,-48.22115943302485,1160.1056724137409,806.1943275862591,983.15,1075.44,0.11434511434511441,1
2024-11-11,990.0,990.0,972.0,989.0,1094068341430,1105941996,9256,962.0,989.0,48.214985013826414,-38.910523335596395,-46.35903221353916,1144.7142978954307,809.6857021045694,977.2,1073.02,0.1112234580384226,1
2024-11-12,985.0,1007.0,967.0,993.0,399646950127,402641861,4933,989.0,983.0,47.12937854838266,-33.94898522844073,-43.87702281651948,1125.3528333592867,815.6471666407132,970.5,1070.32,0.11190233977619535,1
2024-11-13,983.0,1022.0,983.0,1017.0,525450793025,516554581,5799,993.0,1022.0,54.327844197766986,-26.563746139034492,-40.41436748102248,1100.453668576464,828.546331423536,964.5,1068.34,0.08121330724070441,1
2024-11-16,1047.0,1047.0,1042.0,1047.0,180666621191,172559051,1717,1017.0,1047.0,58.25179384444666,-18.4805674092828,-36.027607466674546,1079.2506302479064,841.2493697520935,960.25,1066.64,0.07163323782234965,1
2024-11-17,1078.0,1078.0,1045.0,1067.0,656797853938,615636501,7106,1047.0,1072.0,61.7873948175285,-9.942685869912907,-30.81062314732222,1071.7433567549435,845.9566432450565,958.85,1065.32,0.07555970149253732,1
2024-11-18,1088.0,1099.0,1076.0,1098.0,492728411728,448759711,5036,1067.0,1099.0,65.21381533779379,-0.9863093263049905,-24.845760383118776,1074.3323432752675,844.2676567247325,959.3,1064.06,0.07916287534121924,1
2024-11-19,1130.0,1130.0,1089.0,1117.0,888543450452,795159526,10041,1098.0,1093.0,63.84380159378623,5.563402316992551,-18.76392784309651,1094.5483200659119,843.051679934088,968.8,1062.9,0.070448307410796,1
2024-11-20,1093.0,1118.0,1084.0,1097.0,430160589704,392017843,5648,1117.0,1105.0,65.40897832615934,11.588807139325354,-12.693380846612138,1112.2089255663138,847.7910744336862,980.0,1062.22,0.12217194570135748,1
2024-11-23,1084.0,1129.0,1082.0,1120.0,657290607814,586618350,7816,1097.0,1122.0,67.55197385153892,17.533625081160608,-6.647979661057589,1132.1822957100965,849.2177042899035,990.7,1062.14,0.06862745098039214,1
2024-11-24,1123.0,1153.0,1123.0,1152.0,726846975797,630771032,5853,1120.0,1153.0,71.07147868382647,24.46436705745714,-0.42551031735464395,1156.8467075163294,847.0532924836707,1001.95,1062.86,0.06157849089332168,1
2024-11-25,1186.0,1186.0,1165.0,1186.0,495490215688,417865800,3697,1152.0,1186.0,74.27079105793409,32.24811798410042,6.109215342936369,1185.8673907389048,842.1326092610952,1014.0,1063.92,0.062394603709949426,1
2024-11-26,1221.0,1221.0,1160.0,1204.0,1364136770571,1133142033,12225,1186.0,1170.0,70.2160993710483,36.702645143332575,12.22790130301561,1206.1619205472955,845.6380794527047,1025.9,1064.82,0.09401709401709413,1
2024-11-27,1180.0,1240.0,1172.0,1225.0,1267423293610,1035046036,11152,1204.0,1240.0,76.30968996427526,45.358441121154556,18.854009266643402,1239.7956684542744,840.4043315457254,1040.1,1066.84,0.05241935483870974,1
2024-11-30,1240.0,1261.0,1190.0,1235.0,1091263865228,883272118,10949,1225.0,1199.0,67.58744593378822,48.35248707390792,24.75370482809631,1258.7241237361968,847.1758762638033,1052.95,1068.36,0.06088407005838192,1
2024-12-01,1200.0,1259.0,1199.0,1224.0,672876894951,549565430,6030,1235.0,1224.0,69.85037671295302,52.14152607308597,30.231269077094247,1277.637839417072,858.2621605829281,1067.95,1070.44,0.054738562091503296,1
2024-12-02,1242.0,1260.0,1242.0,1259.0,420319902527,333760443,3747,1224.0,1260.0,72.79575981763021,57.387735818047986,35.662562425284996,1298.1186772046108,872.5813227953892,1085.35,1073.14,0.03571428571428581,0
2024-12-03,1296.0,1296.0,1265.0,1291.0,2056014286975,1592280082,14615,1259.0,1280.0,74.29799877212133,62.439464412328334,41.01794282269366,1318.142360812294,888.4576391877058,1103.3,1075.62,0.022656250000000044,0
2024-12-04,1271.0,1329.0,1271.0,1310.0,1434218037443,1094960771,12530,1291.0,1305.0,76.07637674273408,67.68011257693729,46.350376773542386,1338.0516450340456,906.4483549659544,1122.25,1078.74,0.04137931034482767,0
2024-12-07,1290.0,1302.0,1271.0,1275.0,1891626137170,1483877270,13394,1310.0,1272.0,69.26364787699805,68.38227153693651,50.756755726221215,1346.0927698650048,932.2072301349954,1139.15,1081.38,0.08726415094339623,1
2024-12-08,1257.0,1295.0,1237.0,1267.0,872403416399,688390811,8610,1275.0,1291.0,70.8805325959956,69.66878044819578,54.53916067061613,1355.7953046387463,955.4046953612535,1155.6,1084.02,0.10302091402013946,1
2024-12-09,1298.0,1305.0,1291.0,1305.0,870816856639,667348120,6206,1267.0,1305.0,72.0473653198096,70.9995919262683,57.83124692174656,1366.3168027631293,976.4831972368709,1171.4,1086.6,0.08582375478927196,1
2024-12-10,1344.0,1344.0,1291.0,1321.0,771149656783,583746335,7689,1305.0,1309.0,72.38780698996446,71.5522266520943,60.57544286781611,1371.0511385276918,1004.3488614723083,1187.7,1089.42,0.07257448433919023,1
2024-12-11,1306.0,1360.0,1296.0,1343.0,979811578247,729474667,9105,1321.0,1359.0,76.2771905997304,75.15839657515335,63.49203360928356,1385.8215918157089,1023.278408184291,1204.55,1093.38,0.04488594554819714,0
2024-12-14,1383.0,1383.0,1383.0,1383.0,512304081480,370429560,3570,1343.0,1383.0,77.88727300498617,79.04176735162264,66.60198035775139,1403.3799700582326,1039.3200299417672,1221.35,1097.84,0.04266088214027475,0
2024-12-15,1424.0,1424.0,1411.0,1424.0,2667049141051,1873082349,13845,1383.0,1424.0,80.3418764690881,84.45418870239882,70.17242202668088,1427.7572826969376,1050.1427173030625,1238.95,1103.34,0.0231741573033708,0
2024-12-16,1430.0,1466.0,1401.0,1447.0,2433395886427,1682005776,18806,1424.0,1417.0,78.73491570817434,87.17384430540142,73.57270648242499,1447.3600257113935,1062.3399742886063,1254.85,1108.92,0.0670430486944249,1
2024-12-17,1406.0,1484.0,1404.0,1423.0,1485359186562,1044043127,12275,1447.0,1404.0,75.70642640882866,87.27415744957261,76.31299667585452,1458.290819359014,1082.5091806409862,1270.4,1114.4,0.10256410256410264,1
2024-12-18,1390.0,1443.0,1381.0,1400.0,1089110166265,778186701,10792,1423.0,1420.0,76.88488944584314,87.63452635227577,78.57730261113878,1468.6748202283782,1103.625179771622,1286.15,1120.42,0.1077464788732394,1
2024-12-21,1442.0,1442.0,1424.0,1442.0,548960190396,380736523,3755,1400.0,1442.0,78.43399710638344,88.67316835465249,80.59647575984152,1480.3636638964642,1123.936336103536,1302.15,1127.1,0.06171983356449373,1
2024-12-22,1470.0,1485.0,1424.0,1468.0,1306028113786,889603132,11149,1442.0,1457.0,79.44545266440521,89.67297997070682,82.41177660201458,1493.9357015712258,1140.764298428774,1317.35,1133.9,0.02127659574468077,0
2024-12-23,1447.0,1512.0,1447.0,1503.0,1375248640505,915175716,11614,1468.0,1512.0,82.65726928161834,93.82185824572707,84.69379293075708,1518.7092067404437,1148.5907932595564,1333.65,1141.98,-0.044973544973545,0
2024-12-24,1530.0,1548.0,1509.0,1540.0,2989786186745,1941631631,18153,1503.0,1548.0,84.37796802237516,98.87500380882557,87.53003510637079,1543.9944828126484,1161.1055171873516,1352.55,1150.6,-0.09173126614987082,0
2024-12-25,1586.0,1586.0,1536.0,1578.0,4327330870806,2741761179,27051,1540.0,1573.0,85.45706763276905,103.7015423120074,90.76433654749812,1575.9081033714028,1162.4918966285973,1369.2,1159.22,-0.10425937698664967,0
2024-12-28,1540.0,1564.0,1531.0,1533.0,922520826177,601605858,8169,1578.0,1531.0,75.96362637586108,102.95080703886492,93.20163064577147,1588.4530039239555,1183.1469960760444,1385.8,1167.2,-0.05421293272370997,0
2024-12-29,1488.0,1488.0,1488.0,1488.0,230053794960,154606045,1692,1533.0,1488.0,67.67457100018166,97.75919613211386,94.11314374303996,1591.936258902786,1206.063741097214,1399.0,1174.96,-0.0571236559139785,0
2024-12-30,1444.0,1447.0,1444.0,1444.0,4934844723207,3417461223,26334,1488.0,1444.0,60.410490950610374,89.06765828628772,93.10404665168952,1591.029538093282,1225.370461906718,1408.2,1182.04,-0.018005540166205036,0
2024-12-31,1405.0,1440.0,1401.0,1407.0,2809431300925,1996772201,25114,1444.0,1406.0,54.92700617806952,78.21169378273407,90.12557607789843,1587.6525339098534,1241.3474660901466,1414.5,1192.1,0.028449502133712556,0
2025-01-01,1395.0,1430.0,1383.0,1406.0,1191813381834,847847589,15415,1407.0,1409.0,55.272185125251134,69.05432337359366,85.91132553703747,1585.4758727903522,1253.9241272096478,1419.7,1202.66,0.04897090134847404,0
2025-01-04,1421.0,1448.0,1415.0,1444.0,2664585544908,1844832547,18321,1406.0,1448.0,59.603319061365085,64.20391267271611,81.5698429641732,1580.055270444162,1276.944729555838,1428.5,1213.46,-0.015193370165745845,0
2025-01-05,1475.0,1475.0,1401.0,1418.0,1339447865665,944279130,14346,1444.0,1403.0,53.201802556707705,56.082321238436634,76.47233861902589,1572.6364933849673,1295.5635066150326,1434.1,1222.96,-0.0049893086243762985,0
2025-01-06,1405.0,1427.0,1385.0,1404.0,995411160487,709116532,9672,1418.0,1418.0,54.939105911827056,50.27671745102771,71.23321438542625,1565.3810073166778,1314.1189926833222,1439.75,1232.42,0.0035260930888576514,0
2025-01-07,1426.0,1446.0,1407.0,1437.0,1261333575805,877566773,10192,1404.0,1446.0,58.06835335471106,47.38883166372966,66.46433784108693,1556.981882568668,1336.2181174313318,1446.6,1242.7,-0.047026279391424675,0
2025-01-08,1453.0,1480.0,1438.0,1470.0,1712983764491,1165382039,13302,1437.0,1478.0,61.37007597919401,47.13890597096065,62.59925146706168,1556.0149215889292,1349.0850784110708,1452.55,1253.14,-0.05480378890392423,0
2025-01-11,1500.0,1500.0,1426.0,1439.0,943118057864,655610228,9942,1470.0,1426.0,53.937677899444665,42.25775158521924,58.53095149069319,1553.997734110116,1355.4022658898841,1454.7,1262.82,-0.04908835904628328,0
2025-01-12,1397.0,1410.0,1396.0,1396.0,1355226983960,970654159,10246,1439.0,1396.0,50.163173793124095,35.55875311678665,53.936511815911885,1555.0489066250998,1351.5510933749001,1453.3,1272.26,-0.045845272206303744,0
2025-01-13,1377.0,1436.0,1373.0,1409.0,621206160356,440989459,8165,1396.0,1423.0,53.32869204271305,32.05886824132767,49.560983100995045,1554.953638313596,1352.2463616864038,1453.6,1282.48,-0.03302881236823607,0
2025-01-15,1430.0,1439.0,1375.0,1399.0,566225294758,404862949,7194,1409.0,1378.0,47.871097567009954,25.36170637888722,44.72112775657349,1556.7836829337637,1347.8163170662363,1452.3,1291.62,0.011611030478954953,0
2025-01-18,1374.0,1400.0,1358.0,1362.0,1207222100156,886464755,9453,1399.0,1397.0,50.18898067252891,21.341289462401164,40.04516009773903,1557.519685528365,1344.7803144716352,1451.15,1301.04,0.011453113815318439,0
2025-01-19,1343.0,1402.0,1340.0,1372.0,815173253461,594189010,7703,1362.0,1356.0,45.488625238490606,14.677529320283611,34.97163394224795,1561.0187785666608,1332.681221433339,1446.85,1309.48,0.019911504424778848,0
2025-01-20,1376.0,1385.0,1331.0,1344.0,976024364714,726459126,9491,1372.0,1332.0,42.95276387142585,7.3748394161139,29.452275037021142,1565.0819665630454,1316.1180334369544,1440.6,1316.88,0.020270270270270174,0
2025-01-21,1360.0,1383.0,1317.0,1354.0,438402607284,323710805,6038,1344.0,1376.0,48.6090979789238,5.079286477905725,24.57767732519806,1556.7871537982855,1310.8128462017144,1433.8,1324.62,-0.023255813953488413,0
2025-01-22,1384.0,1394.0,1376.0,1394.0,743103665971,533181715,6404,1354.0,1394.0,50.76001126919401,4.658790170444718,20.593899894247393,1538.33707052219,1313.8629294778098,1426.1,1332.84,-0.04878048780487809,0
2025-01-25,1434.0,1434.0,1384.0,1411.0,613059417686,434592585,6942,1394.0,1413.0,52.99633250145521,5.791919386303562,17.633503792658626,1507.8750522105279,1328.324947789472,1418.1,1340.66,-0.06581740976645434,0
2025-01-26,1411.0,1420.0,1381.0,1394.0,570188838823,408978854,6376,1411.0,1383.0,49.19700083514647,4.22053151398427,14.950909336923756,1485.1153209991262,1336.284679000874,1410.7,1347.38,-0.03543022415039765,0
2025-01-27,1390.0,1391.0,1358.0,1369.0,660736740253,482734693,6795,1394.0,1359.0,46.335152228017265,1.026760029813886,12.166079475501782,1472.8849036526094,1335.6150963473906,1404.25,1353.12,-0.004415011037527616,0
2025-01-29,1365.0,1375.0,1333.0,1344.0,529604024858,394125375,6706,1369.0,1344.0,44.58931585520089,-2.683764751570834,9.19611063008726,1470.10725085976,1328.39274914024,1399.25,1358.02,0.016369047619047672,0
2025-02-01,1340.0,1342.0,1304.0,1311.0,886338054826,675892024,9235,1344.0,1326.0,42.51897587868702,-6.9961842839770725,5.9576516472743934,1472.8434919912934,1317.6565080087066,1395.25,1362.68,0.02187028657616885,0
2025-02-02,1325.0,1342.0,1313.0,1325.0,415422558424,313456573,5808,1311.0,1320.0,41.82190316983674,-10.773764438609078,2.611368430097699,1474.6822984866467,1306.9177015133532,1390.8,1366.98,0.0121212121212122,0
2025-02-03,1333.0,1337.0,1306.0,1323.0,332833232802,251591049,4603,1325.0,1334.0,44.1237886045543,-12.49381995077215,-0.40966924607627053,1468.149142075056,1302.0508579249438,1385.1,1371.22,-0.021739130434782594,0
2025-02-04,1333.0,1362.0,1332.0,1353.0,378648651141,279916536,4560,1323.0,1353.0,47.17833369652763,-12.183392560577659,-2.7644139089765485,1466.3505820839644,1298.8494179160355,1382.6,1375.22,-0.04804138950480419,0
2025-02-05,1328.0,1389.0,1314.0,1353.0,627889144423,464008907,6610,1353.0,1366.0,49.22362746565542,-10.764301100333341,-4.364391347247907,1462.4111642886014,1297.5888357113986,1380.0,1378.82,-0.05563689604685207,0
2025-02-09,1351.0,1393.0,1349.0,1377.0,932855886713,677220954,8880,1353.0,1355.0,47.54601465389467,-10.407300086178111,-5.572973095033948,1452.667808822854,1298.232191177146,1375.45,1382.52,-0.04206642066420663,0
2025-02-11,1355.0,1388.0,1336.0,1345.0,942187920193,700645746,8366,1377.0,1336.0,44.711473905898785,-11.5246662421971,-6.763311724466579,1431.3492857054966,1305.3507142945032,1368.35,1384.44,-0.033682634730538896,0
2025-02-15,1312.0,1312.0,1305.0,1305.0,1074490714066,823112386,6745,1345.0,1305.0,40.47196411761748,-14.741694811816615,-8.358988341936588,1425.2320268178514,1299.3679731821485,1362.3,1386.56,-0.03218390804597704,0
2025-02-16,1286.0,1298.0,1266.0,1272.0,1068498482796,840132898,10305,1305.0,1288.0,38.32581466543388,-18.450287624916427,-10.377248198532556,1425.6077870361341,1288.192212963866,1356.9,1387.84,0.017857142857142794,0
2025-02-17,1290.0,1308.0,1277.0,1291.0,429690229191,332726255,4643,1272.0,1290.0,38.737406562229225,-20.986076437175143,-12.499013846261073,1417.8158937586318,1282.6841062413682,1350.25,1388.44,0.0364341085271318,0
2025-02-18,1290.0,1315.0,1285.0,1295.0,306373765347,236537224,3940,1291.0,1298.0,40.4493697864769,-22.095471359176372,-14.418305348844132,1416.2010543123026,1276.2989456876974,1346.25,1388.8,0.04006163328197232,0
2025-02-19,1295.0,1309.0,1281.0,1291.0,475803301714,368649646,5727,1295.0,1291.0,39.41156546363585,-23.271259729870508,-16.188896225049408,1410.779721461586,1271.1202785384141,1340.95,1388.52,0.04802478698683199,0
2025-02-22,1295.0,1298.0,1257.0,1273.0,852690375574,670022913,7817,1291.0,1263.0,35.48922810855345,-26.160880137339063,-18.18329300750734,1413.4987046484762,1259.1012953515237,1336.3,1388.34,0.07600950118764849,1
2025-02-23,1280.0,1311.0,1276.0,1299.0,470015136927,361840685,5536,1273.0,1311.0,45.50229975099509,-24.29763823279336,-19.406162052564547,1413.2214691371314,1257.2785308628686,1335.25,1388.74,0.07017543859649122,1
2025-02-24,1330.0,1337.0,1317.0,1336.0,548257488441,410266588,4160,1299.0,1337.0,50.02697599754066,-20.486863085553296,-19.622302259162296,1409.0155202016247,1257.5844797983752,1333.3,1389.38,0.015706806282722585,0
2025-02-25,1376.0,1376.0,1336.0,1371.0,1212659337358,884723797,9714,1336.0,1350.0,52.165458198082746,-16.23070747919087,-18.94398330316801,1402.0391288317146,1260.1608711682852,1331.1,1390.2,-0.004444444444444473,0
2025-02-26,1367.0,1389.0,1332.0,1362.0,961674469284,706020633,9842,1371.0,1353.0,52.66881962299956,-12.471831064186517,-17.649552855371713,1389.3434486243434,1266.8565513756564,1328.1,1390.08,0.00591278640059123,0
2025-03-01,1342.0,1383.0,1342.0,1363.0,797120982724,584927379,6961,1362.0,1359.0,53.71779910671061,-8.906080812383607,-15.900858446774091,1384.633525783574,1269.1664742164262,1326.9,1389.6,-0.0316409124356144,0
2025-03-02,1371.0,1403.0,1355.0,1399.0,1071724786903,766201688,8959,1363.0,1403.0,60.61180766597596,-2.500936531770094,-13.22087406377329,1394.4143169557992,1263.7856830442006,1329.1,1389.18,-0.06058446186742694,0
2025-03-03,1358.0,1358.0,1358.0,1358.0,536183402762,394833139,2806,1399.0,1358.0,52.069322003377565,-1.043903986767873,-10.785480048372207,1396.0317144531425,1263.5682855468574,1329.8,1388.0,-0.027982326951399128,0
2025-03-04,1354.0,1397.0,1337.0,1371.0,754372250829,550201101,7850,1358.0,1344.0,49.72146757574556,-1.0072670471020047,-8.829837448118166,1397.1893976465617,1264.2106023534384,1330.7,1386.8,-0.05729166666666663,0
2025-03-05,1367.0,1378.0,1332.0,1356.0,611530469466,451004753,6106,1371.0,1361.0,52.5210661927486,0.38904129078014194,-6.986061700338505,1400.3129336204595,1265.1870663795405,1332.75,1385.62,-0.06612784717119768,0
2025-03-08,1353.0,1356.0,1316.0,1323.0,632302184348,477795635,6112,1356.0,1316.0,45.32637095543582,-2.1111620489509733,-6.011081770060999,1399.800791013811,1263.8992089861888,1331.85,1383.1,-0.003039513677811523,0
2025-03-09,1286.0,1329.0,1284.0,1299.0,912142796867,702207957,9441,1323.0,1318.0,45.682510926718,-3.886407833082785,-5.5861469826653565,1397.583034900652,1262.616965099348,1330.1,1380.32,0.020485584218512987,0
2025-03-10,1306.0,1330.0,1294.0,1306.0,575867292820,440837106,5544,1299.0,1320.0,46.06089360608196,-5.073436207168015,-5.483604827565888,1393.3396063415291,1262.2603936584708,1327.8,1376.48,0.009090909090909038,0
2025-03-11,1320.0,1321.0,1267.0,1269.0,806635763012,635686704,6066,1306.0,1267.0,38.42241629530088,-10.173547483648917,-6.421593358782495,1392.7495493813954,1254.0504506186048,1323.4,1370.86,0.04183109707971577,0
2025-03-12,1252.0,1294.0,1232.0,1274.0,370345561754,290796737,4617,1269.0,1271.0,39.24135485393465,-13.73433497965334,-7.884141682956665,1392.8446352862616,1247.4553647137386,1320.15,1364.82,0.05822187254130595,1
2025-03-15,1311.0,1312.0,1306.0,1312.0,537871085524,409971665,3595,1274.0,1312.0,47.01914448019457,-13.096953844276413,-8.926704115220616,1392.9665440006806,1248.0334559993194,1320.5,1360.44,0.02286585365853666,0
2025-03-16,1331.0,1351.0,1319.0,1345.0,990002982333,736331409,7380,1312.0,1345.0,52.31070513595882,-9.815849492123107,-9.104533190601114,1394.9580302717688,1251.741969728231,1323.35,1357.58,-0.01263940520446094,0
2025-03-17,1340.0,1353.0,1316.0,1341.0,362290249214,270162293,3919,1345.0,1332.0,50.18429640295202,-8.170359193517243,-8.91769839118434,1395.468497551737,1255.431502448263,1325.45,1355.34,0.03153153153153143,0
2025-03-18,1301.0,1340.0,1301.0,1306.0,767999614591,588217010,6302,1341.0,1320.0,48.23515896086741,-7.745312843401507,-8.683221281627773,1395.4919320834758,1257.608067916524,1326.55,1353.62,0.03106060606060601,0
2025-03-25,1343.0,1345.0,1330.0,1345.0,171459328496,127492968,1777,1306.0,1345.0,52.38438828560207,-5.329731653499948,-8.012523356002209,1396.623214257616,1261.876785742384,1329.25,1352.34,-0.0037174721189591198,0
2025-03-26,1383.0,1383.0,1339.0,1353.0,238828400997,176464713,4090,1345.0,1342.0,51.84732576702462,-3.6157608448477276,-7.133170853771313,1393.4614304460376,1272.9385695539625,1333.2,1350.22,-0.011177347242920965,0
2025-03-29,1349.0,1350.0,1327.0,1335.0,302485926507,226517552,3946,1353.0,1328.0,49.30681309877369,-3.3485100877003333,-6.376238700557117,1393.5091456329692,1274.5908543670307,1334.05,1348.72,0.02108433734939763,0
2025-03-30,1329.0,1374.0,1314.0,1364.0,340395954900,249523078,3877,1335.0,1374.0,56.79745175174665,0.5685497372751342,-4.9872810129906675,1397.8609554429454,1273.9390445570548,1335.9,1347.84,-0.02692867540029109,0
2025-04-05,1394.0,1394.0,1354.0,1367.0,353092386546,258315466,4172,1364.0,1361.0,54.35309960792229,2.593955016247264,-3.471033807143081,1399.093355588623,1273.8066444113772,1336.45,1346.14,-0.0022042615723733006,0
2025-04-06,1361.0,1367.0,1328.0,1343.0,408716668748,304384878,4234,1367.0,1340.0,50.567237630371935,2.4760365879060373,-2.2816197281332578,1398.0112529965652,1273.5887470034347,1335.8,1343.38,0.04253731343283573,0
2025-04-07,1340.0,1340.0,1303.0,1317.0,621540965490,471986033,6039,1343.0,1327.0,48.32332466382212,1.3183963766655324,-1.5616165071734998,1395.5827337237652,1272.817266276235,1334.2,1341.4,0.0836473247927656,1
2025-04-08,1356.0,1356.0,1356.0,1356.0,317767071288,234341498,2093,1317.0,1356.0,53.30159166629582,2.709779158438323,-0.7073373740511354,1385.6469329925287,1278.053067007471,1331.85,1340.6,0.030235988200590036,0
2025-04-09,1396.0,1396.0,1332.0,1365.0,800044885571,586295621,7037,1356.0,1337.0,49.90921076749386,2.2533436836624787,-0.11520116250841261,1383.3189489556162,1278.2810510443837,1330.8,1338.88,0.08601346297681367,1
2025-04-12,1349.0,1369.0,1346.0,1357.0,797138396130,587302277,6002,1365.0,1358.0,53.436646116576355,3.545272087372041,0.6168934874676781,1385.0667807451841,1277.9332192548159,1331.5,1338.48,0.09941089837997064,1
2025-04-13,1397.0,1397.0,1397.0,1397.0,520904482065,372873645,2763,1357.0,1397.0,59.18508687863921,7.628175855664267,2.0191499611069963,1392.8015966122139,1273.798403387786,1333.3,1338.48,0.10021474588403723,1
2025-04-14,1438.0,1438.0,1420.0,1437.0,2242861603700,1560662178,14618,1397.0,1438.0,64.19017711819208,14.010756576056792,4.417471284096956,1413.72469306632,1265.0753069336802,1339.4,1340.12,0.10083449235048669,1
2025-04-15,1438.0,1438.0,1394.0,1410.0,1052465405279,746354437,9375,1437.0,1397.0,56.702000176519405,15.581031994300929,6.650183426137751,1421.0269592569296,1265.6730407430703,1343.35,1341.42,0.16678596993557626,1
2025-04-16,1408.0,1452.0,1397.0,1450.0,1430588024709,986323351,8204,1410.0,1452.0,62.94653223010914,21.02120752717815,9.524388246345831,1440.0132555452153,1259.8867444547848,1349.95,1342.94,0.15082644628099184,1
2025-04-19,1493.0,1493.0,1493.0,1493.0,777426243866,520714162,3890,1450.0,1493.0,66.79145613012888,28.314550665162415,13.282420730109148,1462.8233724920208,1259.6766275079792,1361.25,1344.92,0.1507032819825853,1
2025-04-20,1537.0,1537.0,1537.0,1537.0,1331288900606,866160638,5229,1493.0,1537.0,70.34754823334076,37.21600696227097,18.069137976541512,1493.538192689035,1255.561807310965,1374.55,1347.4,0.07872478854912157,1
2025-04-21,1583.0,1583.0,1561.0,1583.0,6092595283151,3849074283,25250,1537.0,1583.0,73.53789175128128,47.43548403878299,23.94240718898981,1534.1532779481618,1242.046722051838,1388.1,1351.4,0.03853442830069498,0
2025-04-22,1590.0,1630.0,1550.0,1623.0,3992467138990,2460525420,24199,1583.0,1630.0,76.33902740808347,58.6509092806225,30.884107607316352,1580.8182324656216,1223.8817675343782,1402.35,1356.82,-0.0030674846625766694,0
2025-04-23,1639.0,1671.0,1578.0,1668.0,5136421603352,3078588486,21416,1623.0,1671.0,78.4791551599165,70.04019219909378,38.71532452567184,1629.4105423328474,1209.1894576671525,1419.3,1363.36,0.004787552363854086,0
2025-04-26,1718.0,1718.0,1651.0,1709.0,4721639918653,2763482714,24160,1668.0,1718.0,80.64083965599372,81.91452847767846,47.35516531607317,1680.9325795158845,1197.4674204841156,1439.2,1371.2,-0.06693830034924331,0
2025-04-27,1658.0,1694.0,1658.0,1661.0,3747279953039,2256413867,19964,1709.0,1658.0,70.85611906406874,85.49795971044227,54.98372419494699,1710.3004061445265,1199.3995938554733,1454.85,1377.96,-0.042822677925211106,0
2025-04-28,1674.0,1710.0,1630.0,1675.0,2069261352391,1235067259,12952,1661.0,1644.0,68.75964974084148,86.21434646305829,61.22984864856925,1732.5359668744766,1207.3640331255235,1469.95,1384.16,-0.03953771289537711,0
2025-04-29,1669.0,1672.0,1625.0,1636.0,1728356477895,1056578004,13417,1675.0,1625.0,65.90948906274832,84.27744894487364,65.83936870783013,1747.1879570395788,1222.412042960421,1484.8,1389.6,0.012307692307692353,0
2025-04-30,1625.0,1679.0,1619.0,1652.0,2343811063511,1419142858,15323,1636.0,1679.0,69.74762228206154,86.10720218339134,69.89293540294237,1770.2436157635927,1229.8563842364072,1500.05,1395.86,-0.001191185229303171,0
2025-05-03,1603.0,1603.0,1603.0,1603.0,1818059996438,1134160946,8533,1652.0,1603.0,59.5805570581475,80.49681281546782,72.01371088544747,1777.9915129346884,1246.3084870653117,1512.15,1400.82,0.008733624454148492,0
2025-05-04,1555.0,1610.0,1555.0,1579.0,1751504669546,1109076561,11916,1603.0,1587.0,57.674477833890464,73.90751273728893,72.39247125581576,1779.950582303905,1269.049417696095,1524.5,1405.84,-0.006931316950220534,0
2025-05-05,1618.0,1626.0,1565.0,1598.0,1080905311788,676221074,8238,1579.0,1579.0,56.697786840591654,67.26452820039867,71.36688264473236,1776.7095991386911,1297.4904008613087,1537.1,1411.32,0.03166561114629518,0
2025-05-06,1610.0,1645.0,1586.0,1633.0,1461939611323,895152813,10158,1598.0,1645.0,62.360856182503184,66.55832062077957,70.4051702399418,1780.3437717670752,1322.7562282329247,1551.55,1418.46,0.004863221884498392,0
2025-05-07,1668.0,1681.0,1640.0,1667.0,1394778405832,836651087,9373,1633.0,1677.0,64.7667954335632,67.7992312564536,69.88398244324416,1780.9924392615671,1356.1075607384328,1568.55,1426.2,0.0065593321407275695,0
2025-05-10,1618.0,1640.0,1617.0,1617.0,1359008312000,840256761,7982,1667.0,1617.0,57.36287433861764,63.21248909059727,68.54968377271479,1771.405766103625,1391.594233896375,1581.5,1432.58,0.05132962275819408,1
2025-05-11,1570.0,1621.0,1569.0,1582.0,1132130739567,715705364,8589,1617.0,1576.0,52.91166433266718,55.62786216190011,65.96531945055186,1760.5728673618125,1420.3271326381875,1590.45,1438.28,0.11738578680203049,1
2025-05-12,1629.0,1629.0,1629.0,1629.0,1136789956233,697845277,4537,1582.0,1629.0,57.50245717836666,53.27947511335469,63.42815058311243,1755.6470365905016,1444.3529634094984,1600.0,1445.6,0.04542664211172509,0
2025-05-13,1655.0,1658.0,1613.0,1639.0,1304083071491,795636879,8153,1629.0,1653.0,59.431251935144644,52.74692713955619,61.29190589440119,1738.858081848825,1486.741918151175,1612.8,1452.44,0.01754385964912286,0
2025-05-14,1627.0,1688.0,1627.0,1682.0,2169906552066,1290018832,10710,1639.0,1688.0,62.1305606575825,54.520606907781485,59.93764609707725,1730.8702216023148,1518.329778397685,1624.6,1459.46,-0.010663507109004766,0
2025-05-17,1707.0,1732.0,1665.0,1710.0,2023813775295,1183749290,12966,1682.0,1700.0,63.03860527450923,56.24618955345363,59.19935478835252,1727.3523268073116,1542.5476731926885,1634.95,1466.46,-0.040000000000000036,0
2025-05-18,1700.0,1761.0,1691.0,1754.0,2997856768957,1708857705,15923,1710.0,1761.0,67.32740018194272,61.82325641768716,59.72413511421946,1742.5621880231195,1549.7378119768807,1646.15,1474.62,-0.0942646223736513,0
2025-05-19,1761.0,1794.0,1702.0,1734.0,1605238002190,925755702,11753,1754.0,1703.0,60.17744213433742,60.86143408718431,59.95159490881243,1747.0189095510505,1557.2810904489497,1652.15,1481.5,-0.06224310041103931,0
2025-05-20,1703.0,1730.0,1682.0,1690.0,2483303646546,1469391754,13580,1734.0,1682.0,57.784675668797824,57.739078311580215,59.509091589365994,1749.8980425411125,1559.6019574588875,1654.75,1487.08,-0.05231866825208087,0
2025-05-21,1640.0,1689.0,1640.0,1644.0,1364502006681,829840900,6859,1690.0,1670.0,56.404522920902586,53.67752802229984,58.34277887595277,1749.8148779077458,1559.5851220922543,1654.7,1493.32,-0.05029940119760479,0
2025-05-24,1680.0,1680.0,1599.0,1635.0,837161559199,512107525,6801,1644.0,1632.0,52.15629108829276,46.85235297488862,56.044693695739944,1741.3646084991594,1559.4353915008408,1650.4,1499.08,-0.02573529411764708,0
2025-05-25,1611.0,1631.0,1586.0,1590.0,2484712362788,1562906693,12573,1635.0,1595.0,48.3386784289795,38.01949670726003,52.43965429804396,1741.2561168190948,1553.2438831809052,1647.25,1503.76,-0.02445141065830725,0
2025-05-26,1607.0,1617.0,1562.0,1586.0,641900557950,404813237,5178,1590.0,1597.0,48.557866587491354,30.825441264448273,48.11681169132483,1741.4295809552973,1548.3704190447029,1644.9,1509.38,-0.03318722604884161,0
2025-05-27,1608.0,1621.0,1580.0,1598.0,619562039240,387625453,4768,1586.0,1594.0,48.22732909417411,24.598469720770254,43.41314329721392,1742.0784660035051,1544.6215339964947,1643.35,1514.9,-0.04893350062735258,0
2025-05-28,1601.0,1601.0,1580.0,1585.0,618568019105,390278741,4498,1598.0,1586.0,47.30263124663245,18.80128723246662,38.490772084264464,1739.0216825985551,1538.378317401445,1638.7,1520.22,-0.06872635561160156,0
2025-05-31,1620.0,1622.0,1573.0,1591.0,508482354457,319575046,4088,1585.0,1590.0,47.84113588542424,14.364163776018131,33.6654504226152,1739.4511341130128,1536.648865886987,1638.05,1526.68,-0.060377358490566024,0
2025-06-01,1570.0,1590.0,1544.0,1557.0,1596696058503,1025589512,10213,1591.0,1556.0,43.748808615884876,8.011840113262224,28.53472836074461,1741.8460962703662,1531.1539037296338,1636.5,1532.38,-0.06169665809768643,0
2025-06-02,1556.0,1579.0,1533.0,1547.0,668349274314,432032891,5748,1557.0,1544.0,42.37119753895247,1.9863803761938925,23.22505876383447,1744.9114723912367,1524.5885276087633,1634.75,1537.02,-0.04663212435233166,0
2025-06-03,1541.0,1541.0,1504.0,1515.0,1039827792603,686345703,6812,1547.0,1516.0,39.26434778132584,-4.990676459129645,17.581911719241646,1749.8254705788263,1506.7745294211736,1628.3,1540.44,-0.03891820580474936,0
2025-06-07,1470.0,1504.0,1470.0,1476.0,2175066180711,1473330633,11227,1515.0,1477.0,35.373705289862244,-13.511268834848579,11.363275608423603,1754.2133547500212,1482.3866452499788,1618.3,1543.34,-0.04197698036560593,0
2025-06-08,1500.0,1519.0,1482.0,1505.0,475787049263,316114885,3853,1476.0,1494.0,38.246177151839625,-18.67684669235109,5.355251148268665,1758.4746732420922,1465.825326757908,1612.15,1546.82,-0.08099062918340028,0
2025-06-09,1505.0,1506.0,1460.0,1465.0,1787746496873,1220643058,10965,1505.0,1460.0,34.904653520745725,-25.22336100586608,-0.7604712825582851,1766.490282250922,1446.2097177490778,1606.35,1549.12,-0.0876712328767123,0
2025-06-10,1463.0,1493.0,1442.0,1458.0,621198975384,426089383,4988,1465.0,1472.0,36.996865449929885,-29.107685769949057,-6.42991418003644,1768.5170579659728,1428.4829420340272,1598.5,1551.72,-0.12160326086956519,0
2025-06-11,1477.0,1488.0,1446.0,1458.0,375481511829,257513037,3627,1458.0,1457.0,35.462530594813785,-33.01582983559865,-11.747097311148883,1767.3953832627046,1410.0046167372955,1588.7,1554.3,-0.12010981468771453,0
2025-06-28,1415.0,1415.0,1415.0,1415.0,205023147860,144892684,757,1458.0,1415.0,31.520733616539275,-39.05194464674196,-17.2080667782675,1762.7971437849446,1387.3028562150553,1575.05,1555.12,-0.11378091872791518,0
2025-06-29,1373.0,1373.0,1373.0,1373.0,161359142158,117523046,730,1415.0,1373.0,28.15094824632186,-46.68648537174886,-23.103750496963773,1756.7455503145793,1360.6544496854208,1558.7,1555.36,-0.10196649672250546,0
2025-06-30,1332.0,1332.0,1332.0,1332.0,129457740672,97190496,549,1373.0,1332.0,25.3067400861394,-55.40657869907068,-29.564316137385156,1735.9335423466282,1338.5664576533718,1537.25,1555.2,-0.07732732732732728,0
2025-07-01,1293.0,1293.0,1293.0,1293.0,3409491450327,2636884339,14044,1332.0,1293.0,22.933190732761787,-64.71825775951856,-36.59510446181184,1727.0620300872115,1306.4379699127885,1516.75,1554.52,-0.04098994586233562,0
2025-07-02,1255.0,1301.0,1255.0,1263.0,4579867680624,3627346966,27110,1293.0,1282.0,22.297947976896694,-72.15369568141341,-43.70682270573216,1716.2748277516782,1277.2251722483218,1496.75,1553.04,-0.01404056162246492,0
2025-07-07,1275.0,1300.0,1252.0,1271.0,577390319162,454130661,5594,1263.0,1254.0,20.724308249791093,-79.39053512812416,-50.843565190210555,1704.5172548713044,1247.3827451286957,1475.95,1551.38,0.01594896331738438,0
2025-07-08,1277.0,1277.0,1233.0,1234.0,491017650291,397841371,3558,1271.0,1233.0,19.606696920878946,-85.83090181568218,-57.84103251530489,1695.969998123523,1216.030001876477,1456.0,1548.88,0.04947283049472828,0
2025-07-09,1197.0,1233.0,1197.0,1211.0,628485135352,519183466,5384,1234.0,1229.0,19.392179408274075,-90.21773153595495,-64.3163723194349,1688.074998750681,1187.325001249319,1437.7,1545.52,0.054515866558177306,1
2025-07-12,1217.0,1247.0,1217.0,1242.0,458168940941,368907450,4175,1211.0,1240.0,21.92208266727934,-91.74909121382166,-69.80291609831225,1673.1381955390011,1166.5618044609987,1419.85,1541.56,0.04354838709677411,0
2025-07-13,1262.0,1266.0,1232.0,1252.0,1043621689522,833861209,7692,1242.0,1264.0,27.28445814002484,-89.98877083364505,-73.84008704537882,1652.0629067808968,1154.637093219103,1403.35,1538.9,0.023734177215189778,0
2025-07-14,1277.0,1278.0,1261.0,1272.0,1138282149936,894828943,7806,1252.0,1274.0,29.458399136157567,-86.78636858896402,-76.42934335409586,1627.6640471072983,1147.8359528927017,1387.75,1535.34,0.01491365777080067,0
2025-07-15,1295.0,1297.0,1280.0,1288.0,1155789923315,897645040,8188,1272.0,1294.0,33.72594992492536,-81.69290394040809,-77.48205547135831,1597.1360611175521,1148.763938882448,1372.95,1531.36,0.004636785162287493,0
2025-07-16,1294.0,1301.0,1291.0,1294.0,553757173655,428048467,4111,1288.0,1296.0,34.15493413485312,-76.61178031045188,-77.30800043917702,1569.8694845634932,1150.030515436507,1359.95,1526.54,-0.0038580246913579863,0
2025-07-19,1300.0,1311.0,1291.0,1295.0,739973119414,571278824,5335,1294.0,1294.0,33.91849516702467,-71.91731843159232,-76.22986403766009,1541.1925869534175,1153.7074130465826,1347.45,1520.76,-0.005409582689335446,0
2025-07-20,1309.0,1309.0,1294.0,1298.0,794949672906,612518034,5444,1295.0,1294.0,33.91849516702467,-67.41975065263864,-74.46784136065581,1515.0478175563494,1157.6521824436504,1336.35,1514.04,-0.020092735703245768,0
2025-07-21,1275.0,1325.0,1275.0,1297.0,552251430568,425641981,4654,1298.0,1293.0,33.78288205859194,-63.207471046305955,-72.21576729778585,1494.522966752108,1159.7770332478922,1327.15,1506.48,-0.04176334106728541,0
2025-07-22,1302.0,1310.0,1297.0,1300.0,827237597386,636226120,5691,1297.0,1300.0,35.7202928201481,-58.62853436275395,-69.49832071077947,1466.5036480580136,1168.3963519419865,1317.45,1498.12,-0.06692307692307697,0
2025-07-23,1300.0,1305.0,1290.0,1295.0,2583062464344,1993875411,15944,1300.0,1291.0,34.329544244200704,-55.09086562934135,-66.61682969449184,1443.1909087807444,1174.8090912192556,1309.0,1490.78,-0.08210689388071257,0
2025-07-26,1295.0,1296.0,1287.0,1292.0,1064580502232,824295174,6518,1295.0,1287.0,33.701507424790805,-52.010460033313166,-63.69555576225611,1411.3203813715897,1188.1796186284103,1299.75,1483.64,-0.08780108780108775,0
2025-07-27,1284.0,1287.0,1267.0,1277.0,1043138578163,816569280,7119,1292.0,1268.0,30.817521913815952,-50.519994565959905,-61.06044352299687,1376.0137095183838,1204.586290481616,1290.3,1476.5,-0.07807570977917977,0
2025-07-28,1270.0,1270.0,1239.0,1250.0,1067295716626,853551601,7033,1277.0,1239.0,27.017255391133503,-51.08991484577223,-59.066337787551944,1348.2337995276891,1214.7662004723109,1281.5,1467.7,-0.04923325262308309,0
2025-07-29,1213.0,1213.0,1213.0,1221.0,87548819637,72175449,621,1250.0,1213.0,24.14275008505294,-53.028286405787185,-57.85872751119899,1332.3336638277929,1214.6663361722071,1273.5,1459.9,-0.05935696619950537,0
2025-07-30,1185.0,1185.0,1185.0,1185.0,166417798785,140436961,1405,1221.0,1185.0,21.49091691608548,-56.17626085986376,-57.52223418093195,1330.3941436973184,1201.9058563026817,1266.15,1451.86,-0.03375527426160341,0
2025-08-02,1184.0,1199.0,1174.0,1181.0,1563556282099,1323690519,10401,1185.0,1174.0,20.53656909237195,-58.8799301801821,-57.793773380781985,1334.6301014335036,1185.7698985664965,1260.2,1443.76,0.0,0
2025-08-03,1190.0,1190.0,1168.0,1176.0,728760235455,619683368,5416,1181.0,1169.0,20.099648801641194,-60.72605366270841,-58.38022943716727,1338.0999251908795,1171.0000748091204,1254.55,1434.24,-0.010265183917878562,0
2025-08-04,1170.0,1183.0,1148.0,1164.0,587421649333,504636835,4775,1176.0,1178.0,23.264321842331626,-60.762463187050116,-58.85667618714385,1340.720828602395,1160.779171397605,1250.75,1424.26,-0.04584040747028861,0
2025-08-05,1166.0,1175.0,1131.0,1153.0,562317367873,487529135,4361,1164.0,1141.0,19.793402556437854,-63.050106396297224,-59.69536222897453,1347.914974325165,1144.385025674835,1246.15,1414.74,-0.02979842243645925,0
2025-08-06,1149.0,1155.0,1135.0,1140.0,519186807442,455330544,3808,1153.0,1145.0,21.16279611486013,-63.804811401874986,-60.51725206355462,1352.733527653715,1131.166472346285,1241.95,1406.12,-0.055021834061135366,0
2025-08-09,1144.0,1174.0,1143.0,1173.0,299291636339,255250298,2782,1140.0,1174.0,30.435917394416037,-61.355593826166796,-60.68492041607706,1353.3326490773625,1123.9673509226377,1238.65,1397.02,-0.05962521294718914,0
2025-08-10,1174.0,1189.0,1138.0,1158.0,271462785151,234352433,2999,1173.0,1157.0,28.332095227674927,-60.09360747680921,-60.5666578282235,1352.641694304218,1113.958305695782,1233.3,1387.1,-0.036300777873811585,0
2025-08-11,1157.0,1167.0,1124.0,1130.0,254918322576,225552458,2934,1158.0,1124.0,24.754965739150464,-61.052522929856195,-60.663830848550035,1352.5889585074399,1099.01104149256,1225.8,1375.82,0.004448398576512469,0
2025-08-12,1130.0,1130.0,1107.0,1115.0,578788368340,519157216,4837,1130.0,1107.0,23.134514304442646,-62.46418007478064,-61.023900693796165,1349.183530049499,1083.716469950501,1216.45,1363.96,0.0,0
2025-08-13,1107.0,1108.0,1082.0,1083.0,502955162647,464597594,4525,1115.0,1082.0,20.96145814134485,-64.85263874872658,-61.78964830478225,1345.4280226069984,1066.0719773930016,1205.75,1350.38,0.015711645101663674,0
2025-08-16,1083.0,1109.0,1075.0,1083.0,340988904090,314921637,3804,1083.0,1104.0,27.422190859254414,-64.22989111436846,-62.27769686669949,1336.4710754465998,1056.0289245534002,1196.25,1338.4,-0.009057971014492794,0
2025-08-17,1100.0,1115.0,1100.0,1109.0,100318683932,89990787,1120,1083.0,1115.0,30.48200319982064,-62.13252597503515,-62.24866268836663,1324.2337065860738,1050.366293413926,1187.3,1327.06,-0.04663677130044841,0
2025-08-18,1142.0,1142.0,1120.0,1135.0,321463741228,283158907,3167,1109.0,1129.0,34.27961915154492,-58.6644190883776,-61.53181396836883,1309.2044195998,1048.9955804001997,1179.1,1316.24,-0.03897254207263068,0
2025-08-19,1116.0,1134.0,1101.0,1113.0,140177621041,125911942,2139,1135.0,1107.0,31.378746198793593,-57.033686694690005,-60.63218851363307,1290.573862221285,1048.326137778715,1169.45,1305.74,-0.014453477868112019,0
2025-08-20,1110.0,1119.0,1091.0,1098.0,201969796492,183863433,2268,1113.0,1099.0,30.37222860630176,-55.74426744955372,-59.6546043008172,1270.936047726079,1048.7639522739207,1159.85,1295.82,-0.009099181073703333,0
2025-08-23,1081.0,1113.0,1075.0,1093.0,138366827617,126615699,1850,1098.0,1094.0,29.730353464423047,-54.497636787984675,-58.623210798250696,1248.1869379019504,1052.2130620980497,1150.2,1285.76,0.010054844606947055,0
2025-08-25,1093.0,1093.0,1061.0,1065.0,211116019787,198270534,3105,1093.0,1063.0,26.053944967297653,-55.37281063674982,-57.97313076595052,1228.9813989522831,1050.918601047717,1139.95,1275.14,0.0705550329256821,1
2025-08-26,1040.0,1090.0,1040.0,1069.0,219680079940,205561765,2389,1065.0,1085.0,32.43901052217042,-53.67247321755758,-57.11299925627194,1211.8185239237257,1052.6814760762743,1132.25,1265.12,0.07926267281105992,1
2025-08-27,1088.0,1101.0,1070.0,1097.0,203744232133,185752875,2427,1069.0,1091.0,34.1100352587421,-51.25001543081066,-55.94040249117969,1198.3892552522552,1053.910744747745,1126.15,1255.14,0.06416131989000906,1
2025-08-30,1066.0,1093.0,1065.0,1073.0,260446967016,242819980,3440,1097.0,1089.0,33.80984713028971,-48.92757681805119,-54.53783735655399,1189.977326914287,1052.7226730857128,1121.35,1245.8,0.11662075298438945,1
2025-08-31,1104.0,1105.0,1075.0,1105.0,324263692127,293469609,2325,1073.0,1105.0,38.47471801827622,-45.274069906993645,-52.685083866641925,1182.4070538732037,1053.3929461267965,1117.9,1237.02,0.12850678733031673,1
2025-09-02,1125.0,1138.0,1121.0,1137.0,157129474006,138149690,1318,1105.0,1138.0,46.80228049737813,-39.26321326833636,-50.00070974698082,1177.260672294766,1055.4393277052338,1116.35,1229.46,0.0834797891036907,1
2025-09-03,1171.0,1171.0,1165.0,1171.0,593383305134,506800219,4176,1137.0,1171.0,53.57007213179911,-31.473929995675007,-46.29535379671966,1175.555016576275,1056.444983423725,1116.0,1223.34,0.05038428693424413,1
2025-09-06,1185.0,1206.0,1157.0,1181.0,541772463078,458573589,4793,1171.0,1161.0,51.43466531034485,-25.810258713724807,-42.198334780120696,1178.8287958753879,1055.1712041246121,1117.0,1216.68,0.09130060292850994,1
2025-09-07,1152.0,1216.0,1152.0,1211.0,719064605763,593604345,5013,1181.0,1216.0,60.71100575376928,-16.69131102884944,-37.09693002986644,1195.2212126552154,1045.8787873447845,1120.55,1211.8,0.019736842105263053,0
2025-09-08,1237.0,1247.0,1218.0,1247.0,1134162262698,909605151,5777,1211.0,1247.0,64.79292093496181,-6.883687503333476,-31.05428152455985,1214.4720333181901,1033.92796668181,1124.2,1207.3,-0.02245388933440262,0
2025-09-09,1275.0,1275.0,1214.0,1239.0,582831634629,470548501,5308,1247.0,1233.0,61.67644742169407,-0.2380145132187863,-24.89102812229164,1229.2106713711576,1026.7893286288424,1128.0,1202.82,-0.035685320356853234,0
2025-09-13,1238.0,1245.0,1211.0,1231.0,333432992342,270839164,3004,1239.0,1230.0,60.99936876389927,4.732105516223783,-18.96640139458856,1243.7936197225908,1022.8063802774092,1133.3,1199.12,-0.0536585365853659,0
2025-09-14,1240.0,1267.0,1230.0,1266.0,998748042594,788849818,5643,1231.0,1267.0,65.96236857102559,11.523714023437378,-12.86837831098337,1265.3549878054105,1017.2450121945893,1141.3,1197.0,-0.08602999210734019,0
2025-09-15,1296.0,1297.0,1230.0,1256.0,527420716399,419976883,4371,1266.0,1240.0,59.965546772982016,14.55960428950516,-7.382781790885664,1277.2040624331926,1021.1959375668076,1149.2,1195.16,-0.057258064516129026,0
2025-09-16,1235.0,1254.0,1219.0,1223.0,493773232141,403902432,3643,1256.0,1219.0,55.72233758635085,15.097015702641102,-2.8868222921803106,1284.636506620391,1025.2634933796091,1154.95,1193.68,-0.012305168170631653,0
2025-09-17,1215.0,1215.0,1187.0,1199.0,346866706948,289282204,3255,1223.0,1189.0,50.25178972659897,12.952856374441126,0.28111344114397685,1287.7875623101222,1029.512437689878,1158.65,1191.82,0.04037005887300249,0
2025-09-20,1164.0,1164.0,1164.0,1164.0,699097504884,600599231,3287,1199.0,1164.0,46.18281206468865,9.131046571726756,2.0511000672605326,1288.82959160334,1031.97040839666,1160.4,1190.02,0.08848797250859097,1
2025-09-21,1130.0,1158.0,1130.0,1135.0,565685343423,498354028,4763,1164.0,1158.0,45.23610653232044,5.554061152828353,2.751692284374097,1289.0411971526987,1036.8588028473014,1162.95,1188.52,0.12694300518134716,1
2025-09-22,1152.0,1169.0,1152.0,1169.0,313205490801,267950824,2379,1135.0,1169.0,47.36632598405364,3.565778432576508,2.914509514014579,1289.0851907056076,1043.8148092943925,1166.45,1187.32,0.14970059880239517,1
2025-09-23,1189.0,1204.0,1177.0,1201.0,471844704717,392922287,3594,1169.0,1204.0,53.55665287150252,4.759394210925393,3.2834864533967423,1290.9062524603091,1052.993747539691,1171.95,1186.6,0.12707641196013286,1
2025-09-24,1182.0,1237.0,1170.0,1231.0,1352678265023,1099132388,9044,1201.0,1237.0,58.51127526739072,8.27280378984915,4.281349920687224,1291.6459909158923,1069.6540090841079,1180.65,1186.06,0.09296685529506865,1
2025-09-27,1260.0,1267.0,1259.0,1267.0,550016530397,434276487,3267,1231.0,1267.0,62.43470477918138,13.324360539264262,6.089952044402632,1297.686787053353,1081.813212946647,1189.75,1185.92,0.09471191791633782,1
2025-09-28,1305.0,1305.0,1305.0,1305.0,367179268320,281363424,2009,1267.0,1305.0,66.72687017156471,20.161627388073384,8.904287113136782,1309.5306582277583,1091.3693417722418,1200.45,1186.14,0.09425287356321843,1
2025-09-29,1344.0,1344.0,1344.0,1344.0,465539559744,346383601,2408,1305.0,1344.0,70.4576557600312,28.399809364911334,12.803391563491694,1326.714051990937,1099.6859480090632,1213.2,1187.1,0.05133928571428581,1
2025-09-30,1375.0,1384.0,1344.0,1372.0,2611642344274,1903296058,15754,1344.0,1357.0,71.60073709345497,35.567617929500784,17.356236836693512,1344.3100839566034,1107.2899160433965,1225.8,1188.36,0.0641120117907148,1
2025-10-01,1340.0,1372.0,1331.0,1347.0,1255871388188,932035379,9574,1372.0,1352.0,70.47131599760887,40.37923298233318,21.960836065821447,1359.9106964545672,1113.0893035454328,1236.5,1189.52,0.04289940828402372,0
2025-10-04,1385.0,1387.0,1384.0,1387.0,804410028362,580053193,3946,1347.0,1387.0,73.60943761642582,46.48087744842883,26.864844342342924,1383.0779068898967,1111.5220931101032,1247.3,1191.4,0.050468637346791745,1
2025-10-05,1428.0,1428.0,1394.0,1423.0,3122399878555,2194743517,16940,1387.0,1428.0,76.72930116429153,54.00232678854991,32.292340831584326,1411.5264726503162,1109.773527349684,1260.65,1193.96,0.042717086834733964,0
2025-10-06,1440.0,1465.0,1400.0,1444.0,2059264426028,1426558035,12687,1423.0,1413.0,73.31447372957697,58.083207875100015,37.45051424028747,1433.6533021406608,1107.3466978593392,1270.5,1196.4,0.04529370134465682,0
2025-10-07,1423.0,1487.0,1414.0,1453.0,1099302972318,756703917,8649,1444.0,1444.0,75.71950220929513,63.091496955729326,42.57871078337584,1459.6288609942674,1101.0711390057324,1280.35,1199.54,0.0020775623268698418,0
2025-10-08,1431.0,1450.0,1410.0,1415.0,1285244527038,908323421,9325,1453.0,1410.0,68.43462478768683,63.58412803649912,46.7797942340005,1475.589484680338,1102.810515319662,1289.2,1202.38,0.010638297872340496,0
2025-10-11,1430.0,1457.0,1410.0,1446.0,898474619259,621501255,6628,1415.0,1457.0,72.38917827911305,66.99477486004821,50.82279035921004,1498.4292308439724,1102.6707691560275,1300.55,1206.74,0.0027453671928621137,0
2025-10-12,1458.0,1489.0,1449.0,1488.0,2011431795956,1351572881,10273,1446.0,1489.0,74.7121073117612,71.4561673872156,54.94946576481116,1525.0531630491973,1098.2468369508028,1311.65,1212.26,-0.028878441907320362,0
2025-10-13,1502.0,1528.0,1468.0,1491.0,1199914843465,804944587,9333,1488.0,1477.0,72.25709836673003,73.17998013770602,58.59556863939013,1545.8074447682811,1101.1925552317189,1323.5,1218.1,-0.029790115098171976,0
2025-10-14,1470.0,1500.0,1447.0,1460.0,1956355464147,1339651966,11765,1491.0,1447.0,66.38421210838456,71.30342340219045,61.137139591950195,1557.9855441291581,1111.814455870842,1334.9,1223.56,-0.10711817553559089,0
2025-10-15,1418.0,1456.0,1417.0,1419.0,832902830915,586961335,6525,1460.0,1425.0,62.38012581896516,67.26562626294412,62.36283692614899,1562.5157547525266,1130.8842452474735,1346.7,1228.68,-0.07719298245614037,0
2025-10-18,1458.0,1461.0,1431.0,1460.0,1298787163839,889459816,7693,1419.0,1461.0,65.99464428969236,66.20734501409902,63.131738543739,1565.5877171000568,1157.512282899943,1361.55,1234.34,-0.08624229979466114,0
2025-10-19,1479.0,1495.0,1444.0,1460.0,955260442549,654133061,7714,1460.0,1446.0,63.267023727353425,63.42712642866104,63.19081612072341,1560.182977502409,1191.7170224975912,1375.95,1240.44,-0.05878284923928079,0
2025-10-20,1447.0,1476.0,1418.0,1437.0,735090643922,511444516,6751,1460.0,1433.0,60.91711305663188,59.48903920156704,62.45046073689214,1548.3043590336226,1229.9956409663776,1389.15,1246.2,-0.057920446615492005,0
2025-10-25,1260.0,1296.0,1248.0,1277.0,402311944628,314964201,3281,1247.0,1292.0,42.48515126346137,44.47784220938115,58.85593703138994,1535.9725754555902,1251.1274245444097,1393.55,1248.56,0.025541795665634748,0
2025-10-26,1300.0,1315.0,1297.0,1314.0,1744512286332,1327293787,9832,1277.0,1315.0,45.38793228467918,34.04482072308883,53.89371376972972,1526.1193048065597,1268.7806951934404,1397.45,1251.72,0.033460076045627396,0
2025-10-27,1323.0,1348.0,1300.0,1323.0,1087856029920,822538500,8560,1314.0,1335.0,47.85257517941873,27.078267470602214,48.53062450990422,1518.6893397783754,1283.0106602216244,1400.85,1255.94,0.014981273408239737,0
2025-10-28,1350.0,1362.0,1317.0,1356.0,1917266215259,1413649057,11514,1323.0,1361.0,50.95155441863035,23.385631532379648,43.501625914399305,1514.7126399803437,1292.5873600196564,1403.65,1261.02,-0.02204261572373256,0
2025-10-29,1360.0,1373.0,1330.0,1344.0,766478921164,570507904,7348,1356.0,1350.0,49.608342497861926,19.348544896650992,38.671009710849646,1514.3972272146452,1293.5027727853549,1403.95,1266.38,-0.01925925925925931,0
2025-11-01,1360.0,1368.0,1316.0,1334.0,928097189077,695469806,8049,1344.0,1325.0,46.60144587109921,13.970787049323462,33.73096517854441,1516.3417102222938,1288.358289777706,1402.35,1270.8,-0.03396226415094339,0
2025-11-02,1304.0,1369.0,1304.0,1338.0,938330563232,701437018,7711,1334.0,1359.0,50.95535138713942,12.310483470370855,29.4468688369097,1516.1126976991707,1289.2873023008294,1402.7,1275.68,-0.07211184694628403,0
2025-11-03,1367.0,1378.0,1341.0,1372.0,1687784128685,1230476476,9984,1338.0,1355.0,50.434346665277566,10.550297094036296,25.66755448833502,1516.2432151687776,1285.9567848312222,1401.1,1280.2,-0.08413284132841325,0
2025-11-04,1350.0,1360.0,1331.0,1340.0,1299979286665,970052664,9041,1372.0,1331.0,47.308774771853734,7.13647247332915,21.96133808533385,1514.5798356265375,1277.9201643734625,1396.25,1284.68,-0.06836964688204361,0
2025-11-05,1307.0,1338.0,1304.0,1318.0,627935856935,476280158,6181,1340.0,1324.0,46.405450727044354,3.8220916739337554,18.333488803053832,1513.9091315152282,1269.6908684847717,1391.8,1289.18,-0.0619335347432024,0
2025-11-08,1318.0,1334.0,1279.0,1299.0,1500948901115,1155271538,11232,1318.0,1280.0,41.0939301516735,-2.328173529853757,14.201156336472314,1512.4276367842056,1254.7723632157943,1383.6,1292.9,-0.008593749999999956,0
2025-11-09,1270.0,1279.0,1261.0,1262.0,879956370845,697547021,5727,1299.0,1261.0,39.017147731965025,-8.635895002566485,9.633746068664555,1514.863049131663,1237.4369508683371,1376.15,1296.86,0.022997620935765184,0
2025-11-10,1230.0,1265.0,1230.0,1244.0,818678399134,658006012,6347,1262.0,1241.0,36.90299659248566,-15.074868862924632,4.692023082346719,1510.6789716450337,1220.0210283549661,1365.35,1299.98,0.03948428686543104,0
2025-11-11,1248.0,1260.0,1231.0,1242.0,490161578681,394620178,4905,1244.0,1240.0,36.795639299027805,-20.027627655365905,-0.2519070651958062,1496.3752940383915,1209.4247059616087,1352.9,1302.96,0.0370967741935484,0
2025-11-12,1242.0,1255.0,1231.0,1241.0,519917283418,419069508,4312,1242.0,1242.0,37.189206483696815,-23.520214998100528,-4.905568651776751,1480.4787838151283,1201.821216184872,1341.15,1306.02,0.07246376811594213,1
2025-11-15,1264.0,1275.0,1238.0,1253.0,452155312480,360850034,3934,1241.0,1269.0,42.40339990168942,-23.83468981080614,-8.69139288358263,1466.025745183507,1198.474254816493,1332.25,1309.3,0.04018912529550822,0
2025-11-16,1276.0,1290.0,1249.0,1280.0,722459441734,564572397,5081,1253.0,1290.0,46.147915060541784,-22.13423913915608,-11.37996213469732,1453.3679005826034,1197.6320994173966,1325.5,1312.34,0.05736434108527133,1
2025-11-17,1300.0,1318.0,1285.0,1309.0,978536433324,747560940,6593,1280.0,1290.0,46.147915060541784,-20.549735175451133,-13.213916742848085,1429.3679256142116,1204.5320743857885,1316.95,1314.72,0.08372093023255811,1
2025-11-18,1303.0,1309.0,1286.0,1294.0,460876484688,356262420,3945,1309.0,1286.0,45.494531793251966,-19.393217993910866,-14.449776993060642,1405.088389831546,1212.811610168454,1308.95,1317.22,0.08087091757387244,1
2025-11-19,1292.0,1332.0,1292.0,1310.0,613388303156,468215100,4916,1294.0,1332.0,53.62606430702107,-14.596593786220865,-14.479140351692688,1382.4440004036098,1225.3559995963903,1303.9,1319.54,0.04279279279279269,0
2025-11-22,1340.0,1348.0,1311.0,1325.0,472380461598,356399363,4398,1310.0,1320.0,51.468890051717835,-11.629476885196254,-13.909207658393402,1383.943753721464,1226.656246278536,1305.3,1321.0,0.06212121212121202,1
2025-11-23,1325.0,1364.0,1313.0,1358.0,1109172072401,816565678,7706,1325.0,1364.0,58.12103042535251,-5.662311485416694,-12.259828423798062,1390.4007713176488,1225.0992286823512,1307.75,1323.62,0.0256598240469208,0
2025-11-25,1375.0,1398.0,1370.0,1397.0,1485284476832,1063184334,7515,1358.0,1398.0,62.40886076191537,1.789596579771569,-9.449943423084136,1401.8503161039166,1219.9496838960836,1310.9,1326.98,0.007868383404864066,0
2025-11-26,1420.0,1429.0,1364.0,1392.0,703453802843,505291872,6056,1397.0,1390.0,60.83066836519138,6.9694151883402355,-6.166071700799262,1407.2863470932093,1217.4136529067905,1312.35,1329.44,0.021582733812949728,0
2025-11-29,1380.0,1425.0,1366.0,1382.0,509012914093,368401766,4592,1392.0,1389.0,60.624294316374865,10.868482016269127,-2.7591609573855846,1413.744657973178,1214.855342026822,1314.3,1332.42,0.04751619870410373,0
2025-11-30,1382.0,1402.0,1354.0,1387.0,649683466902,468312416,5988,1382.0,1402.0,62.40969768774375,14.836486146227571,0.7599684633370467,1424.6643652255527,1211.6356347744475,1318.15,1336.08,0.024251069900142586,0
2025-12-01,1400.0,1423.0,1387.0,1404.0,375023091161,267021641,3918,1387.0,1399.0,61.71426334220361,17.53692828626663,4.115360427922964,1431.0684835787185,1209.2315164212816,1320.15,1340.28,0.052894924946390365,1
2025-12-02,1415.0,1421.0,1390.0,1409.0,625835207683,444248342,4953,1404.0,1409.0,63.18681610714824,20.25052907078384,7.342394156495139,1439.510661747662,1206.1893382523378,1322.85,1345.18,0.03406671398154715,0
2025-12-03,1410.0,1426.0,1397.0,1413.0,1293026571347,914911605,7823,1409.0,1420.0,64.79103803228605,23.023287188901122,10.478572762976338,1451.4162358412568,1203.183764158743,1327.3,1350.42,0.061267605633802846,1
2025-12-06,1415.0,1455.0,1410.0,1446.0,2019538855621,1396271962,11553,1413.0,1455.0,69.36542563084996,27.7253251767263,13.927923245726332,1469.8371685101301,1197.8628314898697,1333.85,1356.14,0.06254295532646048,1
2025-12-07,1488.0,1488.0,1428.0,1453.0,793970930136,546315575,6917,1446.0,1436.0,64.46877208193331,29.577630435828723,17.05786468374681,1482.2064299468461,1201.093570053154,1341.65,1360.78,0.10724233983286902,1
2025-12-08,1450.0,1482.0,1439.0,1461.0,950426450143,650383697,6541,1453.0,1473.0,69.05062378715178,33.643366687993876,20.374965084596223,1498.729862095111,1205.770137904889,1352.25,1365.5,0.10454854039375427,1
2025-12-09,1478.0,1483.0,1449.0,1464.0,597302501090,408042013,5125,1461.0,1457.0,65.13884907220312,35.16901911703485,23.33377589108395,1506.9561847156085,1219.1438152843914,1363.05,1369.3,0.10226492793411124,1
2025-12-10,1450.0,1507.0,1440.0,1501.0,1430758417495,953418068,8583,1464.0,1507.0,70.72095249094613,39.95214829514907,26.657450371896974,1521.700240878682,1231.0997591213181,1376.4,1373.34,0.1227604512276046,1
2025-12-13,1529.0,1546.0,1520.0,1544.0,1432779648300,927979116,9013,1501.0,1546.0,74.19220596488066,46.35543014928271,30.597046327374123,1541.0261021354809,1242.173897864519,1391.6,1377.38,0.1196636481241915,1
2025-12-14,1568.0,1590.0,1498.0,1580.0,2686778012091,1700738860,12630,1544.0,1590.0,77.44165264797725,54.35395091648911,35.34842724519712,1569.4032379873845,1245.8967620126157,1407.65,1382.04,0.07861635220125796,1
2025-12-15,1611.0,1627.0,1607.0,1626.0,2945958419560,1811851748,13136,1580.0,1627.0,79.75055414429758,62.95274694872819,40.869291185903336,1603.0581137876507,1245.9418862123493,1424.5,1387.54,0.03441917639827907,0
2025-12-16,1643.0,1674.0,1587.0,1648.0,2499804346953,1516687960,15509,1626.0,1606.0,75.05506963782031,67.29707151018351,46.154847250759374,1624.296847797466,1256.303152202534,1440.3,1391.92,0.060398505603985075,1
2025-12-17,1620.0,1697.0,1615.0,1681.0,2142735565165,1274675758,14057,1648.0,1692.0,80.19714417712022,76.79422526619351,52.2827228538462,1660.8881923614172,1260.3118076385826,1460.6,1397.2,0.029550827423167947,0
2025-12-20,1720.0,1731.0,1701.0,1730.0,2560683710793,1479807676,14225,1681.0,1731.0,82.00838826714103,86.47097849080319,59.120373981237606,1703.7964781343803,1257.3035218656196,1480.55,1403.56,0.0121317157712304,0
2025-12-21,1760.0,1760.0,1687.0,1715.0,2246685214715,1309698317,16023,1730.0,1715.0,78.82314240964162,91.79070277229744,65.65443973944957,1732.9302645818136,1267.6697354181863,1500.3,1408.98,0.061224489795918435,1
2025-12-22,1727.0,1735.0,1664.0,1692.0,2327585467458,1375556036,18843,1715.0,1683.0,72.73812967150434,92.35982347406843,70.99551648637335,1753.0189802305295,1279.4810197694705,1516.25,1414.44,0.039809863339275164,0
2025-12-23,1697.0,1718.0,1673.0,1692.0,863630376373,510427012,8212,1692.0,1703.0,74.08469896180364,93.3486237563784,75.46613794037435,1775.0319280903532,1287.9680719096468,1531.5,1419.36,-0.0005871990604815469,0
2025-12-24,1720.0,1742.0,1710.0,1738.0,3770800292276,2169908178,18316,1692.0,1742.0,76.52019200784581,96.17063396324374,79.60703714494824,1799.9512706752853,1298.2487293247145,1549.1,1424.42,0.006314580941446657,0
2025-12-27,1785.0,1790.0,1737.0,1767.0,2053561516849,1162358116,13162,1738.0,1752.0,77.11409938491704,98.08336977815839,83.30230367159027,1821.643297866523,1312.856702133477,1567.25,1429.92,0.0005707762557076723,0
2025-12-28,1750.0,1820.0,1737.0,1804.0,2077174945982,1151363498,13319,1767.0,1820.0,80.69079629118532,103.88869419408115,87.41958177608845,1853.2607504410294,1323.0392495589708,1588.15,1437.38,-0.027472527472527486,0
2025-12-29,1823.0,1823.0,1750.0,1754.0,1801353091271,1026979939,11484,1804.0,1750.0,68.77510590926252,101.66906296217917,90.2694780133066,1864.804689265567,1346.595310734433,1605.7,1443.88,0.041714285714285815,0
2025-12-30,1702.0,1723.0,1702.0,1702.0,4159259325535,2443701385,16615,1754.0,1702.0,62.01266497533581,94.94235401453852,91.20405321355298,1866.1005035588048,1374.599496441195,1620.35,1448.7,0.10282021151586362,1
2025-12-31,1680.0,1753.0,1675.0,1731.0,4291902322132,2479461858,18011,1702.0,1753.0,65.85434577621402,92.65855237163487,91.49495304516935,1871.0418765934987,1402.9581234065013,1637.0,1454.84,0.03764974329720472,0
2026-01-04,1740.0,1775.0,1680.0,1719.0,3624379000439,2108065578,19163,1731.0,1753.0,65.85434577621402,89.81331117139212,91.15862467041391,1875.4038254692898,1428.3961745307104,1651.9,1461.24,0.07929264118653734,1
2026-01-05,1770.0,1770.0,1770.0,1770.0,1735791224160,980673008,6162,1719.0,1770.0,67.13907142222408,87.91674543135741,90.51024882260262,1874.282668203733,1462.9173317962668,1668.6,1470.8,0.09604519774011289,1
2026-01-06,1823.0,1823.0,1823.0,1823.0,1240174370521,680293127,4369,1770.0,1823.0,70.82462729814773,89.65685209735466,90.33956947755304,1881.538890703481,1490.6611092965188,1686.1,1480.96,0.032364234777838785,0
2026-01-07,1877.0,1877.0,1836.0,1875.0,6253272991600,3334353095,23936,1823.0,1877.0,74.02159484483641,94.30614533028847,91.13288464810014,1889.3733112647255,1524.8266887352743,1707.1,1491.8,-0.007991475759190236,0
2026-01-10,1819.0,1920.0,1819.0,1837.0,4478458495548,2438505571,21294,1875.0,1819.0,65.69490444147202,92.24725945489149,91.35575960945842,1886.2433887364691,1559.156611263531,1722.7,1500.96,0.05387575590984062,1
2026-01-11,1830.0,1892.0,1830.0,1884.0,2335003744868,1239319509,12529,1837.0,1892.0,70.23349834931732,95.40628323394094,92.16586433435492,1898.2314760071713,1581.7685239928287,1740.0,1511.8,0.022727272727272707,0
2026-01-12,1940.0,1940.0,1923.0,1940.0,3622889325186,1867652815,14166,1884.0,1940.0,72.78327220013865,100.62311060232469,93.85731358794888,1922.7640311725704,1592.2359688274296,1757.5,1524.1,-0.01855670103092788,0
2026-01-13,1998.0,1998.0,1882.0,1919.0,2959391355591,1542498801,16474,1940.0,1882.0,65.4839856903062,98.93688577012017,94.87322802438314,1932.5951569940062,1607.9048430059938,1770.25,1534.56,0.009564293304994642,0
2026-01-14,1862.0,1871.0,1862.0,1862.0,2825517477833,1517344225,12958,1919.0,1862.0,63.13278099723604,94.89284197542884,94.87715081459228,1931.3355016493813,1634.7644983506186,1783.05,1544.7,-0.01933404940923733,0
2026-01-18,1910.0,1917.0,1877.0,1909.0,1897149017352,993714700,9955,1862.0,1917.0,66.6762348212132,95.03049607388516,94.90781986645086,1947.3125485030846,1641.2874514969153,1794.3,1556.42,-0.07563901930099115,0
2026-01-19,1960.0,1966.0,1898.0,1948.0,2780548348229,1427334547,12936,1909.0,1935.0,67.76809462328735,95.49127354619282,95.02451060239926,1966.2238386862277,1642.7761613137723,1804.5,1568.64,-0.11162790697674418,0
2026-01-20,1980.0,1980.0,1890.0,1909.0,1714260181732,898077851,9971,1948.0,1904.0,63.885778670681766,92.29112742283041,94.47783396648549,1975.7381021565218,1652.1618978434783,1813.95,1581.12,-0.12394957983193278,0
2026-01-21,1905.0,1908.0,1858.0,1882.0,1550661636936,823877428,10230,1909.0,1900.0,63.381222878173745,88.41305137264271,93.26487744771694,1978.929296369669,1670.670703630331,1824.8,1593.9,-0.13578947368421057,0
2026-01-24,1831.0,1837.0,1826.0,1826.0,1603631542548,878156315,6971,1882.0,1826.0,54.76418427076018,78.46398265671019,90.3046984895156,1974.6085883245737,1687.2914116754264,1830.95,1605.6,-0.13636363636363635,0
2026-01-25,1772.0,1772.0,1772.0,1772.0,2061408582816,1163323128,6696,1826.0,1772.0,49.4778461926353,65.46725950141581,85.33721069189565,1972.9540568788295,1691.9459431211706,1832.45,1616.24,-0.07844243792325056,0
2026-01-26,1719.0,1719.0,1719.0,1719.0,245900197881,143048399,1090,1772.0,1719.0,44.89703142456482,50.31065578143989,78.3318997098045,1975.7490945104844,1685.8509054895155,1830.8,1625.78,-0.027923211169284423,0
2026-01-27,1668.0,1670.0,1668.0,1668.0,2028724004976,1216260011,10351,1719.0,1668.0,40.96659477711296,33.79410693209775,69.42434115426316,1984.6206925998315,1661.7793074001686,1823.2,1633.76,-0.011390887290167906,0
2026-01-28,1620.0,1659.0,1618.0,1625.0,2059683185350,1267642163,15480,1668.0,1642.0,39.0879118055678,18.394598780253318,59.21839267946119,1995.0992949771917,1640.5007050228082,1817.8,1640.8,0.03593179049939099,0
2026-01-31,1650.0,1650.0,1577.0,1586.0,1624587662408,1024562832,9880,1625.0,1577.0,34.792243327581275,0.9346468233350151,47.56164350823595,2012.0338896255985,1611.0661103744014,1811.55,1646.54,0.1033608116677236,1
2026-02-01,1577.0,1633.0,1577.0,1623.0,864984993145,532861531,6057,1586.0,1633.0,40.82588371060792,-8.28821749417466,36.39167130775383,2019.4195630504937,1591.6804369495062,1805.55,1653.48,0.05511328842620933,1
2026-02-02,1671.0,1671.0,1650.0,1671.0,998739281627,597721158,5132,1623.0,1671.0,44.57368390551868,-12.388316688871328,26.6356737084288,2022.2245229853506,1580.6754770146495,1801.45,1660.26,0.041891083183722255,0
2026-02-03,1710.0,1710.0,1622.0,1652.0,746990717237,452292178,7239,1671.0,1649.0,42.88040951350189,-17.214453474586662,17.865648271825712,2025.7157832181915,1565.0842167818087,1795.4,1666.84,0.03335354760460896,0
2026-02-07,1701.0,1701.0,1689.0,1701.0,625000890888,367434404,2892,1652.0,1701.0,47.91671987225252,-16.651290517815596,10.962260513897451,2022.8089719891057,1555.7910280108943,1789.3,1673.58,-0.009994121105232234,0
2026-02-08,1752.0,1752.0,1710.0,1749.0,3669626322853,2098273014,16404,1701.0,1740.0,51.37926071603156,-12.909196571424445,6.187969096833073,2013.2888832051674,1551.6111167948327,1782.45,1680.42,-0.03850574712643673,0
2026-02-09,1748.0,1748.0,1709.0,1722.0,1128854335653,655367669,7870,1749.0,1723.0,49.82434388884513,-11.186368589819494,2.71310155950256,2009.2403927182836,1546.0596072817166,1777.65,1687.08,-0.016831108531630834,0
2026-02-10,1723.0,1770.0,1722.0,1745.0,1391888677715,797493297,7855,1722.0,1741.0,51.49807822786458,-8.273197167310855,0.5158418141398768,1996.0636253900363,1544.1363746099635,1770.1,1694.12,-0.05399195864445716,0
2026-02-14,1770.0,1790.0,1704.0,1736.0,986851815011,568370566,6166,1745.0,1704.0,47.95681886518458,-8.84808340702807,-1.3569432300937128,1971.8491512495627,1544.7508487504372,1758.3,1700.16,-0.05457746478873238,0
2026-02-15,1689.0,1704.0,1684.0,1684.0,306532818195,181993012,1730,1736.0,1684.0,46.1110199076177,-10.793101590202241,-3.2441749021154185,1956.3782680940692,1540.421731905931,1748.4,1705.86,-0.05938242280285033,0
2026-02-16,1634.0,1674.0,1634.0,1645.0,769929914936,468028455,5651,1684.0,1673.0,45.0832483325644,-13.07147080391178,-5.209634082474691,1942.5520382987568,1535.3479617012433,1738.95,1711.14,-0.037059175134488975,0
2026-02-17,1673.0,1694.0,1636.0,1684.0,590588520194,350736712,3892,1645.0,1694.0,47.48954382813463,-13.032341603212672,-6.774175586622287,1914.9369551943396,1540.6630448056603,1727.8,1716.62,-0.058441558441558406,0
2026-02-18,1711.0,1711.0,1635.0,1660.0,336676777544,202800468,3307,1684.0,1647.0,42.953229060670644,-16.602455857898804,-8.73983164087759,1877.4431650493493,1549.3568349506509,1713.4,1720.46,-0.004857316332726125,0
2026-02-21,1611.0,1611.0,1611.0,1611.0,396711762570,246251870,1585,1660.0,1611.0,39.815960434562655,-22.08214701632346,-11.408294715966765,1843.260034251632,1554.239965748368,1698.75,1723.96,-0.016759776536312887,0
2026-02-22,1563.0,1593.0,1563.0,1565.0,810998383396,518327616,6674,1611.0,1584.0,37.597938347402696,-28.277550094675235,-14.782145791708459,1803.0241021178495,1562.8758978821506,1682.95,1726.18,0.010101010101010166,0
2026-02-23,1609.0,1611.0,1573.0,1603.0,407712669839,254386179,3788,1565.0,1611.0,41.129686313148206,-30.655400938459024,-17.95679682105857,1776.5946358746828,1567.8053641253173,1672.2,1729.26,-0.01055245189323406,0
2026-02-24,1620.0,1628.0,1559.0,1600.0,591762231019,369852029,4101,1603.0,1595.0,39.69592265499847,-33.44539346919032,-21.054516150684922,1762.2687039917503,1564.4312960082495,1663.35,1731.02,0.028840125391849547,0
2026-02-25,1584.0,1648.0,1584.0,1632.0,460920773567,282459906,3796,1600.0,1639.0,45.339013165629225,-31.740169458005994,-23.191646812149138,1755.3714038608448,1563.328596139155,1659.35,1732.88,0.030506406345332415,0
2026-05-19,1584.0,1584.0,1584.0,1584.0,2633264270208,1662414312,9255,1632.0,1584.0,40.266647977453054,-34.42992079445139,-25.43930160860959,1756.4915511989404,1553.8084488010597,1655.15,1732.76,0.0984848484848484,1
2026-05-20,1537.0,1604.0,1537.0,1548.0,5006385416045,3234951546,26919,1584.0,1600.0,42.28937017585924,-34.868558784037305,-27.325153043695135,1757.0989788484605,1549.0010211515394,1653.05,1732.22,0.10687500000000005,1
2026-05-23,1594.0,1594.0,1590.0,1594.0,533818618471,334896722,2810,1548.0,1594.0,41.71885437218214,-35.293491011957485,-28.918820637347608,1755.7035362814447,1552.0964637185555,1653.9,1731.98,0.14429109159347564,1
2026-05-24,1641.0,1641.0,1641.0,1641.0,442061429913,269385393,1748,1594.0,1641.0,47.673912635647866,-31.47492234708625,-29.430040979295338,1755.8344276558814,1552.7655723441185,1654.3,1730.96,0.09750152346130414,1
2026-05-25,1690.0,1690.0,1659.0,1690.0,4264198389397,2523661162,19499,1641.0,1689.0,52.96020762028134,-24.295417867804417,-28.403116356997156,1757.6257780024514,1552.7742219975487,1655.2,1730.12,0.05920663114268798,1
2026-05-26,1690.0,1740.0,1640.0,1720.0,3123731356780,1815837135,18637,1690.0,1740.0,57.83442386472727,-14.325203043662896,-25.587533694330304,1768.5560200513164,1550.9439799486836,1659.75,1730.62,0.002873563218390718,0
2026-05-30,1771.0,1771.0,1770.0,1771.0,973838105215,549880765,3868,1720.0,1771.0,60.512802138877916,-3.8775965228264795,-21.245546260029542,1781.253177920798,1545.246822079202,1663.25,1732.38,-0.024280067758328583,0
2026-05-31,1824.0,1824.0,1824.0,1824.0,1288097536800,706193825,4573,1771.0,1824.0,64.6474069694844,8.579959543615814,-15.28044509930047,1801.0321470085264,1533.8678529914737,1667.45,1734.8,-0.03508771929824561,0
2026-06-01,1878.0,1878.0,1785.0,1844.0,4944208249645,2681745043,28798,1824.0,1801.0,61.63150570340551,16.40761789147109,-8.942832501146158,1815.3406594172259,1527.359340582774,1671.35,1735.98,-0.051637978900610726,0
2026-06-02,1794.0,1835.0,1789.0,1798.0,4092495782032,2276316224,22558,1844.0,1789.0,60.05727024022286,21.396152290600412,-2.8750355427968444,1823.7778307495232,1523.7221692504768,1673.75,1736.72,-0.016769144773616573,0
2026-06-03,1749.0,1768.0,1745.0,1745.0,1275706501808,730956056,6276,1798.0,1745.0,54.55481964554824,21.550745882047977,2.01012074217212,1828.5214457743496,1523.0785542256504,1675.8,1735.22,0.037822349570200586,0
