date,open,high,low,adjClose,value,volume,count,yesterday,close,rsi,macd,macd_signal,bb_upper,bb_lower,sma_20,sma_50,volume_ratio,momentum_5,momentum_10,prev_day_change,high_52w,low_52w,dist_from_high,dist_from_low,price_to_sma20,price_to_sma50,future_return,signal
2020-07-14,32400.0,32400.0,30930.0,31190.0,406163226230,13021396,6133,32550.0,31170.0,39.601470191613856,-344.797481186848,452.91941489723644,39727.97646426507,30338.023535734927,35033.0,32668.68,0.968181587957481,-0.0628382441371016,-0.17539682539682544,-0.017648912700913955,38970.0,5100.0,-0.20015396458814472,5.1117647058823525,0.8897325378928439,0.9541248682224075,0.020853384664741847,0
2020-07-15,31190.0,32740.0,30450.0,31890.0,277323384480,8696978,4314,31190.0,32740.0,46.80499866309064,-361.6772195186277,290.00008801406364,39529.47737887545,30113.522621124554,34821.5,32766.92,0.6649998782703823,0.0285893810870248,-0.1338624338624339,0.050368944497914736,38970.0,5355.0,-0.1598665640236079,5.11391223155929,0.9402237123616156,0.9991784397190826,-0.002138057422113593,0
2020-07-18,33480.0,33480.0,32770.0,33470.0,248606744940,7428832,2448,31890.0,33480.0,49.84154432986635,-311.74906898633344,169.65025661398425,39393.59011819725,29986.409881802745,34690.0,32846.92,0.5820251290194346,0.051507537688442184,-0.04151159461780707,0.022602321319486807,38970.0,5428.0,-0.14087759815242495,5.1680176860722185,0.9651196310175844,1.0192736487926417,-0.025985663082437327,0
2020-07-19,35140.0,35140.0,33030.0,34380.0,656268456760,19085899,8424,33470.0,33470.0,49.80017363519386,-269.8765969853994,81.74488589410751,39344.12480017205,29882.87519982795,34613.5,32898.66,1.477757228056544,0.045937499999999964,-0.03377598152424943,-0.00029868578255676237,38970.0,5596.0,-0.1411342057993328,4.9810578984989275,0.9669637569156543,1.0173666647820914,-0.07409620555721541,0
2020-07-20,34010.0,35000.0,32670.0,33490.0,505914922920,15107547,7443,34380.0,32670.0,46.476564019111386,-297.8126762213142,5.833373471023172,39260.76258028355,29687.237419716454,34474.0,32997.06,1.1544966754802206,0.029624960605105555,-0.04779947537161178,-0.023902001792650118,38970.0,5862.0,-0.16166281755196305,4.573183213920164,0.9476707083599234,0.9900882078585184,-0.08386899295990202,0
2020-07-21,31970.0,32650.0,31820.0,31860.0,328077272310,10296834,4270,33490.0,31820.0,43.17919669148758,-384.1123089420871,-72.15576301159889,39205.53564863234,29394.464351367656,34300.0,33067.66,0.8098510845303464,0.020853384664741847,-0.043295249549007764,-0.026017753290480616,38970.0,6155.0,-0.18347446753913266,4.169780666125101,0.9276967930029154,0.9622694802111791,-0.10119421747328727,0
2020-07-22,31800.0,33000.0,30270.0,31060.0,340644157670,10968700,5488,31860.0,32670.0,47.21239829724559,-379.54236524533917,-133.63308345834696,38678.23583748341,29388.764162516596,34033.5,33130.8,0.865084890068001,-0.002138057422113593,0.02639019792648445,0.02671275927089889,38970.0,6462.0,-0.16166281755196305,4.055710306406685,0.9599365331217771,0.9860914919048136,-0.06734006734006737,0
2020-07-25,32610.0,32610.0,32610.0,32610.0,100570381350,3084035,1601,31060.0,32610.0,46.959014671787564,-376.4229806938092,-182.19106290543942,37802.129295642386,29628.870704357614,33715.5,33173.0,0.2543129542419293,-0.025985663082437327,0.02418341708542715,-0.0018365472910927272,38970.0,6785.0,-0.16320246343341033,3.806190125276345,0.9672109267250968,0.9830283664425888,-0.07789021772462434,0
2020-07-26,33000.0,33000.0,30980.0,31500.0,265928406040,8440867,4265,32610.0,30990.0,40.62013770617746,-498.9200670914033,-245.53686374263222,37380.115899655575,29452.884100344425,33416.5,33213.28,0.7153159212757044,-0.07409620555721541,-0.03156250000000005,-0.04967801287948481,38970.0,7124.0,-0.20477290223248654,3.350084222346996,0.9273861715021022,0.9330605107354649,-0.056147144240077496,0
2020-07-27,31410.0,31500.0,29930.0,30090.0,329870637410,10962967,4847,31500.0,29930.0,37.09197326238692,-673.766273618392,-331.1827457177842,37048.28341991618,29120.716580083823,33084.5,33257.66,0.9331424569073061,-0.08386899295990202,-0.05672864796722343,-0.0342045821232656,38970.0,7480.0,-0.23197331280472158,3.001336898395722,0.9046532364097991,0.8999430507137303,-0.04777814901436683,0
2020-07-28,30910.0,30910.0,28590.0,29020.0,418242289350,14414552,6185,30090.0,28600.0,33.19593838180977,-909.1726602293529,-446.780728620098,36424.518289429965,28824.481710570035,32624.5,33264.66,1.2125112761690873,-0.10119421747328727,-0.08245107475136348,-0.044437019712662895,38970.0,7854.0,-0.2661021298434693,2.641456582633053,0.8766417876136032,0.8597713008339781,0.05349650349650359,1
2020-07-29,28500.0,30470.0,27950.0,29560.0,366452057150,12394959,6459,29020.0,30470.0,42.36279538678931,-934.0731322438733,-544.2392093448531,35335.99675113573,29180.00324886427,32258.0,33290.22,1.0566255924805723,-0.06734006734006737,-0.0693341478313989,0.06538461538461537,38970.0,8435.0,-0.21811649987169618,2.6123295791345584,0.9445718891437783,0.9152838281032687,-0.058418116179849044,0
2020-08-01,31030.0,31030.0,29850.0,30540.0,251790405710,8245239,4861,29560.0,30070.0,41.06475010959089,-974.8461729134397,-630.3606020585704,34975.98294490226,29054.017055097742,32015.0,33294.18,0.7085159055147827,-0.07789021772462434,-0.10185185185185186,-0.01312766655726949,38970.0,8766.0,-0.22838080574801128,2.4302988820442617,0.9392472278619397,0.9031608527376256,-0.07216494845360821,0
2020-08-02,32060.0,32060.0,29020.0,29650.0,387181689460,13059968,6828,30540.0,29250.0,38.46288020356512,-1061.094610213946,-716.5074036896456,34682.814930340624,28808.185069659372,31745.5,33252.82,1.1307254311019235,-0.056147144240077496,-0.12608305945622944,-0.02726970402394413,38970.0,9204.0,-0.24942263279445728,2.1779661016949152,0.9213904332897576,0.8796246453684229,-0.07145299145299144,0
2020-08-03,29000.0,29490.0,28350.0,28700.0,226520760730,7891716,4102,29650.0,28500.0,36.203452367813114,-1176.404985760335,-808.4869201037835,34468.56599396825,28441.434006031745,31455.0,33165.16,0.7159321297317881,-0.04777814901436683,-0.12764003673094582,-0.02564102564102566,38970.0,9663.0,-0.2686682063125481,1.9493945979509468,0.9060562708631378,0.8593355195633007,-0.09122807017543855,0
2020-08-04,29000.0,30130.0,29000.0,29920.0,249358258280,8334203,3938,28700.0,30130.0,43.9145765970042,-1123.3130579318895,-871.4521476694048,34245.21528994605,28351.78471005395,31298.5,33077.22,0.7791885363234422,0.05349650349650359,-0.05311125078566936,0.05719298245614035,38970.0,9964.0,-0.22684115986656403,2.023885989562425,0.9626659424573063,0.9108987998386805,-0.18187852638566215,0
2020-08-05,30480.0,30840.0,28430.0,29040.0,310062603320,10675616,5751,29920.0,28690.0,39.38543648241228,-1183.7873246425734,-933.9191830640385,34286.160713018464,27996.83928698154,31141.5,32995.44,0.9972623388785036,-0.058418116179849044,-0.12182430364248542,-0.04779289744440762,38970.0,10081.0,-0.26379266102129845,1.8459478226366433,0.921278679575486,0.8695140904318899,-0.14639247124433596,0
2020-08-09,29290.0,30100.0,27650.0,28580.0,245364644960,8585457,5114,29040.0,27900.0,37.12337801125611,-1280.6969373117136,-1003.2747339135735,34370.50919438371,27518.49080561629,30944.5,32917.28,0.8197715234571652,-0.07216494845360821,-0.14443422263109473,-0.02753572673405369,38970.0,10081.0,-0.2840646651270208,1.7675825810931456,0.9016141802258882,0.8475791438417756,-0.12580645161290327,0
2020-08-10,27630.0,27900.0,27160.0,27260.0,138634527150,5086508,2705,28580.0,27160.0,35.090341976769665,-1401.059774162899,-1082.8317419634386,34463.477931336696,26941.522068663307,30702.5,32851.2,0.4953231884993664,-0.07145299145299144,-0.12358825427557274,-0.026523297491039433,38970.0,10081.0,-0.30305363099820376,1.6941771649637933,0.8846185164074587,0.8267582310539646,-0.05854197349042711,0
2020-08-11,25960.0,26700.0,25900.0,25940.0,155228307950,5984061,2551,27260.0,25900.0,31.888129518625462,-1579.9074694262163,-1182.246887455994,34677.93285627997,26144.06714372003,30411.0,32741.2,0.5931674409071634,-0.09122807017543855,-0.13464751085867022,-0.046391752577319534,38970.0,10081.0,-0.33538619450859636,1.5691895645273286,0.8516655157673211,0.791052252208227,0.02895752895752901,0
2020-08-12,27000.0,27230.0,24650.0,25770.0,174121372630,6755701,2908,25940.0,24650.0,29.05534981624436,-1801.7407637843608,-1306.1456627216676,35014.93103400052,25155.06896599948,30085.0,32627.1,0.6911180479568664,-0.18187852638566215,-0.13811188811188813,-0.04826254826254828,38970.0,10081.0,-0.3674621503720811,1.445193929173693,0.8193451886322087,0.7555069252247365,0.040162271805273875,0
2020-08-15,25690.0,25690.0,24490.0,24630.0,55866589180,2268375,862,25770.0,24490.0,28.703855229804574,-1967.7726523694073,-1438.4710606512156,35008.65919927445,24336.340800725553,29672.5,32520.86,0.23994822798650137,-0.14639247124433596,-0.19625861503117825,-0.006490872210953347,38970.0,10081.0,-0.3715678727226071,1.4293224878484276,0.8253433313674278,0.7530551160086172,-0.0032666394446713154,0
2020-08-16,24100.0,25800.0,23400.0,24360.0,236497194840,9706966,3858,24630.0,24390.0,28.47202207537012,-2083.4070647665867,-1567.4582614742899,34725.2555778719,23710.7444221281,29218.0,32386.98,1.0145761563734175,-0.12580645161290327,-0.18889258397073494,-0.004083299305839172,38970.0,10081.0,-0.3741339491916859,1.4194028370201368,0.8347593948935588,0.7530804045329327,-0.03444034440344401,0
2020-08-17,24410.0,25570.0,24410.0,25350.0,225955653120,8912815,3250,24360.0,25570.0,35.13004937516264,-2056.130241832565,-1665.192657545945,34185.03729938547,23460.96270061453,28823.0,32246.38,0.9838788333310537,-0.05854197349042711,-0.12581196581196585,0.04838048380483806,38970.0,10081.0,-0.3438542468565563,1.5364547167939688,0.887138743364674,0.7929572249660272,-0.11928040672663276,0
2020-08-18,28050.0,28050.0,26650.0,26980.0,129080250950,4783700,1699,25350.0,26650.0,40.58156503439873,-1925.173981792148,-1717.1889223951857,33657.51789014516,23386.482109854845,28522.0,32135.98,0.5599776776839449,0.02895752895752901,-0.06491228070175437,0.042236996480250255,38970.0,10081.0,-0.3161406209905055,1.64358694573951,0.9343664539653601,0.829288542001831,-0.11782363977485932,0
2020-08-19,26490.0,26490.0,25640.0,25690.0,56059902390,2182545,936,26980.0,25640.0,37.4149103506287,-1881.2034192899155,-1749.991821774132,33260.518598281815,23165.48140171818,28213.0,32014.42,0.2682265063157898,0.040162271805273875,-0.1490209093926319,-0.03789868667917451,38970.0,10081.0,-0.3420579933282012,1.5433984723737724,0.9088009073831212,0.8008890993496056,-0.06162246489859591,0
2020-08-22,25700.0,26560.0,24410.0,24780.0,64173381810,2589634,1352,25690.0,24410.0,33.94138918110457,-1923.4349908988224,-1784.6804555990702,32669.78028251796,22930.21971748204,27800.0,31875.62,0.3355319961240707,-0.0032666394446713154,-0.14918089926803768,-0.047971918876755115,38970.0,10081.0,-0.37362073389787015,1.4213867671857952,0.8780575539568345,0.765789026221294,-0.0663662433428922,0
2020-08-23,23550.0,24410.0,23550.0,23700.0,41081128640,1742784,606,24780.0,23550.0,31.723764809889587,-2003.2069060807444,-1828.3857456954051,32024.521138380944,22669.478861619056,27347.0,31680.4,0.22778716105769942,-0.03444034440344401,-0.15591397849462363,-0.03523146251536258,38970.0,10081.0,-0.39568899153194764,1.3360777700624937,0.8611547884594288,0.7433618262395677,-0.06878980891719744,0
2020-08-24,22520.0,22990.0,22520.0,23110.0,22180625080,984286,465,23700.0,22520.0,29.258131876980613,-2125.0429432622404,-1887.7171852087722,31736.761991622774,22110.238008377226,26923.5,31431.4,0.13523936856839583,-0.11928040672663276,-0.17083946980854192,-0.04373673036093417,38970.0,10081.0,-0.42211957916345905,1.2339053665310982,0.8364439987371627,0.7164809712580413,-0.05772646536412074,0
2020-08-25,21960.0,24000.0,21960.0,22920.0,120131120620,5241230,2558,23110.0,23510.0,34.52555470643716,-2117.307155375809,-1933.6351792421797,31427.21916281148,21777.78083718852,26602.5,31167.4,0.7496021444173664,-0.11782363977485932,-0.09227799227799227,0.043960923623445725,38970.0,10081.0,-0.39671542211957916,1.3321099097311775,0.8837515271121136,0.7543138022420862,-0.09612930667800934,0
2020-08-26,23890.0,24060.0,23700.0,23980.0,44884977000,1867935,786,22920.0,24060.0,37.31795079902276,-2043.2428525545256,-1955.5567139046489,31230.050339629845,21520.949660370155,26375.5,30943.0,0.293484285451429,-0.06162246489859591,-0.023935091277890508,0.023394300297745696,38970.0,10081.0,-0.3826020015396459,1.386667989286777,0.9122101950673921,0.7775587370326084,-0.1662510390689942,0
2020-08-31,23920.0,23920.0,22790.0,23080.0,48833106920,2115936,858,23980.0,22790.0,33.73968995472599,-2063.240987352041,-1977.0935685941274,30702.658137868028,21280.341862131972,25991.5,30659.4,0.361653100348311,-0.0663662433428922,-0.06941608819926504,-0.05278470490440568,38970.0,10081.0,-0.4151911726969464,1.2606884237674834,0.876825115903276,0.743328310403987,-0.1434839842035981,0
2020-09-01,21950.0,23000.0,21930.0,22330.0,31813177310,1446080,526,23080.0,21930.0,31.53462544682108,-2124.0003124799878,-2006.4749173712996,30221.820239103614,20947.179760896386,25584.5,30375.8,0.2624095141014447,-0.06878980891719744,-0.10086100861008607,-0.037735849056603765,38970.0,10081.0,-0.4372594303310239,1.1753794266441822,0.8571596083566222,0.7219562941552157,-0.11810305517555864,0
2020-09-02,21220.0,21220.0,21220.0,22160.0,6637700880,312804,152,22330.0,21220.0,29.80288387340002,-2204.036817210086,-2045.987297339057,29871.552441852375,20494.447558147625,25183.0,30100.2,0.06418575744463188,-0.05772646536412074,-0.17012123582323035,-0.03237574099407203,38970.0,10081.0,-0.45547857326148317,1.1049499057633172,0.8426319342413533,0.7049787044604354,-0.07681432610744576,0
2020-09-05,21060.0,22160.0,21060.0,21110.0,78393714960,3713379,1563,22160.0,21250.0,29.977859829760902,-2239.2330893808466,-2084.6364557474153,29548.089131893736,20092.910868106264,24820.5,29816.0,0.7960935583513412,-0.09612930667800934,-0.20262664165103195,0.001413760603204528,38970.0,10081.0,-0.4547087503207596,1.1079258010118045,0.8561471364396366,0.7127045881405957,-0.060705882352941165,0
2020-09-06,21950.0,21950.0,20060.0,20540.0,65128495140,3171560,1305,21110.0,20060.0,27.092988737914027,-2336.2189654191243,-2134.952957681757,28814.81769305956,19819.18230694044,24317.0,29511.2,0.7197672931855951,-0.1662510390689942,-0.21762870514820598,-0.05600000000000005,38970.0,10081.0,-0.485245060302797,0.9898819561551433,0.8249372866718756,0.6797419284881672,-0.05932203389830504,0
2020-09-07,19520.0,19520.0,19520.0,20350.0,8060588800,412940,151,20540.0,19520.0,25.876086035691102,-2428.6583957577313,-2193.694045296952,28349.27844031516,19367.72155968484,23858.5,29141.6,0.10606604050698407,-0.1434839842035981,-0.2003277345350266,-0.026919242273180433,38970.0,10081.0,-0.49910187323582245,0.9363158416823728,0.8181570509462036,0.6698328163175666,-0.06301229508196726,0
2020-09-08,19340.0,19340.0,19340.0,20300.0,2134381740,110361,61,20350.0,19340.0,25.465490322950075,-2487.7644064702217,-2252.508117531606,27930.608776463,18930.391223537,23430.5,28749.0,0.03180908954656029,-0.11810305517555864,-0.1787685774946921,-0.009221311475409832,38970.0,10081.0,-0.5037208108801642,0.9184604701914493,0.825419858731141,0.6727190510974295,-0.006721820062047579,0
2020-09-09,19290.0,20770.0,19290.0,19580.0,84990367940,4340535,1842,20300.0,19590.0,27.193468885572784,-2485.7789230515737,-2299.1622786355997,27506.883163451,18597.116836549,23052.0,28401.4,1.2646578246805054,-0.07681432610744576,-0.1301065719360568,0.01292657704239919,38970.0,10081.0,-0.4973056197074673,0.9432595972621763,0.8498178032274857,0.689754730400614,-0.019908116385911168,0
2020-09-12,20500.0,20500.0,19110.0,19860.0,67709838570,3408794,1898,19580.0,19960.0,29.787883689803195,-2426.37971042384,-2324.605764993248,27202.81069741048,18307.18930258952,22755.0,28069.2,1.0318990814968012,-0.060705882352941165,-0.15099957464908553,0.018887187340479894,38970.0,10081.0,-0.4878111367718758,0.9799623053268525,0.8771698527796089,0.7110997107149474,-0.06312625250501003,0
2020-09-13,19900.0,19900.0,18870.0,19050.0,49032245800,2573832,970,19860.0,18870.0,26.762345089755996,-2439.142381893009,-2347.5130883732004,27129.622626242286,17802.377373757714,22466.0,27690.6,0.8317912224171832,-0.05932203389830504,-0.21571072319202,-0.05460921843687372,38970.0,10081.0,-0.5157813702848345,0.8718381112984823,0.8399359031425265,0.6814586899525471,0.006889242183359734,0
2020-09-14,18250.0,18990.0,18100.0,18300.0,98607007380,5387037,2377,19050.0,18290.0,25.290357347445223,-2467.612937808819,-2371.533058260324,27058.39288511222,17253.60711488778,22156.0,27300.4,1.6574184511187906,-0.06301229508196726,-0.1974550241333919,-0.030736618971913043,38970.0,10081.0,-0.5306646138054915,0.8143041364943954,0.8255100198591804,0.6699535537940836,0.06342263531984682,1
2020-09-15,18860.0,19210.0,18600.0,18980.0,38796649050,2024475,837,18300.0,19210.0,31.706903857741793,-2388.4076703604187,-2374.9079806803434,26847.02666659472,16946.97333340528,21897.0,26986.0,0.7063436795730107,-0.006721820062047579,-0.12403100775193798,0.050300710770913026,38970.0,10081.0,-0.5070567102899667,0.9055649241146712,0.8772891263643422,0.7118505891943971,0.04997397188964081,0
2020-09-16,19920.0,19920.0,18900.0,19630.0,143325255940,7303117,2620,18980.0,19200.0,31.67505902469547,-2299.931661158851,-2359.912716776045,26359.040868981116,16797.959131018884,21578.5,26677.2,2.621693938236709,-0.019908116385911168,-0.09519321394910463,-0.0005205622071837723,38970.0,10081.0,-0.5073133179368745,0.9045729590318421,0.8897745441064022,0.719715712293644,0.1020833333333333,1
2020-09-19,19400.0,19800.0,18650.0,18790.0,134154485820,7141089,2616,19630.0,18700.0,30.04994616622345,-2244.288842996266,-2336.787942020089,25509.357194132503,16852.642805867497,21181.0,26365.0,2.4594611987290658,-0.06312625250501003,-0.12,-0.02604166666666663,38970.0,10081.0,-0.5201437002822684,0.8549747048903878,0.8828667201737406,0.7092736582590555,0.1689839572192513,1
2020-09-20,18210.0,19480.0,17890.0,18530.0,137070044640,7395301,3971,18790.0,19000.0,32.294479745919844,-2151.186477279185,-2299.6676490719083,24756.505086368856,16941.494913631144,20849.0,26079.8,2.337211656273082,0.006889242183359734,-0.05284147557328012,0.016042780748663166,38970.0,10081.0,-0.5124454708750321,0.8847336573752604,0.9113146913521032,0.7285331942729623,0.1310526315789473,1
2020-09-21,18790.0,19450.0,18230.0,19210.0,122492394750,6375575,1750,18530.0,19450.0,35.63097803809342,-2017.8306468480914,-2243.3002486271453,24189.575762053577,17012.424237946423,20601.0,25832.2,1.9011973481061681,0.06342263531984682,-0.0035860655737705027,0.023684210526315752,38970.0,10081.0,-0.5008981267641776,0.9293720861025692,0.9441289257803019,0.7529362578487314,0.04010282776349605,0
2020-09-22,20170.0,20170.0,19900.0,20160.0,187723925470,9310999,1578,19210.0,20170.0,40.6689262779252,-1832.918464637427,-2161.223891829202,23757.877929208822,17106.122070791178,20432.0,25598.8,2.4950000512478585,0.04997397188964081,0.04291623578076531,0.03701799485861179,38970.0,10081.0,-0.4824223761868104,1.0007935720662633,0.9871769772905247,0.787927559104333,0.010907288051561714,0
2020-09-23,21160.0,21160.0,21160.0,20820.0,35455738320,1675602,381,20160.0,21160.0,46.83094627531997,-1588.1819291203828,-2046.615499287438,23569.778532587417,17158.221467412583,20364.0,25382.0,0.4448781532204888,0.1020833333333333,0.08014293006636031,0.049082796232027714,38970.0,10081.0,-0.45701821914293045,1.0989981152663426,1.039088587703791,0.8336616499881806,-0.017013232514177745,0
2020-09-26,21860.0,21860.0,21860.0,21470.0,32881899440,1504204,318,20820.0,21860.0,50.72760271910719,-1322.4973850073657,-1901.7918764314238,23234.114265358465,17328.885734641535,20281.5,25184.6,0.420218278538579,0.1689839572192513,0.09519038076152309,0.03308128544423439,38970.0,10081.0,-0.439055683859379,1.1684356710643786,1.0778295490964673,0.8679907562558071,-0.021043000914913068,0
2020-09-27,22540.0,22540.0,20400.0,21290.0,339526810680,15945883,3630,21470.0,21490.0,48.69610751642748,-1128.7844528959395,-1747.1903917243271,22620.501570414548,17685.498429585452,20153.0,24991.0,3.7226509881818735,0.1310526315789473,0.13884472708002127,-0.016925892040256185,38970.0,10081.0,-0.4485501667949705,1.1317329629997024,1.0663424800277874,0.8599095674442799,-0.05677059097254533,0
2020-09-28,20250.0,20300.0,20230.0,20680.0,28338961620,1400314,378,21290.0,20230.0,42.460108147616666,-1064.6642416645336,-1610.6851617123687,22177.547328166846,17872.452671833154,20025.0,24740.8,0.32966451526799584,0.04010282776349605,0.10606889010388199,-0.05863192182410426,38970.0,10081.0,-0.4808827303053631,1.0067453625632379,1.0102372034956304,0.8176776822091444,0.03756796836381615,0
2020-09-29,19650.0,21330.0,19650.0,20100.0,124838596040,6209440,2000,20680.0,20390.0,43.450427491121815,-989.5311503389021,-1486.4543594376753,21925.519658561756,17970.480341438244,19948.0,24479.0,1.384224465841521,0.010907288051561714,0.06142634044768358,0.007909045971329798,38970.0,10081.0,-0.4767770079548371,1.022616803888503,1.0221576097854421,0.8329588626986396,0.05296714075527209,1
2020-09-30,20850.0,20980.0,19260.0,20390.0,64296846310,3153040,1534,20100.0,20800.0,46.014509039987914,-886.6829317750744,-1366.5000739051552,21858.42538038574,17995.57461961426,19927.0,24225.6,0.6813150276341262,-0.017013232514177745,0.08333333333333326,0.020107896027464545,38970.0,10081.0,-0.4662560944316141,1.0632873722844955,1.0438099061574748,0.8585958655306783,0.07211538461538458,1
2020-10-03,20900.0,21400.0,20400.0,21330.0,125143081340,5865817,1773,20390.0,21400.0,49.61495452226048,-748.1359464982888,-1242.827248423782,21887.461597164212,17981.538402835788,19934.5,24000.2,1.2386912183375944,-0.021043000914913068,0.14438502673796783,0.028846153846153744,38970.0,10081.0,-0.4508596356171414,1.1228052772542407,1.0735157641275177,0.8916592361730319,0.023831775700934532,0
2020-10-04,21000.0,21500.0,20270.0,20590.0,65117157660,3163085,1347,21330.0,20270.0,43.70334501222661,-721.2044230307365,-1138.502683345173,21902.79978547302,17987.20021452698,19945.0,23769.2,0.6680120175574944,-0.05677059097254533,0.06684210526315781,-0.052803738317756976,38970.0,10081.0,-0.4798562997177316,1.0107132228945541,1.0162948107295062,0.8527842754489002,0.05032067094227921,1
2020-10-05,19890.0,21440.0,19570.0,20450.0,108408412840,5301078,1667,20590.0,20990.0,47.95819478281567,-634.4494753221916,-1037.6920417405768,22016.912119658562,18020.087880341438,20018.5,23535.6,1.064584890599697,0.03756796836381615,0.07917737789203083,0.03552047360631483,38970.0,10081.0,-0.46138054914036436,1.0821347088582483,1.048530109648575,0.8918404459627118,-0.004764173415912287,0
2020-10-06,21010.0,21470.0,21010.0,21460.0,114452569960,5333596,719,20450.0,21470.0,50.63673950367102,-520.9582829542742,-934.3452899833162,22193.231128282874,18056.768871717126,20125.0,23312.8,1.0177374020101912,0.05296714075527209,0.06445215666831938,0.022868032396379245,38970.0,10081.0,-0.44906338208878627,1.1297490328340443,1.066832298136646,0.9209532960433754,-0.06520726595249182,0
2020-10-07,22120.0,22530.0,20390.0,22200.0,176228459530,7937423,2439,21460.0,22300.0,54.95414574091487,-359.89300935600113,-819.4548338578533,22517.271809465525,18003.728190534475,20260.5,23139.0,1.4643381407352096,0.07211538461538458,0.05387523629489599,0.0386585933861201,38970.0,10081.0,-0.42776494739543236,1.2120821347088582,1.100663853310629,0.9637408703919789,-0.12556053811659196,0
2020-10-10,22500.0,22990.0,21500.0,22350.0,110796233620,4957979,2150,22200.0,21910.0,52.62507333988989,-260.71203420799793,-707.7062739278823,22720.43603087964,17995.56396912036,20358.0,22978.6,0.9017877827536376,0.023831775700934532,0.0022872827081428238,-0.017488789237668168,38970.0,10081.0,-0.43777264562483964,1.173395496478524,1.0762353865802141,0.953495861366663,-0.14879050661798265,0
2020-10-11,22000.0,22770.0,21240.0,21980.0,192989728100,8780185,3714,22350.0,21290.0,49.06494533696039,-229.4937541438012,-612.0637699710661,22771.03752150753,18186.96247849247,20479.0,22832.4,1.511671662811282,0.05032067094227921,-0.009306654257794311,-0.028297581013235984,38970.0,10081.0,-0.45368231973312806,1.1118936613431207,1.039601543044094,0.9324468737408244,-0.15312353217472996,0
2020-10-12,21260.0,21800.0,20890.0,21120.0,74837219010,3543933,1451,21980.0,20890.0,46.862276214702774,-234.32850618303928,-536.5167172134608,22673.285832921018,18544.714167078982,20609.0,22640.8,0.619990695590141,-0.004764173415912287,0.032624814631734944,-0.018788163457022056,38970.0,10081.0,-0.46394662560944316,1.0722150580299574,1.013634819738949,0.9226705770114131,-0.1177596936333174,0
2020-10-13,20210.0,21000.0,20070.0,20120.0,85940402090,4270630,1745,21120.0,20070.0,42.63657488430024,-300.8591124111226,-489.3851962529931,22632.036363302053,18671.963636697947,20652.0,22440.8,0.7327258553762778,-0.06520726595249182,-0.015693967631191796,-0.0392532312111058,38970.0,10081.0,-0.48498845265588914,0.9908739212379725,0.9718187100522951,0.8943531424904638,-0.1504733432984554,0
2020-10-14,20100.0,20100.0,19120.0,19530.0,70562172050,3613179,1625,20120.0,19500.0,39.940484577747576,-395.02572284724374,-470.5133015718433,22606.94948387798,18727.05051612202,20667.0,22245.8,0.640189892212459,-0.12556053811659196,-0.0625,-0.02840059790732441,38970.0,10081.0,-0.4996150885296382,0.9343319115167146,0.9435331688198577,0.8765699592732111,-0.15076923076923077,0
2020-10-18,19930.0,19990.0,18560.0,18970.0,80314123620,4233759,1632,19530.0,18650.0,36.2584326742542,-532.1075319029223,-482.83214763805915,22614.68435025985,18714.31564974015,20664.5,22048.8,0.7699772036309711,-0.14879050661798265,-0.12850467289719625,-0.043589743589743546,38970.0,10081.0,-0.5214267385168078,0.8500148794762424,0.90251397323913,0.8458510213707776,-0.11742627345844503,0
2020-10-19,19370.0,19370.0,18030.0,18590.0,23740135300,1302704,434,18970.0,18030.0,33.81004716588912,-682.9025956143196,-522.8462372333113,22767.235923835044,18464.764076164956,20616.0,21806.8,0.25081319821705034,-0.15312353217472996,-0.11050814010853482,-0.03324396782841821,38970.0,10081.0,-0.5373364126250962,0.7885130443408392,0.8745634458672875,0.8268063172955226,-0.09040488075429842,0
2020-10-20,17670.0,18590.0,17670.0,17940.0,58243504860,3247015,1161,18590.0,18430.0,36.77627064486442,-761.3556786290683,-570.5481255124627,22867.437838465656,18262.562161534344,20565.0,21601.6,0.6445695981825882,-0.1177596936333174,-0.12196283944735586,0.02218524681087075,38970.0,10081.0,-0.5270721067487811,0.8281916476540025,0.8961828349136883,0.8531775424042664,-0.11231687466087903,0
2020-10-21,18590.0,18600.0,17050.0,17430.0,79626336840,4568575,1678,17940.0,17050.0,31.527007700252454,-924.2308214055338,-641.284664691077,23173.727111307435,17644.272888692565,20409.0,21384.6,0.9517126906861313,-0.1504733432984554,-0.2058686539357243,-0.07487791644058606,38970.0,10081.0,-0.5624839620220683,0.691300466223589,0.8354157479543338,0.797302731872469,-0.04692082111436946,0
2020-10-24,16560.0,16560.0,16560.0,17320.0,6152818320,371547,148,17430.0,16560.0,29.89532539844585,-1080.395325616093,-729.1067968760801,23385.59882118083,16972.40117881917,20179.0,21172.6,0.07846540988513336,-0.15076923076923077,-0.2573991031390135,-0.028739002932551272,38970.0,10081.0,-0.5750577367205543,0.6426941771649638,0.8206551365280738,0.7821429583518321,-0.07065217391304346,0
2020-10-26,16460.0,16460.0,16460.0,17260.0,3292378580,200023,76,17320.0,16460.0,29.55909835934969,-1198.411443437857,-822.9677261884356,23400.66378679251,16417.33621320749,19909.0,20983.8,0.04283184209116127,-0.11742627345844503,-0.24874486535828388,-0.006038647342995196,38970.0,10081.0,-0.5776238131896331,0.632774526336673,0.8267617660354614,0.7844146436775036,-0.11057108140947747,0
2020-10-27,16400.0,16400.0,16400.0,17220.0,2106334000,128435,66,17260.0,16400.0,29.34583718876999,-1282.003428130829,-914.7748665769143,23382.14523526557,15926.85476473443,19654.5,20818.8,0.0331095878635489,-0.09040488075429842,-0.22968529826209483,-0.0036452004860266785,38970.0,10081.0,-0.5791634590710804,0.6268227358396985,0.8344145106718563,0.7877495340749707,-0.10243902439024388,0
2020-10-28,16360.0,16360.0,16360.0,16990.0,12457452880,761458,162,17220.0,16360.0,29.194614562452244,-1336.0768813446302,-999.0352695304575,23442.215392314018,15479.784607685984,19461.0,20656.2,0.19792807136294485,-0.11231687466087903,-0.21685016754427955,-0.0024390243902439046,38970.0,10081.0,-0.5801898896587119,0.6228548755083821,0.840655670314989,0.7920140200036793,-0.13875305623471879,0
2020-10-31,16150.0,16940.0,16150.0,16200.0,185032039060,11420645,2246,16990.0,16250.0,28.755768079603442,-1371.991103875731,-1073.6264363995122,23445.440802396948,15062.559197603052,19254.0,20493.4,2.780298041341963,-0.04692082111436946,-0.19033383158943695,-0.00672371638141811,38970.0,10081.0,-0.5830125737746985,0.6119432595972621,0.8439804715903189,0.7929382142543453,-0.14338461538461533,0
2020-11-01,15400.0,16140.0,15390.0,15410.0,48660020630,3158456,722,16200.0,15390.0,25.525262188743625,-1453.0977898602068,-1149.520707091651,23431.372637564826,14535.627362435172,18983.5,20289.8,0.7688593903942138,-0.07065217391304346,-0.21076923076923082,-0.05292307692307696,38970.0,10081.0,-0.605080831408776,0.526634262473961,0.8107040324492323,0.7585092016678331,-0.09681611435997406,0
2020-11-02,14640.0,15100.0,14640.0,14710.0,77936801020,5297440,1173,15410.0,14640.0,23.089131119557763,-1559.9124550633132,-1231.5990566859837,23328.650542102805,13962.349457897195,18645.5,20049.6,1.2985330699795916,-0.11057108140947747,-0.21501340482573728,-0.04873294346978563,38970.0,10081.0,-0.6243264049268669,0.4522368812617796,0.7851760478399614,0.7301891309552311,-0.09767759562841527,0
2020-11-04,14460.0,15300.0,14000.0,14830.0,46662371450,3146273,1061,14710.0,14720.0,23.923188914957166,-1619.4406120735657,-1309.1673677635001,23285.11134712218,13450.88865287782,18368.0,19831.2,0.7713879805796267,-0.10243902439024388,-0.18358291735995558,0.005464480874316946,38970.0,10081.0,-0.6222735437516038,0.4601726019244123,0.8013937282229965,0.7422647141877445,-0.08355978260869568,0
2020-11-07,14190.0,14600.0,14090.0,14650.0,12179724620,861271,254,14830.0,14090.0,21.908294707735536,-1697.8807281121044,-1386.910039833221,23120.760684849534,12925.239315150466,18023.0,19624.8,0.22331659884705846,-0.13875305623471879,-0.235485621269669,-0.04279891304347827,38970.0,10081.0,-0.6384398255068001,0.3976788017061799,0.7817788381512512,0.7179691003220415,-0.029808374733853782,0
2020-11-08,13920.0,13920.0,13920.0,14630.0,1496803680,107529,53,14650.0,13920.0,21.384895140932898,-1753.5488449159475,-1460.2378008497662,22784.342184772508,12506.657815227492,17645.5,19432.2,0.02990719075206437,-0.14338461538461533,-0.1835777126099707,-0.012065294535131277,38970.0,10081.0,-0.642802155504234,0.3808153952980855,0.7888696834887081,0.7163368018031926,0.012931034482758674,0
2020-11-09,13900.0,14300.0,13900.0,13900.0,69156176560,4973506,742,14630.0,13900.0,21.32036165733541,-1778.7754453187772,-1523.9453297435684,22142.3057720432,12308.6942279568,17225.5,19259.8,1.4427555411130297,-0.09681611435997406,-0.16062801932367154,-0.001436781609195359,38970.0,10081.0,-0.6433153707980498,0.3788314651324273,0.8069431946823024,0.7217105058204135,0.01726618705035965,0
2020-11-10,14000.0,14230.0,13210.0,13450.0,44361069450,3300894,754,13900.0,13210.0,19.170924199866477,-1833.3116656307539,-1585.8185969210056,21507.91655994011,12073.083440059889,16790.5,19053.8,0.9811320407011369,-0.09767759562841527,-0.19744835965978125,-0.04964028776978413,38970.0,10081.0,-0.6610212984346934,0.3103858744172205,0.786754414698788,0.6933000241421658,0.10673732021196058,1
2020-11-11,13000.0,13490.0,12780.0,13020.0,109649006180,8420455,1647,13450.0,13490.0,22.581807773280786,-1832.810850597336,-1635.217047656272,20847.429165165224,11953.570834834776,16400.5,18842.4,2.516282974917107,-0.08355978260869568,-0.17743902439024395,0.021196063588190706,38970.0,10081.0,-0.6538362843212727,0.3381608967364349,0.8225358982957837,0.7159385216320638,0.12750185322461083,1
2020-11-14,13500.0,13670.0,13500.0,13430.0,34288712690,2514080,657,13020.0,13670.0,24.779341605334864,-1797.1727664475366,-1667.6081914145248,20127.76356782399,11951.236432176009,16039.5,18660.0,0.7630230984386537,-0.029808374733853782,-0.16442542787286063,0.013343217197924417,38970.0,10081.0,-0.649217346676931,0.3560162682273584,0.8522709560771845,0.732583065380493,0.05340160936356986,1
2020-11-15,14100.0,14100.0,13450.0,14000.0,113749458400,8123202,1919,13430.0,14100.0,29.89852110479947,-1714.4685949176637,-1676.9802721151527,19464.014370103458,12017.98562989654,15741.0,18503.4,2.3292186547452327,0.012931034482758674,-0.13230769230769235,0.03145574250182892,38970.0,10638.0,-0.6381832178598922,0.3254371122391427,0.8957499523537259,0.7620221148545672,0.04539007092198588,0
2020-11-16,14100.0,14630.0,13510.0,14290.0,57180703340,4001663,1243,14000.0,14140.0,30.37321732579298,-1626.9428924949134,-1666.972796191105,18828.6167838412,12117.383216158798,15473.0,18361.8,1.1410675925623617,0.01726618705035965,-0.08122157244964268,0.0028368794326241176,38970.0,10770.0,-0.6371567872722607,0.3129062209842154,0.9138499321398565,0.7700770077007701,0.08203677510608198,1
2020-11-17,14290.0,14850.0,13750.0,14490.0,81056441750,5592926,1474,14290.0,14620.0,35.97592349185503,-1501.5373661808517,-1633.8857101890546,18308.704471219662,12234.295528780338,15271.5,18229.2,1.5644964648499666,0.10673732021196058,-0.001366120218579181,0.03394625176803401,38970.0,10770.0,-0.6248396202206826,0.3574744661095636,0.9573388337753331,0.8020099620389265,0.09439124487004102,1
2020-11-18,14940.0,15210.0,14620.0,15070.0,118855620210,7889453,1683,14490.0,15210.0,42.13906864673902,-1339.1081091976866,-1574.9301899907812,17891.655374113645,12369.344625886355,15130.5,18132.2,2.020738569427415,0.12750185322461083,0.033288043478260976,0.04035567715458277,38970.0,10770.0,-0.6096997690531177,0.41225626740947074,1.0052542876970358,0.838839192155392,0.07297830374753445,1
2020-11-21,15780.0,15780.0,14320.0,14870.0,94952516370,6383832,1970,15070.0,14400.0,36.8889083063727,-1261.2036131658897,-1512.1848746258029,17250.843233294745,12607.156766705255,14929.0,18029.8,1.5719530391787226,0.05340160936356986,0.022001419446415982,-0.053254437869822535,38970.0,10770.0,-0.6304849884526559,0.3370473537604457,0.9645656105566347,0.7986777446227912,0.14513888888888893,1
2020-11-22,14140.0,15350.0,14130.0,14580.0,138635600990,9508532,2213,14870.0,14740.0,40.25383971226827,-1158.6721292302555,-1441.4823255466936,16921.8194729444,12705.180527055598,14813.5,17937.8,2.20713863086604,0.04539007092198588,0.05890804597701149,0.023611111111111027,38970.0,10770.0,-0.6217603284577881,0.3686165273909007,0.9950383096499814,0.8217284170857073,0.1322930800542741,1
2020-11-23,15100.0,15300.0,14750.0,15240.0,48100758250,3148742,476,14580.0,15300.0,45.415980334150625,-1020.4645890615375,-1357.2787782496625,16716.821184343124,12784.178815656878,14750.5,17852.0,0.7080692496296471,0.08203677510608198,0.1007194244604317,0.037991858887381325,38970.0,10770.0,-0.6073903002309469,0.4206128133704735,1.0372529744754415,0.8570468294868923,0.1287581699346405,1
2020-11-24,16000.0,16000.0,16000.0,15550.0,21862416000,1366401,280,15240.0,16000.0,51.10314090980808,-844.7126463189597,-1254.7655518635222,16622.77702460525,12832.222975394749,14727.5,17772.8,0.3032901777370367,0.09439124487004102,0.2112036336109009,0.045751633986928164,38970.0,10770.0,-0.5894277649473955,0.4856081708449396,1.086402987608216,0.9002520705797624,0.0943750000000001,1
2020-11-25,16320.0,16320.0,16320.0,15710.0,11053617600,677305,184,15550.0,16320.0,53.48888234419126,-671.8618348104574,-1138.1848084529092,16604.927915174147,12842.072084825855,14723.5,17721.8,0.14942628660780488,0.07297830374753445,0.2097850259451446,0.020000000000000018,38970.0,10770.0,-0.5812163202463433,0.5153203342618384,1.1084320983461813,0.9208996828764573,0.08578431372549011,1
2020-11-28,16490.0,16490.0,16490.0,15900.0,13113672500,795250,227,15710.0,16490.0,54.75194799229069,-515.2196111521116,-1013.5917689927498,16634.751952354043,12825.248047645959,14730.0,17685.8,0.17538180829174976,0.14513888888888893,0.20629114850036578,0.01041666666666674,38970.0,10770.0,-0.5768539902489094,0.531104921077066,1.1194840461642905,0.9323864343145348,0.10430563978168594,1
2020-11-29,16690.0,16690.0,16690.0,16450.0,37188708070,2228203,212,15900.0,16690.0,56.25697307413462,-370.6683577314452,-885.007086740489,16735.023953460102,12768.976046539896,14752.0,17635.4,0.5468290589557476,0.1322930800542741,0.18368794326241145,0.012128562765312267,38970.0,10770.0,-0.5717218373107519,0.5496750232126276,1.1313720173535793,0.9463919162593419,0.09946075494307971,1
2020-11-30,17270.0,17270.0,17270.0,16680.0,15268130680,884084,203,16450.0,17270.0,60.37333931781403,-206.92400410862683,-749.3904702141165,17100.705302250513,12591.294697749488,14846.0,17596.8,0.223194239520281,0.1287581699346405,0.2213578500707214,0.034751348112642244,38970.0,10770.0,-0.5568385937900949,0.6035283194057567,1.1632763033813822,0.9814284415348246,0.08222350897510133,1
2020-12-01,17510.0,17510.0,17510.0,16880.0,13486604730,770223,266,16680.0,17510.0,61.96819026028545,-57.13086091002515,-610.9385483532983,17521.735968466724,12457.264031533276,14989.5,17573.0,0.20623472162839057,0.0943750000000001,0.19767441860465107,0.01389693109438328,38970.0,10770.0,-0.5506800102643059,0.6258124419684308,1.1681510390606757,0.9964149547601434,0.08794974300399772,1
2020-12-02,17720.0,17720.0,17720.0,17350.0,31333390000,1768250,297,16880.0,17720.0,63.357843317175366,77.63164001092991,-473.2245106804527,17932.136567832746,12346.863432167253,15139.5,17547.4,0.482365322585782,0.08578431372549011,0.16502301117685736,0.011993146773272345,38970.0,10770.0,-0.5452912496792405,0.6453110492107706,1.1704481653951584,1.0098362150518025,0.10045146726862297,1
2020-12-05,18210.0,18210.0,18210.0,17480.0,7862823060,431786,188,17350.0,18210.0,66.43927275512905,221.4184240371942,-334.2959237369233,18394.168397841382,12296.83160215862,15345.5,17522.6,0.11848204812546707,0.10430563978168594,0.2645833333333334,0.02765237020316036,38970.0,10890.0,-0.5327174749807544,0.6721763085399449,1.1866671011045584,1.0392293381119242,0.08401976935749578,1
2020-12-06,18350.0,18350.0,18350.0,17800.0,19425621950,1058617,228,17480.0,18350.0,67.28576808590523,342.71669159011435,-198.89340067151582,18806.926542376663,12327.073457623337,15567.0,17486.2,0.2867427462644813,0.09946075494307971,0.2449118046132972,0.007688083470620555,38970.0,11027.0,-0.5291249679240442,0.6640972159245488,1.1787756150831887,1.0493989546042022,0.11280653950953679,1
2020-12-07,18690.0,18690.0,18690.0,18150.0,20979282030,1122487,365,17800.0,18690.0,69.31028593722745,460.9678505949378,-66.9211504182251,19221.544802048265,12391.455197951735,15806.5,17436.8,0.3207729617696356,0.08222350897510133,0.2215686274509805,0.018528610354223485,38970.0,11485.0,-0.5204003079291762,0.6273400087070091,1.1824249517603518,1.071870985501927,0.03745318352059934,0
2020-12-08,19050.0,19050.0,19050.0,18580.0,26171080500,1373810,316,18150.0,19050.0,71.33317795197439,577.079523882534,61.878984441926725,19573.72243892344,12623.277561076562,16098.5,17380.6,0.4037097001628036,0.08794974300399772,0.19062500000000004,0.019261637239165408,38970.0,11770.0,-0.5111624326404927,0.6185216652506372,1.1833400627387645,1.0960496185402115,-0.002624671916010457,0
2020-12-09,19500.0,19500.0,19500.0,18800.0,13365261000,685398,324,18580.0,19500.0,73.6695047090104,697.3712391490844,188.97743538335828,19958.375787971407,12839.624212028593,16399.0,17340.8,0.2272379907487941,0.10045146726862297,0.19485294117647056,0.023622047244094446,38970.0,11770.0,-0.4996150885296382,0.6567544604927783,1.1890968961522044,1.1245155932828936,-0.03282051282051279,0
2020-12-12,19740.0,19740.0,19740.0,19450.0,36520934520,1850098,295,18800.0,19740.0,74.84691726522661,802.8149335698945,311.74493502066554,20314.10282976924,13090.897170230763,16702.5,17331.0,0.620211154956041,0.08401976935749578,0.197089144936325,0.012307692307692353,38970.0,11770.0,-0.49345650500384913,0.6771452846219201,1.181859003143242,1.1389994806993249,0.005572441742654588,0
2020-12-13,20420.0,20420.0,20000.0,20410.0,553218525600,27107266,2310,19450.0,20420.0,77.86683743453551,930.523640781983,435.50067617292905,20767.314612647213,13269.685387352787,17018.5,17331.6,6.893635530680243,0.11280653950953679,0.2234871180347513,0.03444782168186422,38970.0,11807.0,-0.47600718501411343,0.7294825103752012,1.1998707289126538,1.1781947425511783,-0.0014691478942213676,0
2020-12-14,20500.0,20790.0,19390.0,19990.0,377329959640,18875998,4493,20410.0,19390.0,65.11437347342185,937.8108200417992,535.9627049467031,20920.455453772905,13641.544546227095,17281.0,17303.4,4.036840946642724,0.03745318352059934,0.1227562246670526,-0.0504407443682664,38970.0,12010.0,-0.5024377726456248,0.6144879267277269,1.1220415485214976,1.1205890171873736,0.09902011346054662,1
2020-12-15,19000.0,19000.0,19000.0,19850.0,7259729000,382091,143,19990.0,19000.0,61.038176298317794,901.7217346181023,609.114510880983,20996.941520814642,14003.058479185358,17500.0,17255.4,0.08653615818829014,-0.002624671916010457,0.08509423186750431,-0.02011346054667351,38970.0,12010.0,-0.5124454708750321,0.582014987510408,1.0857142857142856,1.1011045817541174,0.13157894736842102,1
2020-12-16,18860.0,19350.0,18860.0,18910.0,379181730420,20057040,3742,19850.0,18860.0,59.59591833390018,852.0026878090212,657.6921462665906,21061.327459341108,14303.672540658892,17682.5,17227.2,3.9924274807409845,-0.03282051282051279,0.06433408577878108,-0.00736842105263158,38970.0,12010.0,-0.5160379779317423,0.5703580349708576,1.0665912625477167,1.094780347357667,0.1532343584305409,1
2020-12-19,19390.0,19850.0,18200.0,19420.0,165268348230,8510525,2721,18910.0,19850.0,65.75757808793225,882.3139452912619,702.6165060715249,21102.078009836674,14807.921990163324,17955.0,17204.4,1.658937683014031,0.005572441742654588,0.09006040637012624,0.05249204665959706,38970.0,12030.0,-0.49063382088786245,0.6500415627597672,1.1055416318574214,1.153774615795959,0.1476070528967255,1
2020-12-20,20290.0,20390.0,19800.0,20300.0,267534227910,13182147,3392,19420.0,20390.0,68.57285221513561,939.0841447968196,749.9100338165838,21187.66524960851,15287.334750391487,18237.5,17182.8,2.4807447789509705,-0.0014691478942213676,0.11117166212534069,0.02720403022670026,38970.0,12030.0,-0.4767770079548371,0.6949293433083957,1.1180260452364634,1.186651768047117,0.05738106915154484,1
2020-12-21,20690.0,21310.0,19750.0,21080.0,83233895270,3949248,951,20300.0,21310.0,72.69214411757186,1046.2507211069096,809.178171274649,21454.25513287122,15621.744867128777,18538.0,17163.0,0.7376516918176432,0.09902011346054662,0.14018191546281433,0.045120156939676415,38970.0,12030.0,-0.4531691044393123,0.771404821280133,1.1495306937102168,1.241624424634388,-0.004692632566870025,0
2020-12-22,22130.0,22130.0,21310.0,21970.0,490127218350,22312488,7769,21080.0,21500.0,73.46567230774525,1133.4467484597517,874.0318867116696,21757.222138358084,15868.777861641916,18813.0,17154.8,3.485718591213716,0.13157894736842102,0.1286089238845145,0.008916001877053104,38970.0,12754.0,-0.4482935591480626,0.6857456484240239,1.1428267687237548,1.253293538834612,-0.06093023255813956,0
2020-12-23,21500.0,22440.0,21000.0,21700.0,318154018270,14659107,6512,21970.0,21750.0,74.48961725909648,1208.7889721867978,940.9833038066952,22060.36609241712,16108.63390758288,19084.5,17164.0,2.0646031133351093,0.1532343584305409,0.11538461538461542,0.011627906976744207,38970.0,13111.0,-0.44187836797536567,0.6589123636640989,1.1396683172207813,1.2671871358657656,-0.11770114942528731,0
2020-12-26,22470.0,22780.0,22010.0,22690.0,232992493900,10268989,2830,21700.0,22780.0,78.2189360560634,1336.2076492129781,1020.0281728879518,22536.705531116335,16261.294468883667,19399.0,17201.8,1.3558402975801314,0.1476070528967255,0.15400202634245197,0.04735632183908045,38970.0,13210.0,-0.41544778034385427,0.72445117335352,1.1742873343986804,1.3242800172075015,-0.18612818261633013,0
2020-12-27,22990.0,23320.0,21560.0,22320.0,223530037160,10013262,4317,22690.0,21560.0,65.92550069936948,1323.4877221057068,1080.7200827315028,22654.85373088854,16630.14626911146,19642.5,17231.6,1.257450557510206,0.05738106915154484,0.0558276199804113,-0.05355575065847229,38970.0,13210.0,-0.44675391326661534,0.6320968962906889,1.097619956726486,1.2511896747835374,-0.0932282003710575,0
2020-12-28,21220.0,21870.0,21210.0,21250.0,101650588890,4784044,1108,22320.0,21210.0,62.87257991108241,1270.5192581657575,1118.6799178183537,22717.815305868724,16961.184694131276,19839.5,17265.8,0.5864133038009615,-0.004692632566870025,0.09386281588447654,-0.016233766233766267,38970.0,13210.0,-0.45573518090839105,0.6056018168054504,1.0690793618790797,1.2284400375308413,-0.036775106082036824,0
2020-12-29,20190.0,20700.0,20190.0,20200.0,81662469790,4042738,1247,21250.0,20190.0,54.894349844921614,1133.1733760684692,1121.5786094683767,22647.846836144894,17299.153163855106,19973.5,17296.6,0.4858026918782279,-0.06093023255813956,0.06263157894736837,-0.048090523338048086,38970.0,13210.0,-0.4819091608929946,0.5283875851627555,1.0108393621548553,1.1672814310326887,0.017830609212481363,0
2020-12-30,19300.0,20970.0,19190.0,19510.0,320589461220,16429774,4669,20200.0,19190.0,48.40870384458789,932.880467005707,1083.8389809758428,22544.527577424968,17549.472422575032,20047.0,17319.8,1.8144731158393628,-0.11770114942528731,0.017497348886532427,-0.049529470034670675,38970.0,13210.0,-0.5075699255837824,0.45268735806207416,0.9572504614156732,1.1079804616681486,0.03595622720166758,0
2021-01-02,19000.0,19400.0,18540.0,18620.0,246002232910,13211887,3288,19510.0,18540.0,44.710953657116676,713.4728548681487,1009.765755754304,22516.223180466608,17610.776819533392,20063.5,17322.0,1.3629142235499874,-0.18612818261633013,-0.06599496221662471,-0.033871808233454925,38970.0,13210.0,-0.5242494226327945,0.40348221044663135,0.9240660901637302,1.0703152060962937,0.02049622437971954,0
2021-01-03,18220.0,19550.0,18220.0,19460.0,253390829310,13022057,3475,18620.0,19550.0,50.97716753799527,614.0113598331009,930.6148765700634,22461.655469595265,17785.344530404735,20123.5,17372.0,1.2652573142886676,-0.0932282003710575,-0.041196665031878354,0.05447680690399137,38970.0,13210.0,-0.4983320502950988,0.47993943981831944,0.9715009814396104,1.1253741653235092,0.018414322250639437,0
2021-01-04,20420.0,20430.0,19700.0,20390.0,194605051760,9542972,3012,19460.0,20430.0,55.68933155503678,599.2878368303391,864.3494686221186,22456.496215490642,17964.503784509358,20210.5,17449.4,0.8907803769122846,-0.036775106082036824,-0.04129516658845611,0.04501278772378514,38970.0,13210.0,-0.47575057736720555,0.546555639666919,1.0108606912248583,1.1708138961798114,-0.03083700440528636,0
2021-01-05,21200.0,21400.0,20000.0,20920.0,296515480270,14173627,6083,20390.0,20550.0,56.30610548885113,590.4954716648645,809.5786692306677,22470.837273740213,18100.162726259787,20285.5,17531.2,1.2484435663554294,0.017830609212481363,-0.04418604651162794,0.005873715124816492,38970.0,13210.0,-0.472671285604311,0.5556396669190008,1.01303887012891,1.172195856530072,-0.08515815085158152,0
2021-01-06,20920.0,20920.0,19880.0,19910.0,63924997210,3210215,1270,20920.0,19880.0,51.957553717192475,523.4302799065626,752.3489913658467,22468.694769423102,18140.305230576898,20304.5,17600.8,0.27965302506181433,0.03595622720166758,-0.08597701149425285,-0.03260340632603409,38970.0,13210.0,-0.4898639979471388,0.5049205147615443,0.9790933044399025,1.1294941139039134,-0.0880281690140845,0
2021-01-09,18920.0,19800.0,18920.0,18970.0,204307984660,10770658,3007,19910.0,18920.0,46.4250393599833,388.3401122337418,679.5472155394258,22498.818992895267,18028.181007104733,20263.5,17652.0,0.9031766072028009,0.02049622437971954,-0.1694468832309043,-0.048289738430583484,38970.0,13210.0,-0.514498332050295,0.43224829674489024,0.9336985219730056,1.0718332200317244,-0.08720930232558144,0
2021-01-10,18990.0,19910.0,18990.0,19860.0,178395848150,8983616,2711,18970.0,19910.0,52.09060395394045,357.04906790622044,615.0475860127847,22477.228438547147,17998.771561452853,20238.0,17725.2,0.8152749599431639,0.018414322250639437,-0.07653061224489799,0.05232558139534893,38970.0,13210.0,-0.48909417500641517,0.5071915215745647,0.9837928649075995,1.1232595400898155,-0.15971873430436967,0
2021-01-11,20760.0,20770.0,19030.0,19780.0,212029020170,10717252,4522,19860.0,19800.0,51.43969256123521,319.6894284142145,555.9759544930706,22473.677419530613,18043.322580469387,20258.5,17813.4,1.0099955972408496,-0.03083700440528636,-0.06647807637906644,-0.0055248618784530246,38970.0,13210.0,-0.49191685912240185,0.4988644965934898,0.9773675247427006,1.1115227862171173,-0.1636363636363637,0
2021-01-12,19090.0,20330.0,18800.0,19080.0,161727996720,8475772,3156,19780.0,18800.0,45.83270068251941,207.00379145137413,486.18152188473135,22487.98453890584,18009.01546109416,20248.5,17896.6,0.7694146088803564,-0.08515815085158152,-0.06884596334819215,-0.0505050505050505,38970.0,13210.0,-0.5175776238131896,0.4231642694928085,0.9284638368274193,1.050478861906731,-0.15000000000000002,0
2021-01-13,18330.0,18790.0,18130.0,18170.0,119983123890,6602046,1861,19080.0,18130.0,42.49085409098751,62.911012731750816,401.5274200541353,22561.890210200956,17862.109789799044,20212.0,17964.8,0.6383030685166873,-0.0880281690140845,-0.05523710265763415,-0.03563829787234041,38970.0,13210.0,-0.5347703361560174,0.372445117335352,0.8969918860083119,1.0091957605985038,-0.05405405405405406,0
2021-01-16,17340.0,18200.0,17270.0,17610.0,36982043510,2119553,534,18170.0,17270.0,38.600311270871536,-119.30311319082102,297.361313405144,22758.870699416966,17407.129300583034,20083.0,18028.4,0.21145684124640352,-0.08720930232558144,-0.06850053937432576,-0.04743519029233312,38970.0,13210.0,-0.5568385937900949,0.30734292202876606,0.8599312851665588,0.9579330389829379,-0.06311522872032427,0
2021-01-18,16730.0,16730.0,16730.0,17430.0,9259419260,553462,85,17610.0,16730.0,36.349724047556684,-303.7808116977867,177.1328883845579,22942.36749916873,16857.63250083127,19900.0,18084.6,0.05892822053670025,-0.15971873430436967,-0.14424552429667514,-0.03126809496236249,38970.0,13210.0,-0.5706954067231204,0.2664647993943982,0.8407035175879397,0.9250964909370404,-0.053795576808129075,0
2021-01-19,16560.0,17300.0,16560.0,16630.0,143796388170,8646428,2487,17430.0,16560.0,35.64512026310386,-458.41398503859455,50.02351369992742,22958.53928981408,16366.460710185918,19662.5,18137.8,0.8981438018158383,-0.1636363636363637,-0.18942731277533043,-0.010161386730424438,38970.0,13210.0,-0.5750577367205543,0.25359576078728235,0.8422123331214241,0.9130103981739792,-0.08997584541062797,0
2021-01-20,16000.0,17380.0,15900.0,16340.0,108832107320,6662233,2569,16630.0,15980.0,33.27522776781775,-620.6090469433511,-84.10299842872828,22935.591573909867,15837.40842609013,19386.5,18193.2,0.7532641302806949,-0.15000000000000002,-0.2223844282238443,-0.035024154589372025,38970.0,13210.0,-0.5899409802412112,0.20968962906888722,0.8242849405514147,0.8783501528043445,-0.07071339173967461,0
2021-01-23,16480.0,17150.0,16250.0,17030.0,136822643520,8035246,2249,16340.0,17150.0,41.6962972329309,-647.2791490403106,-196.73822855104476,22659.014953572354,15653.985046427646,19156.5,18266.4,0.9438471539248529,-0.05405405405405406,-0.13732394366197187,0.07321652065081352,38970.0,13210.0,-0.5599178855529895,0.2982588947766843,0.8952574844047713,0.938882319449919,-0.10204081632653061,0
2021-01-24,17700.0,17750.0,16180.0,16660.0,110271081490,6617610,1931,17030.0,16180.0,37.473720773736005,-738.1770449961623,-305.0259918400683,22139.802129296066,15513.197870703932,18826.5,18316.6,0.7943620641023386,-0.06311522872032427,-0.14482029598308666,-0.05655976676384844,38970.0,13210.0,-0.5848088273030536,0.22482967448902347,0.8594268716968103,0.883351713746001,-0.03584672435105063,0
2021-01-25,15900.0,16300.0,15830.0,15860.0,96687340940,6096070,1871,16660.0,15830.0,36.05490697019079,-828.9012991496456,-409.80105330198376,21849.235561273596,15230.764438726406,18540.0,18351.2,0.7493758653341795,-0.053795576808129075,-0.20492214967353084,-0.021631644004944328,38970.0,13210.0,-0.5937900949448294,0.198334595003785,0.8538295577130529,0.8626138890099829,0.04358812381554,0
2021-01-26,15400.0,15860.0,15070.0,15300.0,113213065760,7401910,2068,15860.0,15070.0,33.12232826317441,-951.1621672283072,-518.0732760872485,21632.477018601196,14833.522981398806,18233.0,18369.8,0.8954909546510584,-0.08997584541062797,-0.23888888888888893,-0.04801010739102973,38970.0,13210.0,-0.6132922761098281,0.14080242240726723,0.8265233368068886,0.8203682130453244,0.13536828135368273,1
2021-01-27,14810.0,15860.0,14540.0,14670.0,112063714270,7638693,2024,15300.0,14850.0,32.303250207332795,-1053.6609992873382,-625.1908207272664,21542.905925516854,14389.094074483148,17966.0,18374.4,0.9044632187274912,-0.07071339173967461,-0.21010638297872342,-0.014598540145985384,38970.0,13210.0,-0.6189376443418014,0.12414837244511734,0.8265612824223534,0.8081896551724137,0.1138047138047138,1
2021-01-30,15190.0,15400.0,14860.0,15190.0,38762089070,2522359,636,14670.0,15400.0,36.52900627447179,-1078.0841754100838,-715.76949166383,21473.50568027661,14079.494319723392,17776.5,18378.2,0.3254579798132,-0.10204081632653061,-0.1505791505791506,0.03703703703703698,38970.0,13210.0,-0.6048242237618681,0.16578349735049205,0.8663122661941327,0.8379493095080041,0.03961038961038965,0
2021-01-31,15940.0,15940.0,15210.0,15740.0,123640670860,7856434,2236,15190.0,15600.0,38.04352720736369,-1068.9788669545687,-786.4113667219777,21425.848113647833,13833.151886352165,17629.5,18402.2,1.0499870118729717,-0.03584672435105063,-0.09669947886508401,0.01298701298701288,38970.0,13210.0,-0.5996920708237106,0.1809235427706283,0.8848804560537735,0.8477247285650629,0.08653846153846145,1
2021-02-01,15700.0,16520.0,15400.0,16300.0,67962072230,4170128,1261,15740.0,16520.0,44.593010669955795,-976.2726695383717,-824.3836272852566,21196.73419324337,13759.26580675663,17478.0,18437.8,0.5923633609534752,0.04358812381554,-0.012552301255230103,0.05897435897435899,38970.0,13210.0,-0.5760841673081858,0.2505677517032551,0.9451882366403479,0.8959854212541627,-0.03631961259079908,0
2021-02-02,16970.0,17110.0,16650.0,17060.0,159095489460,9324076,1495,16300.0,17110.0,48.36292002247407,-845.4484673514562,-828.5965952984966,20776.53229166613,13847.46770833387,17312.0,18474.0,1.3265399411176995,0.13536828135368273,0.033212560386473466,0.03571428571428581,38970.0,13210.0,-0.560944316140621,0.2952308856926571,0.9883317929759704,0.9261665042762802,-0.06370543541788432,0
2021-02-03,17700.0,17910.0,16210.0,16850.0,181238718470,10757525,2328,17060.0,16540.0,45.16563053099739,-778.7862181468736,-818.634519868172,20252.272357239108,13970.727642760892,17111.5,18484.8,1.568594945952898,0.1138047138047138,0.03504380475594493,-0.03331385154880184,38970.0,13210.0,-0.57557095201437,0.25208175624526874,0.9666014084095491,0.8947892322340518,0.01571946795646917,0
2021-02-06,16180.0,16950.0,16010.0,16490.0,36596815210,2235235,395,16850.0,16010.0,42.36132893496015,-759.9621058852026,-806.9000370715783,19820.485831144957,14015.514168855041,16918.0,18478.6,0.32826134516050387,0.03961038961038965,-0.06647230320699704,-0.03204353083434097,38970.0,13210.0,-0.5891711573004875,0.21196063588190764,0.94632935335146,0.866407628283528,0.019987507807620153,0
2021-02-07,15700.0,17200.0,15700.0,16600.0,92519349570,5574014,1812,16490.0,16950.0,48.47209671385849,-661.5675779777957,-777.8335452528218,19573.44607790298,14065.553922097019,16819.5,18487.8,0.8510616662252324,0.08653846153846145,0.04758961681087759,0.05871330418488441,38970.0,13210.0,-0.565050038491147,0.2831188493565481,1.0077588513332738,0.9168208223801643,-0.04483775811209445,0
2021-02-08,17160.0,17160.0,15770.0,16020.0,103275940140,6446415,1742,16600.0,15920.0,43.08227384950411,-659.1038586431823,-754.0876079308939,19002.561646631028,14237.438353368972,16620.0,18472.4,1.003704397691532,-0.03631961259079908,0.005685407454200986,-0.06076696165191742,38970.0,13210.0,-0.5914806261226585,0.20514761544284632,0.9578820697954272,0.86182629219809,0.027010050251256246,0
2021-02-09,16000.0,16200.0,15500.0,15850.0,78929793580,4980378,1472,16020.0,16020.0,43.73639426832332,-641.6852311457733,-731.6071325738699,18323.943739258273,14538.056260741729,16431.0,18447.4,0.8116944426953685,-0.06370543541788432,0.06303915063039156,0.00628140703517599,38970.0,13210.0,-0.5889145496535797,0.21271763815291445,0.9749863063721015,0.8684150612010364,0.016853932584269593,0
2021-02-13,16310.0,16800.0,16300.0,16660.0,53841760970,3232631,1020,15850.0,16800.0,48.68968824272454,-558.5032838911538,-696.9863628373266,17895.62008168023,14766.379918319768,16331.0,18433.2,0.5503641253881782,0.01571946795646917,0.13131313131313127,0.04868913857677892,38970.0,13210.0,-0.5688991531947653,0.2717638152914459,1.0287183883411917,0.9113989974611028,-0.03749999999999998,0
2021-02-14,17420.0,17420.0,16330.0,16520.0,47688827890,2889674,1028,16660.0,16330.0,46.058429210790365,-524.4604102997473,-662.4811723298108,17570.795472994636,14911.204527005364,16241.0,18405.4,0.5080295570131221,0.019987507807620153,0.06038961038961044,-0.027976190476190488,38970.0,13210.0,-0.5809597125994355,0.23618470855412566,1.005479958130657,0.8872396144609733,-0.014084507042253502,0
2021-02-15,16190.0,16190.0,16190.0,16480.0,6361245280,392912,122,16520.0,16190.0,45.27357985264863,-502.97997759650934,-630.5809333831505,17430.158879627623,14943.841120372375,16187.0,18365.0,0.07014191915372261,-0.04483775811209445,0.03782051282051291,-0.008573178199632547,38970.0,13210.0,-0.5845522196561458,0.22558667676003027,1.0001853339099278,0.8815682003811598,-0.0061766522544780544,0
2021-02-16,16160.0,17180.0,16160.0,16620.0,324439861030,19519428,3897,16480.0,16350.0,46.397762136309844,-467.6550804347535,-597.9957627934712,17388.796461330472,14947.203538669528,16168.0,18325.0,2.98007901547701,0.027010050251256246,-0.010290556900726444,0.009882643607164843,38970.0,13210.0,-0.5804464973056197,0.2376987130961393,1.0112568035625928,0.8922237380627558,-0.016513761467889854,0
2021-02-17,16610.0,17100.0,16290.0,16500.0,68282401750,4138194,1464,16620.0,16290.0,46.01602470646369,-439.4358011150325,-566.2837704577835,17363.57361231523,14945.426387684769,16154.5,18277.0,0.6543056188944105,0.016853932584269593,-0.04792518994739914,-0.003669724770642202,38970.0,13210.0,-0.581986143187067,0.2331566994700984,1.0083877557336964,0.8912841275920556,-0.01411909146715773,0
2021-02-20,16170.0,16170.0,16170.0,16420.0,11906278230,736319,106,16500.0,16170.0,45.2147842803178,-421.8915133162227,-537.4053190294713,17370.422811454177,14957.577188545822,16164.0,18219.4,0.12214448091681077,-0.03749999999999998,-0.022370012091898483,-0.007366482504604033,38970.0,13210.0,-0.5850654349499615,0.22407267221801666,1.0003711952487009,0.8875155054502343,-0.007421150278293154,0
2021-02-21,16100.0,16100.0,16100.0,16410.0,793504600,49286,44,16420.0,16100.0,44.72555663815835,-408.92215377793764,-511.70868597916467,17229.89662016522,14993.10337983478,16111.5,18151.4,0.008755784400880621,-0.014084507042253502,0.0056214865708932304,-0.0043290043290042934,38970.0,13210.0,-0.5868616884783167,0.21877365632096896,0.9992862241256245,0.8869839241050277,-0.003726708074534124,0
2021-02-22,16090.0,16090.0,16090.0,16400.0,1511977300,93970,25,16410.0,16090.0,44.65122895696755,-394.8986139256831,-488.34667156846837,17224.982110767873,14989.01788923213,16107.0,18078.4,0.01772088504741723,-0.0061766522544780544,-0.050737463126843685,-0.0006211180124223725,38970.0,13210.0,-0.5871182961252245,0.21801665404996215,0.9989445582665921,0.8900123904770333,-0.003107520198881275,0
2021-02-23,16080.0,16080.0,16080.0,16380.0,2454788880,152661,56,16400.0,16080.0,44.571459548939316,-380.2089617459915,-466.71912960397304,17230.38208194974,15008.61791805026,16119.5,17991.6,0.030497968470229647,-0.016513761467889854,0.01005025125628145,-0.0006215040397762328,38970.0,13210.0,-0.5873749037721324,0.21725965177895534,0.997549551785105,0.8937504168612019,-0.003109452736318463,0
2021-02-24,16060.0,16060.0,16060.0,16370.0,1737033540,108159,47,16380.0,16060.0,44.40061284834162,-365.96255093003856,-446.5678138691862,17171.335273247932,15166.66472675207,16169.0,17925.0,0.02330548554166863,-0.01411909146715773,0.0024968789013732895,-0.0012437810945273853,38970.0,13210.0,-0.5878881190659482,0.2157456472369417,0.9932587049291854,0.895955369595537,-0.00249066002490661,0
2021-02-27,16050.0,16050.0,16050.0,16360.0,1482313800,92356,31,16370.0,16050.0,44.30915985110978,-351.42804045110097,-427.5398591855692,17032.216035694648,15425.783964305354,16229.0,17866.0,0.021661467587648836,-0.007421150278293154,-0.044642857142857095,-0.0006226650062266526,38970.0,13210.0,-0.588144726712856,0.2149886449659349,0.9889703616981946,0.89835441620956,-0.0024922118380061864,0
2021-02-28,16040.0,16040.0,16040.0,16360.0,691163600,43090,14,16360.0,16040.0,44.21109239539232,-336.83344631004,-409.39857661046335,16975.671952714692,15546.328047285306,16261.0,17809.6,0.01040910701444937,-0.003726708074534124,-0.017758726270667435,-0.0006230529595016021,38970.0,13210.0,-0.5884013343597639,0.2142316426949281,0.9864091999262038,0.9006378582337616,-0.0018703241895261513,0
2021-03-01,16040.0,16040.0,16040.0,16350.0,1040546880,64872,23,16360.0,16040.0,44.21109239539232,-321.5603774381525,-391.83093677600124,16939.661252090482,15626.338747909516,16283.0,17733.4,0.01729889484749489,-0.003107520198881275,-0.009264978381717137,0.0,38970.0,13210.0,-0.5884013343597639,0.2142316426949281,0.985076460111773,0.904507877789933,-0.0024937655860348684,0
2021-03-02,16030.0,16030.0,16030.0,16340.0,2152877090,134303,51,16350.0,16030.0,44.097899631622404,-306.72751290960514,-374.81025200272205,16914.52667628461,15602.473323715389,16258.5,17646.2,0.037850224062402835,-0.003109452736318463,-0.01957186544342504,-0.0006234413965087171,38970.0,13210.0,-0.5886579420066718,0.21347464042392128,0.9859458129593751,0.9084108759959652,-0.0024953212726138707,0
2021-03-03,16020.0,16020.0,16020.0,16330.0,825542640,51532,35,16340.0,16020.0,43.97664615306043,-292.4085733170432,-358.3299162655863,16737.719027201594,15670.280972798406,16204.0,17540.4,0.016705959646542454,-0.00249066002490661,-0.016574585635359074,-0.0006238303181534954,38970.0,13210.0,-0.5889145496535797,0.21271763815291445,0.9886447790668971,0.9133201067250462,-0.0024968789013732895,0
2021-03-06,16010.0,16010.0,16010.0,16330.0,302028650,18865,14,16330.0,16010.0,43.846809001847404,-278.6554602651231,-342.39502506549366,16694.215589078758,15660.784410921242,16177.5,17430.6,0.007404675256613309,-0.0024922118380061864,-0.009894867037724131,-0.0006242197253433224,38970.0,13210.0,-0.5891711573004875,0.21196063588190764,0.9896461134291454,0.9184996500407331,-0.0018738288569644101,0
2021-03-07,16010.0,16010.0,16010.0,16320.0,1179376650,73665,22,16330.0,16010.0,43.846809001847404,-264.70466844079783,-326.8569537405545,16694.215589078758,15660.784410921242,16177.5,17315.8,0.03019507580679447,-0.0018703241895261513,-0.005590062111801242,0.0,38970.0,13210.0,-0.5891711573004875,0.21196063588190764,0.9896461134291454,0.9245891035932501,-0.002498438475952547,0
2021-03-08,16000.0,16000.0,16000.0,16310.0,2065632000,129102,39,16320.0,16000.0,43.697185537778914,-251.55570426572012,-311.7967038455876,16510.683595649974,15749.316404350027,16130.0,17180.2,0.0595656362078898,-0.0024937655860348684,-0.005593536357986317,-0.0006246096189881367,38970.0,13210.0,-0.5894277649473955,0.21120363361090083,0.9919404835709857,0.9313046413895065,-0.006249999999999978,0
2021-03-09,15990.0,15990.0,15990.0,16300.0,1659138390,103761,40,16310.0,15990.0,43.537190396168526,-239.18479838193343,-297.2743227528568,16507.626983786246,15759.373016213754,16133.5,17068.8,0.05607920928212224,-0.0024953212726138707,-0.005597014925373123,-0.0006249999999999867,38970.0,13210.0,-0.5896843725943033,0.21044663133989402,0.9911054637865311,0.9367969628796401,-0.021888680425265816,0
2021-03-10,15980.0,15980.0,15980.0,16300.0,549392400,34380,22,16300.0,15980.0,43.36619307302633,-227.5644613119366,-283.33235046467274,16508.449598748946,15754.550401251052,16131.5,16964.2,0.021447848290472988,-0.0024968789013732895,-0.00498132004981322,-0.000625390869293363,38970.0,13210.0,-0.5899409802412112,0.20968962906888722,0.9906084369091529,0.9419837068650452,0.04317897371714641,0
2021-03-13,15980.0,15980.0,15980.0,16290.0,1039211360,65032,41,16300.0,15980.0,43.36619307302633,-215.86688142732964,-269.83925665720415,16315.397754539656,15865.602245460344,16090.5,16880.0,0.04501798985523835,-0.0018738288569644101,-0.004361370716510882,0.0,38970.0,13210.0,-0.5899409802412112,0.20968962906888722,0.9931325937665082,0.9466824644549763,0.09449311639549429,1
2021-03-14,15970.0,15970.0,15970.0,16220.0,10056324970,629701,65,16290.0,15970.0,43.16955128523765,-205.03981021942127,-256.8793673696476,16274.279582705916,15870.720417294084,16072.5,16815.6,0.4728978234418466,-0.002498438475952547,-0.004364089775561131,-0.0006257822277847547,38970.0,13210.0,-0.590197587888119,0.20893262679788038,0.9936226473790636,0.9497133614025073,0.06386975579211018,1
2021-03-15,15900.0,16180.0,15900.0,15930.0,224004204300,14062226,2538,16220.0,15900.0,41.7426712039269,-199.80447169220497,-245.46438823415906,16265.518673851218,15850.481326148782,16058.0,16762.8,6.978616012118041,-0.006249999999999978,-0.00872817955112215,-0.004383218534752653,38970.0,13210.0,-0.5919938414164743,0.2036336109008327,0.9901606675800224,0.9485288853890759,0.0641509433962264,1
2021-03-16,15700.0,16140.0,15620.0,15730.0,136091955230,8650061,3095,15930.0,15640.0,36.86825593156715,-214.16647744219517,-239.2048060757663,16258.963527836657,15786.036472163343,16022.5,16684.6,5.878090286490324,-0.021888680425265816,-0.02432938240798499,-0.01635220125786163,38970.0,13210.0,-0.598665640236079,0.18395155185465556,0.9761273209549072,0.9373913668892273,0.1451406649616369,1
2021-03-17,16000.0,16670.0,15600.0,16500.0,167915987810,10178774,2216,15730.0,16670.0,57.86118916244612,-140.81287536663513,-219.52641993394008,16393.65195583294,15689.348044167062,16041.5,16609.4,5.739028529874805,0.04317897371714641,0.04057428214731584,0.06585677749360608,38970.0,13210.0,-0.5722350526045676,0.2619227857683573,1.0391796278402892,1.0036485363709706,0.043191361727654476,0
2021-03-27,16880.0,17490.0,16670.0,17330.0,124770535410,7201392,1752,16500.0,17490.0,67.20952584057113,-16.324293964225944,-178.88599473999727,16830.628619262843,15384.371380737159,16107.5,16548.2,3.434370468520684,0.09449311639549429,0.09244222361024357,0.049190161967606505,38970.0,13210.0,-0.5511932255581217,0.323996971990916,1.0858295824926276,1.05691253429376,0.03201829616923946,0
2021-03-28,17890.0,17910.0,16990.0,17260.0,63330394100,3670214,1213,17330.0,16990.0,58.663557134967824,41.509486837821896,-134.80689842443346,16970.989621422028,15333.01037857797,16152.0,16490.4,1.611222904827759,0.06386975579211018,0.061211742660836954,-0.028587764436821095,38970.0,13210.0,-0.5640236079035156,0.2861468584405753,1.0518821198613175,1.0302964148838112,0.10888758092995876,1
2021-03-30,16920.0,17240.0,16920.0,16950.0,57694502370,3403383,656,17260.0,16920.0,57.56007691868929,80.76376539398188,-91.6927656607504,17077.27089791247,15309.729102087531,16193.5,16450.4,1.3929016136666128,0.0641509433962264,0.05750000000000011,-0.004120070629782258,38970.0,13210.0,-0.5658198614318707,0.2808478425435276,1.0448636798715534,1.0285464183241744,0.0791962174940899,1
2021-03-31,16650.0,17960.0,16650.0,17740.0,257112031040,14491456,3023,16950.0,17910.0,67.0112185198669,189.5725162240924,-35.43970928378183,17440.101727120622,15129.89827287938,16285.0,16410.4,4.5854449627540435,0.1451406649616369,0.12007504690431525,0.0585106382978724,38970.0,13210.0,-0.5404157043879908,0.3557910673732021,1.0997850782929075,1.09138107541559,0.01730876605248466,0
2021-04-03,17500.0,17990.0,17390.0,17470.0,95794910400,5482963,1115,17740.0,17390.0,59.51428385021898,231.17968549298894,17.884169671572323,17596.751380242986,15106.248619757014,16351.5,16362.2,1.598971367166781,0.043191361727654476,0.08823529411764697,-0.029034059184812944,38970.0,13210.0,-0.5537593020272004,0.31642694928084786,1.0635109928752713,1.0628155138062119,0.04427832087406558,0
2021-04-04,17130.0,18490.0,17130.0,17780.0,193314938670,10873985,3575,17470.0,18050.0,64.8841629889902,313.79294135331656,77.06592400792118,17890.058653652013,15012.941346347987,16451.5,16347.2,2.7403244068247274,0.03201829616923946,0.12953692115143922,0.037952846463484846,38970.0,13210.0,-0.5368231973312805,0.3663890991672975,1.097164392304653,1.1041646275814818,0.0005540166204986985,0
2021-04-05,17980.0,18840.0,17860.0,18630.0,192584886330,10339878,2785,17780.0,18840.0,70.0114334946048,437.9623817982647,149.2452155659899,18351.662208433398,14831.337791566602,16591.5,16361.4,2.30647567975055,0.10888758092995876,0.1797119599248591,0.04376731301939052,38970.0,13210.0,-0.5165511932255581,0.4261922785768357,1.1355212006147726,1.1514907037295097,-0.047239915074310024,0
2021-04-06,19390.0,19390.0,18260.0,18590.0,174496861350,9388301,2818,18630.0,18260.0,62.76556819295201,483.9873008728173,216.19363262735538,18585.27322054388,14819.72677945612,16702.5,16381.2,1.8969527021889643,0.0791962174940899,0.1484276729559748,-0.030785562632696384,38970.0,13210.0,-0.531434436746215,0.3822861468584406,1.0932495135458764,1.114692452323395,-0.018619934282584905,0
2021-04-07,18220.0,18220.0,18220.0,18530.0,7901795360,433688,80,18590.0,18220.0,62.28679048573286,511.3403024170075,275.2229665852858,18778.464848401112,14845.535151598888,16812.0,16411.0,0.08736456393023458,0.01730876605248466,0.1649616368286444,-0.0021905805038334725,38970.0,13210.0,-0.5324608673338466,0.3792581377744133,1.0837497025933858,1.1102309426604107,-0.017014270032930878,0
2021-04-10,18160.0,18160.0,18160.0,18420.0,14463259600,796435,57,18530.0,18160.0,61.528622243762385,522.1571520323487,324.6098036746984,18933.73472199127,14904.26527800873,16919.0,16443.0,0.15924358701330846,0.04427832087406558,0.08938212357528497,-0.003293084522502765,38970.0,13210.0,-0.5340005132152938,0.37471612414837246,1.0733494887404693,1.1044213343063918,-0.013766519823788514,0
2021-04-11,18060.0,18060.0,18060.0,18310.0,15326420340,848639,51,18420.0,18060.0,60.213112273003475,516.7041749271848,363.0286779251957,19049.368585485085,14993.631414514915,17021.5,16484.6,0.16828553240450175,0.0005540166204986985,0.032590051457976,-0.005506607929515406,38970.0,13210.0,-0.5365665896843725,0.36714610143830434,1.0610110742296508,1.0955679846644748,-0.00830564784053156,0
2021-04-12,17950.0,17950.0,17950.0,18280.0,4409776500,245670,27,18310.0,17950.0,58.72572951523792,497.7686039766777,389.9766631354921,19129.074793435277,15107.925206564723,17118.5,16500.6,0.04863354092413883,-0.047239915074310024,0.056503825779870454,-0.006090808416389759,38970.0,13210.0,-0.5393892738003593,0.3588190764572294,1.0485731810614247,1.0878392300886028,-0.0022284122562674646,0
2021-04-13,17920.0,17920.0,17920.0,18270.0,1425876480,79569,43,18280.0,17920.0,58.302735858480304,474.86730361400987,406.9547912311957,19185.24072368674,15243.75927631326,17214.5,16535.4,0.01575943507270802,-0.018619934282584905,0.05910165484633567,-0.0016713091922005985,38970.0,13210.0,-0.5401590967410829,0.35654806964420893,1.040982892329141,1.0837355008043348,-0.0005580357142856984,0
2021-04-14,17910.0,17910.0,17910.0,18270.0,194592150,10865,12,18270.0,17910.0,58.152374474172454,450.7153753684579,415.7069080586482,19219.378990401794,15401.621009598206,17310.5,16577.0,0.0021539032354461465,-0.017014270032930878,0.0,-0.0005580357142856984,38970.0,13210.0,-0.5404157043879908,0.3557910673732021,1.0346321596718755,1.0804126198950352,-0.01005025125628145,0
2021-04-17,17910.0,17910.0,17910.0,18270.0,128593800,7180,6,18270.0,17910.0,58.152374474172454,426.6565669097654,417.89683982887163,19230.2948198241,15583.705180175899,17407.0,16633.8,0.0014237640013209675,-0.013766519823788514,0.029902242668200074,0.0,38970.0,13210.0,-0.5404157043879908,0.3557910673732021,1.0288964209800655,1.0767232983443351,-0.01005025125628145,0
2021-04-18,17910.0,17910.0,17910.0,18270.0,122844690,6859,4,18270.0,17910.0,58.152374474172454,402.9448900044117,414.9064498639797,19215.367693484935,15791.632306515066,17503.5,16695.0,0.0013608959707330582,-0.00830564784053156,-0.007756232686980558,0.0,38970.0,13210.0,-0.5404157043879908,0.3557910673732021,1.0232239266432428,1.0727762803234502,-0.01005025125628145,0
2021-04-19,17910.0,17910.0,17910.0,18270.0,281939220,15742,16,18270.0,17910.0,58.152374474172454,379.7754008050106,407.88024005218585,19167.528717030247,16033.471282969753,17600.5,16745.2,0.0031425146984727,-0.0022284122562674646,-0.04936305732484081,0.0,38970.0,13210.0,-0.5404157043879908,0.3557910673732021,1.0175847277065992,1.0695602321859399,-0.01005025125628145,0
2021-04-20,17910.0,17910.0,17910.0,18270.0,264387420,14762,13,18270.0,17910.0,58.152374474172454,357.294742306276,397.7631405030039,19063.349441221853,16338.650558778147,17701.0,16791.4,0.003427451017541064,-0.0005580357142856984,-0.0191675794085433,0.0,38970.0,13210.0,-0.5404157043879908,0.3557910673732021,1.0118072425286706,1.0666174351155948,-0.01005025125628145,0
2021-04-21,17730.0,17730.0,17730.0,18270.0,231341040,13048,8,18270.0,17730.0,54.48844016626177,321.250981461897,382.46070869478257,18786.794553127413,16824.205446872587,17805.5,16815.6,0.0033671040259021343,-0.01005025125628145,-0.026893523600439062,-0.01005025125628145,38970.0,13210.0,-0.5450346420323325,0.34216502649507946,0.9957597371598663,1.0543780774994649,0.0,0
2021-04-24,17730.0,17730.0,17730.0,18270.0,435448800,24560,11,18270.0,17730.0,54.48844016626177,289.3505878492142,363.8386845256689,18692.149206799564,17024.850793200436,17858.5,16828.0,0.00729339704503683,-0.01005025125628145,-0.02367841409691629,0.0,38970.0,13210.0,-0.5450346420323325,0.34216502649507946,0.9928045468544391,1.0536011409555504,0.0,0
2021-04-25,17730.0,17730.0,17730.0,18270.0,27711990,1563,3,18270.0,17730.0,54.48844016626177,261.059959373757,343.28293949528654,18689.36445764702,17051.63554235298,17870.5,16851.8,0.0005197114620484279,-0.01005025125628145,-0.01827242524916939,0.0,38970.0,13210.0,-0.5450346420323325,0.34216502649507946,0.9921378808651129,1.0521131273810513,0.0,0
2021-04-26,17730.0,17730.0,17730.0,18270.0,54767970,3089,5,18270.0,17730.0,54.48844016626178,235.91989479186304,321.8103305546019,18624.406548998933,17190.593451001067,17907.5,16886.2,0.0010938068630626575,-0.01005025125628145,-0.012256267409470722,0.0,38970.0,13210.0,-0.5450346420323325,0.34216502649507946,0.9900879519754293,1.0499697978230744,0.0,0
2021-04-27,17730.0,17730.0,17730.0,18270.0,272545560,15372,10,18270.0,17730.0,54.48844016626177,213.53471718733635,300.1552078811488,18512.50332151155,17383.49667848845,17948.0,16901.8,0.005790525807769309,-0.01005025125628145,-0.010602678571428603,0.0,38970.0,13210.0,-0.5450346420323325,0.34216502649507946,0.9878537998662804,1.049000698150493,0.0,0
2021-04-28,17730.0,17730.0,17730.0,18270.0,116468370,6569,4,18270.0,17730.0,54.48844016626178,193.56302855487593,278.8367720158942,18511.325082446656,17366.674917553344,17939.0,16938.0,0.0034028567160847554,0.0,-0.01005025125628145,0.0,38970.0,13210.0,-0.5450346420323325,0.34216502649507946,0.9883494063214227,1.046758767268863,0.0,0
2021-05-01,17730.0,17730.0,17730.0,18270.0,449189550,25335,14,18270.0,17730.0,54.48844016626178,175.70984767696427,258.2113871481082,18480.267107491567,17431.732892508433,17956.0,16972.2,0.01528455654379466,0.0,-0.01005025125628145,0.0,38970.0,13210.0,-0.5450346420323325,0.34216502649507946,0.9874136778792604,1.044649485629441,0.0,0
2021-05-02,17730.0,17730.0,17730.0,18270.0,46771740,2638,5,18270.0,17730.0,54.48844016626178,159.71992137459165,238.5130939934049,18471.300291734882,17408.699708265118,17940.0,16990.8,0.00236806838421344,0.0,-0.01005025125628145,0.0,38970.0,13210.0,-0.5450346420323325,0.34216502649507946,0.9882943143812709,1.043505897309132,-0.031020868584320405,0
2021-05-03,17730.0,17730.0,17730.0,18270.0,36736560,2072,4,18270.0,17730.0,54.48844016626179,145.3720312929654,219.88488145331704,18226.229425126887,17542.770574873113,17884.5,17018.8,0.0034701182955288058,0.0,-0.01005025125628145,0.0,38970.0,13210.0,-0.5450346420323325,0.34216502649507946,0.9913612345886103,1.0417890803111853,-0.0005640157924421407,0
2021-05-05,17730.0,17730.0,17730.0,18270.0,334370070,18859,11,18270.0,17730.0,54.48844016626178,132.474145544762,202.40273427160605,18158.905300713603,17557.094699286397,17858.0,17049.6,0.14661922150860987,0.0,-0.01005025125628145,0.0,38970.0,13210.0,-0.5450346420323325,0.34216502649507946,0.9928323440474858,1.0399070945945947,-0.0005640157924421407,0
2021-05-08,17730.0,17730.0,17730.0,18270.0,176697180,9966,8,18270.0,17730.0,54.48844016626178,120.85928753070039,186.09404492342492,18088.864445445204,17578.135554554796,17833.5,17077.2,0.0927590944121162,0.0,0.0,0.0,38970.0,13210.0,-0.5450346420323325,0.34216502649507946,0.9941963159222811,1.0382264071393437,-0.021432600112803124,0
2021-05-09,17730.0,17730.0,17730.0,18270.0,14981850,845,2,18270.0,17730.0,54.48844016626178,110.38201373015909,170.95163868477175,18022.199904846624,17601.800095153376,17812.0,17106.0,0.012488896705739423,0.0,0.0,0.0,38970.0,13210.0,-0.5450346420323325,0.34216502649507946,0.995396362003144,1.0364784286215363,-0.021996615905245376,0
2021-05-10,17180.0,17180.0,17180.0,18260.0,570049580,33181,47,18270.0,17180.0,37.105454655704136,57.040764869565464,148.1694639217305,18090.52751820196,17445.47248179804,17768.0,17126.2,1.2340816447975245,-0.031020868584320405,-0.031020868584320405,-0.031020868584320405,38970.0,13210.0,-0.5591480626122658,0.3005299015897048,0.9669067987393066,1.003141385713118,0.008731082654249045,0
2021-05-11,17720.0,17720.0,17720.0,18260.0,217406680,12269,21,18260.0,17720.0,52.96953823132817,57.6760739973688,130.07078593685816,18068.479165967074,17444.520834032926,17756.5,17158.6,0.8062613564300806,-0.0005640157924421407,-0.0005640157924421407,0.03143189755529696,38970.0,13210.0,-0.5452912496792405,0.3414080242240727,0.9979444147213696,1.0327182870397353,-0.02257336343115124,0
2021-05-12,17720.0,17720.0,17720.0,18260.0,118688560,6698,7,18260.0,17720.0,52.969538231328166,57.5165461174729,115.55993797298112,18049.56929900191,17443.43070099809,17746.5,17191.2,0.5787309048178613,-0.0005640157924421407,-0.0005640157924421407,0.0,38970.0,13210.0,-0.5452912496792405,0.3414080242240727,0.9985067478094272,1.0307599236818836,-0.02257336343115124,0
2021-05-15,17350.0,17350.0,17350.0,18250.0,205597500,11850,11,18260.0,17350.0,44.125188427061715,27.220431156103587,97.89203660960563,18057.33771926617,17379.66228073383,17718.5,17216.6,1.0195433994244096,-0.021432600112803124,-0.021432600112803124,-0.020880361173814865,38970.0,13210.0,-0.5547857326148319,0.3133989401968206,0.9792025284307362,1.0077483359083677,-0.05475504322766567,0
2021-05-16,17340.0,17340.0,17340.0,18240.0,97173360,5604,6,18250.0,17340.0,43.91178383355445,2.376233609087649,78.78887600950203,18054.527090896536,17325.472909103464,17690.0,17242.2,0.485444882861734,-0.021996615905245376,-0.021996615905245376,-0.0005763688760807018,38970.0,13210.0,-0.5550423402617398,0.3126419379258138,0.9802148106274732,1.0056721300066116,-0.012687427912341454,0
2021-05-17,17330.0,17330.0,17330.0,18230.0,80497850,4645,8,18240.0,17330.0,43.68426002060746,-17.913393911894673,59.4484220252227,18042.78004138179,17279.21995861821,17661.0,17267.8,0.40626762934747906,0.008731082654249045,-0.022560631697687517,-0.0005767012687427631,38970.0,13210.0,-0.5552989479086476,0.31188493565480696,0.9812581394032048,1.003602080172344,-0.012117714945181768,0
2021-05-18,17320.0,17320.0,17320.0,18230.0,43300000,2500,3,18230.0,17320.0,43.44185654758049,-34.4034052868883,40.678056562800506,18022.819562502915,17240.180437497085,17631.5,17293.4,0.23209933851688522,-0.02257336343115124,-0.02312464749012977,-0.0005770340450086398,38970.0,13210.0,-0.5555555555555556,0.3111279333838001,0.982332756713836,1.0015381590664645,-0.012124711316397252,0
2021-05-19,17320.0,17320.0,17320.0,18220.0,103400400,5970,3,18230.0,17320.0,43.44185654758049,-46.93086826972649,23.156271596295106,17993.84690887828,17210.15309112172,17602.0,17319.0,0.577836066843147,-0.02257336343115124,-0.02312464749012977,0.0,38970.0,13210.0,-0.5555555555555556,0.3111279333838001,0.983979093284854,1.0000577400542756,-0.01327944572748263,0
2021-05-22,16400.0,16400.0,16400.0,18020.0,1458698000,88945,63,18220.0,16400.0,27.286445463122917,-129.6013208258555,-7.39524688813502,18184.76034839457,16886.23965160543,17535.5,17326.4,6.296322514423247,-0.05475504322766567,-0.07501410039481105,-0.053117782909930744,38970.0,13210.0,-0.5791634590710804,0.24148372445117336,0.9352456445496279,0.9465324591375011,0.04085365853658529,0
2021-05-23,17120.0,17120.0,17120.0,18020.0,59149600,3455,5,18020.0,17120.0,44.63837629360994,-135.45878284759965,-33.00795408002794,18171.91828584725,16838.08171415275,17505.0,17348.4,0.2643205508271971,-0.012687427912341454,-0.03440496333897347,0.04390243902439028,38970.0,13210.0,-0.5606877084937131,0.2959878879636639,0.9780062839188803,0.9868345207627216,-0.005841121495327117,0
2021-05-24,17120.0,17120.0,17120.0,18010.0,86661440,5062,5,18020.0,17120.0,44.63837629360994,-138.5042726612446,-54.107217796271286,18153.15970854134,16795.84029145866,17474.5,17370.6,0.38214733281997854,-0.012117714945181768,-0.0034924330616996624,0.0,38970.0,13210.0,-0.5606877084937131,0.2959878879636639,0.979713296517783,0.9855733250434643,-0.007009345794392496,0
2021-05-25,17110.0,17110.0,17110.0,17980.0,543002960,31736,16,18010.0,17110.0,44.467448959914805,-140.10966470713538,-71.3077071784441,18129.248496168537,16757.751503831463,17443.5,17392.6,2.162066416641971,-0.012124711316397252,-0.03442437923250563,-0.0005841121495326895,38970.0,13210.0,-0.560944316140621,0.2952308856926571,0.9808811305070657,0.983751710497568,-0.007597895967270563,0
2021-05-26,17090.0,17090.0,17090.0,17960.0,318540510,18639,9,17980.0,17090.0,44.103707415368135,-141.36620075782048,-85.31940589431937,18100.507256853947,16722.492743146053,17411.5,17414.4,1.2558365168879995,-0.01327944572748263,-0.035553047404063176,-0.0011689070718877703,38970.0,13210.0,-0.5614575314344368,0.2937168811506434,0.9815351922579905,0.9813717383314957,-0.0076067875950848185,0
2021-05-29,17070.0,17070.0,17070.0,17910.0,740035710,43353,65,17960.0,17070.0,43.71858264848183,-142.33509708518977,-96.72254413249347,18066.548690135656,16690.451309864344,17378.5,17436.0,2.598929327202643,0.04085365853658529,-0.016138328530259316,-0.001170275014628408,38970.0,13210.0,-0.5619707467282525,0.2922028766086298,0.982248180222689,0.9790089470061941,-0.10954891622729934,0
2021-05-30,17020.0,17020.0,17020.0,17890.0,289663380,17019,38,17910.0,17020.0,42.71437144539193,-145.46075549455418,-106.47018640490562,18028.10145233927,16657.89854766073,17343.0,17456.8,1.0463379095374816,-0.005841121495327117,-0.018454440599769306,-0.0029291154071470205,38970.0,13210.0,-0.5632537849627919,0.28841786525359575,0.9813757712045206,0.9749782319783695,-0.11104582843713273,0
2021-05-31,17000.0,17000.0,17000.0,17870.0,251447000,14791,15,17890.0,17000.0,42.29586555022495,-147.84740233386037,-114.74562959069658,17982.969511506148,16630.030488493852,17306.5,17477.2,0.876610195608948,-0.007009345794392496,-0.019042123485285667,-0.001175088131609825,38970.0,13210.0,-0.5637670002566076,0.28690386071158214,0.9822898910813856,0.9726958551713089,-0.15000000000000002,0
2021-06-01,16980.0,16980.0,16980.0,17850.0,307405920,18104,13,17870.0,16980.0,41.85424250346442,-149.62785324974175,-121.72207432250562,17930.38944654217,16607.61055345783,17269.0,17497.4,1.0242976483135355,-0.007597895967270563,-0.019630484988452657,-0.0011764705882353343,38970.0,13210.0,-0.5642802155504234,0.2853898561695685,0.9832648097747408,0.9704298924411626,-0.15076560659599525,0
2021-06-02,16960.0,16960.0,16960.0,17760.0,1454659200,85770,54,17850.0,16960.0,41.38884738010985,-150.91307430064626,-127.56027431813375,17869.326267460365,16591.673732539635,17230.5,17518.6,4.080380207515664,-0.0076067875950848185,-0.020785219399538146,-0.0011778563015312216,38970.0,13210.0,-0.5647934308442392,0.2838758516275549,0.9843010939903079,0.9681138903793683,-0.14209905660377353,0
2021-06-09,14480.0,15200.0,13760.0,14570.0,124377939550,8536224,1856,17550.0,15200.0,20.152528417287797,-290.5990671547697,-160.16803288546095,18161.722080698564,16046.277919301436,17104.0,17509.8,19.08248217770654,-0.10954891622729934,-0.07317073170731703,-0.10377358490566035,38970.0,13210.0,-0.6099563767000257,0.1506434519303558,0.8886810102899907,0.868085300802979,0.021052631578947434,0
2021-06-12,15290.0,15290.0,14740.0,15180.0,134165994840,8837465,1968,14570.0,15130.0,19.719162815876942,-402.31203514982553,-208.59683333833388,18297.68274144421,15650.31725855579,16974.0,17479.0,9.939071982221503,-0.11104582843713273,-0.11623831775700932,-0.004605263157894779,38970.0,13210.0,-0.6117526302283808,0.1453444360333081,0.8913632614587016,0.8656101607643458,0.011235955056179803,0
2021-06-13,14630.0,15090.0,14430.0,14480.0,128060126000,8842562,1977,15180.0,14450.0,16.097698304656504,-539.4967019818469,-274.7768070670365,18553.085905746844,15121.914094253156,16837.5,17418.2,6.650377711354271,-0.15000000000000002,-0.15595794392523366,-0.0449438202247191,38970.0,13210.0,-0.6292019502181165,0.09386828160484481,0.858203414996288,0.8295920359164551,0.03183391003460212,0
2021-06-14,14050.0,14950.0,14050.0,14450.0,74053604700,5125566,1600,14480.0,14420.0,15.958452041563987,-643.2226181382011,-348.46596928126945,18633.98795560849,14711.012044391513,16672.5,17366.8,3.2331879074589076,-0.15076560659599525,-0.15721800116890705,-0.0020761245674740803,38970.0,13210.0,-0.6299717731588401,0.09159727479182438,0.8648972859499175,0.8303199207683627,0.03883495145631066,0
2021-06-15,14120.0,15140.0,14120.0,14790.0,78227885250,5289145,1586,14450.0,14550.0,19.21932604392856,-706.7888189086952,-420.13053920675463,18618.399201671848,14409.60079832815,16514.0,17319.4,2.859893526092839,-0.14209905660377353,-0.1486249268578116,0.009015256588072118,38970.0,13210.0,-0.6266358737490377,0.10143830431491295,0.8810706067579024,0.8400983867801425,0.07079037800687282,1
2021-06-16,14900.0,15520.0,14630.0,15450.0,105572007440,6831361,1019,14790.0,15520.0,38.41919964627907,-671.1579070461648,-470.33601277463674,18532.67416342753,14312.325836572469,16422.5,17271.6,3.1187792635467986,0.021052631578947434,-0.0908025776215583,0.06666666666666665,38970.0,13210.0,-0.6017449319989736,0.17486752460257382,0.9450449079007459,0.8985849602816185,0.0006443298969072142,0
2021-06-19,15720.0,16070.0,15110.0,15380.0,50273181960,3268574,1167,15450.0,15300.0,36.31121561916907,-653.1432848513487,-506.8974671899791,18440.608251952493,14200.391748047508,16320.5,17229.8,1.3887879654527855,0.011235955056179803,-0.10105757931844883,-0.014175257731958713,38970.0,13210.0,-0.6073903002309469,0.15821347464042393,0.9374712784534788,0.8879963783677118,0.019607843137254832,0
2021-06-20,15690.0,15690.0,14840.0,15050.0,40912230950,2719143,781,15380.0,14910.0,32.86832529254842,-662.6971474069614,-538.0574032333757,18351.33154545076,14047.668454549239,16199.5,17167.0,1.0923458981455278,0.03183391003460212,-0.12294117647058822,-0.025490196078431393,38970.0,13210.0,-0.6173979984603541,0.1286903860711582,0.9203987777400537,0.86852682472185,0.052984574111334615,1
2021-06-21,14730.0,15460.0,14510.0,14840.0,36549522400,2462822,1084,15050.0,14980.0,34.076530142315235,-657.0462175299399,-561.8551660926886,18232.373252077196,13932.626747922804,16082.5,17089.8,0.9427844653874522,0.03883495145631066,-0.11778563015312127,0.0046948356807512415,38970.0,13210.0,-0.6156017449319989,0.1339894019682059,0.9314472252448314,0.8765462439583845,0.0874499332443257,1
2021-06-22,14920.0,15580.0,14920.0,15530.0,65885831200,4241985,829,14840.0,15580.0,43.46821823248102,-597.2678967712491,-568.9377122284006,18077.78216147499,13913.217838525012,15995.5,17036.2,1.5020735646493493,0.07079037800687282,-0.08136792452830188,0.040053404539385884,38970.0,13210.0,-0.6002052861175263,0.1794095382286147,0.9740239442343159,0.9145231917915967,0.02695763799743256,0
2021-06-23,15260.0,16200.0,15260.0,15770.0,52134535900,3305729,1080,15530.0,15530.0,42.91948465181144,-547.6151623104943,-564.6732022448193,18035.013202069764,13868.986797930236,15952.0,16982.4,1.1074746344150495,0.0006443298969072142,0.021710526315789513,-0.003209242618742003,38970.0,13210.0,-0.6014883243520657,0.17562452687358063,0.9735456369107321,0.9144761635575654,0.05280103026400518,1
2021-06-26,15750.0,16440.0,15600.0,16010.0,53232078410,3325112,1082,15770.0,15600.0,43.98559496858525,-496.8887730627739,-551.1163164084103,17892.8728269271,13859.1271730729,15876.0,16931.2,1.0552533965241155,0.019607843137254832,0.03106411103767348,0.004507405022537103,38970.0,13210.0,-0.5996920708237106,0.1809235427706283,0.982615268329554,0.9213759213759214,0.03653846153846163,0
2021-06-27,16060.0,16140.0,15600.0,15880.0,69065125280,4348171,959,16010.0,15700.0,45.550173631230926,-443.50611740643944,-529.5942766080161,17740.019379747107,13869.98062025289,15805.0,16884.0,1.2909619546236109,0.052984574111334615,0.08650519031141868,0.0064102564102563875,38970.0,13210.0,-0.5971259943546318,0.18849356548069643,0.9933565327428029,0.9298744373371239,0.0573248407643312,1
2021-06-28,15500.0,16670.0,15500.0,16440.0,90813982910,5524883,1528,15880.0,16290.0,53.757082276263255,-349.562371608381,-493.5878956080891,17619.806024345453,13908.193975654547,15764.0,16850.8,1.5166496381965966,0.0874499332443257,0.1296809986130374,0.03757961783439501,38970.0,13210.0,-0.581986143187067,0.2331566994700984,1.0333671656939862,0.9667196809647021,0.05586249232658069,1
2021-06-29,16400.0,16540.0,15820.0,16050.0,40647195640,2532585,994,16440.0,16000.0,49.78505043782297,-295.11000813003557,-453.89231811247845,17467.80003127932,13951.19996872068,15709.5,16812.4,0.6720373540984889,0.02695763799743256,0.09965635738831624,-0.017802332719459746,38970.0,13210.0,-0.5894277649473955,0.21120363361090083,1.0184919952894744,0.9516785229949323,0.06499999999999995,1
2021-06-30,15830.0,16390.0,15830.0,16160.0,38436551370,2378037,829,16050.0,16350.0,54.18492378538941,-221.16459505577586,-407.34677350113793,17346.30931369862,14000.690686301381,15673.5,16781.2,0.6120675712085012,0.05280103026400518,0.053479381443299,0.02187500000000009,38970.0,13210.0,-0.5804464973056197,0.2376987130961393,1.0431620250741698,0.9743045789335685,0.009785932721712465,0
2021-07-03,16410.0,16600.0,16000.0,16390.0,57345459980,3499362,1012,16160.0,16170.0,51.677114288127186,-175.0687347263065,-360.8911657461717,17205.088942848157,14056.911057151843,15631.0,16746.4,0.8620456839166072,0.03653846153846163,0.056862745098039236,-0.011009174311926606,38970.0,13210.0,-0.5850654349499615,0.22407267221801666,1.0344827586206897,0.965580662112454,0.04390847247990104,0
2021-07-04,16360.0,17090.0,15800.0,16560.0,64460111560,3891558,898,16390.0,16600.0,56.81865072867239,-102.65666484166286,-309.2442655652699,17123.982485026456,14098.017514973546,15611.0,16720.2,0.914970086461092,0.0573248407643312,0.11334674714956394,0.026592455163883644,38970.0,13210.0,-0.5740313061329227,0.25662376987130964,1.0633527640766127,0.992811090776426,0.030722891566264954,0
2021-07-05,17000.0,17380.0,16730.0,17300.0,120678553020,6976207,1439,16560.0,17200.0,62.77100589901543,3.109562729972822,-246.7734999062214,17177.24403229745,14066.755967702551,15622.0,16706.0,1.5161998682036295,0.05586249232658069,0.14819759679572764,0.03614457831325302,38970.0,13210.0,-0.5586348473184501,0.3020439061317184,1.101011394187684,1.0295702142942655,-0.029069767441860517,0
2021-07-06,17300.0,17780.0,16910.0,17210.0,68944208010,4006185,1370,17300.0,17040.0,60.380749211902675,73.17587136609654,-182.7836256517578,17195.336165388675,14056.663834611325,15626.0,16688.6,0.835120546356243,0.06499999999999995,0.09370988446726569,-0.009302325581395321,38970.0,13210.0,-0.5627405696689761,0.28993186979560936,1.090490208626648,1.0210562899224622,-0.04166666666666663,0
2021-07-07,17340.0,17340.0,16510.0,16840.0,41897042610,2488039,846,17210.0,16510.0,53.15957936813737,84.95801207683508,-129.2352981060392,17293.26496403088,14089.735035969119,15691.5,16664.2,0.5535464904072932,0.009785932721712465,0.06310367031551833,-0.031103286384976503,38970.0,13210.0,-0.5763407749550936,0.2498107494322483,1.0521619985342383,0.9907466305013142,-0.0006056935190793533,0
2021-07-10,16500.0,17480.0,16500.0,17040.0,33323930910,1955179,949,16840.0,16880.0,57.0236832391665,122.73652104306348,-78.84093427621868,17438.661411251367,14119.338588748633,15779.0,16647.2,0.4710582016222795,0.04390847247990104,0.08205128205128198,0.02241066020593574,38970.0,13210.0,-0.5668462920195022,0.2778198334595004,1.069776284935674,1.0139843337017636,-0.05213270142180093,0
2021-07-11,16910.0,17390.0,16610.0,16980.0,76780725680,4520647,1313,17040.0,17110.0,59.27285571529376,169.28393950899044,-29.21595951917685,17550.531049445486,14273.468950554516,15912.0,16634.8,1.1489720015010747,0.030722891566264954,0.08980891719745232,0.013625592417061627,37800.0,13210.0,-0.5473544973544974,0.2952308856926571,1.0752890899949723,1.0285666193762475,-0.08065458796025715,0
2021-07-12,17300.0,17480.0,16500.0,16890.0,43995596580,2605033,983,16980.0,16700.0,53.86142489561482,171.11700024999845,10.850632434658209,17546.452564204803,14505.547435795197,16026.0,16614.2,0.6840071709825725,-0.029069767441860517,0.02516881522406389,-0.02396259497369957,37800.0,13210.0,-0.5582010582010583,0.26419379258137776,1.0420566579308623,1.0051642570812918,-0.005389221556886259,0
2021-07-13,16440.0,17000.0,16330.0,16560.0,38467612070,2322393,944,16890.0,16330.0,49.471901083188115,141.08743814965055,36.89799357765668,17479.866293816718,14750.13370618328,16115.0,16586.2,0.6345075588085489,-0.04166666666666663,0.020624999999999893,-0.02215568862275452,37800.0,13210.0,-0.567989417989418,0.23618470855412566,1.0133416071982624,0.9845534239307375,0.060012247397428053,1
2021-07-14,16670.0,16670.0,16100.0,16380.0,32073191880,1957864,855,16560.0,16500.0,51.430454804617035,129.51342296390794,55.42107945490693,17510.14115158738,14817.858848412618,16164.0,16561.6,0.5730654463368886,-0.0006056935190793533,0.00917431192660545,0.010410287813839458,37800.0,13210.0,-0.5634920634920635,0.24905374716124148,1.0207869339272457,0.9962805526036133,0.07696969696969691,1
2021-07-17,16930.0,16930.0,16000.0,16340.0,39855751280,2439616,965,16380.0,16000.0,45.80657400433224,79.08348601822581,60.15356076757071,17488.680580607856,14909.319419392144,16199.0,16527.0,0.7228432953509267,-0.05213270142180093,-0.010513296227581903,-0.030303030303030276,34930.0,13210.0,-0.5419410249069567,0.21120363361090083,0.9877152910673498,0.9681127851394687,0.11250000000000004,1
2021-07-18,16000.0,16290.0,15690.0,15820.0,32621102830,2061949,863,16340.0,15730.0,43.06785528318005,17.133153812712408,51.54947937659905,17409.717914711502,15070.282085288498,16240.0,16487.0,0.6169495738663989,-0.08065458796025715,-0.052409638554216875,-0.016874999999999973,34640.0,13210.0,-0.5459006928406467,0.19076457229371688,0.9685960591133005,0.9540850366955783,0.12587412587412583,1
2021-07-19,15660.0,16610.0,15660.0,16490.0,83598613360,5070822,1050,15820.0,16610.0,52.943074774012786,38.60074933474243,48.95973336822773,17346.941855980658,15296.058144019344,16321.5,16464.6,1.4602514024348208,-0.005389221556886259,-0.03430232558139534,0.05594405594405605,34310.0,13210.0,-0.5158845817545905,0.2573807721423164,1.0176760714395123,1.0088310678668173,0.06742925948223966,1
2021-07-26,17270.0,17310.0,16950.0,17290.0,129017219150,7461794,1100,16490.0,17310.0,59.030698773532706,110.82065181685175,61.33191705795254,17460.171088747968,15355.828911252034,16408.0,16456.2,2.0535776466498095,0.060012247397428053,0.015845070422535246,0.04214328717639981,33480.0,13210.0,-0.4829749103942652,0.31037093111279335,1.0549731838127743,1.0518831808072338,0.018486424032351234,0
2021-07-27,18150.0,18150.0,17410.0,17960.0,205976084520,11470217,2596,17290.0,17770.0,62.46693331927104,202.8354397807052,89.63262160250308,17648.592043210087,15391.407956789913,16520.0,16457.0,2.8379103958002294,0.07696969696969691,0.07631738340399763,0.026574234546504982,33480.0,13210.0,-0.4692353643966547,0.34519303557910674,1.0756658595641646,1.0797836786777664,-0.037703995498030385,0
2021-07-28,17990.0,18000.0,17410.0,17710.0,98183178640,5545075,1353,17960.0,17800.0,62.68673731093183,275.0084452819465,126.70778633839176,17806.316283997272,15453.683716002728,16630.0,16458.4,1.3352679245675574,0.11250000000000004,0.05450236966824651,0.0016882386043894915,33480.0,13210.0,-0.46833930704898447,0.3474640423921272,1.0703547805171376,1.0815146065231127,-0.057865168539325884,0
2021-07-31,18000.0,18500.0,17640.0,17960.0,79344887010,4418006,1334,17710.0,17710.0,61.522710657590935,321.24076075691846,165.6143812220971,17915.244276203597,15545.755723796403,16730.5,16469.0,1.0629731199894483,0.12587412587412583,0.035067212156633554,-0.0050561797752809445,33480.0,13210.0,-0.4710274790919952,0.34065102195306585,1.0585457697020413,1.075353694820572,-0.05985319028797287,0
2021-08-01,17640.0,17910.0,17360.0,17610.0,58409483140,3317422,1157,17960.0,17730.0,61.692941493919534,355.3972385705638,203.57095269179047,18045.02766568685,15559.972334313152,16802.5,16469.2,0.8199467139507544,0.06742925948223966,0.06167664670658679,0.0011293054771315258,33480.0,13210.0,-0.47043010752688175,0.34216502649507946,1.0552001190299063,1.076555023923445,-0.015228426395939132,0
2021-08-02,17900.0,18110.0,17460.0,17740.0,40952736360,2309078,905,17610.0,17630.0,60.25745459400175,370.130692828312,236.88290071909478,18119.093518725298,15648.906481274704,16884.0,16467.4,0.5723013306870062,0.018486424032351234,0.07960808328230251,-0.005640157924421851,33480.0,13210.0,-0.4734169653524492,0.33459500378501134,1.0441838426913055,1.070600094732623,0.024390243902439046,0
2021-08-03,17630.0,18020.0,16940.0,17190.0,65751449540,3825564,1345,17740.0,17100.0,53.19299777120157,335.1767815735184,256.5416768899795,18134.814056622294,15708.185943377706,16921.5,16462.4,0.9314512756627212,-0.037703995498030385,0.036363636363636376,-0.03006239364719232,33480.0,13210.0,-0.489247311827957,0.29447388342165026,1.0105487102207251,1.0387306832539605,0.0935672514619883,1
2021-08-04,17120.0,17350.0,16570.0,16900.0,73854750460,4371164,1258,17190.0,16770.0,49.31614037347273,277.64677382035006,260.76269627605365,18117.763692308585,15785.236307691413,16951.5,16451.0,1.0531172812543532,-0.057865168539325884,0.04812499999999997,-0.019298245614035037,33480.0,13210.0,-0.49910394265232977,0.26949280847842544,0.9892929829218653,1.0193909184851984,0.10494931425163978,1
2021-08-07,16900.0,16900.0,16340.0,16630.0,42265529020,2542142,879,16900.0,16650.0,47.94764102474286,219.83669055139762,252.57749513112248,18117.45004190006,15790.549958099939,16954.0,16437.4,0.622582698095263,-0.05985319028797287,0.05848696757787675,-0.007155635062611854,33470.0,13210.0,-0.502539587690469,0.2604087812263437,0.9820691282293265,1.0129339189896212,0.1735735735735735,1
2021-08-08,17000.0,17460.0,16670.0,17200.0,95277979090,5540135,1203,16630.0,17460.0,56.685035338054064,236.65401345405553,249.3927987957091,18146.84914289805,15787.150857101951,16967.0,16440.2,1.381092044251105,-0.015228426395939132,0.0511739915713425,0.048648648648648596,32670.0,13210.0,-0.465564738292011,0.32172596517789553,1.0290564036070018,1.062030875536794,0.13631156930125998,1
2021-08-09,17750.0,18060.0,17430.0,17950.0,71467244690,3980750,903,17200.0,18060.0,61.800136687932145,294.9963147201888,258.51350198060504,18290.597344016274,15745.402655983726,17018.0,16455.0,0.9926699772622903,0.024390243902439046,0.0433275563258233,0.03436426116838498,32670.0,13210.0,-0.44719926538108357,0.36714610143830434,1.0612292866376778,1.097538742023701,0.12070874861572545,1
2021-08-10,18500.0,18840.0,18060.0,18720.0,178678843400,9542676,1964,17950.0,18700.0,66.36308772245522,388.3984446042523,284.4904905053345,18571.714319274433,15683.285680725567,17127.5,16501.0,2.187244226933503,0.0935672514619883,0.052335396736072015,0.03543743078626793,32670.0,13210.0,-0.4276094276094276,0.4155942467827404,1.0918114143920596,1.1332646506272348,0.06898395721925143,1
2021-08-11,18860.0,19100.0,18260.0,18610.0,100512597130,5402164,1824,18720.0,18530.0,64.17042152101504,443.5893048313228,316.31025337053217,18771.94750231797,15648.052497682032,17210.0,16529.2,1.191156633874582,0.10494931425163978,0.04101123595505607,-0.009090909090909038,32610.0,13210.0,-0.431769395890831,0.4027252081756245,1.0766995932597327,1.1210463906299155,0.10091743119266061,1
2021-08-14,18570.0,19540.0,18570.0,19220.0,116524498000,6063969,1586,18610.0,19540.0,70.42297674617622,562.3446590852182,365.5171345134694,19192.7928302654,15470.207169734602,17331.5,16577.6,1.3147125092900556,0.1735735735735735,0.10333145115753806,0.05450620615218571,30990.0,13210.0,-0.36947402387867057,0.47918243754731266,1.1274269393878198,1.1786989672811505,0.08341862845445247,1
2021-08-15,19760.0,20180.0,19290.0,20030.0,154451461020,7711318,1817,19220.0,19840.0,71.98671629909009,672.9097410894356,426.9956558286626,19620.29994370894,15356.700056291062,17488.5,16632.2,1.5841791099170555,0.13631156930125998,0.1190073322053018,0.01535312180143289,30470.0,13210.0,-0.3488677387594355,0.5018925056775171,1.1344597878605942,1.1928668486429936,0.10735887096774199,1
2021-08-22,20000.0,21020.0,19420.0,20450.0,142963516280,6990043,2809,20030.0,20240.0,73.9633173762973,783.7751501686434,498.3515546966588,20058.324324939094,15309.675675060904,17684.0,16695.2,1.3703042276232655,0.12070874861572545,0.14804310833806023,0.02016129032258074,30470.0,13210.0,-0.33574007220216606,0.5321725965177896,1.144537434969464,1.2123245004552206,0.028162055335968272,0
2021-08-23,20440.0,20450.0,19710.0,19980.0,92181099860,4614206,1823,20450.0,19990.0,70.60991699166097,841.7605829210916,567.0333603415454,20368.235245000466,15348.764754999534,17858.5,16753.6,0.8815990277241345,0.06898395721925143,0.16900584795321638,-0.012351778656126466,30470.0,13210.0,-0.34394486380045947,0.5132475397426193,1.1193549290253941,1.193176391939643,0.026013006503251557,0
2021-08-24,19700.0,20500.0,19570.0,20170.0,79531698940,3942628,1529,19980.0,20400.0,72.78885268424534,910.304604787867,635.6876092308098,20668.13530250837,15488.86469749163,18078.5,16821.2,0.7426231566850462,0.10091743119266061,0.21645796064400713,0.02051025512756377,30130.0,13210.0,-0.32293395287089277,0.5442846328538986,1.128412202339796,1.2127553325565357,-0.04264705882352937,0
2021-08-25,20510.0,21170.0,20200.0,20930.0,224950440750,10746678,2330,20170.0,21170.0,76.33702353650861,1015.057845797015,711.561656544051,21037.256222659158,15663.743777340842,18350.5,16904.6,1.8711702227322549,0.08341862845445247,0.27147147147147144,0.037745098039215774,30130.0,13210.0,-0.2973780285429804,0.6025738077214232,1.1536470395902019,1.252321853223383,-0.04345772319319796,0
2021-08-28,21500.0,21970.0,21120.0,21870.0,65479267200,2994165,711,20930.0,21970.0,79.3497937518157,1149.3795264076325,799.1252305167673,21609.428116822233,15627.571883177767,18618.5,17004.4,0.5309311812264569,0.10735887096774199,0.2583046964490263,0.037789324515824285,30130.0,13210.0,-0.2708264188516429,0.6631339894019682,1.1800091307033327,1.2920185363788195,-0.05188893946290396,0
2021-08-29,22750.0,22750.0,20780.0,21580.0,226458856430,10492442,2731,21870.0,20810.0,66.19018650353682,1148.9833556449266,869.0968555423992,21866.161875312322,15720.838124687676,18793.5,17081.4,1.8118556922224087,0.028162055335968272,0.1522702104097453,-0.05279927173418297,30130.0,13210.0,-0.30932625290408233,0.5753217259651779,1.107297735919334,1.218284215579519,0.04853435848149923,0
2021-08-30,20600.0,21000.0,20510.0,20550.0,72857178370,3544693,700,21580.0,20510.0,63.2678633281769,1111.6475140998482,917.6069872538891,22052.348651039618,15808.651348960382,18930.5,17187.6,0.6570675946067892,0.026013006503251557,0.09679144385026728,-0.014416146083613635,28690.0,13210.0,-0.2851167654234925,0.5526116578349735,1.0834367819127861,1.1933021480602295,0.03607996099463673,0
2021-08-31,19560.0,20450.0,19530.0,19660.0,112186763420,5707580,1156,20550.0,19530.0,54.762253562054504,991.5508004779222,932.3957498986958,22104.439716010325,15929.560283989675,19017.0,17275.6,1.0564034443248438,-0.04264705882352937,0.05396654074473828,-0.04778156996587035,27900.0,13210.0,-0.3,0.4784254352763058,1.0269758637008992,1.1304961911597862,0.08397337429595497,1
2021-09-01,19300.0,20400.0,18850.0,19840.0,74787695990,3769800,1100,19660.0,20250.0,59.11150499792653,943.594106894041,934.635421297765,22214.859163165573,16073.140836834427,19144.0,17391.6,0.7019548533987734,-0.04345772319319796,0.0363357215967246,0.03686635944700467,27160.0,13210.0,-0.2544182621502209,0.5329295987887964,1.057772670288341,1.1643552059614988,0.09481481481481491,1
2021-09-04,20390.0,20830.0,20100.0,20790.0,52806754840,2539646,586,19840.0,20830.0,62.259281559349326,941.5357958879358,936.0154962157992,22381.647563377624,16216.352436622376,19299.0,17519.8,0.47634361244510864,-0.05188893946290396,0.04989919354838701,0.028641975308641987,26650.0,13210.0,-0.21838649155722326,0.5768357305071915,1.0793305352608944,1.1889405130195552,0.08785405664906376,1
2021-09-05,21800.0,21820.0,21010.0,21710.0,132586827360,6108522,1163,20790.0,21820.0,66.9379704313202,1008.1677653744591,950.4459500475311,22677.274368742284,16339.725631257716,19508.5,17665.2,1.1063128198935646,0.04853435848149923,0.07806324110671947,0.04752760441670678,26650.0,13210.0,-0.18123827392120076,0.651778955336866,1.1184868134402952,1.2351968842696375,0.04903758020164983,0
2021-09-06,22500.0,22690.0,21110.0,21900.0,189228437250,8641055,2378,21710.0,21250.0,62.15993977148293,1003.413123059061,961.0393846498372,22768.09698404198,16663.90301595802,19716.0,17779.8,1.4995872820536174,0.03607996099463673,0.06303151575787891,-0.02612282309807512,26650.0,13210.0,-0.2026266416510319,0.6086298258894777,1.0778048285656319,1.1951765486675892,0.10305882352941187,1
2021-09-07,20930.0,21740.0,20810.0,21120.0,78670188790,3725720,1530,21900.0,21170.0,61.49646206036232,981.8713021788026,965.2057681556304,22730.411565964863,17141.588434035137,19936.0,17897.2,0.6502110308022494,0.08397337429595497,0.037745098039215774,-0.0037647058823528923,26650.0,13210.0,-0.20562851782363978,0.6025738077214232,1.061898073836276,1.1828665936571083,0.07038261691072267,1
2021-09-08,20630.0,22170.0,20630.0,21930.0,186410507180,8499400,1623,21120.0,22170.0,66.33378168760115,1033.5764704101784,978.8799086065401,22730.45667026421,17693.54332973579,20212.0,18042.4,1.4100149148635104,0.09481481481481491,0.0472366556447803,0.0472366556447803,26650.0,13210.0,-0.16810506566604128,0.6782740348221045,1.0968731446665347,1.2287722254245554,-0.005412719891745632,0
2021-09-11,22450.0,23020.0,22410.0,22960.0,449041613830,19561481,2821,21930.0,22660.0,68.4269377812325,1101.3958874528835,1003.3831043758088,22871.179859868447,18072.820140131553,20472.0,18196.0,2.907064297194325,0.08785405664906376,0.031406463359126,0.022101939557961137,26650.0,13210.0,-0.149718574108818,0.7153671461014383,1.1068776865963268,1.2453286436579467,-0.055604589585172115,0
2021-09-12,22980.0,23360.0,21820.0,22330.0,230898771050,10338781,2579,22960.0,22890.0,69.38899587198802,1160.3268166179296,1034.771846824233,23064.79134732352,18362.20865267648,20713.5,18342.2,1.4671496371849695,0.04903758020164983,0.09995194617972136,0.01015004413062659,25640.0,13210.0,-0.10725429017160687,0.732778198334595,1.1050763994496342,1.2479419044607516,-0.09567496723460023,0
2021-09-13,22900.0,23440.0,22400.0,23350.0,524939890010,22479671,4573,22330.0,23440.0,71.61626963060256,1237.1493187658416,1075.2473412125548,23395.866843645046,18505.133156354954,20950.5,18500.4,2.921829100624575,0.10305882352941187,0.1428571428571428,0.02402795980777639,24410.0,13210.0,-0.039737812371978695,0.7744133232399697,1.1188277129424118,1.2669996324403796,-0.13395904436860073,0
2021-09-14,23450.0,24100.0,22610.0,23060.0,258665142500,11215489,3968,23350.0,22660.0,64.45382442322315,1221.0170988673017,1104.4012927435042,23442.161701061566,18871.838298938434,21157.0,18641.6,1.4046815135634436,0.07038261691072267,0.1602662570404505,-0.03327645051194539,24060.0,13210.0,-0.058187863674147966,0.7153671461014383,1.0710403176253722,1.215560896060424,-0.13636363636363635,0
2021-09-15,22650.0,22650.0,21910.0,22030.0,249921682460,11345693,2823,23060.0,22050.0,59.44660535513239,1145.8022018086995,1112.6814745565434,23472.36643428284,19092.63356571716,21282.5,18768.6,1.375493849569117,-0.005412719891745632,0.0888888888888888,-0.026919682259488042,24060.0,13210.0,-0.08354114713216958,0.6691900075700227,1.0360624926582873,1.1748345641124005,-0.11564625850340138,0
2021-09-18,22250.0,22530.0,21000.0,21600.0,135719730820,6283752,1786,22030.0,21400.0,54.58078692968807,1021.9637246054226,1094.5379245663194,23448.02940099024,19272.97059900976,21360.5,18870.8,0.7684598848933981,-0.055604589585172115,0.02736437830052818,-0.02947845804988658,24060.0,13210.0,-0.11055694098088113,0.6199848599545799,1.0018492076496337,1.134027174258643,-0.06682242990654208,0
2021-09-19,21780.0,22350.0,20520.0,21010.0,193236135620,9197800,1765,21600.0,20700.0,49.84870668310008,857.4525105617722,1047.12084176541,23430.891266953797,19336.108733046203,21383.5,18964.8,1.1098454639920379,-0.09567496723460023,-0.051329055912007315,-0.032710280373831724,24060.0,13210.0,-0.1396508728179551,0.566994700984103,0.9680361026024739,1.0914958238420653,-0.0009661835748792091,0
2021-09-20,21350.0,21350.0,20150.0,20600.0,89802950080,4358314,1461,21010.0,20300.0,47.323837415432486,686.8815877576308,975.0729909638542,23408.29738963616,19389.70261036384,21399.0,19043.8,0.526705762305437,-0.13395904436860073,-0.04470588235294115,-0.019323671497584516,23440.0,13210.0,-0.13395904436860068,0.5367146101438305,0.948642459928034,1.0659637257270083,-0.007389162561576401,0
2021-09-21,20060.0,20720.0,19570.0,19670.0,65650096760,3337305,762,20600.0,19570.0,43.03935551323888,487.18207174005875,877.4948071190952,23478.781452329855,19236.218547670145,21357.5,19111.8,0.40479662111467224,-0.13636363636363635,-0.07557864903164857,-0.03596059113300487,23440.0,13210.0,-0.1651023890784983,0.4814534443603331,0.9163057473955285,1.023974717190427,0.07766990291262132,1
2021-09-22,19570.0,20330.0,18690.0,19020.0,100794768580,5300503,1642,19670.0,19500.0,42.64069565896767,319.5863589429282,765.9131174838618,23544.457222675344,19003.542777324656,21274.0,19169.8,0.6648824337244738,-0.11564625850340138,-0.12043301759133962,-0.0035769034236076136,23440.0,13210.0,-0.1680887372013652,0.4761544284632854,0.9166118266428505,1.0172250101722502,0.06307692307692303,1
2021-09-25,19900.0,19970.0,19700.0,19950.0,102796911860,5152355,1033,19020.0,19970.0,46.24125806244825,222.1300442563661,657.1565028383627,23488.773423037037,18859.226576962963,21174.0,19225.2,0.6376676901278752,-0.06682242990654208,-0.11871138570167694,0.02410256410256406,23440.0,13210.0,-0.14803754266211605,0.5117335352006056,0.9431378105223387,1.0387408193412813,0.026539809714571927,0
2021-09-26,20400.0,20940.0,20020.0,20710.0,95738544560,4623594,1592,19950.0,20680.0,51.22243280006556,199.88216187508806,565.7016346457077,23487.05060302607,18847.94939697393,21167.5,19298.0,0.5937917855537114,-0.0009661835748792091,-0.09654871122761033,0.03555332999499239,23440.0,13210.0,-0.11774744027303755,0.5654806964420893,0.9769694106531239,1.0716136387190383,0.024661508704061808,0
2021-09-28,20940.0,21000.0,20020.0,20430.0,32272560810,1579712,801,20710.0,20150.0,47.67149050212205,137.89442312195024,480.1401923409563,23494.62664903169,18804.37335096831,21149.5,19370.8,0.20546937849588023,-0.007389162561576401,-0.14035836177474403,-0.02562862669245647,23440.0,13210.0,-0.14035836177474403,0.5253595760787282,0.952741199555545,1.0402254940425797,0.07196029776674928,1
2021-09-29,20950.0,21260.0,20010.0,20990.0,53053715080,2527655,1017,20430.0,21090.0,53.79012952750583,162.74283950485187,416.6607217737354,23452.682015026774,19002.317984973226,21227.5,19455.0,0.3357086099920625,0.07766990291262132,-0.06928508384819065,0.04665012406947899,23440.0,13210.0,-0.10025597269624574,0.5965177895533686,0.9935225532917207,1.0840400925212028,-0.025130393551446195,0
2021-10-02,21100.0,21720.0,20720.0,21200.0,68945297950,3251511,1322,20990.0,20730.0,51.31542295880116,151.63840402701317,363.65625822439097,23444.108264145383,19058.891735854617,21251.5,19527.4,0.4333384716720243,0.06307692307692303,-0.05986394557823127,-0.017069701280227556,23440.0,13210.0,-0.11561433447098976,0.5692657077971234,0.9754605557254782,1.0615852596863893,-0.042932947419199174,0
2021-10-03,20450.0,20870.0,20140.0,20330.0,82871961370,4076151,1356,21200.0,20500.0,49.74091482643935,122.8626964130126,315.4975458621153,23444.945700690092,19025.054299309908,21235.0,19603.4,0.5377349574614109,0.026539809714571927,-0.04205607476635509,-0.011095031355523366,23440.0,13210.0,-0.12542662116040956,0.5518546555639667,0.9653873322345184,1.0457369639960414,-0.06585365853658531,0
2021-10-04,20600.0,21200.0,20240.0,20850.0,48801621320,2341136,846,20330.0,21190.0,54.27373663547548,153.9602166993318,283.19008002955866,23397.093171032087,19009.906828967913,21203.5,19700.6,0.3167183810275254,0.024661508704061808,0.023671497584541124,0.033658536585365884,23440.0,13210.0,-0.09598976109215017,0.6040878122634368,0.9993633126606456,1.0756017583220816,-0.12222746578574795,0
2021-10-06,21350.0,21850.0,21190.0,21640.0,61432143650,2839054,1235,20850.0,21600.0,56.76874149228257,209.27639109232405,268.4073422421118,23421.371786766642,19020.628213233358,21221.0,19802.6,0.3997680094192507,0.07196029776674928,0.0640394088669951,0.01934874941009901,23440.0,13210.0,-0.07849829351535836,0.6351249053747161,1.0178596673106828,1.0907658590286125,-0.12592592592592589,0
2021-10-09,21010.0,21830.0,20560.0,20710.0,58441890850,2821806,822,21640.0,20560.0,49.40481971240572,167.2673950629869,248.17935280628683,23409.684309605356,18971.315690394644,21190.5,19893.8,0.39988418433142225,-0.025130393551446195,0.050587634133878456,-0.04814814814814816,23440.0,13210.0,-0.12286689419795221,0.5563966691900075,0.9702461008470777,1.0334878203259308,-0.060311284046692615,0
2021-10-10,20310.0,20310.0,19680.0,19770.0,93585193450,4733776,1195,20710.0,19840.0,45.04809452535084,75.01228540965894,213.54593932696127,23319.746201154212,18828.253798845788,21074.0,19976.0,0.6892232265037012,-0.042932947419199174,0.017435897435897463,-0.035019455252918275,23440.0,13210.0,-0.15358361774744028,0.5018925056775171,0.9414444338995919,0.9931918301962355,-0.07258064516129037,0
2021-10-11,20500.0,20500.0,19100.0,19540.0,38512806550,1970775,953,19770.0,19150.0,41.29024341899982,-53.164934807733516,160.20376450002234,23169.50220167188,18627.49779832812,20898.5,20026.8,0.329079982937651,-0.06585365853658531,-0.04106159238858287,-0.034778225806451624,23440.0,13210.0,-0.18302047781569966,0.44965934897804694,0.9163337081608728,0.9562186669862385,-0.03916449086161877,0
2021-10-12,19130.0,19130.0,18570.0,18620.0,124153157150,6666444,1223,19540.0,18600.0,38.53110855450358,-196.85745851300817,88.79151989741624,22972.409054342872,18395.590945657128,20684.0,20052.6,1.148372210705961,-0.12222746578574795,-0.10058027079303677,-0.02872062663185382,23440.0,13210.0,-0.20648464163822525,0.4080242240726722,0.8992457938503191,0.9275605158433321,0.028494623655914042,0
2021-10-13,18510.0,19020.0,18000.0,18400.0,46622214730,2534139,883,18620.0,18880.0,40.703483047672194,-284.85749892582317,14.061716132768353,22495.768614328197,18416.231385671803,20456.0,20074.8,0.527083820990854,-0.12592592592592589,-0.06302729528535977,0.01505376344086029,23440.0,13210.0,-0.1945392491467577,0.429220287660863,0.9229565897536175,0.9404825950943472,0.010063559322033955,0
2021-10-16,19160.0,19320.0,18780.0,19300.0,112659024590,5836914,800,18400.0,19320.0,44.04975065082666,-315.4574451304434,-51.842116119874,22115.383311355617,18462.616688644383,20289.0,20105.2,1.2859699459967282,-0.060311284046692615,-0.08392603129445231,0.02330508474576276,23440.0,13210.0,-0.1757679180887372,0.46252838758516274,0.9522401301197694,0.9609454270536976,0.03002070393374745,0
2021-10-17,19300.0,19550.0,18340.0,18460.0,97115658570,5261455,993,19300.0,18400.0,39.08333631377845,-409.22711870807325,-123.31911663751386,21921.958895155232,18291.041104844768,20106.5,20119.0,1.2424600607897942,-0.07258064516129037,-0.11239749155812828,-0.04761904761904767,23440.0,13210.0,-0.2150170648464164,0.39288417865253594,0.9151269489965932,0.9145583776529649,0.12989130434782603,1
2021-10-18,18020.0,18760.0,17920.0,18220.0,46341347930,2542999,613,18460.0,18400.0,39.083336313778446,-478.0298302722258,-194.26125936445624,21814.910880294832,18098.089119705168,19956.5,20132.4,0.628262447982727,-0.03916449086161877,-0.10243902439024388,0.0,23440.0,13210.0,-0.2150170648464164,0.39288417865253594,0.9220053616616141,0.9139496532951858,0.11413043478260865,1
2021-10-19,18300.0,19130.0,18300.0,19070.0,71684003810,3758477,875,18220.0,19130.0,44.809553328120906,-468.2538369931717,-249.05977489019935,21736.791004927178,18019.208995072822,19878.0,20162.4,0.9954374730803496,0.028494623655914042,-0.09721566776781498,0.039673913043478226,23440.0,13210.0,-0.18387372013651876,0.4481453444360333,0.9623704598048093,0.9487957782803634,0.13329848405645572,1
2021-10-20,19370.0,19440.0,18760.0,18960.0,73758282500,3890684,1247,19070.0,19070.0,44.43979597149327,-460.0446817233387,-291.2567562568272,21696.641218099896,17936.358781900104,19816.5,20201.8,1.0368736320554557,0.010063559322033955,-0.11712962962962958,-0.003136434918975417,23440.0,13210.0,-0.1864334470989761,0.4436033308099924,0.9623293719879898,0.9439752893306538,0.0854745673833246,1
2021-10-23,19900.0,19900.0,19900.0,19900.0,45472813400,2285066,311,18960.0,19900.0,50.522110820564045,-382.159506720207,-309.43730634950316,21709.988012747595,17956.011987252405,19833.0,20264.4,0.6176337644598822,0.03002070393374745,-0.032101167315175094,0.04352385946512838,23440.0,13210.0,-0.15102389078498293,0.5064345193035579,1.0033782080371099,0.9820177256666863,0.022110552763819014,0
2021-10-25,20890.0,20890.0,20440.0,20860.0,503134922080,24119719,3216,19900.0,20790.0,56.07493674331231,-245.78611312265275,-296.70706770413307,21812.554829501805,17982.445170498195,19897.5,20347.2,5.197463573749064,0.12989130434782603,0.047883064516129004,0.04472361809045222,23440.0,13210.0,-0.11305460750853243,0.5738077214231643,1.0448548812664908,1.0217622080679405,0.01443001443001446,0
2021-10-26,20800.0,21200.0,20010.0,20680.0,96933005700,4687922,1730,20860.0,20500.0,53.95027766102809,-159.27378351633524,-269.2204108665735,21856.919036069074,17991.080963930926,19924.0,20408.0,1.0152622244732965,0.11413043478260865,0.07049608355091386,-0.013949013949013933,23440.0,13210.0,-0.12542662116040956,0.5518546555639667,1.0289098574583417,1.0045080360642886,0.07902439024390251,1
2021-10-27,20500.0,21710.0,20400.0,21460.0,183948727170,8572676,1897,20680.0,21680.0,60.50729116274751,4.452671685383393,-214.48579435618214,22030.35016473319,17917.64983526681,19974.0,20480.4,1.7804460486025728,0.13329848405645572,0.1655913978494623,0.05756097560975615,23440.0,13210.0,-0.07508532423208192,0.6411809235427707,1.0854110343446481,1.0585730747446338,0.06872693726937262,1
2021-10-30,21900.0,21900.0,20500.0,21090.0,96516197780,4575598,1507,21460.0,20700.0,53.67201991227157,54.50100357635529,-160.68843476967464,22081.10837659359,17921.89162340641,20001.5,20520.4,0.9216266806649674,0.0854745673833246,0.09639830508474567,-0.045202952029520294,23440.0,13210.0,-0.11689419795221843,0.566994700984103,1.0349223808214383,1.008752266037699,0.16086956521739126,1
2021-10-31,20400.0,20970.0,20040.0,20090.0,243910104230,12143031,1419,21090.0,20340.0,51.37603142763413,64.37361684049029,-115.67602444764167,21990.10364986548,17937.89635013452,19964.0,20556.6,2.2299339580015607,0.022110552763819014,0.052795031055900665,-0.017391304347826098,23440.0,13210.0,-0.13225255972696245,0.5397426192278577,1.0188339010218392,0.9894632380841191,0.14749262536873164,1
2021-11-01,20700.0,21090.0,20700.0,21070.0,42101013180,1997964,344,20090.0,21090.0,55.63411660786219,131.20402761050718,-66.3000140360119,22041.131855903895,17922.868144096105,19982.0,20587.6,0.3711763341730653,0.01443001443001446,0.14619565217391295,0.03687315634218291,23440.0,13210.0,-0.10025597269624574,0.5965177895533686,1.055449904914423,1.0244030387223377,0.09056424845898525,1
2021-11-02,21730.0,22120.0,21130.0,22070.0,200484657260,9083606,1657,21070.0,22120.0,60.721344583576716,264.234075619941,-0.19319610482132532,22315.626023111305,17810.373976888695,20063.0,20633.2,1.6125234671706277,0.07902439024390251,0.20217391304347831,0.04883831199620681,23440.0,13210.0,-0.05631399317406143,0.6744890234670704,1.1025270398245526,1.0720586239652599,0.04520795660036159,0
2021-11-03,22100.0,23170.0,21510.0,22890.0,221891299200,9694456,1953,22070.0,23170.0,65.11303766161583,449.20936593365695,89.68731630287434,22752.71109929268,17571.28890070732,20162.0,20691.8,1.6155197114838178,0.06872693726937262,0.21118661787767912,0.04746835443037978,23440.0,13210.0,-0.01151877133105802,0.7539742619227857,1.1491915484574944,1.119767250795001,0.048769961156668096,0
2021-11-06,23650.0,24030.0,23130.0,23920.0,51589776560,2156614,497,22890.0,24030.0,68.2447688819939,657.6178199864735,203.27341703959416,23321.830298041725,17245.169701958275,20283.5,20772.6,0.361441301436326,0.16086956521739126,0.260094389092816,0.03711696158826072,24030.0,13210.0,0.0,0.8190764572293717,1.1847067813740233,1.1568123393316196,0.023304203079483887,0
2021-11-07,24560.0,24950.0,22730.0,23380.0,234787983510,10040511,2507,23920.0,23340.0,63.33248793500772,758.3638415949572,314.29150195066677,23740.22738482208,17104.77261517792,20422.5,20831.4,1.5867699390608632,0.14749262536873164,0.1728643216080401,-0.028714107365792718,24030.0,13210.0,-0.02871410736579276,0.7668433005299016,1.1428571428571428,1.120423975344912,0.024850042844901443,0
2021-11-08,23000.0,24130.0,22800.0,23250.0,126289990470,5432903,1827,23380.0,23000.0,61.00238475362922,801.531079703087,411.73941750115085,24068.80890260573,17092.19109739427,20580.5,20868.0,0.853881275991104,0.09056424845898525,0.10630110630110634,-0.014567266495287057,24030.0,13210.0,-0.042863087806908035,0.74110522331567,1.1175627414299945,1.102165995783017,0.019565217391304346,0
2021-11-09,23000.0,23750.0,22630.0,23150.0,110614893750,4778246,1298,23250.0,23120.0,61.54021163639219,835.7899576544369,496.5495255318081,24369.43674223603,17188.56325776397,20779.0,20891.0,0.7347788961451959,0.04520795660036159,0.12780487804878038,0.00521739130434784,24030.0,13210.0,-0.03786933000416146,0.7501892505677517,1.1126618220318591,1.1066966636350581,0.022058823529411686,0
2021-11-10,23040.0,24300.0,23020.0,23860.0,111151396780,4659118,1159,23150.0,24300.0,66.44132458590829,947.2373411473236,586.6870886549112,24818.49277532912,17309.50722467088,21064.0,20960.8,0.7276910058904306,0.048769961156668096,0.12084870848708484,0.051038062283736974,24300.0,13210.0,0.0,0.8395155185465556,1.1536270413976453,1.1593068966833326,0.015226337448559724,0
2021-11-13,23860.0,25050.0,23010.0,24750.0,333641786960,13481693,3244,23860.0,24590.0,67.53625644888749,1046.8928428451982,678.7282394929687,25261.371546970666,17437.628453029334,21349.5,21042.4,1.939816798965799,0.023304203079483887,0.18792270531400956,0.011934156378600846,24590.0,13210.0,0.0,0.8614685844057532,1.1517834141314784,1.1685929361669771,0.01667344448962993,0
2021-11-14,25280.0,25420.0,23520.0,23830.0,384552044310,16137726,3540,24750.0,23920.0,62.46537860856035,1059.5928189008555,754.9011553745461,25527.772913565972,17631.227086434028,21579.5,21130.2,2.161778412155504,0.024850042844901443,0.17600786627335308,-0.027246848312322047,24590.0,13210.0,-0.027246848312322082,0.8107494322482968,1.1084594175027225,1.1320290390057832,0.03678929765886285,0
2021-11-15,23800.0,24190.0,23180.0,23500.0,102397784930,4357662,1439,23830.0,23450.0,59.11238748727745,1019.9749332589781,807.9159109514326,25575.226415807465,18088.773584192535,21832.0,21194.2,0.5872991584831442,0.019565217391304346,0.11190137505926989,-0.019648829431438086,24590.0,13210.0,-0.046360309068727124,0.7751703255109765,1.0741113961157933,1.1064347793264195,0.0537313432835822,1
2021-11-16,23500.0,23800.0,23060.0,23500.0,99821117210,4248499,1318,23500.0,23630.0,59.997980685992474,991.6706076619666,844.6668502935395,25561.792231055348,18625.207768944652,22093.5,21250.2,0.566080952953039,0.022058823529411686,0.06826401446654606,0.007675906183368886,24590.0,13210.0,-0.03904026026840179,0.7887963663890991,1.0695453413900016,1.1119895342161485,0.04782056707575122,0
2021-11-17,23530.0,24670.0,23530.0,24620.0,92060452610,3739220,710,23500.0,24670.0,64.74873666644527,1041.1567274060508,883.9648257160418,25731.0563527486,19009.9436472514,22370.5,21307.2,0.4982872334155239,0.015226337448559724,0.06473888649115245,0.04401184934405422,24670.0,13210.0,0.0,0.8675246025738077,1.102791622896225,1.157824585116768,-0.02715849209566279,0
2021-11-20,25300.0,25850.0,24510.0,25180.0,184048349990,7308657,1948,24620.0,25000.0,66.12355076124015,1094.3876562379592,926.0493918204253,25852.260428913007,19481.739571086993,22667.0,21382.2,0.9522625103788489,0.01667344448962993,0.04036620890553477,0.01337657073368459,25000.0,13210.0,0.0,0.8925056775170326,1.1029249569859267,1.1691968085603912,-0.08760000000000001,0
2021-11-21,25380.0,25380.0,24200.0,24550.0,93058961690,3790648,1202,25180.0,24800.0,64.48216876615433,1107.666729753124,962.3728594069651,25959.04184414969,19864.95815585031,22912.0,21454.8,0.48909545833212936,0.03678929765886285,0.0625535561268209,-0.008000000000000007,25000.0,13210.0,-0.008,0.8773656320968963,1.0824022346368716,1.1559184891026717,-0.058467741935483875,0
2021-11-22,24950.0,25560.0,24520.0,25020.0,91209212940,3645156,1092,24550.0,24710.0,63.71569530455601,1098.2680924245142,989.5519060104749,26087.393226816363,20128.606773183637,23108.0,21505.6,0.5419020823209031,0.0537313432835822,0.07434782608695656,-0.003629032258064546,25000.0,13210.0,-0.0116,0.8705526116578349,1.0693266401246322,1.1490030503682762,-0.05422905706191827,0
2021-11-23,24680.0,25000.0,24110.0,24480.0,68938476640,2816363,993,25020.0,24760.0,63.971914023372406,1082.3772159713371,1008.1169680026474,26128.275547572644,20513.724452427356,23321.0,21547.6,0.4245975626763588,0.04782056707575122,0.07093425605536341,0.0020234722784298054,25000.0,13210.0,-0.0096,0.874337623012869,1.0617040435658849,1.1490838886929404,-0.04806138933764137,0
2021-11-24,24700.0,24740.0,23790.0,24010.0,43521481680,1812660,688,24480.0,24000.0,57.343569900000794,996.9655353772905,1005.8866814775761,26153.72670690287,20720.27329309713,23437.0,21569.8,0.2879515860843924,-0.02715849209566279,-0.012345679012345734,-0.030694668820678506,25000.0,13210.0,-0.04,0.8168054504163512,1.024021845799377,1.1126667841148272,-0.06666666666666665,0
2021-11-27,23710.0,23760.0,22810.0,22910.0,128743340650,5618362,1085,24010.0,22810.0,48.814818859867806,823.7573464745219,969.4608144769653,25974.880521217714,21110.119478782286,23542.5,21557.2,0.8851780398138237,-0.08760000000000001,-0.07238714924766165,-0.04958333333333331,25000.0,13210.0,-0.0876,0.7267221801665406,0.9688860571307211,1.0581151541016458,-0.012275317843051248,0
2021-11-28,23080.0,23850.0,22690.0,23490.0,63025227480,2683064,890,22910.0,23350.0,52.28302644379986,721.7422999384507,919.9171115692625,25637.75808264149,21748.24191735851,23693.0,21571.0,0.45675733114630723,-0.058467741935483875,-0.023829431438127102,0.023673827268741787,25000.0,13210.0,-0.066,0.7676003028009084,0.9855231502975562,1.0824718371888182,0.00471092077087798,0
2021-11-29,23490.0,23980.0,23170.0,23620.0,41523315540,1757966,647,23490.0,23370.0,52.411638744722715,635.1864395476514,862.9709771649403,25354.851414057382,22259.148585942618,23807.0,21597.4,0.2998838396757234,-0.05422905706191827,-0.0034115138592750727,0.0008565310492505418,25000.0,13210.0,-0.0652,0.7691143073429221,0.9816440542697525,1.0820746941761508,-0.006418485237484006,0
2021-11-30,23980.0,23980.0,23200.0,23450.0,49007342850,2089855,592,23620.0,23570.0,53.75399719706829,576.0878430642842,805.5943503448092,25227.409121565495,22531.590878434505,23879.5,21640.8,0.3791141535590872,-0.04806138933764137,-0.002539145154464628,0.008557980316645342,25000.0,13210.0,-0.0572,0.7842543527630583,0.9870390921082938,1.0891464271191453,-0.009758167161646125,0
2021-12-01,23200.0,23670.0,22280.0,22420.0,105319370790,4696885,855,23450.0,22400.0,45.64286945648502,429.88708692416185,730.4528976606798,25306.617958405073,22375.382041594927,23841.0,21674.8,0.8925043833926348,-0.06666666666666665,-0.09201459262261857,-0.04963937208315661,25000.0,13490.0,-0.104,0.6604892512972572,0.9395579044503167,1.033458209533652,0.04062499999999991,0
2021-12-04,22300.0,22990.0,22010.0,22350.0,53812961090,2408002,818,22420.0,22530.0,46.606915248586226,320.8137071913152,648.5250595668069,25335.119498317265,22196.880501682735,23766.0,21719.4,0.4564794416275314,-0.012275317843051248,-0.0988,0.0058035714285713524,25000.0,13670.0,-0.0988,0.648134601316752,0.9479929310780106,1.0373214729688665,0.02840656901908556,0
2021-12-05,23150.0,23460.0,22220.0,23400.0,99707901290,4260686,771,22350.0,23460.0,53.02534795315792,305.8893930736522,579.997926268176,25335.465381771988,22208.534618228012,23772.0,21797.2,0.8545009975645529,0.00471092077087798,-0.05403225806451617,0.04127829560585883,25000.0,14100.0,-0.0616,0.6638297872340425,0.9868753154972236,1.0762850274347164,-0.013213981244671769,0
2021-12-06,23460.0,24490.0,23080.0,23790.0,52265653280,2197285,940,23400.0,23220.0,51.31112046722862,271.5653362227931,518.3114082590994,25327.565958448984,22238.434041551016,23783.0,21871.6,0.45545365741909233,-0.006418485237484006,-0.06029947389720758,-0.010230179028132946,25000.0,14140.0,-0.0712,0.6421499292786421,0.9763276289786823,1.0616507251412792,-0.048664944013781186,0
2021-12-07,23000.0,23960.0,22610.0,23040.0,78497238000,3406608,788,23790.0,23340.0,52.14417686788723,251.1511567957932,464.8793579664382,25322.57319092003,22265.42680907997,23794.0,21939.0,0.7163051182231318,-0.009758167161646125,-0.0573505654281099,0.0051679586563306845,25000.0,14400.0,-0.0664,0.6208333333333333,0.9809195595528284,1.0638588814440038,-0.03041988003427587,0
2021-12-08,23860.0,23970.0,22850.0,23350.0,30192530110,1293038,550,23040.0,23310.0,51.90507709821939,229.90185773707708,417.883857920566,25268.435366083293,22220.564633916707,23744.5,21991.6,0.2818610368922475,0.04062499999999991,-0.028750000000000053,-0.0012853470437017567,25000.0,14400.0,-0.0676,0.61875,0.9817010255006422,1.0599501627894288,-0.043329043329043304,0
2021-12-11,23850.0,23850.0,22910.0,23060.0,35986998360,1560273,456,23350.0,23170.0,50.73590032964181,199.46549114991285,374.2001845664354,25165.22752203591,22181.77247796409,23673.5,22052.0,0.39090569215061544,0.02840656901908556,0.015782551512494525,-0.006006006006005982,25000.0,14400.0,-0.0732,0.6090277777777777,0.9787314930196211,1.0506983493560675,-0.02632714717306861,0
2021-12-12,22850.0,23540.0,22850.0,23250.0,55206390560,2374045,739,23060.0,23150.0,50.56068587270047,171.75078238618153,333.7103041303846,25138.98803186707,22131.01196813293,23635.0,22093.2,0.7187004833759464,-0.013213981244671769,-0.008565310492505307,-0.0008631851532153734,25000.0,14420.0,-0.074,0.6054091539528432,0.9794795853606939,1.0478337225933771,-0.046220302375809985,0
2021-12-13,23200.0,23400.0,22090.0,22310.0,106774380120,4785756,852,23250.0,22090.0,42.235518900121946,63.52130079196286,279.67250346270026,25214.43558295897,21919.56441704103,23567.0,22120.4,1.4394760304794663,-0.048664944013781186,-0.0547710740265297,-0.045788336933045404,25000.0,14420.0,-0.1164,0.5319001386962552,0.9373276191284423,0.9986257029710132,0.015391579900407404,0
2021-12-14,21500.0,23000.0,21440.0,22530.0,38609143420,1713829,638,22310.0,22630.0,47.021310520698805,21.079156513962516,227.95383407295273,25213.715650897153,21820.284349102847,23517.0,22163.0,0.5359202623682116,-0.03041988003427587,-0.03988120492151037,0.024445450430058857,25000.0,14420.0,-0.0948,0.5693481276005548,0.9622826040736489,1.0210711546270812,0.03181617322138752,0
2021-12-15,22950.0,23160.0,22150.0,22430.0,28774384320,1282858,482,22530.0,22300.0,44.59002752633237,-38.73824035927464,174.61541918650727,25087.585847433253,21709.414152566747,23398.5,22185.2,0.41717605392839613,-0.043329043329043304,-0.004464285714285698,-0.014582412726469318,25000.0,14420.0,-0.108,0.5464632454923717,0.9530525461033827,1.00517462091845,0.09282511210762334,1
2021-12-18,22310.0,23230.0,22310.0,22790.0,27258222780,1196058,429,22430.0,22560.0,46.918792541770486,-64.42152007067853,126.80803133507011,24832.49839331513,21720.50160668487,23276.5,22204.4,0.43187254773688905,-0.02632714717306861,0.0013315579227697327,0.011659192825112186,25000.0,14420.0,-0.0976,0.5644937586685159,0.9692178806951217,1.0160148439048116,0.09929078014184389,1
2021-12-19,23220.0,23220.0,21850.0,22090.0,48802483300,2209067,526,22790.0,22080.0,43.300657306001305,-122.10019767852282,77.02638553235154,24613.34045300203,21667.65954699797,23140.5,22234.8,0.8210952104058638,-0.046220302375809985,-0.05882352941176472,-0.021276595744680882,25000.0,14420.0,-0.1168,0.5312066574202496,0.9541712581837039,0.9930379405256625,0.12862318840579712,1
2021-12-20,22090.0,22700.0,21860.0,22240.0,32551469020,1463632,430,22090.0,22430.0,46.53804207165633,-137.9783616427485,34.025436097331536,24340.109911655356,21712.890088344644,23026.5,22286.6,0.5670103132721598,0.015391579900407404,-0.034022394487510765,0.015851449275362306,25000.0,14420.0,-0.1028,0.5554785020804438,0.9740950643823421,1.006434359660065,0.07489968791796708,1
2021-12-21,22260.0,23350.0,22260.0,23210.0,34017614980,1465839,329,22240.0,23350.0,53.976757927007924,-75.45580222277931,12.129188433309368,24016.95051722461,21895.04948277539,22956.0,22370.6,0.5831194861110824,0.03181617322138752,0.0004284490145671782,0.04101649576460109,25000.0,14420.0,-0.066,0.6192787794729542,1.017163268862171,1.0437806764235202,0.036830835117773075,0
2021-12-22,24370.0,24370.0,24370.0,24370.0,16624214830,682159,148,23210.0,24370.0,60.53337897077454,55.756525553235406,20.854655857294574,24117.36438390527,21831.63561609473,22974.5,22486.0,0.27760923549362343,0.09282511210762334,0.04547404547404543,0.04368308351177741,25000.0,14420.0,-0.0252,0.6900138696255201,1.06074125661059,1.0837854665124966,-0.0028723840787854282,0
2021-12-25,25580.0,25580.0,24700.0,25430.0,395369064930,15544798,2468,24370.0,24800.0,62.9309283019777,192.22479916062366,55.128684517960394,24462.386113442226,21685.613886557774,23074.0,22604.4,5.26302686753419,0.09929078014184389,0.07034958998705232,0.01764464505539598,25000.0,14420.0,-0.008,0.7198335644937587,1.074802808355725,1.0971315319141406,-0.031854838709677424,0
2021-12-28,25330.0,26490.0,24570.0,25370.0,80892359370,3188935,850,25430.0,24920.0,63.59557260210419,306.5264403155743,105.40823567748318,24755.395816951066,21549.604183048934,23152.5,22716.4,1.0705152244030613,0.12862318840579712,0.07645788336933035,0.004838709677419395,25000.0,14420.0,-0.0032,0.7281553398058253,1.0763416477702192,1.0970048070997165,-0.065008025682183,0
2021-12-29,24650.0,25000.0,24110.0,24220.0,225487021680,9309922,2257,25370.0,24110.0,56.262513867579756,327.97044474961876,149.9206774919103,24844.099347273906,21534.900652726094,23189.5,22830.6,2.7737188089950875,0.07489968791796708,0.09144409234947948,-0.0325040128410915,25000.0,14420.0,-0.0356,0.6719833564493759,1.0396946894068435,1.0560388250856307,-0.04479469099958522,0
2022-01-01,24010.0,24460.0,23350.0,23910.0,54618120020,2284118,1068,24220.0,24210.0,56.92290967417453,349.0109559757293,189.73873318867413,24928.23108602359,21514.76891397641,23221.5,22946.8,0.6785470331417601,0.036830835117773075,0.069818824569156,0.004147656574035707,25000.0,14420.0,-0.0316,0.6789181692094314,1.0425683095407274,1.0550490700228354,-0.06897976042957454,0
2022-01-02,24400.0,24760.0,24050.0,24410.0,52750449730,2161020,952,23910.0,24300.0,57.544228367885694,368.6978413411889,225.5305548191771,25041.171273025466,21591.828726974534,23316.5,23050.2,0.6671057608139591,-0.0028723840787854282,0.08968609865470856,0.0037174721189590088,25000.0,14420.0,-0.028,0.6851595006934813,1.042180430167478,1.0542207876721243,-0.09053497942386834,0
2022-01-03,24500.0,24680.0,23530.0,24020.0,52306126510,2177235,896,24410.0,24010.0,54.801392467503284,356.7864513415807,251.78173412365783,25100.78038636924,21680.21961363076,23390.5,23149.0,0.6745138622189412,-0.031854838709677424,0.06427304964539005,-0.011934156378600846,25000.0,14420.0,-0.0396,0.6650485436893204,1.0264851114768816,1.0371938312670095,-0.09829237817576009,0
2022-01-04,24030.0,24030.0,22970.0,23230.0,40412459640,1739348,633,24020.0,23300.0,48.683211629613446,286.750046625737,258.77539662407366,25092.901999530903,21672.098000469097,23382.5,23217.0,0.5607560006095188,-0.065008025682183,0.055253623188405765,-0.029571012078300707,25000.0,14420.0,-0.068,0.6158113730929264,0.9964717203036458,1.0035749666192877,-0.05150214592274682,0
2022-01-05,23040.0,23580.0,22490.0,22910.0,40992590440,1789613,683,23230.0,23030.0,46.5546610077363,207.07195123154816,248.43470754556859,25089.008158488563,21656.991841511437,23373.0,23261.8,0.5807777682637274,-0.04479469099958522,0.026749888542131117,-0.011587982832617971,25000.0,14420.0,-0.0788,0.5970873786407767,0.9853249475890985,0.9900351649485423,0.009552757273121992,0
2022-01-08,22570.0,23190.0,22510.0,22870.0,31209370350,1364831,607,22910.0,22540.0,42.88965792740134,103.19797961238874,219.38736195893264,25087.093498077935,21578.906501922065,23333.0,23302.6,0.4581017129855896,-0.06897976042957454,-0.03468950749464672,-0.021276595744680882,25000.0,14420.0,-0.0984,0.5631067961165048,0.9660138001971457,0.9672740380901702,0.019077196095829585,0
2022-01-09,22510.0,22550.0,21730.0,21790.0,65468775190,3004559,685,22870.0,22100.0,39.85548354198778,-14.460522136098007,172.61778513992653,25107.208423700962,21437.791576299038,23272.5,23311.0,0.9803139243199135,-0.09053497942386834,-0.09314731226918338,-0.01952085181898844,25000.0,14420.0,-0.116,0.5325936199722607,0.9496186486196154,0.9480502766934066,0.03800904977375574,0
2022-01-10,21300.0,22200.0,21010.0,21540.0,54094555940,2511890,882,21790.0,21650.0,36.97453687329251,-142.375752598462,109.61907759224883,25163.083585815577,21229.916414184423,23196.5,23330.0,0.807039258396114,-0.09829237817576009,-0.12701612903225812,-0.020361990950226283,25000.0,14420.0,-0.134,0.5013869625520111,0.9333304593365378,0.9279897128161166,0.030484988452655903,0
2022-01-11,21900.0,22560.0,21810.0,22150.0,20968111820,946758,543,21540.0,22100.0,41.526423899274526,-205.07428640688522,46.680404792422024,25167.970355513942,21120.029644486058,23144.0,23365.2,0.3113197519492258,-0.05150214592274682,-0.1131621187800963,0.020785219399538146,25000.0,14420.0,-0.116,0.5325936199722607,0.9548911164880747,0.9458510947905432,-0.01990950226244348,0
2022-01-12,22990.0,23250.0,22990.0,23250.0,126177962430,5427671,879,22150.0,23250.0,51.221921947738025,-160.12214866240902,5.319894101455816,25167.46788322762,21236.53211677238,23202.0,23408.4,1.7661260696074166,0.009552757273121992,-0.035669846536706795,0.05203619909502266,25000.0,14420.0,-0.07,0.6123439667128987,1.0020687871735194,0.9932331983390578,-0.029677419354838697,0
2022-01-15,23530.0,23660.0,22520.0,23020.0,51764541860,2248189,822,23250.0,22970.0,49.08775441917824,-145.4146658294194,-24.827017884719226,25170.21398108953,21267.78601891047,23219.0,23425.4,0.7252398041888111,0.019077196095829585,-0.051218504750103255,-0.01204301075268821,25000.0,14420.0,-0.0812,0.5929264909847434,0.9892760239459064,0.9805595635506758,-0.03874619068350027,0
2022-01-16,22850.0,23150.0,22210.0,22680.0,34336204530,1514136,593,23020.0,22940.0,48.8528934570213,-134.62772439810578,-46.78715918739654,25161.443927467975,21340.556072532025,23251.0,23420.8,0.4866274792109977,0.03800904977375574,-0.05596707818930036,-0.0013060513713539779,25000.0,14420.0,-0.0824,0.5908460471567267,0.9866242312158617,0.9794712392403334,-0.06800348735832606,0
2022-01-17,22950.0,23110.0,22310.0,22800.0,35997113350,1578936,626,22680.0,22310.0,44.08295924496576,-174.89860818385205,-72.40944898668765,25170.020385602817,21306.979614397183,23238.5,23386.4,0.5043504303666658,0.030484988452655903,-0.07080383173677629,-0.027462946817785494,25000.0,14420.0,-0.1076,0.5471567267683772,0.9600447533188459,0.9539732494099133,-0.05423576871358138,0
2022-01-18,22000.0,22400.0,21660.0,21680.0,85829936250,3958359,687,22800.0,21660.0,39.76856785990959,-256.3085757289955,-109.18927433514922,25207.20223902956,21227.79776097044,23217.5,23352.8,1.2300308250458796,-0.01990950226244348,-0.07038626609442056,-0.029134917077543676,25000.0,14420.0,-0.1336,0.5020804438280166,0.9329169807257457,0.9275119043540818,-0.0687903970452447,0
2022-01-19,22000.0,22760.0,21080.0,22330.0,46694909100,2090832,826,21680.0,22560.0,47.43909899376495,-245.37554658938825,-136.42652878599705,25204.19594989972,21243.80405010028,23224.0,23344.0,0.6434403479177785,-0.029677419354838697,-0.020408163265306145,0.04155124653739617,25000.0,14420.0,-0.0976,0.5644937586685159,0.9714088873579056,0.9664153529814942,-0.05585106382978722,0
2022-01-22,22770.0,23100.0,22050.0,22500.0,31257416520,1389488,598,22330.0,22080.0,44.20566786494936,-272.30407878383267,-163.60203878556416,25200.994792936075,21120.005207063925,23160.5,23323.2,0.4281091138315916,-0.03874619068350027,-0.020408163265306145,-0.021276595744680882,25000.0,14420.0,-0.1168,0.5312066574202496,0.9533472938839835,0.9466968512039514,0.0,0
2022-01-23,22020.0,22100.0,21380.0,21540.0,31960826410,1483956,429,22500.0,21380.0,39.93120911867895,-346.13920709818194,-200.10947244808773,25112.350994003427,20909.649005996573,23011.0,23264.8,0.4516366638436509,-0.06800348735832606,-0.032579185520361986,-0.03170289855072461,25000.0,14420.0,-0.1448,0.4826629680998613,0.9291208552431446,0.9189849042330044,-0.022450888681010306,0
2022-01-24,20780.0,22060.0,20780.0,21230.0,37492779250,1765947,638,21540.0,21100.0,38.334458188806934,-422.37881808978636,-244.5633415764275,24916.228695621397,20735.771304378603,22826.0,23195.0,0.6800507311506067,-0.05423576871358138,-0.025404157043879882,-0.013096351730589317,25000.0,14420.0,-0.156,0.463245492371706,0.9243844738456146,0.9096788100883811,0.009478672985782088,0
2022-01-25,21240.0,21790.0,20170.0,20290.0,25325783720,1248394,356,21230.0,20170.0,33.53750898615786,-551.4853074069724,-305.9477347425365,24751.213804459356,20425.786195540644,22588.5,23120.0,0.49940552295398266,-0.0687903970452447,-0.08733031674208147,-0.04407582938388621,25000.0,14420.0,-0.1932,0.39875173370319,0.8929322442835956,0.8724048442906575,0.031234506693108566,0
2022-01-26,20170.0,21300.0,20170.0,21030.0,64772416340,3079993,668,20290.0,21300.0,42.88890512073822,-556.2099322861723,-356.0001742512637,24561.628160296652,20334.371839703348,22448.0,23077.0,1.4075054438709889,-0.05585106382978722,-0.08387096774193548,0.05602379771938515,25000.0,14420.0,-0.148,0.47711511789181693,0.9488595866001426,0.9229969233435888,-0.020657276995305174,0
2022-01-29,21070.0,22080.0,21070.0,21990.0,74551668280,3390037,875,21030.0,22080.0,48.29668574481283,-491.35076451590066,-383.07029230419107,24298.08145754246,20384.91854245754,22341.5,23046.0,1.5110082210430247,0.0,-0.03874619068350027,0.036619718309859106,25000.0,14420.0,-0.1168,0.5312066574202496,0.9882953248439004,0.9580838323353293,-0.08967391304347827,0
2022-01-30,20900.0,21650.0,20900.0,20910.0,322736364820,15434512,2298,21990.0,20900.0,41.84189699667176,-529.0667924506924,-412.2695923334914,24004.816939320346,20338.183060679654,22171.5,22970.6,5.309001937305222,-0.022450888681010306,-0.08892763731473408,-0.053442028985507206,25000.0,14420.0,-0.164,0.44937586685159503,0.9426516022822091,0.9098586889328099,-0.07751196172248809,0
2022-01-31,20410.0,21400.0,20380.0,21070.0,91926869890,4362282,1152,20910.0,21300.0,44.54740751226212,-520.6783038816466,-433.95133464312244,23698.376611962187,20373.623388037813,22036.0,22896.6,1.4461466768350086,0.009478672985782088,-0.045271178843567905,0.019138755980861344,25000.0,14420.0,-0.148,0.47711511789181693,0.9666001089126883,0.9302691229265481,-0.05868544600938963,0
2022-02-01,21300.0,21390.0,20660.0,20930.0,29820534430,1424611,721,21070.0,20800.0,41.92211969068051,-548.0585102291843,-456.7727697603348,23550.205905308674,20271.794094691326,21911.0,22816.6,0.4747516928852813,0.031234506693108566,-0.03970452446906736,-0.023474178403755874,25000.0,14420.0,-0.168,0.44244105409153955,0.94929487472046,0.9116169806193737,-0.05288461538461542,0
2022-02-02,20450.0,21000.0,20260.0,20660.0,27339642640,1323134,626,20930.0,20860.0,42.36109103425904,-558.4782330344715,-477.11386241516215,23418.17168694596,20186.82831305404,21802.5,22739.6,0.4443885796312469,-0.020657276995305174,-0.07535460992907805,0.0028846153846153744,25000.0,14420.0,-0.1656,0.44660194174757284,0.9567710124985667,0.9173424334640892,-0.047938638542665335,0
2022-02-05,20850.0,20970.0,19970.0,20290.0,29067914010,1432505,670,20660.0,20100.0,38.40174551221289,-620.9041898416435,-505.87192790045845,23418.826494073757,19942.173505926243,21680.5,22646.4,0.4805758382173674,-0.08967391304347827,-0.08967391304347827,-0.03643336529242569,25000.0,14420.0,-0.196,0.39389736477115117,0.9271003897511588,0.8875582874099194,-0.03383084577114426,0
2022-02-06,19820.0,19830.0,19280.0,19330.0,46801090940,2421157,724,20290.0,19280.0,34.639768085329095,-728.1506894502054,-550.3276802104078,23554.329769483942,19524.670230516058,21539.5,22552.0,0.8202753496967711,-0.07751196172248809,-0.09822263797941999,-0.04079601990049753,25000.0,14420.0,-0.2288,0.33703190013869627,0.8950997005501521,0.8549130897481376,0.03734439834024905,0
2022-02-07,18550.0,20290.0,18550.0,19830.0,44766826240,2256980,932,19330.0,20050.0,40.53113937642836,-742.4532097765659,-588.7527861236395,23574.97134227781,19344.02865772219,21459.5,22496.8,0.7679692139952587,-0.05868544600938963,-0.049763033175355464,0.039937759336099665,25000.0,14420.0,-0.198,0.39042995839112343,0.9343181341596962,0.8912378649407916,0.009975062344139696,0
2022-02-08,19790.0,20320.0,19470.0,19880.0,19607626010,986395,494,19830.0,19700.0,38.81835784519567,-773.118110775551,-625.6258510540218,23565.424302396343,19113.575697603657,21339.5,22423.8,0.3354085995542076,-0.05288461538461542,-0.023301933564700006,-0.017456359102244412,25000.0,14420.0,-0.212,0.36615811373092927,0.9231706459851449,0.878530846689678,0.06852791878172582,1
2022-02-09,19990.0,20100.0,19410.0,19740.0,35124067030,1779259,613,19880.0,19860.0,40.06524883641628,-775.5693225465402,-655.6145453525255,23302.510257888247,19037.489742111753,21170.0,22353.6,0.6450201056381161,-0.047938638542665335,-0.06760563380281692,0.008121827411167404,25000.0,14420.0,-0.2056,0.37725381414701803,0.9381199811053378,0.8884474983895212,0.09264853977844911,1
2022-02-12,20100.0,20100.0,19000.0,19730.0,29883397730,1514785,549,19740.0,19420.0,37.78469338171047,-803.7511058708624,-685.2418574561929,23086.79582437595,18898.20417562405,20992.5,22270.6,0.556541040403303,-0.03383084577114426,-0.12047101449275366,-0.022155085599194324,25000.0,14420.0,-0.2232,0.34674063800277394,0.9250922948672144,0.8720016524027193,0.1065911431513904,1
2022-02-13,19410.0,20400.0,19140.0,19930.0,34627854810,1737630,554,19730.0,20000.0,42.43608708574675,-770.4034876107653,-702.2741834871074,22778.916406260818,18912.083593739182,20845.5,22222.6,0.6358052274171927,0.03734439834024905,-0.0430622009569378,0.029866117404737436,25000.0,14420.0,-0.2,0.3869625520110957,0.9594396872226619,0.8999847002600956,0.0665,1
2022-02-14,19850.0,20340.0,19720.0,20050.0,20931195420,1044020,409,19930.0,20250.0,44.36679524350045,-715.5538894000238,-704.9301246696907,22569.41953845769,18915.58046154231,20742.5,22177.0,0.385786222803239,0.009975062344139696,-0.04929577464788737,0.012499999999999956,25000.0,14420.0,-0.19,0.4042995839112344,0.9762564782451488,0.9131081751364026,0.057283950617283974,1
2022-02-16,21050.0,21050.0,21050.0,21050.0,43703631100,2076182,180,20050.0,21050.0,50.13090774758689,-600.6084333728031,-684.0657864103132,22496.506654512235,18927.493345487765,20712.0,22128.8,0.7948310040145975,0.06852791878172582,0.012019230769230838,0.03950617283950608,25000.0,14420.0,-0.158,0.45977808599167824,1.0163190421011974,0.951249051010448,0.03562945368171011,0
2022-02-19,22100.0,22100.0,21500.0,21960.0,282326384990,12853959,1862,21050.0,21700.0,54.276143862336255,-451.85505975178967,-637.6236410786084,22308.901216536666,19029.098783463334,20669.0,22098.4,4.080283435535967,0.09264853977844911,0.04026845637583887,0.030878859857482288,25000.0,14420.0,-0.132,0.5048543689320388,1.0498814649958876,0.9819715454512543,-0.01797235023041477,0
2022-02-20,21790.0,22000.0,21110.0,21410.0,55764304470,2604309,737,21960.0,21490.0,52.75056197990954,-346.91318515125386,-579.4815498931375,22195.912220460385,19083.087779539615,20639.5,22061.4,0.8110579551584569,0.1065911431513904,0.06915422885572142,-0.009677419354838679,25000.0,14420.0,-0.1404,0.49029126213592233,1.041207393589961,0.9740995585048999,0.027919962773383045,0
2022-02-21,21210.0,21830.0,21200.0,21450.0,44461393480,2072369,675,21410.0,21330.0,51.56141179156234,-273.5038738813091,-518.2860146907719,22188.80024487639,19085.19975512361,20637.0,22021.8,0.6395365666766345,0.0665,0.10632780082987559,-0.007445323406235493,25000.0,14420.0,-0.1468,0.4791955617198336,1.0335804622764937,0.9685856741955698,0.026254102203469243,0
2022-02-22,21350.0,21600.0,21200.0,21370.0,34982258750,1637205,498,21450.0,21410.0,52.14233114624557,-206.4908365743031,-455.9269790674782,22228.49333754887,19076.50666245113,20652.5,21986.6,0.5062498881024806,0.057283950617283974,0.06783042394014971,0.0037505860290669712,25000.0,14420.0,-0.1436,0.48474341192787795,1.036678368236291,0.9737749356426187,-0.013078000934142908,0
2022-02-23,21690.0,22300.0,21380.0,21950.0,37012339640,1686458,662,21370.0,21800.0,54.97709684201214,-120.52346162921822,-388.8462755798262,22369.22964748027,19098.77035251973,20734.0,21959.6,0.5179715734175344,0.03562945368171011,0.10659898477157359,0.018215787015413376,25000.0,14420.0,-0.128,0.5117891816920943,1.051413137841227,0.9927321080529701,-0.041284403669724745,0
2022-02-26,21790.0,22050.0,21140.0,21580.0,41089142450,1903988,785,21950.0,21310.0,50.8978392504746,-90.88493753686271,-329.25400797123353,22370.427565633167,19098.572434366833,20734.5,21944.0,0.5955380314188015,-0.01797235023041477,0.07301107754279967,-0.022477064220183474,25000.0,14420.0,-0.1476,0.4778085991678225,1.0277556729122959,0.9711082756106453,0.03707179727827303,0
2022-02-27,21310.0,22340.0,21150.0,21910.0,49303644910,2250254,859,21580.0,22090.0,56.438769384979466,-4.4059236464236164,-264.2843911062715,22372.577479082578,19097.422520917422,20735.0,21933.2,0.716618647490715,0.027919962773383045,0.13748712667353247,0.036602534021586086,25000.0,14420.0,-0.1164,0.5319001386962552,1.0653484446587895,1.0071489796290554,0.014033499320959653,0
2022-02-28,21610.0,22330.0,21610.0,21920.0,20222611590,922491,440,21910.0,21890.0,54.7332624777558,47.44408351727179,-201.93869618156288,22497.164298687418,19071.835701312582,20784.5,21925.0,0.3820631666122489,0.026254102203469243,0.09450000000000003,-0.009053870529651453,25000.0,14420.0,-0.1244,0.5180305131761442,1.0531886742524477,0.9984036488027366,0.013248058474189195,0
2022-03-02,21800.0,21900.0,21120.0,21360.0,27926910020,1307316,518,21920.0,21130.0,48.70962269992353,26.89985455985152,-156.17098603328,22480.01173704833,19071.98826295167,20776.0,21896.4,0.5780107428744291,-0.013078000934142908,0.04345679012345682,-0.03471904979442664,25000.0,14420.0,-0.1548,0.4653259361997226,1.0170388910281094,0.9649988125901974,0.04685281590156176,0
2022-03-05,20940.0,21440.0,20760.0,21050.0,43315620090,2057966,706,21360.0,20900.0,47.02300384008904,-7.850180715162423,-126.50682496965649,22485.85072660291,19076.14927339709,20781.0,21872.8,0.8973357278378504,-0.041284403669724745,-0.0071258907363420665,-0.010884997633696214,25000.0,14420.0,-0.164,0.44937586685159503,1.005726384678312,0.9555246699096596,0.07655502392344493,1
2022-03-06,21530.0,22100.0,21090.0,22040.0,115743972570,5252292,971,21050.0,22100.0,55.651235642959165,60.73996464732045,-89.05746704626111,22642.401011447557,19043.598988552443,20843.0,21866.2,2.109459266244584,0.03707179727827303,0.018433179723502224,0.05741626794258381,25000.0,14420.0,-0.116,0.5325936199722607,1.060308017080075,1.01069230136009,0.039366515837104155,0
2022-03-07,23140.0,23140.0,22180.0,22860.0,236516729580,10346885,2199,22040.0,22400.0,57.51419351077721,137.71811312622594,-43.702351011763696,22844.632979675305,19071.367020324695,20958.0,21847.2,3.524629589572131,0.014033499320959653,0.04234527687296419,0.013574660633484115,25000.0,14420.0,-0.104,0.5533980582524272,1.068804275217101,1.0253030136585009,0.02678571428571419,0
2022-03-08,22400.0,22940.0,22050.0,22450.0,52605115070,2343249,1024,22860.0,22180.0,55.667440267816374,178.9093335797661,0.8199859065422643,22894.87164718865,19311.12835281135,21103.0,21803.4,0.7992800490200291,0.013248058474189195,0.039849976558837374,-0.009821428571428537,25000.0,14420.0,-0.1128,0.5381414701803051,1.0510353978107378,1.0172725354761183,0.0504959422903517,1
2022-03-09,22180.0,22750.0,21810.0,22150.0,75773117890,3420629,1096,22450.0,22120.0,55.14735829269906,204.35647970627542,41.527284666488896,22982.1832487802,19430.8167512198,21206.5,21749.8,1.1440682083094216,0.04685281590156176,0.03316207379729108,-0.0027051397655545317,25000.0,14420.0,-0.1152,0.5339805825242718,1.0430764152500414,1.0170208461687005,0.042495479204339937,0
2022-03-12,21980.0,22690.0,21150.0,21990.0,80627285520,3666674,1148,22150.0,22500.0,57.83423398654865,252.2782439967741,83.67747653254594,23065.619251244265,19627.380748755735,21346.5,21701.4,1.1737503425210059,0.07655502392344493,0.032110091743119185,0.017179023508137492,25000.0,14420.0,-0.1,0.5603328710124826,1.0540369615627854,1.0367994691586717,0.06577777777777771,1
2022-03-13,22500.0,23080.0,22100.0,23030.0,219525662920,9531452,1827,21990.0,22970.0,60.95009763622511,324.441697569142,131.83032073986516,23217.769215249737,19786.230784750263,21502.0,21678.6,2.7143490428386468,0.039366515837104155,0.07789770061004231,0.020888888888888957,25000.0,14420.0,-0.0812,0.5929264909847434,1.0682727188168541,1.0595702674526954,0.047453199825859826,0
2022-03-14,23000.0,23600.0,22500.0,23100.0,98380881590,4259330,1393,23030.0,23000.0,61.14745168458013,379.67583700539035,181.3994239929702,23229.40433995735,20132.59566004265,21681.0,21654.4,1.167344970633504,0.02678571428571419,0.04119511090991401,0.0013060513713538668,25000.0,14420.0,-0.08,0.59500693481276,1.0608366772750335,1.062139796069159,0.0652173913043479,1
2022-03-15,23000.0,23390.0,22600.0,23000.0,103790658510,4512729,1135,23100.0,23300.0,63.15291142929628,442.55528144113487,233.63059548260316,23345.245143396773,20346.754856603227,21846.0,21634.4,1.1914834261448521,0.0504959422903517,0.06441297396071266,0.01304347826086949,25000.0,14420.0,-0.068,0.6158113730929264,1.0665568067380755,1.0769884997966201,0.06266094420600865,1
2022-03-16,23440.0,23440.0,22800.0,23090.0,52958879490,2293731,641,23000.0,23060.0,60.464062315610015,467.63113925898506,280.4307042378796,23384.388049880552,20588.611950119448,21986.5,21615.4,0.5957784020014268,0.042495479204339937,0.09133932796971123,-0.01030042918454932,25000.0,14420.0,-0.0776,0.5991678224687933,1.0488254155959338,1.0668319809025046,0.050303555941023426,1
2022-03-19,23410.0,24000.0,22870.0,23620.0,68739267620,2909861,916,23090.0,23980.0,66.3743082369246,555.3386502073408,335.41229343177184,23710.226679966738,20555.773320033262,22133.0,21629.0,0.7477176786902886,0.06577777777777771,0.1473684210526316,0.0398959236773635,25000.0,14420.0,-0.0408,0.6629680998613038,1.0834500519586139,1.108696657265708,0.025020850708924014,0
2022-03-26,23790.0,24200.0,23000.0,23820.0,65968069510,2769091,953,23620.0,24060.0,66.83853909609333,624.1084818596719,393.15153111735185,24022.190560046813,20479.809439953187,22251.0,21649.6,0.8174646030491786,0.047453199825859826,0.08868778280542977,0.0033361134278564464,25000.0,14420.0,-0.0376,0.6685159500693482,1.0812997168666576,1.1113369300125637,0.0016625103906899863,0
2022-03-27,24170.0,25010.0,24030.0,24810.0,172412332860,6949659,1596,23820.0,24500.0,69.34526963521739,705.9753473210767,455.71629435809683,24387.020334823843,20415.979665176157,22401.5,21688.8,1.9279537169643657,0.0652173913043479,0.09375,0.018287614297589405,25000.0,14420.0,-0.02,0.6990291262135923,1.0936767627167823,1.1296152853085464,-0.051836734693877506,0
2022-03-28,24400.0,25400.0,24070.0,24710.0,125980869800,5097418,1729,24810.0,24760.0,70.75219985636893,782.8114915165243,521.1353337897823,24742.682926143596,20403.317073856404,22573.0,21742.0,1.3571639266601576,0.06266094420600865,0.11632100991884586,0.010612244897959089,25000.0,14420.0,-0.0096,0.7170596393897365,1.0968856598591237,1.1388096771226197,-0.06421647819063003,0
2022-03-29,24760.0,24820.0,23970.0,24310.0,72368772650,2976693,984,24710.0,24220.0,64.16530933105155,791.012898034136,575.1108466386531,24927.223334113613,20499.776665886387,22713.5,21793.4,0.7786461945739059,0.050303555941023426,0.09493670886075956,-0.021809369951534707,25000.0,14420.0,-0.0312,0.6796116504854369,1.0663261936733661,1.1113456367524113,-0.052023121387283267,0
2022-03-30,24000.0,25000.0,23940.0,24600.0,86292327880,3507779,1184,24310.0,24580.0,66.41042359533127,817.1420581486818,623.5170889406589,25166.188613448045,20538.811386551955,22852.5,21843.0,0.8962192100211387,0.025020850708924014,0.09244444444444455,0.014863748967795187,25000.0,14420.0,-0.0168,0.7045769764216366,1.07559347992561,1.1253033008286408,-0.01586655817738003,0
2022-04-03,24600.0,24980.0,24100.0,24450.0,114163025190,4668335,1977,24600.0,24100.0,60.9291285956774,790.0108638435704,656.8158439212413,25252.68662136068,20731.31337863932,22992.0,21860.0,1.1520518636865082,0.0016625103906899863,0.04919460165433165,-0.019528071602929242,25000.0,14420.0,-0.036,0.6712898751733704,1.0481906750173973,1.1024702653247942,-0.007053941908713668,0
2022-04-04,24480.0,24480.0,23230.0,23660.0,76654261690,3240311,1515,24450.0,23230.0,52.47511363397556,690.3495479196936,663.5225847209317,25273.031474597243,20824.968525402757,23049.0,21865.2,0.7899932480345228,-0.051836734693877506,0.010000000000000009,-0.03609958506224065,25000.0,14420.0,-0.0708,0.6109570041608876,1.0078528352640028,1.0624188207745642,0.0206629358588033,0
2022-04-05,22840.0,23590.0,22840.0,23040.0,157343418710,6829613,2510,23660.0,23170.0,51.939865030231566,599.6137642423637,650.7408206252181,25272.676827675663,20953.323172324337,23113.0,21869.8,1.5532259106453548,-0.06421647819063003,-0.005579399141630859,-0.00258286698235044,25000.0,14420.0,-0.0732,0.6067961165048543,1.0024661445939516,1.0594518468390202,-0.019853258523953365,0
2022-04-06,23040.0,23510.0,22670.0,23040.0,72421204410,3143182,1375,23040.0,22960.0,50.01689885890025,504.9391329938262,621.5804830989398,25166.37130056975,21242.62869943025,23204.5,21882.8,0.7002208218888963,-0.052023121387283267,-0.004336513443191636,-0.009063444108761365,25000.0,14420.0,-0.0816,0.5922330097087378,0.989463250662587,1.0492258760304898,0.005662020905923271,0
2022-04-09,23430.0,24190.0,23050.0,23840.0,177027309170,7425780,1874,23040.0,24190.0,59.47959871729231,523.1292181068675,601.8902301005254,25063.932447031235,21674.067552968765,23369.0,21933.4,1.560944655105461,-0.01586655817738003,0.008757297748123394,0.0535714285714286,25000.0,14420.0,-0.0324,0.6775312066574203,1.035132012495186,1.1028841857623533,-0.007027697395618038,0
2022-04-10,24330.0,24700.0,23710.0,24060.0,77968581640,3240031,1219,23840.0,23930.0,57.02212877975359,510.6783820204255,583.6478604845055,25066.793559720427,21854.206440279573,23460.5,21960.8,0.6957900551764825,-0.007053941908713668,-0.005403158769742289,-0.010748243075651143,25000.0,14420.0,-0.0428,0.659500693481276,1.0200123612028729,1.0896688645222397,-0.003760969494358557,0
2022-04-11,23900.0,24400.0,23500.0,23900.0,97970352760,4098512,1301,24060.0,23710.0,54.9531924417673,477.55389925161217,562.4290682379269,25059.14578563141,21992.85421436859,23526.0,21993.4,0.9434439521293543,0.0206629358588033,-0.03224489795918373,-0.009193480986209757,25000.0,14420.0,-0.0516,0.644244105409154,1.0078211340644394,1.0780506879336527,0.003795866722901664,0
2022-04-12,23710.0,24000.0,22710.0,22990.0,205929292650,8956147,1590,23900.0,22710.0,46.66504623095326,366.38737971192313,523.2207305327262,25008.025678234277,22096.974321765723,23552.5,22020.0,1.9158157200773926,-0.019853258523953365,-0.0827948303715671,-0.04217629692113034,25000.0,14420.0,-0.0916,0.5748959778085991,0.9642288504405052,1.0313351498637602,0.09158960810215766,1
2022-04-13,22500.0,23460.0,22500.0,22880.0,125130958310,5469509,1298,22990.0,23090.0,49.76556442036758,305.4291392781306,479.66241228180706,24920.665109033107,22281.334890966893,23601.0,22059.8,1.144897396209947,0.005662020905923271,-0.04665565648224612,0.016732716864817254,25000.0,14420.0,-0.0764,0.6012482662968099,0.978348375068853,1.0467003327319377,0.10870506712862715,1
2022-04-16,23060.0,24020.0,23010.0,23860.0,184277498940,7723052,1558,22880.0,24020.0,56.43972975936524,328.3771943311076,449.40536869166715,24906.261566957735,22447.738433042265,23677.0,22136.8,1.5507791669090893,-0.007027697395618038,-0.022782750203417468,0.04027717626678218,25000.0,14420.0,-0.0392,0.665742024965326,1.0144866325970352,1.0850710129738717,0.05245628642797673,1
2022-04-17,24200.0,24200.0,23330.0,23660.0,77406600190,3270963,1247,23860.0,23840.0,54.91886285149093,328.25527513521956,425.1753499803777,24907.453663796277,22533.546336203723,23720.5,22187.6,0.7008576207386609,-0.003760969494358557,-0.010788381742738551,-0.007493755203996644,25000.0,14420.0,-0.0464,0.6532593619972261,1.0050378364705634,1.0744740305395808,0.06921140939597326,1
2022-04-18,23840.0,24340.0,23660.0,23960.0,152515966300,6366314,2010,23660.0,23800.0,54.56697173194359,321.22807035057485,404.3858940544172,24900.631132808598,22620.368867191402,23760.5,22222.0,1.333975912298867,0.003795866722901664,0.02453723633232885,-0.001677852348993314,25000.0,14420.0,-0.048,0.6504854368932039,1.0016624229288105,1.0710107101071011,0.09033613445378141,1
2022-04-24,24730.0,25390.0,24590.0,25200.0,432147381060,17152044,2780,23960.0,24790.0,61.19434818067626,391.03606580021005,401.71592840357573,25038.021196820504,22631.978803179496,23835.0,22299.8,3.1737177175732465,0.09158960810215766,0.06991799741044447,0.04159663865546226,25000.0,14420.0,-0.0084,0.7191400832177531,1.040067128172855,1.111669162952134,0.09883017345703915,1
2022-04-25,24900.0,26500.0,24830.0,25540.0,259305718240,10152258,3279,25200.0,25600.0,65.61398254811806,505.88807288125827,422.55035729911225,25335.194815020608,22588.805184979392,23962.0,22385.8,1.7511961890854677,0.10870506712862715,0.11498257839721249,0.03267446551028641,25600.0,14420.0,0.0,0.7753120665742025,1.0683582338702946,1.1435820922191746,0.12773437499999996,1
2022-04-26,25600.0,25710.0,25100.0,25350.0,113705641200,4485859,1800,25540.0,25280.0,62.581575519048044,564.579667342121,450.95621930771404,25515.665173905636,22538.334826094364,24027.0,22475.4,0.763403959495433,0.05245628642797673,0.04505994212484499,-0.012499999999999956,25600.0,14420.0,-0.0125,0.753120665742025,1.052149664960253,1.1247853208396734,0.20094936708860756,1
2022-04-27,25250.0,25590.0,24830.0,25290.0,171646756940,6787550,2229,25350.0,25490.0,63.76508658651886,620.8812907249376,484.9412335911588,25718.231767916997,22478.768232083003,24098.5,22568.0,1.1169151969110278,0.06921140939597326,0.06519013790221484,0.008306962025316444,25600.0,14420.0,-0.004296875,0.7676837725381415,1.0577421831234308,1.129475363346331,0.26245586504511564,1
2022-05-08,25710.0,26500.0,25710.0,25900.0,163065367100,6296589,1072,24490.0,25950.0,66.28094092881648,694.6118356462357,526.8753540021742,25975.404610944992,22366.595389055008,24171.0,22685.0,1.0417232772907146,0.09033613445378141,0.09447490510333201,0.018046292663789654,25950.0,14420.0,0.0,0.7995839112343966,1.073600595755244,1.14392770553229,0.2816955684007707,1
2022-05-09,26300.0,27450.0,25700.0,27240.0,777455643870,28538156,5726,25900.0,27240.0,72.12583555100497,847.3681106057011,590.9739053228795,26533.021447618317,22056.978552381683,24295.0,22844.2,3.9546064708955937,0.09883017345703915,0.19947159841479523,0.04971098265895946,27240.0,14420.0,0.0,0.8890429958391124,1.121218357686767,1.1924252107756017,0.16483113069016153,1
2022-05-10,27450.0,28870.0,26150.0,28650.0,571170463710,19936350,2734,27240.0,28870.0,77.44582490933419,1087.4208261938184,690.2632894970674,27523.750156445498,21531.249843554502,24527.5,23020.6,2.472137879482344,0.12773437499999996,0.25032481593763545,0.05983847283406751,28870.0,14420.0,0.0,1.0020804438280166,1.177046172663337,1.2540941591444186,-0.0003463803255975284,0
2022-05-11,30360.0,30360.0,30360.0,30360.0,33366763320,1099037,261,28650.0,30360.0,81.01316717648574,1381.9644543475442,828.6035224671627,28746.702412090217,20886.297587909783,24816.5,23233.8,0.1383484167054004,0.20094936708860756,0.26394671107410494,0.05161066851402851,30360.0,14420.0,0.0,1.1054091539528432,1.2233796063103177,1.3067169382537511,-0.07773386034255603,0
2022-05-14,32180.0,32180.0,32180.0,32180.0,52312258520,1625614,312,30360.0,32180.0,84.28319781610476,1742.1685566976375,1011.3165293132577,30273.73450870825,20167.26549129175,25220.5,23480.2,0.20863021563106204,0.26245586504511564,0.34983221476510074,0.059947299077733884,32180.0,14420.0,0.0,1.2316227461858529,1.2759461549136615,1.370516435124062,-0.16625233064014922,0
2022-05-15,34110.0,34110.0,32300.0,33750.0,2626832931240,77828650,15267,32180.0,33260.0,85.8415061807487,2090.6798214255177,1227.1891877357098,31777.036250923695,19666.963749076305,25722.0,23757.0,6.755220055999949,0.2816955684007707,0.3974789915966386,0.033561218147917904,33260.0,14420.0,0.0,1.3065187239944522,1.2930565274861985,1.4000084185713684,-0.20324714371617558,0
2022-05-16,32400.0,33400.0,31730.0,32160.0,604578151970,18801822,6775,33750.0,31730.0,74.56269851552499,2217.853264486672,1425.3220030859022,32618.95663921163,19681.04336078837,26150.0,23991.6,1.551321963539554,0.16483113069016153,0.2799515933844292,-0.04600120264582086,33260.0,14420.0,-0.046001202645820805,1.2004160887656032,1.2133843212237094,1.3225462245119126,-0.14970059880239517,0
2022-05-21,29350.0,29780.0,28070.0,29010.0,365596989750,12601517,2239,32160.0,28860.0,58.92307159213088,2063.2700274036833,1552.9116079494586,32842.88246219015,20047.11753780985,26445.0,24163.8,1.0006931983773537,-0.0003463803255975284,0.1273437500000001,-0.09045067759218406,33260.0,14420.0,-0.132291040288635,1.001386962552011,1.0913216108905275,1.1943485710029051,-0.1143451143451143,0
2022-05-22,28860.0,29500.0,27930.0,28540.0,494024391100,17307261,5617,29010.0,28000.0,55.18758324832533,1850.0407672685396,1612.337439813275,32980.13072211459,20290.869277885406,26635.5,24302.8,1.3224913146194122,-0.07773386034255603,0.10759493670886067,-0.02979902979902982,33260.0,14420.0,-0.1581479254359591,0.941747572815534,1.0512286234536614,1.1521306186941422,-0.10214285714285709,0
2022-05-23,28000.0,28440.0,26830.0,26930.0,323434984020,12008314,2070,28540.0,26830.0,50.497268491748066,1568.5643866239807,1603.5828291754162,33002.546206835854,20558.45379316415,26780.5,24405.4,0.8878424431992548,-0.16625233064014922,0.05256963515103963,-0.041785714285714315,33260.0,14420.0,-0.19332531569452796,0.8606102635228848,1.0018483598140437,1.099346865857556,-0.07752515840477081,0
2022-05-24,26010.0,26760.0,25540.0,26210.0,285712641590,10901100,3428,26930.0,26500.0,49.226483187308624,1303.834294818429,1543.6331223040188,32983.510534335735,20856.489465664265,26920.0,24505.6,0.7862085358586669,-0.20324714371617558,0.021194605009633882,-0.012299664554603074,33260.0,14420.0,-0.20324714371617558,0.8377253814147018,0.9843982169390788,1.081385479237399,-0.05509433962264154,0
2022-05-25,26220.0,27760.0,26210.0,27190.0,208707317460,7675700,2695,26210.0,26980.0,51.15206718281411,1119.8567665397932,1458.877851151174,32881.51974596474,21385.48025403526,27133.5,24618.6,0.5561544105983959,-0.14970059880239517,-0.009544787077826689,0.01811320754716972,33260.0,14420.0,-0.1888153938665063,0.871012482662968,0.99434278659222,1.0959193455354894,-0.09191994069681242,0
2022-05-28,27490.0,27490.0,25560.0,25790.0,379121174520,14701850,3291,27190.0,25560.0,45.637869012291894,849.676574680012,1337.0375958569416,32752.809676471756,21761.190323528244,27257.0,24701.6,1.0307684217906472,-0.1143451143451143,-0.11465188777277446,-0.052631578947368474,33260.0,14420.0,-0.23150932050511125,0.7725381414701803,0.9377407638404813,1.0347507853742268,-0.09507042253521125,0
2022-05-29,25810.0,25810.0,24250.0,24790.0,173434780790,6997362,2294,25790.0,25140.0,44.12281531607852,594.8097397507809,1188.5920246357095,32697.42977482301,21928.57022517699,27313.0,24768.4,0.4918466247532679,-0.10214285714285709,-0.17193675889328064,-0.016431924882629123,33260.0,14420.0,-0.24413710162357186,0.7434119278779473,0.9204408157287739,1.0150029876778475,-0.07836117740652349,0
2022-05-30,25500.0,25770.0,24130.0,24680.0,109835232530,4450424,1765,24790.0,24750.0,42.70512091683174,357.2381768888372,1022.3212550863352,32639.148729086286,22077.851270913714,27358.5,24837.2,0.31153024122172956,-0.07752515840477081,-0.2308887507768801,-0.015513126491646823,33260.0,14420.0,-0.2558628983764281,0.7163661581137309,0.9046548604638412,0.9964891372618492,-0.055757575757575784,0
2022-05-31,24980.0,25600.0,24210.0,25070.0,81483944210,3250689,1548,24680.0,25040.0,44.14233111352729,190.16942334299893,855.890888737668,32559.797520089745,22281.202479910255,27420.5,24896.2,0.23005734793461807,-0.05509433962264154,-0.24714371617558628,0.011717171717171793,33260.0,14420.0,-0.24714371617558628,0.7364771151178918,0.9131853904925147,1.0057759818767522,-0.08146964856230032,0
2022-06-01,25340.0,25340.0,24140.0,24600.0,101089136650,4109773,1668,25070.0,24500.0,42.028228733982274,14.031004771837615,687.518911944502,32576.444468321908,22235.555531678092,27406.0,24948.4,0.30492920994580436,-0.09191994069681242,-0.22786006933501424,-0.021565495207667706,33260.0,14420.0,-0.26337943475646425,0.6990291262135923,0.8939648252207546,0.9820269035288836,-0.01632653061224487,0
2022-06-06,24470.0,24470.0,23130.0,23210.0,259147600600,11166930,2208,24600.0,23130.0,37.16508236218426,-233.41682749641404,503.3317640563188,32730.15958921816,21834.84041078184,27282.5,24988.4,0.825435741163653,-0.09507042253521125,-0.19854469854469858,-0.05591836734693878,33260.0,14420.0,-0.30457005411906196,0.6040221914008321,0.8477962063593879,0.9256294920843271,0.0864677907479463,1
2022-06-07,23000.0,23800.0,22710.0,23250.0,78031286040,3355690,1246,23210.0,23170.0,37.39286686767369,-421.43530773511156,318.3783496980327,32852.6500949231,21501.349905076902,27177.0,25033.8,0.2490859035240813,-0.07836117740652349,-0.1725,0.0017293558149589217,33260.0,14420.0,-0.30336740829825615,0.6067961165048543,0.8525591492806417,0.9255486582140946,0.05999136814846784,1
2022-06-08,23050.0,23550.0,22800.0,23100.0,56338574700,2438447,1237,23250.0,23370.0,38.59155421771994,-547.9861363240052,145.10545249362514,32944.45860630689,21197.541393693107,27071.0,25059.2,0.18397037020550752,-0.055757575757575784,-0.12896011926947448,0.008631851532153734,33260.0,14420.0,-0.2973541791942273,0.6206657420249653,0.8632854345979092,0.9325916230366492,0.04022250748823275,0
2022-06-11,23730.0,23730.0,22570.0,23010.0,72785994920,3162575,1123,23100.0,23000.0,37.17356562678146,-670.4064591634633,-17.99692983779255,33045.08239346662,20801.917606533385,26923.5,25071.2,0.24145732688814453,-0.08146964856230032,-0.13207547169811318,-0.015832263585793704,33260.0,14420.0,-0.3084786530366807,0.59500693481276,0.8542722900068713,0.9173872810236446,0.04391304347826086,0
2022-06-12,22730.0,24140.0,22700.0,23710.0,99254551430,4185914,1265,23010.0,24100.0,43.78653440347977,-670.9305701155936,-148.58365789335278,33007.45914102956,20525.540858970442,26766.5,25109.6,0.3523422205151315,-0.01632653061224487,-0.10674573758339512,0.047826086956521685,33260.0,14420.0,-0.27540589296452195,0.6712898751733704,0.9003792053499711,0.9597922706853156,0.0,0
2022-06-13,24320.0,25130.0,24000.0,25080.0,215859528600,8606135,1516,23710.0,25130.0,49.18056173514949,-581.5300237662268,-235.1729310679276,32781.14324997822,20377.856750021787,26579.5,25169.8,0.7606799208629521,0.0864677907479463,-0.016823161189358338,0.04273858921161833,33260.0,14420.0,-0.2444377630787733,0.7427184466019418,0.9454654903214884,0.9984187399184737,-0.06088340628730604,0
2022-06-14,25490.0,25490.0,24510.0,24960.0,95604323450,3830412,1668,25080.0,24560.0,46.52022331077626,-550.329823364118,-298.2043095271657,32296.26443686618,20282.73556313382,26289.5,25211.0,0.3345247728009994,0.05999136814846784,-0.023070803500397807,-0.022682053322721885,33260.0,14420.0,-0.26157546602525555,0.7031900138696255,0.9342132790657868,0.9741779382015787,-0.039087947882736174,0
2022-06-15,24480.0,24630.0,23860.0,24190.0,77076381270,3186588,1049,24960.0,24310.0,45.36123746439765,-539.556676913875,-346.4747830045076,31309.495728270238,20482.504271729762,25896.0,25237.8,0.2764130066696881,0.04022250748823275,-0.01777777777777778,-0.01017915309446249,33260.0,14420.0,-0.26909200240529163,0.6858529819694869,0.9387550200803213,0.963237683157803,-0.0123406005758947,0
2022-06-18,24490.0,24500.0,23600.0,23880.0,60427089330,2530516,876,24190.0,24010.0,43.94633995556598,-548.8990074509893,-386.95962789380394,29713.220902114997,21153.779097885003,25433.5,25258.0,0.32595246834141456,0.04391304347826086,-0.041134185303514426,-0.0123406005758947,33260.0,14420.0,-0.27811184606133493,0.6650485436893204,0.9440305109402953,0.9505899121070552,0.022074135776759762,0
2022-06-19,23600.0,24780.0,23590.0,24170.0,77709329380,3215256,995,23880.0,24100.0,44.5055762793775,-542.7837506643882,-418.1244524479208,28239.52317638631,21864.47682361369,25052.0,25274.0,0.46036648568879296,0.0,-0.01632653061224487,0.0037484381507704168,33260.0,14420.0,-0.27540589296452195,0.6712898751733704,0.9619990419926553,0.953549101843792,-0.020746887966805017,0
2022-06-20,24090.0,24190.0,23530.0,23890.0,69818017650,2922838,1087,24170.0,23600.0,41.998664473697545,-571.6930651402508,-448.8381749863869,27510.23427877862,22067.76572122138,24789.0,25284.8,0.4496543308042734,-0.06088340628730604,0.02031993082576733,-0.020746887966805017,33260.0,14420.0,-0.2904389657245941,0.636615811373093,0.9520351768929767,0.9333670821995824,-0.003389830508474523,0
2022-06-21,23900.0,24050.0,23500.0,23820.0,68169358080,2861575,858,23890.0,23600.0,41.998664473697545,-587.8277922636153,-476.6360984418326,26899.698607713945,22238.301392286055,24569.0,25277.2,0.49526174230227826,-0.039087947882736174,0.01855848079413036,0.0,33260.0,14420.0,-0.2904389657245941,0.636615811373093,0.9605600553543083,0.933647714145554,0.012711864406779627,0
2022-06-22,23920.0,24440.0,23470.0,24110.0,57198734080,2372580,910,23820.0,24010.0,44.947721328556945,-561.0635153116782,-493.52158181580177,26523.87785903656,22332.12214096344,24428.0,25276.2,0.4479847568342373,-0.0123406005758947,0.02738553701326496,0.01737288135593218,33260.0,14420.0,-0.27811184606133493,0.6650485436893204,0.9828884886196169,0.949905444647534,-0.05456059975010408,0
2022-06-25,24000.0,25440.0,23730.0,24700.0,64197503910,2599164,1122,24110.0,24540.0,48.58683943290922,-491.42126396401363,-493.10151824544414,26200.336868053357,22459.663131946643,24330.0,25277.0,0.5325041734609249,0.022074135776759762,0.06695652173913036,0.022074135776759762,33260.0,14420.0,-0.26217678893565843,0.7018030513176144,1.0086313193588163,0.970843058907307,-0.10065199674001635,0
2022-06-26,24680.0,24680.0,23470.0,23990.0,49300290100,2054958,884,24700.0,23600.0,43.1400769914646,-506.24375918776786,-495.72996643390894,25605.29775323497,22716.70224676503,24161.0,25253.8,0.4467315732720624,-0.020746887966805017,-0.020746887966805017,-0.03830480847595763,33260.0,14420.0,-0.2904389657245941,0.636615811373093,0.9767807623856628,0.934512825792554,-0.05932203389830504,0
2022-06-27,24170.0,24470.0,23470.0,23740.0,104582148970,4404616,1448,23990.0,23520.0,42.70133614761308,-518.469431979167,-500.2778595429605,25376.23801949365,22741.76198050635,24059.0,25239.8,1.078209143369301,-0.003389830508474523,-0.06406685236768805,-0.003389830508474523,33260.0,14420.0,-0.2928442573662057,0.6310679611650486,0.9775967413441955,0.9318615836892528,-0.05909863945578231,0
2022-06-28,24000.0,24370.0,23530.0,23940.0,82274004680,3436587,1073,23740.0,23900.0,45.534842602891494,-491.8260766792155,-498.5875029702116,25218.09950454479,22775.90049545521,23997.0,25226.2,0.8795786248071723,0.012711864406779627,-0.02687296416938112,0.016156462585034115,33260.0,14420.0,-0.2814191220685508,0.6574202496532594,0.9959578280618411,0.9474276744020106,-0.08117154811715477,0
2022-06-29,23790.0,24270.0,22510.0,22760.0,261119282580,11475136,2955,23940.0,22700.0,38.979462344789795,-561.0732931629682,-511.0846610087629,25187.596670786643,22601.403329213357,23894.5,25198.2,2.6947572820960253,-0.05456059975010408,-0.06622788975730154,-0.05020920502092052,33260.0,14420.0,-0.317498496692724,0.5742024965325936,0.9500094163928937,0.9008579977934932,-0.03039647577092508,0
2022-07-02,22780.0,22990.0,21700.0,22180.0,90857178430,4096806,1709,22760.0,22070.0,36.045534019558524,-659.1892229646182,-540.705573399934,25155.686489968408,22336.313510031592,23746.0,25175.0,0.9526071653588567,-0.10065199674001635,-0.08079966680549766,-0.027753303964757725,33260.0,14420.0,-0.3364401683704149,0.5305131761442441,0.9294196917375558,0.8766633565044687,-0.0425917535115542,0
2022-07-03,22480.0,22680.0,21520.0,22110.0,77471161330,3503136,1335,22180.0,22200.0,37.09766047316329,-718.1781796700197,-576.2000946539512,25147.125324634944,22114.874675365056,23631.0,25155.6,0.8203502759687716,-0.05932203389830504,-0.07883817427385897,0.005890348889895813,33260.0,14420.0,-0.33253156945279616,0.5395284327323162,0.9394439507426685,0.8825072747221295,-0.09684684684684686,0
2022-07-04,22050.0,22730.0,22000.0,22340.0,64927350110,2906644,1010,22110.0,22130.0,36.74710275117225,-761.7942776053678,-613.3189312442346,25220.82803976496,21941.17196023504,23581.0,25139.0,0.7535478412999798,-0.05909863945578231,-0.06228813559322033,-0.003153153153153121,33260.0,14420.0,-0.33463619963920627,0.5346740638002774,0.9384674102031296,0.8803055014121485,-0.08495255309534566,0
2022-07-05,22050.0,22870.0,21750.0,21980.0,48757870240,2218123,1051,22340.0,21960.0,35.86082697124829,-800.8462713996669,-650.8243992753211,25299.864774294292,21741.135225705708,23520.5,25094.4,0.5836550954908619,-0.08117154811715477,-0.06949152542372883,-0.007681879801174851,33260.0,14420.0,-0.33974744437763077,0.5228848821081831,0.9336536213090708,0.8750956388676358,-0.029599271402550142,0
2022-07-06,21830.0,22590.0,21830.0,22160.0,70946574080,3201745,1009,21980.0,22010.0,36.347088395285994,-818.3275056100138,-684.3250205422596,25349.717699685345,21555.282300314655,23452.5,25056.0,0.8340994181888587,-0.03039647577092508,-0.08329862557267809,0.0022768670309654127,33260.0,14420.0,-0.3382441371016236,0.5263522884882108,0.9384926980066091,0.8784323116219668,0.008178100863243998,0
2022-07-09,22020.0,22100.0,20840.0,21200.0,124105253880,5853321,2022,22160.0,21130.0,31.780383515614318,-892.8973898989207,-726.0394944135919,25504.300911294107,21213.699088705893,23359.0,25004.4,1.4732368470232016,-0.0425917535115542,-0.13895680521597387,-0.039981826442526125,33260.0,14420.0,-0.36470234515935057,0.4653259361997226,0.9045763945374374,0.8450512709763082,-0.008518693800283916,0
2022-07-11,20800.0,21870.0,20040.0,20380.0,78190392990,3836824,1512,21200.0,20050.0,27.254554221890814,-1027.2994657389609,-786.2914886786657,25709.610064215653,20603.389935784347,23156.5,24951.2,0.9699609267558691,-0.09684684684684686,-0.15042372881355937,-0.05111216280170372,33260.0,14420.0,-0.39717378232110645,0.39042995839112343,0.8658476021851316,0.8035685658405207,0.031920199501246804,0
2022-07-12,20050.0,20560.0,19600.0,20110.0,45005076020,2237433,888,20380.0,20250.0,29.263523889137332,-1104.9387050354126,-850.0209319500151,25594.07323226482,20230.92676773518,22912.5,24894.4,0.6151504081600503,-0.08495255309534566,-0.139030612244898,0.009975062344139696,33260.0,14420.0,-0.39116055321707754,0.4042995839112344,0.88379705400982,0.8134359534674465,0.05481481481481487,1
2022-07-13,20200.0,21310.0,20200.0,20950.0,88565353490,4227828,1277,20110.0,21310.0,38.89523026964231,-1068.6168702387804,-893.7401196077683,25406.30570529808,20093.69429470192,22750.0,24840.2,1.1560654190113286,-0.029599271402550142,-0.10836820083682008,0.05234567901234577,33260.0,14420.0,-0.3592904389657246,0.4778085991678225,0.9367032967032967,0.8578835919195498,0.011731581417175008,0
2022-07-16,21310.0,22190.0,21050.0,21790.0,105869375340,4858627,1872,20950.0,22190.0,45.52663463930431,-957.7821920335737,-906.5485340929295,25210.518264107835,20077.481735892165,22644.0,24807.2,1.2988600097952632,0.008178100863243998,-0.022466960352422904,0.04129516658845622,33260.0,14420.0,-0.3328322309079976,0.5388349514563107,0.9799505387740682,0.8944983714405494,-0.08111762054979721,0
2022-07-17,22200.0,22240.0,20540.0,21150.0,80932007610,3825722,1769,21790.0,20950.0,39.08922487652588,-958.9483878325264,-917.0285048408489,25078.298977698374,19903.701022301626,22491.0,24750.2,1.0053281665976623,-0.008518693800283916,-0.050747621205256,-0.055881027489860347,33260.0,14420.0,-0.37011425135297654,0.45284327323162277,0.9314837045929483,0.8464578064015644,-0.06348448687350838,0
2022-07-19,20980.0,20990.0,20400.0,20690.0,32294564950,1560659,706,21150.0,20690.0,37.87977103687875,-969.674627984612,-927.5577294696016,24910.631077764017,19730.368922235983,22320.5,24668.2,0.4192258979942091,0.031920199501246804,-0.06801801801801799,-0.012410501193317436,33260.0,14420.0,-0.3779314491882141,0.4348127600554785,0.9269505611433435,0.838731646411169,-0.029482841952634176,0
2022-07-20,20920.0,21360.0,20900.0,21220.0,26396518920,1243974,664,20690.0,21360.0,42.7919639663679,-913.580660833286,-924.7623157423385,24761.085160185445,19655.914839814555,22208.5,24583.4,0.3418663473062581,0.05481481481481487,-0.03479439674649798,0.03238279362010643,33260.0,14550.0,-0.3577871316897174,0.46804123711340206,0.9617939077380282,0.8688789996501703,-0.04962546816479396,0
2022-07-23,21700.0,21800.0,21230.0,21480.0,47542169790,2213193,851,21220.0,21560.0,44.2101634829203,-843.2668043946906,-908.4632134728089,24590.635865849315,19622.364134150685,22106.5,24509.0,0.6136926998122038,0.011731581417175008,-0.01821493624772308,0.009363295880149725,33260.0,14910.0,-0.3517739025856885,0.4460093896713615,0.9752787641643861,0.8796768534007915,-0.04452690166975881,0
2022-07-24,21550.0,21550.0,20300.0,20750.0,52322279690,2521438,943,21480.0,20390.0,38.23818643195985,-871.901055852828,-901.1507819488128,24355.417488310843,19495.582511689157,21925.5,24407.0,0.6977254697255105,-0.08111762054979721,-0.07360290776919587,-0.05426716141001853,33260.0,14910.0,-0.3869512928442574,0.3675385647216633,0.9299673895692231,0.8354160691604867,-0.013241785188818023,0
2022-07-25,20770.0,20770.0,19510.0,19630.0,56955664810,2900801,1097,20750.0,19620.0,34.897189984168406,-945.823605504047,-910.0853466598596,23994.317271405842,19364.682728594158,21679.5,24280.4,0.799365688333659,-0.06348448687350838,-0.07146237576904879,-0.037763609612555205,33260.0,14910.0,-0.4101022248947685,0.3158953722334004,0.9050024216425655,0.8080591753018895,0.022935779816513735,0
2022-07-26,19270.0,20250.0,19270.0,20080.0,33768893740,1681580,624,19630.0,20080.0,38.361997203907755,-956.2663597264655,-919.3215492731808,23741.46581743304,19265.53418256696,21503.5,24137.2,0.46578458400608397,-0.029482841952634176,0.0014962593516210099,0.023445463812436396,33260.0,14980.0,-0.3962717979555021,0.3404539385847797,0.9338014741786221,0.8319109093018245,0.009462151394422413,0
2022-07-27,20030.0,20560.0,19950.0,20190.0,27400447680,1357401,603,20080.0,20300.0,40.00649431281278,-936.0005248895977,-922.6573443964643,23435.6399857627,19249.3600142373,21342.5,23965.8,0.3925564821528205,-0.04962546816479396,0.0024691358024691024,0.010956175298804771,33260.0,15530.0,-0.3896572459410704,0.3071474565357373,0.9511538011010894,0.8470403658546762,0.04236453201970436,0
2022-07-30,20390.0,21290.0,20390.0,20850.0,50574488120,2425367,1094,20190.0,20600.0,42.26843465598385,-885.5244374830545,-915.2307630137824,22930.906684143363,19424.093315856637,21177.5,23770.6,0.7118174545802249,-0.04452690166975881,-0.033317691224777124,0.014778325123152802,33260.0,15530.0,-0.38063740228502707,0.3264649066323245,0.972730492267737,0.8666167450548157,0.06601941747572826,1
2022-07-31,20510.0,20990.0,19800.0,20040.0,28841568670,1439030,681,20850.0,20120.0,39.689963532644626,-874.1767970650144,-907.0199698240287,22712.210010788716,19384.789989211284,21048.5,23529.4,0.4952808872439986,-0.013241785188818023,-0.09328526363226675,-0.023300970873786353,33260.0,15600.0,-0.39506915213469634,0.28974358974358977,0.9558875929401145,0.8551004275502138,0.06013916500994032,1
2022-08-01,20000.0,20720.0,20000.0,20140.0,15887512280,788667,404,20040.0,20070.0,39.42020299777899,-859.3126708450109,-897.4785100282252,22594.929773782824,19302.070226217176,20948.5,23265.6,0.2878267247840402,0.022935779816513735,-0.042004773269689766,-0.00248508946322068,33260.0,15700.0,-0.39657245941070357,0.278343949044586,0.9580638231854309,0.8626469981431814,0.05580468360737423,1
2022-08-02,19840.0,20340.0,19840.0,20080.0,18590872710,925809,428,20140.0,20270.0,41.14341013392692,-821.9198349650069,-882.3667750155817,22417.98339710181,19286.01660289819,20852.0,23036.4,0.354551816279147,0.009462151394422413,-0.020299661672305458,0.00996512207274547,33260.0,15730.0,-0.39055923030667467,0.28862047043865224,0.9720890082486092,0.87991179177302,0.060680809077454434,1
2022-08-03,20740.0,21160.0,20030.0,20720.0,28736635790,1386896,625,20080.0,21160.0,48.204137383657006,-712.2596947745224,-848.3453589673699,22264.736120549485,19342.263879450515,20803.5,22882.4,0.5470511279505751,0.04236453201970436,-0.009363295880149836,0.04390725209669455,33260.0,15730.0,-0.3638003607937462,0.34520025429116336,1.0171365395245993,0.9247281753662203,-0.017485822306238186,0
2022-08-06,21300.0,21960.0,21280.0,21820.0,98969726620,4534735,1174,20720.0,21960.0,53.59328222971634,-554.4090471064846,-789.5580965951929,22264.736120549485,19342.263879450515,20803.5,22761.6,1.7105413793201003,0.06601941747572826,0.01855287569573294,0.037807183364839236,33260.0,15730.0,-0.33974744437763077,0.3960584869675779,1.055591607181484,0.9647827920708563,-0.04371584699453557,0
2022-08-09,21950.0,22230.0,21200.0,21630.0,43017862970,1988923,655,21820.0,21330.0,49.24771827655347,-474.6752456901413,-726.5815264141826,22146.05330445228,19392.94669554772,20769.5,22651.6,0.7678019792531796,0.06013916500994032,0.04610102991662579,-0.02868852459016391,33260.0,15730.0,-0.3586891160553217,0.35600762873490144,1.0269866872096103,0.9416553356054319,-0.03328645100797001,0
2022-08-10,21040.0,21450.0,21040.0,21310.0,20470019160,960804,415,21630.0,21190.0,48.31026976791938,-417.9644298147723,-664.8581070943005,22152.44021609579,19392.55978390421,20772.5,22545.4,0.4095873128726537,0.05580468360737423,0.08002038735983685,-0.006563525550867366,33260.0,15730.0,-0.36289837642814193,0.34710743801652894,1.0200986881694547,0.9398813061644503,-0.04011326097215673,0
2022-08-13,21740.0,21850.0,21250.0,21550.0,66688724930,3094444,721,21310.0,21500.0,50.554692864242554,-344.0404067806194,-600.6945670315644,22217.829195493206,19472.170804506794,20845.0,22435.8,1.340359871372503,0.060680809077454434,0.07071713147410352,0.01462954223690427,33260.0,15730.0,-0.35357787131689716,0.3668150031786395,1.0314224034540658,0.9582898760017472,-0.040000000000000036,0
2022-08-14,21840.0,21840.0,20770.0,20990.0,40304298520,1920231,808,21550.0,20790.0,45.66414887971638,-338.8402131580733,-548.3236962568662,22217.936105466575,19526.063894533425,20872.0,22340.4,0.8375024416038257,-0.017485822306238186,0.024137931034482696,-0.03302325581395349,33260.0,15730.0,-0.37492483463619963,0.32167832167832167,0.996071291682637,0.9306010635440726,-0.015873015873015928,0
2022-08-15,20800.0,21300.0,20800.0,21110.0,23912987240,1132992,538,20990.0,21000.0,47.28837948744926,-314.15242370271153,-501.4894417460353,22188.97551572197,19524.02448427803,20856.5,22257.6,0.5299147525777577,-0.04371584699453557,0.01941747572815533,0.010101010101010166,33260.0,15730.0,-0.3686109440769693,0.3350286077558805,1.0068803490518543,0.9434979512615916,0.0,0
2022-08-16,21370.0,21370.0,20250.0,20750.0,35245074620,1698565,816,21110.0,20620.0,44.68537108446347,-321.54344422967915,-465.5002422427641,21963.910620577495,19592.089379422505,20778.0,22175.0,0.8578344445908764,-0.03328645100797001,0.0248508946322068,-0.018095238095238053,33260.0,15730.0,-0.3800360793746242,0.3108709472345836,0.9923958032534411,0.9298759864712514,0.05868089233753637,1
2022-08-17,20620.0,20900.0,20200.0,20370.0,46771771800,2296536,934,20750.0,20340.0,42.815212807901744,-346.0059994091571,-441.60139367604273,21945.462854181416,19549.537145818584,20747.5,22081.0,1.2064158886132856,-0.04011326097215673,0.013452914798206317,-0.013579049466537318,33260.0,15730.0,-0.38845460012026456,0.2930705657978385,0.9803590794071575,0.9211539332457769,0.09636184857423791,1
2022-08-20,20790.0,21090.0,20200.0,20690.0,27854989980,1346105,586,20370.0,20640.0,45.44947984537988,-337.2971067502367,-420.74053629088155,21943.64089701565,19546.35910298435,20745.0,22003.8,0.7111432714862166,-0.040000000000000036,0.018253576714356123,0.014749262536873253,33260.0,15730.0,-0.3794347564642213,0.31214240305149393,0.9949385394070861,0.9380197965805906,0.054263565891472965,1
2022-08-21,20700.0,20910.0,20220.0,20470.0,28869010440,1410370,464,20690.0,20460.0,44.13575097907672,-340.98903293769035,-404.7902356202433,21870.14529012361,19529.85470987639,20700.0,21950.4,0.7418336794447132,-0.015873015873015928,-0.03308128544423439,-0.008720930232558155,33260.0,15730.0,-0.3848466626578473,0.3006993006993007,0.9884057971014493,0.9321014651213645,0.048387096774193505,0
2022-08-22,20470.0,21280.0,20200.0,20860.0,44701766000,2143351,889,20470.0,21000.0,48.90712141390773,-296.918729717745,-383.2159344397437,21783.838117712497,19560.161882287503,20672.0,21907.0,1.1294453595130638,0.0,-0.04371584699453557,0.02639296187683282,33260.0,15730.0,-0.3686109440769693,0.3350286077558805,1.0158668730650156,0.9585977084950016,0.06380952380952376,1
2022-08-23,20910.0,21970.0,20910.0,21690.0,47855469320,2206783,1048,20860.0,21830.0,55.23574859678574,-192.79619893610288,-345.13198733901555,21955.50154766657,19532.49845233343,20744.0,21876.2,1.1725923294718645,0.05868089233753637,0.02344116268166907,0.03952380952380952,33260.0,15730.0,-0.34365604329524957,0.3877940241576605,1.0523524874662553,0.9978881158519304,0.00778744846541457,0
2022-08-24,21740.0,22600.0,21690.0,22180.0,67609688220,3048700,1111,21690.0,22300.0,58.379585386545166,-71.52873238141183,-290.4113363474948,22153.720972626277,19602.279027373723,20878.0,21862.2,1.6136113919154138,0.09636184857423791,0.05238319962246352,0.02153000458085197,33260.0,15730.0,-0.3295249549007817,0.41767323585505406,1.0681099722195613,1.0200254320242244,-0.015695067264574036,0
2022-08-27,22500.0,22640.0,21750.0,22000.0,59433841630,2702016,1026,22180.0,21760.0,53.71211565737597,-18.780389839914278,-236.08514704597872,22237.720972626288,19686.279027373712,20962.0,21815.4,1.3925145058103767,0.054263565891472965,0.01209302325581385,-0.024215246636771326,33260.0,16610.0,-0.3457606734816597,0.31005418422636966,1.0380688865566263,0.9974605095483007,-0.03170955882352944,0
2022-08-28,21730.0,21960.0,21350.0,21600.0,30608725460,1416774,557,22000.0,21450.0,51.182277558133144,-1.9686640328764042,-189.26185044335827,22274.178843369322,19764.821156630678,21019.5,21741.8,0.7290351340354765,0.048387096774193505,0.031746031746031855,-0.014246323529411797,33260.0,16650.0,-0.3550811785929044,0.2882882882882883,1.0204809819453364,0.9865788481174512,-0.004195804195804231,0
2022-08-29,21450.0,22960.0,21390.0,22460.0,95454684550,4249469,1460,21600.0,22340.0,57.38766370301143,82.22250193027867,-134.9649799686309,22469.398015259616,19743.601984740384,21106.5,21697.4,2.0886427532242844,0.06380952380952376,0.06380952380952376,0.041491841491841486,33260.0,16650.0,-0.32832230907997595,0.34174174174174177,1.0584417122687324,1.0296164517407616,-0.04610564010743057,0
2022-08-30,22300.0,22750.0,21950.0,22270.0,45832894910,2058108,883,22460.0,22000.0,54.53568883177894,120.12472595348663,-83.94703878420741,22537.35414312805,19863.64585687195,21200.5,21651.2,0.9964145000428223,0.00778744846541457,0.0669253152279341,-0.015219337511190645,33260.0,16650.0,-0.338544798556825,0.3213213213213213,1.037711374731728,1.0161099615725686,-0.045454545454545414,0
2022-08-31,21660.0,22250.0,21660.0,21980.0,20727436500,942920,541,22270.0,21950.0,54.10981693180325,144.46265388103348,-38.265100251159225,22562.797677991515,20026.202322008485,21294.5,21610.0,0.4548079899902883,-0.015695067264574036,0.07915437561455252,-0.002272727272727315,33260.0,16650.0,-0.34004810583283224,0.3183183183183183,1.0307825964450914,1.015733456732994,-0.06150341685649208,0
2022-09-03,21610.0,21650.0,21020.0,21230.0,36967895050,1741553,711,21980.0,21070.0,47.133513689829805,91.68510278288886,-12.275059644349607,22518.703952027976,20150.296047972024,21334.5,21549.4,0.8238134685737025,-0.03170955882352944,0.02083333333333326,-0.04009111617312078,33260.0,16650.0,-0.3665063138905592,0.26546546546546546,0.9876022405024725,0.97775344093107,0.01186521120075934,0
2022-09-04,21100.0,21800.0,21100.0,21380.0,47091927390,2202367,688,21230.0,21360.0,49.446639857972045,72.42422824408277,4.664797933336867,22526.015552161156,20162.984447838844,21344.5,21504.6,1.0220809265025834,-0.004195804195804231,0.04398826979472137,0.013763644992880852,33260.0,16650.0,-0.3577871316897174,0.2828828828828829,1.0007261823889058,0.9932758572584471,-0.008895131086142372,0
2022-09-05,21500.0,21600.0,21200.0,21390.0,48730638340,2277887,749,21380.0,21310.0,49.04816736221282,52.51984815533797,14.235807977737089,22459.268059347367,20164.731940652633,21312.0,21458.8,1.1155477309892152,-0.04610564010743057,0.014761904761904754,-0.002340823970037431,33260.0,16650.0,-0.3592904389657246,0.2798798798798799,0.9999061561561562,0.9930657818703749,0.0,0
2022-09-06,21400.0,21400.0,20800.0,21140.0,25287425370,1195957,615,21390.0,21000.0,46.54379047430146,11.597386853271018,13.708123752843875,22450.722489392698,20140.277510607302,21295.5,21398.6,0.5972926288742637,-0.045454545454545414,-0.03802107191937698,-0.014547160957297023,33260.0,16650.0,-0.3686109440769693,0.26126126126126126,0.9861238289779531,0.9813726131616087,0.00952380952380949,0
2022-09-07,21000.0,21170.0,20520.0,20740.0,34372721190,1657541,764,21140.0,20600.0,43.460233757674146,-52.50536643870146,0.46542571453480797,22459.974874106927,20072.025125893073,21266.0,21319.8,0.8136634347641781,-0.06150341685649208,-0.07623318385650224,-0.01904761904761909,33260.0,16650.0,-0.38063740228502707,0.23723723723723725,0.9686824038371109,0.9662379572041014,0.01941747572815533,0
2022-09-10,20740.0,21510.0,20500.0,21060.0,56961073610,2704523,1220,20740.0,21320.0,49.89494317524256,-44.69407210690042,-8.566473849752239,22446.48896590034,20067.51103409966,21257.0,21274.2,1.340440556861208,0.01186521120075934,-0.020220588235294157,0.03495145631067964,33260.0,17460.0,-0.35898977751052313,0.22107674684994272,1.002963729594957,1.0021528424100554,-0.024390243902439046,0
2022-09-11,21140.0,21700.0,21000.0,21260.0,43316749130,2037365,742,21060.0,21170.0,48.652647830308254,-50.03058997108019,-16.85929707401783,22447.040562917726,20104.959437082274,21276.0,21227.2,1.0068549248549823,-0.008895131086142372,-0.013053613053613078,-0.0070356472795497504,33260.0,18060.0,-0.3634996993385448,0.17220376522702105,0.995017860500094,0.9973053440868319,-0.014170996693434135,0
2022-09-12,21470.0,21470.0,20820.0,21120.0,25399607350,1202913,593,21260.0,21310.0,49.90628828316988,-42.47338214419506,-21.98211408805328,22455.704019920333,20127.295980079667,21291.5,21175.4,0.5934478763993994,0.0,-0.04610564010743057,0.006613131790269344,33260.0,18400.0,-0.3592904389657246,0.15815217391304348,1.0008688913416153,1.0063564324640857,-0.03988737681839516,0
2022-09-13,21060.0,21600.0,21010.0,21330.0,30935294540,1450434,548,21120.0,21200.0,48.896154303849784,-44.84339444912257,-26.55437016026714,22444.55471397022,20196.44528602978,21320.5,21145.4,0.7199671435824256,0.00952380952380949,-0.036363636363636376,-0.005161895823556972,33260.0,18400.0,-0.36259771497294047,0.15217391304347827,0.9943481625665439,1.002582121879936,-0.037735849056603765,0
2022-09-14,21150.0,21300.0,20710.0,21000.0,39437100750,1877876,728,21330.0,21000.0,47.03217631943357,-62.14362181681281,-33.672220491576276,22396.29000762315,20310.70999237685,21353.5,21124.0,0.9419283399006827,0.01941747572815533,-0.0432801822323462,-0.009433962264150941,33260.0,18400.0,-0.3686109440769693,0.14130434782608695,0.9834453368300279,0.9941298996402197,-0.08952380952380956,0
2022-09-18,21040.0,21180.0,20730.0,20870.0,30385857030,1456120,638,21000.0,20800.0,45.17748020086844,-90.94415754002694,-45.12660790126641,22384.540077415684,20338.459922584316,21361.5,21096.0,0.7283690652035925,-0.024390243902439046,-0.012814428096820096,-0.00952380952380949,33260.0,18400.0,-0.3746241731809982,0.13043478260869565,0.9737143927158673,0.9859689040576413,-0.05865384615384617,0
2022-09-19,20870.0,21250.0,20850.0,21070.0,22643647510,1074435,547,20870.0,20870.0,45.98041751096959,-106.88823359052185,-57.4789330391175,22346.730014044704,20417.269985955296,21382.0,21070.8,0.5419993980895245,-0.014170996693434135,-0.02294007490636707,0.0033653846153847145,33260.0,18400.0,-0.3725195429945881,0.1342391304347826,0.9760546253858385,0.9904702241965184,-0.0292285577383804,0
2022-09-20,21180.0,21180.0,20370.0,20630.0,27742628410,1344538,788,21070.0,20460.0,42.091837569911455,-150.86848424443815,-76.15684328018163,22388.740779885695,20321.259220114305,21355.0,21040.8,0.6921995180275554,-0.03988737681839516,-0.03988737681839516,-0.01964542405366554,33260.0,18400.0,-0.3848466626578473,0.11195652173913044,0.9580894404120814,0.972396486825596,-0.07526881720430112,0
2022-09-21,20700.0,20960.0,20250.0,20360.0,22746893820,1117375,545,20630.0,20400.0,41.538209664718025,-188.3929714035512,-98.60406890485555,22372.284184307737,20194.715815692263,21283.5,21008.6,0.5918476746828579,-0.037735849056603765,-0.02857142857142858,-0.0029325513196480912,33260.0,18400.0,-0.3866506313890559,0.10869565217391304,0.9584889703291282,0.9710309111506717,-0.056372549019607865,0
2022-09-24,20550.0,20550.0,19000.0,19350.0,50169346940,2592270,1176,20360.0,19120.0,31.899014813622685,-317.75383203928504,-142.43402153174145,22471.280976996117,19777.719023003883,21124.5,20968.4,1.389866148437846,-0.08952380952380956,-0.07184466019417479,-0.06274509803921569,33260.0,18400.0,-0.42513529765484065,0.0391304347826087,0.9051101801226065,0.9118483050685793,-0.014644351464435101,0
2022-09-26,19100.0,19790.0,19030.0,19550.0,26465884450,1353819,665,19350.0,19580.0,37.51114927805655,-378.78865069076346,-189.70494736354584,22486.084577642025,19544.915422357975,21015.5,20959.0,0.753078829859418,-0.05865384615384617,-0.0816135084427767,0.024058577405857706,33260.0,18400.0,-0.41130487071557426,0.0641304347826087,0.9316932740120387,0.934204876186841,0.03166496424923393,0
2022-09-28,19750.0,20540.0,19610.0,20320.0,26107895270,1284790,664,19550.0,20260.0,44.758450162377,-368.04625902806947,-225.37320969645057,22447.595119326474,19464.404880673526,20956.0,20959.2,0.7173137596567051,-0.0292285577383804,-0.04298535663675007,0.03472931562819204,33260.0,18400.0,-0.39085989176187613,0.10108695652173913,0.966787554876885,0.9666399480896217,0.016288252714708795,0
2022-10-01,20300.0,20300.0,18910.0,19480.0,48483285900,2488772,886,20320.0,18920.0,35.918129214190046,-462.33018283618003,-272.7646043243965,22383.08009811727,19186.91990188273,20785.0,20911.4,1.4613375199488057,-0.07526881720430112,-0.11215391834819333,-0.06614017769002967,33260.0,18400.0,-0.4311485267588695,0.02826086956521739,0.9102718306471013,0.9047696471780942,0.04598308668076112,0
2022-10-02,19100.0,19470.0,18890.0,19160.0,26764502480,1397098,597,19480.0,19250.0,39.10781829714415,-504.6058475538048,-319.1328529702781,22276.682310239852,19018.317689760148,20647.5,20852.6,0.8365717777187701,-0.056372549019607865,-0.09198113207547165,0.01744186046511631,33260.0,18400.0,-0.4212266987372219,0.04619565217391304,0.9323162610485531,0.9231462743255039,0.030649350649350593,0
2022-10-03,19480.0,19480.0,18740.0,18990.0,32955344460,1735794,611,19160.0,18840.0,36.665905319631825,-564.6838658077359,-368.2430555377697,22186.586675268754,18797.413324731246,20492.0,20810.4,1.0152793400907139,-0.014644351464435101,-0.10285714285714287,-0.02129870129870126,33260.0,18400.0,-0.4335538184004811,0.02391304347826087,0.9193831739215304,0.9053165724829892,0.05414012738853513,1
2022-10-04,18850.0,20290.0,18850.0,19830.0,61380265210,3095037,890,18990.0,20200.0,48.21635616433129,-496.8283659689878,-393.9601176240134,22126.08487117594,18770.91512882406,20448.5,20800.6,1.741381691365531,0.03166496424923393,-0.028846153846153855,0.0721868365180467,33260.0,18400.0,-0.39266386049308477,0.09782608695652174,0.9878475193779495,0.9711258329086662,-0.008415841584158423,0
2022-10-08,20320.0,21110.0,20270.0,20780.0,100963946990,4857996,1254,19830.0,20590.0,50.97736864716362,-406.89225223813264,-396.54654454683725,22036.714480171115,18783.285519828885,20410.0,20785.2,2.5432842947092,0.016288252714708795,-0.013416387158600829,0.019306930693069324,33260.0,18400.0,-0.3809380637402285,0.11902173913043479,1.0088192062714356,0.9906087023458999,-0.02768334142787765,0
2022-10-09,20600.0,20600.0,19540.0,19830.0,41171030990,2076140,787,20780.0,19790.0,45.60574716789386,-395.6102001442887,-396.35927566632756,21927.102633228118,18740.897366771882,20334.0,20749.8,1.09268246060023,0.04598308668076112,-0.032746823069403685,-0.03885381253035458,33260.0,18400.0,-0.40499098015634394,0.07554347826086956,0.9732467787941379,0.953744132473566,0.0035371399696817463,0
2022-10-10,19800.0,20340.0,19610.0,19830.0,20836510890,1050616,430,19830.0,19840.0,45.988815621899725,-378.27400320302695,-392.7422211736675,21852.2664749332,18699.7335250668,20276.0,20738.8,0.5550672066998433,0.030649350649350593,-0.027450980392156876,0.002526528549772644,33260.0,18400.0,-0.40348767288033677,0.0782608695652174,0.9784967449201026,0.9566609447026829,0.005544354838709742,0
2022-10-11,19620.0,20230.0,19620.0,19960.0,20188414410,1011337,454,19830.0,19860.0,46.15217205348338,-358.7852562752196,-385.9508281939779,21817.846414315947,18660.153585684053,20239.0,20743.6,0.5435944311478695,0.05414012738853513,0.03870292887029292,0.0010080645161290036,33260.0,18400.0,-0.40288634996993383,0.07934782608695652,0.9812737783487326,0.9574037293430263,-0.00654582074521648,0
2022-10-12,19980.0,20360.0,19870.0,20090.0,21606986920,1075603,359,19960.0,20030.0,47.60282660690244,-325.86632057651514,-373.93392667048533,21674.879618629333,18674.120381370667,20174.5,20742.6,0.6046054437721878,-0.008415841584158423,0.02298263534218581,0.008559919436052388,33260.0,18400.0,-0.39777510523150933,0.08858695652173913,0.9928374928746685,0.9656455796283977,-0.036445332001996955,0
2022-10-15,20030.0,20030.0,19630.0,19890.0,35398317400,1779275,452,20090.0,20020.0,47.521726059771474,-297.159276133636,-358.57899656311554,21546.85453805563,18687.14546194437,20117.0,20737.0,1.0074531517510301,-0.02768334142787765,-0.011846001974333609,-0.0004992511233150587,33260.0,18400.0,-0.39807576668671074,0.08804347826086957,0.9951782074862057,0.9654241211361335,-0.04195804195804198,0
2022-10-16,19720.0,19900.0,19570.0,19780.0,30918856960,1563111,482,19890.0,19860.0,46.16646690932307,-284.0451042637578,-343.672218103244,21368.138545826718,18720.861454173282,20044.5,20722.2,0.8761234799103962,0.0035371399696817463,0.04968287526427062,-0.007992007992007943,33260.0,18400.0,-0.40288634996993383,0.07934782608695652,0.9907954800568735,0.9583924486782291,-0.04380664652567978,0
2022-10-17,19700.0,20090.0,19630.0,19920.0,32205779110,1616736,422,19780.0,19950.0,47.08068863151648,-263.3539997587104,-327.6085744343373,21194.907251193694,18769.092748806306,19982.0,20718.8,0.9019765214608113,0.005544354838709742,0.036363636363636376,0.004531722054380571,33260.0,18400.0,-0.40018039687312085,0.08423913043478261,0.9983985587028326,0.9628936038766724,-0.07468671679197991,0
2022-10-18,20010.0,20070.0,19710.0,19880.0,21486277870,1081035,389,19920.0,19730.0,45.06597964520707,-261.6916928130595,-314.42519811008174,21041.198089424855,18795.801910575145,19918.5,20712.0,0.6168196831115873,-0.00654582074521648,0.04723991507430991,-0.01102756892230572,33260.0,18400.0,-0.40679494888755263,0.07228260869565217,0.9905364359766047,0.9525878717651602,-0.0780537252914344,0
2022-10-19,19630.0,19880.0,18990.0,19170.0,70452250210,3675560,1299,19880.0,19300.0,41.34212460425545,-291.709068364893,-309.881972161044,20920.092309093,18766.907690907,19843.5,20692.6,1.9723252750498323,-0.036445332001996955,-0.044554455445544594,-0.021794221996958907,33260.0,18400.0,-0.4197233914612147,0.04891304347826087,0.9726106785597299,0.9327005789509294,-0.11398963730569944,0
2022-10-22,18950.0,19450.0,18950.0,19310.0,19670181980,1018863,486,19170.0,19180.0,40.34032508688762,-321.47528489850083,-312.2006347085354,20762.89043226747,18755.10956773253,19759.0,20653.0,0.5475437627037897,-0.04195804195804198,-0.06847984458474987,-0.006217616580310836,33260.0,18400.0,-0.423331328923632,0.042391304347826085,0.9706968976162761,0.9286786423279911,-0.12095933263816472,0
2022-10-23,19000.0,19480.0,18940.0,19070.0,26550990000,1392106,580,19310.0,18990.0,38.73965859404169,-356.28955386473535,-321.01841853977544,20688.584742181913,18682.415257818087,19685.5,20593.6,0.74717202564784,-0.04380664652567978,-0.04042445679636175,-0.009906152241918709,33260.0,18400.0,-0.4290438965724594,0.03206521739130435,0.9646694267354143,0.9221311475409837,-0.08109531332280151,0
2022-10-24,19250.0,19250.0,18230.0,18550.0,49386970860,2662773,889,19070.0,18460.0,34.61377153963187,-421.78461298227194,-341.1716574282748,20668.690261017993,18508.309738982007,19588.5,20536.2,1.3722546094073522,-0.07468671679197991,-0.06955645161290325,-0.027909426013691396,33260.0,18400.0,-0.4449789536981359,0.003260869565217391,0.9423896674068969,0.8989004781799943,-0.018418201516793076,0
2022-10-25,18450.0,18720.0,18000.0,18330.0,81160568980,4428786,1156,18550.0,18190.0,32.70294615023107,-489.8302050204293,-370.9033669467057,20768.95721196711,18315.04278803289,19542.0,20476.2,2.17923930933425,-0.0780537252914344,-0.08408862034239672,-0.014626218851571005,33260.0,18190.0,-0.45309681298857485,0.0,0.9308156790502508,0.8883484240239888,0.006047278724574001,0
2022-10-26,18480.0,18480.0,17050.0,17330.0,94495549490,5454200,1339,18330.0,17100.0,26.373246634496184,-624.511734907639,-421.62504053889245,21041.669917193165,17794.330082806835,19418.0,20388.2,2.4378694606766946,-0.11398963730569944,-0.146280579131303,-0.05992303463441451,33260.0,17100.0,-0.4858689116055322,0.0,0.8806262230919765,0.8387204363308188,0.07017543859649122,1
2022-10-29,17850.0,17900.0,16710.0,17080.0,48917005750,2863349,811,17330.0,16860.0,25.215959462578496,-742.0598083530895,-485.7119941017319,21168.308308579122,17327.691691420878,19248.0,20309.6,1.2362220193956128,-0.12095933263816472,-0.15784215784215783,-0.01403508771929829,33260.0,16860.0,-0.4930847865303668,0.0,0.8759351620947631,0.8301492890061843,0.14946619217081847,1
2022-10-30,17000.0,17740.0,16650.0,17400.0,46802287540,2689267,724,17080.0,17450.0,32.99956179318082,-778.6338281937897,-544.2963609201435,21245.977492032674,17103.022507967326,19174.5,20238.6,1.1560603466349324,-0.08109531332280151,-0.12134944612286003,0.034994068801897926,33260.0,16860.0,-0.47534576067348167,0.03499406880189798,0.9100628438811964,0.8622137894913681,0.13008595988538674,1
2022-10-31,17450.0,18210.0,17450.0,18040.0,30977878060,1716957,624,17400.0,18120.0,40.56480477448424,-744.9680736166301,-584.4307034594408,21239.203432016355,16996.796567983645,19118.0,20188.6,0.7330446465469691,-0.018418201516793076,-0.09172932330827066,0.03839541547277947,33260.0,16860.0,-0.45520144317498495,0.07473309608540925,0.9477978868082435,0.8975362333197944,0.14072847682119205,1
2022-11-01,18200.0,18690.0,18040.0,18300.0,34339861490,1876685,612,18040.0,18300.0,42.445032435080854,-695.7431311574146,-606.6931889990356,21239.24486499979,16942.75513500021,19091.0,20147.8,0.7988369671688875,0.006047278724574001,-0.07247845919918905,0.009933774834437026,33260.0,16860.0,-0.449789536981359,0.08540925266903915,0.9585668639673144,0.908287753501623,0.0710382513661203,1
2022-11-02,18070.0,18400.0,17870.0,18120.0,32286246760,1781632,447,18300.0,18300.0,42.445032435080854,-649.2478841462653,-615.2041280284816,21107.40143032961,16884.59856967039,18996.0,20101.0,0.7801852105228436,0.07017543859649122,-0.051813471502590636,0.0,33260.0,16860.0,-0.449789536981359,0.08540925266903915,0.9633607075173721,0.9104024675389284,0.09562841530054644,1
2022-11-05,18210.0,19380.0,18210.0,19170.0,58578521590,3055224,865,18120.0,19380.0,52.82898277971126,-519.2673016258886,-596.0167627479631,20926.65519234386,16944.34480765614,18935.5,20079.4,1.3928770844182332,0.14946619217081847,0.010427528675703845,0.05901639344262288,33260.0,16860.0,-0.4173180998196031,0.1494661921708185,1.0234744263420559,0.9651682819207744,0.03457172342621262,0
2022-11-06,19360.0,20130.0,19170.0,19730.0,42574681580,2158102,860,19170.0,19720.0,55.54799399206253,-384.390579689687,-553.6915261363079,20917.37250912717,16946.62749087283,18932.0,20053.8,0.9820442514708978,0.13008595988538674,0.038441284886782556,0.01754385964912286,33260.0,16860.0,-0.40709561034275404,0.16963226571767498,1.041622649482358,0.9833547756534922,-0.002535496957403627,0
2022-11-07,20000.0,20950.0,19730.0,20520.0,41363778680,2015760,931,19730.0,20670.0,62.118415928024184,-198.55393908793485,-482.66400872663326,21064.923199641315,16882.076800358685,18973.5,20030.6,0.8975615811797399,0.14072847682119205,0.11971830985915499,0.04817444219066935,33260.0,16860.0,-0.37853277209861697,0.22597864768683273,1.0894141829393629,1.0319211606242449,-0.03580067731011127,0
2022-11-08,20980.0,21140.0,19310.0,20110.0,105012369610,5222505,1756,20520.0,19600.0,52.67459107609601,-136.0488338975265,-413.3409737608119,21032.86555655558,16888.13444344442,18960.5,19976.6,2.1261012333838325,0.0710382513661203,0.07751511819681145,-0.05176584421867436,33260.0,16860.0,-0.4107035478051714,0.16251482799525505,1.0337280135017537,0.9811479430934194,0.023979591836734704,0
2022-11-09,19900.0,20350.0,19240.0,19870.0,65843464750,3314018,1016,20110.0,20050.0,55.72330166786953,-49.62974767828928,-340.5987285443074,21035.94715526762,16887.05284473238,18961.5,19942.4,1.2903561161068118,0.09562841530054644,0.17251461988304095,0.022959183673469497,33260.0,16860.0,-0.39717378232110645,0.18920521945432978,1.0574057959549614,1.0053955391527598,0.0029925187032417977,0
2022-11-12,20040.0,20590.0,19800.0,20200.0,58809854400,2911245,824,19870.0,20050.0,55.72330166786953,18.643094774710335,-268.75036388050387,21040.547592715488,16885.452407284512,18963.0,19914.4,1.1090897821197239,0.03457172342621262,0.18920521945432967,0.0,33260.0,16860.0,-0.39717378232110645,0.18920521945432978,1.0573221536676687,1.0068091431326074,-0.01845386533665838,0
2022-11-13,20350.0,20400.0,19670.0,19860.0,31477592390,1584595,564,20200.0,19670.0,52.41634139067376,41.60736627179358,-206.6788178500444,21016.23871345789,16890.76128654211,18953.5,19861.0,0.6034322784887977,-0.002535496957403627,0.12722063037249276,-0.01895261845386531,33260.0,16860.0,-0.40859891761876127,0.16666666666666666,1.037803044292611,0.99038316298273,0.01067615658362997,0
2022-11-14,19630.0,20040.0,19520.0,19810.0,26400657710,1333004,467,19860.0,19930.0,54.40993566245554,79.865899595472,-149.3698743609411,21013.323864379952,16891.676135620048,18952.5,19819.6,0.5103807808251167,-0.03580067731011127,0.09988962472406171,0.013218098627351349,33260.0,16860.0,-0.4007817197835237,0.18208778173190984,1.0515763091940378,1.0055702435972473,-0.00652282990466635,0
2022-11-15,20000.0,20290.0,19690.0,19910.0,29619616350,1487882,421,19810.0,20070.0,55.49127856980816,120.09847243202239,-95.47620500234842,21061.07811233478,16877.92188766522,18969.5,19782.0,0.5652777252484128,0.023979591836734704,0.09672131147540974,0.00702458605117906,33260.0,16860.0,-0.39657245941070357,0.1903914590747331,1.0580141806584253,1.0145586897179253,0.001494768310911887,0
2022-11-16,20000.0,20370.0,19730.0,20060.0,35556278990,1772737,572,19910.0,20110.0,55.81375425449432,153.44195858678722,-45.69257228452129,21156.261866594552,16863.738133405448,19010.0,19762.8,0.6987575209860367,0.0029925187032417977,0.09890710382513657,0.0019930244145491827,33260.0,16860.0,-0.39536981358989776,0.19276393831553973,1.0578642819568649,1.017568360758597,0.004972650422675251,0
2022-11-19,20190.0,20190.0,19000.0,19610.0,39485792200,2013876,583,20060.0,19680.0,51.49452680932428,143.5151519150313,-7.8510274446107715,21200.165120723577,16869.834879276423,19035.0,19729.2,0.7785396970385623,-0.01845386533665838,0.015479876160990669,-0.021382396817503757,33260.0,16860.0,-0.40829825616355986,0.16725978647686832,1.0338849487785657,0.997506234413965,0.01981707317073167,0
2022-11-20,19760.0,20300.0,19720.0,19890.0,29142215260,1465320,485,19610.0,19880.0,53.30455596784839,150.0566549281575,23.730509029942887,21275.500683059538,16883.499316940462,19079.5,19700.6,0.565674161344877,0.01067615658362997,0.008113590263691739,0.010162601626016343,33260.0,16860.0,-0.40228502705953095,0.17912218268090155,1.041956026101313,1.0091063216348741,0.041247484909456844,0
2022-11-21,19720.0,20160.0,19720.0,19910.0,18512529390,929703,422,19890.0,19800.0,52.46126345218979,147.08995039510046,48.40239730297441,21344.57438454616,16948.42561545384,19146.5,19676.6,0.3713253482332158,-0.00652282990466635,-0.0420899854862119,-0.004024144869215318,33260.0,16860.0,-0.4046903187011425,0.17437722419928825,1.0341315645157079,1.0062714086783286,0.025252525252525304,0
2022-11-22,19910.0,20190.0,19700.0,19980.0,25554937520,1279045,434,19910.0,20100.0,55.31609808619215,167.0209944174021,72.12611672585996,21431.49857273258,17052.50142726742,19242.0,19666.6,0.5451431478918769,0.001494768310911887,0.025510204081632626,0.015151515151515138,33260.0,16860.0,-0.3956704750450992,0.19217081850533807,1.0445899594636732,1.0220373628385182,0.06915422885572142,1
2022-11-23,20280.0,20500.0,20000.0,20330.0,53691003090,2641173,613,19980.0,20210.0,56.35115025326593,189.50804036744375,95.60250145417672,21389.221617093626,17405.778382906374,19397.5,19644.4,1.197482893517669,0.004972650422675251,0.007980049875311757,0.005472636815920362,33260.0,16860.0,-0.39236319903788336,0.19869513641755635,1.041886841087769,1.028791920343711,0.04849084611578425,0
2022-11-26,20330.0,20500.0,19910.0,20120.0,19933098550,990684,456,20330.0,20070.0,54.61710719626214,193.79836935545245,115.24167503443186,21190.967850264697,17925.032149735303,19558.0,19622.4,0.46908037123810475,0.01981707317073167,0.0009975062344138586,-0.006927263730826305,33260.0,16860.0,-0.39657245941070357,0.1903914590747331,1.0261785458635853,1.0228106653620352,0.07075236671649221,1
2022-11-27,19850.0,20780.0,19760.0,20300.0,58949273920,2903640,770,20120.0,20700.0,60.50661082378207,245.20762005140932,141.23486403782738,21110.844921232914,18330.155078767086,19720.5,19610.2,1.3679062364919294,0.041247484909456844,0.05236400610066094,0.03139013452914807,33260.0,16860.0,-0.3776307877330126,0.2277580071174377,1.0496691260363582,1.0555731201109626,0.01449275362318847,0
2022-11-28,20400.0,20890.0,20060.0,20380.0,64801765810,3178966,1414,20300.0,20300.0,55.57519484999871,250.78230227699896,163.14435168566172,21029.657906276585,18629.342093723415,19829.5,19592.2,1.4477551539769427,0.025252525252525304,0.018564977420973516,-0.019323671497584516,33260.0,16860.0,-0.3896572459410704,0.2040332147093713,1.0237272750195416,1.0361266218188872,0.03497536945812807,0
2022-11-29,20500.0,21590.0,20400.0,21180.0,73877448140,3488565,1407,20380.0,21490.0,64.77353603763915,347.2207877554356,199.9596388996165,21181.558593947586,18796.441406052414,19989.0,19602.0,1.532502998835258,0.06915422885572142,0.07075236671649221,0.05862068965517242,33260.0,16860.0,-0.35387853277209863,0.2746144721233689,1.0750913002151183,1.0963167023773084,0.0004653327128896212,0
2022-11-30,21610.0,21770.0,21010.0,21260.0,44449633020,2091063,742,21180.0,21190.0,61.32615945316884,394.8894497370493,238.94560106710307,21161.415852586335,19105.584147413665,20133.5,19609.8,0.9123887334338094,0.04849084611578425,0.05370462456489311,-0.013959981386691522,33260.0,16860.0,-0.36289837642814193,0.2568208778173191,1.052474731169444,1.0805821579006416,-0.006134969325153339,0
2022-12-03,21500.0,22090.0,20920.0,21650.0,70182499330,3241413,1084,21260.0,21490.0,63.42262778429126,451.66815129259703,281.4901111122019,21364.413701710764,19113.586298289236,20239.0,19622.2,1.4085966376680195,0.07075236671649221,0.09197154471544722,0.014157621519584662,33260.0,16860.0,-0.35387853277209863,0.2746144721233689,1.0618113543159247,1.095188103270785,-0.039087947882736174,0
2022-12-04,21030.0,21800.0,20920.0,21090.0,51861094180,2459371,931,21650.0,21000.0,57.901586712470426,451.917354490899,315.5755597879413,21448.479812130423,19157.520187869577,20303.0,19633.0,1.0617999327138852,0.01449275362318847,0.05633802816901401,-0.0228013029315961,33260.0,16860.0,-0.3686109440769693,0.24555160142348753,1.0343299019849284,1.069627667702338,-0.008571428571428563,0
2022-12-05,20990.0,21410.0,20710.0,21010.0,41317783710,1966456,615,21090.0,21010.0,57.98197651624473,447.7602646378218,342.01250075791745,21496.435293587518,19143.564706412482,20320.0,19645.2,0.8498951524011934,0.03497536945812807,0.061111111111111116,0.0004761904761905189,33260.0,16860.0,-0.3683102826217679,0.24614472123368922,1.0339566929133859,1.0694724411052063,0.0,0
2022-12-06,20770.0,21620.0,20770.0,21170.0,44142413760,2085432,711,21010.0,21500.0,61.82839413717852,478.48892341803,369.30778528994,21648.977309353126,19181.022690646874,20415.0,19692.8,0.9668611950042965,0.0004653327128896212,0.06965174129353224,0.023322227510709226,33260.0,16860.0,-0.35357787131689716,0.2752075919335706,1.053147195689444,1.091769580760481,0.012558139534883717,0
2022-12-07,21590.0,21700.0,21000.0,21290.0,58805157450,2762220,731,21170.0,21060.0,56.80020081358143,462.0115031071582,387.8485288533837,21718.120852452328,19212.879147547672,20465.5,19722.4,1.2972313455073323,-0.006134969325153339,0.0420583869371598,-0.020465116279069773,33260.0,16860.0,-0.3668069753457607,0.2491103202846975,1.0290488871515477,1.067821360483511,0.058879392212725534,1
2022-12-10,21200.0,21400.0,20510.0,20810.0,30756842580,1477996,576,21290.0,20650.0,52.51452509672353,411.1302022583877,392.5048635343845,21735.55604711981,19255.44395288019,20495.5,19730.2,0.7182907375162445,-0.039087947882736174,0.028898854010961594,-0.019468186134852794,33260.0,16860.0,-0.37913409500901984,0.22479240806642942,1.0075382401014856,1.0466188888100476,0.11041162227602896,1
2022-12-11,21000.0,21100.0,20450.0,20820.0,34813241380,1672176,512,20810.0,20820.0,54.06223321906916,380.14194430270436,390.0322796880485,21740.132680031355,19365.867319968645,20553.0,19768.2,0.8109343963473772,-0.008571428571428563,0.005797101449275255,0.008232445520581111,33260.0,16860.0,-0.3740228502705953,0.23487544483985764,1.0129908042621516,1.0532066652502503,0.12151777137367925,1
2022-12-12,20950.0,21200.0,20650.0,21020.0,32450562800,1543950,480,20820.0,21010.0,55.796340124072074,366.68798784964383,385.3634213203676,21773.94644264355,19440.05355735645,20607.0,19803.4,0.7449398658698125,0.0,0.03497536945812807,0.009125840537944185,33260.0,16860.0,-0.3683102826217679,0.24614472123368922,1.0195564613966128,1.060928931395619,0.08472156116135166,1
2022-12-13,21260.0,22070.0,21100.0,21820.0,64708634140,2965479,940,21020.0,21770.0,61.978985836842085,412.5951389152033,390.8097648393348,21935.26344754379,19448.73655245621,20692.0,19862.0,1.381565232947734,0.012558139534883717,0.013029315960912058,0.036173250832936654,33260.0,16860.0,-0.3454600120264582,0.2912218268090154,1.0520974289580514,1.0960628335515055,0.030316949931097792,0
2022-12-14,21150.0,22550.0,21150.0,22150.0,102425667530,4624406,1144,21820.0,22300.0,65.59315099085768,486.13954343761725,409.8757205589913,22196.896359461534,19406.103640538466,20801.5,19904.0,2.0202322652482363,0.058879392212725534,0.05238319962246352,0.02434542949012397,33260.0,16860.0,-0.3295249549007817,0.32265717674970346,1.072038074177343,1.1203778135048232,0.028699551569506765,0
2022-12-17,21860.0,23440.0,21860.0,22600.0,74142869220,3281277,1038,22150.0,22930.0,69.32572147351227,588.4761618704179,445.59580882127665,22543.891135489583,19384.108864510417,20964.0,19950.8,1.3948536117165464,0.11041162227602896,0.06700791065611922,0.028251121076233288,33260.0,16860.0,-0.3105832832230908,0.3600237247924081,1.0937798130127838,1.1493273452693626,0.05713039686000876,1
2022-12-18,23240.0,23510.0,22930.0,23310.0,70517182140,3024651,958,22600.0,23350.0,71.54217317588021,695.4524166326373,495.56713038354883,22948.365815017394,19326.634184982606,21137.5,20022.0,1.2445160399184771,0.12151777137367925,0.11190476190476195,0.01831661578717836,33260.0,16860.0,-0.2979555021046302,0.3849347568208778,1.1046717918391484,1.166217161122765,0.03554603854389726,0
2022-12-19,23580.0,23580.0,22400.0,22890.0,55417584020,2420769,713,23310.0,22790.0,64.8171011578965,726.6679733080746,541.787298968454,23124.989118574606,19449.010881425394,21287.0,20081.0,0.9663993092679471,0.08472156116135166,0.08472156116135166,-0.02398286937901495,33260.0,16860.0,-0.314792543595911,0.3517200474495848,1.0706064734344904,1.1349036402569592,0.09916630100921453,1
2022-12-20,22700.0,23000.0,22400.0,22640.0,39097176370,1727153,518,22890.0,22430.0,60.85667270148442,714.1255408081124,576.2549473363857,23221.02881682759,19585.97118317241,21403.5,20132.4,0.6833871316189103,0.030316949931097792,0.04325581395348843,-0.015796401930671333,33260.0,16860.0,-0.32561635598316296,0.330367734282325,1.0479594458850188,1.1141244958375554,0.1457868925546144,1
2022-12-21,22880.0,23400.0,22360.0,22660.0,60296387180,2660667,540,22640.0,22940.0,64.19443537523289,736.8444265610415,608.372843181317,23388.28569220203,19691.71430779797,21540.0,20190.6,1.0523472000165168,0.028699551569506765,0.0892687559354226,0.02273740526081136,33260.0,16860.0,-0.31028262176788934,0.36061684460260973,1.0649953574744662,1.1361722781888604,0.05972101133391461,1
2022-12-24,22990.0,24240.0,22990.0,24180.0,145552750290,6019807,1041,22660.0,24240.0,70.9859156454664,849.9507395975415,656.6884224645619,23814.435865412768,19682.564134587232,21748.5,20275.0,2.1655751476240224,0.05713039686000876,0.17384987893462478,0.05666957279860507,33260.0,16860.0,-0.27119663259170174,0.4377224199288256,1.1145596248017104,1.195561035758323,-0.02846534653465349,0
2022-12-25,24490.0,24940.0,23700.0,24110.0,115648923080,4796631,1183,24180.0,24180.0,70.32293101313776,924.0944237190452,710.1696227154586,24182.932480743202,19662.067519256798,21922.5,20361.4,1.6687286461447004,0.03554603854389726,0.1613832853025936,-0.0024752475247524774,33260.0,16860.0,-0.27300060132291043,0.43416370106761565,1.1029763941156345,1.1875411317492903,0.0020678246484697738,0
2022-12-26,24200.0,25450.0,23720.0,24980.0,122210089240,4892836,1393,24110.0,25050.0,74.10021864425487,1041.0549235439394,776.3466828811548,24672.70372308375,19647.29627691625,22160.0,20463.4,1.6529204143662077,0.09916630100921453,0.19228938600666345,0.03598014888337464,33260.0,16860.0,-0.24684305472038484,0.48576512455516013,1.1304151624548737,1.2241367514684753,-0.08383233532934131,0
2022-12-28,25000.0,26520.0,24790.0,26130.0,151076478990,5782680,1345,24980.0,25700.0,76.50619420780322,1172.6786208592384,855.6130704767717,25295.04765733079,19445.95234266921,22370.5,20582.8,1.8806554194777445,0.1457868925546144,0.1805236564079007,0.02594810379241519,33260.0,16860.0,-0.22730006013229104,0.5243179122182681,1.1488344024496546,1.2486153487377811,-0.0933852140077821,0
2022-12-31,25000.0,25000.0,24310.0,24350.0,226275905130,9291345,2095,26130.0,24310.0,63.023319074477556,1151.5555504269578,914.8015664668089,25514.68523522205,19538.31476477795,22526.5,20683.0,2.7050332756085935,0.05972101133391461,0.09013452914798203,-0.0540856031128405,33260.0,16860.0,-0.26909200240529163,0.44187425860023727,1.0791734179743857,1.1753614079195474,-0.025092554504319242,0
2023-01-01,23550.0,24500.0,22750.0,23530.0,87504574860,3718612,1249,24350.0,23550.0,57.098265210858216,1061.2562154680236,944.092496267052,25609.67767926664,19649.32232073336,22629.5,20770.4,1.0751486463524385,-0.02846534653465349,0.027038813781072868,-0.03126285479226654,33260.0,16860.0,-0.2919422730006013,0.39679715302491103,1.0406769924213968,1.1338250587374339,0.027600849256900206,0
2023-01-02,23530.0,24420.0,23530.0,24140.0,84856509270,3515519,880,23530.0,24230.0,60.66183398057307,1032.6597995831871,961.8059569302791,25750.458734295706,19831.541265704294,22791.0,20875.2,1.0011436413084756,0.0020678246484697738,0.03768736616702362,0.028874734607218677,33260.0,16860.0,-0.2714972940469032,0.43712930011862394,1.0631389583607564,1.1607074423239059,0.00907965332232763,0
2023-01-03,23830.0,24560.0,22800.0,23510.0,81116080970,3449578,1156,24140.0,22950.0,51.919514843312754,896.3787352906984,948.720512602363,25732.542845520027,20043.457154479973,22888.0,20965.0,0.9620484846970397,-0.08383233532934131,0.007020623080298272,-0.05282707387536112,33260.0,16860.0,-0.30998196031268793,0.3612099644128114,1.0027088430618665,1.0946816122108276,0.07625272331154687,1
2023-01-04,23400.0,23400.0,22750.0,23050.0,63680776260,2762145,829,23510.0,23300.0,53.87688303774256,807.3109073089436,920.4385915436792,25754.26799859077,20201.73200140923,22978.0,21067.2,0.7631299710234427,-0.0933852140077821,0.038787338386090164,0.015250544662309462,33260.0,16860.0,-0.2994588093806374,0.3819691577698695,1.0140134041256854,1.1059846586162376,0.04248927038626604,0
2023-01-07,23600.0,24000.0,23250.0,23710.0,81667887470,3445166,996,23050.0,23700.0,56.07761055882671,760.2371286074667,888.3982989564367,25756.97563267954,20463.02436732046,23110.0,21199.2,0.9429401836739814,-0.025092554504319242,0.033129904097646046,0.01716738197424883,33260.0,16860.0,-0.28743235117257965,0.40569395017793597,1.025530073561229,1.1179667157251216,0.05907172995780585,1
2023-01-08,23800.0,24770.0,23800.0,24270.0,110776922000,4564639,1199,23710.0,24200.0,58.72850550728603,754.5783318629183,861.6343055377331,25718.087377569318,20856.912622430682,23287.5,21346.0,1.1987053063882285,0.027600849256900206,-0.0016501650165016146,0.021097046413502074,33260.0,16860.0,-0.2723992784125075,0.43534994068801897,1.0391841116478797,1.1337018645179424,0.09173553719008254,1
2023-01-09,24230.0,25000.0,23910.0,24290.0,113626007670,4677197,1483,24270.0,24450.0,60.02754417356814,761.4886383238809,841.6051720949627,25666.397551650443,21271.602448349557,23469.0,21486.0,1.1816398982943201,0.00907965332232763,0.011166253101736912,0.010330578512396604,33260.0,16860.0,-0.2648827420324714,0.4501779359430605,1.0417998210405215,1.137950293214186,0.11083844580777091,1
2023-01-10,25000.0,25450.0,24220.0,24770.0,98959255640,3995571,1450,24290.0,24700.0,61.33805398314987,778.1677828351894,828.9176942430081,25599.298293760025,21707.701706239975,23653.5,21617.6,0.9791130988228209,0.07625272331154687,-0.013972055888223589,0.010224948875255713,33260.0,16860.0,-0.25736620565243534,0.465005931198102,1.044242923880187,1.142587521278958,0.10647773279352224,1
2023-01-11,24880.0,25140.0,24000.0,24520.0,85097410790,3469940,1249,24770.0,24290.0,57.98074167413602,749.6609270211411,813.0663407986348,25538.516486562723,22020.483513437277,23779.5,21737.4,0.8450840507244778,0.04248927038626604,-0.05486381322957201,-0.016599190283400844,33260.0,16860.0,-0.2696933253156945,0.44068801897983395,1.021468071237831,1.1174289473442085,0.07163441745574306,1
2023-01-14,23860.0,25120.0,23850.0,24700.0,69113486490,2798418,1023,24520.0,25100.0,62.3635840723692,783.3987359757011,807.1328198340482,25630.25977273243,22208.74022726757,23919.5,21873.4,0.6970376501403874,0.05907172995780585,0.03249691484985595,0.03334705640181146,33260.0,16860.0,-0.24533974744437764,0.4887307236061684,1.0493530383160183,1.1475125037717044,0.035458167330677304,0
2023-01-16,25100.0,26420.0,25100.0,26310.0,191143905690,7265633,1666,24700.0,26420.0,68.1870893472456,906.2030166554832,826.9468591983352,26058.580362316483,22129.419637683517,24094.0,22014.2,1.724186738571053,0.09173553719008254,0.12186836518046706,0.052589641434263035,33260.0,16860.0,-0.20565243535778713,0.5670225385527876,1.0965385573171744,1.2001344586675873,-0.03292959878879642,0
2023-01-17,27430.0,27800.0,26750.0,27210.0,205782547270,7563411,2467,26310.0,27160.0,70.90501071108108,1051.1214358016878,871.7817745190058,26626.246997435806,21942.753002564194,24284.5,22163.0,1.7031311444314654,0.11083844580777091,0.12092447379281879,0.028009084027251996,33260.0,16860.0,-0.18340348767288034,0.6109134045077106,1.1184088616195516,1.2254658665343139,-0.04455081001472749,0
2023-01-18,27070.0,28080.0,26570.0,27560.0,90431125570,3281326,1520,27210.0,27330.0,71.50725088208205,1166.2441694825939,930.6742535117235,27097.224463279043,21925.775536720957,24511.5,22296.2,0.7317995437780169,0.10647773279352224,0.19084967320261437,0.006259204712812938,33260.0,16860.0,-0.1782922429344558,0.6209964412811388,1.1149868429104706,1.225769413622052,-0.09257226491035497,0
2023-01-21,28070.0,28070.0,25690.0,26110.0,127281559770,4875342,1734,27560.0,26030.0,61.09312190859374,1139.4458078994576,972.4285643892703,27171.623182424566,22211.376817575434,24691.5,22424.8,1.0504207189279633,0.07163441745574306,0.11716738197424892,-0.047566776436150704,33260.0,16860.0,-0.21737823211064342,0.5438908659549229,1.0542089382986048,1.160768434947023,-0.07913945447560511,0
2023-01-22,26060.0,27350.0,25120.0,25520.0,88384586630,3463207,1211,26110.0,25990.0,60.79971136899976,1102.2739199593998,998.3976355032962,27248.507433966424,22439.492566033576,24844.0,22543.6,0.7397722690692327,0.035458167330677304,0.09662447257383966,-0.00153668843641952,33260.0,16860.0,-0.21858087793144917,0.5415183867141162,1.0461278377072936,1.1528770915026882,-0.12812620238553285,0
2023-01-23,26000.0,26520.0,25000.0,25640.0,85412920710,3331071,1021,25520.0,25550.0,57.52682330286423,1025.4894046791887,1003.8159893384748,27315.99516932817,22503.00483067183,24909.5,22653.6,0.732584389707147,-0.03292959878879642,0.05578512396694224,-0.016929588303193577,33260.0,16860.0,-0.2318099819603127,0.5154211150652431,1.0257130813545032,1.1278560581982555,-0.11741682974559686,0
2023-01-24,25220.0,26500.0,25220.0,25780.0,55261376770,2143558,837,25640.0,25950.0,59.6531559293652,985.5529393778379,1000.1633793463475,27420.804985961488,22575.195014038512,24998.0,22779.2,0.4855875247320693,-0.04455081001472749,0.06134969325153383,0.015655577299412915,33260.0,16860.0,-0.21978352375225496,0.5391459074733096,1.0380830466437314,1.139197162323523,-0.11791907514450872,0
2023-01-25,26000.0,26000.0,24350.0,24700.0,106402705050,4308430,1339,25780.0,24800.0,51.64763766047637,851.2944216701944,970.3895878111168,27409.682130121382,22561.317869878618,24985.5,22876.6,0.9825069643168013,-0.09257226491035497,0.004048582995951344,-0.044315992292870865,33260.0,16860.0,-0.25435959110042095,0.4709371293001186,0.9925756939024635,1.08407717930112,-0.08508064516129032,0
2023-01-28,24990.0,24990.0,23110.0,23740.0,65149232140,2744551,1022,24700.0,23970.0,46.76919852433818,670.1939371793633,910.3504576847662,27338.441739414946,22459.558260585054,24899.0,22954.6,0.6483345075540905,-0.07913945447560511,-0.01317414573898723,-0.03346774193548385,33260.0,16860.0,-0.2793144918821407,0.42170818505338076,0.9626892646291015,1.0442351424115428,-0.07843137254901966,0
2023-01-29,23750.0,23750.0,22080.0,22230.0,122608286610,5515912,1522,23740.0,22660.0,40.29919282366257,416.1671309580088,811.5137923394147,27435.066592622727,22197.933407377273,24816.5,23005.6,1.3638187117775118,-0.12812620238553285,-0.09721115537848601,-0.05465164789319987,33260.0,16860.0,-0.31870114251352977,0.34400948991696323,0.9131021699272661,0.9849775706784436,0.00838481906443067,0
2023-01-30,22090.0,23200.0,21520.0,22140.0,74838817280,3381005,919,22230.0,22550.0,39.80128618678441,203.62570578790837,689.9361750291135,27514.861511882995,22018.138488117005,24766.5,23063.0,0.8394629535627335,-0.11741682974559686,-0.1464799394398183,-0.004854368932038833,33260.0,16860.0,-0.32200841852074563,0.337485172004745,0.9105041083721963,0.9777565798031479,0.04789356984478932,0
2023-01-31,22700.0,23120.0,22230.0,22630.0,51181964990,2261866,733,22140.0,22890.0,42.17925506070187,61.90663244052848,564.3302665113966,27559.957830487936,21839.042169512064,24699.5,23123.2,0.5704726398656934,-0.11791907514450872,-0.15721649484536082,0.015077605321507814,33260.0,16860.0,-0.31178592904389657,0.35765124555160144,0.9267394076803174,0.9899148906725712,0.002184359982525086,0
2023-02-01,22990.0,22990.0,21840.0,22440.0,49869594930,2222220,646,22630.0,22690.0,41.1495339044082,-65.78673422697102,438.30686636372315,27580.806652723542,21792.193347276458,24686.5,23181.0,0.5692846660038821,-0.08508064516129032,-0.16977680204903034,-0.008737439930100455,33260.0,16860.0,-0.3177991581479254,0.3457888493475682,0.9191258380086282,0.9788188602734998,0.009255178492728167,0
2023-02-05,22410.0,23830.0,21840.0,22680.0,39274591880,1731624,729,22440.0,22090.0,38.141232212140785,-212.9449362117375,308.05650584863105,27679.89194307849,21572.10805692151,24626.0,23220.8,0.44953843315363856,-0.07843137254901966,-0.15136381098732232,-0.026443367122080175,33260.0,16860.0,-0.335838845460012,0.31020166073546857,0.8970194103792739,0.9513022807138428,0.04753282028066996,0
2023-02-06,22020.0,23270.0,21950.0,22810.0,28963159500,1269893,571,22680.0,22850.0,43.75068774585779,-265.18632026006526,193.4079406268918,27710.53869499559,21456.46130500441,24583.5,23273.6,0.3392496239955929,0.00838481906443067,-0.12081569834551753,0.03440470801267548,33260.0,16860.0,-0.31298857486470233,0.3552787663107948,0.929485223828991,0.9817991200329989,0.005251641137855589,0
2023-02-07,23110.0,23900.0,23040.0,23450.0,28548055030,1217230,467,22810.0,23630.0,48.87481633743898,-240.87189100721298,106.55197430007084,27705.799898438443,21404.200101561557,24555.0,23344.8,0.3404010534218908,0.04789356984478932,-0.07514677103718204,0.03413566739606133,33260.0,16860.0,-0.28953698135898975,0.4015421115065243,0.9623294644675219,1.0122168534320277,-0.03385526872619549,0
2023-02-08,23880.0,23880.0,22920.0,23100.0,50697537850,2194522,539,23450.0,22940.0,44.97194987114202,-274.1198807264118,30.417603294774324,27708.149717761233,21250.850282238767,24479.5,23389.6,0.635773327425196,0.002184359982525086,-0.11599229287090562,-0.029200169276343613,33260.0,16860.0,-0.31028262176788934,0.36061684460260973,0.9371106435997467,0.9807777815781373,0.01482127288578905,0
2023-02-12,22830.0,23310.0,22830.0,22960.0,17769204100,774002,323,23100.0,22900.0,44.74886191097006,-300.23588542690777,-35.71309444956209,27688.13896175372,21090.86103824628,24389.5,23441.6,0.235211920606579,0.009255178492728167,-0.0766129032258065,-0.0017436791630339732,33260.0,16860.0,-0.3114852675886951,0.3582443653618031,0.9389286373234383,0.9768957750324211,0.0834061135371178,1
2023-02-13,23100.0,23390.0,22640.0,23070.0,41732654940,1808699,445,22960.0,23140.0,46.46483125273304,-298.1303519537687,-88.19654595040342,27675.361183001267,20988.638816998733,24332.0,23474.6,0.5638799275220445,0.04753282028066996,-0.03462661660408839,0.010480349344978102,33260.0,16860.0,-0.3042693926638605,0.37247924080664296,0.9510110143021535,0.985746295996524,0.05142610198789965,1
2023-02-14,22900.0,23070.0,22600.0,22840.0,29612044030,1296324,387,23070.0,22970.0,45.38949083361616,-306.64447413915696,-131.88613158815411,27599.77607050751,20851.22392949249,24225.5,23510.2,0.4138316361804421,0.005251641137855589,0.013680494263018428,-0.0073465859982714266,33260.0,16860.0,-0.30938063740228505,0.3623962040332147,0.9481744442839157,0.9770227390664478,0.06617326948193303,1
2023-02-15,22830.0,23190.0,22760.0,22970.0,31129633150,1355471,404,22840.0,22830.0,44.47660383627744,-320.98864993523966,-169.70663525757124,27314.512811662138,20777.487188337862,24046.0,23537.0,0.477786051041825,-0.03385526872619549,0.012416851441241716,-0.006094906399651712,33260.0,16860.0,-0.3135898977751052,0.3540925266903915,0.9494302586708808,0.9699621871946297,0.13666228646517742,1
2023-02-19,23000.0,23470.0,22660.0,23190.0,39315364350,1695370,586,22970.0,23280.0,48.090515928420636,-292.67153809530646,-194.29961582511828,26803.36985144178,20900.63014855822,23852.0,23582.6,0.6665287639830166,0.01482127288578905,0.017038007863696025,0.019710906701708275,33260.0,16860.0,-0.3000601322910403,0.3807829181494662,0.9760187824920342,0.9871685055931069,0.07001718213058417,1
2023-02-20,23280.0,24810.0,23280.0,24630.0,88419479490,3589883,864,23190.0,24810.0,58.0808057681961,-145.099196476036,-184.45953195530183,26258.061610624718,21193.938389375282,23726.0,23658.6,1.4028410998163743,0.0834061135371178,0.09343323049801677,0.06572164948453607,33260.0,16860.0,-0.2540589296452195,0.47153024911032027,1.0456882744668297,1.0486672922320002,0.0032245062474809405,0
2023-02-21,25800.0,25800.0,24020.0,24890.0,108264017170,4349268,1062,24630.0,24330.0,54.534798829048,-66.116886700529,-160.79100290434727,25963.437512614582,21318.562487385418,23641.0,23715.2,1.7172420336467888,0.05142610198789965,0.10140334993209588,-0.019347037484885088,33260.0,16860.0,-0.26849067949488875,0.4430604982206406,1.0291442832367497,1.0259243017136688,0.02383888203863549,0
2023-02-22,24120.0,24800.0,23810.0,24260.0,38819542860,1600281,631,24890.0,24490.0,55.50986502484412,9.280841889409203,-126.77663394559598,25666.43233644871,21465.56766355129,23566.0,23783.8,0.6559714276227794,0.06617326948193303,0.07177242888402624,0.006576243321002817,33260.0,16860.0,-0.26368009621166566,0.4525504151838671,1.0392090299584147,1.0296924797551275,-0.0016333197223356022,0
2023-02-25,24880.0,25950.0,24810.0,25910.0,122654891450,4734192,800,24260.0,25950.0,63.25414280986476,184.71460825600298,-64.47838550527618,25767.66358543186,21404.33641456814,23586.0,23889.8,1.886346420084623,0.13666228646517742,0.09818027930596696,0.05961616986525109,33260.0,16860.0,-0.21978352375225496,0.5391459074733096,1.100228949376749,1.0862376411690344,-0.06820809248554915,0
2023-02-26,26140.0,26140.0,24600.0,25040.0,81486533900,3254331,1109,25910.0,24910.0,55.80274228692983,237.0947430645174,-4.163759791317467,25529.42877597758,21538.57122402242,23534.0,23971.6,1.2686195521324068,0.07001718213058417,0.08587619877942454,-0.04007707129094418,33260.0,16860.0,-0.251052315093205,0.4774614472123369,1.0584685986232685,1.0391463231490599,-0.027699718988358102,0
2023-02-27,24610.0,25380.0,24430.0,24870.0,50235758240,2019855,696,25040.0,24890.0,55.66693359325135,273.83593423284765,51.436179013515556,25545.699790753122,21531.300209246878,23538.5,24049.2,0.8241531081197782,0.0032245062474809405,0.08689956331877724,-0.0008028904054596664,33260.0,16860.0,-0.25165363800360796,0.4762752075919336,1.0574165728487372,1.0349616619263842,-0.002008838891120912,0
2023-02-28,24880.0,25300.0,24800.0,25070.0,47613209670,1898872,741,24870.0,24910.0,55.78282406081468,301.09657193757084,101.36825759832662,25673.31680230795,21497.68319769205,23585.5,24112.0,0.7883909802656462,0.02383888203863549,0.07649092480553166,0.0008035355564484092,33260.0,16860.0,-0.251052315093205,0.4774614472123369,1.056157384833902,1.0330955540809554,0.0036130068245685543,0
2023-03-01,24560.0,25100.0,24430.0,24730.0,53329167230,2156736,836,25070.0,24450.0,52.3905904266973,282.32816476107473,137.56023903087623,25749.8734901192,21600.1265098808,23675.0,24155.0,0.9625783869924521,-0.0016333197223356022,0.06443186765346098,-0.018466479325572105,33260.0,16860.0,-0.2648827420324714,0.4501779359430605,1.0327349524815206,1.0122127923825295,0.04049079754601226,0
2023-03-04,25400.0,25400.0,24120.0,24440.0,47515416210,1943877,741,24730.0,24180.0,50.451276854830404,242.86769572238336,158.62173036917767,25775.5123823294,21737.4876176706,23756.5,24180.0,0.8963221629954327,-0.06820809248554915,0.059132720105124825,-0.011042944785276121,33260.0,16860.0,-0.27300060132291043,0.43416370106761565,1.017826700061036,1.0,0.01033912324234909,0
2023-03-05,24120.0,25250.0,24120.0,24500.0,45185094530,1844487,610,24440.0,24220.0,50.74218161487814,212.37453398868092,169.37229109307833,25810.84405827003,21835.15594172997,23823.0,24197.4,0.8587569511441137,-0.027699718988358102,0.04037800687285231,0.0016542597187758634,33260.0,16860.0,-0.2717979555021046,0.4365361803084223,1.0166645678545942,1.0009339846429781,-0.00867052023121384,0
2023-03-06,24750.0,25100.0,24240.0,24620.0,47901930580,1945452,565,24500.0,24840.0,55.13867881968642,235.52234705784576,182.60230228603183,25894.022090530052,21966.977909469948,23930.5,24238.4,0.9116378539276452,-0.002008838891120912,0.0012091898428052694,0.025598678777869477,33260.0,16860.0,-0.25315694527961513,0.47330960854092524,1.0380058920624309,1.0248201201399432,-0.03864734299516903,0
2023-03-07,24790.0,25590.0,24790.0,25200.0,52092776900,2066847,580,24620.0,25000.0,56.22454247847099,263.73761545040907,198.8293649189073,25898.63984374301,22253.36015625699,24076.0,24289.8,0.9609757317765149,0.0036130068245685543,0.0275380189066996,0.006441223832528209,33260.0,16860.0,-0.24834636199639207,0.48279952550415184,1.0383784681840837,1.0292386104455369,-0.016000000000000014,0
2023-03-11,24920.0,26800.0,24920.0,25640.0,61684868050,2405486,766,25200.0,25440.0,59.15263416305446,317.9377531887367,222.6510425728732,26029.347307205182,22381.652692794818,24205.5,24339.8,1.0896586354363988,0.04049079754601226,0.038791343405471634,0.01760000000000006,33260.0,16860.0,-0.23511725796752855,0.5088967971530249,1.0510008056020326,1.0452016861272484,0.03144654088050314,0
2023-03-12,25000.0,25410.0,24210.0,24520.0,42572793390,1736591,639,25640.0,24430.0,50.75949123932258,276.20922573940334,233.36267920617922,26052.115343674355,22438.884656325645,24245.5,24343.6,0.7775105323315279,0.01033912324234909,-0.05857418111753376,-0.03970125786163525,33260.0,16860.0,-0.2654840649428743,0.4489916963226572,1.007609659524448,1.0035491874661102,0.09701187065083916,1
2023-03-13,24300.0,24790.0,23960.0,24120.0,56349996410,2335826,803,24520.0,24010.0,47.72681806046688,206.86397801426938,228.06293896779727,26008.571876230897,22589.428123769103,24299.0,24340.2,1.0425037127456243,-0.00867052023121384,-0.03613006824568443,-0.017191977077363862,33260.0,16860.0,-0.27811184606133493,0.42408066429418745,0.9881065064405943,0.9864339652098175,0.11120366513952518,1
2023-03-14,23930.0,24430.0,23800.0,24030.0,56601840630,2355330,1095,24120.0,23880.0,46.79488339939419,139.80586110124568,210.41152339448695,25946.969668255042,22749.030331744958,24348.0,24316.8,1.0153777350626854,-0.03864734299516903,-0.04057854560064278,-0.005414410662224034,33260.0,16860.0,-0.2820204449789537,0.41637010676156583,0.9807787087235091,0.9820371101460719,0.08040201005025116,1
2023-03-15,24300.0,25080.0,24160.0,24530.0,60574298720,2469042,941,24030.0,24600.0,52.34503637476686,143.11011866396439,196.95124244838246,25923.077228373983,22918.922771626017,24421.0,24294.8,1.0494611019651432,-0.016000000000000014,-0.012444801284624663,0.03015075376884413,33260.0,16860.0,-0.2603728202044498,0.45907473309608543,1.0073297571762008,1.0125623590233301,0.15609756097560967,1
2023-03-18,25770.0,26240.0,25380.0,26180.0,131808701160,5034731,691,24530.0,26240.0,62.05472483647414,274.8942507297543,212.53984410465682,26130.45569147363,23038.54430852637,24584.5,24333.4,1.9824925724418259,0.03144654088050314,0.07321063394683036,0.06666666666666665,33260.0,16860.0,-0.2110643415514131,0.5563463819691578,1.0673391771237974,1.0783532099912054,0.14557926829268286,1
2023-03-19,27800.0,27800.0,26280.0,27040.0,53321994220,1972292,850,26180.0,26800.0,64.69960262725357,419.6835935080235,253.9685939853302,26394.95657509741,23171.04342490259,24783.0,24398.4,0.7672981888744268,0.09701187065083916,0.10835401157981805,0.021341463414634054,33260.0,16860.0,-0.19422730006013228,0.5895610913404508,1.0813864342492838,1.0984326841104335,0.12126865671641784,1
2023-03-25,26240.0,27100.0,26040.0,26670.0,62879105660,2357828,1020,27040.0,26680.0,63.6753730715772,518.7671686931862,306.9283089269014,26611.530675025286,23294.469324974714,24953.0,24447.4,0.9056168027754763,0.11120366513952518,0.10156895127993404,-0.004477611940298498,33260.0,16860.0,-0.1978352375225496,0.5824436536180309,1.0692101150162305,1.09132259463174,0.08695652173913038,1
2023-03-26,26980.0,26980.0,25620.0,26300.0,46445079920,1765771,886,26670.0,25800.0,56.599292019543974,520.285443625231,349.59973586656736,26699.649080075127,23305.350919924873,25002.5,24504.4,0.702835059419853,0.08040201005025116,0.03864734299516903,-0.032983508245877036,33260.0,16860.0,-0.2242934455802766,0.5302491103202847,1.031896810318968,1.0528721372488206,0.20155038759689914,1
2023-03-28,27040.0,28440.0,26790.0,28100.0,121608256720,4328116,1027,26580.0,28440.0,68.06486950935346,726.1440870207007,424.908606097394,27440.537569672662,22975.462430327338,25208.0,24607.2,1.7234583330769917,0.15609756097560967,0.13759999999999994,0.10232558139534875,33260.0,16860.0,-0.1449188214070956,0.6868327402135231,1.1282132656299588,1.1557592899639129,0.1142756680731365,1
2023-03-29,29900.0,30060.0,28820.0,29940.0,404138450650,13497584,3369,28100.0,30060.0,72.81145081589949,1008.3849718801648,541.6038792539482,28532.686304217128,22440.313695782872,25486.5,24734.4,4.345421358053312,0.14557926829268286,0.18160377358490565,0.05696202531645578,33260.0,16860.0,-0.09621166566446182,0.7829181494661922,1.1794479430286622,1.215311469047157,0.048902195608782506,0
2023-04-03,30400.0,31020.0,29000.0,30060.0,142547227540,4741686,1916,29940.0,30050.0,72.73957998144331,1217.2245828455016,676.7280199722588,29329.25906293972,22053.74093706028,25691.5,24851.4,1.5263574842340522,0.12126865671641784,0.23004502660663118,-0.0003326679973386648,33260.0,16860.0,-0.09651232711966326,0.7823250296559905,1.1696475488001867,1.209187409964831,0.001996672212978279,0
2023-04-04,30200.0,30980.0,28280.0,29590.0,141014981380,4764844,2128,30060.0,29000.0,65.43587989180423,1283.2131716890472,798.0250503156166,29786.12801845905,22005.87198154095,25896.0,24942.4,1.4974073499149994,0.08695652173913038,0.20783007080383165,-0.03494176372712143,33260.0,16860.0,-0.1280817799158148,0.7200474495848161,1.1198640716713006,1.1626788119828084,0.07896551724137924,1
2023-04-05,29000.0,31200.0,28600.0,30170.0,136835128370,4534727,1688,29590.0,31000.0,71.33908162448934,1479.8342806497858,934.3868963824505,30647.56916275492,21755.43083724508,26201.5,25068.4,1.3709167518502634,0.20155038759689914,0.2981574539363485,0.06896551724137923,33260.0,16860.0,-0.06794948887552615,0.8386714116251482,1.1831383699406524,1.2366166169360628,0.06419354838709679,1
2023-04-08,31500.0,32280.0,31000.0,32190.0,274516087870,8528575,2414,30170.0,31690.0,73.04924215713106,1672.0606847569215,1081.9216540573448,31540.39789895757,21540.60210104243,26540.5,25216.4,2.343471314223423,0.1142756680731365,0.28821138211382125,0.022258064516128995,33260.0,16860.0,-0.04720384846662658,0.8795966785290629,1.1940242271245831,1.2567218159610412,0.034711265383401635,0
2023-04-09,32000.0,32900.0,30810.0,31510.0,243836046850,7738507,3866,32190.0,31530.0,71.9767488797913,1790.8470619376458,1223.706735633405,32242.64911908788,21546.35088091212,26894.5,25345.0,1.9749251217968282,0.048902195608782506,0.20160060975609762,-0.005048911328494832,33260.0,16860.0,-0.05201443174984967,0.8701067615658363,1.1723586606927068,1.2440323535214046,0.062480177608626786,1
2023-04-10,30900.0,32300.0,29340.0,30840.0,249042335630,8076130,3350,31510.0,30110.0,63.119560614825716,1750.2284450628576,1329.0110775192957,32561.776107789316,21820.223892210684,27191.0,25418.8,1.9115134071477429,0.001996672212978279,0.1235074626865671,-0.045036473200126825,33260.0,16860.0,-0.0947083583884546,0.7858837485172004,1.1073516972527675,1.1845563126504792,0.0016605778811025207,0
2023-04-11,30000.0,31450.0,29500.0,30840.0,161723765560,5244787,1856,30840.0,31290.0,66.7780903484333,1792.5901732086713,1421.726896657171,33016.28024047025,22072.71975952975,27544.5,25501.4,1.1933510649674417,0.07896551724137924,0.1727886056971515,0.039189637994021975,33260.0,16860.0,-0.059230306674684305,0.8558718861209964,1.1359799597015738,1.226991459292431,-0.04058804729945664,0
2023-04-15,31880.0,32990.0,31310.0,32670.0,314689111060,9632011,3021,30840.0,32990.0,71.20922949227796,1940.9637189273708,1525.5742611112112,33760.957221395314,22143.042778604686,27952.0,25614.6,2.0153452083940833,0.06419354838709679,0.27868217054263567,0.054330457015020706,33260.0,16860.0,-0.008117859290438966,0.9567022538552787,1.1802375500858615,1.287937348231087,-0.04486207941800546,0
2023-04-16,34000.0,34000.0,32600.0,33110.0,249931381300,7548232,3292,32670.0,32790.0,70.02587437584592,2019.1371382918514,1624.2868365473391,34347.79095199366,22335.209048006338,28341.5,25749.8,1.4936923319501338,0.034711265383401635,0.15295358649789037,-0.006062443164595366,33260.0,16860.0,-0.01413108839446783,0.9448398576512456,1.1569606407564879,1.2734079487996024,-0.008844159804818563,0
2023-04-17,33110.0,34100.0,32350.0,33510.0,465139710510,13882272,3146,33110.0,33500.0,71.81643011553236,2114.0121860755135,1722.2319064529743,34994.63431855677,22494.365681443232,28744.5,25900.0,2.466975264143953,0.062480177608626786,0.11443779108449759,0.021652942970417755,33500.0,16860.0,0.0,0.9869513641755635,1.1654403451094992,1.2934362934362935,-0.014626865671641842,0
2023-04-25,32430.0,32430.0,30160.0,30770.0,157787635240,5128797,974,32330.0,30160.0,55.13180848646222,1897.8144350675502,1757.3484121758897,34981.93236392426,23080.067636075742,29031.0,25992.2,0.8847551872270588,0.0016605778811025207,0.003660565723793585,-0.09970149253731342,33500.0,16860.0,-0.09970149253731343,0.7888493475682088,1.0388894629878407,1.1603481044313293,0.17473474801061006,1
2023-04-26,29690.0,31490.0,29010.0,30150.0,441852567030,14656944,4385,30770.0,30020.0,54.559631703897495,1695.6331266132474,1745.0053550633613,34827.492267098016,23835.50773290198,29331.5,26073.6,2.285537036125392,-0.04058804729945664,0.03517241379310354,-0.004641909814323553,33500.0,16860.0,-0.10388059701492537,0.7805456702253856,1.0234730579752143,1.1513561610211096,0.18920719520319795,1
2023-04-29,32000.0,32200.0,31070.0,31660.0,276411863030,8731617,3002,30150.0,31510.0,59.39023511440695,1636.7659119939162,1723.3574664494724,34675.77785116374,24750.222148836263,29713.0,26207.8,1.2970846928505906,-0.04486207941800546,0.01645161290322572,0.049633577614923485,33500.0,16860.0,-0.059402985074626866,0.868920521945433,1.060478578400027,1.2023138149711154,0.04569977784830215,0
2023-04-30,32000.0,32900.0,31670.0,32380.0,217348858660,6711767,2572,31660.0,32500.0,62.2609134676173,1650.9666308876695,1708.879299337112,34616.87835276152,25599.121647238477,30108.0,26378.4,0.9665756697401585,-0.008844159804818563,0.025560113600504808,0.03141859727070773,33500.0,16860.0,-0.029850746268656716,0.9276393831553974,1.079447322970639,1.2320686622388013,-0.04461538461538461,0
2023-05-01,34300.0,34300.0,32380.0,33120.0,318137990830,9606222,2710,32380.0,33010.0,63.68507381603208,1683.9618763926046,1703.8958147482106,34755.06020034554,26137.93979965446,30446.5,26585.4,1.3393249847929967,-0.014626865671641842,0.04693942277196328,0.015692307692307672,33500.0,16860.0,-0.014626865671641792,0.9578884934756821,1.0841968699193667,1.2416589556673963,-0.13238412602241745,0
2023-05-02,33100.0,35430.0,33100.0,34880.0,421686253680,12090484,3335,33120.0,35430.0,69.55591469324148,1883.6708365301674,1739.850819104602,35364.266153495766,26391.73384650423,30878.0,26843.0,1.5746210832241774,0.17473474801061006,0.17668548654931926,0.07331111784307787,35430.0,16860.0,0.0,1.101423487544484,1.1474188742794222,1.3198971798979249,-0.22382162009596385,0
2023-05-03,36350.0,36450.0,34800.0,35430.0,177727825950,5016977,2020,34880.0,35700.0,70.13600568260406,2040.2100977601076,1799.9226748357032,35849.9153940327,26808.0846059673,31329.0,27099.2,0.6422715033760374,0.18920719520319795,0.14093959731543615,0.007620660457239525,35700.0,16860.0,0.0,1.1174377224199288,1.1395192952216795,1.3173820629391273,-0.18711484593837535,0
2023-05-08,32950.0,32950.0,32950.0,32950.0,21592596300,655314,94,35430.0,32950.0,58.01157259633263,1920.231341199411,1823.984408108445,35473.18865897396,27899.811341026045,31686.5,27304.4,0.08449363308046019,0.04569977784830215,-0.0012124886329191176,-0.07703081232492992,35700.0,16860.0,-0.07703081232492998,0.9543297746144721,1.0398750256418348,1.2067652100027835,-0.1350531107738998,0
2023-05-09,30650.0,31500.0,30650.0,30790.0,355269656820,11540148,3252,32950.0,31050.0,51.400211083238894,1652.7809610883269,1789.7437187044216,35316.137608040306,28317.862391959694,31817.0,27483.6,1.4218341456052228,-0.04461538461538461,-0.05306495882891127,-0.057663125948406724,35700.0,16860.0,-0.13025210084033614,0.8416370106761566,0.9758933903259264,1.129764659651574,-0.05346215780998387,0
2023-05-10,31390.0,31400.0,28640.0,29000.0,307884665080,10615248,2194,30790.0,28640.0,44.47627847134372,1232.154242071516,1678.2258233778405,35437.213350647995,28054.786649352005,31746.0,27599.4,1.3315223129609053,-0.13238412602241745,-0.14507462686567163,-0.07761674718196454,35700.0,16860.0,-0.19775910364145657,0.6986951364175563,0.9021609021609022,1.0377037181967723,-0.008379888268156388,0
2023-05-13,28640.0,28640.0,26970.0,27130.0,174296197960,6424658,1804,29000.0,27500.0,41.62023415943454,797.6215791145114,1502.1049745251748,35691.63773398371,27545.362266016287,31618.5,27676.8,0.7974588641529495,-0.22382162009596385,-0.0881962864721485,-0.03980446927374304,35700.0,16860.0,-0.22969187675070027,0.631079478054567,0.8697439789996363,0.9936119782633831,0.043636363636363695,0
2023-05-14,27320.0,29020.0,27320.0,28770.0,173352966510,6025281,1193,27130.0,29020.0,46.5487669338829,569.3396172067223,1315.5519030614844,35690.074775139496,27548.925224860504,31619.5,27798.4,0.7420813239108549,-0.18711484593837535,-0.033311125916056006,0.05527272727272736,35700.0,16860.0,-0.18711484593837535,0.7212336892052195,0.917788073815209,1.043944975250374,0.03376981392143352,0
2023-05-15,29500.0,29750.0,28010.0,28890.0,94491628710,3270445,1836,28770.0,28500.0,45.14464136903397,342.5165460002572,1120.944831649239,35781.29122421444,27207.708775785562,31494.5,27910.4,0.4059527514439525,-0.1350531107738998,-0.09552523008568703,-0.01791867677463821,35700.0,16860.0,-0.20168067226890757,0.6903914590747331,0.9049199066503675,1.021124742031644,0.05263157894736836,1
2023-05-17,28450.0,29740.0,28200.0,29290.0,90765388270,3098339,927,28890.0,29390.0,48.03391775557302,231.8999911119936,943.13586354179,35761.48801915316,26997.511980846833,31379.5,28035.4,0.3980031880446655,-0.05346215780998387,-0.09569230769230774,0.031228070175438605,35700.0,16860.0,-0.17675070028011206,0.7431791221826809,0.9365987348428114,1.0483174843233911,0.025859135760462726,0
2023-05-20,29720.0,29720.0,27870.0,28710.0,81252526510,2830396,1177,29290.0,28400.0,45.183060048365476,63.6175051897153,767.232191871375,35791.895271288435,26654.104728711565,31223.0,28144.0,0.3754187663052613,-0.008379888268156388,-0.1396546501060285,-0.03368492684586599,35700.0,16860.0,-0.20448179271708683,0.6844602609727165,0.9095858822022227,1.0090960773166573,0.03873239436619724,0
2023-05-21,29200.0,29200.0,28000.0,28510.0,93083084460,3265338,1066,28710.0,28700.0,46.22461409426346,-45.02110919599727,604.7815316579006,35830.13562069576,26474.86437930424,31152.5,28261.4,0.44738233310562586,0.043636363636363695,-0.1899520180637877,0.010563380281690238,35700.0,16860.0,-0.19607843137254902,0.7022538552787663,0.9212743760532862,1.0155194010204731,-0.020905923344947785,0
2023-05-22,28850.0,30300.0,28850.0,29580.0,141298177150,4776321,1175,28510.0,30000.0,50.604485098627265,-25.920067940409353,478.6412117382386,35791.775504847334,26384.224495152666,31088.0,28395.8,0.6565082372673263,0.03376981392143352,-0.15966386554621848,0.04529616724738683,35700.0,16860.0,-0.15966386554621848,0.7793594306049823,0.9650025733401956,1.0564942702794076,-0.023333333333333317,0
2023-05-23,30300.0,30890.0,29700.0,30260.0,105026774590,3470464,1305,29580.0,30000.0,50.604485098627265,-10.659479287849535,380.78107353302096,35580.62569842758,26296.37430157242,30938.5,28499.6,0.4981100757037569,0.05263157894736836,-0.08952959028831564,0.0,35700.0,16860.0,-0.15966386554621848,0.7793594306049823,0.9696656269696333,1.0526463529312693,-0.027000000000000024,0
2023-05-24,30160.0,31130.0,29060.0,30130.0,87922836680,2917816,1059,30260.0,30150.0,51.137052668536086,13.384109876275033,307.30168080167175,35380.16056895368,26232.83943104632,30806.5,28616.0,0.43318402437717923,0.025859135760462726,-0.02898550724637683,0.004999999999999893,35700.0,16860.0,-0.15546218487394958,0.7882562277580071,0.9786895622677032,1.0536063740564718,-0.031509121061359835,0
2023-05-27,30000.0,30600.0,28680.0,29530.0,78867234040,2670672,1140,30130.0,29500.0,48.68736749236732,-19.782697586324502,241.8848051240725,35039.19342499587,26173.806575004128,30606.5,28716.2,0.43248611566879597,0.03873239436619724,0.0300279329608939,-0.021558872305140975,35700.0,16860.0,-0.17366946778711484,0.7497034400948992,0.9638475487233104,1.0272946977664175,-0.03050847457627115,0
2023-05-28,30280.0,30280.0,27600.0,28220.0,120996218540,4288232,1285,29530.0,28100.0,43.81846474081292,-157.22355588225037,162.06313292280794,35066.719367946454,25940.28063205355,30503.5,28759.2,0.6991909674762291,-0.020905923344947785,0.021818181818181737,-0.0474576271186441,35700.0,16860.0,-0.21288515406162464,0.6666666666666666,0.921205763273067,0.9770786391832874,0.023843416370106674,0
2023-05-29,28450.0,29600.0,28100.0,28850.0,79387994570,2751418,830,28220.0,29300.0,48.56634831138768,-167.38692285618527,96.17312176700929,35056.6954632595,25878.3045367405,30467.5,28847.0,0.496837960548229,-0.023333333333333317,0.009648518263266626,0.04270462633451966,35700.0,16860.0,-0.1792717086834734,0.7378410438908659,0.9616804791991467,1.0157035393628453,-0.010238907849829393,0
2023-05-30,29300.0,30110.0,28850.0,29450.0,65870792570,2236330,715,28850.0,29190.0,48.16452983250638,-182.21706025335516,40.4950853629364,34946.70739466692,25756.292605333078,30351.5,28933.0,0.428983289864262,-0.027000000000000024,0.02421052631578946,-0.003754266211604129,35700.0,16860.0,-0.18235294117647058,0.7313167259786477,0.9617317101296476,1.0088825908132582,-0.07091469681397744,0
2023-05-31,29460.0,29730.0,28150.0,29150.0,66912772430,2295551,737,29450.0,29200.0,48.20648272006263,-190.96184527673904,-5.796300764998691,34697.48780756516,25675.512192434842,30186.5,29018.8,0.45981991364391284,-0.031509121061359835,-0.006464783940115737,0.00034258307639611907,35700.0,16860.0,-0.18207282913165265,0.7319098457888493,0.9673198284001127,1.0062442278798571,-0.07123287671232881,0
2023-06-03,29000.0,29550.0,28450.0,28820.0,53124781700,1843289,685,29150.0,28600.0,45.81075111490749,-243.50021707253472,-53.337084026505906,34332.17635924174,25599.823640758263,29966.0,29101.8,0.4003550242612835,-0.03050847457627115,0.007042253521126751,-0.020547945205479423,35700.0,16860.0,-0.19887955182072828,0.6963226571767497,0.954415003670827,0.982757080318056,-0.1048951048951049,0
2023-06-06,29480.0,29480.0,28320.0,28860.0,69440800580,2406104,893,28820.0,28770.0,46.62020474486081,-268.32657426784135,-96.334982074773,33229.52109683807,26036.47890316193,29633.0,29193.6,0.584017583557902,0.023843416370106674,0.0024390243902439046,0.005944055944056004,35700.0,16860.0,-0.19411764705882353,0.7064056939501779,0.970877062734114,0.9854899704044723,-0.10531803962460895,0
2023-06-07,28290.0,29700.0,28290.0,29150.0,97196315640,3334865,1305,28860.0,29000.0,47.757226224182546,-266.3719928765022,-130.34238423511886,31579.338203774536,27016.661796225464,29298.0,29289.2,0.8263183355604979,-0.010238907849829393,-0.033333333333333326,0.00799443865137306,35700.0,16860.0,-0.1876750700280112,0.7200474495848161,0.9898286572462284,0.9901260532892671,-0.09068965517241379,0
2023-06-10,28450.0,29000.0,27110.0,27170.0,177654061360,6537976,1476,29150.0,27120.0,40.21653567398476,-411.77655739466354,-186.62921886702782,30780.177253617785,27232.822746382215,29006.5,29334.8,1.5099445095665256,-0.07091469681397744,-0.09599999999999997,-0.06482758620689655,35700.0,16860.0,-0.24033613445378152,0.608540925266904,0.9349628531536035,0.9244992295839753,-0.04166666666666663,0
2023-06-11,26810.0,27900.0,26510.0,27150.0,62816899590,2314017,1027,27170.0,27120.0,40.21653567398476,-521.0049021608102,-253.50435552578432,30503.540669721595,27116.459330278405,28810.0,29377.2,0.5981477202054056,-0.07123287671232881,-0.10049751243781091,0.0,35700.0,16860.0,-0.24033613445378152,0.608540925266904,0.9413398125650816,0.9231649033944691,-0.05346607669616521,0
2023-06-12,26520.0,27490.0,25250.0,25680.0,107403723240,4183030,1267,27150.0,25600.0,35.03010508806885,-721.8988486053822,-347.1832541417039,30855.886257293816,26460.113742706184,28658.0,29380.4,1.1793059038088545,-0.1048951048951049,-0.1322033898305085,-0.05604719764011801,35700.0,16860.0,-0.28291316526610644,0.5183867141162515,0.893293321236653,0.8713291854433568,0.013671875,0
2023-06-13,25680.0,26100.0,24800.0,25390.0,54880939580,2161774,828,25680.0,25740.0,35.85069280954865,-859.8995320180256,-449.7265097169683,31066.89407064076,26073.10592935924,28570.0,29406.6,0.6484252941217582,-0.10531803962460895,-0.08398576512455513,0.005468749999999911,35700.0,16860.0,-0.27899159663865547,0.5266903914590747,0.9009450472523626,0.8753137050866132,0.029526029526029562,0
2023-06-14,25500.0,27140.0,25500.0,26300.0,50499321370,1920162,637,25390.0,26370.0,39.55069000653176,-907.9638904522217,-541.373985864019,31100.53492279034,25774.46507720966,28437.5,29453.8,0.6137395191842863,-0.09068965517241379,-0.09999999999999998,0.02447552447552437,35700.0,16860.0,-0.26134453781512607,0.5640569395017794,0.9272967032967033,0.8953004366159885,-0.007584376185058805,0
2023-06-17,27000.0,27000.0,25800.0,26300.0,50737579810,1929522,672,26300.0,25990.0,38.12239685672467,-965.587374804345,-626.2166636520842,31180.104600603143,25443.895399396857,28312.0,29496.0,0.6302371637554037,-0.04166666666666663,-0.10962658444672835,-0.014410314751611697,35700.0,16860.0,-0.27198879551820726,0.5415183867141162,0.9179853065837807,0.8811364252780038,-0.025779145825317484,0
2023-06-18,26590.0,26700.0,25300.0,25790.0,53858880920,2088092,591,26300.0,25670.0,36.91347215525415,-1025.2572001536828,-706.024770952404,31167.587743268447,25084.412256731553,28126.0,29517.4,0.693472112864123,-0.05346607669616521,-0.12089041095890407,-0.012312427856868036,35700.0,16860.0,-0.28095238095238095,0.5225385527876631,0.9126786603142999,0.869656541565314,-0.001558239189715649,0
2023-06-19,25520.0,27590.0,25520.0,26410.0,64706565660,2450081,598,25790.0,25950.0,38.743934864142716,-1037.987038246145,-772.4172244111522,31185.199388691646,24821.800611308354,28003.5,29511.6,0.818862916418551,0.013671875,-0.09265734265734271,0.010907674328009431,35700.0,16860.0,-0.27310924369747897,0.5391459074733096,0.9266698805506455,0.8793152523075672,0.005780346820809301,0
2023-06-20,26190.0,26700.0,25710.0,26240.0,28103711760,1071172,452,26410.0,26500.0,42.286293810211575,-992.2570021277425,-816.3851799544703,31123.03417693648,24663.96582306352,27893.5,29505.6,0.37163220328563096,0.029526029526029562,-0.07890163364615921,0.021194605009633882,35700.0,16860.0,-0.25770308123249297,0.571767497034401,0.9500421245092943,0.8981345913995987,-0.03433962264150947,0
2023-06-21,26350.0,26870.0,26100.0,26310.0,47220244000,1794777,508,26240.0,26170.0,40.763128933922175,-971.445640472266,-847.3972720580296,30862.66828376543,24541.33171623457,27702.0,29495.4,0.6566416192313725,-0.007584376185058805,-0.09758620689655173,-0.012452830188679265,35700.0,16860.0,-0.2669467787114846,0.5521945432977462,0.9446971337809544,0.8872569960061568,-0.03821169277799008,0
2023-06-24,26100.0,26850.0,25320.0,25740.0,56953318740,2212660,642,26310.0,25320.0,37.060205083835,-1011.8761048108827,-880.2930386086002,30606.37919952332,24329.62080047668,27468.0,29485.8,0.828594614168711,-0.025779145825317484,-0.0663716814159292,-0.032479938861291524,35700.0,16860.0,-0.2907563025210084,0.501779359430605,0.9217999126256007,0.8587184339580408,-0.01579778830963663,0
2023-06-25,25720.0,26200.0,25330.0,25660.0,57839207710,2253636,693,25740.0,25630.0,39.22843407480009,-1007.2916981837516,-905.6927705236305,30222.292603084563,24261.707396915437,27242.0,29429.6,0.8545667170237163,-0.001558239189715649,-0.05494100294985249,0.012243285939968374,35700.0,16860.0,-0.28207282913165266,0.5201660735468565,0.9408266647089054,0.8708918911572023,0.0019508388607101246,0
2023-06-26,25630.0,26450.0,25530.0,26010.0,32678182940,1256225,453,25660.0,26100.0,42.46463546458619,-954.7279414453005,-915.4998047079646,29901.781617015793,24242.218382984207,27072.0,29350.4,0.48948046104151866,0.005780346820809301,0.01953125,0.018337885290675038,35700.0,16860.0,-0.2689075630252101,0.5480427046263345,0.964095744680851,0.8892553423462712,0.0406130268199234,0
2023-06-27,26430.0,26430.0,25200.0,25640.0,31478643430,1227487,492,26010.0,25590.0,39.97691601142304,-943.3491811351741,-921.0696799934066,29805.27088973574,24087.72911026426,26946.5,29261.2,0.5086113896015279,-0.03433962264150947,-0.005827505827505797,-0.019540229885057436,35700.0,16860.0,-0.28319327731092436,0.5177935943060499,0.9496595105115693,0.8745369294492366,0.07307542008597112,1
2023-06-28,25210.0,25840.0,25160.0,25350.0,39023557050,1539336,532,25640.0,25170.0,38.002451150704765,-957.1880534718548,-928.2933546890963,29483.246252161916,23996.753747838084,26740.0,29184.6,0.6542558596989984,-0.03821169277799008,-0.04550625711035272,-0.016412661195779554,35700.0,16860.0,-0.2949579831932773,0.4928825622775801,0.9412864622288706,0.8624411504697683,0.11243543901469999,1
2023-07-01,25300.0,25730.0,24440.0,25100.0,33052912410,1316668,506,25350.0,24920.0,36.83620452925916,-977.0653687957856,-938.0477575104342,29135.14926734131,23917.85073265869,26526.5,29063.0,0.5707715881924442,-0.01579778830963663,-0.04116968064640247,-0.009932459276916994,35700.0,16860.0,-0.30196078431372547,0.47805456702253857,0.9394379205699961,0.8574476138044936,0.10674157303370779,1
2023-07-02,25450.0,25700.0,24770.0,25420.0,33990904720,1337027,462,25100.0,25680.0,42.60289986296062,-920.8773352883691,-934.6136730660212,28673.20079863944,24027.79920136056,26350.5,28942.8,0.5918942668871284,0.0019508388607101246,0.00038955979742882896,0.03049759229534521,35700.0,16860.0,-0.280672268907563,0.5231316725978647,0.9745545625320202,0.8872672996392885,0.07165109034267902,1
2023-07-03,25900.0,27160.0,25500.0,26520.0,88385028460,3332154,1083,25420.0,27160.0,51.82648803700456,-748.2983650442256,-897.3506114616622,28398.219556922628,24158.780443077372,26278.5,28855.4,1.4280629908672693,0.0406130268199234,0.046628131021194674,0.05763239875389403,35700.0,16860.0,-0.23921568627450981,0.6109134045077106,1.033544532602698,0.9412449662801416,-0.046023564064801126,0
2023-07-04,27140.0,27700.0,27000.0,27440.0,118814455290,4329691,1296,26520.0,27460.0,53.45912171194028,-580.6276804934714,-834.0060252680241,28087.492998119822,24338.507001880178,26213.0,28802.4,1.7821196273696474,0.07307542008597112,0.03622641509433966,0.011045655375552244,35700.0,16860.0,-0.230812324929972,0.6287069988137604,1.0475718155113876,0.9533927728244868,-0.08958485069191546,0
2023-07-05,27440.0,28180.0,27200.0,27880.0,97061124470,3481415,677,27440.0,28000.0,56.328177209053656,-399.56799680848053,-747.1184195761155,27772.01336228144,24553.98663771856,26163.0,28736.6,1.428656667590402,0.11243543901469999,0.06992739778372181,0.01966496722505462,35700.0,16860.0,-0.21568627450980393,0.66073546856465,1.0702136605129382,0.9743671833132661,-0.12321428571428572,0
2023-07-08,27260.0,28300.0,27260.0,27710.0,24940367240,900112,325,27880.0,27580.0,53.562476161336036,-286.6629113366689,-655.0273179282262,27860.877905997993,24511.122094002007,26186.0,28628.4,0.4176947058539915,0.10674157303370779,0.08925750394944698,-0.015000000000000013,35700.0,16860.0,-0.22745098039215686,0.6358244365361803,1.053234552814481,0.963379022229674,-0.09173313995649024,0
2023-07-09,28000.0,28500.0,27110.0,27860.0,146250912960,5249212,636,27710.0,27520.0,53.16090864419531,-199.72402202015655,-563.9666587466123,27933.731460615403,24478.268539384597,26206.0,28523.0,2.2805688974985205,0.07165109034267902,0.073741708934842,-0.00217548948513413,35700.0,16860.0,-0.22913165266106442,0.6322657176749703,1.0501411890406778,0.9648353959962136,-0.12790697674418605,0
2023-07-10,26600.0,27700.0,25910.0,26170.0,98713566590,3772226,1013,27860.0,25910.0,43.69452213651158,-257.7664988004399,-502.72662675737786,27932.689936856877,24510.310063143123,26221.5,28371.2,1.6536354599738654,-0.046023564064801126,-0.0072796934865900775,-0.05850290697674421,35700.0,16860.0,-0.2742296918767507,0.536773428232503,0.9881204355204698,0.9132500563952176,-0.05827865688923195,0
2023-07-11,25910.0,26000.0,24740.0,25320.0,45868084080,1811422,712,26170.0,25000.0,39.42158841818061,-372.8964564054986,-476.76059268700203,27966.279728249323,24402.720271750677,26184.5,28268.0,0.8002204047230984,-0.08958485069191546,-0.02305588120359514,-0.03512157468159016,35700.0,16860.0,-0.29971988795518206,0.48279952550415184,0.9547633141744162,0.8843922456487902,-0.00039999999999995595,0
2023-07-12,25000.0,25280.0,23670.0,24510.0,53385902550,2178294,603,25320.0,24550.0,37.47021172340396,-494.74589377236043,-480.35765290407375,28008.97670306903,24178.02329693097,26093.5,28158.6,0.9568355630530259,-0.12321428571428572,-0.024632499006754127,-0.018000000000000016,35700.0,16860.0,-0.3123249299719888,0.4561091340450771,0.9408473374595205,0.8718473219549268,0.05702647657841142,1
2023-07-15,25890.0,25890.0,24900.0,25250.0,52512400500,2079304,382,24510.0,25050.0,40.96680757760282,-544.6878074498491,-493.22368381322883,28015.218110852893,24077.781889147107,26046.5,28029.4,0.9103585340344302,-0.09173313995649024,0.005216693418940599,0.020366598778004175,35700.0,16860.0,-0.29831932773109243,0.48576512455516013,0.9617415007774557,0.8937044674520325,0.06986027944111783,1
2023-07-16,25500.0,25500.0,23520.0,24110.0,77393146590,3210102,521,25250.0,24000.0,36.367655572359645,-661.3695026963178,-526.8528475898466,28121.06487390907,23804.93512609093,25963.0,27859.4,1.3717504995032264,-0.12790697674418605,-0.06542056074766356,-0.041916167664670656,35700.0,16860.0,-0.3277310924369748,0.4234875444839858,0.9243924045757425,0.861468660488022,0.14625,1
2023-07-17,23900.0,25200.0,22700.0,23360.0,66389382590,2841458,833,24110.0,24400.0,39.16936670026431,-713.3409789982979,-564.1504738715369,28148.63477283173,23622.36522716827,25885.5,27687.2,1.2041510537547502,-0.05827865688923195,-0.10162002945508097,0.016666666666666607,35700.0,16860.0,-0.3165266106442577,0.4472123368920522,0.9426126595970717,0.881273657141206,0.1348360655737706,1
2023-07-18,24990.0,24990.0,24990.0,24990.0,41378217090,1655791,476,23360.0,24990.0,43.14572285643605,-698.8646031209464,-591.0932997214188,28086.804778631693,23533.195221368307,25810.0,27478.4,0.6931041269032918,-0.00039999999999995595,-0.0899490167516388,0.02418032786885238,35700.0,16860.0,-0.3,0.4822064056939502,0.9682293684618365,0.9094415977640619,0.09523809523809534,1
2023-07-19,26730.0,26730.0,25300.0,26570.0,212458104980,7995949,1140,24990.0,25950.0,48.98868850193986,-602.9772476259168,-593.4700893023185,28070.86179157098,23527.13820842902,25799.0,27283.4,2.96255056185541,0.05702647657841142,-0.07321428571428568,0.038415366146458574,35700.0,16860.0,-0.27310924369747897,0.5391459074733096,1.0058529400364355,0.9511277919907343,0.09980732177263962,1
2023-07-22,26490.0,27360.0,25200.0,26720.0,147090598330,5503985,839,26570.0,26800.0,53.54138620294613,-453.17402326227966,-565.4108760943108,28173.86157775737,23572.13842224263,25873.0,27160.4,1.9220678964652116,0.06986027944111783,-0.028281363306744023,0.032755298651252485,35700.0,16860.0,-0.24929971988795518,0.5895610913404508,1.0358288563367217,0.986730681433263,0.05186567164179112,1
2023-07-23,26800.0,27860.0,26740.0,27540.0,129846068800,4714847,906,26720.0,27510.0,56.994055046889265,-274.00427171513365,-507.1295552184754,28371.73782354754,23562.26217645246,25967.0,27089.6,1.5786484137960939,0.14625,-0.0003633720930232842,0.026492537313432818,35700.0,16860.0,-0.22941176470588234,0.6316725978647687,1.0594215735356414,1.015518870710531,-0.014176663031624903,0
2023-07-24,27990.0,28500.0,27280.0,27910.0,67830056870,2430680,714,27540.0,27690.0,57.84930345388633,-116.14758008457284,-428.93316019169487,28565.96244266514,23527.03755733486,26046.5,27070.6,0.7981590341759491,0.1348360655737706,0.06869934388267085,0.0065430752453652374,35700.0,16860.0,-0.22436974789915967,0.6423487544483986,1.0630986888833434,1.0228809113946495,-0.009750812567713929,0
2023-07-25,27900.0,28200.0,26810.0,27430.0,50566349460,1843389,568,27910.0,27370.0,55.727545443260375,-16.674131313229736,-346.48135441600186,28709.341292698562,23561.658707301438,26135.5,27068.0,0.5992513831642514,0.09523809523809534,0.0948,-0.011556518598772159,35700.0,16860.0,-0.23333333333333334,0.6233689205219455,1.0472346042738803,1.0111570858578396,0.026306174643770497,0
2023-07-26,28000.0,28970.0,27030.0,28140.0,114208052840,4058150,728,27430.0,28540.0,61.31440286346326,154.78425882173542,-246.22823176845444,29039.137290886923,23568.862709113077,26304.0,27058.4,1.2673426368709124,0.09980732177263962,0.16252545824847253,0.04274753379612717,35700.0,16860.0,-0.20056022408963586,0.6927639383155397,1.0850060827250607,1.05475563965349,-0.00630693763139456,0
2023-07-29,28010.0,29100.0,27630.0,28430.0,39997280310,1406897,517,28140.0,28190.0,58.91911842337858,259.43360426854633,-145.09586456105427,29242.811694206674,23692.188305793326,26467.5,27052.2,0.438749671478895,0.05186567164179112,0.12534930139720557,-0.01226348983882275,35700.0,16860.0,-0.2103641456582633,0.6720047449584816,1.06507981486729,1.0420594258507625,0.011351543100390105,0
2023-07-30,27500.0,28430.0,26950.0,27380.0,48585820070,1774407,529,28430.0,27120.0,52.20475192341608,253.11119851583499,-65.45445194567642,29304.050415528778,23774.949584471222,26539.5,27006.8,0.5496116315624943,-0.014176663031624903,0.1299999999999999,-0.03795672224192981,35700.0,16860.0,-0.24033613445378152,0.608540925266904,1.0218730571412422,1.0041915369462506,0.05825958702064904,1
2023-07-31,27890.0,27980.0,26360.0,27470.0,53351301320,1942252,484,27380.0,27420.0,53.79462856726096,269.2049125441554,1.4774209522899326,29331.00949251579,23773.99050748421,26552.5,26987.2,0.6148353337501452,-0.009750812567713929,0.1237704918032787,0.01106194690265494,35700.0,16860.0,-0.2319327731092437,0.6263345195729537,1.0326711232463985,1.0160372324657616,0.05506929248723558,1
2023-08-01,28300.0,28990.0,27500.0,28390.0,87083258120,3067537,747,27470.0,28090.0,57.21744536196929,332.1933789476061,67.62061255135318,29416.7047145794,23751.2952854206,26584.0,26975.0,0.9908476658486578,0.026306174643770497,0.12404961984793927,0.024434719183078046,35700.0,16860.0,-0.21316526610644257,0.666073546856465,1.0566506169124286,1.0413345690454123,0.008543965824136635,0
2023-08-05,28000.0,29000.0,28000.0,28500.0,94063254720,3299914,712,28390.0,28360.0,58.55001291073376,399.2960990192805,133.95570984493867,29474.758952644715,23729.241047355285,26602.0,26942.2,1.0690416769956061,-0.00630693763139456,0.09287090558766864,0.009611961552153714,35700.0,16860.0,-0.20560224089635853,0.6820877817319099,1.066085256747613,1.0526237649486678,-0.03279266572637518,0
2023-08-06,28600.0,28870.0,27930.0,28530.0,83139417540,2914004,611,28500.0,28510.0,59.308311775588635,459.2848842718013,199.02154473031118,29611.75682315934,23685.24317684066,26648.5,26912.4,0.9141999146036804,0.011351543100390105,0.06380597014925371,0.005289139633286366,35700.0,16860.0,-0.20140056022408964,0.6909845788849348,1.0698538379270879,1.0593629702293366,-0.032269379165205225,0
2023-08-07,28550.0,29450.0,28100.0,28860.0,82774572710,2867654,723,28530.0,28700.0,60.29906115410473,516.2073241787948,262.4587006200079,29782.69023801787,23632.30976198213,26707.5,26883.4,0.9345723364301892,0.05825958702064904,0.04325699745547085,0.006664328305857614,35700.0,16860.0,-0.19607843137254902,0.7022538552787663,1.074604511841243,1.0675732980203396,-0.03379790940766547,0
2023-08-08,28860.0,29130.0,28000.0,28900.0,71956303110,2489995,386,28860.0,28930.0,61.52043106559839,573.2695511808124,324.6208707321688,30056.35725134823,23660.64274865177,26858.5,26872.0,0.8288099441948495,0.05506929248723558,0.04478150957024196,0.008013937282229877,35700.0,16860.0,-0.1896358543417367,0.7158956109134045,1.0771264218031535,1.0765852932420363,-0.02177670238506746,0
2023-08-09,29000.0,29400.0,28330.0,28760.0,93332107460,3245261,531,28900.0,28330.0,56.626329796186575,563.5801899866019,372.4127345830554,30164.691067605298,23885.308932394702,27025.0,26876.6,1.0550285623165327,0.008543965824136635,0.0350748995250274,-0.020739716557207077,35700.0,16860.0,-0.2064425770308123,0.6803084223013048,1.0482886216466234,1.0540767805451583,-0.03953406283092131,0
2023-08-12,28300.0,28480.0,26990.0,27300.0,194743987630,7132485,892,28760.0,27430.0,50.178057493033066,477.7713720710635,393.48446208065707,30098.572665082836,24239.427334917164,27169.0,26839.2,2.1459453184302975,-0.03279266572637518,-0.03889278206026625,-0.03176844334627604,35700.0,16860.0,-0.23165266106442578,0.6269276393831554,1.0096065368618645,1.022012578616352,-0.012030623405031027,0
2023-08-13,27100.0,27960.0,26850.0,27370.0,44573998730,1628431,392,27300.0,27590.0,51.24107695606157,417.8610859882792,398.3597868621815,30062.820557969128,24529.179442030872,27296.0,26807.2,0.4932906299526161,-0.032269379165205225,-0.021284143313231696,0.005833029529711986,35700.0,16860.0,-0.22717086834733893,0.636417556346382,1.0107708089097303,1.029201110149512,-0.02210945994925695,0
2023-08-14,28190.0,28420.0,27620.0,27910.0,24955681380,894165,300,27370.0,27730.0,52.20207464450678,377.32896913152945,394.15362331605115,29802.223043813774,25162.776956186226,27482.5,26777.8,0.28071058975688656,-0.03379790940766547,0.022492625368731645,0.005074302283436083,35700.0,16860.0,-0.22324929971988797,0.6447212336892052,1.009005730919676,1.035559306589787,-0.027767760548142784,0
2023-08-15,27800.0,28700.0,27300.0,27870.0,72754888690,2610627,474,27910.0,28300.0,56.004075335700485,386.74307735907496,392.6715141246559,29538.229695576632,25816.770304423368,27677.5,26771.8,0.8225501690233948,-0.02177670238506746,0.03209336250911754,0.020555355210962967,35700.0,16860.0,-0.20728291316526612,0.6785290628706999,1.022491193207479,1.0570824524312896,-0.06431095406360421,0
2023-08-16,28730.0,29000.0,25930.0,27270.0,36907952670,1353272,397,27870.0,27210.0,48.12133629658762,302.75990770989665,374.6891928417041,29207.02423313835,26369.97576686165,27788.5,26740.6,0.42842755586678116,-0.03953406283092131,-0.03132787468850129,-0.038515901060070634,35700.0,16860.0,-0.23781512605042016,0.6138790035587188,0.9791820357342066,1.017553832000778,-0.007717750826901848,0
2023-08-19,27410.0,27410.0,26520.0,26980.0,67066067900,2485311,531,27270.0,27100.0,47.39631137875062,224.73594393677558,344.6985430607184,29036.703993442854,26655.296006557146,27846.0,26702.6,0.8620084506837569,-0.012030623405031027,-0.04442877291960512,-0.004042631385520079,35700.0,16860.0,-0.24089635854341737,0.6073546856465006,0.9732097967392085,1.0148824459041441,0.014760147601476037,0
2023-08-20,27260.0,27260.0,26310.0,27000.0,14748295060,546218,219,26980.0,26980.0,46.57195879649489,151.47231483889846,306.05329741635444,29016.300994574947,26693.699005425053,27855.0,26699.8,0.20727174259018455,-0.02210945994925695,-0.05366538056822168,-0.0044280442804428555,35700.0,16860.0,-0.24425770308123249,0.6002372479240806,0.9685873272302997,1.010494460632664,0.037805782060785775,0
2023-08-21,26980.0,27440.0,26960.0,27040.0,18887796390,698454,199,27000.0,26960.0,46.42702397582889,90.7504138096374,262.99272069501103,29044.872169880993,26610.127830119007,27827.5,26696.6,0.2869036219459619,-0.027767760548142784,-0.06062717770034842,-0.000741289844329085,35700.0,16860.0,-0.24481792717086834,0.5990510083036773,0.9688258018147516,1.0098664249380072,0.032270029673590495,0
2023-08-22,27200.0,27200.0,26250.0,26490.0,11955168950,453292,205,27040.0,26480.0,42.970684218216014,3.8514837860311673,211.16447331321507,29118.563539017214,26415.436460982786,27767.0,26714.2,0.19408064978988676,-0.06431095406360421,-0.08468717594192876,-0.017804154302670572,35700.0,16860.0,-0.2582633053221289,0.5705812574139977,0.9536500162062881,0.9912331269512095,0.049848942598187396,0
2023-08-23,26500.0,27020.0,25910.0,26670.0,14720736070,551881,243,26490.0,27000.0,47.528104915765844,-22.794133569055703,164.37275193676095,29131.06681574553,26365.93318425447,27748.5,26739.4,0.24301122185550583,-0.007717750826901848,-0.046946699611719045,0.01963746223564944,35700.0,16860.0,-0.24369747899159663,0.6014234875444839,0.973025568949673,1.0097459180086314,0.025925925925925908,0
2023-08-26,27010.0,27690.0,27010.0,27360.0,23974060760,876343,308,26670.0,27500.0,51.53834645996707,-3.524527410576411,130.79329606729348,29033.560582023383,26359.439417976617,27696.5,26762.0,0.41495085041100044,0.014760147601476037,0.0025519504192490494,0.0185185185185186,35700.0,16860.0,-0.22969187675070027,0.631079478054567,0.9929052407343888,1.0275764143188102,0.0,0
2023-08-27,27600.0,28730.0,27600.0,28120.0,50037953590,1779485,453,27360.0,28000.0,55.223680498493835,51.49894781228795,114.93442641629238,29012.550451699484,26361.449548300516,27687.0,26802.2,0.8352235343616065,0.037805782060785775,0.014860456687205481,0.018181818181818077,35700.0,16860.0,-0.21568627450980393,0.66073546856465,1.0113049445588183,1.0446903612390028,-0.01821428571428574,0
2023-08-28,28000.0,28420.0,27500.0,27840.0,67906267010,2439318,721,28120.0,27830.0,53.727651245218304,80.46037201467334,108.03961553596858,29023.205577754135,26421.794422245865,27722.5,26845.4,1.1273332530885145,0.032270029673590495,0.0036062026685899085,-0.0060714285714286165,35700.0,16860.0,-0.22044817927170868,0.6506524317912218,1.0038777166561457,1.03667667458857,0.0017966223499821243,0
2023-08-29,28000.0,28140.0,27500.0,27920.0,17610247730,630830,292,27840.0,27800.0,53.45245694972011,99.84085682264413,106.3998637933037,29035.057497755985,26447.942502244015,27741.5,26882.4,0.3006495231669395,0.049848942598187396,-0.017667844522968212,-0.0010779734099892746,35700.0,16860.0,-0.22128851540616246,0.6488730723606169,1.002108754032767,1.0341338570960925,0.0014388489208632116,0
2023-08-30,27320.0,28160.0,27320.0,27760.0,26366135580,949756,379,27920.0,27700.0,52.487384468222295,105.91000182236166,106.30189139911529,29005.675971575663,26438.324028424337,27722.0,26906.4,0.47670501965834255,0.025925925925925908,0.01800808526277109,-0.003597122302158251,35700.0,16860.0,-0.22408963585434175,0.6429418742586003,0.99920640646418,1.0294948413760294,-0.0072202166064981865,0
2023-09-02,28200.0,28200.0,27210.0,27510.0,31684507520,1151732,314,27760.0,27500.0,50.52269704467554,93.5036624139102,103.74224560207428,28931.547803479254,26426.452196520746,27679.0,26933.0,0.6110224928229266,0.0,0.014760147601476037,-0.0072202166064981865,35700.0,16860.0,-0.22969187675070027,0.631079478054567,0.993533003359948,1.0210522407455538,0.0,0
2023-09-03,27550.0,28130.0,27450.0,27660.0,35503380180,1283370,379,27510.0,27490.0,50.421070938237804,81.92030632565002,99.37785774678943,28822.78198848187,26433.21801151813,27628.0,26976.4,0.711641493761208,-0.01821428571428574,0.018902891030392777,-0.0003636363636363438,35700.0,16860.0,-0.2299719887955182,0.6304863582443654,0.9950050673230056,1.0190388635992942,-0.002182611858857819,0
2023-09-04,27890.0,28090.0,27400.0,27750.0,18499285010,666676,265,27660.0,27880.0,54.283340160671706,103.02257370577718,100.10680093858699,28684.10710507255,26489.89289492745,27587.0,27021.4,0.39370356343783675,0.0017966223499821243,0.03412462908011871,0.014186977082575547,35700.0,16860.0,-0.21904761904761905,0.6536180308422301,1.0106209446478414,1.0317748155165904,-0.011836441893830707,0
2023-09-05,27700.0,28200.0,27510.0,27890.0,34437104970,1234566,416,27750.0,27840.0,53.82024405136808,115.19075955965673,103.12359266280095,28451.104920518424,26613.895079481576,27532.5,27056.2,0.7571359932131861,0.0014388489208632116,0.051359516616314105,-0.0014347202295552641,35700.0,16860.0,-0.22016806722689075,0.6512455516014235,1.0111686189049305,1.0289693305046532,-0.016163793103448287,0
2023-09-09,28150.0,28150.0,27370.0,27600.0,46988710830,1702579,562,27890.0,27500.0,49.921740809577294,96.28901617383963,101.7566773650087,28333.58886771702,26648.41113228298,27491.0,27094.4,1.0960059565883977,-0.0072202166064981865,0.0185185185185186,-0.012212643678160884,35700.0,16860.0,-0.22969187675070027,0.631079478054567,1.0003273798697756,1.0149698830754694,0.01927272727272733,0
2023-09-10,27500.0,27900.0,27050.0,27540.0,15497873080,562832,270,27600.0,27500.0,49.921740809577294,80.38264723995235,97.48187133999743,28336.627662531428,26652.372337468572,27494.5,27141.0,0.4594708597502492,0.0,0.0,0.0,35700.0,16860.0,-0.22969187675070027,0.631079478054567,1.0002000400080016,1.013227220809845,0.016363636363636358,0
2023-09-11,27200.0,27990.0,27200.0,27360.0,15072524810,550815,271,27540.0,27430.0,49.0729841496757,61.42030522918503,90.26955811783495,28327.886355962968,26645.113644037032,27486.5,27191.2,0.4703494503901155,-0.002182611858857819,-0.02035714285714285,-0.0025454545454545174,35700.0,16860.0,-0.23165266106442578,0.6269276393831554,0.9979444454550416,1.0087822530818793,0.039372949325555906,0
2023-09-12,27510.0,28040.0,27510.0,27830.0,14310004840,513731,214,27360.0,27550.0,50.62282672576144,55.43647254007374,83.30294100228271,28312.098705966313,26642.901294033687,27477.5,27228.6,0.44592599099486974,-0.011836441893830707,-0.010061085159899341,0.0043747721472839896,35700.0,16860.0,-0.22829131652661064,0.6340450771055753,1.0026385224274406,1.0118037651586935,0.02286751361161521,0
2023-09-13,28080.0,28080.0,27360.0,27500.0,12499886890,455524,158,27830.0,27390.0,48.50332258989556,37.352997099435015,74.11295222171317,28176.650253475163,26687.349746524837,27432.0,27233.2,0.43620063884944854,-0.016163793103448287,-0.014748201438848918,-0.005807622504537258,35700.0,16860.0,-0.23277310924369748,0.6245551601423488,0.9984689413823272,1.005757678128167,0.055129609346476816,1
2023-09-17,27390.0,28050.0,27080.0,27870.0,26123799950,937186,256,27500.0,28030.0,56.37194035756136,73.81348788412288,74.05305935419511,28253.668943919663,26692.331056080337,27473.0,27244.6,0.9156723245190413,0.01927272727272733,0.011913357400721969,0.023366192040890743,35700.0,16860.0,-0.21484593837535015,0.6625148279952551,1.020274451279438,1.0288277309999045,0.09275775954334642,1
2023-09-18,28120.0,28320.0,27530.0,28090.0,29237853900,1040978,284,27870.0,27950.0,55.23579334051023,95.15645373669759,78.27373823069561,28302.836649725297,26728.163350274703,27515.5,27243.6,1.094293857013242,0.016363636363636358,0.016363636363636358,-0.0028540849090260556,35700.0,16860.0,-0.21708683473389356,0.6577698695136418,1.015791099562065,1.0259290255326021,0.07620751341681564,1
2023-09-19,27710.0,28800.0,27710.0,28390.0,48737732020,1716861,526,28090.0,28510.0,61.13994710641458,155.4661112709182,93.71221283874013,28450.454425115673,26733.545574884327,27592.0,27262.2,1.7001814548463032,0.039372949325555906,0.03710440160058193,0.0200357781753131,35700.0,16860.0,-0.20140056022408964,0.6909845788849348,1.0332705131922297,1.0457703340155966,0.075412136092599,1
2023-09-20,28400.0,29000.0,28180.0,28550.0,31873470900,1116476,342,28390.0,28180.0,56.41765954684827,174.6207875581713,109.89392778262635,28496.400260849317,26809.599739150683,27653.0,27275.4,1.0832089734513985,0.02286751361161521,0.010760401721664259,-0.011574886004910523,35700.0,16860.0,-0.21064425770308123,0.6714116251482799,1.019057606769609,1.033165416455854,0.09048970901348463,1
2023-09-23,28550.0,29100.0,28150.0,28630.0,28854376740,1007910,410,28550.0,28900.0,63.112103389333626,245.07392952045484,136.92992813019205,28603.80479632305,26944.19520367695,27774.0,27335.2,0.9522577254908853,0.055129609346476816,0.03807471264367823,0.025550035486160416,35700.0,16860.0,-0.19047619047619047,0.7141162514827996,1.0405415136458558,1.0572448710819748,0.11764705882352944,1
2023-09-25,28400.0,30630.0,28400.0,30110.0,212207198570,7047729,1731,28630.0,30630.0,73.6037642260598,435.4850928297019,196.64096107009402,29393.672103748642,26517.327896251358,27955.5,27447.8,5.095106590178811,0.09275775954334642,0.11381818181818182,0.05986159169550165,35700.0,16860.0,-0.14201680672268907,0.8167259786476868,1.095669903954499,1.115936432063772,0.056807051909892214,1
2023-09-26,31970.0,31970.0,30000.0,30660.0,97509745740,3180546,1086,30110.0,30080.0,67.07237856650303,535.8301912306306,264.47880710220136,29776.533983110516,26392.466016889484,28084.5,27558.4,2.1225643917527837,0.07620751341681564,0.0938181818181818,-0.017956252040483234,35700.0,16860.0,-0.15742296918767507,0.7841043890865955,1.0710534280474995,1.0915002322340919,0.06482712765957444,1
2023-09-27,30020.0,30920.0,30020.0,30520.0,71893574360,2355855,1216,30660.0,30660.0,70.08688951396674,654.609625120469,342.50497070585493,30246.64637224644,26188.35362775356,28217.5,27670.6,1.542533426615643,0.075412136092599,0.11775428363106077,0.01928191489361697,35700.0,16860.0,-0.1411764705882353,0.8185053380782918,1.0865597590147957,1.1080352431822946,0.05446836268754085,1
2023-09-30,30520.0,31200.0,30000.0,30800.0,51724733340,1679487,778,30520.0,30730.0,70.43864075181646,745.7945419843527,423.1628849615545,30657.24072609542,26067.75927390458,28362.5,27805.2,1.1277235161784924,0.09048970901348463,0.11542649727767684,0.0022831050228311334,35700.0,16860.0,-0.1392156862745098,0.8226571767497034,1.0834728955486999,1.1051889574611944,-0.021477383664171845,0
2023-10-01,31000.0,32590.0,30710.0,31760.0,103096595220,3246085,1351,30800.0,32300.0,76.97762719966926,933.978798308086,525.3260676308608,31433.696584918373,25741.303415081627,28587.5,27963.2,2.003713253796354,0.11764705882352944,0.1792625045637093,0.05109013992840872,35700.0,16860.0,-0.09523809523809523,0.9157769869513642,1.129864451246174,1.1550895462608,-0.061300309597523195,0
2023-10-02,32520.0,32890.0,31750.0,32120.0,147819263910,4602440,1003,31760.0,32370.0,77.21958010081492,1076.3570185240242,635.5322578094936,32074.717258767436,25567.282741232564,28821.0,28110.8,2.55312553514403,0.056807051909892214,0.15483410631466277,0.0021671826625386803,35700.0,16860.0,-0.09327731092436975,0.9199288256227758,1.1231393775372125,1.1515147203210154,-0.01853568118628357,0
2023-10-04,32750.0,32750.0,31500.0,31940.0,108690283850,3402870,784,32120.0,32030.0,73.19581549714049,1148.5182221858122,738.1294506847573,32524.85459796684,25570.14540203316,29047.5,28232.4,1.7767461152622317,0.06482712765957444,0.14597495527728088,-0.010503552672227356,35700.0,16860.0,-0.10280112044817927,0.8997627520759194,1.1026766503141405,1.1345121208257178,-0.018108023727755218,0
2023-10-07,31950.0,32750.0,31750.0,32310.0,92902843920,2875397,859,31940.0,32330.0,74.46039552475193,1215.8978749443522,833.6831355366764,32967.48028814745,25611.519711852547,29289.5,28343.0,1.441426641902282,0.05446836268754085,0.1339880743598738,0.009366219169528511,35700.0,16860.0,-0.09439775910364145,0.9175563463819691,1.103808532067806,1.140669653882793,-0.058150324775750106,0
2023-10-08,32480.0,32480.0,30050.0,30160.0,153309122860,5082610,822,32310.0,30070.0,53.84948624334613,1074.546914855524,881.855891400446,33032.74132265923,25765.258677340767,29399.0,28394.2,2.2939859579503983,-0.021477383664171845,0.06706884315117101,-0.06990411382616768,35700.0,16860.0,-0.157703081232493,0.7835112692763938,1.0228239055750195,1.0590190954490706,0.01429996674426337,0
2023-10-09,29000.0,31690.0,29000.0,30540.0,34633238850,1134112,526,30160.0,30320.0,55.32273027674978,971.4993317106491,899.7845794624867,33104.35784305357,25941.642156946433,29523.0,28446.8,0.5130332986572453,-0.061300309597523195,0.0491349480968859,0.008313934153641567,35700.0,16860.0,-0.1507002801120448,0.7983392645314353,1.026995901500525,1.0658492343602797,0.01912928759894461,0
2023-10-10,30550.0,32450.0,30550.0,31790.0,58945652840,1854133,481,30540.0,31770.0,62.75011277605016,995.3623439850599,918.9001323670014,33319.10952379706,26153.890476202945,29736.5,28534.8,0.8358807496519047,-0.01853568118628357,0.0372184133202742,0.04782321899736153,35700.0,16860.0,-0.11008403361344538,0.8843416370106761,1.0683839725589763,1.1133773497623953,0.0037771482530688516,0
2023-10-11,31770.0,32950.0,31150.0,31930.0,51531178130,1614090,438,31790.0,31450.0,60.36504168047582,977.1882100805633,930.557747909714,33436.27012093605,26431.729879063947,29934.0,28593.0,0.7108205941957072,-0.018108023727755218,0.045545212765957466,-0.01007239534151716,35700.0,16860.0,-0.11904761904761904,0.8653618030842231,1.0506447517872652,1.0999195607316476,0.01748807631160565,0
2023-10-14,31400.0,31400.0,29900.0,30230.0,103497845130,3423741,818,31930.0,30450.0,53.51914010929223,872.0410885305391,918.854416033879,33397.69376791781,26772.306232082192,30085.0,28638.2,1.4180574659487732,-0.058150324775750106,-0.006849315068493178,-0.031796502384737635,35700.0,16860.0,-0.14705882352941177,0.806049822064057,1.0121322918397873,1.0632651493459784,0.0640394088669951,1
2023-10-15,30100.0,31000.0,29800.0,30390.0,53009237970,1744295,565,30230.0,30500.0,53.80125758368444,783.7116788998283,891.8258686070689,33336.709239081916,27128.290760918084,30232.5,28705.8,0.7045048474478892,0.01429996674426337,-0.007484542792059901,0.0016420361247948545,35700.0,16860.0,-0.14565826330532214,0.8090154211150652,1.0088480939386422,1.0625030481644824,0.06819672131147536,1
2023-10-16,30950.0,31390.0,30400.0,31000.0,78232930110,2523981,540,30390.0,30900.0,56.097007751518404,737.4853701703541,860.9577689197259,33233.96249090493,27582.037509095073,30408.0,28775.4,0.9785378742950084,0.01912928759894461,-0.04334365325077394,0.013114754098360715,35700.0,16860.0,-0.13445378151260504,0.8327402135231317,1.0161799526440412,1.0738338997894035,0.06796116504854366,1
2023-10-17,31600.0,32000.0,30650.0,31490.0,116958447930,3714210,695,31000.0,31890.0,61.231874315884646,771.8381440128433,843.1338439383495,33274.07987160909,27927.920128390913,30601.0,28851.4,1.3664275087730247,0.0037771482530688516,-0.014828544949026856,0.03203883495145621,35700.0,16860.0,-0.10672268907563025,0.891459074733096,1.0421228064442338,1.1053189793216274,0.015992474129821188,0
2023-10-18,31200.0,32660.0,30420.0,32150.0,217117677550,6753840,1299,31490.0,32000.0,61.76695114787878,798.7317629035388,834.2534277313873,33246.28754704573,28360.712452954267,30803.5,28924.2,2.2484069855538595,0.01748807631160565,-0.0009366219169528733,0.0034493571652556287,35700.0,16860.0,-0.10364145658263306,0.8979833926453143,1.038842988621423,1.1063400197758277,0.020312499999999956,0
2023-10-21,32250.0,33490.0,31700.0,32350.0,135796196430,4198283,934,32150.0,32400.0,63.72747067527232,842.6087376708529,835.9244897192805,33294.43724059722,28701.562759402783,30998.0,29002.0,1.3422030627853248,0.0640394088669951,0.0021651716671822197,0.012499999999999956,35700.0,16860.0,-0.09243697478991597,0.9217081850533808,1.0452287244338345,1.1171643334942418,-0.06234567901234567,0
2023-10-22,32700.0,33000.0,32330.0,32540.0,69488980900,2135192,653,32350.0,32580.0,64.60699306369511,881.7418804353183,845.0879678624881,33216.085083273945,29219.91491672606,31218.0,29079.6,0.6716889804121333,0.06819672131147536,0.08347189890256068,0.005555555555555536,35700.0,16860.0,-0.08739495798319327,0.9323843416370107,1.0436286757639823,1.1203730450212521,-0.03621853898096994,0
2023-10-23,33700.0,34000.0,32900.0,33450.0,119955222330,3586210,1242,32540.0,33000.0,66.63963693835694,935.8576831090722,863.2419109118049,33262.76194112225,29583.238058877752,31423.0,29161.0,1.0841823758849394,0.06796116504854366,0.08839050131926118,0.012891344383057168,35700.0,16860.0,-0.07563025210084033,0.9572953736654805,1.0501861693663876,1.131648434552999,-0.030303030303030276,0
2023-10-24,32600.0,33200.0,32030.0,32550.0,85142924230,2615860,629,33450.0,32400.0,61.22969534618709,919.7278113223074,874.5390909939055,33360.42698611977,29662.573013880232,31511.5,29242.4,0.8476094667556078,0.015992474129821188,0.019830028328611915,-0.018181818181818188,35700.0,16860.0,-0.09243697478991597,0.9217081850533808,1.028196055408343,1.1079801931442015,-0.006172839506172867,0
2023-10-25,32000.0,33440.0,32000.0,32660.0,52879856870,1619167,392,32550.0,32650.0,62.59237427339954,916.5522387107667,882.9417205372778,33429.379780818475,29850.620219181525,31640.0,29346.8,0.5382702774904325,0.020312499999999956,0.038155802861685295,0.007716049382715973,35700.0,16860.0,-0.08543417366946779,0.9365361803084223,1.031921618204804,1.1125574168222772,-0.005819295558958659,0
2023-10-28,32090.0,32090.0,30380.0,30480.0,109908813540,3605926,630,32660.0,30380.0,46.582507423668126,722.5365936309463,850.8606951560115,33449.87938197732,29802.12061802268,31626.0,29402.6,1.174340574776604,-0.06234567901234567,-0.0022988505747126853,-0.06952526799387437,35700.0,16860.0,-0.14901960784313725,0.8018979833926453,0.9606020362992475,1.0332419581941734,0.07406188281764314,1
2023-10-29,29700.0,32000.0,29690.0,30620.0,51059081680,1667238,423,30480.0,31400.0,52.4659330259703,643.6635202079451,809.4212601663983,33440.42644429858,29878.57355570142,31659.5,29476.0,0.5430770974702148,-0.03621853898096994,0.029508196721311553,0.03357472021066488,35700.0,16860.0,-0.12044817927170869,0.8623962040332147,0.9918034081397369,1.0652734428009227,0.02197452229299368,0
2023-10-30,31640.0,32000.0,30900.0,31440.0,29782995780,947326,381,30620.0,32000.0,55.56617925800029,622.3964282644811,772.0162937860149,33408.568876206926,29880.43112379307,31644.5,29550.0,0.3205790989280861,-0.030303030303030276,0.03559870550161803,0.019108280254777066,35700.0,16860.0,-0.10364145658263306,0.8979833926453143,1.0112341797152744,1.0829103214890017,-0.009375000000000022,0
2023-10-31,32000.0,33010.0,31220.0,32460.0,70731848110,2178899,563,31440.0,32200.0,56.582702769308746,614.5957559068956,740.5321862101911,33387.59812742592,29884.401872574086,31636.0,29649.8,0.7688778133357611,-0.006172839506172867,0.009720915647538408,0.006250000000000089,35700.0,16860.0,-0.09803921568627451,0.9098457888493475,1.0178277911240359,1.0860106982171887,-0.008695652173912993,0
2023-11-01,32480.0,32900.0,31020.0,32180.0,74716645830,2321546,651,32460.0,32460.0,57.93012295047682,622.2209185223837,716.8699326726296,33438.22878339235,29876.771216607656,31657.5,29757.0,0.8351477306231939,-0.005819295558958659,0.014375000000000027,0.008074534161490732,35700.0,16860.0,-0.0907563025210084,0.9252669039145908,1.025349443259891,1.0908357697348523,0.0,0
2023-11-04,32940.0,33510.0,32190.0,32970.0,39102653060,1186014,349,32180.0,32630.0,58.82979362360226,634.665465659622,700.4290392700282,33480.480918041445,29864.519081958555,31672.5,29870.0,0.4400249297522034,0.07406188281764314,0.007098765432098864,0.005237215033887965,35700.0,16860.0,-0.08599439775910364,0.935349940688019,1.0302312731865182,1.092400401740877,0.014403922770456656,0
2023-11-05,31800.0,32950.0,31800.0,32070.0,38290983060,1193889,479,32970.0,32090.0,54.81949362179596,594.1058890217355,679.1644092203697,33431.58654780202,30115.41345219798,31773.5,29972.6,0.4773841999768403,0.02197452229299368,-0.015039901780233289,-0.016549187863928894,35700.0,16860.0,-0.10112044817927171,0.9033214709371293,1.0099611311312886,1.070644521996757,0.023995014023060035,0
2023-11-06,32000.0,32600.0,31660.0,32030.0,42322053720,1321521,381,32070.0,31700.0,52.05933715246563,524.4468943450811,648.2209062453121,33361.95878522652,30323.041214773482,31842.5,30077.0,0.5264461697626276,-0.009375000000000022,-0.039393939393939426,-0.012153318790900647,35700.0,16860.0,-0.11204481792717087,0.8801897983392646,0.99552484886551,1.0539614988196961,0.018927444794952786,0
2023-11-07,32300.0,32500.0,31180.0,31970.0,59524255490,1861865,613,32030.0,31920.0,53.48219226677334,481.4440136799494,614.8655277322396,33369.43410518589,30330.56589481411,31850.0,30175.4,0.7415854665634718,-0.008695652173912993,-0.014814814814814836,0.006940063091482651,35700.0,16860.0,-0.10588235294117647,0.8932384341637011,1.0021978021978022,1.05781530650795,0.001879699248120259,0
2023-11-08,32850.0,33480.0,32050.0,32840.0,125892813890,3832954,654,31970.0,32460.0,56.86619118968673,485.34267966960397,588.9609581197125,33430.49967320325,30370.500326796748,31900.5,30274.6,1.4620678758948478,0.0,-0.005819295558958659,0.016917293233082775,35700.0,16860.0,-0.0907563025210084,0.9252669039145908,1.0175389100484318,1.07218592483468,-0.02002464571780649,0
2023-11-11,33000.0,34190.0,32320.0,33380.0,69363766250,2077944,617,32840.0,33100.0,60.53089710842715,533.9203504060097,577.952836576972,33495.06839785357,30570.931602146433,32033.0,30376.6,0.8135056539775156,0.014403922770456656,0.08953258722843982,0.019716574245224994,35700.0,16860.0,-0.07282913165266107,0.963226571767497,1.0333093996815783,1.0896545367157615,-0.04138972809667674,0
2023-11-12,33770.0,33770.0,32510.0,32950.0,38963594400,1182355,414,33380.0,32860.0,58.522899877931884,546.7499175025514,571.7122527620879,33473.39026009803,30828.60973990197,32151.0,30477.2,0.46803493453238865,0.023995014023060035,0.046496815286624305,-0.007250755287009025,35700.0,16860.0,-0.07955182072829131,0.9489916963226572,1.022052191222668,1.0781830351869595,-0.020389531345100464,0
2023-11-13,32960.0,33410.0,32120.0,32710.0,23178518510,708626,350,32950.0,32300.0,54.01990661951856,505.89843967217894,558.5494901441061,33412.87079836791,31029.129201632088,32221.0,30567.2,0.2909638727981036,0.018927444794952786,0.009374999999999911,-0.01704199634814363,35700.0,16860.0,-0.09523809523809523,0.9157769869513642,1.0024518171378913,1.0566882148184982,-0.014241486068111486,0
2023-11-14,32930.0,32930.0,31810.0,32120.0,23623751190,735533,353,32710.0,31980.0,51.57769107968919,442.60000616209436,535.3595933477038,33413.009578909645,31037.990421090355,32225.5,30652.8,0.3216837857740712,0.001879699248120259,-0.006832298136645987,-0.009907120743034015,35700.0,16860.0,-0.10420168067226891,0.896797153024911,0.9923818094366262,1.0432978390228624,-0.0037523452157598447,0
2023-11-15,32540.0,32540.0,31750.0,31930.0,22152648580,693769,262,32120.0,31810.0,50.277265695174385,374.4020880996359,503.16809229809024,33413.57087473024,31018.42912526976,32216.0,30739.0,0.34976907176754735,-0.02002464571780649,-0.02002464571780649,-0.005315822388993086,35700.0,16860.0,-0.10896358543417367,0.8867141162514828,0.9873975664266204,1.0348417320016916,-0.005029864822382879,0
2023-11-18,32200.0,32250.0,31660.0,31790.0,27393136600,861673,426,31930.0,31730.0,49.642947960090815,310.32221396979367,464.5989166324309,33394.99948453686,30970.00051546314,32182.5,30823.8,0.4743131457142301,-0.04138972809667674,-0.02758197977321486,-0.002514932411191495,35700.0,16860.0,-0.11120448179271708,0.8819691577698695,0.9859395634273285,1.0293993602346239,0.0037819098644815696,0
2023-11-19,32240.0,32690.0,31700.0,32030.0,16520537420,515749,207,31790.0,32190.0,53.291991785779146,293.27590558920565,430.33431442378594,33361.76770060014,30964.23229939986,32163.0,30910.0,0.29714123935474684,-0.020389531345100464,0.0031162355874103653,0.014497321147179276,35700.0,16860.0,-0.09831932773109243,0.9092526690391459,1.0008394739296707,1.041410546748625,-0.013668841255048192,0
2023-11-20,32500.0,32500.0,31770.0,31930.0,43927847870,1375666,395,32030.0,31840.0,50.30505971336595,248.65813229285777,393.99907799760035,33247.07705519467,30962.922944805334,32105.0,30990.0,0.8464720128773745,-0.014241486068111486,0.00441640378548902,-0.010872941907424716,35700.0,16860.0,-0.10812324929971989,0.8884934756820878,0.9917458339822458,1.0274282026460149,-0.009736180904522662,0
2023-11-21,31750.0,32500.0,31750.0,31930.0,23637828110,740222,256,31930.0,31860.0,50.47587504139633,212.46291808868045,357.6918460158164,33216.43049853828,30939.56950146172,32078.0,31077.2,0.48336479812740557,-0.0037523452157598447,-0.001879699248120259,0.0006281407035175768,35700.0,16860.0,-0.10756302521008404,0.8896797153024911,0.9932040650913398,1.025188884455485,-0.008160703075957287,0
2023-11-22,32490.0,32700.0,31610.0,31860.0,21572510120,677174,467,31930.0,31650.0,48.587395567316605,164.93147769408097,319.13977235146933,33149.26000553043,30906.73999446957,32028.0,31160.2,0.45622618881314286,-0.005029864822382879,-0.024953789279112737,-0.006591337099811634,35700.0,16860.0,-0.1134453781512605,0.8772241992882562,0.9881978269014612,1.0157187694559084,0.004739336492890933,0
2023-11-25,32110.0,32490.0,31170.0,31800.0,35508806820,1116664,518,31860.0,31850.0,50.487336444233776,141.76660014624213,283.6651379104239,32937.42523589262,31265.574764107387,32101.5,31248.6,0.8211783027358502,0.0037819098644815696,-0.03776435045317217,0.006319115323854652,35700.0,17450.0,-0.10784313725490197,0.8252148997134671,0.9921654751335608,1.019245662205667,0.0047095761381474865,0
2023-11-26,32110.0,32250.0,31710.0,31990.0,51468960110,1608996,446,31800.0,31750.0,49.50230389469216,114.0246977922834,249.7370498867958,32908.83289372001,31329.167106279987,32119.0,31332.6,1.185771371435699,-0.013668841255048192,-0.033779671332927586,-0.0031397174254317317,35700.0,18120.0,-0.11064425770308123,0.7522075055187638,0.9885114729599302,1.0133215883776003,0.010708661417322851,0
2023-11-27,32200.0,32200.0,31000.0,31730.0,38295591220,1206755,694,31990.0,31530.0,47.315167495357684,73.44030480508081,214.47770087045282,32925.065548948434,31265.934451051566,32095.5,31415.4,0.8809133458603668,-0.009736180904522662,-0.023839009287925705,-0.006929133858267766,35700.0,18300.0,-0.11680672268907563,0.7229508196721312,0.9823807075758284,1.0036478924349204,0.04662226450999052,0
2023-11-28,31850.0,32000.0,31380.0,31660.0,41927134660,1324325,416,31730.0,31600.0,48.10089216884046,46.390534746104095,180.8602676455831,32920.777148064946,31210.222851935054,32065.5,31486.8,0.9978623559143496,-0.008160703075957287,-0.011882426516572897,0.002220107833809104,35700.0,18300.0,-0.11484593837535013,0.726775956284153,0.9854828398122593,1.0035951573357724,0.10126582278481022,1
2023-11-29,31330.0,32200.0,31330.0,31770.0,43060566610,1355590,468,31660.0,31800.0,50.37796036622611,40.623443848089664,152.8129028860844,32875.183214501216,31189.816785498784,32032.5,31563.8,1.0599952676758018,0.004739336492890933,-0.0003143665513989369,0.006329113924050667,35700.0,19380.0,-0.1092436974789916,0.6408668730650154,0.9927417466635449,1.007483256135193,0.07327044025157226,1
2023-12-02,31310.0,32250.0,31310.0,32060.0,66706469980,2080597,506,31770.0,32000.0,52.61681097550893,51.59653851376788,132.5696300116211,32797.84126399308,31204.15873600692,32001.0,31633.6,1.5719306839974678,0.0047095761381474865,0.008509297195083532,0.0062893081761006275,35700.0,19600.0,-0.10364145658263306,0.6326530612244898,0.9999687509765319,1.0115826210105712,0.05875000000000008,1
2023-12-03,32500.0,32500.0,31460.0,31710.0,92998557210,2932622,639,32060.0,32090.0,53.63067217250958,66.78518489270573,119.41274098783802,32797.84126399308,31204.15873600692,32001.0,31711.8,2.079092256102316,0.010708661417322851,-0.003106554830692776,0.0028125000000001066,35700.0,19600.0,-0.10112044817927171,0.6372448979591837,1.0027811630886534,1.0119261599783047,0.07354315986288573,1
2023-12-04,32000.0,33400.0,32000.0,32930.0,196869565180,5978777,1082,31710.0,33000.0,62.392786852988486,150.5166293788534,125.6335186660411,32960.16776949413,31171.83223050587,32066.0,31793.8,3.6380693647921545,0.04662226450999052,0.03643216080402012,0.02835774384543477,35700.0,19600.0,-0.07563025210084033,0.6836734693877551,1.029127424686584,1.0379382143688392,0.042424242424242475,0
2023-12-05,33520.0,35230.0,33170.0,34920.0,493198955220,14122249,2201,32930.0,34800.0,73.1860847028867,357.99264281524665,172.1053434958822,33695.69175807169,30724.30824192831,32210.0,31877.2,6.2587191523533825,0.10126582278481022,0.09227871939736354,0.05454545454545445,35700.0,19670.0,-0.025210084033613446,0.7691916624300966,1.0804098106178206,1.0916893579109834,0.0045977011494253706,0
2023-12-06,35000.0,35150.0,34070.0,34410.0,64160278540,1864348,809,34920.0,34130.0,65.63506020452814,463.0180933102529,230.28789345875634,33997.66284433213,30589.33715566787,32293.5,31958.2,0.863931329908868,0.07327044025157226,0.07835703001579786,-0.019252873563218365,35700.0,19670.0,-0.04397759103641457,0.7351296390442298,1.0568690293712357,1.0679575195098596,0.038968649282156376,0
2023-12-09,35200.0,35200.0,33800.0,34380.0,66501851610,1934550,706,34410.0,33880.0,63.022173195922925,520.0834110107826,288.2469969691616,34141.199809255864,30523.800190744136,32332.5,32022.6,0.8994509980416698,0.05875000000000008,0.06373626373626373,-0.0073249340755933146,35700.0,19670.0,-0.050980392156862744,0.7224199288256228,1.0478620583004716,1.0580027855327176,0.05608028335301052,1
2023-12-10,34050.0,35000.0,33550.0,34290.0,150322946910,4383677,899,34380.0,34450.0,66.31480616698119,604.3359144968308,351.4647804746955,34433.68840329123,30390.311596708776,32412.0,32097.0,1.8969745742971036,0.07354315986288573,0.08503937007874018,0.016824085005903155,35700.0,19680.0,-0.0350140056022409,0.7505081300813008,1.0628779464395903,1.0733090319967598,0.09027576197387521,1
2023-12-11,34410.0,34680.0,33810.0,34360.0,101328778550,2949260,498,34290.0,34400.0,65.76164152025652,659.470087718124,413.0658419233812,34714.963602974865,30319.036397025135,32517.0,32139.0,1.2172388753390655,0.042424242424242475,0.09102442118617193,-0.0014513788098693414,35700.0,19680.0,-0.036414565826330535,0.7479674796747967,1.057908171110496,1.0703506643019385,0.07558139534883712,1
2023-12-12,34850.0,35790.0,34350.0,35140.0,93811861230,2669924,688,34360.0,34960.0,68.89150646577778,739.8234133163642,478.4173562019778,35090.50324809069,30241.49675190931,32666.0,32190.8,1.05964950757539,0.0045977011494253706,0.10632911392405053,0.016279069767441756,35700.0,19680.0,-0.02072829131652661,0.7764227642276422,1.07022592297802,1.086024578450986,0.05406178489702507,1
2023-12-13,35600.0,35710.0,35050.0,35380.0,86689604420,2449964,553,35140.0,35460.0,71.40495559240944,834.2333018811914,549.5805453378206,35524.26736657026,30172.732633429736,32848.5,32259.4,0.9396054542558635,0.038968649282156376,0.1150943396226416,0.014302059496567487,35700.0,19680.0,-0.0067226890756302525,0.801829268292683,1.0795013470934747,1.0992144925200096,0.04060913705583746,0
2023-12-16,35590.0,36440.0,35100.0,35680.0,115064705300,3225056,638,35380.0,35780.0,72.91333736240236,924.2212966042716,624.5086955911108,35960.33600672085,30141.66399327915,33051.0,32328.4,1.1832426761989732,0.05608028335301052,0.11812500000000004,0.009024252679074918,35780.0,19800.0,0.0,0.807070707070707,1.0825693625003783,1.1067668056569455,0.03633314700950252,0
2023-12-18,36100.0,38000.0,35640.0,36660.0,140525082800,3833681,1038,35680.0,37560.0,79.41729446171331,1126.1865768391144,724.8442718407116,36797.116856412234,29841.883143587766,33319.5,32478.2,1.3258428392399204,0.09027576197387521,0.17045808663134943,0.049748462828395734,37560.0,19800.0,0.0,0.896969696969697,1.1272678161436995,1.1564680308637794,-0.012247071352502692,0
2023-12-19,38170.0,38170.0,36750.0,37250.0,79647404110,2138141,614,36660.0,37000.0,73.4425081484541,1226.9150832699597,825.2584341265613,37332.362847029515,29822.637152970485,33577.5,32611.8,0.7298334676279443,0.07558139534883712,0.1212121212121211,-0.014909478168264156,37560.0,20070.0,-0.014909478168264111,0.8435475834578974,1.1019283746556474,1.1345586566825505,-0.000540540540540535,0
2023-12-20,37300.0,38110.0,36420.0,37200.0,50450420280,1356111,464,37250.0,36850.0,71.88252984365337,1279.885678527513,916.1838830067517,37751.523410556074,29902.47658944393,33827.0,32713.4,0.4580801382424043,0.05406178489702507,0.05890804597701149,-0.004054054054054013,37560.0,20070.0,-0.018903088391906284,0.8360737419033383,1.0893664823957194,1.1264497117389205,0.004070556309362372,0
2023-12-23,37900.0,37900.0,36460.0,36730.0,43793297220,1192286,498,37200.0,36900.0,72.09530055047324,1310.7898693586176,995.1050802771249,38097.87361033159,30081.126389668407,34089.5,32822.4,0.3992681415761914,0.04060913705583746,0.08116026955757394,0.0013568521031208647,37560.0,20070.0,-0.01757188498402556,0.8385650224215246,1.0824447410492968,1.1242322316466802,0.011653116531165297,0
2023-12-24,37000.0,37790.0,36550.0,37060.0,77931966100,2102718,802,36730.0,37080.0,72.89062135136271,1334.4237525526914,1062.9688147322381,38422.74115090864,30279.258849091362,34351.0,32955.0,0.6927132001651073,0.03633314700950252,0.0944510035419126,0.004878048780487809,37560.0,20300.0,-0.012779552715654952,0.8266009852216749,1.079444557654799,1.125170687300865,0.04638619201725991,0
2023-12-25,37150.0,37890.0,37050.0,37190.0,65586964990,1763512,491,37060.0,37100.0,72.98276133380044,1339.3286610089854,1118.2407839875877,38674.50924555195,30562.490754448052,34618.5,33087.0,0.5794912778119623,-0.012247071352502692,0.07692307692307687,0.0005393743257819938,37560.0,20300.0,-0.012247071352502662,0.8275862068965517,1.0716813264583964,1.121286305799861,0.04070080862533687,0
2023-12-26,37300.0,37300.0,36700.0,37020.0,69335800730,1873043,465,37190.0,36980.0,71.41438529864452,1318.3358837481428,1158.259803939699,38810.40760830039,30971.59239169961,34891.0,33208.6,0.6088184235212004,-0.000540540540540535,0.07499999999999996,-0.0032345013477088624,37560.0,20650.0,-0.0154419595314164,0.7907990314769976,1.0598721733398297,1.113566967592732,0.025959978366684622,0
2023-12-27,36600.0,37430.0,36600.0,36980.0,81861197170,2213902,545,37020.0,37000.0,71.52421984759351,1288.4602219768494,1184.2998875471292,38874.97307475472,31447.026925245278,35161.0,33310.8,0.7093565255550752,0.004070556309362372,0.0583524027459954,0.0005408328826392861,37560.0,20650.0,-0.014909478168264111,0.7917675544794189,1.0523022667159636,1.1107508675864883,0.005135135135135194,0
2023-12-30,37240.0,37600.0,36740.0,37070.0,38497858920,1038580,421,36980.0,37330.0,73.34414167693284,1276.6948434155565,1202.7788787208146,38925.971728422504,31949.028271577492,35437.5,33417.4,0.33447016519234707,0.011653116531165297,0.052735476593344544,0.008918918918918939,37560.0,20650.0,-0.006123535676251331,0.8077481840193704,1.0534038800705467,1.1170827173867506,-0.019823198499866024,0
2023-12-31,37390.0,39100.0,37380.0,38240.0,183680213590,4803313,1030,37070.0,38800.0,79.59899074044479,1370.1926825095215,1236.261639478556,39184.11635644567,32370.883643554323,35777.5,33545.4,1.4819159569920046,0.04638619201725991,0.08440469536053663,0.03937851593892305,38800.0,20650.0,0.0,0.8789346246973365,1.084480469568863,1.156641447113464,-0.08067010309278355,0
2024-01-01,38890.0,39480.0,38210.0,38830.0,155087666510,3994315,906,38240.0,38610.0,77.0813462565598,1412.6745486656582,1271.5442213159765,39276.04014947066,32930.95985052934,36103.5,33666.0,1.2124668982647928,0.04070080862533687,0.027955271565495154,-0.004896907216494828,38800.0,20650.0,-0.004896907216494845,0.8697336561743342,1.069425401969338,1.1468543931563002,-0.08883708883708885,0
2024-01-02,38610.0,39500.0,37770.0,38880.0,184650763300,4749759,819,38830.0,37940.0,68.81564147514554,1376.4119133331042,1292.517759719402,39277.81600617415,33423.18399382585,36350.5,33764.8,1.469185692207704,0.025959978366684622,0.025405405405405368,-0.017353017353017308,38800.0,20650.0,-0.02216494845360825,0.8372881355932204,1.0437270463955104,1.1236554044448657,-0.06694781233526625,0
2024-01-03,37750.0,38450.0,37150.0,37670.0,38900193420,1032699,711,38880.0,37190.0,60.93810074598717,1272.4863510260184,1288.5114779807252,39328.70600097376,33611.29399902624,36470.0,33860.6,0.40051279804844936,0.005135135135135194,0.00922659430122108,-0.01976805482340538,38800.0,20650.0,-0.04149484536082474,0.8009685230024213,1.019742253907321,1.0983266687536548,-0.0551223447163216,0
2024-01-06,38100.0,38100.0,36300.0,36870.0,43775125830,1187306,571,37670.0,36590.0,55.4677093972186,1128.698672853512,1256.5489169552827,39242.42333348286,33943.57666651714,36593.0,33939.4,0.46660014776055164,-0.019823198499866024,-0.008401084010840054,-0.016133369185264868,38800.0,20650.0,-0.05695876288659794,0.7719128329297821,0.9999180171070969,1.0780980217682103,-0.03826182016944524,0
2024-01-07,36510.0,37500.0,35670.0,36360.0,66279583580,1823014,698,36870.0,35670.0,48.30693163682768,929.7915327143273,1191.1974401070918,39066.97373648851,34298.02626351149,36682.5,34045.2,0.7180010358749437,-0.08067010309278355,-0.03802588996763756,-0.025143481825635416,38800.0,20820.0,-0.08067010309278351,0.7132564841498559,0.9723982825598038,1.0477247893976245,-0.011774600504625754,0
2024-01-08,35500.0,35670.0,34720.0,35180.0,94369454050,2682397,872,36360.0,35180.0,44.9765140462222,724.26837126381,1097.8116263384354,38985.070607903355,34452.929392096645,36719.0,34120.8,1.0930940069843749,-0.08883708883708885,-0.051752021563342354,-0.01373703392206338,38800.0,21010.0,-0.09329896907216495,0.6744407425035698,0.9580870938751055,1.031042648472486,-0.02586696986924386,0
2024-01-09,35110.0,35500.0,34910.0,35200.0,39623979140,1125548,429,35180.0,35400.0,46.751551342299024,572.5420382611119,992.7577087229708,38866.015975142654,34671.984024857346,36769.0,34188.8,0.47636931238292174,-0.06694781233526625,-0.042725797728501935,0.00625355315520193,38800.0,21770.0,-0.08762886597938144,0.6260909508497933,0.962767548750306,1.0354268064395358,-0.049717514124293816,0
2024-01-10,35850.0,35850.0,35110.0,35240.0,43821907820,1243380,468,35200.0,35140.0,44.9077422457757,426.40269430445187,879.4867058392671,38845.21648600322,34710.78351399678,36778.0,34247.6,0.5426203761941882,-0.0551223447163216,-0.05027027027027031,-0.007344632768361614,38800.0,22090.0,-0.09432989690721649,0.5907650520597555,0.9554625047582794,1.026057300365573,-0.0611838360842345,0
2024-01-15,36400.0,36400.0,35130.0,35360.0,24826434370,702194,253,35240.0,35190.0,45.35407529502689,311.0353713263903,765.7964389366917,38869.15650404134,34659.84349595866,36764.5,34302.2,0.31859291614712065,-0.03826182016944524,-0.05732654701312612,0.001422879908935748,38800.0,22090.0,-0.09304123711340206,0.5930285196921684,0.957173360170817,1.0258817218720666,-0.0531400966183575,0
2024-01-16,35190.0,35350.0,34540.0,34930.0,43136160000,1234971,437,35360.0,35250.0,45.920274019911965,221.8896297187748,657.0150770931083,38904.02493060526,34571.97506939474,36738.0,34354.6,0.5868118192852749,-0.011774600504625754,-0.09149484536082475,0.0017050298380221207,38800.0,22090.0,-0.09149484536082474,0.5957446808510638,0.9594969786052588,1.0260634674832483,-0.08709219858156025,0
2024-01-17,35050.0,35500.0,34000.0,34470.0,35011266050,1015678,352,34930.0,34270.0,38.84138196543478,71.34080504365556,539.8802226832178,38953.93924518217,34193.06075481783,36573.5,34398.2,0.517241585647414,-0.02586696986924386,-0.11240611240611242,-0.027801418439716286,38800.0,22090.0,-0.11675257731958763,0.5513807152557718,0.9370172392579327,0.9962730607996931,-0.05398307557630577,0
2024-01-20,33690.0,35000.0,33420.0,33910.0,46222190590,1362918,543,34470.0,33640.0,35.095832595413356,-97.67996420373674,412.3681853058269,39095.908705011825,33715.091294988175,36405.5,34437.0,0.7080526797951584,-0.049717514124293816,-0.11333684765419083,-0.018383425736796077,38800.0,22090.0,-0.13298969072164948,0.5228610230873698,0.9240362033209267,0.9768562882945669,-0.027645659928656308,0
2024-01-21,33300.0,34000.0,32800.0,33000.0,27760921990,841266,339,33910.0,32990.0,31.69935489944156,-280.8423336801352,273.72608150863454,39275.65441987559,33149.34558012441,36212.5,34458.4,0.44297209376275826,-0.0611838360842345,-0.11293358429685396,-0.01932223543400713,38800.0,22090.0,-0.1497422680412371,0.4934359438660027,0.9110113910942355,0.9573862976806816,-0.008184298272203683,0
2024-01-22,32500.0,33900.0,32500.0,33050.0,26912610400,814316,320,33000.0,33320.0,35.13170040067929,-394.8203458490534,140.01679603709698,39324.93297060768,32742.06702939232,36033.5,34475.6,0.4330911862410011,-0.0531400966183575,-0.0893686799672041,0.010003031221582193,38800.0,22090.0,-0.14123711340206185,0.5083748302399276,0.9246950754159324,0.9664806413811508,-0.024609843937575038,0
2024-01-23,33120.0,33870.0,31610.0,32240.0,27991141820,868101,317,33050.0,32180.0,29.598123338423207,-570.5601520116033,-2.0985935726430824,39441.483848856056,32135.516151143944,35788.5,34457.2,0.4773692273226232,-0.08709219858156025,-0.09784132324081862,-0.03421368547418968,38800.0,22090.0,-0.17061855670103093,0.4567677682209144,0.8991715215781606,0.9339122157343024,0.011497824735860807,0
2024-01-24,32000.0,33000.0,31910.0,32230.0,43874350390,1361213,342,32240.0,32420.0,32.02553624018354,-682.6006251929575,-138.19899989670597,39434.012727135094,31674.98727286491,35554.5,34448.4,0.7569040772535232,-0.05398307557630577,-0.07845366685616828,0.007458048477315016,38800.0,22090.0,-0.16443298969072165,0.46763241285649615,0.9118395702372414,0.9411177297058789,0.017890191239975373,0
2024-01-27,33300.0,33350.0,32280.0,32760.0,18951982210,578517,220,32230.0,32710.0,34.944411074296724,-739.4687950621883,-258.45295892980243,39351.00199501236,31330.998004987643,35341.0,34456.6,0.33369511896833154,-0.027645659928656308,-0.07598870056497176,0.008945095619987686,38800.0,22090.0,-0.15695876288659794,0.48076052512449075,0.9255538892504457,0.9493101466772694,0.011922959339651484,0
2024-01-28,32210.0,32970.0,32010.0,32510.0,26505803620,815349,346,32760.0,32720.0,35.04798465683132,-774.7989133920782,-361.7221498222576,39216.05906046893,31037.940939531072,35127.0,34471.4,0.49006946210460434,-0.008184298272203683,-0.06886738759248723,0.0003057169061448928,38800.0,22090.0,-0.15670103092783505,0.4812132186509733,0.9314772112619922,0.9491926640635425,0.018031784841075815,0
2024-01-29,33030.0,33030.0,32030.0,32530.0,13940080390,428442,322,32510.0,32500.0,33.774028122945865,-811.1994458340996,-451.617609024626,38996.05945097537,30774.940549024628,34885.5,34485.2,0.26232725386453926,-0.024609843937575038,-0.07644217107132711,-0.00672371638141811,38800.0,22090.0,-0.16237113402061856,0.4712539610683567,0.9316191540898081,0.9424332757240789,0.036923076923076836,0
2024-01-30,32900.0,33400.0,32260.0,32890.0,41307273620,1255762,537,32530.0,32550.0,34.358017912084094,-826.4853393902886,-526.5911550977586,38385.128539281286,30760.871460718714,34573.0,34501.6,0.8625584685586447,0.011497824735860807,-0.07659574468085106,0.0015384615384614886,38800.0,22090.0,-0.16108247422680413,0.47351742870076957,0.9414861307957076,0.9434345073851648,0.030721966205837115,0
2024-01-31,32480.0,33240.0,32480.0,32930.0,39471204450,1198761,375,32890.0,33000.0,39.52656792626512,-793.1453945765825,-579.9020029935234,37676.727385977894,30908.272614022102,34292.5,34517.8,0.9108575541653238,0.017890191239975373,-0.03705865188211266,0.01382488479262678,38800.0,22090.0,-0.14948453608247422,0.4938886373924853,0.9623095429029671,0.9560284838547067,0.08696969696969692,1
2024-02-03,32500.0,33500.0,32500.0,33140.0,33992536430,1025674,324,32930.0,33100.0,40.645017447908586,-750.0084532601322,-613.9232930468452,37024.100343019,31076.899656981,34050.5,34543.0,0.907776282922549,0.011922959339651484,-0.016052318668252075,0.003030303030302939,38800.0,22090.0,-0.14690721649484537,0.498415572657311,0.9720855787727053,0.9582259792143126,0.12114803625377646,1
2024-02-04,33170.0,33930.0,32840.0,33480.0,34877782790,1041830,481,33140.0,33310.0,43.02798078873871,-690.9124627328856,-629.3211269840533,36469.951931833195,31243.048068166805,33856.5,34572.0,0.921702772508799,0.018031784841075815,0.009699909063352496,0.006344410876133022,38800.0,22090.0,-0.14149484536082474,0.507922136713445,0.983858343301877,0.9634964711327085,0.11978384869408587,1
2024-02-05,33500.0,34300.0,33150.0,33520.0,29963273590,893767,368,33480.0,33700.0,47.262550599300404,-605.627427844207,-624.5823871560841,36004.83754330799,31419.16245669201,33712.0,34613.0,0.8011142155159271,0.036923076923076836,0.01140456182472982,0.01170819573701598,38800.0,22090.0,-0.13144329896907217,0.5255771842462653,0.9996440436639772,0.9736226273365498,0.061127596439169096,1
2024-02-06,33510.0,34100.0,33200.0,33530.0,23199011360,691967,291,33520.0,33550.0,45.850964111893354,-543.8727432123997,-608.4404583673472,35715.65779215554,31496.34220784446,33606.0,34647.0,0.6533522178754078,0.030721966205837115,0.04257302672467378,-0.004451038575667643,38800.0,22090.0,-0.13530927835051546,0.5187867813490267,0.9983336308992442,0.9683378070251393,0.06378539493293589,1
2024-02-07,32500.0,35870.0,32500.0,34690.0,109737169660,3163124,606,33530.0,35870.0,63.839786456589344,-304.22023823634663,-547.5964143411471,35871.09162555646,31409.90837444354,33640.5,34729.4,2.92033090123529,0.08696969696969692,0.10641579272054291,0.06915052160953805,38800.0,22090.0,-0.07551546391752577,0.6238116794929832,1.0662742824868834,1.0328424908003018,-0.024254251463618592,0
2024-02-10,37110.0,37110.0,37010.0,37110.0,451397818300,12165172,2896,34690.0,37110.0,69.64435398134229,-14.074027919079526,-440.8919370567336,36321.11387033452,31130.88612966548,33726.0,34841.0,7.439925666622286,0.12114803625377646,0.13451543870376037,0.03456927794814613,38800.0,22090.0,-0.04355670103092783,0.679945676776822,1.1003380181462372,1.0651244223759364,-0.0528159525734303,0
2024-02-12,38400.0,38880.0,36950.0,37680.0,236098646310,6265121,2146,37110.0,37300.0,70.42767705722898,228.56558447101997,-307.00043275118287,36807.680547739226,30860.319452260774,33834.0,34955.0,3.3215445079825936,0.11978384869408587,0.1399755501222495,0.005119913769873419,38800.0,22090.0,-0.03865979381443299,0.6885468537799909,1.1024413312052965,1.0670862537548276,-0.0630026809651475,0
2024-02-13,37400.0,37570.0,35750.0,36160.0,95641296110,2644977,1323,37680.0,35760.0,57.48053177451007,293.21410603624827,-186.95752499369667,36897.90359754723,30827.09640245277,33862.5,35034.2,1.3335931299541588,0.061127596439169096,0.10030769230769221,-0.04128686327077746,38800.0,22090.0,-0.07835051546391752,0.618832050701675,1.0560354374307863,1.0207168994867872,-0.02097315436241609,0
2024-02-14,35520.0,36300.0,35200.0,35880.0,41336361940,1152073,684,36160.0,35690.0,56.967879704354786,334.9391402422043,-82.57819194651648,36965.840455062156,30803.15954493784,33884.5,35108.0,0.5820898267351671,0.06378539493293589,0.09646697388632863,-0.0019574944071588662,38800.0,22090.0,-0.08015463917525774,0.6156631960162969,1.0532839498885922,1.0165774182522502,-0.04174838890445498,0
2024-02-17,36500.0,36500.0,34780.0,35100.0,72215602880,2057590,721,35880.0,35000.0,52.04088240642697,308.7699888053685,-4.308555796139494,37036.84274314393,30805.157256856073,33921.0,35166.2,1.0129439466508343,-0.024254251463618592,0.06060606060606055,-0.019333146539646906,38800.0,22090.0,-0.0979381443298969,0.5844273426889995,1.0318092037380973,0.9952738709328846,-0.03885714285714281,0
2024-02-18,35000.0,36000.0,34600.0,35080.0,33699971110,960684,353,35100.0,35150.0,52.99268002015981,296.7141580351308,55.89598697011458,37154.34277632733,30838.65722367267,33996.5,35209.2,0.47767055576629364,-0.0528159525734303,0.0619335347432024,0.004285714285714226,38800.0,22090.0,-0.09407216494845361,0.5912177455862381,1.033929963378583,0.998318621269441,-0.06429587482219057,0
2024-02-19,35900.0,35900.0,34900.0,35040.0,40724101810,1162210,432,35080.0,34950.0,51.5243970356563,267.9329326962252,98.3033761153367,37242.956606021864,30946.043393978132,34094.5,35212.2,0.5732988199429517,-0.0630026809651475,0.04923446412488741,-0.005689900426742556,38800.0,22090.0,-0.09922680412371133,0.5821638750565867,1.0250920236401766,0.9925537171775692,-0.01573676680972813,0
2024-02-20,35480.0,35480.0,34530.0,35070.0,13891977190,396050,265,35040.0,35010.0,51.95448046907307,247.11649765638867,128.0660004235471,37330.48790256329,31027.512097436713,34179.0,35229.8,0.19740129088133135,-0.02097315436241609,0.03887240356083077,0.0017167381974247942,38800.0,22090.0,-0.09768041237113402,0.5848800362154821,1.0243131747564294,0.9937609637295698,-0.028563267637817802,0
2024-02-21,35420.0,35420.0,34000.0,34410.0,51831115820,1506128,484,35070.0,34200.0,46.01864598626861,163.3757978655558,135.12795991194884,37295.28771429905,31264.712285700953,34280.0,35236.2,0.7389426036353132,-0.04174838890445498,0.019374068554396384,-0.023136246786632397,38800.0,22090.0,-0.11855670103092783,0.5482118605703938,0.9976662777129521,0.9705927426907556,0.029239766081871288,0
2024-02-24,34410.0,34800.0,33530.0,33960.0,32472311650,956307,434,34410.0,33640.0,42.4109918384868,51.232790361456864,118.34892600185046,37250.82404966396,31431.175950336034,34341.0,35220.0,0.4738943156017399,-0.03885714285714281,-0.06216894340674661,-0.01637426900584793,38800.0,22090.0,-0.13298969072164948,0.5228610230873698,0.9795870824961417,0.9551391254968767,0.04399524375743158,0
2024-02-26,34280.0,34280.0,32500.0,33300.0,34291299570,1029685,513,33960.0,32890.0,38.102703409980904,-97.04144959602127,75.27085088227612,37240.64006752878,31459.35993247122,34350.0,35189.8,0.5046155450560691,-0.06429587482219057,-0.11371597952034496,-0.022294887039238986,38800.0,22090.0,-0.15231958762886597,0.48890900860117703,0.9574963609898107,0.9346458348726051,0.04803891760413492,0
2024-02-27,32400.0,34700.0,32400.0,33940.0,46845319380,1380315,496,33300.0,34400.0,49.27513298358297,-91.64899999465706,41.886880706889485,37226.25643521558,31641.743564784418,34434.0,35178.6,0.6672114477796948,-0.01573676680972813,-0.07774798927613946,0.04591061112800254,38800.0,22090.0,-0.1134020618556701,0.5572657311000453,0.999012603821804,0.9778672260976844,0.017151162790697727,0
2024-02-28,34000.0,35500.0,34000.0,34540.0,16374200740,473193,304,33940.0,34010.0,46.919530801145925,-117.49082438111509,10.011339689288572,37166.90079777267,31852.099202227324,34509.5,35149.6,0.22848312147712757,-0.028563267637817802,-0.04893736017897088,-0.011337209302325624,38800.0,22090.0,-0.12345360824742269,0.539610683567225,0.9855257248004172,0.9675785784191001,0.020288150543957606,0
2024-03-02,34000.0,35400.0,34000.0,34880.0,46292510600,1327204,477,34540.0,35200.0,54.125788566616215,-41.469566286396,-0.2848415058483429,37155.758938323816,32128.24106167618,34642.0,35138.0,0.6397422991590248,0.029239766081871288,-0.013729335948444943,0.034989708909144435,38800.0,22090.0,-0.09278350515463918,0.593481213218651,1.016107615033774,1.0017644715123228,-0.030681818181818143,0
2024-03-03,35550.0,36350.0,35010.0,35710.0,51896083470,1453459,466,34880.0,35120.0,53.598972258118735,12.182069728405622,2.2085407410024502,37152.26787193168,32343.732128068314,34748.0,35089.2,0.6963256586834882,0.04399524375743158,0.0034285714285713365,-0.002272727272727315,38800.0,22090.0,-0.09484536082474226,0.5898596650067904,1.0107056521238633,1.0008777629584031,-0.03473804100227795,0
2024-03-04,35450.0,35450.0,34030.0,34620.0,61508389490,1776504,522,35710.0,34470.0,49.39244638715586,2.2261484325572383,2.212062279313408,37104.29610105511,32528.703898944896,34816.5,35038.6,0.8360538160488087,0.04803891760413492,-0.019345661450924645,-0.01850797266514803,38800.0,22090.0,-0.1115979381443299,0.5604345857854233,0.9900478221532893,0.9837721826785317,-0.003191180736872634,0
2024-03-05,34500.0,35350.0,34050.0,34930.0,38501093490,1102187,275,34620.0,34990.0,52.59755336909208,35.88203746364161,8.946057316179049,37081.760873899075,32719.239126100925,34900.5,35001.4,0.5179728038512968,0.017151162790697727,0.0011444921316166035,0.01508558166521623,38800.0,22830.0,-0.09819587628865979,0.5326325010950503,1.0025644331743098,0.9996742987423359,-0.028293798228065214,0
2024-03-06,35550.0,35550.0,34240.0,34760.0,33738184260,970701,283,34930.0,34700.0,50.67020942628001,38.70779624909483,14.898405102762204,37064.19321331242,32836.80678668758,34950.5,34957.4,0.45535777928614923,0.020288150543957606,-0.008854612967723496,-0.00828808230923117,38800.0,22830.0,-0.1056701030927835,0.5199299167761717,0.9928327205619376,0.9926367521612018,-0.02449567723342938,0
2024-03-09,34900.0,34900.0,34000.0,34130.0,38655024900,1132688,356,34760.0,34120.0,46.963656053724705,-5.787210927526758,10.761281896704412,37030.85672014471,32927.14327985529,34979.0,34898.2,0.5259097936519271,-0.030681818181818143,-0.002339181286549752,-0.016714697406340018,38800.0,22830.0,-0.12061855670103093,0.49452474813841435,0.9754424083021241,0.9777008556315226,-0.018171160609613102,0
2024-03-10,33900.0,34900.0,33650.0,33860.0,14547553550,430372,270,34130.0,33900.0,45.601045557750844,-58.13187796417333,-3.0173500754711355,36940.93175087236,32820.06824912764,34880.5,34834.2,0.2133584779570588,-0.03473804100227795,0.007728894173602896,-0.00644783118405623,38800.0,22830.0,-0.12628865979381443,0.48488830486202367,0.9718897378191254,0.9731815284978557,0.015929203539823078,0
2024-03-11,34100.0,34500.0,33500.0,34150.0,29704024250,869754,396,33860.0,34360.0,48.93711450666001,-61.785028742582654,-14.77088580889344,36540.165546076074,32945.834453923926,34743.0,34781.8,0.5988556143892964,-0.003191180736872634,0.044694435998783755,0.013569321533923207,38800.0,22830.0,-0.11443298969072165,0.5050372317126588,0.9889761966439282,0.987872968046507,0.03579743888242137,0
2024-03-12,34920.0,34920.0,33810.0,34230.0,21339124950,623338,270,34150.0,34000.0,46.53205381891211,-92.6610297371517,-30.34891459454509,35964.962148006525,33191.037851993475,34578.0,34721.8,0.5326441709930508,-0.028293798228065214,-0.011627906976744207,-0.010477299185098987,38800.0,22830.0,-0.12371134020618557,0.48926850635129215,0.983284169124877,0.9792119072167916,0.06382352941176461,1
2024-03-13,34800.0,34800.0,33830.0,34050.0,25158643200,738821,280,34230.0,33850.0,45.52803912529746,-127.76147462192603,-49.83142660002128,35791.60465586325,33173.39534413675,34482.5,34652.2,0.6872989088044553,-0.02449567723342938,-0.004704498676859736,-0.004411764705882337,38800.0,22830.0,-0.12757731958762886,0.4826982041173894,0.9816573624302182,0.9768499546926315,0.07090103397341219,1
2024-03-16,33950.0,34790.0,33410.0,33790.0,25549230060,756208,409,34050.0,33500.0,43.18652094137301,-181.72607987783704,-76.21035725558443,35624.89616182925,33121.10383817075,34373.0,34546.2,0.7166694197778007,-0.018171160609613102,-0.048295454545454586,-0.010339734121122546,38800.0,23280.0,-0.13659793814432988,0.43900343642611683,0.9746021586710499,0.9697159166565353,0.07462686567164178,1
2024-03-17,33690.0,34710.0,33450.0,34180.0,22389680600,655058,208,33790.0,34440.0,50.54330741627951,-146.94933379767463,-90.35815256400247,35564.17185006988,33125.82814993012,34345.0,34462.8,0.6650042693554689,0.015929203539823078,-0.019362186788154934,0.028059701492537226,38800.0,23880.0,-0.11237113402061856,0.44221105527638194,1.002766050371233,0.9993384170758034,0.05197444831591169,1
2024-03-18,34840.0,35600.0,34120.0,35300.0,31726069130,898674,350,34180.0,35590.0,57.75116467903319,-26.290067395304504,-77.54453553026288,35657.28833986935,33076.71166013065,34367.0,34415.8,0.915199948510239,0.03579743888242137,0.03249202204815771,0.03339140534262475,38800.0,23880.0,-0.0827319587628866,0.49036850921273034,1.0355864637588383,1.0341180504303256,0.013486934532171979,0
2024-03-24,35300.0,36500.0,35300.0,36110.0,35949010590,995647,401,35300.0,36170.0,60.85019316558819,114.81095405835367,-39.073437612539564,35922.03614414205,32933.96385585795,34428.0,34395.4,1.0226294355780288,0.06382352941176461,0.03372392112032019,0.01629671255970777,38800.0,23880.0,-0.06778350515463917,0.5146566164154104,1.050598350180086,1.0515941085145106,-0.035111971246889695,0
2024-03-25,36540.0,36940.0,35740.0,36210.0,30034343000,829478,430,36110.0,36250.0,61.272162365893664,230.43356683192542,14.82796327635343,36167.18812302104,32812.81187697896,34490.0,34388.6,0.8334066372175114,0.07090103397341219,0.04466858789625361,0.0022117777163395136,38800.0,23880.0,-0.06572164948453608,0.5180067001675042,1.0510292838503914,1.054128403017279,-0.044137931034482714,0
2024-03-26,36210.0,36890.0,35700.0,36120.0,16668782680,461634,259,36210.0,36000.0,59.12742175007437,298.4520404655559,71.55277871419393,36374.368969861796,32785.631030138204,34580.0,34395.2,0.4895057993841016,0.07462686567164178,0.055099648300117154,-0.006896551724137945,38800.0,23880.0,-0.07216494845360824,0.507537688442211,1.0410641989589358,1.0466576731636974,-0.07916666666666672,0
2024-03-27,35800.0,36700.0,35800.0,36110.0,26472670420,733019,313,36120.0,36230.0,60.49738807492818,366.6892828797645,130.58007954730806,36585.788623853725,32833.211376146275,34709.5,34416.2,0.7865880449549707,0.05197444831591169,0.06873156342182885,0.006388888888888999,38800.0,23880.0,-0.06623711340206186,0.5171691792294807,1.0438064506835305,1.0527019252561294,-0.061827215015180736,0
2024-03-30,36250.0,36790.0,35700.0,36070.0,17537793650,486314,345,36110.0,36070.0,59.015482106268884,403.2091818324334,185.10590000433314,36636.94875526631,33100.05124473369,34868.5,34429.6,0.5375248527624423,0.013486934532171979,0.04976717112922002,-0.004416229643941505,38800.0,23880.0,-0.07036082474226804,0.5104690117252931,1.0344580351893542,1.0476450496084764,-0.045744385916273944,0
2024-04-02,35000.0,35640.0,34250.0,34970.0,32600390580,932108,351,36070.0,34900.0,49.47223598505338,333.8933285123567,214.86338570593784,36648.837859217696,33138.162140782304,34893.5,34424.8,1.0564308414635741,-0.035111971246889695,0.026470588235294024,-0.032436928195176074,38800.0,23880.0,-0.10051546391752578,0.46147403685092125,1.0001862811125282,1.0138040017661685,0.002865329512893977,0
2024-04-03,34900.0,34900.0,34010.0,34370.0,32608438280,948805,564,34970.0,34650.0,47.697378423438074,255.8379639053237,223.05830134581504,36638.05919605804,33212.94080394196,34925.5,34414.0,1.0471321196648953,-0.044137931034482714,0.02363367799113747,-0.007163323782234943,38800.0,23880.0,-0.10695876288659793,0.4510050251256281,0.9921117807905399,1.0068576742023596,-0.03232323232323231,0
2024-04-06,34100.0,34900.0,33100.0,33650.0,36628970710,1088586,447,34370.0,33150.0,38.72128002258766,72.10982395501924,192.8686058676559,36695.49672896989,32950.50327103011,34823.0,34372.0,1.2174292799086077,-0.07916666666666672,-0.010447761194029903,-0.04329004329004327,38800.0,23880.0,-0.14561855670103094,0.38819095477386933,0.9519570398874307,0.9644478063540091,-0.0009049773755656076,0
2024-04-07,33070.0,34210.0,33060.0,33740.0,23172197430,686726,430,33650.0,33990.0,44.96708375236802,-5.649941806099378,153.16489633290485,36667.71303382944,32865.28696617056,34766.5,34366.4,0.8024083256614536,-0.061827215015180736,-0.013066202090592283,0.025339366515837014,38800.0,23880.0,-0.12396907216494846,0.42336683417085424,0.9776652812333712,0.9890474416872294,-0.007943512797881747,0
2024-04-08,34150.0,35250.0,34150.0,34860.0,27405927940,786124,362,33740.0,34420.0,47.8948292646086,-32.20645410547877,116.09062624522814,36666.89673918553,32861.10326081447,34764.0,34382.0,0.974962424599606,-0.045744385916273944,-0.032874402922169144,0.012650779641070864,38800.0,23880.0,-0.11288659793814433,0.44137353433835846,0.9901047060177195,1.001105229480542,-0.015107495642068591,0
2024-04-09,35100.0,35240.0,34520.0,34900.0,77044270710,2207482,711,34860.0,35000.0,51.6325608628849,-6.378006999802892,91.59689959622193,36667.6392487159,32861.3607512841,34764.5,34422.2,2.5621417288544834,0.002865329512893977,-0.03234724910146525,0.01685066821615333,38800.0,23880.0,-0.0979381443298969,0.4656616415410385,1.006774151792777,1.0167856790094765,-0.024571428571428577,0
2024-04-13,34520.0,35220.0,33000.0,33450.0,64129481950,1916898,731,34900.0,33530.0,43.17844311707997,-103.33431759222731,52.61065615853208,36683.93225364341,32728.067746356588,34706.0,34426.4,2.1090615584978853,-0.03232323232323231,-0.07503448275862068,-0.04200000000000004,38800.0,23880.0,-0.13582474226804123,0.4041038525963149,0.9661153691004437,0.9739618432365859,0.046525499552639404,0
2024-04-14,33120.0,33120.0,33120.0,33390.0,3106225440,93787,48,33450.0,33120.0,41.15443399702488,-210.8261926422274,-0.07671360161981511,36738.45432122841,32573.545678771585,34656.0,34445.2,0.10944385770022964,-0.0009049773755656076,-0.07999999999999996,-0.012227855651655184,38800.0,23880.0,-0.1463917525773196,0.3869346733668342,0.9556786703601108,0.9615272955302917,0.0531400966183575,1
2024-04-15,33120.0,33720.0,33120.0,33670.0,56968575340,1692017,287,33390.0,33720.0,45.20259307903613,-244.77764810712688,-49.01690050272123,36743.95112007955,32550.048879920447,34647.0,34471.2,1.8391011363943914,-0.007943512797881747,-0.06927960253933207,0.018115942028985588,38800.0,23880.0,-0.1309278350515464,0.4120603015075377,0.9732444367477704,0.9782078952865001,0.03736654804270456,0
2024-04-16,33510.0,33950.0,33340.0,33410.0,41829495990,1252130,428,33670.0,33900.0,46.39400817946731,-254.22932805134042,-90.05938601244506,36743.012977780665,32504.987022219335,34624.0,34495.0,1.3332691613319254,-0.015107495642068591,-0.06016079844746325,0.005338078291814874,38800.0,24000.0,-0.12628865979381443,0.4125,0.9790896487985212,0.9827511233512103,0.0,0
2024-04-22,34140.0,34140.0,34140.0,34140.0,28160379000,824850,120,31910.0,34140.0,48.01689679717021,-239.59199093581992,-119.96590699712004,36742.63349092661,32519.366509073392,34631.0,34523.4,0.8689781897378084,-0.024571428571428577,-0.02177650429799427,0.0070796460176991705,38800.0,24000.0,-0.12010309278350516,0.4225,0.985821951430799,0.9888944889553172,-0.010544815465729385,0
2024-04-23,36200.0,36200.0,34620.0,35270.0,83577511150,2369673,863,34140.0,35090.0,53.95872108009598,-149.61012292866508,-125.89475018342905,36781.96242187429,32604.03757812571,34693.0,34575.2,2.298955072898089,0.046525499552639404,0.012698412698412653,0.027826596367896972,38800.0,24000.0,-0.09561855670103092,0.46208333333333335,1.0114432306228922,1.014889284805294,-0.013964092333998313,0
2024-04-24,34600.0,35490.0,34000.0,34940.0,40604334590,1162040,580,35270.0,34880.0,52.52936598404999,-94.15868647942989,-119.54753744262922,36778.69630832283,32745.30369167717,34762.0,34621.8,1.1055965329990651,0.0531400966183575,0.05218702865761693,-0.005984611000285023,38800.0,24000.0,-0.10103092783505155,0.4533333333333333,1.0033945112479143,1.0074577289453466,-0.008600917431192623,0
2024-04-27,34850.0,35200.0,34600.0,34730.0,40835309350,1175699,338,34940.0,34980.0,53.16558836728356,-41.663587421149714,-103.97074743833333,36802.18553541469,32775.81446458531,34789.0,34661.4,1.091556832748181,0.03736654804270456,0.029126213592232997,0.0028669724770642446,38800.0,24000.0,-0.09845360824742268,0.4575,1.0054902411681854,1.0091917810590454,-0.028301886792452824,0
2024-04-28,34700.0,34990.0,33740.0,34290.0,24987251120,728773,430,34730.0,33900.0,45.995740140073856,-86.21399599461438,-100.41939714958956,36717.97932693706,32691.02067306294,34704.5,34677.4,0.6819952844380373,0.0,-0.015107495642068591,-0.030874785591766707,38800.0,24000.0,-0.12628865979381443,0.4125,0.9768185681972078,0.9775819409759671,0.006784660766961714,0
2024-04-29,34300.0,34390.0,33600.0,33860.0,15576940490,460783,340,34290.0,33780.0,45.26529621956722,-129.70831614767667,-106.277180949207,36518.489074187615,32651.510925812385,34585.0,34686.8,0.4422754104900118,-0.010544815465729385,-0.03485714285714281,-0.0035398230088495852,38800.0,24000.0,-0.12938144329896908,0.4075,0.9767240133005638,0.9738574904574651,0.005032563647128452,0
2024-04-30,35000.0,35000.0,33500.0,34240.0,31265179930,913060,563,33860.0,34600.0,50.99257638685851,-96.89379984426341,-104.4005047282183,36279.22592146421,32725.77407853579,34502.5,34704.8,0.872885113497244,-0.013964092333998313,0.03191172084700278,0.02427471876850218,38800.0,24000.0,-0.10824742268041238,0.44166666666666665,1.0028258821824505,0.9969802448076346,-0.027456647398843903,0
2024-05-01,34410.0,34590.0,34250.0,34440.0,20873232720,606001,420,34240.0,34580.0,50.852810416976176,-71.67565972227749,-97.85553572703014,36071.405789977835,32791.594210022165,34431.5,34725.4,0.5753663385137581,-0.008600917431192623,0.04408212560386482,-0.0005780346820809523,38800.0,24000.0,-0.10876288659793815,0.44083333333333335,1.0043129111424132,0.9958128632067593,-0.04251012145748989,0
2024-05-05,34630.0,34980.0,33750.0,34050.0,24243399750,711940,346,34440.0,33990.0,46.7794201527322,-98.16656806292303,-97.91774219420873,35744.69437270949,32894.30562729051,34319.5,34687.8,0.6766269735745395,-0.028301886792452824,0.008007117437722311,-0.017061885482938077,38800.0,24000.0,-0.12396907216494846,0.41625,0.9903990442751206,0.9798834172244996,-0.026772580170638438,0
2024-05-06,33950.0,34400.0,33800.0,34010.0,36743287680,1080383,509,34050.0,34130.0,47.8469535032111,-106.63475473364815,-99.6611447020966,35400.58106682128,33044.41893317872,34222.5,34628.2,0.9986040674530505,0.006784660766961714,0.006784660766961714,0.004118858487790478,38800.0,24000.0,-0.12036082474226804,0.4220833333333333,0.9972970998612024,0.985612881986358,-0.0823322590096689,0
2024-05-07,34590.0,34590.0,33800.0,33940.0,37022536870,1090691,365,34010.0,33950.0,46.55398523416873,-126.4131373989294,-105.01154324146316,35316.00832600063,33033.99167399937,34175.0,34561.2,1.000797010595488,0.005032563647128452,-0.005565319273579394,-0.005273952534427195,38800.0,24000.0,-0.125,0.41458333333333336,0.9934162399414777,0.9823154288624238,-0.0818851251840943,0
2024-05-08,34000.0,34000.0,33550.0,33730.0,30318651770,898790,414,33940.0,33650.0,44.40043865331617,-164.40003963072377,-116.88924251931529,35266.00832600062,32983.99167399938,34125.0,34519.0,0.8266091271152378,-0.027456647398843903,-0.04103733257338271,-0.008836524300441795,38800.0,24000.0,-0.1327319587628866,0.40208333333333335,0.9860805860805861,0.9748254584431763,-0.03566121842496284,0
2024-05-11,33990.0,33990.0,32500.0,33150.0,27239602070,821705,342,33730.0,33110.0,40.74662621992096,-235.36527597038366,-140.58444920952897,35270.95644516799,32975.04355483201,34123.0,34467.4,0.7651044118611039,-0.04251012145748989,-0.050745412844036664,-0.016047548291233338,38800.0,24000.0,-0.14664948453608248,0.37958333333333333,0.9703132784339009,0.9606178591944852,-0.01932950770160069,0
2024-05-12,33200.0,33980.0,32600.0,33020.0,14150372060,428835,257,33150.0,33080.0,40.546994368927535,-290.67575713711267,-170.6027107950457,35311.82370146681,32843.17629853319,34077.5,34429.0,0.4041483840496745,-0.026772580170638438,-0.054316752429959925,-0.0009060706735125601,38800.0,24000.0,-0.14742268041237114,0.37833333333333335,0.9707284865380383,0.9608179151296872,-0.06378476420798063,0
2024-05-13,32660.0,33500.0,30710.0,31060.0,94869000920,3054501,730,33020.0,31320.0,30.962818714990263,-471.09649586162413,-230.7014678083614,35632.69150974465,32212.308490255353,33922.5,34352.4,2.60067778519558,-0.0823322590096689,-0.07610619469026547,-0.053204353083434075,38800.0,24000.0,-0.19278350515463918,0.305,0.9232810081804113,0.9117266915848674,-0.0063856960408684715,0
2024-05-14,31620.0,31940.0,31000.0,31410.0,27113188430,863255,277,31060.0,31170.0,30.305344688814017,-619.0489664194392,-308.370967530577,35746.22107968397,31715.778920316032,33731.0,34276.8,0.7796101935485676,-0.0818851251840943,-0.07726465364120783,-0.004789272030651381,38800.0,24000.0,-0.19664948453608247,0.29875,0.9240757759924105,0.9093614339728329,0.011228745588707012,0
2024-05-15,31430.0,32800.0,31370.0,31890.0,34730697570,1089129,324,31410.0,32450.0,41.68483944680519,-625.8031930226352,-371.85741262898864,35767.350209893695,31586.64979010631,33677.0,34225.6,1.0217908380141103,-0.03566121842496284,-0.06213872832369938,0.041065126724414425,38800.0,24000.0,-0.163659793814433,0.35208333333333336,0.9635656382694421,0.9481207049693797,-0.05208012326656397,0
2024-05-18,31880.0,33700.0,31880.0,32160.0,10786429470,333879,199,31890.0,32470.0,41.84461786918476,-622.3678640875587,-421.9595029207027,35788.01557027295,31500.984429727043,33644.5,34191.0,0.3097475876158855,-0.01932950770160069,-0.0610179294389821,0.0006163328197226203,38800.0,24000.0,-0.16314432989690722,0.35291666666666666,0.9650908766663199,0.9496651165511392,-0.05451185709886053,0
2024-05-19,31800.0,32700.0,30010.0,30510.0,61219491440,2006222,511,32160.0,30970.0,34.2623410833788,-732.2419754451184,-484.01599742558585,35945.951414030744,31068.048585969256,33507.0,34137.6,1.8344832713135986,-0.06378476420798063,-0.0888496616651957,-0.04619648906683094,38800.0,24000.0,-0.2018041237113402,0.29041666666666666,0.9242844778702958,0.9072108173978253,-0.00355182434614143,0
2024-05-21,30020.0,31120.0,30010.0,30920.0,11173680990,359228,116,30510.0,31120.0,35.52058772941311,-798.0152310620615,-546.815844152881,36009.9432242201,30726.056775779896,33368.0,34102.2,0.34245723562553176,-0.0063856960408684715,-0.08819220627014357,0.0048433968356473844,38800.0,24000.0,-0.1979381443298969,0.2966666666666667,0.9326300647326781,0.9125510964102024,0.007069408740359995,0
2024-05-25,31530.0,31530.0,31040.0,31380.0,28105228720,895667,378,30920.0,31520.0,38.880183347459905,-808.5439614620991,-599.1614676147246,35971.05266957359,30502.94733042641,33237.0,34044.6,0.850979755398676,0.011228745588707012,-0.07157584683357876,0.01285347043701801,38800.0,24000.0,-0.18762886597938144,0.31333333333333335,0.9483407046363992,0.9258443336094417,-0.007296954314720772,0
2024-05-26,31100.0,31840.0,30760.0,30770.0,42646094310,1385953,216,31380.0,30760.0,35.13444592989795,-868.2055711890607,-652.9702883295919,35818.34542103427,30222.654578965732,33020.5,33979.6,1.381357637547172,-0.05208012326656397,-0.0858841010401189,-0.024111675126903598,38800.0,24000.0,-0.20721649484536084,0.2816666666666667,0.931542526612256,0.9052490317720044,0.0013003901170351995,0
2024-05-27,30350.0,30850.0,30160.0,30260.0,26025763240,860091,305,30770.0,30700.0,34.84900141330655,-909.8412418162916,-704.3444790269318,35646.744433907304,29976.255566092696,32811.5,33889.6,0.8703355016055232,-0.05451185709886053,-0.07278767743884018,-0.0019505851755526882,38800.0,24000.0,-0.20876288659793815,0.2791666666666667,0.9356475625923838,0.9058826306595534,-0.013029315960912058,0
2024-05-28,30810.0,30860.0,30710.0,30730.0,12684311430,411062,141,30260.0,30860.0,36.334412838079004,-919.3296875576671,-747.3415207330788,35378.5955627245,29832.4044372755,32605.5,33804.4,0.4326980263314405,-0.00355182434614143,-0.06711003627569534,0.005211726384364734,38800.0,24000.0,-0.20463917525773195,0.28583333333333333,0.9464660870098603,0.9128989125675947,-0.040829552819183434,0
2024-05-29,31340.0,31340.0,31170.0,31340.0,28620254790,913221,195,30730.0,31340.0,40.70228182188203,-877.9963651321632,-773.4724896128957,35236.06393799424,29718.936062005767,32477.5,33741.8,0.9520456104012865,0.007069408740359995,0.0006385696040869249,0.01555411535968898,38800.0,24000.0,-0.1922680412371134,0.30583333333333335,0.9649757524439997,0.9288182610293463,-0.06509253350350985,0
2024-06-01,31960.0,31960.0,30830.0,31380.0,15162555940,483066,236,31340.0,31290.0,40.39141997291527,-839.595655367084,-786.6971227637334,35089.860244879565,29616.13975512044,32353.0,33667.8,0.5030187675860048,-0.007296954314720772,0.0038498556304138454,-0.0015954052329291146,38800.0,24000.0,-0.19355670103092784,0.30375,0.9671436961023707,0.9293746547145937,-0.055928411633109576,0
2024-06-02,31200.0,31200.0,30760.0,30770.0,30429919150,988887,246,31380.0,30800.0,37.37854044194711,-839.0299066295775,-797.1636795369022,34774.23802055695,29551.761979443054,32163.0,33589.8,1.0256830725217976,0.0013003901170351995,-0.05084745762711862,-0.015659955257270708,38800.0,24000.0,-0.20618556701030927,0.2833333333333333,0.95762211236514,0.9169450249778206,-0.03246753246753242,0
2024-06-05,30210.0,30780.0,30160.0,30200.0,30351212460,1005036,278,30770.0,30300.0,34.54676603628231,-868.9111017027026,-811.5131639700624,34431.167601110385,29466.83239888961,31949.0,33513.4,1.0212980782348293,-0.013029315960912058,-0.06683092085001541,-0.016233766233766267,38800.0,24000.0,-0.2190721649484536,0.2625,0.9483864909699834,0.9041159655540768,-0.03366336633663369,0
2024-06-08,30150.0,30150.0,29600.0,29680.0,42039326420,1416185,754,30200.0,29600.0,31.00528617605164,-938.2606294471407,-836.8626570654781,34227.27080613936,29231.729193860647,31729.5,33427.4,1.389384740917029,-0.040829552819183434,-0.04423635776557955,-0.02310231023102305,38800.0,24000.0,-0.23711340206185566,0.23333333333333334,0.9328858002804961,0.8855011158510683,-0.01959459459459456,0
2024-06-09,29380.0,30000.0,29230.0,29360.0,145252005460,4946648,1383,29680.0,29300.0,29.60458881905258,-1005.833500136403,-870.6568256796631,33944.335481973496,29031.664518026504,31488.0,33326.2,4.0793646689923255,-0.06509253350350985,-0.05848329048843193,-0.010135135135135087,38800.0,24000.0,-0.24484536082474226,0.22083333333333333,0.9305132113821138,0.8791881462633004,-0.005802047781570008,0
2024-06-10,29880.0,29940.0,29190.0,29500.0,51726116730,1753652,428,29360.0,29540.0,32.24180109538756,-1028.1674187660392,-902.1589442969384,33588.222947704424,28946.777052295576,31267.5,33237.0,1.4077071285376062,-0.055928411633109576,-0.06281725888324874,0.008191126279863514,38800.0,24000.0,-0.238659793814433,0.23083333333333333,0.9447509394738947,0.8887685410837319,-0.02775897088693302,0
2024-06-11,29490.0,29980.0,29460.0,29680.0,15209878970,512450,279,29500.0,29800.0,35.07926882380012,-1013.2077548004745,-924.3687063976457,33204.07961335452,28945.920386645477,31075.0,33156.0,0.4178375413067613,-0.03246753246753242,-0.031209362808842678,0.008801624915369066,38800.0,24000.0,-0.23195876288659795,0.24166666666666667,0.9589702333065165,0.8987815176740258,-0.015771812080536907,0
2024-06-12,29690.0,30200.0,29280.0,29610.0,44939566650,1517781,1865,29680.0,29280.0,32.177051059127734,-1031.4221747157717,-945.779400061271,32933.48804874609,28833.511951253913,30883.5,33071.6,1.203406273870407,-0.03366336633663369,-0.04625407166123774,-0.01744966442953022,38800.0,24000.0,-0.24536082474226803,0.22,0.9480790713487784,0.8853517821937856,0.008196721311475308,0
2024-06-15,29210.0,29630.0,29020.0,29080.0,70454211020,2423162,759,29610.0,29020.0,30.804742614780764,-1054.6793735130414,-967.5593947516252,32621.432507843005,28739.567492156995,30680.5,32963.2,1.780488131944234,-0.01959459459459456,-0.059624108878807536,-0.008879781420765065,38800.0,24000.0,-0.2520618556701031,0.20916666666666667,0.9458776747445445,0.8803756916804194,0.017229496898690577,0
2024-06-16,28900.0,29370.0,28500.0,28640.0,97246132750,3395095,897,29080.0,29130.0,32.12369080398989,-1052.106758627564,-984.468867526813,32600.353591664523,28541.646408335477,30571.0,32834.0,2.4638140610469597,-0.005802047781570008,-0.070516911295469,0.003790489317711865,38800.0,24000.0,-0.24922680412371134,0.21375,0.9528638251938111,0.8871901078150698,0.026433230346721626,0
2024-06-18,29210.0,29210.0,28740.0,28820.0,16453825630,570839,330,28640.0,28720.0,29.8405432143564,-1070.8079092599946,-1001.7366758734494,32609.918747027437,28287.081252972563,30448.5,32685.0,0.4186993093877114,-0.02775897088693302,-0.08213486736976672,-0.01407483693786471,38800.0,24000.0,-0.2597938144329897,0.19666666666666666,0.9432320147133685,0.8786905308245373,0.0602367688022285,1
2024-06-19,29280.0,29390.0,29090.0,29140.0,10716798750,366116,226,28820.0,29330.0,37.01332908356127,-1024.5959001058036,-1006.3085207199202,32298.34022294938,28286.65977705062,30292.5,32546.6,0.27585344315753624,-0.015771812080536907,-0.04772727272727273,0.02123955431754876,38800.0,24000.0,-0.2440721649484536,0.22208333333333333,0.9682264586943963,0.9011694001831221,0.04159563586771231,0
2024-06-22,29700.0,29700.0,29100.0,29290.0,16727838960,571014,306,29140.0,29520.0,39.101735475345826,-961.5569083171285,-997.3581982393619,31907.78756519371,28382.21243480629,30145.0,32417.0,0.42642620104456924,0.008196721311475308,-0.025742574257425765,0.0064780088646436695,38800.0,24000.0,-0.23917525773195877,0.23,0.9792668767623155,0.9106333096831909,-0.0199864498644986,0
2024-06-23,29580.0,29580.0,29250.0,29320.0,10007721930,341125,336,29290.0,29520.0,39.101735475345826,-901.2094713508777,-978.1284528616651,31812.728433281547,28332.271566718453,30072.5,32282.8,0.2716365856437805,0.017229496898690577,-0.002702702702702675,0.0,38800.0,24000.0,-0.23917525773195877,0.23,0.9816277329786349,0.9144188236460282,-0.010162601626016232,0
2024-06-24,29800.0,29900.0,29320.0,29860.0,33912171330,1135815,181,29320.0,29900.0,43.45076592467259,-813.3451321738867,-945.1717887241095,31684.823339944058,28338.176660055942,30011.5,32159.4,0.8773189061928837,0.026433230346721626,0.020477815699658786,0.01287262872628725,38800.0,24000.0,-0.22938144329896906,0.24583333333333332,0.9962847575096213,0.9297437141240197,-0.008026755852842848,0
2024-06-26,30010.0,30450.0,30010.0,30450.0,25571215690,839898,115,29860.0,30450.0,49.114998765412025,-691.3620159278253,-894.4098341648528,31498.098698136426,28417.901301863574,29958.0,32070.4,0.6501489176647406,0.0602367688022285,0.0308056872037914,0.018394648829431537,38800.0,24000.0,-0.21520618556701032,0.26875,1.0164229921890646,0.9494736579525045,0.0003284072249589709,0
2024-06-29,31000.0,31960.0,30150.0,30600.0,10187463490,331967,143,30450.0,30550.0,50.093791951331276,-579.9352209666322,-831.5149115252087,31468.327077613205,28426.672922386795,29947.5,31988.4,0.2678977739274853,0.04159563586771231,0.025167785234899265,0.003284072249589487,38800.0,24000.0,-0.21262886597938144,0.27291666666666664,1.0201185407796978,0.955033699716147,0.0435351882160393,0
2024-06-30,31000.0,31000.0,28800.0,29170.0,26656309660,913878,295,30600.0,28930.0,37.507040785133036,-615.2568463279022,-788.2632984857474,31400.231974753147,28317.768025246853,29859.0,31904.0,0.7359035228917686,-0.0199864498644986,-0.011953551912568305,-0.05302782324058919,38800.0,24000.0,-0.25438144329896906,0.20541666666666666,0.968887102716099,0.906782848545637,0.12927756653992395,1
2024-07-01,28790.0,29800.0,28790.0,29200.0,23680569270,810964,280,29170.0,29220.0,40.394296335013514,-612.7851072653357,-753.1676602416651,31270.239431571998,28283.760568428002,29777.0,31808.6,0.6426837254597939,-0.010162601626016232,0.00689179875947632,0.010024196335983504,38800.0,24000.0,-0.24690721649484537,0.2175,0.981294287537361,0.9186194928415586,0.1464750171115674,1
2024-07-02,29000.0,29770.0,28780.0,29280.0,4214372460,142985,103,29200.0,29660.0,44.578132344648594,-568.7655384013233,-716.2872358735967,31002.84121175104,28383.15878824896,29693.0,31713.4,0.11688196662522644,-0.008026755852842848,0.018194301407483682,0.015058179329226595,38800.0,24000.0,-0.23556701030927835,0.23583333333333334,0.9988886269491126,0.9352513448573788,0.13621038435603516,1
2024-07-03,29800.0,30670.0,29490.0,30080.0,21674135140,720503,206,29280.0,30460.0,51.27485032627556,-463.97794982237974,-665.8253786633534,30798.832122796808,28504.167877203192,29651.5,31622.6,0.5833087759067358,0.0003284072249589709,0.06058495821727017,0.02697235333782877,38800.0,24000.0,-0.21494845360824744,0.26916666666666667,1.027266748731093,0.9632351546046183,0.10374261326329615,1
2024-07-06,31880.0,31880.0,31880.0,30830.0,6933134880,217476,80,30080.0,31880.0,60.4174150958405,-263.3155604819294,-585.3234150270687,31131.732449498133,28279.267550501867,29705.5,31589.6,0.18174047112078012,0.0435351882160393,0.08694169792021822,0.046618516086671,38800.0,24000.0,-0.17835051546391753,0.3283333333333333,1.073201932302099,1.0091928989287615,0.053011292346298644,1
2024-07-07,32670.0,32670.0,31500.0,32400.0,63031953980,1945527,431,30830.0,32670.0,64.41754589160725,-40.080747631353006,-476.2748815479256,31738.402256580754,27909.597743419246,29824.0,31580.6,1.5643635609261097,0.12927756653992395,0.10670731707317072,0.024780426599749106,38800.0,24000.0,-0.15798969072164948,0.36125,1.0954265021459229,1.0344958613832542,0.028160391796755446,0
2024-07-08,32380.0,34200.0,32200.0,33120.0,35755229900,1079585,416,32400.0,33500.0,68.06864085587077,201.48590913341832,-340.72272341165683,32510.06322681732,27527.93677318268,30019.0,31576.2,0.8799835999295742,0.1464750171115674,0.13482384823848248,0.02540557086011641,38800.0,24000.0,-0.13659793814432988,0.3958333333333333,1.1159598920683567,1.0609256338634794,-0.02298507462686572,0
2024-07-09,34000.0,34290.0,33130.0,33830.0,27590273640,815467,307,33120.0,33700.0,68.89682802799105,404.40581504161673,-191.69701572100212,33174.70366351946,27303.296336480536,30239.0,31572.2,0.7992698367223142,0.13621038435603516,0.1270903010033444,0.005970149253731405,38800.0,24000.0,-0.13144329896907217,0.4041666666666667,1.1144548430834353,1.0673947333413571,-0.027596439169139453,0
2024-07-10,33820.0,34300.0,33440.0,33710.0,30102225270,892923,572,33830.0,33620.0,68.13557385279101,552.398267647277,-42.87795904734631,33704.96321254573,27181.03678745427,30443.0,31561.8,0.9137300027577993,0.10374261326329615,0.10410509031198689,-0.002373887240356032,38800.0,24000.0,-0.13350515463917526,0.4008333333333333,1.10435896593634,1.0652117433099506,-0.00743604997025582,0
2024-07-13,33900.0,34090.0,33000.0,33350.0,25533825050,765672,318,33710.0,33570.0,67.63259329186108,658.0630294591501,97.310238653953,34148.77323362882,27114.226766371183,30631.5,31531.4,0.7734923167189554,0.053011292346298644,0.09885433715220948,-0.001487209994051164,38800.0,24000.0,-0.13479381443298968,0.39875,1.0959306596151022,1.0646530125525666,-0.012213285671730745,0
2024-07-14,33330.0,34000.0,33250.0,33600.0,19328103200,575241,279,33350.0,33590.0,67.73519415483739,734.9449593179233,224.8371827867471,34530.84093033369,27163.15906966631,30847.0,31505.6,0.6101652738451865,0.028160391796755446,0.1610784652609747,0.0005957700327674509,38800.0,24000.0,-0.1342783505154639,0.39958333333333335,1.0889227477550492,1.066159666852877,0.00863352188151234,0
2024-07-17,33580.0,33600.0,32730.0,33180.0,27207353600,820066,302,33600.0,32730.0,59.065041204424915,718.2006598133376,323.50987819206523,34703.275803560035,27361.724196439965,31032.5,31460.6,0.9506823379060565,-0.02298507462686572,0.12012320328542092,-0.025602857993450412,38800.0,24000.0,-0.15644329896907216,0.36375,1.0547007169902523,1.040348880822362,0.031775129850290185,0
2024-07-20,32750.0,32900.0,32730.0,32830.0,14311331560,436792,186,33180.0,32770.0,59.32582306284434,700.0881669272567,398.82553593910353,34850.70392717486,27578.29607282514,31214.5,31438.0,0.6111606156856377,-0.027596439169139453,0.10485502360080923,0.0012221203788573831,38800.0,24000.0,-0.15541237113402062,0.36541666666666667,1.0498326098447837,1.0423691074495833,0.028989929813854065,0
2024-07-21,32900.0,33480.0,32200.0,33190.0,60691211150,1828378,762,32830.0,33370.0,63.121048086424544,725.7825025073653,464.2169292527559,35009.37055905221,27884.629440947792,31447.0,31429.8,2.351401083581457,-0.00743604997025582,0.09553512803676956,0.018309429356118345,38800.0,24000.0,-0.13994845360824743,0.3904166666666667,1.0611505072025949,1.0617312232340008,0.005993407252022687,0
2024-07-22,34270.0,34270.0,33150.0,33410.0,19942155360,596915,484,33190.0,33160.0,60.976508639163725,720.8902297851491,515.5515893592346,35136.260855176064,28140.739144823936,31638.5,31401.0,0.7564412317656021,-0.012213285671730745,0.04015056461731503,-0.006293077614623943,38800.0,24000.0,-0.14536082474226805,0.38166666666666665,1.0480901433380216,1.0560173242890354,-0.0021109770808203088,0
2024-07-23,33420.0,34340.0,33200.0,33810.0,15034207660,443717,228,33410.0,33880.0,65.32620641293448,766.27787674313,565.6968468360137,35342.39887977292,28370.601120227086,31856.5,31387.0,0.5668732091063664,0.00863352188151234,0.03703703703703698,0.02171290711700835,38800.0,24000.0,-0.1268041237113402,0.4116666666666667,1.0635192189976928,1.0794277885748877,-0.06168831168831168,0
2024-07-24,33810.0,33920.0,33600.0,33790.0,24108216530,713436,188,33810.0,33770.0,64.14975808978596,784.3305588128424,609.4235892313795,35476.53811424056,28661.46188575944,32069.0,31382.6,0.8902812436728674,0.031775129850290185,0.008059701492537208,-0.0032467532467532756,38800.0,24000.0,-0.12963917525773197,0.40708333333333335,1.053041878449593,1.0760740027913558,-0.1098608232158721,0
2024-07-27,33770.0,34100.0,33360.0,33580.0,17005604750,506450,391,33790.0,33720.0,63.58918700635314,785.5475540661791,644.6483821983395,35587.10685130523,28932.893148694773,32260.0,31374.4,0.657819538324856,0.028989929813854065,0.0005934718100890635,-0.0014806040864673298,38800.0,24000.0,-0.1309278350515464,0.405,1.0452572845629262,1.074761589066245,-0.10260972716488725,0
2024-07-29,33700.0,33850.0,33040.0,33350.0,26959243820,808480,422,33580.0,33570.0,61.84322911842065,765.5831195317114,668.8353296650139,35681.01087287657,29150.98912712343,32416.0,31366.8,1.052268381019342,0.005993407252022687,-0.001487209994051164,-0.004448398576512469,38800.0,24000.0,-0.13479381443298968,0.39875,1.0355997038499507,1.0702398714564445,-0.10515341078343754,0
2024-07-30,33650.0,33650.0,32400.0,32910.0,37421707340,1137187,1321,33350.0,33090.0,56.4974163789293,702.9262762977924,675.6535189915696,35703.73472471232,29382.265275287682,32543.0,31355.6,1.4063964562163818,-0.0021109770808203088,-0.01429848078641649,-0.01429848078641649,38800.0,24000.0,-0.14716494845360825,0.37875,1.0168085302522816,1.0553138833254667,-0.10093683892414629,0
2024-07-31,32560.0,32570.0,31530.0,31940.0,40626640950,1271934,1072,32910.0,31790.0,45.121384530605624,542.1218973960349,648.9471946724627,35408.33282315045,29963.667176849547,32686.0,31329.2,1.538968225553788,-0.06168831168831168,-0.05358737719559392,-0.03928679359323062,38800.0,24000.0,-0.1806701030927835,0.32458333333333333,0.9725876522058373,1.0147083232256169,-0.061025479710600794,0
2024-08-03,31680.0,32500.0,30030.0,30530.0,64136664880,2100844,2413,31940.0,30060.0,35.01666205444239,271.9518353231906,573.5481228026083,35253.98178932516,30202.018210674843,32728.0,31268.8,2.3579054453478077,-0.1098608232158721,-0.081576535288726,-0.05441962881409246,38800.0,24000.0,-0.2252577319587629,0.2525,0.9184795893424591,0.9613416568592336,0.001663339986693213,0
2024-08-04,30230.0,30800.0,30230.0,30340.0,13186145630,435171,713,30530.0,30260.0,36.77932658856897,73.1353840088741,473.46557504386146,35148.117988719874,30367.882011280126,32758.0,31247.6,0.48053960950462915,-0.10260972716488725,-0.07659444613976196,0.006653359946773074,38800.0,24000.0,-0.22010309278350515,0.2608333333333333,0.9237438183039257,0.9683943726878225,-0.00198281559814939,0
2024-08-05,30340.0,30340.0,30040.0,30050.0,54731324170,1821265,895,30340.0,30040.0,35.63430592715092,-101.01580017196102,358.56930000069696,35213.33681069485,30260.663189305153,32737.0,31225.0,1.895914155171475,-0.10515341078343754,-0.09979023074617921,-0.007270323859881023,38800.0,24000.0,-0.22577319587628866,0.25166666666666665,0.9176161529767541,0.9620496397117694,-0.9506324900133156,0
2024-08-06,30200.0,30340.0,29750.0,29840.0,47742821580,1599838,2797,30050.0,29750.0,34.1261147449644,-259.4417615652419,234.96708768750918,35409.78390057624,29851.216099423757,32630.5,31171.0,1.5536263173657463,-0.10093683892414629,-0.1028347406513872,-0.009653794940079896,38800.0,24000.0,-0.23324742268041238,0.23958333333333334,0.9117236940898852,0.9544127554457669,-0.9499159663865546,0
2024-08-10,30130.0,30130.0,29560.0,29820.0,29949872680,1004301,831,29840.0,29850.0,35.14544580309919,-372.63085654213864,113.44749884157963,35521.13635682155,29457.863643178447,32489.5,31118.6,1.0219988519187926,-0.061025479710600794,-0.1189492325855962,0.003361344537815114,38800.0,24000.0,-0.23067010309278352,0.24375,0.9187583680881516,0.959233384535294,-0.9510887772194305,0
2024-08-11,29880.0,30110.0,29880.0,30100.0,30993301070,1029806,251,29820.0,30110.0,37.838716360752706,-436.32452518168066,3.493094036927573,35482.92269902415,29157.077300975852,32320.0,31101.4,1.0506143094202307,0.001663339986693213,-0.10838021912940476,0.008710217755443894,38800.0,24000.0,-0.22396907216494846,0.25458333333333333,0.9316212871287128,0.9681236214446938,-0.9527731650614414,0
2024-08-12,30400.0,30400.0,30100.0,30280.0,35960691890,1187517,723,30100.0,30200.0,38.78635248611585,-474.0751256806725,-92.02054990659245,35369.83798042664,28920.162019573363,32145.0,31083.0,1.1889477202391499,-0.00198281559814939,-0.10438908659549229,0.0029890401859846705,38800.0,24000.0,-0.22164948453608246,0.25833333333333336,0.9394929226940426,0.9715921886561786,-0.9527814569536424,0
2024-09-10,1440.0,1483.0,1440.0,1481.0,152283287522,102850204,1098,1348.0,1483.0,6.217305097827605,-2789.0640562632907,-631.4292511779322,44237.355674417835,16838.944325582168,30538.15,30482.26,16.86992421933535,-0.9506324900133156,-0.9558236520703008,-0.9508940397350993,38800.0,1483.0,-0.9617783505154639,0.0,0.04856220825426556,0.048651248299830786,-0.024275118004045804,0
2024-09-11,1495.0,1525.0,1440.0,1499.0,146981858644,98054656,1707,1481.0,1490.0,6.237973017209001,-4570.459212061491,-1419.235243354644,47489.40674600062,10378.893253999388,28934.15,29896.86,8.945686786700314,-0.9499159663865546,-0.9549712904200665,0.00472016183411994,38800.0,1483.0,-0.9615979381443299,0.004720161834120027,0.05149624232956558,0.04983800974416711,-0.008724832214765055,0
2024-09-14,1506.0,1508.0,1455.0,1465.0,48189869859,32897552,1415,1499.0,1460.0,6.231634554706346,-5916.447334557961,-2318.6776615953077,49250.34553932639,5404.95446067362,27327.65,29312.06,2.6156446134151157,-0.9510887772194305,-0.9540736080528468,-0.020134228187919434,38800.0,1460.0,-0.9623711340206186,0.0,0.05342574279164143,0.049808850009177105,0.008904109589041198,0
2024-09-15,1450.0,1465.0,1422.0,1428.0,28737340428,20118074,603,1465.0,1422.0,6.223008983062428,-6906.603871162792,-3236.262903508805,50240.528827360395,1283.9711726396054,25762.25,28723.3,1.4855920128670197,-0.9527731650614414,-0.9526946107784431,-0.02602739726027392,38800.0,1422.0,-0.9633505154639175,0.0,0.055197042183815465,0.04950684635818308,0.07594936708860756,1
2024-09-16,1428.0,1449.0,1405.0,1428.0,44765337613,31358370,1159,1428.0,1426.0,6.237721099126148,-7603.340714700336,-4109.678465747111,50614.561195137576,-2224.461195137581,24195.05,28125.02,2.07833672193506,-0.9527814569536424,-0.9528750826173166,0.002812939521800173,38800.0,1422.0,-0.9632474226804124,0.0028129395218002813,0.05893767526828835,0.05070218616733428,0.08765778401122026,1
2024-09-17,1410.0,1455.0,1410.0,1434.0,38052749315,26530051,1391,1428.0,1447.0,6.320814386711689,-8060.894187959662,-4899.921610189621,50427.996405740516,-5230.196405740509,22598.9,27528.16,1.6252883824560742,-0.024275118004045804,-0.9518308921438082,0.014726507713884951,38800.0,1422.0,-0.9627061855670103,0.017580872011251757,0.06402966516069365,0.05256435591772207,0.05390463026952319,1
2024-09-18,1449.0,1477.0,1439.0,1473.0,62807831644,42640164,2152,1434.0,1477.0,6.448363023811396,-8325.121049482386,-5584.961498048175,49847.718060017665,-7818.218060017665,21014.75,26941.7,2.3141992208022413,-0.008724832214765055,-0.9503529411764706,0.020732550103662817,38800.0,1422.0,-0.9619329896907216,0.03867791842475387,0.0702839672135048,0.05482207878493191,0.02775897088693302,0
2024-09-22,1485.0,1517.0,1460.0,1494.0,47325305771,31680193,878,1473.0,1473.0,6.44710258804983,-8437.582310795258,-6155.485660597592,48790.164622815966,-10001.36462281596,19394.4,26365.16,1.5850181455329129,0.008904109589041198,-0.9506532663316583,-0.0027081922816519777,38800.0,1422.0,-0.9620360824742268,0.035864978902953586,0.07594975869323103,0.05586918493951867,0.035302104548540436,0
2024-09-23,1486.0,1538.0,1450.0,1506.0,109221614938,72535780,2616,1494.0,1530.0,6.726889403933555,-8424.991192897423,-6609.386767057558,47383.28823261893,-11818.488232618925,17782.4,25803.76,3.0763667200653466,0.07594936708860756,-0.9491863168382597,0.0386965376782078,38800.0,1422.0,-0.9605670103092784,0.0759493670886076,0.08604012956631275,0.059293684331275756,-0.022222222222222254,0
2024-09-24,1524.0,1551.0,1524.0,1549.0,111473258243,71956039,2471,1506.0,1551.0,6.837434775562258,-8317.439847616812,-6950.997383169409,45631.6211399594,-13283.721139959405,16173.95,25248.78,2.650229460591933,0.08765778401122026,-0.9486423841059602,0.013725490196078383,38800.0,1422.0,-0.9600257731958763,0.09071729957805907,0.09589494217553535,0.061428710614928723,-0.03997421018697611,0
2024-09-25,1546.0,1561.0,1510.0,1533.0,27051604906,17643570,1352,1549.0,1525.0,6.826647040073084,-8140.464407894205,-7188.890788114369,43552.372953539176,-14408.97295353917,14571.7,24688.48,0.6302934967965742,0.05390463026952319,0.028320971004720086,-0.01676337846550613,38800.0,1422.0,-0.9606958762886598,0.07243319268635724,0.10465491329083085,0.061769699876217575,-0.025573770491803316,0
2024-09-28,1518.0,1518.0,1518.0,1518.0,23842061694,15706233,117,1533.0,1518.0,6.8235255979036396,-7909.59801599878,-7333.032233691251,41196.03996660625,-15209.839966606252,12993.1,24122.84,0.5468538801125296,0.02775897088693302,0.01879194630872494,-0.004590163934426239,38800.0,1422.0,-0.9608762886597938,0.06751054852320675,0.11683124119725084,0.06292791396037946,-0.02371541501976282,0
2024-09-29,1503.0,1532.0,1503.0,1505.0,59791854739,39736702,1170,1518.0,1525.0,6.869384642239879,-7638.02351504369,-7394.0304899617395,38717.41402672596,-15757.714026725958,11479.85,23567.74,1.2967070745402332,0.035302104548540436,0.044520547945205546,0.004611330698287119,38800.0,1422.0,-0.9606958762886598,0.07243319268635724,0.1328414569876784,0.06470709537698566,-0.030163934426229555,0
2024-09-30,1520.0,1520.0,1490.0,1504.0,32510698749,21616457,829,1505.0,1496.0,6.854333529771068,-7340.5218574288065,-7383.328763455153,36216.835466760895,-16113.535466760897,10051.65,23017.26,0.6836303157911076,-0.022222222222222254,0.05203938115330531,-0.01901639344262296,38800.0,1422.0,-0.9614432989690722,0.052039381153305204,0.1488312864057145,0.06499470397432189,-0.012032085561497374,0
2024-10-01,1489.0,1489.0,1489.0,1501.0,3494114202,2346618,574,1504.0,1489.0,6.850431833659172,-7024.342246962115,-7311.531460156546,33297.660744724526,-16071.460744724527,8613.1,22464.44,0.07398923109600446,-0.03997421018697611,0.044179523141655075,-0.004679144385026701,38800.0,1422.0,-0.9616237113402062,0.047116736990154715,0.17287620020666195,0.06628253363983255,0.002014775016789816,0
2024-10-02,1486.0,1486.0,1486.0,1496.0,5815972184,3913844,789,1501.0,1486.0,6.848632548610297,-6696.813010876107,-7188.587770300459,29978.18245761133,-15607.382457611327,7185.4,21919.76,0.12299834353062142,-0.025573770491803316,0.026952315134761484,-0.002014775016789816,38800.0,1422.0,-0.9617010309278351,0.0450070323488045,0.206808250062627,0.06779271305890211,0.00605652759084796,0
2024-10-05,1482.0,1482.0,1482.0,1493.0,3800206644,2564242,281,1496.0,1482.0,6.846050612166891,-6364.203916952585,-7023.7109996308845,26172.824826462147,-14628.824826462147,5772.0,21362.8,0.08046316893992185,-0.02371541501976282,0.003385240352064889,-0.0026917900403768957,38800.0,1422.0,-0.9618041237113402,0.04219409282700422,0.25675675675675674,0.06937292864231281,0.007422402159244168,0
2024-10-06,1479.0,1479.0,1479.0,1492.0,1008978237,682203,15,1493.0,1479.0,6.843966622738122,-6031.3255223748665,-6825.233904179681,21554.626418780023,-12847.726418780021,4353.45,20801.98,0.02141762333474649,-0.030163934426229555,0.004073319755600879,-0.002024291497975672,38800.0,1422.0,-0.9618814432989691,0.04008438818565401,0.3397305585225511,0.07109900115277488,-0.011494252873563204,0
2024-10-07,1478.0,1491.0,1478.0,1478.0,60919570095,41212541,2277,1492.0,1478.0,6.84321883341002,-5701.8700790746625,-6600.561139158677,15438.088448910818,-9594.388448910817,2921.85,20241.14,1.2170896013754597,-0.012032085561497374,-0.033986928104575154,-0.0006761325219742931,38800.0,1422.0,-0.9619072164948453,0.03938115330520394,0.5058439002686654,0.07301960265083884,-0.03247631935047357,0
2024-10-08,1464.0,1492.0,1464.0,1481.0,29961402407,20237149,1533,1478.0,1492.0,6.99642763999519,-5377.654331998152,-6355.979777726572,1550.7383348129206,1422.1616651870795,1486.45,19672.98,0.5812928804647135,0.002014775016789816,-0.03803997421018701,0.009472259810554773,38800.0,1422.0,-0.9615463917525773,0.04922644163150492,1.0037337280096874,0.07584006083470832,-0.06769436997319034,0
2024-10-09,1495.0,1495.0,1488.0,1495.0,31678111407,21195890,544,1481.0,1495.0,7.031711979461633,-5062.11601925162,-6097.207026031582,1551.422276587195,1422.6777234128049,1487.05,19093.88,0.6897163051563909,0.00605652759084796,-0.01967213114754096,0.002010723860589758,38800.0,1422.0,-0.9614690721649485,0.051336146272855133,1.0053461551393699,0.07829733925215827,-0.09698996655518399,0
2024-10-12,1511.0,1539.0,1491.0,1507.0,16063003707,10650491,478,1495.0,1493.0,7.0297972007872715,-4757.371004772123,-5829.239821779691,1551.6130421034313,1422.7869578965688,1487.2,18512.74,0.404022886268535,0.007422402159244168,-0.016469038208168696,-0.0013377926421405117,38800.0,1422.0,-0.961520618556701,0.04992967651195499,1.0038999462076386,0.08064716514141072,-0.1198928332217013,0
2024-10-13,1520.0,1520.0,1462.0,1474.0,38092108430,25837729,2087,1507.0,1462.0,6.997988413717053,-4466.868546079959,-5556.765566639745,1551.5498248481535,1423.0501751518464,1487.3,17963.38,0.9934486606623617,-0.011494252873563204,-0.04131147540983604,-0.02076356329537843,38800.0,1422.0,-0.9623195876288659,0.02812939521800281,0.9829893094869899,0.08138780118218286,-0.12790697674418605,0
2024-10-14,1437.0,1473.0,1430.0,1434.0,26361615796,18387771,870,1474.0,1430.0,6.962963955393519,-4190.91512635157,-5283.59547858211,1550.3996012189755,1425.0003987810246,1487.7,17407.58,0.7093609070305198,-0.03247631935047357,-0.044117647058823484,-0.02188782489740082,38800.0,1422.0,-0.9631443298969072,0.005625879043600563,0.9612152987833569,0.08214812168032545,-0.10559440559440558,0
2024-10-15,1391.0,1397.0,1391.0,1391.0,16262246853,11689881,214,1434.0,1391.0,6.917522929490175,-3930.0636991985393,-5012.889122705396,1556.856910756414,1415.043089243586,1485.95,16842.2,0.4687544246918382,-0.06769436997319034,-0.06581598388179988,-0.027272727272727226,38800.0,1391.0,-0.9641494845360825,0.0,0.936101483899189,0.08259016043034757,-0.11214953271028039,0
2024-10-16,1360.0,1409.0,1350.0,1353.0,88587003748,65462787,2504,1391.0,1350.0,6.866787479067412,-3684.1765275065804,-4747.146603665633,1572.351082147099,1389.8489178529007,1481.1,16260.0,2.4349354439652404,-0.09698996655518399,-0.0915208613728129,-0.029475197699496802,38800.0,1350.0,-0.9652061855670103,0.0,0.9114847073121329,0.08302583025830258,-0.10888888888888892,0
2024-10-19,1328.0,1353.0,1313.0,1314.0,47548545958,36197104,799,1353.0,1314.0,6.819492363850401,-3452.4167601979902,-4488.200634972104,1589.7497859288035,1356.1502140711966,1472.95,15648.68,1.3627062336660756,-0.1198928332217013,-0.11336032388663964,-0.026666666666666616,38800.0,1314.0,-0.9661340206185567,0.0,0.8920873077836994,0.08396874368956359,-0.05631659056316596,0
2024-10-20,1300.0,1307.0,1275.0,1279.0,46075937445,36011528,730,1314.0,1275.0,6.765131578955888,-3234.605925295841,-4237.4816930368515,1608.263601267276,1317.8363987327239,1463.05,15020.78,1.3447560201226787,-0.12790697674418605,-0.13793103448275867,-0.029680365296803624,38800.0,1275.0,-0.967139175257732,0.0,0.8714671405625235,0.08488240956861094,-0.019607843137254943,0
2024-10-21,1261.0,1302.0,1261.0,1273.0,31283064971,24576855,756,1279.0,1279.0,6.847149713433879,-3026.775716466,-3995.3404977226814,1612.7818535542647,1288.2181464457353,1450.5,14376.36,1.0080214527852325,-0.10559440559440558,-0.1346414073071719,0.0031372549019608176,38800.0,1275.0,-0.9670360824742268,0.003137254901960784,0.8817649086521889,0.08896549613393098,0.006254886630179923,0
2024-10-22,1279.0,1279.0,1235.0,1240.0,29233845148,23570888,866,1273.0,1235.0,6.776531559789007,-2832.96258172506,-3762.8649145231575,1615.268103476232,1254.131896523768,1434.7,13727.06,1.0732566287611518,-0.11214953271028039,-0.17225201072386054,-0.03440187646598902,38800.0,1235.0,-0.9681701030927835,0.0,0.8608071373806371,0.08996828162767556,0.07125506072874499,1
2024-10-23,1207.0,1220.0,1203.0,1204.0,22091195578,18354710,359,1240.0,1203.0,6.722231292045947,-2651.3829168228976,-3540.5685149831056,1620.278357770482,1216.9216422295178,1418.6,13078.72,0.8343967400252096,-0.10888888888888892,-0.1953177257525084,-0.025910931174089047,38800.0,1203.0,-0.9689948453608247,0.0,0.8480191738333569,0.09198147830980402,0.13050706566916048,1
2024-10-26,1240.0,1240.0,1240.0,1214.0,4259869960,3435379,65,1204.0,1240.0,7.643735439039901,-2475.952889713535,-3327.645389929192,1615.1871492348037,1194.2128507651964,1404.7,12432.12,0.16065155363579137,-0.05631659056316596,-0.16945746818486274,0.03075644222776397,38800.0,1203.0,-0.9680412371134021,0.030756442227763924,0.8827507652879618,0.09974163698548598,0.09758064516129039,1
2024-10-27,1250.0,1250.0,1250.0,1250.0,15483408750,12386727,205,1214.0,1250.0,7.908537569078106,-2309.494003633966,-3124.0151126701467,1604.1179853847443,1177.7820146152558,1390.95,11785.32,0.6188245913453263,-0.019607843137254943,-0.1450068399452804,0.008064516129032251,38800.0,1203.0,-0.9677835051546392,0.03906899418121363,0.8986663790934253,0.10606415438868015,0.06240000000000001,1
2024-10-28,1287.0,1287.0,1287.0,1287.0,16776332001,13035223,119,1250.0,1287.0,8.948762777160027,-2149.8069105102695,-2929.1734722381716,1592.5325446552665,1168.4674553447335,1380.5,11156.46,0.6654875630236828,0.006254886630179923,-0.09999999999999998,0.02960000000000007,38800.0,1203.0,-0.9668298969072165,0.06982543640897755,0.9322709163346613,0.11535917307102792,0.037296037296037365,0
2024-10-29,1325.0,1325.0,1294.0,1321.0,87284565207,66088262,849,1287.0,1323.0,10.013811125310312,-1997.3249211910174,-2742.803762028741,1579.5379849255442,1164.862015074456,1372.2,10527.52,2.901845806005949,0.07125506072874499,-0.048885693745506775,0.027972027972027913,38800.0,1203.0,-0.9659020618556701,0.09975062344139651,0.9641451683428072,0.12567062328069667,0.021164021164021163,0
2024-10-30,1300.0,1360.0,1288.0,1351.0,59389361770,43943890,675,1321.0,1360.0,11.16396656358559,-1852.1458706281728,-2564.6721837486275,1566.5737650839874,1165.2262349160128,1365.9,9887.32,1.7736430072373284,0.13050706566916048,0.007407407407407307,0.027966742252456545,38800.0,1203.0,-0.9649484536082474,0.13050706566916043,0.995680503697196,0.1375499124130705,-0.024264705882352966,0
2024-11-02,1346.0,1391.0,1341.0,1369.0,22587720343,16493791,532,1351.0,1361.0,11.197002852948515,-1717.2147527156515,-2395.1806975420322,1553.3248303862329,1166.375169613767,1359.85,9251.34,0.6475126168169971,0.09758064516129039,0.035768645357686424,0.0007352941176470562,38800.0,1203.0,-0.9649226804123712,0.1313383208645054,1.0008456815089901,0.14711382351097246,-0.009551800146950784,0
2024-11-03,1357.0,1357.0,1328.0,1346.0,9603349934,7211138,597,1369.0,1328.0,11.050953221185907,-1594.5625691350076,-2235.0570718606273,1538.2248234985834,1166.3751765014165,1352.3,8600.3,0.2795124507738903,0.06240000000000001,0.04156862745098033,-0.02424687729610575,38800.0,1203.0,-0.9657731958762886,0.10390689941812137,0.982030614508615,0.15441321814355313,0.04442771084337349,0
2024-11-04,1306.0,1340.0,1306.0,1312.0,36610277605,27904746,423,1346.0,1335.0,11.3152042161893,-1479.7374957412267,-2083.9931566367472,1521.9643376340769,1168.3356623659233,1345.15,7951.6,1.110256763308206,0.037296037296037365,0.0437842064112588,0.005271084337349352,38800.0,1203.0,-0.9655927835051547,0.10972568578553615,0.9924543731182396,0.16789073897077317,0.030711610486891416,0
2024-11-05,1347.0,1351.0,1302.0,1337.0,28983979204,21681634,1504,1312.0,1351.0,11.959027663666333,-1371.635372760444,-1941.5215998614867,1501.679827585724,1174.5201724142757,1338.1,7304.22,0.8601835991758919,0.021164021164021163,0.09392712550607296,0.011985018726591745,38800.0,1203.0,-0.965180412371134,0.1230257689110557,1.0096405350870639,0.18496157016081113,0.03923019985196152,0
2024-11-06,1316.0,1359.0,1297.0,1309.0,42050324756,32122164,511,1337.0,1327.0,11.820407625280126,-1273.2233348380594,-1807.8619468568013,1476.5919330425359,1182.8080669574642,1329.7,6659.36,1.247359262629523,-0.024264705882352966,0.10307564422277649,-0.0177646188008882,38800.0,1203.0,-0.965798969072165,0.10307564422277639,0.9979694667970218,0.19926839816438818,0.09721175584024122,1
2024-11-09,1345.0,1348.0,1315.0,1347.0,19608782698,14560883,197,1309.0,1348.0,12.773144766435422,-1179.935005014675,-1682.276558488376,1449.3381002811955,1195.5618997188046,1322.45,6024.52,0.5611637460333843,-0.009551800146950784,0.08709677419354844,0.015825169555388152,38800.0,1203.0,-0.9652577319587629,0.12053200332502079,1.01932020114182,0.2237522657406731,0.09347181008902083,1
2024-11-10,1387.0,1387.0,1386.0,1387.0,21264154275,15331125,163,1347.0,1387.0,14.618162320867285,-1090.2881938423404,-1563.8788855591688,1432.6422660515827,1204.7577339484174,1318.7,5416.46,0.6030575654327562,0.04442771084337349,0.10959999999999992,0.028931750741839846,38800.0,1203.0,-0.9642525773195876,0.15295095594347466,1.0517934329263667,0.25607130856684995,0.06705118961788026,1
2024-11-11,1428.0,1428.0,1368.0,1407.0,60616556762,43077851,969,1387.0,1376.0,14.52484237526808,-1008.5046444185191,-1452.8040373310391,1421.5120845826148,1210.4879154173852,1316.0,4842.78,1.6160156232840348,0.030711610486891416,0.06915306915306907,-0.007930785868781598,38800.0,1203.0,-0.9645360824742268,0.14380714879467996,1.0455927051671732,0.28413431954373314,0.10319767441860472,1
2024-11-12,1396.0,1449.0,1375.0,1415.0,29201392406,20644245,446,1407.0,1404.0,15.994910048938635,-930.7026653039181,-1348.383762925615,1424.1437672284726,1209.1562327715276,1316.65,4265.66,0.7616524777494432,0.03923019985196152,0.061224489795918435,0.02034883720930236,38800.0,1203.0,-0.9638144329896907,0.16708229426433915,1.0663426119317965,0.3291401565056756,0.0826210826210827,1
2024-11-13,1374.0,1457.0,1374.0,1432.0,69541831778,48564275,787,1415.0,1456.0,18.788389842074622,-854.9922524328897,-1249.7054608270698,1444.847477569601,1199.052522430399,1321.95,3693.98,1.849389798311978,0.09721175584024122,0.07058823529411762,0.03703703703703698,38800.0,1203.0,-0.9624742268041238,0.21030756442227763,1.1014032300767804,0.3941548140488037,0.04258241758241765,0
2024-11-16,1457.0,1474.0,1449.0,1473.0,26812512181,18202135,295,1432.0,1474.0,19.78279033053647,-784.4955785033617,-1156.6634843623283,1469.445483772676,1190.4545162273241,1329.95,3128.46,0.7177534128331154,0.09347181008902083,0.08302718589272584,0.012362637362637319,38800.0,1203.0,-0.9620103092783505,0.22527015793848712,1.1083123425692696,0.4711583334931564,0.03392130257801895,0
2024-11-17,1510.0,1512.0,1440.0,1474.0,45981343195,31198998,605,1473.0,1480.0,20.133840701633616,-719.8443886326106,-1069.2996652163847,1491.6524347542022,1188.747565245798,1340.2,2561.06,1.24203561134366,0.06705118961788026,0.1144578313253013,0.004070556309362372,38800.0,1203.0,-0.9618556701030928,0.23025768911055694,1.1043127891359499,0.5778857191943961,0.06891891891891899,1
2024-11-18,1482.0,1518.0,1482.0,1516.0,24008646150,15835049,258,1474.0,1518.0,22.44861407711997,-657.957053108431,-987.031142794794,1519.302953886491,1184.9970461135092,1352.15,1989.22,0.6415585909328791,0.10319767441860472,0.13707865168539324,0.025675675675675746,38800.0,1203.0,-0.9608762886597938,0.26184538653366585,1.1226565100025885,0.7631131800404178,0.06916996047430835,1
2024-11-19,1530.0,1561.0,1502.0,1553.0,125498324681,80787872,1195,1516.0,1520.0,22.575804222513625,-601.8121941865418,-909.9873530731436,1539.65634185502,1193.1436581449802,1366.4,1415.62,2.9331538966054387,0.0826210826210827,0.1250925240562546,0.0013175230566535578,38800.0,1203.0,-0.9608247422680413,0.2635078969243558,1.1124121779859484,1.073734476766364,0.05263157894736836,1
2024-11-20,1520.0,1580.0,1507.0,1515.0,57679922495,38075462,724,1553.0,1518.0,22.536000341054375,-551.1253423909127,-838.2149509366975,1550.3228574799991,1213.977142520001,1382.15,1416.32,1.3346210994193393,0.04258241758241765,0.1439336850037678,-0.001315789473684159,38800.0,1203.0,-0.9608762886597938,0.26184538653366585,1.0982888977317946,1.0717916854948035,0.07707509881422925,1
2024-11-23,1495.0,1560.0,1495.0,1536.0,63899525785,41590196,746,1515.0,1524.0,22.974754476989816,-504.65415830726147,-771.5027924108103,1562.0560952197961,1230.6439047802037,1396.35,1417.0,1.3664451854214172,0.03392130257801895,0.13056379821958464,0.0039525691699604515,38800.0,1203.0,-0.9607216494845361,0.26683291770573564,1.091416908368246,1.0755116443189838,0.0209973753280841,0
2024-11-24,1524.0,1582.0,1523.0,1576.0,77390063619,49101329,501,1536.0,1582.0,27.263545272485004,-457.8672857823808,-708.7756910851244,1583.143389980331,1242.756610019669,1412.95,1419.44,1.5214597137637258,0.06891891891891899,0.14059120403749104,0.03805774278215224,38800.0,1203.0,-0.9592268041237113,0.31504571903574397,1.1196432994798118,1.11452403764865,-0.0025284450063211006,0
2024-11-25,1623.0,1623.0,1623.0,1623.0,24815397336,15289832,166,1576.0,1623.0,30.22131982474926,-412.72238809727605,-649.5650304875548,1612.7482240159775,1246.7517759840225,1429.75,1423.46,0.4721234174063506,0.06916996047430835,0.1795058139534884,0.025916561314791364,38800.0,1203.0,-0.9581701030927835,0.3491271820448878,1.1351634901206504,1.140179562474534,-0.009242144177449174,0
2024-11-26,1670.0,1670.0,1577.0,1621.0,100048861727,61725932,1197,1623.0,1600.0,29.496692148764808,-374.48382281011686,-594.5487889520673,1633.9653329600899,1253.23466703991,1443.6,1426.94,1.918913408971224,0.05263157894736836,0.13960113960113962,-0.014171287738755423,38800.0,1203.0,-0.9587628865979382,0.33000831255195345,1.1083402604599613,1.121280502333665,0.023125000000000062,0
2024-11-27,1610.0,1640.0,1573.0,1604.0,83283197630,51908838,1320,1621.0,1635.0,32.16230731172186,-337.46518820838105,-543.1320688033301,1660.8486731971732,1253.8513268028266,1457.35,1430.7,1.5939886581529359,0.07707509881422925,0.12293956043956045,0.02187500000000009,38800.0,1203.0,-0.9578608247422681,0.35910224438902744,1.1218993378392288,1.142797232124135,-0.004281345565749217,0
2024-11-30,1622.0,1633.0,1556.0,1569.0,106319137107,67772262,1264,1604.0,1556.0,29.45526741322344,-310.91822163199686,-496.68929936906346,1669.8835298859667,1264.316470114033,1467.1,1432.28,1.9292233343584893,0.0209973753280841,0.05563093622795123,-0.04831804281345564,38800.0,1203.0,-0.9598969072164949,0.29343308395677475,1.0605957330788631,1.0863797581478483,0.016066838046272514,0
2024-12-01,1553.0,1590.0,1530.0,1562.0,58737907919,37616240,984,1569.0,1578.0,31.192131506713366,-284.82110284272744,-454.3156600637963,1677.3022002735843,1281.8977997264155,1479.6,1434.38,1.0263764905795552,-0.0025284450063211006,0.06621621621621632,0.014138817480719768,38800.0,1203.0,-0.9593298969072165,0.3117206982543641,1.0665044606650447,1.1001268840892928,0.03865652724968305,0
2024-12-02,1590.0,1608.0,1590.0,1608.0,26046153732,16201976,247,1562.0,1608.0,33.59316001849601,-258.7356553258612,-415.1996591162093,1686.7864306610527,1299.7135693389473,1493.25,1435.94,0.44925104275017647,-0.009242144177449174,0.059288537549407216,0.019011406844106515,38800.0,1203.0,-0.9585567010309278,0.33665835411471323,1.076845806127574,1.1198239480758247,0.03731343283582089,0
2024-12-03,1648.0,1656.0,1606.0,1639.0,148882794642,90854173,1229,1608.0,1637.0,35.920913325196025,-233.03639410522987,-378.7670061140135,1699.1855655744116,1315.9144344255883,1507.55,1437.66,2.298764688831763,0.023125000000000062,0.07697368421052642,0.018034825870646864,38800.0,1203.0,-0.9578092783505154,0.36076475477971737,1.0858677987463103,1.1386558713464936,0.009773976786805028,0
2024-12-04,1630.0,1643.0,1591.0,1624.0,80817638401,49762819,889,1639.0,1628.0,35.50496212064036,-210.96390860068686,-345.2063866113482,1702.044030251856,1343.155969748144,1522.6,1439.72,1.2315982458302404,-0.004281345565749217,0.07246376811594213,-0.005497861942577842,38800.0,1203.0,-0.958041237113402,0.35328345802161265,1.0692236963089452,1.1307754285555525,0.033169533169533194,0
2024-12-07,1593.0,1624.0,1576.0,1592.0,112418872972,70616971,1226,1624.0,1581.0,33.33413969792946,-195.0157913694843,-315.1682675629754,1696.2449073058544,1372.2550926941456,1534.25,1440.98,1.634354026033076,0.016066838046272514,0.03740157480314954,-0.028869778869778817,38800.0,1203.0,-0.9592525773195876,0.314214463840399,1.0304709141274238,1.0971699815403406,0.07716635041113218,1
2024-12-08,1583.0,1639.0,1565.0,1620.0,85590977628,52842046,877,1592.0,1639.0,38.34399780474769,-175.6716449191747,-287.2689430342153,1700.0339090539082,1393.6660909460916,1546.85,1443.26,1.1720947541451268,0.03865652724968305,0.03603034134007577,0.03668564199873492,38800.0,1203.0,-0.9577577319587629,0.3624272651704073,1.0595726799625045,1.1356235189778696,0.03843807199511895,0
2024-12-09,1630.0,1668.0,1630.0,1667.0,116645975184,69953837,813,1620.0,1668.0,40.74186223105422,-156.20062824250317,-261.0552800758729,1701.8429841304055,1421.0570158695946,1561.45,1446.7,1.5067417442972766,0.03731343283582089,0.02772643253234741,0.017693715680292765,38800.0,1203.0,-0.9570103092783505,0.3865336658354115,1.068237855839124,1.1529688256030968,0.027577937649880147,0
2024-12-10,1688.0,1708.0,1630.0,1658.0,48020825546,28969944,714,1667.0,1653.0,39.87796867272862,-140.36207525374311,-236.91663911144693,1699.631300768917,1448.168699231083,1573.9,1449.98,0.6184409416140819,0.009773976786805028,0.03312500000000007,-0.008992805755395739,38800.0,1203.0,-0.9573969072164948,0.3740648379052369,1.0502573225744964,1.1400157243548186,0.02722323049001818,0
2024-12-11,1666.0,1702.0,1610.0,1654.0,75386917729,45568954,1038,1658.0,1682.0,42.420008656354405,-124.039994419202,-214.34131017299796,1707.0796127046979,1463.3203872953022,1585.2,1453.9,0.9759113497502687,0.033169533169533194,0.0287461773700306,0.01754385964912286,38800.0,1203.0,-0.9566494845360825,0.39817123857024106,1.0610648498612163,1.1568883692138385,0.041617122473246226,0
2024-12-14,1703.0,1703.0,1700.0,1703.0,64748443502,38020234,427,1654.0,1703.0,44.25797458712534,-108.16326448422842,-193.10570103524407,1717.6149122392544,1475.6850877607458,1596.65,1458.32,0.7973265072761929,0.07716635041113218,0.09447300771208234,0.012485136741973824,38800.0,1203.0,-0.9561082474226804,0.41562759767248547,1.066608210941659,1.1677821054363926,0.041103934233705175,0
2024-12-15,1741.0,1754.0,1689.0,1715.0,155149883034,90459249,1722,1703.0,1702.0,44.185645588070244,-94.57137334447202,-173.39883549708966,1724.5316338002415,1490.9683661997585,1607.75,1462.78,1.7860498917514172,0.03843807199511895,0.0785804816223068,-0.0005871990604815469,38800.0,1203.0,-0.9561340206185567,0.4147963424771405,1.0586222982428861,1.1635379209450498,0.01527614571092828,0
2024-12-16,1700.0,1766.0,1664.0,1750.0,375433343879,214558020,3384,1715.0,1714.0,45.340045058144625,-81.88745437919874,-155.0965592735115,1735.450763326861,1499.6492366731388,1617.55,1467.5,3.5415075822906372,0.027577937649880147,0.06592039800995031,0.007050528789659172,38800.0,1203.0,-0.9558247422680413,0.4247714048212801,1.0596272139964762,1.1679727427597957,0.02100350058343059,0
2024-12-17,1725.0,1750.0,1698.0,1701.0,126894738784,74581000,1521,1750.0,1698.0,44.03235288111065,-72.29307394339526,-138.53586220748826,1740.3578135733414,1512.5421864266586,1626.45,1471.62,1.2373769972215152,0.02722323049001818,0.03726328649969446,-0.009334889148191361,38800.0,1203.0,-0.9562371134020619,0.4114713216957606,1.0439915152633035,1.1538304725404658,0.010600706713780994,0
2024-12-18,1665.0,1752.0,1663.0,1722.0,141148964655,81951223,1744,1701.0,1752.0,49.342712915317136,-59.64456421228556,-122.75760260844773,1753.1617819749895,1523.1382180250107,1638.15,1476.76,1.3119069285161267,0.041617122473246226,0.07616707616707608,0.03180212014134276,38800.0,1203.0,-0.9548453608247423,0.456359102244389,1.0694991301162897,1.186380996235001,-0.04394977168949776,0
2024-12-21,1773.0,1773.0,1760.0,1772.0,108072909839,60973974,853,1722.0,1773.0,51.27875808400975,-47.37983933221631,-107.68204995320144,1767.3842454831392,1533.8157545168606,1650.6,1482.36,0.9611821131965697,0.041103934233705175,0.12144212523719156,0.011986301369863117,38800.0,1203.0,-0.9543041237113402,0.47381546134663344,1.0741548527808071,1.196065733020319,-0.04512126339537503,0
2024-12-22,1770.0,1798.0,1719.0,1738.0,96318802008,55418904,1848,1772.0,1728.0,47.12269984288507,-40.82052679846174,-94.3097453222535,1774.871620460128,1540.9283795398721,1657.9,1487.68,0.869284486948894,0.01527614571092828,0.0543014032946918,-0.025380710659898442,38800.0,1203.0,-0.9554639175257732,0.43640897755610975,1.0422824054526811,1.1615401161540115,-0.05266203703703709,0
2024-12-23,1738.0,1788.0,1711.0,1753.0,65195265154,37184686,795,1738.0,1750.0,49.286717015880065,-33.461287328443404,-82.14005372349149,1786.6180922179883,1541.8819077820117,1664.25,1494.08,0.5734212722823947,0.02100350058343059,0.04916067146282965,0.0127314814814814,38800.0,1203.0,-0.9548969072164949,0.4546965918536991,1.0515247108307044,1.171289355322339,-0.08457142857142852,0
2024-12-24,1754.0,1780.0,1701.0,1721.0,165174958929,95970060,2242,1753.0,1716.0,46.14371332849197,-30.02642691941537,-71.71732836267627,1790.6708522315764,1549.4291477684235,1670.05,1500.58,1.4418736755836288,0.010600706713780994,0.038112522686025496,-0.01942857142857146,38800.0,1203.0,-0.9557731958762886,0.42643391521197005,1.0275141462830455,1.1435578243079343,-0.061771561771561734,0
2024-12-25,1719.0,1729.0,1670.0,1673.0,269067341108,160874830,2588,1721.0,1675.0,42.61461925485447,-30.26377073662252,-63.426616837465524,1791.601620620853,1552.4983793791469,1672.05,1507.08,2.2341377410262035,-0.04394977168949776,-0.004161712247324645,-0.02389277389277389,38800.0,1203.0,-0.9568298969072165,0.3923524522028263,1.0017643013067792,1.1114207606762747,-0.0268656716417911,0
2024-12-28,1692.0,1720.0,1659.0,1687.0,73012324118,43272082,1182,1673.0,1693.0,44.61723960288601,-28.668940157663656,-56.47508150150515,1786.1341363236277,1571.6658636763725,1678.9,1514.66,0.6113381788893762,-0.04512126339537503,-0.005871990604815025,0.010746268656716351,38800.0,1203.0,-0.9563659793814433,0.40731504571903576,1.008398356066472,1.1177425956980445,-0.015357353809805074,0
2024-12-29,1687.0,1711.0,1637.0,1645.0,112948546395,68660269,1786,1687.0,1637.0,39.94659012290051,-31.559953918791052,-51.492055984962334,1780.7403938361822,1582.9596061638176,1681.85,1521.9,0.9492015537140932,-0.05266203703703709,-0.03819036427732081,-0.0330773774365033,38800.0,1203.0,-0.9578092783505154,0.36076475477971737,0.9733329369444362,1.0756291477758064,0.007330482590103937,0
2024-12-30,1615.0,1657.0,1597.0,1625.0,54023790937,33242458,1350,1645.0,1602.0,37.31723788389865,-36.25735838783612,-48.4451164655371,1781.3667821214206,1581.7332178785794,1681.55,1528.36,0.4542139301589353,-0.08457142857142852,-0.06534422403733953,-0.02138057422113626,38800.0,1203.0,-0.9587113402061855,0.3316708229426434,0.9526924563646636,1.0481823654112905,0.07178526841448196,1
2024-12-31,1620.0,1660.0,1601.0,1626.0,51468970761,31654750,1179,1625.0,1610.0,38.316647790543186,-38.88629512697025,-46.53335219782373,1783.0739033626835,1577.3260966373166,1680.2,1535.86,0.45075018388097066,-0.061771561771561734,-0.051825677267373416,0.004993757802746579,38800.0,1203.0,-0.9585051546391753,0.33832086450540316,0.958219259611951,1.0482726290156656,0.09068322981366461,1
2025-01-01,1613.0,1648.0,1602.0,1619.0,52197265360,32236975,1486,1626.0,1630.0,40.85548408506712,-38.907413140514336,-45.008164386361855,1782.9744369016687,1577.6255630983312,1680.3,1544.4,0.4648411211051381,-0.0268656716417911,-0.06963470319634701,0.012422360248447228,38800.0,1203.0,-0.9579896907216495,0.3549459684123026,0.9700648693685652,1.0554260554260553,0.1092024539877301,1
2025-01-04,1642.0,1667.0,1628.0,1667.0,329303674056,197572485,1569,1619.0,1667.0,45.33787427647452,-35.52900231761555,-43.112331972612594,1776.965361435313,1592.2346385646867,1684.6,1552.94,2.6099990040727334,-0.015357353809805074,-0.05978567399887191,0.022699386503067576,38800.0,1203.0,-0.9570360824742268,0.3857024106400665,0.9895524160037992,1.073447782914987,0.06118776244751056,1
2025-01-05,1672.0,1694.0,1649.0,1667.0,97604644851,58539108,1488,1667.0,1649.0,43.60645816100596,-33.91310777183912,-41.2724871324579,1776.5765543353932,1593.6234456646066,1685.1,1560.92,0.7704222104784201,0.007330482590103937,-0.04571759259259256,-0.010797840431913563,38800.0,1203.0,-0.9575,0.370739817123857,0.9785769390540622,1.0564282602567716,0.06973923590054576,1
2025-01-06,1670.0,1717.0,1662.0,1705.0,254095333537,149048359,1791,1667.0,1717.0,51.189971482807906,-26.836117939429187,-38.38521329385216,1779.6857150787732,1595.4142849212267,1687.55,1569.52,1.864552354355585,0.07178526841448196,-0.018857142857142906,0.04123711340206193,38800.0,1203.0,-0.9557474226804124,0.42726517040731504,1.0174513347752658,1.0939650338957134,0.04775771694816533,0
2025-01-07,1756.0,1756.0,1755.0,1756.0,102047343092,58113557,528,1705.0,1756.0,54.93313507074401,-17.874531968858037,-34.283077028853334,1787.9955402580752,1597.404459741925,1692.7,1578.18,0.713969101086288,0.09068322981366461,0.02331002331002341,0.022714036109493296,38800.0,1203.0,-0.9547422680412371,0.4596841230257689,1.0373958764104685,1.1126740929425034,0.003416856492027387,0
2025-01-08,1808.0,1808.0,1808.0,1808.0,103061113024,57002828,579,1756.0,1808.0,59.40348870247556,-6.501499861215507,-28.726761595325772,1806.5099995027451,1591.4900004972549,1699.0,1587.14,0.695438409191923,0.1092024539877301,0.07940298507462695,0.029612756264236983,38800.0,1203.0,-0.9534020618556701,0.5029093931837074,1.0641553855208947,1.1391559660773467,-0.04646017699115046,0
2025-01-11,1862.0,1862.0,1754.0,1817.0,338894976669,186541317,3862,1808.0,1769.0,54.997217757979676,-0.6280245647865286,-23.107014189217928,1814.0660055342464,1590.5339944657535,1702.3,1595.3,2.0867598175547606,0.06118776244751056,0.044890726520968594,-0.02157079646017701,38800.0,1203.0,-0.9544072164948454,0.4704904405652535,1.039182282793867,1.1088823418792704,-0.0525720746184285,0
2025-01-12,1795.0,1795.0,1763.0,1768.0,148170195122,83827462,2208,1817.0,1764.0,54.43969193565102,3.581997671045656,-17.76921181716521,1820.3545997038923,1590.445400296108,1705.4,1604.02,0.9412341813223599,0.06973923590054576,0.07758094074526567,-0.002826455624646673,38800.0,1203.0,-0.9545360824742268,0.46633416458852867,1.0343614401313475,1.0997369110110846,-0.04365079365079361,0
2025-01-13,1755.0,1821.0,1755.0,1816.0,135628852189,74705518,1276,1768.0,1799.0,57.67422717712985,9.63165044645757,-12.289039364440654,1831.6324167373452,1587.667583262655,1709.65,1613.3,0.9102814603232091,0.04775771694816533,0.12297128589263417,0.01984126984126977,38800.0,1203.0,-0.9536340206185567,0.49542809642560265,1.0522621589214165,1.1151056840017357,-0.017231795441912223,0
2025-01-15,1810.0,1836.0,1762.0,1777.0,87313550982,49135099,1060,1816.0,1762.0,53.36131952870118,11.310077544613023,-7.569215982629919,1836.784297081495,1588.9157029185048,1712.85,1621.52,0.6081355297554403,0.003416856492027387,0.09440993788819885,-0.020566981656475858,38800.0,1203.0,-0.9545876288659794,0.46467165419783873,1.028694865283008,1.0866347624451131,0.022133938706015988,0
2025-01-18,1724.0,1724.0,1724.0,1724.0,76562976196,44410079,1009,1777.0,1724.0,49.28498723665804,9.464855726419955,-4.162401640819944,1834.2107021529441,1588.689297847056,1711.45,1629.46,0.5627281636265123,-0.04646017699115046,0.05766871165644161,-0.02156640181611802,38800.0,1203.0,-0.9555670103092784,0.43308395677472983,1.0073329632767536,1.05801922109165,0.022621809744779675,0
2025-01-19,1703.0,1775.0,1673.0,1701.0,107173079440,62998872,3101,1724.0,1676.0,44.64556725649085,4.082247683944843,-2.5134717758669867,1826.8903154584043,1586.3096845415955,1706.6,1636.02,0.7972473476937623,-0.0525720746184285,0.005398920215956782,-0.02784222737819031,38800.0,1203.0,-0.9568041237113402,0.3931837073981712,0.9820696120942225,1.0244373540665763,0.029236276849641918,0
2025-01-20,1752.0,1752.0,1666.0,1717.0,121482419656,70747557,3879,1701.0,1687.0,45.902359508535056,0.6960761670886768,-1.8715621872758539,1824.7090196076927,1584.3909803923073,1704.55,1642.02,0.8867062317035207,-0.04365079365079361,0.023044269254093308,0.0065632458233890745,38800.0,1203.0,-0.956520618556701,0.4023275145469659,0.9897040274559268,1.027393089000134,0.03082394783639586,0
2025-01-21,1685.0,1768.0,1685.0,1752.0,118828655251,67834902,1799,1717.0,1768.0,54.15640365016669,4.496698754542194,-0.5979099989122443,1827.216128266781,1583.6838717332191,1705.45,1649.86,0.834178293876312,-0.017231795441912223,0.02970297029702973,0.048014226437463,38800.0,1203.0,-0.9544329896907217,0.4696591853699086,1.0366765369843736,1.0716060756670263,-0.02375565610859731,0
2025-01-22,1775.0,1804.0,1753.0,1797.0,82050798270,45657189,814,1752.0,1801.0,57.03274036085301,10.055628716170759,1.5327977441043563,1838.37960208628,1581.02039791372,1709.7,1657.8,0.5793781239806645,0.022133938706015988,0.02562642369020507,0.018665158371040658,38800.0,1203.0,-0.9535824742268041,0.4970906068162926,1.0534011814938293,1.086379539148269,-0.06163242642976119,0
2025-01-25,1837.0,1839.0,1756.0,1778.0,43299951730,24355133,905,1797.0,1763.0,52.91556977683027,11.264982632362035,3.4792347217558923,1843.7470593306482,1584.4529406693516,1714.1,1663.94,0.33837006711678463,0.022621809744779675,-0.02488938053097345,-0.021099389228206533,38800.0,1203.0,-0.9545618556701031,0.46550290939318373,1.0285280905431422,1.0595333966368978,-0.038570618264322176,0
2025-01-26,1747.0,1780.0,1725.0,1735.0,60617491289,34942985,1765,1778.0,1725.0,49.09852095559144,9.052767237556282,4.59394122491597,1845.0554791768986,1586.3445208231014,1715.7,1668.96,0.4882941335321547,0.029236276849641918,-0.024872809496890858,-0.021554169030062353,38800.0,1203.0,-0.9555412371134021,0.4339152119700748,1.005420528064347,1.0335777969513948,-0.005797101449275366,0
2025-01-27,1733.0,1760.0,1710.0,1732.0,37988453371,21930372,674,1735.0,1739.0,50.51479955910758,8.333193726098216,5.34179172515242,1845.29353394087,1596.30646605913,1720.8,1674.14,0.3167991251812062,0.03082394783639586,-0.014172335600907027,0.008115942028985579,38800.0,1203.0,-0.955180412371134,0.4455527847049044,1.0105764760576477,1.038742279618192,0.012075905692926936,0
2025-01-29,1738.0,1766.0,1698.0,1716.0,25340367138,14770615,705,1732.0,1726.0,49.14732830282929,6.637423097735336,5.600917999669003,1838.926761737702,1615.073238262298,1727.0,1678.3,0.21625685105791634,-0.02375565610859731,-0.040578098943857666,-0.0074755606670500185,38800.0,1203.0,-0.9555154639175257,0.43474646716541976,0.9994209612044007,1.0284216171125544,0.030127462340671984,0
2025-02-01,1745.0,1745.0,1665.0,1683.0,33345791613,19813046,1727,1716.0,1690.0,45.47598091703655,2.361392855026452,4.953012970740493,1830.9979999454463,1631.0020000545537,1731.0,1681.7,0.29261982020164357,-0.06163242642976119,-0.04086265607264472,-0.02085747392815762,38800.0,1203.0,-0.9564432989690722,0.40482128013300084,0.97631426920855,1.0049354819527858,0.026035502958579926,0
2025-02-02,1706.0,1718.0,1674.0,1697.0,25351341471,14942480,1093,1683.0,1695.0,46.078457346899626,-0.616823350571849,3.8390457064780246,1824.6731717707933,1643.8268282292067,1734.25,1685.24,0.2235410780334193,-0.038570618264322176,-0.016821345707656588,0.002958579881656709,38800.0,1203.0,-0.9563144329896908,0.4089775561097257,0.9773677382153668,1.0057914599700932,0.014159292035398341,0
2025-02-03,1714.0,1724.0,1683.0,1709.0,20156628594,11791956,925,1697.0,1715.0,48.52844644207174,-1.3477127042392567,2.8016940243345685,1822.2240030213095,1651.0759969786907,1736.65,1689.06,0.2048800208860254,-0.005797101449275366,0.023269689737470234,0.01179941002949847,38800.0,1203.0,-0.955798969072165,0.4256026600166251,0.9875334696110327,1.0153576545534202,-0.02215743440233231,0
2025-02-04,1700.0,1760.0,1676.0,1755.0,46670013151,26592155,637,1709.0,1760.0,53.63321469593586,1.6847553258417065,2.578306284635996,1818.1752590853935,1666.2247409146066,1742.2,1692.62,0.47521569409696296,0.012075905692926936,0.043272080616479025,0.026239067055393583,38800.0,1203.0,-0.954639175257732,0.4630091438071488,1.0102169670531511,1.0398081081400432,-0.07102272727272729,0
2025-02-05,1775.0,1804.0,1749.0,1784.0,58733797782,32914767,840,1755.0,1778.0,55.532944353279106,5.477318536579332,3.1581087350246637,1821.829044085791,1668.670955914209,1745.25,1695.72,0.6563081118874053,0.030127462340671984,0.005656108597285048,0.010227272727272751,38800.0,1203.0,-0.9541752577319588,0.4779717373233583,1.0187652198825383,1.0485221616776355,-0.06186726659167607,0
2025-02-09,1794.0,1820.0,1733.0,1772.0,74295351685,41930483,2197,1784.0,1734.0,50.126440270964395,4.876308875059522,3.5017487630316353,1820.7118050537815,1667.5881949462187,1744.15,1698.4,0.8497887887266247,0.026035502958579926,-0.037201554691837835,-0.02474690663667045,38800.0,1203.0,-0.9553092783505155,0.44139650872817954,0.9941805463979588,1.0209609043805934,-0.010957324106113053,0
2025-02-11,1779.0,1800.0,1719.0,1728.0,112251756032,64966596,2232,1772.0,1719.0,48.39660788437439,3.1532806915317906,3.4320551487316666,1811.069741439156,1668.3302585608442,1739.7,1700.08,1.3061124946084226,0.014159292035398341,-0.024957458876914362,-0.00865051903114189,38800.0,1203.0,-0.9556958762886598,0.428927680798005,0.9881013967925504,1.011128888052327,-0.018615474112856356,0
2025-02-15,1704.0,1704.0,1677.0,1679.0,31265722212,18624580,719,1728.0,1677.0,43.83516234901331,-1.5830323376312663,2.42903765145908,1810.090399339453,1660.109600660547,1735.1,1702.5,0.4504719713973332,-0.02215743440233231,-0.02782608695652178,-0.024432809773123898,38800.0,1203.0,-0.9567783505154639,0.3940149625935162,0.9665148982767564,0.9850220264317181,0.01848539057841392,0
2025-02-16,1629.0,1710.0,1629.0,1635.0,120954228685,73966276,1455,1679.0,1635.0,39.79582802950536,-8.62620599480897,0.21798892220547006,1814.0555618393137,1643.2444381606865,1728.65,1703.64,1.810612003226415,-0.07102272727272729,-0.05980448533640026,-0.025044722719141377,38800.0,1203.0,-0.9578608247422681,0.35910224438902744,0.9458247765597431,0.959709797844615,0.05382262996941889,1
2025-02-17,1679.0,1684.0,1615.0,1674.0,27531345812,16447048,523,1635.0,1668.0,44.15050331506025,-11.41357901972242,-2.108324666180108,1804.9755693379352,1639.2244306620646,1722.1,1704.84,0.4335174171314845,-0.06186726659167607,-0.03360370799536505,0.020183486238532167,38800.0,1203.0,-0.9570103092783505,0.3865336658354115,0.9685848673131642,0.9783909340465968,0.0695443645083933,1
2025-02-18,1690.0,1722.0,1656.0,1701.0,31249665339,18375573,493,1674.0,1715.0,49.72782235739338,-9.718061258389753,-3.630271984622037,1800.6075908192067,1638.8924091807933,1719.75,1706.4,0.5048146525099458,-0.010957324106113053,0.014792899408283988,0.02817745803357319,38800.0,1203.0,-0.955798969072165,0.4256026600166251,0.9972379706352668,1.0050398499765587,0.027405247813411027,0
2025-02-19,1724.0,1748.0,1683.0,1712.0,21546585152,12582547,1069,1701.0,1687.0,46.73362416943403,-10.512535248703216,-5.006724637438273,1799.9680205261816,1635.8319794738186,1717.9,1707.58,0.36147129324215443,-0.018615474112856356,-0.00471976401179941,-0.01632653061224487,38800.0,1203.0,-0.956520618556701,0.4023275145469659,0.9820129227545258,0.9879478560301714,0.03734439834024905,0
2025-02-22,1750.0,1757.0,1698.0,1729.0,42355983677,24503539,850,1712.0,1708.0,49.203964922852506,-9.33997173400644,-5.873374056751906,1799.4587393165139,1639.5412606834861,1719.5,1710.12,0.7451397007299485,0.01848539057841392,-0.004081632653061273,0.012448132780082943,38800.0,1203.0,-0.955979381443299,0.4197838736492103,0.9933120093050305,0.9987603209131524,0.0029274004683841337,0
2025-02-23,1682.0,1760.0,1682.0,1733.0,26852514772,15499010,467,1729.0,1723.0,50.95367787966518,-7.118276994753614,-6.1223546443522485,1799.8597861064216,1642.7402138935784,1721.3,1711.8,0.5145401297984156,0.05382262996941889,-0.02102272727272725,0.008782201405152179,38800.0,1203.0,-0.9555927835051546,0.4322527015793849,1.00098762563179,1.0065428204229467,-0.004062681369704002,0
2025-02-24,1761.0,1784.0,1750.0,1780.0,47054993158,26436548,509,1733.0,1784.0,57.38271626403934,-0.4304161364243555,-4.983966942766671,1802.8413152796443,1641.3586847203555,1722.1,1714.12,0.9424073665040851,0.0695443645083933,0.003374578177727683,0.03540336622170637,38800.0,1203.0,-0.9540206185567011,0.4829592684954281,1.0359444863829046,1.0407672741698364,-0.070627802690583,0
2025-02-25,1815.0,1833.0,1751.0,1804.0,46223554551,25619639,793,1780.0,1762.0,54.602798166505806,3.0592801615421195,-3.375317521904913,1794.831389871148,1645.468610128852,1720.15,1716.3,0.9471122270680401,0.027405247813411027,0.016147635524798254,-0.012331838565022402,38610.0,1203.0,-0.9543641543641543,0.46467165419783873,1.0243292736098595,1.026627046553633,-0.06242905788876274,0
2025-02-26,1798.0,1823.0,1750.0,1765.0,53683515952,30410328,1288,1804.0,1750.0,53.091943227505084,4.801244153834432,-1.740005186757044,1792.8934601520205,1646.1065398479795,1719.5,1717.66,1.111771937827364,0.03734439834024905,0.018033740546829602,-0.006810442678774176,37940.0,1203.0,-0.9538745387453874,0.4546965918536991,1.0177377144518756,1.0188279403374358,-0.05428571428571427,0
2025-03-01,1770.0,1770.0,1713.0,1726.0,54065389330,31324850,1594,1765.0,1713.0,48.62441391552403,3.1597487728229225,-0.7600543948410509,1792.2999999529022,1645.500000047098,1718.9,1717.86,1.1528305314001186,0.0029274004683841337,0.02146690518783534,-0.02114285714285713,37300.0,1203.0,-0.9540750670241287,0.4239401496259352,0.9965675722846006,0.9971708986762601,-0.06946876824284876,0
2025-03-02,1700.0,1741.0,1680.0,1698.0,55992362805,32972829,1083,1726.0,1716.0,48.999145634084684,2.076984599405705,-0.19264659599169975,1790.5727299205796,1644.9272700794204,1717.75,1718.14,1.1893139409675322,-0.004062681369704002,0.04954128440366978,0.0017513134851139256,37300.0,1203.0,-0.9539946380697051,0.42643391521197005,0.9989812254402561,0.9987544670399385,-0.09790209790209792,0
2025-03-03,1648.0,1690.0,1648.0,1649.0,219507113580,133081425,1786,1698.0,1658.0,42.5389992833202,-3.421784876626589,-0.8384742521186777,1791.533612205472,1637.1663877945277,1714.35,1717.02,3.95607254758289,-0.070627802690583,-0.005995203836930418,-0.03379953379953382,37300.0,1203.0,-0.9555495978552279,0.3782211138819618,0.9671303992766939,0.9656264924112707,-0.08323281061519905,0
2025-03-04,1650.0,1698.0,1649.0,1680.0,65948494587,39244626,745,1649.0,1652.0,41.92323209024272,-8.169575379197568,-2.304694477534456,1793.7013999453804,1631.1986000546196,1712.45,1716.1,1.1338653806689538,-0.06242905788876274,-0.03673469387755102,-0.003618817852834688,37300.0,1203.0,-0.9557104557640751,0.37323358270989193,0.9646996992612923,0.9626478643435697,-0.08898305084745761,0
2025-03-05,1680.0,1690.0,1630.0,1643.0,46784128691,28480406,1676,1680.0,1655.0,42.37240592908898,-11.5569374495401,-4.155143071935585,1795.214320283263,1625.685679716737,1710.45,1714.16,0.8070788065698017,-0.05428571428571427,-0.018968583283936025,0.001815980629539915,37300.0,1203.0,-0.9556300268096515,0.37572734829592686,0.967581630565056,0.9654874690810659,-0.06042296072507558,0
2025-03-08,1655.0,1655.0,1594.0,1595.0,103893019998,65126263,1280,1643.0,1594.0,36.235619986685414,-18.945247476736768,-7.113163952895822,1803.1246676017795,1605.6753323982207,1704.4,1710.58,1.715882147980055,-0.06946876824284876,-0.06674473067915687,-0.036858006042296054,37300.0,1203.0,-0.9572654155495979,0.3250207813798836,0.9352264726590002,0.931847677395971,0.0012547051442910462,0
2025-03-09,1586.0,1600.0,1548.0,1552.0,104389071401,67254267,816,1595.0,1548.0,32.422212784578534,-28.18742487722716,-11.32801613776209,1810.2948067214963,1577.3051932785036,1693.8,1706.98,1.6818578686448562,-0.09790209790209792,-0.10156703424260016,-0.02885821831869506,37300.0,1203.0,-0.9584986595174263,0.286783042394015,0.9139213602550479,0.9068647552988318,0.0342377260981912,0
2025-03-10,1584.0,1598.0,1506.0,1524.0,74715683478,49019606,765,1552.0,1520.0,30.329869629466998,-37.3408410755917,-16.530581125328013,1813.2962234849433,1548.5037765150569,1680.9,1702.38,1.2016576159225982,-0.08323281061519905,-0.14798206278026904,-0.018087855297157618,37300.0,1203.0,-0.9592493297587131,0.2635078969243558,0.9042774704027604,0.8928676323735005,0.02960526315789469,0
2025-03-11,1520.0,1549.0,1481.0,1510.0,41313878728,27352798,952,1524.0,1505.0,29.241182464756108,-45.28336554923226,-22.28113801010886,1819.8780226323265,1519.0219773676736,1669.45,1698.16,0.6827201271315982,-0.08898305084745761,-0.14585698070374575,-0.009868421052631526,37300.0,1203.0,-0.9596514745308311,0.2510390689941812,0.9014945041780227,0.8862533565741744,0.06644518272425248,1
2025-03-12,1544.0,1555.0,1528.0,1550.0,51180397261,33020085,597,1510.0,1555.0,37.3179762959611,-47.00148739554061,-27.22520788719521,1817.7375394179016,1504.7624605820984,1661.25,1695.76,0.8583978145081526,-0.06042296072507558,-0.11142857142857143,0.03322259136212624,37300.0,1203.0,-0.9583109919571046,0.29260182876142976,0.9360421369450714,0.9169929707034015,0.023794212218649413,0
2025-03-15,1596.0,1596.0,1586.0,1595.0,54015918669,33860108,488,1550.0,1596.0,43.057711817129245,-44.541309498539476,-30.688428209464064,1816.0226683854298,1498.3773316145703,1657.2,1693.82,0.8631421702616655,0.0012547051442910462,-0.06830122591943955,0.02636655948553046,37300.0,1203.0,-0.9572117962466488,0.3266832917705736,0.9630702389572773,0.942248881227049,-0.0006265664160400863,0
2025-03-16,1615.0,1642.0,1586.0,1613.0,35742517260,22154235,884,1595.0,1601.0,43.73436007105892,-41.70736602369789,-32.89221577231083,1815.956224538245,1495.043775461755,1655.5,1693.1,0.6046744298481317,0.0342377260981912,-0.06701631701631705,0.0031328320802004317,37300.0,1203.0,-0.9570777479892761,0.33083956774729845,0.9670794321957112,0.9456027405351132,-0.004996876951905094,0
2025-03-17,1610.0,1645.0,1565.0,1578.0,44870157474,28427986,2062,1613.0,1565.0,40.04466951885506,-41.8835371927114,-34.690480056390946,1815.4163805657172,1485.2836194342826,1650.35,1692.36,0.7634270073699746,0.02960526315789469,-0.056091676718938444,-0.02248594628357281,37300.0,1203.0,-0.9580428954423592,0.30091438071487947,0.9482836973975218,0.9247441442719043,0.04856230031948883,0
2025-03-18,1570.0,1610.0,1531.0,1546.0,54426324065,35206387,1197,1578.0,1605.0,45.54222056395141,-38.35337457934361,-35.42305896098148,1808.255354848195,1481.4446451518047,1644.85,1692.26,0.9245648100714196,0.06644518272425248,-0.028450363196125927,0.025559105431310014,37300.0,1203.0,-0.956970509383378,0.3341645885286783,0.9757728668267623,0.9484358195549147,0.03364485981308407,0
2025-03-25,1592.0,1592.0,1580.0,1590.0,18827693232,11837707,258,1546.0,1592.0,44.12608474296959,-36.187539203293454,-35.575955009443874,1803.8509083732458,1476.349091626754,1640.1,1691.5,0.31117768472399476,0.023794212218649413,-0.03806646525679758,-0.008099688473520272,37300.0,1203.0,-0.9573190348525469,0.3233582709891937,0.9706725199682946,0.9411764705882353,0.013190954773869334,0
2025-03-26,1630.0,1635.0,1576.0,1592.0,33271708049,20901212,1367,1590.0,1595.0,44.55455351702266,-33.83894978669241,-35.22855396489358,1796.2257398161466,1472.6742601838534,1634.45,1690.06,0.5520437200140357,-0.0006265664160400863,0.0006273525721456341,0.0018844221105527303,37300.0,1203.0,-0.9572386058981234,0.3258520365752286,0.9758634403010187,0.9437534762079454,0.0031347962382444194,0
2025-03-29,1607.0,1620.0,1586.0,1594.0,17011458327,10668412,672,1592.0,1593.0,44.31059774105299,-31.77280195560388,-34.53740356303564,1785.3596248425097,1470.5403751574904,1627.95,1688.94,0.2835836260688014,-0.004996876951905094,0.029069767441860517,-0.0012539184952977678,37300.0,1203.0,-0.9572922252010724,0.32418952618453867,0.9785312816732701,0.9431951401470745,0.029504080351538065,0
2025-03-30,1594.0,1641.0,1588.0,1627.0,25022628310,15376600,632,1594.0,1641.0,51.21465402824045,-25.962882122636074,-32.82249927495573,1761.2885760233107,1480.3114239766892,1620.8,1687.42,0.4148327296872697,0.04856230031948883,0.07960526315789473,0.030131826741996326,37300.0,1203.0,-0.956005361930295,0.3640897755610973,1.0124629812438302,0.9724905477000391,0.026203534430225384,0
2025-04-05,1661.0,1675.0,1630.0,1662.0,17804766096,10689998,377,1627.0,1659.0,53.540710641236764,-19.679179893129913,-30.193835398590572,1741.8851377115584,1489.4148622884418,1615.65,1685.48,0.29432403508559013,0.03364485981308407,0.10232558139534875,0.010968921389396646,37300.0,1203.0,-0.9555227882037534,0.3790523690773067,1.026831306285396,0.9842893419085365,0.022905364677516582,0
2025-04-06,1622.0,1670.0,1613.0,1625.0,39449726355,24273159,1632,1662.0,1613.0,47.33004917621592,-18.201302876928366,-27.795328894258134,1718.9773116074905,1498.6226883925094,1608.8,1681.58,0.6739988971319968,0.013190954773869334,0.03729903536977486,-0.02772754671488853,37300.0,1203.0,-0.9567560321715818,0.3408146300914381,1.0026106414719045,0.959216926937761,0.07873527588344698,1
2025-04-07,1580.0,1638.0,1577.0,1593.0,33674855239,21145631,1142,1625.0,1600.0,45.71608833641057,-17.87303680580817,-25.81087047656814,1702.423913960579,1503.8760860394211,1603.15,1678.2,0.5955729450593382,0.0031347962382444194,0.0025062656641603454,-0.008059516429014257,37300.0,1203.0,-0.9571045576407506,0.33000831255195345,0.9980351183607272,0.9534024550113216,0.10000000000000009,1
2025-04-08,1640.0,1640.0,1640.0,1635.0,17056000000,10400000,122,1593.0,1640.0,51.227152545942594,-14.221283766545412,-23.492953134563596,1686.0800985416902,1512.6199014583096,1599.35,1675.72,0.30253625260279543,0.029504080351538065,0.02435977514053711,0.02499999999999991,37300.0,1203.0,-0.9560321715817695,0.3632585203657523,1.0254165754837903,0.9786837896545962,0.05731707317073176,1
2025-04-09,1680.0,1684.0,1640.0,1682.0,64876862311,38577731,658,1635.0,1684.0,56.46314226539991,-7.688186271207769,-20.33199976189243,1691.5373478161384,1509.7626521838617,1600.65,1673.42,1.3010661375114847,0.026203534430225384,0.07603833865814691,0.02682926829268295,37300.0,1203.0,-0.95485254691689,0.399833748960931,1.0520725955080747,1.0063223817093139,0.03206650831353919,0
2025-04-12,1700.0,1730.0,1676.0,1690.0,32496651292,19232753,665,1682.0,1697.0,57.90116614854241,-1.445010897126167,-16.554601988939176,1700.7241278675785,1505.0758721324216,1602.9,1672.12,0.6712940185074434,0.022905364677516582,0.0573208722741434,0.0077197149643706275,37300.0,1203.0,-0.9545040214477212,0.4106400665004156,1.0587060952024454,1.014879314881707,-0.06364172068355922,0
2025-04-13,1740.0,1740.0,1738.0,1740.0,20353393136,11697357,176,1690.0,1740.0,62.33296682558499,6.893032611309309,-11.86507506888948,1719.9050885461654,1494.3949114538348,1607.15,1672.44,0.42060007680921885,0.07873527588344698,0.09296482412060292,0.02533883323512076,37300.0,1203.0,-0.9533512064343164,0.4463840399002494,1.0826618548362006,1.0403960680203774,-0.06666666666666665,0
2025-04-14,1790.0,1792.0,1747.0,1785.0,133900703908,75033353,1114,1740.0,1760.0,64.21965819186127,14.942576298986069,-6.503544795314371,1746.1258967562726,1484.7741032437275,1615.45,1674.12,2.6507492805730264,0.10000000000000009,0.10344827586206895,0.011494252873563315,37300.0,1203.0,-0.9528150134048258,0.4630091438071488,1.0894797115354855,1.0512985926934748,-0.06874999999999998,0
2025-04-15,1744.0,1785.0,1732.0,1736.0,109987117275,63349071,1246,1785.0,1734.0,60.01141028465329,19.004839002448307,-1.4018680357618352,1761.2459706110724,1488.2540293889276,1624.75,1675.06,2.25351638152303,0.05731707317073176,0.08851224105461397,-0.01477272727272727,36250.0,1203.0,-0.9521655172413793,0.44139650872817954,1.067241114017541,1.0351867992788317,-0.05420991926182239,0
2025-04-16,1750.0,1775.0,1723.0,1743.0,54802267867,31446224,672,1736.0,1738.0,60.440898324204205,22.290032413965037,3.3365120541835394,1771.7621228732473,1499.5378771267528,1635.65,1674.46,1.1547297312643108,0.03206650831353919,0.059110298598415545,0.0023068050749712743,36250.0,1203.0,-0.9520551724137931,0.44472152950955945,1.0625745116620304,1.0379465618766648,-0.06329113924050633,0
2025-04-22,1589.0,1589.0,1589.0,1589.0,35705696005,22470545,178,1543.0,1589.0,42.24125844490757,12.723844546475448,5.213978552641922,1764.2578373458166,1515.4421626541832,1639.85,1670.22,0.8325992625350309,-0.06364172068355922,-0.04219409282700426,-0.08573072497123135,36250.0,1203.0,-0.9561655172413793,0.32086450540315875,0.96899106625606,0.9513716755876471,0.05097545626179989,1
2025-04-23,1636.0,1636.0,1599.0,1632.0,391401707344,239899035,2309,1589.0,1624.0,46.329477574286855,7.875989726687521,5.7463807874510415,1761.790674709296,1524.809325290704,1643.3,1667.44,6.426031928447991,-0.06666666666666665,0.0068195908245505255,0.022026431718061623,36250.0,1203.0,-0.9552,0.34995843724023273,0.988255339864906,0.9739480880871275,0.056034482758620774,1
2025-04-26,1670.0,1670.0,1618.0,1639.0,137467318640,83872494,1318,1632.0,1639.0,48.02732784531524,5.184639201478603,5.634032470256554,1761.9737743684302,1528.9262256315699,1645.45,1665.72,2.1056035342760886,-0.06874999999999998,0.024375000000000036,0.009236453201970418,36250.0,1203.0,-0.9547862068965517,0.3624272651704073,0.9960800996687836,0.9839588886487525,0.04331909701037229,0
2025-04-27,1615.0,1642.0,1590.0,1625.0,188191125719,115789256,1816,1639.0,1640.0,48.14510112834384,3.0967191124802866,5.1265697987013015,1762.1752586277435,1532.6247413722567,1647.4,1663.74,2.6011438360339008,-0.05420991926182239,0.0,0.0006101281269066394,36250.0,1203.0,-0.9547586206896552,0.3632585203657523,0.9955080733276678,0.9857309435368508,0.04634146341463419,0
2025-04-28,1620.0,1651.0,1600.0,1622.0,291053292233,179425308,1766,1625.0,1628.0,46.77531003122049,0.4683290813563872,4.194921655232319,1759.412252379171,1541.687747620829,1650.55,1661.78,3.446204673649957,-0.06329113924050633,-0.0332541567695962,-0.007317073170731714,36250.0,1203.0,-0.9550896551724138,0.35328345802161265,0.9863378873708764,0.9796723994752615,0.03439803439803435,0
2025-04-29,1637.0,1670.0,1625.0,1666.0,107974789360,64792009,654,1622.0,1670.0,51.93028446515181,1.7541394093207145,3.7067652060499983,1760.8954713938328,1546.704528606167,1653.8,1661.38,1.2100728145134723,0.05097545626179989,-0.015910430170889778,0.025798525798525818,36250.0,1203.0,-0.9539310344827586,0.3881961762261014,1.0097956222034103,1.0051884577881038,0.024550898203592908,0
2025-04-30,1713.0,1715.0,1707.0,1715.0,70676724765,41216980,450,1666.0,1715.0,56.76225540730189,6.3312940604687356,4.231670976933746,1766.2674021177581,1553.632597882242,1659.95,1661.78,0.749224503092699,0.056034482758620774,-0.014367816091954033,0.026946107784431073,36250.0,1203.0,-0.9526896551724138,0.4256026600166251,1.0331636495075152,1.03202589993862,-0.022740524781341143,0
2025-05-03,1664.0,1727.0,1664.0,1688.0,267940534669,158772198,3069,1715.0,1710.0,56.0876310258765,9.446371988741703,5.274611179295337,1769.759790471972,1561.640209528028,1665.7,1661.68,2.5647135575826203,0.04331909701037229,-0.02840909090909094,-0.002915451895043719,36250.0,1203.0,-0.9528275862068966,0.42144638403990026,1.0265954253467011,1.0290790043811082,-0.029824561403508754,0
2025-05-04,1684.0,1738.0,1684.0,1721.0,114751958901,66687892,1170,1688.0,1716.0,56.75188701935832,12.257941624981186,6.671277268432507,1772.478574436253,1571.2214255637468,1671.85,1660.8,1.0306072090877758,0.04634146341463419,-0.01038062283737029,0.0035087719298245723,36250.0,1203.0,-0.9526620689655172,0.42643391521197005,1.0264078715195741,1.0332369942196533,-0.013403263403263366,0
2025-05-05,1730.0,1765.0,1678.0,1702.0,159914354885,93933555,1646,1721.0,1684.0,52.215294639066755,11.76834015337431,7.690689845420868,1773.733645241078,1574.266354758922,1674.0,1658.92,1.3685910062501,0.03439803439803435,-0.031070195627157626,-0.018648018648018683,36250.0,1203.0,-0.9535448275862068,0.399833748960931,1.005973715651135,1.0151182697176475,0.03444180522565321,0
2025-05-06,1727.0,1729.0,1675.0,1694.0,110735625839,65364299,1080,1702.0,1711.0,55.45111747939362,13.404483272162452,8.833448530769186,1777.3400615101755,1575.8599384898243,1676.6,1658.46,0.9158647544763606,0.024550898203592908,0.07677784770295792,0.016033254156769594,36250.0,1203.0,-0.9528,0.4222776392352452,1.0205177144220448,1.0316799922819966,0.04850964348334297,0
2025-05-07,1704.0,1738.0,1676.0,1705.0,69837035385,40965679,795,1694.0,1676.0,50.66188285527053,11.741581347883312,9.41507509419201,1776.1862483357522,1583.3137516642478,1679.75,1657.6,0.5673636338348014,-0.022740524781341143,0.03201970443349755,-0.020455873758036258,36250.0,1203.0,-0.9537655172413793,0.3931837073981712,0.997767524929305,1.0111003861003862,0.09785202863961806,1
2025-05-10,1693.0,1697.0,1654.0,1656.0,205279744704,123964638,1840,1705.0,1659.0,48.47204135797651,8.948805408942462,9.321821157142102,1772.5845926345319,1592.8154073654682,1682.7,1657.24,1.6027591850485732,-0.029824561403508754,0.01220256253813301,-0.010143198090692085,36250.0,1203.0,-0.9542344827586207,0.3790523690773067,0.9859154929577465,1.0010620067099514,0.10548523206751059,1
2025-05-11,1644.0,1705.0,1631.0,1692.0,102931970708,60831031,875,1656.0,1693.0,52.860675605670615,9.371003115938038,9.33165754890129,1773.143564645004,1597.5564353549958,1685.35,1658.4,0.7616630027661909,-0.013403263403263366,0.032317073170731625,0.02049427365883072,36250.0,1203.0,-0.953296551724138,0.40731504571903576,1.0045391165039903,1.0208634828750602,0.09805079740106315,1
2025-05-12,1742.0,1742.0,1742.0,1742.0,166973732822,95851741,708,1692.0,1742.0,58.36436022274411,13.503824645738632,10.16609096826876,1779.4396375312315,1597.0603624687685,1688.25,1659.88,1.1586124312596155,0.03444180522565321,0.07002457002457008,0.028942705256940426,36250.0,1203.0,-0.9519448275862069,0.4480465502909393,1.0318377017621798,1.0494734559124754,0.03903559127439715,0
2025-05-13,1778.0,1794.0,1734.0,1787.0,234103315657,131001103,1193,1742.0,1794.0,63.265890089949046,20.736048640360423,12.280082502687092,1795.2898233342185,1590.9101766657814,1693.1,1661.46,1.4832856671231267,0.04850964348334297,0.07425149700598799,0.029850746268656803,36250.0,1203.0,-0.9505103448275862,0.4912718204488778,1.059594826058709,1.0797732115127658,-0.02285395763656628,0
2025-05-14,1840.0,1840.0,1840.0,1840.0,174490992240,94832061,639,1787.0,1840.0,66.97023230959779,29.835528423720916,15.791171686893858,1817.3424420794888,1578.857557920511,1698.1,1664.52,1.0254894765871427,0.09785202863961806,0.07288629737609331,0.02564102564102555,36250.0,1203.0,-0.9492413793103448,0.5295095594347464,1.0835639832754256,1.105423785836157,-0.061956521739130466,0
2025-05-17,1873.0,1873.0,1785.0,1805.0,273475043364,151529047,2868,1840.0,1834.0,66.03484208691137,36.14611197565637,19.862159744646362,1832.5342342046695,1571.0657657953304,1701.8,1667.04,1.5735151193599202,0.10548523206751059,0.07251461988304087,-0.003260869565217428,36250.0,1203.0,-0.9494068965517242,0.5245220282626767,1.0776824538723704,1.1001535656013053,-0.06434023991275895,0
2025-05-18,1859.0,1859.0,1835.0,1858.0,239777776014,129041784,1497,1805.0,1859.0,68.03801398692445,42.67268185850412,24.424264167417917,1855.2579820970425,1560.8420179029574,1708.05,1669.76,1.2958039274204607,0.09805079740106315,0.08333333333333326,0.0136314067611778,36250.0,1203.0,-0.9487172413793103,0.545303408146301,1.08837563303182,1.1133336527405135,-0.1000537923614847,0
2025-05-19,1872.0,1872.0,1803.0,1807.0,203323375449,112532039,1886,1858.0,1810.0,60.50580472101381,43.39096103328802,28.217603540591938,1865.004849917061,1558.2951500829392,1711.65,1670.28,1.085811669805797,0.03903559127439715,0.07482185273159137,-0.02635825712748785,36250.0,1203.0,-0.9500689655172414,0.5045719035743973,1.0574591768176904,1.083650645400771,-0.059668508287292865,0
2025-05-20,1773.0,1835.0,1753.0,1757.0,107894458015,61404414,1408,1807.0,1753.0,53.136490490398934,38.91222293907822,30.356527420289193,1863.314664614973,1576.3853353850268,1719.85,1670.1,0.5815619942267518,-0.02285395763656628,0.02454704850964351,-0.03149171270718232,36250.0,1203.0,-0.9516413793103449,0.457190357439734,1.0192749367677414,1.04963774624274,-0.0524814603536794,0
2025-05-21,1705.0,1750.0,1705.0,1710.0,106059183328,62019123,1735,1757.0,1726.0,50.02822086529523,32.80594981183049,30.846411898597452,1861.5083757705406,1588.3916242294595,1724.95,1669.62,0.6414134686573828,-0.061956521739130466,0.029832935560859086,-0.01540216771249292,36250.0,1203.0,-0.9523862068965517,0.43474646716541976,1.0006087132960375,1.033768162815491,-0.028968713789107814,0
2025-05-24,1726.0,1753.0,1676.0,1710.0,28192110333,16483910,619,1710.0,1716.0,48.88758936968147,26.850254913709477,30.047180501619856,1859.671845685347,1597.9281543146528,1728.8,1669.68,0.17663495287036493,-0.06434023991275895,0.03435804701627476,-0.005793742757821518,36250.0,1203.0,-0.9526620689655172,0.42643391521197005,0.9925960203609441,1.027741842748311,-0.02505827505827507,0
2025-05-25,1720.0,1720.0,1659.0,1676.0,61549270508,36723757,1150,1710.0,1673.0,44.21893504944057,18.447926946079633,27.727329790511813,1857.5806021109388,1603.3193978890613,1730.45,1668.82,0.41092447828146367,-0.1000537923614847,-0.011813349084465408,-0.02505827505827507,36250.0,1203.0,-0.953848275862069,0.39068994181213634,0.9668005432113034,1.0025047638451121,-0.01972504482964732,0
2025-05-26,1677.0,1725.0,1650.0,1689.0,64520931746,38206886,868,1676.0,1702.0,47.83694954301073,13.968063986300194,24.97547662966949,1853.1882711277801,1615.11172887222,1734.15,1669.7,0.4641957266619186,-0.059668508287292865,-0.02296211251435132,0.017334130304841544,36230.0,1203.0,-0.9530223571625724,0.4147963424771405,0.9814606579592307,1.0193447924776906,-0.02761457109283194,0
2025-05-27,1725.0,1739.0,1653.0,1675.0,120283033693,71827201,1465,1689.0,1661.0,43.53745788686347,7.028364356999646,21.386054175135524,1853.7684804313387,1613.6315195686614,1733.7,1669.88,0.8689531120119043,-0.0524814603536794,-0.0741360089186176,-0.024089306698002355,36230.0,1203.0,-0.9541540160088324,0.38071487946799665,0.9580665628424756,0.9946822526169544,-0.030102347983142708,0
2025-05-28,1667.0,1696.0,1658.0,1674.0,45931919044,27433733,602,1675.0,1676.0,45.468506085601376,2.707763629120336,17.650396065932487,1854.21285148195,1609.28714851805,1731.75,1670.3,0.3346789200138454,-0.028968713789107814,-0.08913043478260874,0.009030704394942912,36070.0,1203.0,-0.9535347934571666,0.3931837073981712,0.967807131514364,1.003412560617853,-0.00835322195704058,0
2025-05-31,1690.0,1711.0,1645.0,1669.0,59772322283,35804725,1008,1674.0,1673.0,45.136022164669846,-0.9474963557324827,13.930817581599493,1854.716505291126,1605.0834947088742,1729.9,1671.88,0.47222122379370846,-0.02505827505827507,-0.08778625954198471,-0.0017899761336515052,35090.0,1203.0,-0.952322599031063,0.39068994181213634,0.9671079253136019,1.0006699045386032,0.011954572624028659,0
2025-06-01,1685.0,1685.0,1630.0,1646.0,27344949248,16614961,592,1669.0,1640.0,41.53785453743343,-6.43298498938384,9.858057067402829,1856.8637564200744,1595.3362435799254,1726.1,1673.72,0.2266141542631446,-0.01972504482964732,-0.11780527165142551,-0.01972504482964732,35090.0,1203.0,-0.9532630379025363,0.3632585203657523,0.9501187648456058,0.9798532609994504,0.006707317073170627,0
2025-06-02,1632.0,1681.0,1632.0,1660.0,44962985587,27089786,587,1646.0,1655.0,43.733537948079956,-9.460840927550635,5.994277468412136,1857.8690301461775,1591.4309698538227,1724.65,1676.42,0.3871291424819257,-0.02761457109283194,-0.08563535911602205,0.009146341463414531,35090.0,1203.0,-0.9528355656882302,0.37572734829592686,0.959614994346679,0.987222772336288,-0.032024169184290074,0
2025-06-03,1660.0,1660.0,1611.0,1614.0,119117863370,73799748,1866,1660.0,1611.0,39.09517972714242,-15.235248389902836,1.7483722967491415,1861.753166724344,1577.5468332756561,1719.65,1678.54,1.048323617315893,-0.030102347983142708,-0.08100399315459217,-0.026586102719033278,35090.0,1203.0,-0.9540894841835281,0.33915211970074816,0.9368185386561219,0.9597626508751653,-0.028553693358162602,0
2025-06-10,1659.0,1662.0,1612.0,1654.0,185957011782,112406393,1006,1614.0,1662.0,46.21563702297596,-15.51735966792944,-1.7047740961865752,1862.040845245552,1575.8591547544481,1718.95,1680.68,1.5196233447054202,-0.00835322195704058,-0.037079953650057895,0.03165735567970196,35090.0,1203.0,-0.9526360786548874,0.38154613466334164,0.9668693097530469,0.9888854511269248,-0.07460890493381467,0
2025-06-11,1700.0,1703.0,1665.0,1702.0,196603965645,115521486,1173,1654.0,1693.0,50.03914731215825,-13.08861654196221,-3.9815425853417024,1861.64400694032,1579.6559930596802,1720.65,1682.62,1.5707005527155753,0.011954572624028659,-0.013403263403263366,0.01865222623345364,35090.0,1203.0,-0.9517526360786549,0.40731504571903576,0.98393049138407,1.0061689508029146,-0.0726520968694625,0
2025-06-28,1651.0,1651.0,1651.0,1651.0,19656160459,11905609,88,1702.0,1651.0,45.33665604109394,-14.387024445640918,-6.062638957401546,1862.3519123415483,1574.7480876584516,1718.55,1683.62,0.1674453158868243,0.006707317073170627,-0.013150029886431547,-0.024808033077377445,35090.0,1203.0,-0.9529495582787119,0.372402327514547,0.9606936079834745,0.9806250816692603,-0.06662628709872809,0
2025-06-29,1602.0,1602.0,1602.0,1613.0,14476593150,9036575,90,1651.0,1602.0,40.548933179881075,-19.14917280954137,-8.679945727829512,1863.5032493666533,1559.5967506333466,1711.55,1684.36,0.1353576683910108,-0.032024169184290074,-0.05875440658049358,-0.02967898243488798,35090.0,1203.0,-0.9543459675121118,0.3316708229426434,0.9359936899301803,0.951103089600798,-0.0449438202247191,0
2025-06-30,1565.0,1565.0,1565.0,1584.0,10944260970,6993138,68,1613.0,1565.0,37.342152933160506,-25.61354348998134,-12.066665280259878,1859.7908262646324,1540.4091737353674,1700.1,1683.56,0.11547392977066033,-0.028553693358162602,-0.05779650812763393,-0.023096129837702817,35090.0,1203.0,-0.9554003989740667,0.30091438071487947,0.9205340862302218,0.9295777994250279,-0.03514376996805113,0
2025-07-01,1537.0,1591.0,1537.0,1537.0,409770986949,266526151,3530,1584.0,1538.0,35.15715886636811,-32.540175293858965,-16.161367282979697,1846.027947863334,1523.972052136666,1685.0,1682.48,3.8545963003529713,-0.07460890493381467,-0.08233890214797135,-0.017252396166134165,35090.0,1203.0,-0.9561698489598176,0.27847049044056527,0.912759643916914,0.9141267652512957,0.00975292587776333,0
2025-07-02,1500.0,1582.0,1491.0,1515.0,126226698295,83332152,1296,1537.0,1570.0,39.66328619423626,-35.0434888120667,-19.937791588797097,1824.8942193326475,1518.7057806673524,1671.8,1681.98,1.2676949213215456,-0.0726520968694625,-0.06156604901374774,0.02080624187256186,35090.0,1203.0,-0.9552579082359647,0.3050706566916043,0.9391075487498505,0.9334237030166828,-0.015923566878980888,0
2025-07-07,1560.0,1560.0,1525.0,1557.0,49370034836,31711652,491,1515.0,1541.0,37.1440799062812,-38.91880864756217,-23.733995000550113,1793.1572766488837,1518.6427233511165,1655.9,1680.94,0.5209847855075471,-0.06662628709872809,-0.06036585365853664,-0.01847133757961783,35090.0,1203.0,-0.9560843545169564,0.2809642560266002,0.9306117519173862,0.9167489618903708,0.0129785853341986,0
2025-07-08,1575.0,1576.0,1511.0,1521.0,30327849237,19938952,436,1557.0,1530.0,36.20474617999108,-42.38900158252204,-27.4649963169445,1770.2602742014217,1513.5397257985785,1641.9,1678.72,0.3545394790110985,-0.0449438202247191,-0.07552870090634445,-0.007138221933809197,34980.0,1203.0,-0.9562607204116638,0.2718204488778055,0.9318472501370363,0.9114086923370187,0.026797385620914937,0
2025-07-09,1530.0,1549.0,1478.0,1508.0,32100670671,21283155,488,1521.0,1510.0,34.49658664527345,-46.220189761393385,-31.21603500583428,1759.737499372288,1499.762500627712,1629.75,1675.74,0.39243952569713075,-0.03514376996805113,-0.0626939788950962,-0.013071895424836555,34980.0,1203.0,-0.9568324757004002,0.25519534497090607,0.9265224727718975,0.9010944418585222,0.0629139072847682,1
2025-07-12,1553.0,1553.0,1523.0,1552.0,71621988781,46143797,479,1508.0,1553.0,40.94754211738149,-45.26490768203189,-34.0258095410738,1747.285419098476,1494.9145809015238,1621.1,1674.54,0.8634823698627526,0.00975292587776333,-0.06558363417569191,0.02847682119205297,34600.0,1203.0,-0.9551156069364162,0.29093931837073983,0.9579914872617359,0.927418873242801,0.02962009014810052,0
2025-07-13,1560.0,1577.0,1529.0,1542.0,47158384050,30573899,577,1552.0,1545.0,40.15520826735097,-44.638804540856654,-36.14840854103037,1734.9729961774158,1490.1270038225841,1612.55,1673.44,0.5646807641351685,-0.015923566878980888,-0.08741878322504426,-0.005151320025756578,34600.0,1203.0,-0.9553468208092486,0.28428927680798005,0.9581098260519054,0.9232479204512859,0.03883495145631066,0
2025-07-14,1557.0,1576.0,1545.0,1555.0,45686182375,29371634,554,1542.0,1561.0,42.54956244055854,-42.36321029018245,-37.39136889086079,1728.039181981934,1485.860818018066,1606.95,1671.86,0.5461839743394543,0.0129785853341986,-0.05451241671714113,0.01035598705501628,34600.0,1203.0,-0.9548843930635839,0.2975893599334996,0.9714054575437941,0.9336906200279929,0.026265214606021825,0
2025-07-15,1573.0,1580.0,1539.0,1559.0,41830707570,26840297,647,1555.0,1571.0,44.05609833778091,-39.29984487680349,-37.77306408804933,1714.1653725570836,1486.6346274429166,1600.4,1669.6,0.5044433544027819,0.026797385620914937,-0.019350811485642994,0.006406149903907643,34580.0,1203.0,-0.9545691150954309,0.3059019118869493,0.9816295926018495,0.9409439386679445,-0.0025461489497136114,0
2025-07-16,1533.0,1605.0,1533.0,1584.0,50579754259,31930391,527,1559.0,1605.0,48.95710242008119,-33.739660067155455,-36.966383283870556,1707.9673864556519,1487.232613544348,1597.6,1667.76,0.6234832181978827,0.0629139072847682,0.025559105431310014,0.021642266072565253,34130.0,1203.0,-0.9529739232346909,0.3341645885286783,1.0046319479218828,0.962368686141891,-0.034267912772585674,0
2025-07-19,1595.0,1629.0,1592.0,1597.0,12490790955,7787441,301,1584.0,1599.0,48.155361633570365,-29.477524845155813,-35.46861159612761,1698.1183380774557,1489.3816619225443,1593.75,1664.94,0.15503381304619213,0.02962009014810052,0.03966189856957092,-0.0037383177570093906,34130.0,1203.0,-0.9531497216525051,0.32917705735660846,1.003294117647059,0.9603949691880789,-0.024390243902439046,0
2025-07-20,1627.0,1627.0,1563.0,1588.0,39327960133,24762699,685,1597.0,1605.0,49.05385379588554,-25.32368642512597,-33.439626561927284,1688.4097266621168,1492.290273337883,1590.35,1661.84,0.49845911397341464,0.03883495145631066,0.022292993630573354,0.0037523452157599557,33950.0,1203.0,-0.9527245949926362,0.3341645885286783,1.0092118087213506,0.965796947961296,-0.04735202492211843,0
2025-07-21,1624.0,1624.0,1569.0,1602.0,20263075536,12647375,343,1588.0,1602.0,48.60032558162154,-22.019981834787586,-31.155697616499346,1684.0292341099705,1492.8707658900296,1588.45,1659.2,0.25560519850433255,0.026265214606021825,0.039584685269305586,-0.0018691588785046953,33880.0,1203.0,-0.95271546635183,0.3316708229426434,1.0085303283074696,0.9655255544840887,-0.06679151061173538,0
2025-07-22,1554.0,1569.0,1554.0,1554.0,278650550115,179305776,1674,1602.0,1567.0,43.542373094754275,-21.972692120593365,-29.31909651731815,1674.9575904039218,1493.142409596078,1584.05,1655.78,3.1407058874304976,-0.0025461489497136114,0.024183006535947627,-0.021847690387016283,33880.0,1203.0,-0.9537485242030697,0.3025768911055694,0.9892364508696064,0.9463817656935101,-0.07402680280791318,0
2025-07-23,1567.0,1569.0,1539.0,1553.0,67347109641,43377119,687,1554.0,1550.0,41.29439421548828,-23.04136608103272,-28.063550430061067,1672.1789448998304,1489.8210551001696,1581.0,1655.0,0.7805882162629332,-0.034267912772585674,0.026490066225165476,-0.01084875558391829,33880.0,1203.0,-0.9542502951593861,0.2884455527847049,0.9803921568627451,0.9365558912386707,-0.07161290322580649,0
2025-07-26,1550.0,1582.0,1520.0,1557.0,72443684865,46522469,807,1553.0,1560.0,43.153564343676976,-22.818345781308153,-27.01450950031049,1659.4796625564188,1492.3203374435814,1575.9,1653.72,0.8899463491165087,-0.024390243902439046,0.004507405022537103,0.006451612903225712,33880.0,1203.0,-0.9539551357733176,0.2967581047381546,0.9899105273177231,0.9433277701182787,-0.10064102564102562,0
2025-07-27,1563.0,1563.0,1529.0,1541.0,57232333399,37136403,431,1557.0,1529.0,39.02732237580992,-24.856511121623043,-26.582909824573,1634.1382419472582,1501.261758052742,1567.7,1651.52,0.7679739089899829,-0.04735202492211843,-0.01035598705501617,-0.019871794871794912,33880.0,1203.0,-0.9548701298701299,0.2709891936824605,0.9753141544938445,0.9258137957760124,-0.05951602354480057,0
2025-07-28,1540.0,1540.0,1495.0,1495.0,110322968401,73775460,548,1541.0,1495.0,35.06693445471005,-28.88234993672313,-27.04279784700303,1621.8674107337085,1497.9325892662916,1559.9,1648.62,1.4339301929719326,-0.06679151061173538,-0.042280589365791155,-0.022236756049705653,33880.0,1203.0,-0.9558736717827627,0.2427265170407315,0.958394768895442,0.90681903652752,-0.04280936454849493,0
2025-07-29,1470.0,1494.0,1451.0,1453.0,94463283398,65027628,523,1495.0,1451.0,30.722055483781176,-35.21732507747993,-28.67770329309841,1627.3787277850151,1477.3212722149847,1552.35,1645.08,1.1986796663705244,-0.07402680280791318,-0.07638446849140679,-0.02943143812709026,33880.0,1203.0,-0.957172373081464,0.20615128844555278,0.9347118884272233,0.8820239745179567,-0.015161957270847681,0
2025-07-30,1411.0,1467.0,1411.0,1424.0,49180634431,34539313,404,1453.0,1439.0,29.643307986811266,-40.736552608528655,-31.08947315618446,1635.538490841203,1456.561509158797,1546.05,1640.46,0.6209126257321504,-0.07161290322580649,-0.10342679127725851,-0.008270158511371473,33880.0,1203.0,-0.9575265643447461,0.19617622610141314,0.9307590310792019,0.8771929824561403,-0.009034051424600453,0
2025-08-02,1424.0,1445.0,1397.0,1412.0,49534682436,35071696,577,1424.0,1403.0,26.62311722763414,-47.46829437663223,-34.36523740027401,1648.4129689497727,1430.1870310502272,1539.3,1634.22,0.7961075849031288,-0.10064102564102562,-0.12257661038148848,-0.025017373175816537,33880.0,1203.0,-0.9585891381345927,0.1662510390689942,0.911453257974404,0.8585135416284221,0.045616535994297935,0
2025-08-03,1413.0,1454.0,1413.0,1428.0,40718043146,28522604,388,1412.0,1438.0,33.696017725269115,-49.40947901686559,-37.37408572359233,1649.2986277493528,1416.1013722506473,1532.7,1628.78,0.6903944784328062,-0.05951602354480057,-0.10404984423676011,0.024946543121881604,33880.0,1203.0,-0.957556080283353,0.19534497090606817,0.9382136099693351,0.8828693869030808,0.008344923504867818,0
2025-08-04,1430.0,1454.0,1425.0,1431.0,30938040079,21626613,289,1428.0,1431.0,33.01067566916174,-50.925683746201,-40.084405328114066,1651.815568822802,1402.584431177198,1527.2,1623.08,0.529944078676278,-0.04280936454849493,-0.1067415730337079,-0.004867872044506227,33880.0,1203.0,-0.957762691853601,0.18952618453865336,0.9370089051859612,0.8816570963846514,0.030747728860936352,0
2025-08-05,1432.0,1460.0,1424.0,1429.0,29231580806,20453303,242,1431.0,1429.0,32.80537495965558,-51.69278792164937,-42.40608184682113,1653.8849991195548,1390.4150008804454,1522.15,1617.98,0.5008773415136193,-0.015161957270847681,-0.08806636885768981,-0.0013976240391334604,33880.0,1203.0,-0.9578217237308146,0.18786367414796343,0.9388036658673586,0.8832000395554951,0.04268719384184738,0
2025-08-06,1389.0,1456.0,1389.0,1425.0,18246655683,12805283,235,1429.0,1426.0,32.479076033184626,-51.94402010558588,-44.31366949857408,1656.1635666026596,1379.7364333973405,1517.95,1612.28,0.3168757018499391,-0.009034051424600453,-0.07999999999999996,-0.0020993701889433503,33880.0,1203.0,-0.9579102715466352,0.1853699085619285,0.9394248822424981,0.8844617560225271,0.009817671809256634,0
2025-08-09,1450.0,1467.0,1440.0,1456.0,13258903607,9053905,252,1425.0,1467.0,41.10137505444436,-48.27824452199684,-45.10658450325864,1652.583473263381,1374.7165267366192,1513.65,1608.1,0.23482135677987542,0.045616535994297935,-0.059615384615384626,0.028751753155680237,33880.0,1203.0,-0.9567001180637544,0.2194513715710723,0.9691804578337132,0.9122567004539519,0.00749829584185413,0
2025-08-10,1473.0,1489.0,1430.0,1452.0,13596461368,9369947,160,1456.0,1450.0,38.88416311860523,-46.212144055971294,-45.32769641380117,1649.7046873972072,1368.095312602793,1508.9,1603.92,0.24988945729298082,0.008344923504867818,-0.05166775670372792,-0.011588275391956393,33880.0,1203.0,-0.9572018890200709,0.2053200332502078,0.9609649413480018,0.9040351139707715,0.029655172413793007,0
2025-08-11,1487.0,1495.0,1440.0,1482.0,16844833126,11363121,310,1452.0,1475.0,43.69451994053711,-42.072468260014375,-44.67665078304381,1644.0236708490488,1365.176329150951,1504.6,1599.56,0.31050221233339664,0.030747728860936352,-0.013377926421404673,0.01724137931034475,33880.0,1203.0,-0.9564639905548996,0.22610141313383209,0.9803269972085604,0.9221285853609743,0.03661016949152551,0
2025-08-12,1448.0,1521.0,1448.0,1484.0,9569073532,6441155,232,1482.0,1490.0,46.4195172957085,-37.15309299811065,-43.17193922605718,1636.690331985135,1364.409668014865,1500.55,1594.52,0.18105345476582946,0.04268719384184738,0.026878015161957203,0.01016949152542379,33880.0,1203.0,-0.956021251475797,0.23857024106400665,0.9929692446103096,0.9344504929383137,0.04228187919463089,0
2025-08-13,1460.0,1460.0,1440.0,1441.0,52304273431,36295594,397,1484.0,1440.0,39.54866414123025,-36.8640885279799,-41.91036908644172,1621.9658782911692,1362.6341217088307,1492.3,1587.44,1.0140064079350946,0.009817671809256634,0.0006949270326614965,-0.03355704697986572,33880.0,1203.0,-0.9574970484061394,0.1970074812967581,0.9649534275949876,0.9071208990576022,0.09027777777777768,1
2025-08-16,1475.0,1479.0,1420.0,1450.0,25966370245,17908098,426,1441.0,1478.0,46.080753763669826,-33.1862179200084,-40.165538853155056,1606.3780566438104,1366.1219433561896,1486.25,1580.2,0.4933322542415072,0.00749829584185413,0.053456878118317785,0.026388888888888795,33880.0,1203.0,-0.9563754427390792,0.228595178719867,0.9944491169049622,0.9353246424503228,0.05277401894451961,1
2025-08-17,1490.0,1493.0,1490.0,1486.0,14683392322,9834954,115,1450.0,1493.0,48.44873316611472,-28.72992364971742,-37.87841581246753,1587.8605871312013,1373.4394128687989,1480.65,1573.38,0.27662103299254104,0.029655172413793007,0.038247566063977834,0.010148849797023018,33880.0,1203.0,-0.9559327036599764,0.24106400665004157,1.0083409313477187,0.9489125322553992,0.03348961821835239,0
2025-08-18,1530.0,1530.0,1517.0,1520.0,14285153239,9349206,236,1486.0,1529.0,53.70376886581762,-22.03932359578903,-34.71059736913183,1571.6741780688685,1382.3258219311315,1477.0,1566.78,0.26418408722623243,0.03661016949152551,0.06848357791754012,0.024112525117213623,33880.0,1203.0,-0.9548701298701299,0.2709891936824605,1.035206499661476,0.9758868507384573,0.04381948986265538,0
2025-08-19,1483.0,1562.0,1483.0,1542.0,19164775854,12431028,224,1520.0,1553.0,56.86095562738853,-14.631710179226047,-30.694819931150676,1568.4761357023367,1384.1238642976632,1476.3,1561.64,0.4596382108197545,0.04228187919463089,0.08677396780965707,0.015696533682145297,33880.0,1203.0,-0.9541617473435655,0.29093931837073983,1.0519542098489467,0.9944673548320995,0.022537025112685072,0
2025-08-20,1572.0,1572.0,1545.0,1556.0,25262906950,16239130,465,1542.0,1570.0,58.99411445968329,-7.305155961928222,-26.016887137306185,1573.0185457109326,1381.5814542890673,1477.3,1557.98,0.632159435881147,0.09027777777777768,0.10098176718092566,0.010946555054732743,33880.0,1203.0,-0.9536599763872491,0.3050706566916043,1.0627496107764165,1.0077151182942015,-0.01847133757961783,0
2025-08-23,1570.0,1601.0,1555.0,1569.0,19305152625,12305643,288,1556.0,1556.0,56.51563631955404,-2.5985376325700145,-21.333217236358955,1572.140833292937,1382.0591667070628,1477.1,1554.58,0.5132161753515614,0.05277401894451961,0.06066802999318344,-0.008917197452229297,33880.0,1203.0,-0.9540731995277449,0.29343308395677475,1.0534154762710717,1.0009134299939535,0.01799485861182526,0
2025-08-25,1532.0,1575.0,1532.0,1551.0,40684060894,26237606,715,1569.0,1543.0,54.23701485152219,0.08155977798196545,-17.050261833490772,1574.5504004798743,1381.0495995201256,1477.8,1551.12,1.1197069858894892,0.03348961821835239,0.06413793103448273,-0.008354755784061751,33880.0,1203.0,-0.954456906729634,0.2826267664172901,1.0441196372986872,0.9947650729795245,0.03888528839922234,0
2025-08-26,1560.0,1596.0,1528.0,1553.0,40030715548,25772949,532,1551.0,1596.0,61.119598585483764,6.408341968266541,-12.35854107313931,1592.3657979152665,1373.3342020847333,1482.85,1549.58,1.2253904192984029,0.04381948986265538,0.08203389830508478,0.03434867141931308,33880.0,1203.0,-0.952892561983471,0.3266832917705736,1.0763057625518428,1.0299565043431125,0.00877192982456143,0
2025-08-27,1555.0,1599.0,1555.0,1588.0,33010990300,20793726,261,1553.0,1588.0,59.661030492382245,10.654016425403825,-7.756029573430684,1607.2348458671704,1372.1651541328297,1489.7,1547.3,1.1048301986068703,0.022537025112685072,0.06577181208053684,-0.005012531328320802,33880.0,1203.0,-0.9531286894923259,0.3200332502078138,1.0659864402228636,1.0263038841853551,0.0025188916876575096,0
2025-08-30,1550.0,1584.0,1541.0,1543.0,37667481173,24405583,312,1588.0,1541.0,51.834681589725236,10.109698505207689,-4.182883957703011,1611.943672441242,1377.656327558758,1494.8,1544.9,1.332614763265018,-0.01847133757961783,0.07013888888888897,-0.029596977329974794,33880.0,1203.0,-0.9545159386068477,0.2809642560266002,1.030907144768531,0.9974755647614731,0.055158987670343995,1
2025-08-31,1557.0,1586.0,1557.0,1557.0,7899843120,5011486,134,1543.0,1584.0,57.347438625800024,12.998227787046062,-0.7466616087531959,1619.1795711993398,1388.52042880066,1503.85,1543.06,0.29810672050539244,0.01799485861182526,0.07171853856562915,0.027903958468527,33880.0,1203.0,-0.9532467532467532,0.3167082294264339,1.0532965388835323,1.0265316967583893,0.04229797979797989,0
2025-09-02,1598.0,1603.0,1557.0,1598.0,49748309354,31129108,380,1557.0,1603.0,59.550455774420314,16.62886209290741,2.728443131578926,1630.959412723713,1393.2405872762868,1512.1,1541.66,1.8374608729296593,0.03888528839922234,0.07367716008037517,0.011994949494949392,33880.0,1203.0,-0.9526859504132231,0.3325020781379884,1.0601150717545136,1.0397882801655358,0.0006238303181533844,0
2025-09-03,1616.0,1645.0,1603.0,1621.0,22076248001,13615969,340,1598.0,1610.0,60.36273539911918,19.842278006697143,6.151210106602569,1641.0857863015383,1401.0142136984616,1521.05,1541.06,0.8231727800372796,0.00877192982456143,0.0529758011772401,0.004366812227074135,33880.0,1203.0,-0.9524793388429752,0.33832086450540316,1.058479339929654,1.0447354418387345,-0.0031055900621117516,0
2025-09-06,1632.0,1642.0,1585.0,1601.0,66047959345,41247963,903,1621.0,1592.0,57.182812518162905,20.69789129520268,9.060546344322592,1645.195861965119,1413.204138034881,1529.2,1539.8,2.346224079492018,0.0025188916876575096,0.025112685125563416,-0.011180124223602483,33880.0,1203.0,-0.9530106257378985,0.3233582709891937,1.0410672246926498,1.0339005065592934,0.008793969849246297,0
2025-09-07,1596.0,1630.0,1591.0,1603.0,36053802618,22484604,286,1601.0,1626.0,61.3270623960288,23.84462089394401,12.017361254246877,1652.3328422388206,1426.0671577611795,1539.2,1540.1,1.2446818770836316,0.055158987670343995,0.03566878980891719,0.021356783919598055,33880.0,1203.0,-0.9520070838252657,0.3516209476309227,1.0563929313929314,1.0557755989870787,-0.027675276752767486,0
2025-09-08,1630.0,1651.0,1621.0,1643.0,63174048151,38460651,480,1603.0,1651.0,64.08007967079087,28.032575754565414,15.220404154310586,1666.3735563295288,1430.4264436704714,1548.4,1539.88,1.9688198123990654,0.04229797979797989,0.06105398457583555,0.015375153751537418,33880.0,1203.0,-0.9512691853600944,0.372402327514547,1.0662619478171014,1.0721614671273085,-0.060569351907934554,0
2025-09-09,1650.0,1670.0,1604.0,1624.0,85529533264,52670665,1062,1643.0,1604.0,56.00785490077314,27.244989668105745,17.62532125706962,1667.2861501853477,1444.9138498146522,1556.1,1538.1,2.427229433988556,0.0006238303181533844,0.03953337653920941,-0.028467595396729273,33880.0,1203.0,-0.9526564344746163,0.3333333333333333,1.0307820834136625,1.042845068591119,-0.029925187032418976,0
2025-09-13,1654.0,1657.0,1594.0,1605.0,57022065531,35530923,437,1624.0,1605.0,56.134468520339205,26.397222908992035,19.379701587454104,1669.1652851215656,1456.0347148784342,1562.6,1537.18,1.551006395954169,-0.0031055900621117516,0.005639097744360999,0.0006234413965087171,33880.0,1203.0,-0.9526269185360094,0.3341645885286783,1.027134263407142,1.0441197517532104,-0.0542056074766355,0
2025-09-14,1605.0,1643.0,1596.0,1606.0,73116319842,45530901,642,1605.0,1606.0,56.27000910527416,25.51196720986877,20.606154711937037,1671.0847602765,1465.7152397235002,1568.4,1537.26,1.8312869227603377,0.008793969849246297,0.01133501259445846,0.0006230529595014911,33880.0,1203.0,-0.9525974025974026,0.3349958437240233,1.0239734761540422,1.0447159231359693,-0.047945205479452024,0
2025-09-15,1630.0,1640.0,1579.0,1598.0,105422661503,65966512,864,1606.0,1581.0,51.9484243817657,22.533354144061832,20.991594598362,1659.5914879417062,1491.308512058294,1575.45,1537.58,2.50382117186488,-0.027675276752767486,0.0259571706683972,-0.015566625155666203,33880.0,1203.0,-0.9533353010625738,0.314214463840399,1.0035228030086643,1.028239181050742,-0.012650221378874171,0
2025-09-16,1598.0,1598.0,1551.0,1565.0,62127585263,39695164,824,1598.0,1551.0,47.25804740653194,17.549730184878854,20.303221715665373,1651.5345221082139,1506.665477891786,1579.1,1537.84,1.446844096063337,-0.060569351907934554,-0.02083333333333337,-0.018975332068311146,33880.0,1203.0,-0.9542207792207792,0.2892768079800499,0.9822050535114939,1.008557457212714,-0.013539651837524147,0
2025-09-17,1600.0,1600.0,1550.0,1562.0,20613651039,13195463,251,1565.0,1556.0,48.09913913861781,13.844044972585834,19.011386367049468,1644.1462841618643,1520.3537158381357,1582.25,1537.56,0.4780321590058497,-0.029925187032418976,-0.02932002495321273,0.003223726627981982,33880.0,1203.0,-0.9540731995277449,0.29343308395677475,0.9834097013746247,1.0119930279143579,-0.003856041131105381,0
2025-09-20,1516.0,1521.0,1516.0,1516.0,54656656999,36047236,419,1562.0,1518.0,42.54593648050545,7.751624421956421,16.75943397803086,1645.6409101674828,1517.7590898325172,1581.7,1537.1,1.2456448028759357,-0.0542056074766355,-0.05714285714285716,-0.024421593830334154,33880.0,1203.0,-0.9551948051948052,0.26184538653366585,0.9597268761459189,0.9875740029926485,0.03491436100131762,0
2025-09-21,1516.0,1549.0,1510.0,1518.0,16155484051,10640588,324,1516.0,1529.0,44.54195491373677,3.7675157350306563,14.16105032943082,1647.383480718678,1513.616519281322,1580.5,1537.08,0.36883612998099924,-0.047945205479452024,-0.039572864321608,0.007246376811594235,33880.0,1203.0,-0.9548701298701299,0.2709891936824605,0.9674153748813666,0.9947432794649596,0.058207979071288385,1
2025-09-22,1561.0,1563.0,1524.0,1540.0,13251539602,8558867,226,1518.0,1561.0,49.98549865673031,3.155834960544553,11.960007255653567,1647.329937522605,1512.770062477395,1580.05,1538.1,0.3006795306657197,-0.012650221378874171,-0.039975399753997554,0.02092871157619358,33880.0,1203.0,-0.9539256198347107,0.2975893599334996,0.9879434195120408,1.0148884987972173,0.0365150544522741,0
2025-09-23,1560.0,1560.0,1526.0,1537.0,7639793196,4980260,193,1540.0,1530.0,45.34230154705098,0.16769948240812482,9.601545701004477,1648.786776004077,1508.713223995923,1578.75,1537.64,0.1772409503217702,-0.013539651837524147,-0.07328891580860086,-0.01985906470211407,33880.0,1203.0,-0.954840613931523,0.2718204488778055,0.9691211401425178,0.9950313467391586,0.06209150326797386,1
2025-09-24,1505.0,1550.0,1505.0,1526.0,16475131018,10803507,214,1537.0,1550.0,48.65602000702375,-0.5799018122277175,7.565256198358039,1648.4855892318092,1509.7144107681906,1579.1,1537.74,0.39534032257806295,-0.003856041131105381,-0.03366583541147128,0.013071895424836555,33880.0,1203.0,-0.9542502951593861,0.2884455527847049,0.9815717813944652,1.0079727392146918,0.029677419354838808,0
2025-09-27,1497.0,1571.0,1497.0,1571.0,48890149948,31126371,305,1526.0,1571.0,51.95007583849136,0.516192920604226,6.1554435428072765,1646.8725325024009,1508.827467497599,1577.85,1537.94,1.1279805089639543,0.03491436100131762,-0.021183800623052917,0.013548387096774084,33880.0,1203.0,-0.9536304604486423,0.3059019118869493,0.9956586494280192,1.0214962872413749,0.04455760661998731,0
2025-09-28,1618.0,1618.0,1600.0,1618.0,129149564699,79821135,630,1571.0,1618.0,58.385142930464696,5.118361809055614,5.948027196056945,1650.4619539391613,1508.2380460608385,1579.35,1538.88,2.613132612420608,0.058207979071288385,0.007471980074719831,0.029917250159134268,33880.0,1203.0,-0.9522432113341204,0.34497090606816294,1.0244720929496312,1.0514140153878144,0.00803461063040789,0
2025-09-29,1659.0,1659.0,1610.0,1633.0,42100839408,25773780,696,1618.0,1618.0,58.385142930464696,8.665720775117961,6.491565911869149,1653.9265154878037,1512.4734845121964,1583.2,1539.14,0.8418798760595517,0.0365150544522741,0.023402909550917173,0.0,33770.0,1203.0,-0.9520876517619189,0.34497090606816294,1.0219807983830218,1.0512364047455072,-0.0024721878862793423,0
2025-09-30,1630.0,1633.0,1591.0,1616.0,89969817769,55671694,1157,1633.0,1625.0,59.32604902652988,11.904640526020103,7.57418083469934,1658.2893728960423,1512.2106271039577,1585.25,1539.66,1.6795106632264685,0.06209150326797386,0.047711154094132846,0.004326328800988932,33720.0,1203.0,-0.9518090154211151,0.3507896924355777,1.0250749093202964,1.0554278217268747,0.01538461538461533,0
2025-10-01,1621.0,1621.0,1568.0,1594.0,74290990001,46615207,2023,1616.0,1596.0,53.88991660101095,11.993199982983242,8.45798466435612,1657.662352855354,1512.1376471446463,1584.9,1539.48,1.3741931938722842,0.029677419354838808,0.02570694087403602,-0.017846153846153845,33570.0,1203.0,-0.9524575513851653,0.3266832917705736,1.007003596441416,1.0367136955335567,0.022556390977443552,0
2025-10-04,1611.0,1641.0,1611.0,1639.0,52963695491,32311250,377,1594.0,1641.0,60.01290767154243,15.515653118974342,9.869518355279766,1662.5301550540446,1510.3698449459555,1586.45,1540.26,0.9269755413768467,0.04455760661998731,0.0810276679841897,0.02819548872180455,33090.0,1203.0,-0.9504079782411605,0.3640897755610973,1.0343849475243467,1.0654045420902964,0.0024375380865326868,0
2025-10-05,1665.0,1675.0,1626.0,1640.0,27896102072,17009602,432,1639.0,1631.0,58.164499485429445,17.300872491970722,11.355789182617958,1666.9096172010031,1509.890382798997,1588.4,1541.54,0.5055652864867143,0.00803461063040789,0.06671026814911718,-0.006093845216331495,31790.0,1203.0,-0.9486945580371186,0.3557772236076476,1.0268194409468647,1.0580328762146944,0.0478234212139792,0
2025-10-06,1640.0,1678.0,1603.0,1643.0,46237996704,28146487,1695,1640.0,1614.0,55.05978728678988,17.14626234270054,12.513883814634475,1665.3283173624181,1510.2716826375818,1587.8,1542.82,0.8295992104047532,-0.0024721878862793423,0.033952594490711085,-0.010423053341508282,30260.0,1203.0,-0.9466622604097819,0.341645885286783,1.0165008187429148,1.0461362958737896,0.07063197026022294,1
2025-10-07,1650.0,1690.0,1638.0,1657.0,62936296135,37972621,809,1643.0,1650.0,59.936733556272465,19.701524905605993,13.951412032828781,1665.1163363036394,1510.3836636963606,1587.75,1544.62,1.120023595029558,0.01538461538461533,0.07843137254901955,0.02230483271375472,30260.0,1203.0,-0.9454725710508922,0.371571072319202,1.0392064241851677,1.0682238997293834,0.040606060606060534,0
2025-10-08,1665.0,1665.0,1625.0,1643.0,57159832677,34780484,972,1657.0,1632.0,56.627733932862185,20.043095005823943,15.169748627427815,1668.6264744628763,1509.6735255371239,1589.15,1546.68,1.0536698060359024,0.022556390977443552,0.05290322580645168,-0.010909090909090868,30200.0,1203.0,-0.9459602649006622,0.3566084788029925,1.0269641003051946,1.0551633175576072,0.06311274509803932,1
2025-10-11,1660.0,1684.0,1640.0,1660.0,66244172574,39907203,456,1643.0,1645.0,58.41344867562266,21.11933260564365,16.359665423070982,1674.060252641328,1508.2397473586723,1591.15,1549.68,1.2010215291170503,0.0024375380865326868,0.04710375556970092,0.007965686274509887,30200.0,1203.0,-0.9455298013245033,0.36741479634247715,1.033843446563806,1.0615094729234422,0.08145896656534957,1
2025-10-12,1687.0,1709.0,1651.0,1681.0,188925339379,112373426,1458,1660.0,1709.0,65.86464068120006,26.827275652731487,18.453187469003083,1693.7763560718713,1498.8236439281286,1596.3,1554.84,3.0728441043875034,0.0478234212139792,0.05624227441285545,0.0389057750759878,30200.0,1203.0,-0.94341059602649,0.42061512884455526,1.0706007642673683,1.099148465436958,0.0421299005266238,0
2025-10-13,1731.0,1731.0,1703.0,1730.0,166085577125,95992187,921,1681.0,1728.0,67.71409706986202,32.50925638019089,21.264401251240646,1716.378479068301,1490.9215209316992,1603.65,1560.62,2.5213907644119993,0.07063197026022294,0.0679851668726823,0.011117612638970265,30200.0,1203.0,-0.9427814569536423,0.43640897755610975,1.0775418576372648,1.1072522459022698,0.003472222222222321,0
2025-10-14,1770.0,1775.0,1717.0,1738.0,68694091015,39522369,819,1730.0,1717.0,65.50143940019926,35.71298194865403,24.15411739072332,1732.1472961137426,1491.7527038862574,1611.95,1566.9,1.0383548809029013,0.040606060606060534,0.05661538461538451,-0.0063657407407407,30200.0,1203.0,-0.9431456953642384,0.42726517040731504,1.0651695151834735,1.0957942434105559,-0.013977868375072755,0
2025-10-15,1753.0,1753.0,1719.0,1728.0,60217416181,34852410,1197,1738.0,1735.0,67.37982980715095,39.2519352350721,27.173680959593078,1749.4657808013365,1492.3342191986637,1620.9,1572.84,0.8903336939706086,0.06311274509803932,0.087092731829574,0.01048340128130465,1859.0,1203.0,-0.06670252824098978,0.44222776392352453,1.0703929915479053,1.1031001246153456,-0.036887608069164246,0
2025-10-18,1751.0,1779.0,1750.0,1778.0,97229429215,54682539,558,1728.0,1779.0,71.46925981995287,45.08727544254975,30.756399856184416,1770.8053615795195,1497.0946384204806,1633.95,1579.8,1.364433551501526,0.08145896656534957,0.08409506398537481,0.025360230547550433,1859.0,1203.0,-0.04303388918773534,0.47880299251870323,1.0887726062609016,1.126091910368401,-0.06014614952220354,0
2025-10-19,1790.0,1800.0,1735.0,1758.0,79158071859,45037876,1401,1778.0,1781.0,71.64327798533247,49.30485223823689,34.466090332594916,1788.7336488245558,1504.3663511754442,1646.55,1586.84,1.0775394181592914,0.0421299005266238,0.09196811771919067,0.0011242270938729426,1859.0,1203.0,-0.04195804195804196,0.48046550290939316,1.081655582885427,1.1223563812356634,-0.03761931499157778,0
2025-10-20,1797.0,1797.0,1730.0,1745.0,39702052732,22757417,679,1758.0,1734.0,62.0632150517504,48.29805511533391,37.23248328914271,1796.5599660196162,1513.8400339803839,1655.2,1593.0,0.535381824705894,0.003472222222222321,0.07434944237918217,-0.026389668725435134,1859.0,1203.0,-0.06724045185583648,0.44139650872817954,1.0476075398743354,1.088512241054614,0.016724336793541017,0
2025-10-21,1795.0,1795.0,1693.0,1701.0,25570640642,15037086,210,1745.0,1693.0,55.13684759715587,43.688193493511335,38.52362533001644,1793.2257482868506,1533.4742517131492,1663.35,1597.52,0.3496205418743066,-0.013977868375072755,0.026060606060606117,-0.023644752018454396,1859.0,1203.0,-0.08929532006455083,0.40731504571903576,1.0178254726906544,1.0597676398417548,0.0720614294152393,1
2025-10-22,1714.0,1714.0,1650.0,1668.0,107413599541,64389425,1405,1701.0,1671.0,51.796474577961455,37.82362164173014,38.38362459235918,1788.4099155241745,1550.3900844758257,1669.4,1601.94,1.4092973123835377,-0.036887608069164246,0.023897058823529438,-0.012994683992912037,1859.0,1203.0,-0.10112963959117806,0.38902743142144636,1.0009584281777884,1.0431102288475222,0.113704368641532,1
2025-10-25,1690.0,1690.0,1644.0,1665.0,33282152918,19994485,459,1668.0,1672.0,51.93900507337374,32.87760527191017,37.282420728269386,1784.5689810753468,1564.3310189246533,1674.45,1605.88,0.44301809500341344,-0.06014614952220354,0.01641337386018238,0.0005984440454818163,1859.0,1203.0,-0.10059171597633136,0.38985868661679135,0.998536832989937,1.0411736867013723,0.11184210526315796,1
2025-10-26,1666.0,1714.0,1666.0,1712.0,95529600407,55795257,568,1665.0,1714.0,57.60846982642809,31.978275007556476,36.221591584126806,1787.460674118009,1571.039325881991,1679.25,1610.36,1.2700616620120622,-0.03761931499157778,0.0029256875365710755,0.02511961722488043,1859.0,1203.0,-0.07799892415277031,0.4247714048212801,1.0206937620961738,1.0643582801361187,0.10910151691948666,1
2025-10-27,1763.0,1763.0,1718.0,1763.0,95489150192,54166549,546,1712.0,1763.0,63.080369449535006,34.818078646509775,35.9408889966034,1796.735203057263,1576.264796942737,1686.5,1616.82,1.194390715059541,0.016724336793541017,0.02025462962962954,0.028588098016335994,1859.0,1203.0,-0.05164066702528241,0.46550290939318373,1.045360213459828,1.0904120433938225,0.07714123652864435,1
2025-10-28,1786.0,1815.0,1715.0,1807.0,165745034237,91727772,970,1763.0,1815.0,67.82659146453148,40.79435695456118,36.91158258819496,1815.7363770667826,1576.2636229332174,1696.0,1623.56,1.945298044013309,0.0720614294152393,0.0570762958648805,0.029495178672716893,1859.0,1203.0,-0.023668639053254437,0.5087281795511222,1.0701650943396226,1.1179137204661362,0.030853994490358083,0
2025-10-29,1850.0,1861.0,1805.0,1850.0,98008056833,52990127,902,1807.0,1861.0,71.33695575828757,48.681248996999784,39.26551586995593,1839.938752358734,1578.561247641266,1709.25,1630.92,1.1162318884016151,0.113704368641532,0.07262247838616709,0.02534435261707979,1861.0,1203.0,0.0,0.5469659185369908,1.0887816293696067,1.141073749785397,0.014508328855454167,0
2025-11-01,1863.0,1905.0,1840.0,1874.0,38253367133,20417829,582,1850.0,1859.0,70.97436770196889,54.14612169125212,42.24163703421517,1862.1278503608419,1578.1721496391583,1720.15,1637.52,0.43555565843327854,0.11184210526315796,0.04496908375491859,-0.0010746910263299547,1861.0,1203.0,-0.0010746910263299302,0.545303408146301,1.0807197046769177,1.135253309883238,0.02151694459386766,0
2025-11-02,1890.0,1930.0,1874.0,1910.0,98233070082,51436294,970,1874.0,1901.0,73.96683783056183,61.161094637561064,46.025528554884346,1889.792595063261,1577.5074049367392,1733.65,1644.48,1.0583819072058678,0.10910151691948666,0.06737787759685565,0.02259279182356111,1901.0,1203.0,0.0,0.5802161263507897,1.0965304415539467,1.155988519167153,-0.008416622830089482,0
2025-11-03,1920.0,1960.0,1889.0,1912.0,78883348549,41247786,1109,1910.0,1899.0,73.57782807992426,65.80061937170535,49.98054671824855,1909.681210259701,1586.1187897402992,1747.9,1651.06,0.8374495103267341,0.07714123652864435,0.09515570934256057,-0.0010520778537611575,1901.0,1203.0,-0.0010520778537611783,0.5785536159600998,1.0864465930545224,1.1501701936937483,0.020537124802527673,0
2025-11-04,1954.0,1955.0,1869.0,1884.0,72071933036,38245720,1975,1912.0,1871.0,68.1722311229786,66.45209180590132,53.274855735779106,1922.652748886806,1595.2472511131941,1758.95,1657.36,0.7762836634505337,0.030853994490358083,0.10513880685174248,-0.014744602422327557,1901.0,1203.0,-0.015781167806417674,0.5552784704904405,1.063702777225049,1.1289037988125694,0.04917156600748274,0
2025-11-05,1905.0,1905.0,1856.0,1875.0,38918248491,20756956,1540,1884.0,1888.0,69.6310521572605,67.56134124231266,56.13215283708582,1933.770831972621,1609.729168027379,1771.75,1664.26,0.42739214815706134,0.014508328855454167,0.12986235786953926,0.00908605024051301,1901.0,1203.0,-0.006838506049447659,0.5694098088113051,1.0656130943981938,1.1344381286577818,0.05879237288135597,1
2025-11-08,1928.0,1931.0,1877.0,1918.0,119419903177,62246888,1027,1875.0,1899.0,70.57099164768454,68.53797437634057,58.61331714493677,1944.5468144377141,1624.353185562286,1784.45,1670.32,1.2528679152621793,0.02151694459386766,0.13576555023923453,0.005826271186440746,1901.0,1203.0,-0.0010520778537611783,0.5785536159600998,1.064193448961865,1.13690789788783,0.04528699315429163,0
2025-11-09,1929.0,1929.0,1863.0,1882.0,52090773361,27672285,1684,1918.0,1885.0,67.69906809670165,67.4052741323303,60.37170854241548,1955.1288126751194,1631.3711873248806,1793.25,1676.26,0.6088717475733065,-0.008416622830089482,0.09976662777129519,-0.007372301211163723,1901.0,1203.0,-0.008416622830089426,0.5669160432252701,1.0511640875505368,1.124527221314116,0.04509283819628651,0
2025-11-10,1890.0,1938.0,1876.0,1922.0,89496853555,46571414,827,1882.0,1938.0,72.29557859881066,69.97759987696804,62.29288680932599,1974.345281274452,1633.154718725548,1803.75,1684.2,1.083625062853348,0.020537124802527673,0.09926262053318213,0.02811671087533152,1938.0,1203.0,0.0,0.6109725685785536,1.0744282744282745,1.150694691841824,0.006191950464396356,0
2025-11-11,1940.0,1979.0,1940.0,1978.0,133229210086,67368270,820,1922.0,1963.0,74.16324775903382,73.18979127374155,64.47226770220911,1995.1158817114886,1636.9841182885114,1816.05,1691.78,1.5183388837872802,0.04917156600748274,0.08154269972451789,0.012899896800825594,1963.0,1203.0,0.0,0.6317539484621779,1.080917375622918,1.160316353190131,0.005094243504839557,0
2025-11-12,1999.0,2036.0,1938.0,1993.0,79275392748,39779774,1427,1978.0,1999.0,76.60866539523253,77.74418862137054,67.1266518860414,2020.9475482188454,1637.5524517811546,1829.25,1699.7,0.8916015785691669,0.05879237288135597,0.0741536808167651,0.018339276617422406,1999.0,1203.0,0.0,0.6616791354945969,1.0927975946426132,1.1760898982173325,-0.016008004002000975,0
2025-11-15,2029.0,2052.0,1978.0,2000.0,54802068018,27396029,1154,1993.0,1985.0,73.68773928834055,79.30966587525222,69.56325468388357,2041.2185151259846,1637.8814848740153,1839.55,1707.2,0.6334083922793808,0.04528699315429163,0.0677783754706831,-0.007003501750875385,1999.0,1203.0,-0.007003501750875438,0.6500415627597672,1.079068250387323,1.1627225866916588,-0.01360201511335013,0
2025-11-16,2006.0,2006.0,1962.0,1983.0,82803518485,41754977,1073,2000.0,1970.0,70.58255105656754,78.4357843405412,71.3377606152151,2056.4386656173874,1641.5613343826128,1849.0,1714.76,0.9690713923677886,0.04509283819628651,0.036296685954760655,-0.007556675062972307,1999.0,1203.0,-0.014507253626813406,0.6375727348295926,1.065440778799351,1.1488488184935501,-0.0025380710659898,0
2025-11-17,1982.0,2007.0,1940.0,1970.0,58153681975,29513667,1033,1983.0,1950.0,66.55538691379809,75.26182263282726,72.12257301873754,2064.640035132601,1654.9599648673989,1859.8,1721.24,0.679640186402762,0.006191950464396356,0.026856240126382325,-0.010152284263959421,1999.0,1203.0,-0.02451225612806403,0.6209476309226932,1.0484998386923325,1.1329041853547444,0.01025641025641022,0
2025-11-18,1995.0,1995.0,1957.0,1974.0,17357831872,8785218,560,1970.0,1973.0,68.76267177678577,73.75217374350314,72.44849316369067,2069.181268275977,1678.418731724023,1873.8,1727.68,0.20377267641643274,0.005094243504839557,0.05451630144307851,0.011794871794871709,1999.0,1203.0,-0.013006503251625813,0.6400665004156276,1.052940548617782,1.141993887756992,-0.006588950836289964,0
2025-11-19,1999.0,1999.0,1926.0,1948.0,56141115354,28823541,2384,1974.0,1967.0,67.5109309894213,71.25028730607255,72.20885199216704,2064.1259524774996,1713.0740475225002,1888.6,1734.94,0.6973233444737899,-0.016008004002000975,0.041843220338983134,-0.003041054232133855,1999.0,1203.0,-0.016008004002001,0.6350789692435578,1.0415122312824314,1.133756786978224,-0.01372648703609558,0
2025-11-22,1980.0,1982.0,1949.0,1965.0,28264976770,14382206,595,1948.0,1958.0,65.58240738903757,67.76020206528142,71.31912200678993,2049.7725978293347,1756.0274021706653,1902.9,1742.0,0.3503247245310177,-0.01360201511335013,0.031068983675618833,-0.004575495678698527,1999.0,1203.0,-0.02051025512756378,0.6275976724854531,1.028955804298702,1.1239954075774972,-0.011746680286006117,0
2025-11-23,1989.0,1989.0,1950.0,1963.0,15219988035,7757057,478,1965.0,1965.0,66.38667856312416,64.81201332032788,70.01770026949752,2036.1818930239276,1794.7181069760725,1915.45,1749.18,0.20068957356985806,-0.0025380710659898,0.04244031830238737,0.003575076608784533,1999.0,1203.0,-0.017008504252126064,0.6334164588528678,1.0258685948471638,1.1233835282818234,-0.020356234096692072,0
2025-11-25,1985.0,1988.0,1955.0,1972.0,23010844756,11665778,288,1963.0,1970.0,66.98022240728451,62.16244079000444,68.44664837359892,2026.272085641456,1825.327914358544,1925.8,1756.96,0.3193742869414491,0.01025641025641022,0.016511867905056654,0.0025445292620864812,1999.0,1203.0,-0.014507253626813406,0.6375727348295926,1.0229515006750443,1.1212548948183225,-0.0076142131979695105,0
2025-11-26,1988.0,1988.0,1940.0,1957.0,32377748807,16545857,1032,1972.0,1960.0,64.52612584872313,58.580440194565654,66.47340673779227,2020.5885057740086,1845.5114942259913,1933.05,1765.14,0.5049412765477761,-0.006588950836289964,-0.0015282730514518672,-0.005076142131979711,1999.0,1203.0,-0.01950975487743872,0.6292601828761429,1.0139416983523448,1.1103935098632403,0.0071428571428571175,0
2025-11-29,1988.0,1988.0,1939.0,1959.0,62510378373,31912404,1535,1957.0,1940.0,59.806494394763014,53.51100451216121,63.88092629266606,2018.0678727557795,1855.9321272442205,1937.0,1772.82,1.0062561176653937,-0.01372648703609558,-0.02951475737868936,-0.010204081632653073,1999.0,1203.0,-0.029514757378689346,0.6126350789692435,1.001548786783686,1.0943017339605827,0.0417525773195877,0
2025-11-30,1960.0,1977.0,1929.0,1943.0,34971037474,18001526,824,1959.0,1935.0,58.65150929779533,48.53055200301651,60.81085143473615,2013.5890101124362,1868.0109898875637,1940.8,1781.16,0.5697914759131569,-0.011746680286006117,-0.02518891687657432,-0.002577319587628857,1999.0,1240.0,-0.032016008004002,0.5604838709677419,0.9970115416323166,1.0863706797817152,0.03359173126614978,0
2025-12-01,1961.0,1965.0,1923.0,1940.0,39679173586,20456096,836,1943.0,1925.0,56.30931480462445,43.277712549948546,57.30422365777863,2012.8914662928387,1871.1085337071613,1942.0,1789.08,0.6808673473713869,-0.020356234096692072,-0.022842639593908642,-0.0051679586563307955,1999.0,1250.0,-0.03701850925462731,0.54,0.9912461380020597,1.0759720079593982,0.04311688311688311,0
2025-12-02,1956.0,1975.0,1940.0,1954.0,35705207138,18273327,692,1940.0,1955.0,61.30204111883856,41.062209131733425,54.05582075256959,2013.0513003037267,1876.5486996962732,1944.8,1796.96,0.6323946267041113,-0.0076142131979695105,0.002564102564102555,0.01558441558441559,1999.0,1287.0,-0.022011005502751375,0.519036519036519,1.0052447552447552,1.087948535304069,0.006138107416879812,0
2025-12-03,1970.0,1978.0,1952.0,1963.0,17471147190,8885120,535,1954.0,1974.0,64.1001138866337,40.37413996781311,51.31948459561829,2010.2276077258462,1889.672392274154,1949.95,1805.84,0.323950271734459,0.0071428571428571175,0.0005068423720222537,0.009718670076726443,1999.0,1323.0,-0.01250625312656328,0.49206349206349204,1.0123336495807584,1.0931200992335977,-0.011651469098277634,0
2025-12-06,1983.0,2021.0,1977.0,2013.0,162973901286,80960076,962,1963.0,2021.0,69.8982860960822,43.1242380306353,49.6804352826217,2017.4157873676966,1895.7842126323033,1956.6,1815.26,2.659872695839391,0.0417525773195877,0.02745297407219116,0.023809523809523725,2021.0,1327.0,0.0,0.5229841748304446,1.0329142389859962,1.1133391359915383,-0.03117268678871843,0
2025-12-07,2020.0,2070.0,1989.0,2019.0,18164104492,8990139,531,2013.0,2000.0,64.85786513809055,43.11221528178521,48.36679128245441,2019.1800790296202,1904.11992097038,1961.65,1823.84,0.32368042441357964,0.03359173126614978,0.021450459652706755,-0.010390895596239513,2021.0,1327.0,-0.010390895596239486,0.5071590052750565,1.0195498687329543,1.0965874199491183,0.01200000000000001,0
2025-12-08,2038.0,2050.0,2007.0,2027.0,42141654282,20794543,506,2019.0,2008.0,65.86763417376048,43.249665090728286,47.34336604410919,2016.9227034390015,1918.6772965609985,1967.8,1831.64,0.7580713787517409,0.04311688311688311,0.02188295165394405,0.0040000000000000036,2021.0,1327.0,-0.006432459178624443,0.5131876412961568,1.0204289053765627,1.0962852962372518,0.0244023904382471,0
2025-12-09,2047.0,2047.0,1967.0,1973.0,100427299902,50895683,1337,2027.0,1967.0,56.851607102285556,39.59382474057588,45.79345778340253,2016.4426900394174,1922.0573099605826,1969.25,1838.62,1.840907311663802,0.006138107416879812,-0.001522842639593902,-0.020418326693227073,2021.0,1327.0,-0.026719445818901535,0.4822908816880181,0.9988574330328805,1.069824107210843,0.020335536349771255,0
2025-12-10,1992.0,1992.0,1938.0,1961.0,65750099471,33534995,980,1973.0,1951.0,53.75906474835187,35.00199740366929,43.63516570745589,2016.4465479209152,1920.853452079085,1968.65,1845.14,1.292023785423632,-0.011651469098277634,-0.004591836734693877,-0.00813421453990848,2021.0,1327.0,-0.034636318654131616,0.4702336096458176,0.9910344652426789,1.0573723403102202,0.059456688877498776,1
2025-12-13,1984.0,1988.0,1950.0,1966.0,46834653927,23823055,631,1961.0,1958.0,54.91456985319793,31.563933280410083,41.22091922204673,2012.492918769193,1920.7070812308068,1966.6,1852.38,0.9469539394645778,-0.03117268678871843,0.009278350515463885,0.0035879036391595065,2021.0,1327.0,-0.031172686788718457,0.47550866616428034,0.9956269704057765,1.0570185383128732,0.09090909090909083,1
2025-12-14,1980.0,2024.0,1956.0,1998.0,65671807550,32860926,879,1966.0,2024.0,64.03903095671905,33.77554761939041,39.73184490151547,2020.339863807084,1916.760136192916,1968.55,1860.04,1.292169875103327,0.01200000000000001,0.04599483204134369,0.03370786516853941,2024.0,1348.0,0.0,0.5014836795252225,1.0281679408701836,1.0881486419646889,0.07213438735177857,1
2025-12-15,2057.0,2057.0,2036.0,2054.0,60977835714,29693162,617,1998.0,2057.0,67.57277786099249,37.75586600327051,39.336649121866486,2037.4814214241028,1908.3185785758974,1972.9,1868.56,1.1959681934209758,0.0244023904382471,0.0685714285714285,0.016304347826086918,2057.0,1376.0,0.0,0.4949127906976744,1.0426276040346698,1.100847711606799,0.07535245503159937,1
2025-12-16,2114.0,2115.0,1996.0,2087.0,91963132196,44061797,905,2054.0,2007.0,58.235271564034015,36.45547879972037,38.760415057437264,2041.0642403550585,1910.4357596449415,1975.75,1876.42,1.7241863024635609,0.020335536349771255,0.026598465473145705,-0.024307243558580494,2057.0,1376.0,-0.024307243558580455,0.4585755813953488,1.0158167784385677,1.0695899638673645,0.08619830592924771,1
2025-12-17,2099.0,2105.0,2059.0,2074.0,63174203015,30461262,819,2087.0,2067.0,64.563422571623,39.80753465107341,38.969838976164496,2056.878986602988,1904.0210133970122,1980.45,1884.76,1.1434868014112054,0.059456688877498776,0.04711246200607899,0.029895366218236186,2067.0,1403.0,0.0,0.47327156094084105,1.0437021888964628,1.0966913559286062,0.0861151427189164,1
2025-12-20,2092.0,2136.0,2091.0,2136.0,104016147998,48707804,685,2074.0,2136.0,70.16245283035289,47.48441562120979,40.672754305173555,2090.6779936585613,1887.1220063414391,1988.9,1894.84,1.7626589976481737,0.09090909090909083,0.05690252350321634,0.03338171262699574,2136.0,1403.0,0.0,0.5224518888096935,1.0739604806677057,1.1272719596377532,0.07209737827715346,1
2025-12-21,2200.0,2200.0,2144.0,2193.0,66396607683,30278645,692,2136.0,2170.0,72.47064317225156,55.67018372463599,43.672240189066045,2127.084481788206,1871.9155182117938,1999.5,1905.34,1.0651007751079564,0.07213438735177857,0.08499999999999996,0.015917602996254665,2170.0,1403.0,0.0,0.5466856735566643,1.0852713178294573,1.1389043425320415,0.048387096774193505,0
2025-12-22,2200.0,2227.0,2168.0,2192.0,42854157227,19546043,775,2193.0,2212.0,75.03937632145826,64.79954410510209,47.897700972273256,2168.2498401315315,1855.4501598684685,2011.85,1915.4,0.6735970481226825,0.07535245503159937,0.10159362549800788,0.019354838709677358,2212.0,1403.0,0.0,0.5766215253029223,1.0994855481273456,1.1548501618460896,0.007685352622061492,0
2025-12-23,2220.0,2220.0,2168.0,2180.0,17934268503,8226571,642,2192.0,2180.0,69.70284798518371,68.66101398603587,52.05036357502578,2193.594007174475,1851.1059928255252,2022.35,1924.44,0.28519473809381224,0.08619830592924771,0.10828673106253173,-0.01446654611211573,2212.0,1403.0,-0.014466546112115732,0.5538132573057734,1.0779538655524514,1.1327970734343498,0.017889908256880638,0
2025-12-24,2243.0,2245.0,2190.0,2237.0,93614332302,41855189,748,2180.0,2245.0,73.78157195550222,76.08910561370749,56.858111982762125,2230.634429916898,1842.5655700831019,2036.6,1935.0,1.3900336346934012,0.0861151427189164,0.15069195284469505,0.029816513761467878,2245.0,1403.0,0.0,0.6001425516749822,1.1023274084258077,1.1602067183462532,-0.03518930957683741,0
2025-12-27,2303.0,2303.0,2210.0,2250.0,58010050473,25781571,1008,2237.0,2290.0,76.17309206212441,84.6314667964848,62.41278294550666,2271.8162373209234,1836.3837626790767,2054.1,1946.1,0.8650263494020752,0.07209737827715346,0.16956077630234923,0.020044543429844186,2290.0,1403.0,0.0,0.632216678545973,1.114843483764179,1.176712399157289,-0.07423580786026196,0
2025-12-28,2240.0,2288.0,2239.0,2270.0,44730955159,19706364,801,2250.0,2275.0,73.75796630707768,89.16315756023914,67.76285786845317,2301.679183781159,1840.520816218841,2071.1,1956.02,0.6593046366895069,0.048387096774193505,0.12401185770750978,-0.0065502183406113135,2290.0,1403.0,-0.006550218340611353,0.6215253029223093,1.0984500989812178,1.163076042167258,-0.047032967032967,0
2025-12-29,2338.0,2338.0,2204.0,2287.0,67511396994,29524026,1005,2270.0,2229.0,66.76679491816633,88.02800750266533,71.81588779529561,2316.430484710718,1856.1695152892826,2086.3,1964.98,0.9730089807259068,0.007685352622061492,0.0836169178415167,-0.020219780219780215,2290.0,1403.0,-0.026637554585152837,0.5887384176764077,1.0683986003930401,1.1343626907144093,-0.0004486316733961493,0
2025-12-30,2275.0,2275.0,2219.0,2228.0,36453061529,16361691,673,2287.0,2219.0,65.31736727921655,85.33775594755525,74.52026142574755,2328.272813055209,1870.7271869447911,2099.5,1974.68,0.5409282482221607,0.017889908256880638,0.10563029397110113,-0.004486316733961382,2290.0,1403.0,-0.031004366812227076,0.5816108339272986,1.0569183138842582,1.1237263759191363,0.03379900856241558,0
2025-12-31,2162.0,2260.0,2162.0,2168.0,303123429446,139813535,2903,2228.0,2166.0,58.11633465252343,78.02957873545984,75.22212488769001,2332.041158140879,1886.1588418591211,2109.1,1984.14,3.799915485069526,-0.03518930957683741,0.04789550072568938,-0.023884632717440235,2290.0,1403.0,-0.05414847161572053,0.5438346400570206,1.0269783319899484,1.0916568387311378,0.09048938134810713,1
2026-01-04,2110.0,2169.0,2103.0,2105.0,131867546065,62634965,802,2168.0,2120.0,52.68711773582269,67.74505723042284,73.72671135623659,2333.3128331322887,1894.7871668677117,2114.05,1993.12,1.7457959274826935,-0.07423580786026196,-0.0074906367041198685,-0.02123730378578026,2290.0,1403.0,-0.07423580786026202,0.5110477548111191,1.0028145029682363,1.0636589869149877,0.13113207547169803,1
2026-01-05,2080.0,2168.0,2080.0,2164.0,65762461722,30387406,363,2105.0,2168.0,57.18214166214106,62.744420071428976,71.53025309927507,2336.399970771674,1908.5000292283257,2122.45,2003.04,0.8224490842661176,-0.047032967032967,-0.0009216589861751334,0.02264150943396226,2290.0,1403.0,-0.05327510917030567,0.5452601568068425,1.0214610473744965,1.0823548206725777,0.13837638376383765,1
2026-01-06,2228.0,2228.0,2228.0,2228.0,78730323560,35336770,330,2164.0,2228.0,62.037309847577916,62.897830615562725,69.8037686025326,2345.3438177323806,1921.556182267619,2133.45,2013.32,0.9379474586214952,-0.0004486316733961493,0.00723327305605781,0.027675276752767486,2290.0,1403.0,-0.027074235807860263,0.5880256593014968,1.0443178888654527,1.1066298452307632,0.14093357271095153,1
2026-01-07,2294.0,2294.0,2291.0,2294.0,174554150282,76093223,839,2228.0,2294.0,66.53279119061611,67.56619693229914,69.35625426848591,2358.2318593526625,1941.3681406473377,2149.8,2023.94,1.9543931659494356,0.03379900856241558,0.05229357798165135,0.029622980251346576,2294.0,1403.0,0.0,0.6350677120456165,1.067076007070425,1.1334328092730022,0.11377506538796855,1
2026-01-10,2226.0,2362.0,2226.0,2329.0,176162228255,75629709,1347,2294.0,2362.0,70.4194397710416,75.87826516413179,70.6606564476151,2377.367173184289,1963.3328268157106,2170.35,2034.88,1.8428657321044262,0.09048938134810713,0.052115812917594706,0.0296425457715781,2362.0,1403.0,0.0,0.6835352815395581,1.088303729813164,1.1607564082402893,0.08806096528365792,1
2026-01-11,2389.0,2398.0,2389.0,2397.0,47145549021,19667340,215,2329.0,2398.0,72.25638854851547,84.39765463164622,73.40805608442133,2397.9382048980933,1986.7617951019067,2192.35,2045.62,0.481671949139231,0.13113207547169803,0.04716157205240168,0.015241320914479273,2398.0,1403.0,0.0,0.7091945830363506,1.093803452915821,1.1722607326874004,0.103836530442035,1
2026-01-12,2468.0,2468.0,2468.0,2468.0,80649738368,32678176,255,2397.0,2468.0,75.44896092495287,95.69463891950863,77.8653726514388,2437.7615364250396,1991.3384635749605,2214.55,2057.8,0.8004988954256257,0.13837638376383765,0.08483516483516484,0.029190992493744794,2468.0,1403.0,0.0,0.7590876692801141,1.1144476304441082,1.199339100009719,0.0850891410048622,1
2026-01-13,2542.0,2542.0,2495.0,2541.0,375305347120,147721615,1607,2468.0,2542.0,78.29277053973509,109.35814924282613,84.16392796971627,2491.686219460915,1985.9137805390856,2238.8,2070.62,3.161600260849288,0.14093357271095153,0.1404217137729924,0.02998379254457051,2542.0,1403.0,0.0,0.811831789023521,1.1354296944791853,1.2276516212535376,0.07946498819826897,1
2026-01-14,2560.0,2584.0,2465.0,2496.0,315841946631,126524365,2578,2541.0,2555.0,78.75826754478972,119.85396902043567,91.30193617986015,2531.1502594700405,2001.2497405299594,2266.2,2083.74,2.4883440335941605,0.11377506538796855,0.1514195583596214,0.005114083398898517,2555.0,1403.0,0.0,0.8210976478973628,1.1274380019415764,1.2261606534404486,0.007436399217221057,0
2026-01-18,2570.0,2570.0,2570.0,2570.0,30705110980,11947514,140,2496.0,2570.0,79.30960050971316,127.90791364368579,98.62313167262528,2570.97709095016,2011.72290904984,2291.35,2097.72,0.23932781436194403,0.08806096528365792,0.18651892890120036,0.005870841487279899,2570.0,1403.0,0.0,0.8317890235210263,1.121609531498898,1.225139675457163,-0.0284046692607004,0
2026-01-19,2647.0,2647.0,2647.0,2647.0,89031135604,33634732,273,2570.0,2647.0,81.90584967217917,138.9027943183837,106.67906420177697,2626.8205704583943,2006.979429541606,2316.9,2112.9,0.6840850320300682,0.103836530442035,0.24858490566037728,0.029961089494163318,2647.0,1403.0,0.0,0.8866714183891661,1.1424748586473303,1.252780538596242,-0.08462410275783905,0
2026-01-20,2726.0,2726.0,2649.0,2713.0,498249392731,183677494,2599,2647.0,2678.0,82.83945683567687,148.4070137151598,115.02465410445353,2681.759629401294,2002.8403705987062,2342.3,2128.48,3.231629977569907,0.0850891410048622,0.23523985239852396,0.011711371363808176,2678.0,1403.0,0.0,0.9087669280114041,1.1433206677197625,1.2581748477786965,-0.1209858103061987,0
2026-01-21,2720.0,2744.0,2632.0,2653.0,411567502729,155110310,2727,2713.0,2744.0,84.65482513762771,159.42704869878662,123.90513302332015,2744.7717334321264,1993.0282665678737,2368.9,2145.66,2.438242207850677,0.07946498819826897,0.23159784560143626,0.0246452576549665,2744.0,1403.0,0.0,0.9558089807555239,1.1583435349740385,1.278860583689867,-0.11734693877551017,0
2026-01-26,2574.0,2574.0,2574.0,2574.0,4552736760,1768740,32,2653.0,2574.0,65.44922455680408,152.6828932164567,129.66068506194748,2764.104673730271,2013.095326269729,2388.6,2158.38,0.0279453866402767,0.007436399217221057,0.12205754141238012,-0.06195335276967928,2744.0,1403.0,-0.0619533527696793,0.83464005702067,1.0776186887716654,1.1925610874822783,-0.041569541569541624,0
2026-01-27,2497.0,2497.0,2497.0,2497.0,27066700936,10839688,113,2574.0,2497.0,58.92806477180541,139.5165845825345,131.63186496606488,2773.483010615957,2028.9169893840426,2401.2,2169.06,0.17556436014568677,-0.0284046692607004,0.05715495342929722,-0.02991452991452992,2744.0,1403.0,-0.09001457725947522,0.7797576621525303,1.039896718307513,1.151189916369303,-0.03844613536243491,0
2026-01-28,2423.0,2423.0,2423.0,2423.0,74494369332,30744684,247,2497.0,2423.0,53.419415227884436,121.70803411911947,129.6470987966758,2776.685613781103,2039.014386218897,2407.85,2177.54,0.49596105499225995,-0.08462410275783905,0.010425354462051617,-0.02963556267521028,2744.0,1403.0,-0.11698250728862973,0.7270135424091233,1.006291920177752,1.1127235320591127,-0.02847709451093683,0
2026-01-31,2356.0,2460.0,2351.0,2354.0,418903224177,177952708,1491,2423.0,2354.0,48.83526763945677,100.86420644414602,123.89052032616985,2776.529269449662,2047.0707305503383,2411.8,2184.92,2.5457297609958567,-0.1209858103061987,-0.04619124797406804,-0.02847709451093683,2744.0,1403.0,-0.14212827988338192,0.6778332145402709,0.9760344970561405,1.077384984347253,-0.029736618521665203,0
2026-02-01,2321.0,2424.0,2321.0,2396.0,124588745390,52008597,907,2354.0,2422.0,53.10617026167004,88.80862400427623,116.87414106179114,2776.4043491680113,2066.4956508319883,2421.45,2193.96,0.7322404675942041,-0.11734693877551017,-0.04720692368214008,0.028887000849617595,2744.0,1403.0,-0.11734693877551021,0.7263007840342124,1.0002271366330093,1.103939907746723,-0.06771263418662266,0
2026-02-02,2467.0,2467.0,2408.0,2452.0,72175927838,29432998,551,2396.0,2467.0,55.73920424848897,81.94104660546918,109.88752217052675,2776.771725752817,2090.928274247183,2433.85,2204.3,0.4106152928981074,-0.041569541569541624,-0.03444227005870837,0.01857968620974404,2744.0,1403.0,-0.1009475218658892,0.7583749109052031,1.0136203956694128,1.1191761556956856,-0.10741791649777055,0
2026-02-03,2520.0,2520.0,2400.0,2426.0,48020698518,19791400,422,2452.0,2401.0,51.198587494121,70.36170765648421,101.98235926771825,2766.396134629602,2124.803865370398,2445.6,2212.86,0.30133472384725873,-0.03844613536243491,-0.06575875486381322,-0.02675314146736929,2744.0,1403.0,-0.125,0.7113328581610834,0.9817631665031077,1.0850211942915502,-0.10537276134943774,0
2026-02-08,2354.0,2357.0,2354.0,2354.0,75666992280,32143135,315,2426.0,2354.0,48.18812828753216,56.738445429712556,92.93357650011711,2745.1152879770234,2169.484712022977,2457.3,2220.6,0.5010267380930801,-0.02847709451093683,-0.11069134869663766,-0.019575177009579336,2744.0,1403.0,-0.14212827988338192,0.6778332145402709,0.9579619908029137,1.0600738539133567,-0.08793542905692442,0
2026-02-09,2285.0,2300.0,2284.0,2284.0,72019304646,31528944,377,2354.0,2284.0,44.03515478775409,39.834311828341924,82.31372356576209,2731.3736662315155,2194.8263337684843,2463.1,2227.12,0.49101627297535744,-0.029736618521665203,-0.1471247199402539,-0.029736618521665203,2744.0,1403.0,-0.16763848396501457,0.6279401282965075,0.9272867524664041,1.0255397104781063,-0.04465849387040277,0
2026-02-10,2221.0,2340.0,2221.0,2269.0,20930225566,9223203,285,2284.0,2258.0,42.56771780465386,24.062306165406426,70.66344008569095,2727.887979203949,2201.312020796051,2464.6,2232.98,0.14661897826283982,-0.06771263418662266,-0.1771137026239067,-0.011383537653239961,2744.0,1403.0,-0.17711370262390672,0.609408410548824,0.9161730098190376,1.0112047577676468,-0.05225863596102742,0
2026-02-14,2230.0,2335.0,2201.0,2212.0,54530859739,24652662,359,2269.0,2202.0,39.513468725468705,6.963870889141617,57.92352624638109,2737.8611163752453,2182.1388836247547,2460.0,2237.62,0.40860381500246673,-0.10741791649777055,-0.1445221445221445,-0.024800708591674048,2744.0,1403.0,-0.19752186588921283,0.5694939415538133,0.8951219512195122,0.9840813006676737,-0.06403269754768393,0
2026-02-15,2201.0,2201.0,2146.0,2147.0,40054635626,18658998,313,2212.0,2148.0,36.77347732399599,-10.819391744845234,44.174942648135826,2756.377905413748,2142.2220945862523,2449.3,2241.38,0.3245869266257936,-0.10537276134943774,-0.13976772126551862,-0.02452316076294281,2744.0,1403.0,-0.21720116618075802,0.5310049893086244,0.8769852610950066,0.9583381666651795,-0.018156424581005637,0
2026-02-16,2100.0,2170.0,2085.0,2121.0,17166212569,8091594,186,2147.0,2147.0,36.722693021793084,-24.70862153791313,30.39822981092604,2770.5426751642267,2102.9573248357733,2436.75,2245.52,0.14219083813700106,-0.08793542905692442,-0.11390837804374743,-0.0004655493482309536,2744.0,1403.0,-0.21756559766763847,0.5302922309337135,0.8810916179337231,0.9561259752752147,-0.0656730321378668,0
2026-02-17,2184.0,2184.0,2126.0,2178.0,20647757579,9478875,203,2121.0,2182.0,39.85351086304202,-32.516894207263704,17.815205007288093,2773.710288096003,2071.189711903997,2422.45,2250.46,0.17003499448490259,-0.04465849387040277,-0.0730671197960917,0.01630181648812301,2744.0,1403.0,-0.20481049562682216,0.5552387740555952,0.9007409853660551,0.9695795526247967,-0.09761686526122826,0
2026-02-18,2224.0,2224.0,2113.0,2124.0,32873201294,15474369,254,2178.0,2140.0,37.458403399491445,-41.61435120795477,5.929293764239521,2769.589581190918,2035.1104188090817,2402.35,2254.76,0.31494057286983546,-0.05225863596102742,-0.11643270024772912,-0.019248395967002785,2744.0,1403.0,-0.22011661807580174,0.5253029223093372,0.8907944304535143,0.9491032304990331,-0.0523364485981308,0
2026-02-21,2150.0,2150.0,2061.0,2061.0,53209621228,25815978,266,2124.0,2061.0,33.3932278659223,-54.56974514059857,-6.170514016728098,2766.3248126561252,1988.975187343875,2377.65,2256.88,0.5854118425993702,-0.06403269754768393,-0.1645723550871504,-0.03691588785046729,2744.0,1403.0,-0.2489067055393586,0.4689950106913756,0.8668222825058356,0.9132076140512566,0.010189228529839944,0
2026-02-22,2001.0,2120.0,2000.0,2035.0,38516028123,18923568,448,2061.0,2109.0,37.80947238545756,-60.26904528565501,-16.990220270513483,2749.5401979961866,1959.6598020038132,2354.6,2259.58,0.42574972750771073,-0.018156424581005637,-0.12161599333610995,0.02328966521106257,2744.0,1403.0,-0.23141399416909622,0.5032074126870991,0.8956935360570798,0.9333592968604785,0.016595542911332473,0
2026-02-23,2096.0,2096.0,1990.0,2028.0,45031526679,22206989,430,2035.0,2006.0,32.786001906688284,-72.26400642168846,-28.04497750074848,2721.3905571067944,1923.709442893206,2322.55,2259.28,0.5061278179019811,-0.0656730321378668,-0.14783347493627863,-0.048838311996206696,2744.0,1403.0,-0.26895043731778423,0.42979330007127586,0.863705840563174,0.8878934881909281,0.1006979062811566,1
2026-02-24,2005.0,2005.0,1968.0,1969.0,49365301149,25072348,352,2028.0,1969.0,31.183223693869834,-83.78981350636786,-39.193944701872354,2679.244820179035,1894.955179820965,2287.1,2258.66,0.6975005673372842,-0.09761686526122826,-0.13791593695271454,-0.018444666001994015,2744.0,1403.0,-0.2824344023323615,0.4034212401995723,0.8609155699357265,0.8717558198223726,0.15490096495683092,1
2026-02-25,1930.0,2028.0,1930.0,2022.0,35635984512,17627781,311,1969.0,2028.0,36.512952053663156,-87.15858186608693,-48.78687213471527,2598.1804404881273,1904.419559511873,2251.3,2259.06,0.6063519572281143,-0.0523364485981308,-0.10186005314437552,0.02996444895886241,2744.0,1403.0,-0.260932944606414,0.44547398431931573,0.9008128636787633,0.8977185200924278,0.15483234714003946,1
2026-05-19,2082.0,2082.0,2082.0,2082.0,841698468,404274,24,2022.0,2082.0,41.01566122878529,-84.49697779616781,-55.928893267005776,2547.3412948970076,1906.058705102992,2226.7,2261.36,0.01393873337548517,0.010189228529839944,-0.05449591280653954,0.026627218934911268,2744.0,1403.0,-0.24125364431486881,0.4839629365645046,0.9350159428751067,0.9206848975837548,0.1585014409221901,1
2026-05-20,2144.0,2144.0,2144.0,2144.0,23273728896,10855284,107,2082.0,2144.0,45.771216553939674,-76.50287799442322,-60.04369021248927,2506.237129588791,1911.8628704112093,2209.05,2265.22,0.3742631021701074,0.016595542911332473,-0.0018621973929237035,0.029779058597502406,2744.0,1403.0,-0.21865889212827988,0.5281539558089807,0.9705529526266946,0.9464864339887518,0.15858208955223874,1
2026-05-23,2208.0,2208.0,2208.0,2208.0,23330251296,10566237,85,2144.0,2208.0,50.23177885222629,-64.26245361420251,-60.88744289283191,2478.840977386944,1917.7590226130565,2198.3,2270.22,0.37742630403230093,0.1006979062811566,0.028411737307871388,0.029850746268656803,2744.0,1403.0,-0.19533527696793002,0.5737704918032787,1.004412500568621,0.972592964558501,0.15851449275362328,1
2026-05-24,2274.0,2274.0,2274.0,2274.0,22550539416,9916684,69,2208.0,2274.0,54.39756020124611,-48.67508461415264,-58.444971237096055,2468.0459405967886,1920.5540594032116,2194.3,2275.22,0.5061160513366956,0.15490096495683092,0.0421631530705775,0.029891304347826164,2744.0,1403.0,-0.17128279883381925,0.6208125445473984,1.0363213781160279,0.9994637881171932,0.158311345646438,1
2026-05-25,2342.0,2342.0,2342.0,2342.0,30323731206,12947793,108,2274.0,2342.0,58.27291982299809,-30.483555231046466,-52.85268803588614,2452.7241604601595,1927.875839539841,2190.3,2280.92,0.7339745880307613,0.15483234714003946,0.094392523364486,0.029903254177660488,2744.0,1403.0,-0.14650145772594753,0.66928011404134,1.0692599187325935,1.0267786682566684,0.15841161400512394,1
2026-05-26,2412.0,2412.0,2412.0,2412.0,25522553880,10581490,98,2342.0,2412.0,61.8655705295238,-10.299495968145038,-44.342049622337925,2439.251787822849,1935.848212177151,2187.55,2289.02,0.6336950002570055,0.1585014409221901,0.17030567685589526,0.029888983774551736,2744.0,1403.0,-0.12099125364431487,0.7191732002851033,1.1026033690658499,1.0537260487020645,0.1583747927031509,1
2026-05-30,2484.0,2484.0,2484.0,2484.0,32944772844,13262791,104,2412.0,2484.0,65.18583111836386,11.37518859359443,-33.198601979151455,2459.5604860617177,1923.839513938282,2191.7,2297.36,0.810107174384749,0.15858208955223874,0.17780938833570414,0.029850746268656803,2744.0,1403.0,-0.09475218658892129,0.7704918032786885,1.1333667929004883,1.0812410767141414,0.15821256038647347,1
2026-05-31,2558.0,2558.0,2558.0,2558.0,65051589910,25430645,186,2484.0,2558.0,68.24594774734601,34.13028118648299,-19.73282534602457,2506.6949474535672,1897.105052546433,2201.9,2305.8,1.585844649466085,0.15851449275362328,0.27517447657028904,0.029790660225442744,2744.0,1403.0,-0.06778425655976676,0.8232359230220955,1.1617239656660157,1.1093763552779945,0.1532447224394058,1
2026-06-01,2634.0,2634.0,2634.0,2634.0,95895118734,36406651,281,2558.0,2634.0,71.05949733105629,57.63207417308831,-4.259845442201993,2576.7079344112412,1862.0920655887587,2219.4,2315.08,2.2362930406000325,0.158311345646438,0.3377348908075164,0.029710711493354136,2744.0,1403.0,-0.04008746355685131,0.8774055595153243,1.1868072452014058,1.1377576584826443,0.08618071374335612,1
2026-06-02,2713.0,2713.0,2713.0,2713.0,61310273100,22598700,187,2634.0,2713.0,73.67098627421818,81.69037837429642,12.930199321097689,2659.317724055007,1824.982275944993,2242.15,2325.1,1.3333600374691004,0.15841161400512394,0.33777120315581843,0.02999240698557326,2744.0,1403.0,-0.01129737609329446,0.9337134711332858,1.209999330999264,1.1668315341275644,0.08625138223368967,1
2026-06-03,2794.0,2794.0,2794.0,2794.0,205231769622,73454463,619,2713.0,2794.0,76.05665209376282,106.0700710860774,31.558173674093634,2752.4885463983965,1791.0114536016033,2271.75,2337.38,3.7885044685338456,0.1583747927031509,0.3419788664745438,0.02985624769627715,2794.0,1403.0,0.0,0.9914468995010691,1.2298888522064488,1.1953554834900615,0.08625626342161774,1
