date,open,high,low,adjClose,value,volume,count,yesterday,close,rsi,macd,macd_signal,bb_upper,bb_lower,sma_20,sma_50,future_return,signal
2012-05-27,1750.0,1785.0,1725.0,1751.0,3593310189,2051791,326,1716.0,1774.0,43.37395466100738,-22.20959573935579,-1.3984585038781088,2020.469044859517,1716.430955140483,1868.45,1809.26,-0.01634723788049608,0
2012-05-28,1775.0,1788.0,1720.0,1739.0,2366017158,1360503,225,1751.0,1738.0,40.97849340450825,-28.274872382919966,-6.773741279686481,1977.3155299477835,1724.8844700522163,1851.1,1817.94,-0.04602991944764101,0
2012-05-29,1738.0,1754.0,1715.0,1725.0,2636560575,1528862,151,1739.0,1724.0,40.052099613008835,-33.82145810214661,-12.183284644178507,1958.6099333664242,1716.9900666335757,1837.8,1825.04,-0.08584686774941996,0
2012-05-30,1727.0,1800.0,1713.0,1755.0,4606473586,2624847,224,1725.0,1780.0,45.37195672992623,-33.31440750493516,-16.409509216329837,1950.7296543039115,1712.3703456960884,1831.55,1834.42,-0.1235955056179775,0
2012-06-02,1794.0,1842.0,1760.0,1836.0,25248904716,13753380,789,1755.0,1761.0,43.946987906804736,-34.05316378911448,-19.93824013088677,1936.5288509586876,1709.4711490413124,1823.0,1843.3,-0.10278250993753546,0
2012-06-05,1745.0,1745.0,1745.0,1745.0,248678205,142509,15,1836.0,1745.0,42.72995763552647,-35.52024448140219,-23.054641000989854,1929.7567980429233,1701.7432019570767,1815.75,1852.4,-0.12378223495702001,0
2012-06-06,1658.0,1693.0,1658.0,1658.0,17781459183,10723379,635,1745.0,1658.0,36.76755889511472,-43.20504850548605,-27.08472250188909,1932.1368594268279,1676.2631405731722,1804.2,1859.56,-0.07177322074788905,0
2012-06-09,1639.0,1639.0,1576.0,1586.0,7041585280,4440448,369,1658.0,1576.0,32.20607967861517,-55.27485167528971,-32.72274833656922,1952.2541924919967,1630.2458075080033,1791.25,1865.48,-0.039974619289340096,0
2012-06-10,1540.0,1580.0,1508.0,1537.0,7739732697,5034242,408,1586.0,1560.0,31.3878168421474,-65.37769060689925,-39.25373679063523,1954.428458444399,1593.171541555601,1773.8,1871.88,-0.0064102564102563875,0
2012-06-11,1597.0,1613.0,1558.0,1592.0,18956143633,11908534,707,1537.0,1580.0,33.65687478520108,-70.95253375152879,-45.593496182813944,1951.1087101511525,1566.4912898488474,1758.8,1873.38,-0.02468354430379749,0
2012-06-12,1596.0,1596.0,1525.0,1550.0,4881615369,3148642,330,1592.0,1529.0,30.85472768788479,-78.58008853719002,-52.19081465368916,1952.9639055686644,1531.5360944313356,1742.25,1872.94,-0.023544800523217835,0
2012-06-13,1539.0,1573.0,1510.0,1534.0,3716168416,2422747,187,1550.0,1539.0,32.04933552030259,-82.86287261670009,-58.32522624629135,1947.580907445717,1505.019092554283,1726.3,1871.16,-0.06562703053931129,0
2012-06-16,1549.0,1565.0,1511.0,1533.0,3419407313,2230973,216,1534.0,1513.0,30.57048841610664,-87.34809806227986,-64.12980060948905,1953.6875701513864,1474.8124298486136,1714.25,1867.24,-0.0720423000660938,0
2012-06-17,1517.0,1550.0,1490.0,1509.0,4331532034,2870569,196,1533.0,1550.0,35.15599316849888,-86.91517670981625,-68.6868758295545,1947.982309009196,1455.517690990804,1701.75,1863.06,-0.10322580645161294,0
2012-06-19,1550.0,1550.0,1500.0,1530.0,1233840758,806484,121,1509.0,1541.0,34.55810707456122,-86.30345568768848,-72.2101918011813,1928.3111931578462,1442.2888068421537,1685.3,1857.0,-0.13432835820895528,0
2012-06-20,1553.0,1553.0,1493.0,1513.0,2073814582,1370701,174,1530.0,1493.0,31.48288156913827,-88.66973174513646,-75.50209978997233,1909.6384600758606,1424.1615399241396,1666.9,1849.84,-0.11587407903549896,0
2012-06-23,1500.0,1500.0,1438.0,1439.0,9774097662,6791255,493,1513.0,1438.0,28.367868567664217,-93.90063484718098,-79.18180680141407,1895.3804497541996,1398.2195502458003,1646.8,1842.86,-0.057023643949930425,0
2012-06-24,1401.0,1476.0,1395.0,1416.0,4603640126,3251883,230,1439.0,1404.0,26.61475984485169,-99.6410787607806,-83.27366119328738,1881.1865140249045,1370.1134859750957,1625.65,1835.26,0.013532763532763559,0
2012-06-25,1402.0,1420.0,1390.0,1404.0,2597663018,1850061,176,1416.0,1390.0,25.90485981734811,-104.11987580122741,-87.44290411487539,1852.2820281090483,1351.517971890952,1601.9,1826.02,0.06906474820143882,1
2012-06-26,1400.0,1400.0,1334.0,1349.0,2648163225,1962588,143,1404.0,1334.0,23.235145931075095,-110.90958999757459,-92.13624129141523,1848.2966426085936,1314.4033573914062,1581.35,1815.1,0.14692653673163414,1
2012-06-27,1285.0,1330.0,1282.0,1292.0,9472054017,7333720,388,1349.0,1320.0,22.607857085282717,-116.08204881240431,-96.92540279561305,1833.3085334556351,1283.991466544365,1558.65,1803.4,0.15909090909090917,1
2012-06-30,1356.0,1356.0,1356.0,1356.0,1508913408,1112768,38,1292.0,1356.0,27.991371133115422,-115.93987781191595,-100.72829779887364,1814.7920571061047,1264.3079428938952,1539.55,1790.42,0.08259587020648973,1
2012-07-01,1419.0,1423.0,1380.0,1416.0,4205696074,2970200,256,1356.0,1423.0,36.802398675398834,-109.16250876239451,-102.41513999157782,1790.51616492236,1258.48383507764,1524.5,1777.0,0.0014054813773718422,0
2012-07-02,1486.0,1486.0,1486.0,1486.0,184715744,124304,15,1416.0,1486.0,43.76967508468743,-97.58294601690204,-101.44870119664266,1748.8410843348906,1270.7589156651093,1509.8,1763.38,-0.06123822341857332,0
2012-07-03,1560.0,1560.0,1500.0,1552.0,14137471523,9107701,463,1486.0,1530.0,48.07527307023491,-83.8886111477334,-97.93668318686082,1708.1746293315778,1288.3253706684222,1498.25,1748.56,-0.05620915032679741,0
2012-07-04,1521.0,1560.0,1480.0,1523.0,4821736645,3165647,317,1552.0,1530.0,48.0752730702349,-72.20343583829685,-92.79003371714803,1665.3499367444372,1309.6500632555628,1487.5,1735.76,-0.02352941176470591,0
2012-07-07,1517.0,1530.0,1468.0,1500.0,2978121399,1985973,148,1523.0,1468.0,42.728531086639244,-67.17142172590866,-87.66631131890017,1637.7861070306187,1318.2138929693813,1478.0,1721.28,-0.016348773841961872,0
2012-07-08,1461.0,1495.0,1425.0,1441.0,4058291567,2816471,217,1500.0,1425.0,39.45141726112322,-65.89367366946863,-83.31178378901387,1625.1903955016282,1315.7096044983718,1470.45,1704.26,-0.01754385964912286,0
2012-07-09,1390.0,1400.0,1369.0,1376.0,7610743442,5529253,412,1441.0,1395.0,37.301895028861125,-66.53482634696479,-79.95639230060407,1614.5385702965614,1309.8614297034387,1462.2,1688.16,-0.028673835125448077,0
2012-07-10,1399.0,1444.0,1395.0,1443.0,12402433218,8594351,467,1376.0,1444.0,42.785255574144315,-62.370090395180114,-76.43913191951928,1597.9235419150127,1312.8764580849875,1455.4,1673.76,-0.10664819944598336,0
2012-07-11,1461.0,1515.0,1461.0,1504.0,7302394601,4854986,491,1443.0,1494.0,47.80181960420977,-54.407746382868254,-72.03285481218907,1593.3472082756143,1313.9527917243859,1453.65,1661.86,-0.1506024096385542,0
2012-07-14,1516.0,1544.0,1430.0,1469.0,4272167529,2908114,287,1504.0,1444.0,43.677599433466455,-51.5380153603121,-67.93388692181368,1583.0147270063972,1314.785272993603,1448.9,1649.04,-0.08102493074792239,0
2012-07-15,1460.0,1480.0,1396.0,1426.0,10647359571,7468150,547,1469.0,1400.0,40.37625523712767,-52.21229429864752,-64.78956839718046,1575.5963259784735,1310.9036740215265,1443.25,1637.24,-0.011428571428571455,0
2012-07-16,1400.0,1422.0,1355.0,1359.0,8480409683,6240185,561,1426.0,1355.0,37.27330725628184,-55.73530720704548,-62.978716159153464,1561.6163533667752,1305.3836466332248,1433.5,1626.24,0.011070110701107083,0
2012-07-28,1400.0,1400.0,1280.0,1314.0,8122760694,6183980,419,1359.0,1290.0,33.293242991271484,-63.045527494741464,-62.99207842627107,1553.5810295519132,1288.318970448087,1420.95,1613.4,0.04496124031007742,0
2012-07-29,1290.0,1324.0,1251.0,1264.0,2482416263,1963529,306,1314.0,1269.0,32.10063848151421,-69.72965418744047,-64.33959357850496,1553.5163034233003,1265.9836965766997,1409.75,1600.98,0.09062253743104809,1
2012-07-30,1298.0,1327.0,1270.0,1319.0,8187333425,6205164,435,1264.0,1327.0,38.63841809009656,-69.54508502431372,-65.38069186766671,1551.6972542117326,1256.7027457882675,1404.2,1589.74,0.03993971363978899,0
2012-07-31,1384.0,1384.0,1384.0,1384.0,2849011056,2058534,97,1319.0,1384.0,44.31319072472908,-64.06093442614542,-65.11674037936245,1550.9600757985745,1255.4399242014256,1403.2,1580.72,-0.03829479768786126,0
2012-08-01,1453.0,1453.0,1370.0,1418.0,11535316274,8136518,549,1384.0,1370.0,43.25509002371104,-60.151005217596094,-64.12359334700918,1550.5733129642945,1253.8266870357056,1402.2,1569.94,0.027737226277372296,0
2012-08-04,1360.0,1360.0,1348.0,1350.0,1748898136,1295629,115,1418.0,1348.0,41.57510034097763,-58.157174581637264,-62.930309593934794,1550.1072009108266,1255.6927990891736,1402.9,1559.3,0.08679525222551931,1
2012-08-05,1300.0,1390.0,1292.0,1343.0,5145824892,3832494,389,1350.0,1384.0,45.31775885709524,-53.06050186592438,-60.956348048332714,1548.6691411210732,1263.5308588789267,1406.1,1549.78,0.026011560693641522,0
2012-08-06,1389.0,1410.0,1369.0,1399.0,10697589788,7644589,417,1343.0,1380.0,44.973030857627855,-48.78179245200772,-58.52143692906772,1548.5601854734746,1266.0398145265253,1407.3,1540.22,0.07246376811594213,1
2012-08-07,1400.0,1400.0,1330.0,1341.0,4981185187,3715237,273,1399.0,1331.0,40.8714699557714,-48.78244128780534,-56.57363780081524,1547.5614510489263,1257.8385489510738,1402.7,1531.76,0.1577761081893314,1
2012-08-08,1360.0,1408.0,1311.0,1396.0,6660306111,4772322,390,1341.0,1408.0,48.777163262997455,-42.084574235648915,-53.67582508778198,1538.5921313951558,1259.0078686048441,1398.8,1523.92,0.14701704545454541,1
2012-08-11,1420.0,1465.0,1406.0,1450.0,10683908910,7370675,527,1396.0,1465.0,53.711048437357675,-31.810352764749496,-49.30273062317549,1525.6783597068697,1265.4216402931302,1395.55,1515.82,0.10648464163822524,1
2012-08-12,1470.0,1486.0,1379.0,1421.0,9313874842,6555737,615,1450.0,1420.0,49.64542642857019,-26.987981495358326,-44.839780797612065,1505.4475303028644,1274.6524696971355,1390.05,1507.0,0.1985915492957746,1
2012-08-13,1400.0,1484.0,1374.0,1468.0,9041606223,6157691,503,1421.0,1480.0,54.581889078791164,-18.115890255859767,-39.49500268926161,1507.7743356437957,1273.5256643562045,1390.65,1499.8,0.10472972972972983,1
2012-08-14,1490.0,1541.0,1490.0,1539.0,13471374565,8750879,468,1468.0,1541.0,58.98429772677705,-6.09227586302336,-32.814457324013965,1530.1234453809002,1262.7765546191,1396.45,1494.08,0.07787151200519138,1
2012-08-15,1615.0,1615.0,1615.0,1615.0,793499565,491331,46,1539.0,1615.0,63.59445170174022,9.300496391911565,-24.391466580828858,1571.574921934484,1243.325078065516,1407.45,1489.08,0.022291021671826616,0
2012-08-18,1650.0,1678.0,1594.0,1628.0,22991223418,14120212,1072,1615.0,1621.0,63.948282354611415,21.733004609972568,-15.166572342668573,1604.6540283614886,1227.9459716385113,1416.3,1486.6,0.017890191239975373,0
2012-08-21,1630.0,1709.0,1630.0,1693.0,33245178498,19637425,1174,1628.0,1702.0,68.41174554109675,37.68744262002042,-4.595769350130775,1650.6688371180253,1202.7311628819748,1426.7,1485.16,0.001175088131609936,0
2012-08-22,1700.0,1726.0,1630.0,1653.0,11283966750,6827392,591,1693.0,1635.0,61.616326173942426,44.413142569545016,5.206013033804383,1677.942263012287,1194.557736987713,1436.25,1483.1,0.08073394495412844,1
2012-08-25,1630.0,1670.0,1600.0,1641.0,16272977465,9914691,820,1653.0,1661.0,63.14618471455987,51.250507002140694,14.414911827471645,1709.2493027495948,1189.3506972504051,1449.3,1481.84,0.08910295003010238,1
2012-08-26,1661.0,1697.0,1650.0,1662.0,17035233641,10247148,659,1641.0,1651.0,62.120646060043484,55.22564429830936,22.57705832163919,1734.3879205588005,1193.8120794411993,1464.1,1479.26,0.04784978800726836,0
2012-08-27,1651.0,1651.0,1591.0,1623.0,20559928440,12671465,710,1662.0,1650.0,62.01218679712155,57.6309439543013,29.587835448171614,1751.5608691442978,1212.639130855702,1482.1,1477.04,0.07333333333333325,1
2012-09-02,1612.0,1704.0,1612.0,1683.0,31935381967,18972103,1783,1623.0,1704.0,65.51369971974393,63.16636740039985,36.303541838617264,1771.2121326964616,1236.4878673035382,1503.85,1476.22,0.03227699530516426,0
2012-09-03,1767.0,1767.0,1738.0,1766.0,53232928390,30144609,1202,1683.0,1767.0,69.09301204270591,71.80903400460352,43.404640271814515,1803.5925246518805,1248.1074753481194,1525.85,1478.4,0.03169213355970579,0
2012-09-04,1780.0,1834.0,1752.0,1795.0,55802372109,31080130,1972,1766.0,1809.0,71.23634887464968,81.11244477422633,50.94620117229688,1842.6421458946259,1251.557854105374,1547.1,1483.06,0.001105583195135429,0
2012-09-05,1808.0,1820.0,1710.0,1751.0,29566799377,16883876,1228,1795.0,1730.0,62.462049316004496,81.17508916895372,56.991978771628254,1859.1523082718452,1271.0476917281546,1565.1,1486.46,0.08670520231213863,1
2012-09-08,1748.0,1834.0,1720.0,1797.0,34504781409,19196542,1220,1751.0,1771.0,64.87978812239245,83.56975256460669,62.30753353022395,1875.611279372345,1296.888720627655,1586.25,1490.28,0.044607566346696714,0
2012-09-09,1800.0,1810.0,1711.0,1737.0,13191394311,7595691,623,1797.0,1759.0,63.588860373272276,83.53628653482383,66.55328413114393,1888.039219897173,1321.960780102827,1605.0,1494.88,0.057418988061398446,1
2012-09-10,1756.0,1823.0,1756.0,1805.0,35478527335,19660163,1011,1737.0,1823.0,67.3232125898491,87.6634993430016,70.77532717351546,1905.589418904724,1348.7105810952762,1627.15,1500.56,0.0038398244651673963,0
2012-09-11,1829.0,1880.0,1810.0,1838.0,15687898618,8536891,659,1805.0,1811.0,65.95727867117523,88.94079143666795,74.40842002614596,1905.007656965474,1397.292343034526,1651.15,1506.52,0.03257868580894541,0
2012-09-15,1850.0,1929.0,1840.0,1907.0,30778234954,16137802,1040,1838.0,1880.0,69.75692622667592,94.43222209197143,78.41318043931106,1921.4602551577464,1428.0397448422536,1674.75,1513.12,0.047340425531914976,0
2012-09-16,1900.0,1914.0,1822.0,1855.0,13480533368,7266689,600,1907.0,1850.0,66.2924319843271,95.26531195476514,81.78360674240189,1932.1747257792067,1455.8252742207933,1694.0,1519.3,0.06864864864864861,1
2012-09-17,1850.0,1897.0,1831.0,1879.0,12196440242,6490068,550,1855.0,1860.0,66.88286241031436,95.63009390476282,84.55290417487407,1928.8078945904035,1503.1921054095965,1716.0,1526.64,0.1220430107526882,1
2012-09-18,1889.0,1892.0,1830.0,1866.0,17222406823,9227948,700,1879.0,1830.0,63.30061812242163,92.43292769573281,86.12890887904582,1921.9733402898146,1545.0266597101854,1733.5,1534.48,0.17267759562841523,1
2012-09-19,1830.0,1939.0,1830.0,1876.0,34270557938,18264088,1264,1866.0,1870.0,65.92148201219291,92.06554188870632,87.31623548097792,1925.3210067257423,1574.5789932742578,1749.95,1543.8,0.20160427807486636,1
2012-09-22,1900.0,1969.0,1900.0,1955.0,27659377551,14145459,654,1876.0,1969.0,71.37093350879964,98.62595993860077,89.57818037250249,1955.9479288255725,1579.3520711744277,1767.65,1555.38,0.19756221432199084,1
2012-09-23,2052.0,2052.0,1940.0,2018.0,41693243188,20663343,1048,1955.0,1977.0,71.76386498269603,103.28012268494422,92.31856883499083,1982.0536367924062,1588.8463632075939,1785.45,1568.24,0.20384420839656037,1
2012-09-24,1985.0,2094.0,1973.0,2044.0,29405882163,14387591,1274,2018.0,2087.0,76.53313660071063,114.52449380888902,96.75975382977046,2037.0024752343384,1572.3975247656617,1804.7,1583.58,0.0977479635840921,1
2012-09-25,2119.0,2146.0,2113.0,2140.0,45184337628,21113338,1884,2044.0,2146.0,78.6191442663454,126.73561655489834,102.75492637479604,2092.720474529994,1567.7795254700056,1830.25,1599.38,0.05778191985088532,1
2012-09-26,2240.0,2247.0,2204.0,2246.0,58263836666,25945014,1269,2140.0,2247.0,81.62960754842608,142.9154350418869,110.78702810821422,2166.8996217664835,1552.2003782335166,1859.55,1615.86,-0.041388518024032095,0
2012-09-29,2340.0,2358.0,2307.0,2353.0,38897204737,16532459,763,2246.0,2358.0,84.25366855914679,162.8179659357736,121.1932156737261,2256.088538024119,1533.711461975881,1894.9,1633.3,-0.09372349448685324,0
2012-09-30,2470.0,2470.0,2290.0,2411.0,95310758833,39525855,2447,2353.0,2380.0,84.71955063876459,178.31062728071902,132.6166979951247,2331.646623970772,1531.1533760292282,1931.4,1650.3,-0.11596638655462188,0
2012-10-01,2410.0,2429.0,2291.0,2365.0,69885197935,29549374,1750,2411.0,2291.0,75.0461920653816,181.317007225839,142.35675984126755,2375.8065624104747,1545.693437589525,1960.75,1665.52,-0.05936272370144047,0
2012-10-02,2303.0,2365.0,2247.0,2267.0,65670740542,28973192,1755,2365.0,2270.0,72.93019534005485,179.93092875291768,149.8715936235976,2411.7651899369102,1560.03481006309,1985.9,1681.56,-0.07665198237885462,0
2012-10-03,2339.0,2377.0,2154.0,2249.0,66207661460,29433825,2166,2267.0,2154.0,62.454694480948476,167.54091366726198,153.40545763233047,2426.899584070593,1579.400415929407,2003.15,1696.14,-0.05060352831940573,0
2012-10-06,2138.0,2165.0,2137.0,2138.0,7298203833,3412789,166,2249.0,2137.0,61.07025876211623,154.56821337317592,153.63800878049955,2431.6276761014874,1615.3723238985126,2023.5,1710.98,-0.1010762751520824,0
2012-10-07,2085.0,2189.0,2061.0,2106.0,30523866346,14493888,1202,2138.0,2104.0,58.36558878416935,140.0104770929297,150.91250244298558,2432.5835739969257,1647.7164260030743,2040.15,1724.18,-0.03564638783269958,0
2012-10-08,2150.0,2197.0,2110.0,2156.0,11779767695,5464411,654,2106.0,2155.0,61.22377773424872,131.07765833099393,146.94553362058724,2433.132247702112,1686.7677522978875,2059.95,1737.4,-0.03897911832946632,0
2012-10-09,2193.0,2194.0,2051.0,2098.0,13262081056,6322536,786,2156.0,2096.0,56.40003230366234,117.87869595818393,141.1321660881066,2430.742212570848,1716.457787429152,2073.6,1750.44,-0.03864503816793896,0
2012-10-10,2085.0,2085.0,2010.0,2022.0,11144929776,5511595,714,2098.0,2045.0,52.546070975948595,102.12590554121675,133.33091397872863,2422.011805554841,1748.5881944451594,2085.3,1763.34,0.07677261613691932,1
2012-10-13,1999.0,1999.0,1921.0,1933.0,11374213366,5884108,832,2022.0,1921.0,44.571280159720764,78.72840985224002,122.41041315343091,2419.505550909511,1755.194449090489,2087.35,1774.66,0.16033315981259766,1
2012-10-14,1898.0,2029.0,1875.0,1973.0,17454239927,8846367,977,1933.0,2029.0,51.47845468382755,68.11523334546632,111.551377191838,2411.6107039096532,1780.9892960903471,2096.3,1789.44,0.1532774765894529,1
2012-10-15,2063.0,2071.0,2055.0,2069.0,9225425547,4459711,238,1973.0,2071.0,53.88512623088488,62.37425194163575,101.71595214179756,2403.3902333579726,1810.3097666420272,2106.85,1805.48,0.18541767262192188,1
2012-10-16,2140.0,2172.0,2000.0,2098.0,54373706557,25921548,1557,2069.0,2015.0,50.30254860690481,52.69827788516841,91.91241729047174,2388.0410965632095,1844.1589034367903,2116.1,1819.24,0.20545905707196033,1
2012-10-17,2040.0,2202.0,2006.0,2123.0,77588167809,36541590,2503,2098.0,2202.0,59.89203940916069,59.43421527243595,85.41677688686458,2382.1242169477555,1883.2757830522444,2132.7,1835.6,0.1662125340599454,1
2012-10-20,2229.0,2229.0,2229.0,2229.0,1433155611,642959,35,2123.0,2229.0,61.06035522441216,66.18819225365769,81.57105996022321,2386.5975715942377,1904.802428405762,2145.7,1852.78,0.18977119784656793,1
2012-10-21,2340.0,2340.0,2280.0,2339.0,188895059629,80763901,2023,2229.0,2340.0,65.50856116526738,79.58018912209445,81.17288579259747,2405.867582005938,1921.8324179940616,2163.85,1872.62,0.14529914529914523,1
2012-10-22,2455.0,2455.0,2455.0,2455.0,307431364375,125226625,2075,2339.0,2455.0,69.40766715731769,98.33938679255516,84.60618599258902,2452.4180032868458,1912.0819967131542,2182.25,1894.04,0.11160896130346232,1
2012-10-23,2450.0,2540.0,2338.0,2446.0,102040562254,41723248,2789,2455.0,2429.0,67.54845337537377,109.8420130381578,89.65335140170278,2486.407172325102,1906.3928276748986,2196.4,1915.02,0.12391930835734866,1
2012-10-24,2415.0,2568.0,2415.0,2526.0,128733600830,50965227,3015,2446.0,2568.0,71.88449901297102,128.6906004039356,97.46080120214936,2544.3822069338876,1880.5177930661123,2212.45,1939.76,0.07476635514018692,1
2012-10-27,2577.0,2652.0,2570.0,2643.0,135981691936,51458881,2011,2526.0,2652.0,74.13376508001338,148.69230730984236,107.70710242368796,2606.2522421458375,1848.0477578541627,2227.15,1964.64,0.02224736048265452,0
2012-10-28,2725.0,2750.0,2570.0,2673.0,133536795909,49953987,3309,2643.0,2680.0,74.85586150304718,164.90227930381616,119.14613779971361,2665.423564022136,1818.8764359778643,2242.15,1988.94,-0.011194029850746245,0
2012-10-29,2702.0,2774.0,2650.0,2717.0,80062461387,29462483,2493,2673.0,2729.0,76.11262383881001,179.63200346657277,131.24331093308544,2737.515299678869,1790.5847003211313,2264.05,2015.12,0.0003664345914253797,0
2012-10-30,2708.0,2852.0,2702.0,2788.0,157552227368,56516880,3185,2717.0,2730.0,76.13883562594577,189.20506936654965,142.8356626197783,2802.2860526981794,1771.813947301821,2287.05,2040.12,0.04358974358974366,0
2012-10-31,2701.0,2791.0,2662.0,2734.0,94791162267,34669309,2228,2788.0,2760.0,76.95578662791418,196.94231393927748,153.65699288367816,2867.7968275864623,1766.9031724135373,2317.35,2064.5,0.021739130434782705,0
2012-11-04,2770.0,2840.0,2700.0,2756.0,57361259139,20816474,1350,2734.0,2711.0,72.58451432482086,196.8510689299983,162.2958080929422,2915.4213990006883,1776.678600999312,2346.05,2086.42,0.025451862781261436,0
2012-11-05,2700.0,2700.0,2619.0,2623.0,121788986799,46433930,2117,2756.0,2650.0,67.44815836360908,189.6701667839252,167.7706798311388,2946.029762170797,1800.670237829203,2373.35,2107.0,0.062264150943396324,1
2012-11-06,2632.0,2754.0,2632.0,2714.0,61979670357,22840857,1836,2623.0,2730.0,70.4059054227516,188.26438684858067,171.86942123462717,2985.67549640128,1818.52450359872,2402.1,2127.56,0.08351648351648344,1
2012-11-07,2800.0,2849.0,2770.0,2821.0,80383343561,28491733,1842,2714.0,2849.0,74.16615124659222,194.51040670723023,176.3976183291478,3036.486751004997,1843.0132489950026,2439.75,2151.84,0.07757107757107762,1
2012-11-10,2865.0,2910.0,2720.0,2818.0,61543883985,21839636,1544,2821.0,2820.0,71.77279813724365,194.87397888472242,180.09289044026275,3068.280467631813,1888.7195323681872,2478.5,2175.02,0.04290780141843964,0
2012-11-11,2827.0,2888.0,2780.0,2811.0,41833439372,14881794,1368,2818.0,2780.0,68.48977854596264,189.74715960629283,182.02374427346876,3065.951046830949,1976.9489531690506,2521.45,2197.6,0.03776978417266186,0
2012-11-12,2770.0,2879.0,2722.0,2818.0,44382829848,15750596,1305,2811.0,2815.0,69.79183748032737,186.3600828541753,182.8910119896101,3069.7061375993017,2051.7938624006983,2560.75,2220.9,-0.010657193605683846,0
2012-11-13,2835.0,2958.0,2831.0,2942.0,134832588824,45829718,2608,2818.0,2958.0,74.43919777304414,192.990036021557,184.9108167959995,3089.619514570878,2120.580485429122,2605.1,2245.98,-0.06355645706558488,0
2012-11-14,3020.0,3089.0,3002.0,3069.0,151550964319,49382575,3279,2942.0,3070.0,77.37506279631909,204.9196000584343,188.91257344848646,3101.9352508246575,2213.7647491753423,2657.85,2272.04,-0.07850162866449506,0
2012-11-17,3061.0,3061.0,2916.0,2951.0,119405812390,40459922,3095,3069.0,2941.0,67.72622812446559,201.64026020062101,191.45811079891337,3102.5075422407576,2287.0924577592427,2694.8,2294.68,0.004760285617136928,0
2012-11-18,2900.0,3020.0,2872.0,2931.0,45963591567,15682902,1698,2951.0,2885.0,63.99539702434197,192.30584566585958,191.62765777230263,3082.231301494945,2372.968698505055,2727.6,2317.78,0.02772963604852685,0
2012-11-19,2830.0,2870.0,2785.0,2795.0,77634693019,27777373,2259,2931.0,2785.0,57.86534829149358,174.82383033901397,188.2668922856449,3057.0881974950357,2442.611802504964,2749.85,2338.06,0.05924596050269293,1
2012-11-20,2742.0,2840.0,2659.0,2738.0,39095135408,14278204,1463,2795.0,2770.0,56.983607222213884,157.93821912465864,182.20115765344764,3041.4567744319475,2489.7432255680524,2765.6,2358.28,0.05776173285198549,1
2012-11-21,2790.0,2840.0,2786.0,2815.0,34144753074,12131325,1184,2738.0,2829.0,59.59178731315148,147.6154386105668,175.28401384487148,3015.036178489789,2556.1638215102107,2785.6,2378.4,0.03570166136443964,0
2012-11-26,2886.0,2955.0,2886.0,2932.0,47714034214,16275501,1286,2815.0,2955.0,64.53697302481223,147.89684489028923,169.80658005395506,3022.6943225436617,2587.205677456338,2804.95,2401.28,-0.021996615905245376,0
2012-11-27,3000.0,3069.0,2941.0,3001.0,69603943598,23196358,2393,2932.0,2965.0,64.90407255288493,147.22960656368605,165.2911853559013,3037.1118010640484,2604.0881989359514,2820.6,2422.98,-0.02664418212478925,0
2012-11-28,2999.0,3048.0,2900.0,2990.0,73755459539,24664591,1934,3001.0,2950.0,63.83660725961481,143.83243002217478,160.999434289156,3047.509371865431,2620.6906281345687,2834.1,2444.98,-0.0027118644067796183,0
2012-12-01,2959.0,3010.0,2900.0,2961.0,50517727560,17062565,1493,2990.0,2930.0,62.3638268714751,137.93626686261814,156.38680080384844,3055.7385393871746,2632.5614606128256,2844.15,2466.38,-0.009556313993174026,0
2012-12-02,2989.0,3048.0,2890.0,2959.0,61543002879,20798245,1747,2961.0,2930.0,62.3638268714751,131.74484254259414,151.45840915159758,3062.0867932810297,2646.2132067189705,2854.15,2488.38,-0.018430034129692796,0
2012-12-03,2930.0,2950.0,2877.0,2909.0,47646636922,16378297,1295,2959.0,2890.0,59.196010520832516,122.20176260476819,145.6070798422317,3064.495308996792,2656.804691003208,2860.65,2508.78,-0.03148788927335644,0
2012-12-04,2924.0,2961.0,2885.0,2910.0,26215356494,9009147,962,2909.0,2886.0,58.87395176566982,113.0132895753627,139.0883217888579,3061.4837317421693,2677.316268257831,2869.4,2527.12,-0.043659043659043606,0
2012-12-05,2881.0,2970.0,2855.0,2931.0,46646665122,15912235,1721,2910.0,2942.0,61.9916521888196,108.9936792010376,133.06939327129385,3049.7419681311812,2718.2580318688188,2884.0,2546.42,-0.061862678450034014,0
2012-12-08,3011.0,3077.0,2901.0,3019.0,148720305998,49261954,3358,2931.0,2902.0,58.57585047573561,101.41143541259498,126.73780169955407,3042.587199453811,2742.6128005461887,2892.6,2562.72,-0.046175051688490676,0
2012-12-09,2900.0,2948.0,2869.0,2880.0,99559689075,34570072,2203,3019.0,2876.0,56.400445993537915,92.24117107221855,119.83847557408697,3042.825081863948,2745.0749181360516,2893.95,2577.32,-0.012517385257301838,0
2012-12-10,2860.0,2950.0,2766.0,2831.0,28936346205,10221550,1184,2880.0,2799.0,50.427471388277695,77.86285945429108,111.4433523501278,3044.124204411851,2741.675795588149,2892.9,2588.36,0.06645230439442651,1
2012-12-11,2790.0,2869.0,2752.0,2786.0,18488816211,6637061,951,2831.0,2760.0,47.67359406734287,62.59936334959866,101.67455455002198,3046.327847229693,2737.4721527703073,2891.9,2596.4,0.05797101449275366,1
2012-12-12,2774.0,2780.0,2700.0,2738.0,25893951469,9458834,927,2786.0,2760.0,47.67359406734287,49.927400722280254,91.32512378447363,3050.749845296948,2727.550154703052,2889.15,2604.0,0.03985507246376807,0
2012-12-15,2798.0,2840.0,2750.0,2782.0,17634209857,6338385,568,2738.0,2768.0,48.34469382904628,40.06842828523804,81.07378468462652,3046.2060266096596,2713.0939733903406,2879.65,2613.54,0.06213872832369938,1
2012-12-16,2819.0,2890.0,2752.0,2843.0,33869773641,11914892,1150,2782.0,2840.0,54.05584481277434,37.631131609091426,72.3852540695195,3010.5568467455055,2725.7431532544947,2868.15,2624.94,0.0852112676056338,1
2012-12-17,2890.0,2985.0,2890.0,2959.0,74745736633,25257889,2081,2843.0,2985.0,62.94195006433248,46.859675448473354,67.28013834531028,3018.4368326354434,2722.2631673645565,2870.35,2641.56,0.08408710217755444,1
2012-12-18,3030.0,3030.0,2911.0,2961.0,62011314293,20942887,1800,2959.0,2920.0,57.56688245512092,48.37081748276478,63.49827417280118,3021.6578817715663,2722.5421182284335,2872.1,2657.22,0.09897260273972597,1
2012-12-19,2940.0,3010.0,2850.0,2919.0,58510311466,20047247,1778,2961.0,2870.0,53.76347870975509,45.01492229615269,59.801603797471486,3020.4989160555765,2732.2010839444233,2876.35,2672.54,0.18989547038327537,1
2012-12-22,2900.0,2974.0,2870.0,2936.0,35337052858,12034401,1059,2919.0,2940.0,57.95197416424238,47.4567147021271,57.33262597840261,3022.828657769952,2746.871342230048,2884.85,2688.24,0.07448979591836724,1
2012-12-23,3082.0,3082.0,3082.0,3082.0,62287115212,20209966,725,2936.0,3082.0,64.89857884787332,60.15661798655583,57.89742438003326,3057.336791759586,2737.663208240414,2897.5,2707.96,0.037637897469175785,0
2012-12-24,3236.0,3236.0,3236.0,3236.0,32935516128,10177848,260,3082.0,3236.0,70.57594120533537,81.70603944317054,62.65914739266072,3128.3757134197813,2694.724286580219,2911.55,2731.78,-0.026576019777503124,0
2012-12-25,3339.0,3349.0,3080.0,3253.0,223181230100,68613268,4114,3236.0,3209.0,68.48451743170514,95.50452019187787,69.22822195250416,3175.8252863729344,2671.6747136270656,2923.75,2757.54,0.008725459644749245,0
2012-12-26,3189.0,3415.0,3160.0,3383.0,231106886094,68309330,3922,3253.0,3415.0,74.65553324741151,121.65997353981811,79.71457226996695,3277.9187211385847,2616.0812788614153,2947.0,2785.26,-0.040409956076134734,0
2013-01-20,2987.0,3188.0,2904.0,3101.0,90893768405,29309695,2585,3383.0,3159.0,59.15401167474534,120.34404697720902,87.84046721141536,3301.83577431221,2615.0642256877895,2958.45,2807.02,0.005064893953782734,0
2013-01-21,3160.0,3256.0,3152.0,3229.0,80151786137,24820668,2044,3101.0,3198.0,60.49963276559576,121.05271936288955,94.4829176417102,3330.33362584642,2613.3663741535797,2971.85,2830.68,-0.0031269543464665928,0
2013-01-22,3180.0,3220.0,3068.0,3083.0,57828591118,18755213,1366,3229.0,3150.0,57.968433952439305,116.39936901705005,98.86620791677818,3349.3251157486557,2620.374884251344,2984.85,2849.64,-0.020952380952380945,0
2013-01-23,3220.0,3237.0,3185.0,3234.0,49466967400,15294357,854,3083.0,3237.0,61.14179139859322,118.36726411342079,102.7664191561067,3379.7218255017797,2625.0781744982205,3002.4,2869.8,-0.05159097930182266,0
2013-01-26,3369.0,3390.0,3270.0,3342.0,51968833773,15550401,1483,3234.0,3277.0,62.54206429899835,121.75103076597952,106.56334147808127,3413.612811935416,2624.687188064584,3019.15,2888.54,-0.031126029905401253,0
2013-01-27,3255.0,3267.0,3175.0,3186.0,58922232625,18493492,1292,3342.0,3175.0,56.910286111573875,114.87790172435507,108.22625352733604,3428.992680396793,2636.6073196032075,3032.8,2902.94,-0.04566929133858266,0
2013-01-28,3047.0,3210.0,3047.0,3143.0,38466868039,12237691,1258,3186.0,3188.0,57.43635187398624,109.22085872337448,108.42517456654373,3443.2358646323746,2653.5641353676256,3048.4,2918.12,-0.04328732747804265,0
2013-01-30,3186.0,3186.0,3055.0,3094.0,20795469621,6720661,878,3143.0,3084.0,51.970042931213435,95.24772407903492,105.78968446904197,3440.6665472568557,2684.6334527431445,3062.65,2928.44,0.0298313878080414,0
2013-02-02,3103.0,3220.0,3060.0,3104.0,40588787875,13076670,1882,3094.0,3070.0,51.26276720763021,82.09785820009029,101.05131921525165,3429.7561859524008,2726.5438140475994,3078.15,2936.8,0.013029315960912058,0
2013-02-03,3119.0,3199.0,3053.0,3121.0,48713773860,15607001,1270,3104.0,3175.0,56.089467439434216,79.23573697641496,96.68820276748431,3420.6712852322185,2777.1287147677817,3098.9,2946.7,0.023307086614173134,0
2013-02-04,3083.0,3139.0,3013.0,3054.0,48403088653,15846789,1661,3121.0,3030.0,48.88895216761236,64.52341137978738,90.25524448994494,3398.1831581347747,2825.8168418652253,3112.0,2952.72,0.03300330033003296,0
2013-02-05,3017.0,3140.0,3010.0,3064.0,22196416415,7244134,864,3054.0,3050.0,49.84535336484177,53.85679262026679,82.9755541160093,3382.176337004343,2862.823662995657,3122.5,2959.12,0.016393442622950838,0
2013-02-06,3073.0,3216.0,3073.0,3166.0,214783584535,67838913,1442,3064.0,3176.0,55.495439583931706,54.937284559443015,77.36790020469604,3384.751780761421,2879.3482192385795,3132.05,2967.44,0.004408060453400475,0
2013-02-09,3181.0,3200.0,3082.0,3119.0,22174080702,7108714,900,3166.0,3110.0,52.17953389871118,49.892800642165184,71.87288029218988,3375.2194032174366,2907.8805967825638,3141.55,2975.42,0.07395498392282951,1
2013-02-11,3130.0,3273.0,3090.0,3200.0,68811951674,21506959,1828,3119.0,3249.0,57.886690548020525,56.46030981646709,68.79036619704532,3362.30733386077,2958.69266613923,3160.5,2987.4,0.07633117882425355,1
2013-02-12,3280.0,3300.0,3120.0,3195.0,24819561271,7768579,958,3200.0,3130.0,52.14862274196144,51.469494385319194,65.3261918347001,3345.5767638384764,2994.4232361615236,3170.0,2995.4,0.15303514376996796,1
2013-02-13,3132.0,3148.0,3089.0,3111.0,19666388780,6320902,864,3195.0,3100.0,50.781978276665306,44.57960201749347,61.17687387125878,3344.8401046337276,2996.9598953662726,3170.9,3000.42,0.12677419354838704,1
2013-02-16,3160.0,3209.0,3125.0,3181.0,23570390139,7409507,805,3111.0,3190.0,54.623877946679464,45.85299572341364,58.11209824168975,3340.2372919851396,2996.9627080148603,3168.6,3007.82,0.07648902821316605,1
2013-02-17,3280.0,3340.0,3221.0,3331.0,265841715475,79807636,5254,3181.0,3340.0,60.20006868966329,58.293939558839156,58.148466505119636,3361.79648402794,2988.50351597206,3175.15,3019.02,-0.008982035928143728,0
2013-02-18,3491.0,3497.0,3452.0,3496.0,155151010687,44385314,1889,3331.0,3497.0,65.0423062670682,79.90101590216273,62.498976384528255,3388.967786560873,2969.532213439127,3179.25,3032.66,-0.05976551329711177,0
2013-02-27,3780.0,3784.0,3600.0,3676.0,285843426326,77752961,5616,3496.0,3609.0,68.03046173085936,104.85355701556864,70.96989251073633,3482.4839487842382,2921.0160512157618,3201.75,3045.68,-0.07786090329731232,0
2013-03-02,3545.0,3639.0,3493.0,3500.0,152517685972,43581784,2161,3676.0,3493.0,62.10886711280934,113.95479512988231,79.56687303456553,3524.564603614227,2908.435396385773,3216.5,3054.14,-0.07643859146865162,0
2013-03-03,3400.0,3499.0,3325.0,3366.0,129176682589,38376342,3049,3500.0,3434.0,59.28242608401735,115.0802119416112,86.66954081597467,3551.127901406838,2910.2720985931614,3230.7,3064.0,-0.008444962143273171,0
2013-03-04,3430.0,3480.0,3282.0,3356.0,47947564669,14286701,1597,3366.0,3310.0,53.74649325977996,104.75875546143743,90.28738374506722,3556.63948167756,2912.0605183224397,3234.35,3072.5,0.023262839879154118,0
2013-03-05,3250.0,3310.0,3206.0,3238.0,52758418152,16292438,1630,3356.0,3288.0,52.80434301425058,93.72332653296598,90.97457230264698,3557.5161186301616,2912.2838813698386,3234.9,3082.56,0.05504866180048662,1
2013-03-06,3251.0,3370.0,3251.0,3323.0,293650020256,88363266,2758,3238.0,3328.0,54.37050852065081,87.20014630088144,90.21968710229388,3566.3755548902686,2918.7244451097317,3242.55,3093.72,0.013221153846153744,0
2013-03-09,3276.0,3320.0,3222.0,3257.0,26578267428,8160587,756,3323.0,3226.0,49.82955083565767,72.9589065600644,86.76753099384798,3567.41778477116,2921.48221522884,3244.45,3101.66,0.017048977061376425,0
2013-03-10,3263.0,3419.0,3263.0,3400.0,127163550637,37402185,1894,3257.0,3405.0,56.6689889631982,75.24900184506487,84.46382516409136,3581.8785929398373,2939.1214070601627,3260.5,3110.66,-0.053157121879588876,0
2013-03-11,3400.0,3450.0,3351.0,3399.0,19164727851,5638001,713,3400.0,3387.0,55.844552093989776,74.74980012425249,82.52102015612358,3589.753430102463,2962.946569897537,3276.35,3119.1,-0.010333628579864196,0
2013-03-12,3379.0,3479.0,3313.0,3407.0,35271166940,10352372,1075,3399.0,3469.0,58.78613640791276,80.04814863217143,82.02644585133315,3611.558642629164,2970.5413573708365,3291.05,3129.48,-0.014125108100317085,0
2013-03-13,3480.0,3570.0,3340.0,3453.0,132795668530,38459458,3072,3407.0,3372.0,54.18740617053668,75.54915502860786,80.7309876867881,3606.8761454911314,3009.4238545088688,3308.15,3138.32,0.02016607354685651,0
2013-03-16,3321.0,3345.0,3281.0,3288.0,21673494441,6590958,720,3453.0,3281.0,50.218413082205856,63.904084199278714,77.36560698928622,3594.5141917732562,3044.8858082267434,3319.7,3145.34,0.023773239865894524,0
2013-03-17,3131.0,3270.0,3130.0,3193.0,42866640967,13424020,1114,3288.0,3224.0,47.85402584525595,49.505192988843646,71.79352418919771,3592.6578681169485,3051.5421318830513,3322.1,3152.02,0.014267990074441794,0
2013-03-18,3210.0,3352.0,3191.0,3258.0,29258356966,8980090,1091,3193.0,3352.0,53.184491659258654,47.87067488392904,67.00895432814399,3586.7815511869144,3081.6184488130853,3334.2,3161.34,-0.03341288782816232,0
2013-03-25,3420.0,3420.0,3420.0,3420.0,5731837920,1675976,97,3258.0,3420.0,55.77111951651718,51.46903619906516,63.90097070232822,3594.792754309636,3090.707245690364,3342.75,3170.9,-0.05555555555555558,0
2013-03-26,3585.0,3591.0,3400.0,3507.0,45499046644,12973163,1794,3420.0,3440.0,56.53183332044347,55.2971650220461,62.180209566271806,3593.6295870503372,3122.8704129496628,3358.25,3181.66,-0.07877906976744187,0
2013-03-27,3450.0,3451.0,3350.0,3379.0,19380818974,5734894,1082,3507.0,3359.0,52.58695948601015,51.20470566658014,59.98510878633348,3574.6557445735725,3167.744255426427,3371.2,3191.32,-0.06638880619231913,0
2013-03-30,3300.0,3329.0,3222.0,3263.0,21429189532,6567639,1153,3379.0,3270.0,48.575972751132895,40.31511835769243,56.05111070060527,3567.064118583926,3183.335881416074,3375.2,3200.74,-0.01834862385321101,0
2013-03-31,3320.0,3350.0,3230.0,3274.0,25541725918,7800285,1675,3263.0,3240.0,47.26724478208432,28.930796467735945,50.6270478540314,3570.499375935091,3169.9006240649087,3370.2,3210.34,-0.021604938271604923,0
2013-04-03,3250.0,3255.0,3198.0,3216.0,30631335481,9524374,1129,3274.0,3230.0,46.81448116495902,18.884039471698998,44.27844617756492,3557.156040847467,3156.543959152533,3356.85,3219.74,-0.02569659442724459,0
2013-04-06,3268.0,3268.0,3169.0,3186.0,20301364401,6372853,1399,3216.0,3169.0,44.04305575520412,5.931349067718656,36.60902675559567,3515.2055100350076,3154.494489964992,3334.85,3227.76,-0.03502682234143262,0
2013-04-07,3162.0,3198.0,3093.0,3139.0,19968638260,6360893,1304,3186.0,3136.0,42.57466053552134,-6.916842548706427,27.903852894735255,3501.823158722029,3132.176841277971,3317.0,3233.68,-0.02264030612244894,0
2013-04-08,3150.0,3218.0,3140.0,3180.0,23711422576,7456795,1229,3139.0,3210.0,46.853651898074475,-11.001131221988999,20.122856071390405,3488.035671590357,3123.564328409643,3305.8,3238.18,-0.04953271028037387,0
2013-04-09,3200.0,3249.0,3156.0,3197.0,28598451677,8945590,1247,3180.0,3170.0,44.90581161260087,-17.266586664338774,12.64496752424457,3490.3688910026594,3107.231108997341,3298.8,3243.18,-0.0757097791798107,0
2013-04-10,3170.0,3197.0,3100.0,3158.0,44121089947,13969614,1187,3197.0,3147.0,43.77880534483405,-23.813406892226794,5.353292640950299,3494.444721194186,3089.055278805814,3291.75,3248.72,-0.09977756593581188,0
2013-04-13,3130.0,3130.0,3030.0,3061.0,27731314170,9058930,1296,3158.0,3058.0,39.63370275899482,-35.77101924293993,-2.871569735827747,3504.128617845933,3052.371382154067,3278.25,3251.08,-0.05657292347939835,0
2013-04-15,3050.0,3121.0,3035.0,3077.0,17196678830,5589352,1129,3061.0,3065.0,40.11397729865222,-44.17346744657107,-11.131949277976412,3513.7385801058826,3026.661419894117,3270.2,3250.74,-0.04078303425774876,0
2013-04-16,3077.0,3150.0,3045.0,3084.0,32738631024,10614576,1327,3077.0,3051.0,39.43816451913098,-51.369989914412145,-19.17955740526356,3505.5482167492783,2999.4517832507217,3252.5,3247.04,0.009505080301540403,0
2013-04-17,3101.0,3112.0,2930.0,2982.0,51382523987,17233273,2251,3084.0,2930.0,34.09218245219236,-66.07529965514914,-28.558705855240675,3510.947191596344,2948.352808403656,3229.65,3241.46,0.07679180887372006,1
2013-04-20,2933.0,2970.0,2833.0,2838.0,64579890014,22754360,2149,2982.0,2833.0,30.52049518047528,-84.58145059555363,-39.76325480330327,3506.2194375258205,2889.4805624741794,3197.85,3229.82,0.10024708789269332,1
2013-04-21,2830.0,2930.0,2717.0,2800.0,48043898704,17157669,2025,2838.0,2885.0,34.483164456937146,-93.96853237968253,-50.604310318579124,3499.4285197708105,2847.5714802291895,3173.5,3224.34,0.06793760831889073,1
2013-04-22,2920.0,2940.0,2900.0,2934.0,10688603172,3643051,272,2800.0,2940.0,38.479785609881965,-95.86475278172429,-59.65639881120816,3493.5846763535187,2819.315323646481,3156.45,3219.18,0.10884353741496589,1
2013-04-23,3080.0,3080.0,3080.0,3080.0,5969150880,1938036,93,2934.0,3080.0,47.29341835068176,-85.08982856358898,-64.74308476168433,3486.4572804670624,2812.0427195329376,3149.25,3217.78,0.016233766233766156,0
2013-04-24,3234.0,3234.0,3141.0,3203.0,79721453660,24888312,2673,3080.0,3155.0,51.31716716985741,-69.6953457309919,-65.73353695554584,3463.600185070879,2815.199814929121,3139.4,3216.14,0.0015847860538826808,0
2013-04-27,3179.0,3231.0,3090.0,3159.0,36321464898,11498710,1653,3203.0,3117.0,49.26500553445583,-59.871231309658015,-64.56107582636828,3421.8079775438605,2826.6920224561395,3124.25,3212.94,0.06897658004491491,1
2013-04-28,3149.0,3198.0,3030.0,3105.0,31529408202,10155293,1385,3159.0,3081.0,47.33381985977047,-54.363777203944665,-62.521616101883566,3366.466177663418,2846.1338223365824,3106.3,3211.06,0.09704641350210963,1
2013-04-29,3103.0,3260.0,3081.0,3209.0,58252943011,18151195,2476,3105.0,3260.0,56.47077762951381,-35.15008777976527,-57.04731043745991,3345.3617005391197,2857.33829946088,3101.35,3212.5,0.006134969325153339,0
2013-04-30,3250.0,3257.0,3122.0,3177.0,38598379709,12147998,1722,3209.0,3130.0,49.72380214996716,-30.066426974157366,-51.65113374479941,3326.344202513755,2862.3557974862447,3094.35,3213.42,0.028434504792332227,0
2013-05-01,3134.0,3253.0,3130.0,3174.0,44376176773,13980451,1584,3177.0,3160.0,51.173584447011834,-23.347702103960728,-45.990447416631675,3314.797120721103,2865.9028792788968,3090.35,3215.22,-0.0031645569620253333,0
2013-05-04,3330.0,3332.0,3310.0,3331.0,20912994882,6278007,473,3174.0,3332.0,58.55304868272263,-4.096875472280317,-37.6117330277614,3336.3877305446226,2854.512269455377,3095.45,3218.36,-0.018607442977190858,0
2013-05-05,3497.0,3497.0,3290.0,3434.0,131558294783,38307852,3148,3331.0,3380.0,60.353860642612055,14.861428874161447,-27.117100647376834,3375.662010672607,2836.337989327393,3106.0,3225.36,-0.05295857988165675,0
2013-05-06,3380.0,3420.0,3270.0,3322.0,37843631791,11393304,1589,3434.0,3280.0,54.99308867701018,21.568232235343658,-17.38003407083274,3393.173998792732,2833.2260012072675,3113.2,3229.96,-0.03780487804878052,0
2013-05-07,3300.0,3319.0,3171.0,3202.0,24560990898,7669669,982,3322.0,3219.0,51.96118207459169,21.710961566921014,-9.561834943281989,3394.2730746036273,2833.026925396373,3113.65,3230.82,-0.04473438956197573,0
2013-05-08,3171.0,3239.0,3102.0,3137.0,17279595553,5508634,895,3202.0,3150.0,48.69108180728152,16.071094672095114,-4.435249020206569,3392.6044784424657,2832.6955215575344,3112.65,3231.62,-0.049206349206349254,0
2013-05-11,3151.0,3285.0,3151.0,3230.0,22522401791,6972564,920,3137.0,3270.0,54.101127161297946,21.041898732592472,0.66018053035324,3406.791388760138,2830.8086112398623,3118.8,3232.04,-0.11284403669724774,0
2013-05-12,3390.0,3390.0,3200.0,3318.0,67553099480,20358306,1520,3230.0,3201.0,50.785251883381775,19.19233611637128,4.366611647556848,3414.6480949019106,2837.251905098089,3125.95,3233.46,-0.0627928772258669,0
2013-05-13,3230.0,3288.0,3153.0,3178.0,17989949339,5661495,875,3318.0,3156.0,48.68933607957435,13.93478892569783,6.2802471031850455,3418.078511019152,2842.921488980848,3130.5,3234.58,-0.03675538656527255,0
2013-05-14,3100.0,3120.0,3031.0,3063.0,18147601430,5925334,955,3178.0,3075.0,45.082692270819024,3.1952885463874736,5.6632553918255315,3418.1395922354177,2845.260407764582,3131.7,3232.28,-0.06113821138211384,0
2013-05-15,3120.0,3180.0,2950.0,3053.0,22509152833,7373832,1183,3063.0,2995.0,41.79013859277921,-11.637029853885451,2.2031983426833346,3413.5288757246185,2856.371124275381,3134.95,3225.38,-0.04173622704507518,0
2013-05-18,2951.0,2961.0,2901.0,2906.0,8757455689,3013217,426,3053.0,2901.0,38.254796333995415,-30.623751907046426,-4.3621917072626175,3403.4381174251166,2873.261882574883,3138.35,3213.46,0.021027231988969275,0
2013-05-19,2860.0,3051.0,2812.0,2943.0,18881792910,6415123,1004,2906.0,3000.0,43.660618473334615,-37.25296432012692,-10.940346229835479,3391.3455459659326,2896.854454034067,3144.1,3201.28,0.03166666666666673,0
2013-05-20,2999.0,3070.0,2900.0,3009.0,9785692195,3252070,680,2943.0,3040.0,45.728106390304,-38.8313733124819,-16.518551646364763,3383.3356932664024,2914.8643067335975,3149.1,3192.22,0.06151315789473677,1
2013-06-23,2890.0,2920.0,2767.0,2852.0,101551060514,35610538,2865,3009.0,2887.0,39.723380007470524,-51.83062396674859,-23.58096611044153,3398.8303963293915,2880.069603670608,3139.45,3181.28,0.08105299618981632,1
2013-06-25,2895.0,2918.0,2790.0,2845.0,16099142839,5658818,1117,2852.0,2870.0,39.108872107751516,-62.780685032436395,-31.420909894840506,3409.696467464875,2840.703532535125,3125.2,3172.48,0.06724738675958197,1
2013-06-26,2900.0,2987.0,2860.0,2948.0,18813807011,6381171,955,2845.0,2962.0,44.14468271044954,-63.305311963873464,-37.7977903086471,3410.726985118152,2824.173014881848,3117.45,3165.96,0.029709655638082477,0
2013-06-29,3030.0,3095.0,2950.0,3074.0,32573274236,10597412,957,2948.0,3095.0,50.51599260667146,-52.3852297937583,-40.71527820566934,3411.14233778376,2825.15766221624,3118.15,3161.3,0.017770597738287597,0
2013-06-30,3150.0,3227.0,3103.0,3204.0,43463546388,13566788,1457,3074.0,3227.0,55.89342009635543,-32.702712654280276,-39.11276509539153,3406.6361749247976,2826.3638250752024,3116.5,3161.32,-0.05918810040285094,0
2013-07-01,3280.0,3280.0,3111.0,3191.0,36344451052,11390534,1779,3204.0,3121.0,51.09190384162234,-25.365097087404138,-36.36323149379405,3406.1289375325155,2825.971062467485,3116.05,3155.64,-0.029157321371355294,0
2013-07-02,3100.0,3100.0,3040.0,3066.0,23446232586,7647885,1110,3191.0,3063.0,48.63022814833513,-23.953972673613862,-33.88137972975802,3401.4210192249916,2820.978980775008,3111.2,3149.16,-0.043421482206986606,0
2013-07-03,3090.0,3179.0,3020.0,3074.0,34666470880,11277203,1847,3066.0,3050.0,48.0711617235028,-23.612448159406085,-31.82759341568763,3369.92148009274,2824.27851990726,3097.1,3140.78,-0.03934426229508192,0
2013-07-06,3109.0,3220.0,3070.0,3163.0,40904035476,12932596,1798,3074.0,3150.0,52.58659643644196,-15.09857626754092,-28.481789986058292,3327.3762602076417,2843.823739792358,3085.6,3136.34,-0.0901587301587301,0
2013-07-07,3205.0,3260.0,3010.0,3093.0,74097048979,23957185,2265,3163.0,3036.0,47.51429784898364,-17.350117363457684,-26.255455461538173,3298.77559761428,2848.0244023857204,3073.4,3131.44,-0.03820816864295129,0
2013-07-08,3030.0,3057.0,3000.0,3022.0,25515999652,8442685,970,3093.0,3030.0,47.25594261697197,-19.39505563104558,-24.883375495439658,3279.759615170394,2848.1403848296054,3063.95,3127.56,0.04290429042904287,0
2013-07-09,3018.0,3037.0,2921.0,2974.0,25558785878,8595293,1524,3022.0,2930.0,43.054090199592444,-28.75339694461354,-25.657379785274436,3272.4890398083994,2833.4109601916,3052.95,3119.12,0.09385665529010234,1
2013-07-10,3000.0,3079.0,2921.0,2998.0,19125994019,6378788,1061,2974.0,2930.0,43.054090199592444,-35.75775669804034,-27.67745516782762,3237.550074404734,2834.3499255952656,3035.95,3109.32,0.15017064846416384,1
2013-07-13,2930.0,2990.0,2861.0,2882.0,17446395624,6054589,927,2998.0,2866.0,40.388511251462354,-45.94342024618891,-31.33064818349988,3218.821241354708,2819.5787586452916,3019.2,3097.84,0.22923935799023032,1
2013-07-17,2821.0,2930.0,2781.0,2849.0,28194096075,9897304,1181,2882.0,2920.0,43.56345490493231,-49.09237692640636,-34.88299393208118,3201.0929528919287,2813.7070471080715,3007.4,3089.06,0.2530821917808219,1
2013-07-27,2951.0,3239.0,2951.0,3164.0,69548000406,21978740,1926,2849.0,3160.0,55.02786525478156,-31.854751796360688,-34.27734550493708,3214.598540275595,2808.701459724405,3011.65,3086.86,0.15822784810126578,1
2013-07-28,3104.0,3270.0,3098.0,3210.0,45192177728,14077819,1575,3164.0,3205.0,56.79985993366588,-14.396729238104399,-30.301222251570547,3241.6232557738977,2802.6767442261025,3022.15,3086.16,0.15475819032761318,1
2013-07-29,3259.0,3370.0,3255.0,3356.0,46806929089,13947447,1109,3210.0,3370.0,62.61630057323515,12.607667116519224,-21.71944437795259,3304.893964449607,2786.3060355503926,3045.6,3088.96,0.14688427299703255,1
2013-07-31,3523.0,3523.0,3523.0,3523.0,46538678511,13209957,413,3356.0,3523.0,67.04688295488191,45.826408794739564,-8.21027374341416,3402.9060810252377,2740.5939189747623,3071.75,3096.04,0.13709906329832533,1
2013-08-03,3699.0,3699.0,3551.0,3690.0,348309065919,94389546,5035,3523.0,3659.0,70.40453625553677,82.17925302930325,9.867631611129323,3520.5560039056436,2684.843996094356,3102.7,3106.5,0.12872369499863345,1
2013-08-04,3680.0,3800.0,3606.0,3724.0,107957945253,28993559,2227,3690.0,3660.0,70.4283956826136,109.80408252328562,29.85492179356058,3611.9238093009344,2670.7761906990654,3141.35,3115.5,0.09289617486338808,1
2013-08-05,3700.0,3820.0,3611.0,3725.0,49591961127,13313812,1486,3724.0,3701.0,71.4448499605555,133.46679414935943,50.57729626472035,3695.1983115334187,2670.6016884665814,3182.9,3126.12,0.06295595784923003,1
2013-08-06,3743.0,3911.0,3702.0,3891.0,249286776496,64073713,3169,3725.0,3865.0,75.12762280008172,163.56758765526502,73.1753545428293,3809.073398840349,2647.0266011596514,3228.05,3140.48,0.045019404915912054,0
2013-08-07,3979.0,4085.0,3952.0,4033.0,210503662960,52191631,4760,3891.0,4006.0,77.78086873635812,196.53467558547254,97.84721875135796,3942.0233389102973,2605.1766610897025,3273.6,3159.44,0.0017473789316027055,0
2013-08-11,4150.0,4234.0,4121.0,4189.0,79928543246,19081563,1894,4033.0,4130.0,79.81967357287803,230.01561711956128,124.28089842499863,4083.528105073615,2553.971894926385,3318.75,3180.74,-0.054963680387409175,0
2013-08-12,4080.0,4150.0,3987.0,4043.0,100235701280,24793423,2472,4189.0,4000.0,72.32670968565246,243.25549305516233,148.0758173510314,4176.431184114255,2548.9688158857443,3362.7,3199.72,-0.015249999999999986,0
2013-08-13,4011.0,4036.0,3889.0,3935.0,63610249765,16165177,1782,4043.0,3934.0,68.79576694183439,245.59151559097427,167.57895699901997,4244.03562293703,2568.4643770629696,3406.25,3219.8,-0.015251652262328386,0
2013-08-14,3890.0,4130.0,3870.0,4064.0,72325072051,17796565,1771,3935.0,4039.0,71.20428486421369,252.999037343066,184.66297306782917,4319.8731539454275,2591.526846054572,3455.7,3243.92,-0.022035157217133006,0
2013-08-17,4180.0,4260.0,4001.0,4108.0,53840013266,13105539,1490,4064.0,4013.0,69.76825664978573,253.8453972645848,198.4994579071803,4383.594997160191,2614.1050028398085,3498.85,3266.48,0.008721654622476871,0
2013-08-18,4032.0,4032.0,3903.0,3922.0,45978963941,11723596,1522,4108.0,3903.0,63.89687287189712,242.84074595221819,207.3677155161879,4416.887509914247,2667.5124900857527,3542.2,3285.74,0.011273379451703924,0
2013-08-19,3932.0,4048.0,3880.0,3953.0,39280220235,9937091,1127,3922.0,3939.0,64.93685985618491,234.32324710689136,212.75882183432861,4445.458667477769,2729.841332522231,3587.65,3302.92,-0.01117034780401116,0
2013-08-20,3970.0,3970.0,3824.0,3865.0,16968520245,4390453,712,3953.0,3874.0,61.49255817747846,219.794457446229,214.1659489567087,4445.296117888157,2824.403882111843,3634.85,3317.3,-0.047754259163655166,0
2013-08-21,3885.0,4028.0,3851.0,3969.0,41287876310,10403039,1263,3865.0,3950.0,63.90336044600234,211.96940050472722,213.7266392663124,4438.790973782131,2932.909026217869,3685.85,3333.96,-0.0926582278481013,0
2013-08-24,4030.0,4120.0,4000.0,4037.0,40844450277,10117120,1176,3969.0,4048.0,66.79055290891102,211.24071600064826,213.22945461317957,4411.844736821324,3078.055263178676,3744.95,3353.3,-0.06842885375494068,0
2013-08-25,4060.0,4100.0,3936.0,4004.0,17711045808,4423134,910,4037.0,3947.0,61.34469903328303,200.205527674083,210.62466922536026,4349.705493286778,3242.894506713222,3796.3,3367.04,-0.002026855839878383,0
2013-08-26,3950.0,3980.0,3820.0,3883.0,34038125140,8766775,1057,4004.0,3895.0,58.69136569463914,185.13003223105807,205.52574182649985,4304.036401077548,3362.0635989224515,3833.05,3382.34,0.02670089858793334,0
2013-08-27,3860.0,3939.0,3689.0,3772.0,39432053037,10455124,1231,3883.0,3689.0,49.5482955195311,154.77595423745106,195.37578430869013,4237.705450742897,3476.794549257103,3857.25,3392.92,0.04174573055028463,0
2013-08-28,3584.0,3637.0,3584.0,3592.0,103003436376,28676781,2167,3772.0,3584.0,45.645112781902085,120.85437228533829,180.4715019040198,4202.223824880113,3533.6761751198865,3867.95,3397.96,0.0558035714285714,1
2013-08-31,3700.0,3771.0,3650.0,3752.0,48113589987,12823461,1432,3592.0,3771.0,52.77951513413377,107.81775540222543,165.9407526036609,4179.023249555397,3581.676750444603,3880.35,3405.78,0.03208697958101303,0
2013-09-01,3860.0,3939.0,3830.0,3935.0,75071948411,19079693,1123,3752.0,3939.0,58.100371441782926,109.77689880830849,154.70798184459045,4175.971217240428,3612.7287827595724,3894.35,3418.96,-0.03503427265803505,0
2013-09-03,4040.0,4131.0,3960.0,4045.0,100693872275,24894777,2467,3935.0,3999.0,59.840825322062805,114.84714621981766,146.7358147196359,4174.677371845001,3647.9226281549995,3911.3,3434.56,0.022255563890972718,0
2013-09-04,3843.0,3843.0,3843.0,3843.0,14838649245,3861215,260,4045.0,3843.0,53.60600656667017,105.066318451401,138.40191546598894,4165.8949696458085,3670.9050303541917,3918.4,3448.42,0.09211553473848566,1
2013-09-07,3690.0,3790.0,3671.0,3707.0,33963344394,9162236,1114,3843.0,3784.0,51.423767883708564,91.49938708353739,129.02140978949865,4167.787388717568,3660.912611282432,3914.35,3458.7,0.09196617336152224,1
2013-09-08,3800.0,3892.0,3800.0,3876.0,28349821305,7314689,914,3707.0,3892.0,55.032417853616714,88.44268145819024,120.90566412323697,4158.691016635231,3658.6089833647693,3908.65,3472.52,0.03802672147995878,0
2013-09-09,4019.0,4029.0,3772.0,3894.0,29480359512,7570988,1017,3876.0,3801.0,51.556971026855905,77.78067355846588,112.28066601028276,4124.485686171103,3659.914313828897,3892.2,3485.42,0.08918705603788468,1
2013-09-10,3998.0,4088.0,3998.0,4066.0,36275794266,8922187,641,3894.0,4088.0,60.11261667503969,91.43544601812937,108.11162201185209,4139.956857310371,3653.243142689629,3896.6,3505.68,0.0004892367906066397,0
2013-09-11,4269.0,4269.0,4140.0,4230.0,123437992174,29180365,2678,4066.0,4197.0,62.79979285728507,109.78678687948286,108.44665498537826,4185.973007731036,3633.526992268964,3909.75,3529.72,-0.004765308553728809,0
2013-09-14,4200.0,4210.0,4031.0,4101.0,35734823496,8714444,1255,4230.0,4132.0,60.195463540236226,117.72830137906749,110.30298426411612,4202.063970632368,3626.7360293676325,3914.4,3554.34,-0.01694094869312679,0
2013-09-15,4111.0,4180.0,4010.0,4079.0,34985734308,8576641,1018,4101.0,4040.0,56.61663496756575,115.26962127043362,111.29631166537962,4205.498080235193,3626.001919764807,3915.75,3575.14,-0.014851485148514865,0
2013-09-16,4002.0,4160.0,4002.0,4109.0,35649905893,8676463,868,4079.0,4140.0,59.43942206341056,120.00689900560201,113.0384291334241,4233.242536306679,3621.957463693321,3927.6,3597.14,-0.01545893719806768,0
2013-09-17,4155.0,4222.0,4070.0,4121.0,43133021262,10466342,1307,4109.0,4090.0,57.427417941993774,118.36223741343338,114.10319078942597,4248.898482068009,3621.4015179319917,3935.15,3621.2,-0.0317848410757946,0
2013-09-18,4170.0,4220.0,4101.0,4164.0,32369741983,7773170,1031,4121.0,4177.0,59.96669266873549,122.66499841770656,115.8155523150821,4279.648508422278,3620.9514915777227,3950.3,3647.34,-0.04237491022264783,0
2013-09-21,4211.0,4230.0,4062.0,4100.0,188982373661,46087959,2270,4164.0,4062.0,55.27358414677854,115.46442657298985,115.74532716666366,4288.826958956434,3622.9730410435664,3955.9,3669.34,-0.030034465780403696,0
2013-09-22,4040.0,4040.0,3920.0,3981.0,28004349488,7033758,1143,4100.0,3980.0,52.140130264949065,101.9658084431062,112.98942342195218,4282.9751125273715,3622.024887472628,3952.5,3687.04,0.004773869346733628,0
2013-09-23,4029.0,4148.0,3994.0,4054.0,26519952601,6542002,1155,3981.0,4076.0,55.33267978537584,97.88608417105343,109.96875557177243,4293.751120069779,3624.14887993022,3958.95,3704.02,-0.005152109911678138,0
2013-09-24,3969.0,4050.0,3950.0,3980.0,21738651520,5462597,1058,4054.0,3960.0,50.913229848715076,84.3206468163562,104.8391338206892,4295.714377501149,3628.685622498851,3962.2,3720.8,0.04040404040404044,0
2013-09-25,4000.0,4020.0,3950.0,3978.0,37528052432,9434099,923,3980.0,4000.0,52.32721144336957,75.92241929553802,99.05579091565896,4286.979283865514,3668.520716134486,3977.75,3739.54,0.012250000000000094,0
2013-09-28,4089.0,4089.0,3930.0,3985.0,39334450662,9871349,1500,3978.0,3940.0,50.00056622514451,63.691073867027626,91.98284750593271,4247.80500986101,3743.29499013899,3995.55,3757.34,0.03147208121827405,0
2013-09-29,3949.0,4000.0,3900.0,3937.0,35482467723,9013650,1229,3985.0,3999.0,52.24895247522353,58.08883942740249,85.20404589022668,4237.233716315283,3776.6662836847163,4006.95,3774.32,0.005001250312578254,0
2013-09-30,3941.0,4100.0,3913.0,4024.0,51794610824,12871542,1611,3937.0,4055.0,54.34737198903595,57.504879801742845,79.66421267252991,4241.735479888962,3783.7645201110386,4012.75,3794.7,-0.020221948212083896,0
2013-10-01,4090.0,4180.0,3976.0,4103.0,58485965280,14255300,1608,4024.0,4120.0,56.72454644181769,61.57722049614904,76.04681423725374,4252.360784379523,3785.2392156204774,4018.8,3816.5,-0.03956310679611652,0
2013-10-02,4130.0,4159.0,4030.0,4082.0,31906644954,7816860,971,4103.0,4049.0,53.45055765652998,58.402248441952906,72.51790107819357,4248.479944388674,3809.7200556113257,4029.1,3838.88,-0.019017041244751787,0
2013-10-05,4005.0,4120.0,4005.0,4048.0,20330805530,5022256,614,4082.0,4064.0,54.05391178834785,56.44576323206229,69.30347350896731,4231.70636256494,3854.49363743506,4043.1,3861.56,0.011564960629921295,0
2013-10-06,4050.0,4060.0,3998.0,4025.0,33224753384,8254225,1023,4048.0,4019.0,51.881336180308914,50.67990429859128,65.57875966689211,4225.40735278748,3873.4926472125203,4049.45,3884.62,0.0201542672306545,0
2013-10-07,4000.0,4018.0,3940.0,3977.0,20615863223,5183173,777,4025.0,3973.0,49.6830413171338,41.91542901682806,60.8460935368793,4197.651540106037,3918.448459893963,4058.05,3905.68,0.01938082053863588,0
2013-10-08,3942.0,4028.0,3936.0,3961.0,16711953782,4219098,659,3977.0,3957.0,48.906810346941526,33.294652895596755,55.3358054086228,4197.032814169099,3905.9671858309007,4051.5,3921.62,0.046247156937073486,0
2013-10-09,3979.0,3997.0,3880.0,3916.0,78532773451,20056032,2497,3961.0,3972.0,49.70023323461359,27.357638522601974,49.74017203141864,4173.304688004511,3907.1953119954887,4040.25,3936.96,0.01787512588116824,0
2013-10-12,4001.0,4111.0,3902.0,4074.0,79493152686,19513646,1899,3916.0,4111.0,56.44931814590555,33.48268266316154,46.48867415776722,4169.647843983631,3908.7521560163686,4039.2,3951.78,-0.03940647044514711,0
2013-10-13,4178.0,4242.0,4070.0,4147.0,62555005058,15083461,1835,4074.0,4100.0,55.81111028177023,37.02244450931812,44.5954282280774,4175.315889359526,3909.084110640473,4042.2,3963.32,-0.039024390243902474,0
2013-10-14,4089.0,4130.0,4031.0,4068.0,44664937757,10979356,1086,4147.0,4050.0,52.88431505981228,35.38525000691334,42.75339258384459,4163.151345150133,3912.248654849867,4037.7,3971.14,-0.024691358024691357,0
2013-10-15,4033.0,4239.0,4033.0,4139.0,42342021464,10230475,1272,4068.0,4140.0,57.23190676745128,40.87878422859649,42.37847091279497,4171.57366554975,3908.826334450249,4040.2,3980.74,-0.024154589371980673,0
2013-10-19,4140.0,4241.0,4000.0,4115.0,54943466704,13352009,2026,4139.0,4043.0,51.695247816652966,36.979088428165596,41.2985944158691,4148.991125200068,3918.008874799931,4033.5,3987.58,-0.034875092752906234,0
2013-10-20,4032.0,4032.0,3926.0,3977.0,30950467918,7782459,1122,4115.0,3949.0,46.95469109220691,26.003781593888107,38.2396318514729,4148.16670706921,3907.53329293079,4027.85,3989.26,-0.02000506457330975,0
2013-10-21,3950.0,4010.0,3900.0,3946.0,33941921924,8601563,1112,3977.0,3940.0,46.51487619589424,16.390606363683673,33.869826753915056,4150.532436613896,3901.167563386104,4025.85,3987.94,-0.022842639593908642,0
2013-10-22,3935.0,3990.0,3861.0,3948.0,19828922170,5023080,642,3946.0,3950.0,47.10769991830247,9.469849629322198,28.989831328996488,4146.177761569011,3892.9222384309896,4019.55,3984.34,-0.03037974683544309,0
2013-10-23,3940.0,4040.0,3925.0,3994.0,25818522440,6464234,666,3948.0,4040.0,52.23863469939165,11.11917298981598,25.41569966116039,4147.424896568991,3899.6751034310096,4023.55,3985.14,-0.05940594059405946,0
2013-10-26,3980.0,4100.0,3902.0,3967.0,15763589039,3973187,807,3994.0,3902.0,45.02607541446421,1.2761166712302838,20.58778306317437,4153.159888112281,3884.1401118877193,4018.65,3984.5,-0.0330599692465402,0
2013-10-27,3931.0,3973.0,3861.0,3888.0,14279693381,3672484,699,3967.0,3870.0,43.52536941322329,-9.002928782604158,14.669640694018664,4160.841832303593,3869.4581676964067,4015.15,3981.12,-0.023255813953488413,0
2013-10-28,3890.0,3890.0,3750.0,3811.0,14336987881,3761975,705,3888.0,3850.0,42.57036882639827,-18.549156089367898,8.025881337341351,4170.201815374408,3845.198184625591,4007.7,3977.86,-0.012987012987012991,0
2013-10-29,3860.0,3920.0,3815.0,3872.0,9629700771,2487181,490,3811.0,3830.0,41.587692087656464,-27.412449209034094,0.9382152280662623,4174.68745397637,3818.2125460236293,3996.45,3976.4,-0.01305483028720622,0
2013-10-30,3890.0,3950.0,3750.0,3849.0,34868349081,9059464,1026,3872.0,3800.0,40.092681363995126,-36.437394539722845,-6.536906725491559,4168.62595489323,3792.2740451067693,3980.45,3973.62,0.0,0
2013-11-02,3862.0,3900.0,3757.0,3834.0,18727945098,4884514,662,3849.0,3773.0,38.74279374114587,-45.24682584394077,-14.278890549181403,4172.357826783474,3760.9421732165265,3966.65,3971.6,-0.014047177312483394,0
2013-11-03,3835.0,3835.0,3776.0,3793.0,17057696551,4497066,647,3834.0,3780.0,39.31327993397753,-51.07476403563396,-21.638065246471918,4168.27722256467,3736.622777435329,3952.45,3968.2,-0.005291005291005346,0
2013-11-04,3765.0,3839.0,3758.0,3796.0,13230072289,3484867,566,3793.0,3800.0,41.003831408131774,-53.46332228797837,-28.003116654773212,4164.802933254313,3718.197066745687,3941.5,3963.24,-0.026052631578947327,0
2013-11-05,3821.0,3870.0,3741.0,3803.0,23405943048,6154608,794,3796.0,3780.0,39.80954996469175,-56.32087280149108,-33.66666788411679,4165.323146207396,3698.3768537926035,3931.85,3959.9,0.002116402116402183,0
2013-11-06,3800.0,3802.0,3760.0,3787.0,22867095901,6038293,676,3803.0,3800.0,41.6400994418375,-56.32241952516597,-38.19781821232663,4164.028331661037,3683.971668338964,3924.0,3958.0,0.026578947368421035,0
2013-11-09,3840.0,3898.0,3696.0,3762.0,24134224946,6415663,959,3787.0,3720.0,36.81679637205837,-62.0635467927159,-42.97096392840449,4166.038881555784,3656.7611184442158,3911.4,3958.62,0.013440860215053752,0
2013-11-10,3721.0,3800.0,3720.0,3757.0,11922008002,3172952,513,3762.0,3760.0,40.52627297640614,-62.66342089928412,-46.90945532258041,4139.258455437014,3648.4415445629857,3893.85,3962.14,0.007712765957446743,0
2013-11-11,3730.0,3730.0,3600.0,3659.0,27614603919,7546089,1154,3757.0,3701.0,37.069255600530035,-67.1258473827861,-50.95273373462155,4113.841576222174,3633.958423777826,3873.9,3960.74,0.02134558227506078,0
2013-11-12,3675.0,3828.0,3675.0,3735.0,14477575532,3876369,757,3659.0,3788.0,44.57696000062853,-62.916912606238384,-53.345569508944926,4089.18353705988,3632.4164629401203,3860.8,3957.72,-0.0034318901795142853,0
2013-11-16,3811.0,3921.0,3730.0,3874.0,27065926716,6987230,1104,3735.0,3901.0,52.50297012750287,-49.88806726727671,-52.654069060611285,4039.429406022744,3658.270593977256,3848.85,3955.76,-0.0320430658805434,0
2013-11-17,3930.0,3930.0,3760.0,3809.0,14850508019,3898302,641,3874.0,3770.0,44.549064970984205,-49.56189992458803,-52.03563523340664,4006.313529564386,3664.0864704356136,3835.2,3954.3,0.010610079575596787,0
2013-11-18,3800.0,3800.0,3700.0,3719.0,27921453454,7507026,928,3809.0,3789.0,45.83085101026776,-47.22587821821298,-51.07368383036791,3991.0921596659896,3663.30784033401,3827.2,3954.4,-0.012404328318817659,0
2013-11-19,3788.0,3850.0,3740.0,3778.0,14977008538,3964348,584,3719.0,3780.0,45.29672095083078,-45.5754238531822,-49.97403183493078,3975.7421349029787,3662.657865097021,3819.2,3952.16,-0.022222222222222254,0
2013-11-20,3775.0,3815.0,3762.0,3784.0,15893984114,4200508,548,3778.0,3775.0,44.983067303489825,-44.16181517569976,-48.81158850308458,3955.942920789922,3664.9570792100776,3810.45,3951.64,-0.026490066225165587,0
2013-11-23,3800.0,3865.0,3763.0,3802.0,16352959855,4301627,562,3784.0,3776.0,45.06499814213231,-42.47124638079822,-47.54352007862731,3898.096169981725,3696.403830018275,3797.25,3945.4,-0.028072033898305038,0
2013-11-24,3840.0,3900.0,3760.0,3844.0,21912822714,5700102,1005,3802.0,3810.0,47.905570850835,-37.95047314968406,-45.62491069283866,3881.662976581974,3703.6370234180263,3792.65,3937.66,0.01522309711286085,0
2013-11-25,3888.0,3888.0,3680.0,3793.0,33464500333,8821585,1124,3844.0,3742.0,43.104938221404645,-39.40057420052426,-44.38004339437578,3870.368666180481,3702.131333819519,3786.25,3929.86,0.02512025654730099,0
2013-11-26,3751.0,3751.0,3685.0,3709.0,18977709085,5116493,746,3793.0,3696.0,40.17221024376562,-43.75719953436692,-44.25547462237402,3866.042799703652,3691.0572002963486,3778.55,3922.98,0.017316017316017396,0
2013-11-27,3721.0,3766.0,3675.0,3710.0,21520985562,5800892,1001,3709.0,3675.0,38.871958849865536,-48.347066111772165,-45.07379292025365,3865.8254702697313,3675.774529730269,3770.8,3913.68,0.006802721088435382,0
2013-11-30,3681.0,3711.0,3650.0,3684.0,16063678944,4360379,987,3710.0,3670.0,38.552007467078454,-51.79101210704084,-46.41723675761109,3867.8492153518496,3660.750784648151,3764.3,3905.28,0.005449591280654031,0
2013-12-01,3700.0,3868.0,3700.0,3863.0,107412686514,27806088,1257,3684.0,3868.0,54.51721270493698,-38.1041776348784,-44.754624933064555,3882.0446458907836,3656.0553541092168,3769.05,3899.1,-0.04214064115822125,0
2013-12-02,3868.0,3989.0,3800.0,3887.0,33227191684,8548281,1332,3863.0,3836.0,52.15857105679103,-29.499345183641253,-41.70356898317989,3888.5072329518553,3655.1927670481446,3771.85,3894.58,-0.003910323253388914,0
2013-12-03,3887.0,3898.0,3720.0,3801.0,13374505683,3519095,687,3887.0,3760.0,46.96193179609863,-28.484170526020534,-39.05968929174803,3885.8780569516853,3653.8219430483146,3769.85,3890.18,0.05505319148936172,1
2013-12-04,3720.0,3780.0,3681.0,3708.0,13186035671,3555738,725,3801.0,3700.0,43.29457855746527,-32.15052462018048,-37.67785635743452,3885.6569697471045,3646.0430302528953,3765.85,3882.66,0.12324324324324332,1
2013-12-07,3702.0,3750.0,3670.0,3696.0,21861341918,5914888,1008,3708.0,3690.0,42.69612740403007,-35.454357319364135,-37.23315654982045,3883.4357830944896,3637.2642169055102,3760.35,3877.26,0.18184281842818417,1
2013-12-08,3701.0,3770.0,3670.0,3716.0,39483558847,10626668,1036,3696.0,3705.0,43.94772403618031,-36.44221077519887,-37.074967394896134,3883.8375144631596,3635.3624855368403,3759.6,3871.36,0.22051282051282062,1
2013-12-09,3790.0,3849.0,3720.0,3779.0,25271414482,6686806,968,3716.0,3821.0,52.57441975644226,-27.547312932616933,-35.16943650244029,3889.7393779982567,3635.5606220017435,3762.65,3868.98,0.17822559539387606,1
2013-12-10,3890.0,3967.0,3851.0,3959.0,37477065669,9466381,708,3779.0,3967.0,60.76016073409993,-8.61772273762972,-29.859093749478177,3927.7254591493083,3624.1745408506913,3775.95,3868.34,0.10662969498361474,1
2013-12-11,4156.0,4156.0,4050.0,4154.0,233138497249,56122849,2532,3959.0,4156.0,68.3708854118792,21.388283514712384,-19.60961829664007,4019.16127640753,3569.53872359247,3794.35,3870.36,0.036092396535129856,0
2013-12-14,4154.0,4361.0,4152.0,4307.0,155588511222,36128613,3355,4154.0,4361.0,74.21306888698352,61.00679800284661,-3.4863350367427337,4149.566360223247,3485.1336397767527,3817.35,3875.18,0.01605136436597121,0
2013-12-15,4522.0,4522.0,4500.0,4522.0,140376810054,31043531,1340,4307.0,4522.0,77.69726769163779,104.19501535961444,18.049935042528702,4306.137976346868,3403.7620236531325,3854.95,3884.64,-0.025431225121627543,0
2013-12-16,4740.0,4748.0,4300.0,4599.0,239296686431,52027957,4421,4522.0,4502.0,76.31778009612965,135.24908861224367,41.4897657564717,4421.026017461418,3360.1739825385816,3890.6,3893.4,0.02754331408263,0
2013-12-17,4500.0,4540.0,4370.0,4409.0,96983873052,21994426,1999,4599.0,4390.0,68.93646457425295,149.10342989436276,63.012498584049915,4491.244157209368,3350.9558427906322,3921.1,3900.82,0.10387243735763096,1
2013-12-18,4350.0,4520.0,4293.0,4347.0,122051745165,28078149,2120,4409.0,4306.0,63.94145311102511,151.5579316977969,80.72158520679932,4537.230622137447,3358.0693778625528,3947.65,3907.48,0.10404087320018585,1
2013-12-21,4384.0,4499.0,4295.0,4412.0,65193432781,14776666,1490,4347.0,4431.0,67.69291599312373,161.72532847601133,96.92233386064173,4600.19654726368,3360.6034527363204,3980.4,3916.96,0.06070864364703232,1
2013-12-22,4500.0,4500.0,4350.0,4406.0,60512480759,13734179,1267,4412.0,4407.0,66.26738013587574,165.9336840318656,110.72460389488651,4651.478469424103,3369.0215305758966,4010.25,3925.66,0.04833219877467676,0
2013-12-24,4469.0,4626.0,4400.0,4616.0,181663689125,39354085,2185,4406.0,4626.0,72.0512097899296,184.80993201400906,125.54166951871103,4736.210507803127,3372.689492196873,4054.45,3935.96,-0.0099437959360138,0
2013-12-25,4820.0,4846.0,4725.0,4843.0,189511580179,39132021,3113,4616.0,4846.0,76.4243410335216,215.0427766494331,143.44189094485546,4854.368608333584,3369.5313916664154,4111.95,3950.88,-0.07139909203466777,0
2013-12-28,4900.0,4900.0,4700.0,4782.0,97593563680,20408168,2066,4843.0,4754.0,71.39352806793597,228.93981701451503,160.5414761587874,4929.970389427554,3401.829610572445,4165.9,3964.96,-0.053639040807740845,0
2013-12-29,4720.0,4731.0,4650.0,4693.0,72901843300,15534867,1378,4782.0,4700.0,68.54151958280929,232.91111853115126,175.01540463326018,4979.6753833097155,3455.124616690284,4217.4,3976.16,-0.009574468085106425,0
2013-12-30,4730.0,4780.0,4620.0,4702.0,52210998944,11104250,1065,4693.0,4620.0,64.43481497516123,226.986512955511,185.40962629771036,5018.812804291715,3491.187195708285,4255.0,3987.7,-0.01948051948051943,0
2014-01-01,4653.0,4690.0,4580.0,4646.0,42823573857,9217634,935,4702.0,4580.0,62.42097493226622,216.56710388108604,191.6411218143855,5043.124390334988,3541.275609665012,4292.2,4000.32,-0.038864628820960645,0
2014-01-04,4650.0,4650.0,4480.0,4546.0,100291848229,22060899,2064,4646.0,4500.0,58.484055341217676,199.55398162755046,193.2236937770185,5043.623011947384,3614.7769880526153,4329.2,4011.52,-0.02822222222222226,0
2014-01-05,4599.0,4599.0,4480.0,4513.0,42900274661,9505165,1369,4546.0,4499.0,58.43444301366164,183.87072081207225,191.35309918402925,5025.354320314924,3712.945679685075,4369.15,4022.5,-0.05756834852189374,0
2014-01-06,4569.0,4725.0,4569.0,4677.0,51201861238,10948666,1651,4513.0,4655.0,63.619254796257934,181.93231737188853,189.4689428216011,5005.094614574586,3829.705385425413,4417.4,4034.8,-0.049624060150375904,0
2014-01-07,4699.0,4699.0,4501.0,4554.0,33322483774,7317599,736,4677.0,4530.0,57.436815742142876,168.36881248431564,185.24891675414403,4948.15149131537,3969.1485086846296,4458.65,4047.36,-0.024061810154525354,0
2014-01-08,4598.0,4598.0,4350.0,4458.0,38886380818,8723241,1040,4554.0,4402.0,51.877342703669086,145.61257574921638,177.32164855315852,4882.108975557061,4093.291024442938,4487.7,4058.0,0.010904134484325256,0
2014-01-11,4460.0,4463.0,4356.0,4394.0,40325586380,9176967,902,4458.0,4373.0,50.680446693766775,123.81082245819289,166.6194833341654,4827.868097815288,4188.131902184712,4508.0,4068.46,0.028813171735650567,0
2014-01-12,4360.0,4449.0,4175.0,4214.0,41505151845,9848393,1020,4394.0,4240.0,45.496130469609874,94.70904056399195,152.23739478013073,4815.233067502493,4209.166932497506,4512.2,4076.66,0.04245283018867929,0
2014-01-13,4400.0,4424.0,4386.0,4423.0,14405733803,3256977,302,4214.0,4424.0,52.70427955801276,85.50725656638224,138.89136713738102,4813.297831003971,4217.40216899603,4515.35,4089.14,-0.012884267631103064,0
2014-01-14,4500.0,4590.0,4350.0,4433.0,33488971404,7554019,739,4423.0,4421.0,52.58217746567933,77.08412372989187,126.5299184558832,4811.036495956128,4209.563504043872,4510.3,4102.1,-0.01832164668627012,0
2014-01-15,4485.0,4485.0,4251.0,4371.0,8713694822,1993602,420,4433.0,4450.0,53.698861536696754,71.9197418924141,115.60788314318938,4809.5755372665535,4205.824462733446,4507.7,4115.5,-0.004494382022471877,0
2014-01-18,4589.0,4589.0,4430.0,4557.0,36858181041,8088737,854,4371.0,4499.0,55.60143070802045,70.9628074967568,106.67886801390287,4810.226606281899,4216.0733937181,4513.15,4129.48,-0.07068237386085796,0
2014-01-20,4520.0,4598.0,4331.0,4432.0,15470832443,3491076,603,4557.0,4420.0,51.89870929652839,63.102385306464384,97.96357147241518,4803.9424586866,4233.757541313401,4518.85,4142.28,-0.06561085972850678,0
2014-01-21,4547.0,4590.0,4326.0,4454.0,10970570863,2462888,435,4432.0,4367.0,49.51629820598941,51.996899142485745,88.7702370064293,4806.003078165137,4225.296921834863,4515.65,4153.62,-0.0380123654682849,0
2014-01-22,4374.0,4463.0,4251.0,4309.0,13028482778,3023315,395,4454.0,4340.0,48.29989130254484,40.54961626025215,79.12611285719387,4809.065294466807,4215.534705533193,4512.3,4166.02,0.014746543778801913,0
2014-01-25,4370.0,4449.0,4367.0,4401.0,2909762225,661133,137,4309.0,4430.0,52.4895910781057,38.2983306259066,70.96055641093642,4796.531630951452,4208.468369048548,4502.5,4179.42,0.03340857787810392,0
2014-01-26,4301.0,4399.0,4181.0,4198.0,10484717873,2497324,393,4401.0,4181.0,42.280765002804756,16.23480677420048,60.01540648358923,4750.508510982285,4187.991489017715,4469.25,4189.02,0.08347285338435784,1
2014-01-27,4033.0,4157.0,3989.0,4001.0,29529006280,7380521,633,4198.0,4130.0,40.54153001816189,-5.304817973137688,46.95136159224385,4724.431197008415,4151.668802991585,4438.05,4195.86,0.1004842615012107,1
2014-01-28,4120.0,4201.0,4120.0,4195.0,14593502738,3478532,408,4001.0,4201.0,43.99544492241171,-16.456320917939593,34.26982509020716,4690.659290963163,4135.540709036838,4413.1,4201.86,0.06641275886693654,1
2014-01-29,4330.0,4404.0,4291.0,4360.0,11621492844,2665589,477,4195.0,4404.0,52.492732692034096,-8.811984810101421,25.65346311014545,4663.12108810442,4141.4789118955805,4402.3,4214.54,-0.03247048138056308,0
2014-02-01,4499.0,4578.0,4478.0,4572.0,25468011631,5570254,510,4360.0,4578.0,58.32892475316558,11.157930770798885,22.75435664227614,4662.74988006133,4141.650119938669,4402.2,4230.32,-0.10659676714722588,0
2014-02-02,4585.0,4609.0,4400.0,4523.0,24467641787,5409629,749,4572.0,4530.0,56.2751041530613,22.84766029120965,22.773017372062842,4666.817540274254,4140.582459725746,4403.7,4245.32,-0.07284768211920534,0
2014-02-03,4490.0,4590.0,4363.0,4481.0,10106597178,2255450,394,4523.0,4545.0,56.7871701611256,32.94248928536399,24.806911754723075,4673.182334745345,4138.817665254655,4406.0,4260.72,-0.11991199119911988,0
2014-02-04,4549.0,4550.0,4440.0,4485.0,12158269668,2711029,334,4481.0,4480.0,53.844476179053835,35.29094517211888,26.903718438202237,4641.739570329643,4152.760429670357,4397.25,4274.8,-0.13861607142857146,0
2014-02-05,4330.0,4488.0,4261.0,4279.0,11161786343,2608448,385,4485.0,4261.0,45.32276662736038,19.258642004509966,25.374703151463784,4627.192358137995,4140.407641862005,4383.8,4283.82,-0.05655949307674257,0
2014-02-08,4143.0,4200.0,4066.0,4086.0,14834041576,3630474,522,4279.0,4090.0,39.99951521147333,-7.162776625434162,18.8672071960842,4642.906825543113,4093.4931744568867,4368.2,4290.78,0.02591687041564783,0
2014-02-09,4050.0,4243.0,4050.0,4191.0,5499387402,1312048,346,4086.0,4200.0,44.51416387703134,-19.00676242809277,11.292413271248805,4643.8354023687725,4075.264597631228,4359.55,4300.86,0.04166666666666674,0
2014-02-10,4240.0,4327.0,3993.0,4062.0,10451588063,2573186,394,4191.0,4000.0,38.798047483657754,-44.024053157490926,0.22911998550085855,4668.858247637647,4026.241752362354,4347.55,4307.36,0.07800000000000007,1
2014-02-12,3904.0,3999.0,3859.0,3863.0,7104553363,1838948,304,4062.0,3859.0,35.35149838481527,-74.37065924852959,-14.690835861305231,4702.202128487132,3936.3978715128687,4319.3,4311.14,0.1438196423944027,1
2014-02-15,3781.0,4056.0,3781.0,3997.0,7775827509,1945519,378,3863.0,4020.0,41.717995232297355,-84.4556565079065,-28.643799990625485,4700.315518338309,3898.1844816616913,4299.25,4314.18,0.11990049751243781,1
2014-02-16,4121.0,4196.0,4121.0,4178.0,3147038103,753329,112,3997.0,4196.0,47.77292666950086,-77.3546639731403,-38.38597278712845,4683.784678747937,3889.3153212520633,4286.55,4321.38,0.04242135367016209,0
2014-02-17,4386.0,4386.0,4100.0,4375.0,18956702508,4332519,474,4178.0,4375.0,53.10864148586121,-56.6304713721338,-42.034872504129524,4667.87975369638,3892.8202463036205,4280.35,4333.68,-0.0253714285714286,0
2014-02-18,4340.0,4420.0,4231.0,4312.0,14333490199,3324017,557,4375.0,4312.0,51.1287811236182,-44.77384786568018,-42.58266757643966,4657.523639970106,3892.376360029893,4274.95,4345.92,-0.03385899814471238,0
2014-02-19,4301.0,4490.0,4301.0,4413.0,10795053365,2446008,409,4312.0,4414.0,54.11153361984926,-26.837475057311167,-39.43362907261396,4662.673636877222,3891.926363122778,4277.3,4360.4,-0.05233348436792029,0
2014-02-22,4400.0,4569.0,4359.0,4502.0,21793452031,4840612,596,4413.0,4502.0,56.57405767775967,-5.458978127024238,-32.63869888349602,4682.341003172985,3888.4589968270134,4285.4,4376.34,-0.05597512216792533,0
2014-02-23,4402.0,4490.0,4313.0,4392.0,6722573775,1530643,317,4502.0,4374.0,52.187205862847165,1.1419408710871721,-25.88257093257938,4676.197459341364,3889.0025406586365,4282.6,4387.4,-0.054869684499314175,0
2014-02-24,4301.0,4301.0,4200.0,4264.0,12070837625,2830702,375,4392.0,4264.0,48.69284175765827,-2.4743412913176144,-21.20092500432703,4677.716430783995,3895.7835692160047,4286.75,4393.34,-0.059568480300187576,0
2014-02-25,4201.0,4240.0,4120.0,4166.0,9286696527,2229028,313,4264.0,4166.0,45.75352275590257,-13.097076987886794,-19.580155401038983,4676.936135179896,3900.163864820104,4288.55,4393.54,-0.01392222755640904,0
2014-02-26,4131.0,4300.0,4084.0,4183.0,6390511808,1527686,346,4166.0,4183.0,46.358432513868934,-19.914353365678835,-19.646994993966953,4676.925879036932,3898.374120963067,4287.65,4389.98,0.004542194597179083,0
2014-03-01,4278.0,4315.0,4200.0,4260.0,3882278154,911279,235,4183.0,4250.0,48.78251750293831,-19.683850774311395,-19.65436615003584,4665.79270111015,3894.1072988898495,4279.95,4384.54,-0.03152941176470592,0
2014-03-02,4200.0,4200.0,4100.0,4134.0,3674055441,888677,249,4260.0,4134.0,44.99158907988251,-28.532501441765817,-21.429993208381838,4622.985198194228,3892.514801805771,4257.75,4377.18,-0.026850507982583482,0
2014-03-03,4107.0,4107.0,3981.0,4010.0,4343567593,1083207,260,4134.0,4010.0,41.2971396433429,-45.03178613630462,-26.150351793966394,4589.723113515496,3873.7768864845034,4231.75,4369.58,-0.0022443890274314038,0
2014-03-04,4090.0,4145.0,4003.0,4108.0,5703987625,1388510,334,4010.0,4108.0,45.131810545325365,-49.627729573492616,-30.84582734987164,4541.068778721635,3878.7312212783645,4209.9,4365.62,-0.03042843232716652,0
2014-03-05,4169.0,4281.0,4114.0,4202.0,9293784572,2211680,443,4108.0,4202.0,48.600116718254284,-45.16440628840155,-33.709543137577626,4503.118218280811,3888.8817817191893,4196.0,4361.04,-0.026653974297953353,0
2014-03-08,4200.0,4250.0,4056.0,4116.0,4626784535,1124223,261,4202.0,4116.0,45.75073795009083,-48.01320535235027,-36.570275580532154,4496.233902017618,3881.2660979823822,4188.75,4355.22,-0.0038872691933916625,0
2014-03-09,4090.0,4090.0,4000.0,4023.0,5214273439,1296010,256,4116.0,4023.0,42.82661391470175,-57.116814814391546,-40.67958342730403,4498.5225957991215,3872.2774042008778,4185.4,4343.16,0.033308476261496356,0
2014-03-10,4022.0,4022.0,3985.0,4001.0,5734360613,1433349,273,4023.0,4001.0,42.14046026551293,-65.35335425257927,-45.61433759235908,4498.571942925547,3852.3280570744528,4175.45,4326.26,0.0649837540614846,1
2014-03-11,4000.0,4050.0,3950.0,3983.0,5200468279,1305696,198,4001.0,3983.0,41.55384499758223,-72.49761330810998,-50.99099273550926,4499.647319632051,3849.5526803679495,4174.6,4310.84,0.05699221692191814,1
2014-03-12,3920.0,4182.0,3920.0,4092.0,7609182168,1859634,393,3983.0,4090.0,46.336095399483646,-68.73317110594053,-54.539428409595516,4480.484690446063,3891.815309553936,4186.15,4298.64,0.02420537897310515,0
2014-03-15,4171.0,4226.0,4100.0,4142.0,13026429402,3145160,471,4092.0,4100.0,46.77442183139473,-64.20281700331907,-56.47210612834023,4477.434023224369,3902.8659767756303,4190.15,4288.24,0.0,0
2014-03-16,4165.0,4280.0,4080.0,4193.0,18894169263,4506408,534,4142.0,4157.0,49.31567870148804,-55.37472969211012,-56.25263084109421,4475.827954135164,3900.5720458648357,4188.2,4279.78,-0.012990137118114031,0
2014-03-17,4250.0,4339.0,4161.0,4277.0,16080090485,3759304,496,4193.0,4261.0,53.66279426926718,-39.5307897224493,-52.90826261736523,4459.413343846013,3905.586656153987,4182.5,4275.0,-0.03778455761558319,0
2014-03-18,4250.0,4290.0,4163.0,4221.0,7566543502,1792464,291,4277.0,4210.0,51.337469955926636,-30.73532917958164,-48.473675929808515,4448.276650894794,3906.523349105205,4177.4,4269.22,-0.014251781472684133,0
2014-03-19,4151.0,4243.0,4151.0,4194.0,6993052701,1667214,406,4221.0,4189.0,50.36960974202958,-25.16925235335202,-43.81279121451722,4414.542652870371,3917.757347129628,4166.15,4259.9,-0.009310097875387946,0
2014-03-25,4161.0,4244.0,4100.0,4173.0,2977918158,713679,167,4194.0,4100.0,46.378867223135096,-27.621251964101248,-40.57448336443402,4342.006602338328,3950.0933976616725,4146.05,4251.3,0.007073170731707323,0
2014-03-26,4210.0,4210.0,4097.0,4123.0,2158735530,523538,115,4173.0,4103.0,46.53264364980828,-28.988245938744512,-38.257235879296125,4298.7618416834775,3966.238158316522,4132.5,4245.32,-0.020960272970996785,0
2014-03-29,4103.0,4103.0,4061.0,4074.0,1863819701,457478,149,4123.0,4100.0,46.389373086889414,-29.968218472282388,-36.59943239789338,4279.628168726674,3968.971831273326,4124.3,4239.86,-0.03634146341463418,0
2014-03-30,4191.0,4191.0,4112.0,4145.0,2218136285,535183,133,4074.0,4150.0,49.19689362344594,-26.40588107294934,-34.56072213290457,4278.12406022344,3968.87593977656,4123.5,4238.06,-0.048192771084337394,0
2014-03-31,4175.0,4190.0,4060.0,4105.0,13864199481,3377097,454,4145.0,4150.0,49.19689362344594,-23.313954266372093,-32.31136855959808,4274.591971965738,3969.108028034263,4121.85,4232.58,-0.038795180722891565,0
2014-04-05,4100.0,4170.0,4000.0,4082.0,5400895872,1323156,244,4105.0,4129.0,47.97315410187279,-22.301032075847615,-30.30930126284799,4256.900815022389,3974.699184977612,4115.8,4226.74,-0.031242431581496755,0
2014-04-06,4070.0,4082.0,4002.0,4041.0,7805047471,1931549,297,4082.0,4017.0,41.97611407718133,-30.187762187819317,-30.284993447842258,4257.118576808985,3962.781423191014,4109.95,4218.08,-0.029126213592232997,0
2014-04-07,4000.0,4047.0,3925.0,3988.0,13518111267,3390037,527,4041.0,3951.0,38.89082128161178,-41.28776142440438,-32.48554704315468,4264.094875791613,3949.9051242083865,4107.0,4207.12,-0.03315616299670965,0
2014-04-08,3931.0,4070.0,3931.0,3977.0,7844186426,1972524,412,3988.0,3950.0,38.844234632868215,-49.59359830293215,-35.90715729511018,4270.443981510827,3927.7560184891736,4099.1,4197.72,0.016202531645569618,0
2014-04-09,4000.0,4000.0,3910.0,3943.0,3754181469,952097,323,3977.0,3989.0,41.77366449613313,-52.42474003621828,-39.210673843331804,4259.364569302862,3917.535430697138,4088.45,4190.16,0.0,0
2014-04-12,4000.0,4050.0,3945.0,3995.0,5892942226,1475007,381,3943.0,4000.0,42.60869920678965,-53.167945211456754,-42.0021281169568,4257.2641746823065,3908.035825317694,4082.65,4183.36,-0.03400000000000003,0
2014-04-13,3999.0,4010.0,3820.0,3905.0,11009255613,2819463,527,3995.0,3900.0,37.362836631598924,-61.1215339360856,-45.82600928078256,4267.024014234382,3885.975985765618,4076.5,4172.76,0.02564102564102555,0
2014-04-14,3880.0,3901.0,3760.0,3823.0,11166811545,2920732,392,3905.0,3820.0,33.77980649384027,-73.03820277804789,-51.26844798023563,4286.516633698478,3848.3833663015216,4067.45,4165.54,0.09869109947643984,1
2014-04-15,3850.0,4014.0,3800.0,3971.0,11601019426,2921723,424,3823.0,4014.0,47.042568087727254,-66.06649656843956,-54.228057697876416,4286.084315416805,3851.9156845831944,4069.0,4163.22,0.011459890383657134,0
2014-04-16,4088.0,4099.0,3989.0,4015.0,8530442588,2124527,330,3971.0,3989.0,45.77038093197506,-61.845741030216686,-55.75159436434447,4283.530030968172,3844.369969031828,4063.95,4158.98,0.04763098520932574,0
2014-04-19,4000.0,4000.0,3856.0,3896.0,3678668647,944216,141,4015.0,3864.0,39.952572457907834,-67.8055964799828,-58.16239478747214,4287.510383242345,3816.7896167576555,4052.15,4148.18,0.13509316770186341,1
2014-04-20,4002.0,4050.0,3951.0,3998.0,7766385706,1942556,264,3896.0,4000.0,47.73631557285238,-60.85328269868842,-58.700572369715395,4275.586056648436,3813.013943351564,4044.3,4136.62,0.05774999999999997,1
2014-04-21,3991.0,4197.0,3980.0,4125.0,31540310142,7646797,798,3998.0,4197.0,56.52705068454462,-38.997728793700844,-54.76000365451249,4261.835044793489,3820.364955206511,4041.1,4129.96,0.017631641648796714,0
2014-04-22,4200.0,4320.0,4060.0,4195.0,16669815313,3974066,714,4125.0,4060.0,50.20301909423022,-32.358787941716855,-50.27976051195336,4240.638547135512,3826.5614528644874,4033.6,4120.26,0.018226600985221664,0
2014-04-23,4168.0,4200.0,4080.0,4178.0,15033629972,3598053,462,4195.0,4179.0,54.92067426073642,-17.2956999472367,-43.68294839901003,4238.678111675304,3827.5218883246957,4033.1,4114.24,0.009810959559703347,0
2014-04-26,4183.0,4386.0,4183.0,4354.0,34939253832,8025285,986,4178.0,4386.0,61.715179831508856,11.215787227325109,-32.703201273743005,4303.245578425705,3791.5544215742952,4047.4,4116.74,-0.0490196078431373,0
2014-04-27,4390.0,4390.0,4222.0,4320.0,21798854363,5046219,735,4354.0,4231.0,55.027077196835435,21.06135937574345,-21.950289143845716,4321.038919321239,3786.5610806787618,4053.8,4119.56,-0.01630820137083433,0
2014-04-28,4277.0,4351.0,4150.0,4283.0,17038684656,3978155,415,4320.0,4271.0,56.34196322069892,31.725994427914884,-11.215032429493597,4345.426862353643,3779.273137646357,4062.35,4120.98,-0.023647857644579773,0
2014-04-29,4308.0,4308.0,4100.0,4224.0,12025570453,2846924,337,4283.0,4134.0,50.85746427081225,28.791153008072797,-3.213795341980317,4343.720498103511,3779.3795018964897,4061.55,4123.66,0.012820512820512775,0
2014-04-30,4129.0,4280.0,4129.0,4228.0,6888023768,1629054,229,4224.0,4220.0,53.89168257314295,33.02407037989997,4.03377780239574,4353.195432030396,3776.9045679696046,4065.05,4130.88,-0.016824644549763068,0
2014-05-03,4220.0,4250.0,4162.0,4190.0,5885309183,1404608,192,4228.0,4171.0,51.92450336673781,32.05528404295637,9.638079050507868,4357.730986989829,3776.569013010171,4067.15,4133.9,-0.00982977703188681,0
2014-05-04,4199.0,4220.0,4080.0,4159.0,11200654934,2692953,337,4190.0,4162.0,51.55228209376408,30.213012308394354,13.753065702085166,4366.843772373397,3781.9562276266033,4074.4,4133.22,-0.006006727534838996,0
2014-05-05,4199.0,4250.0,4075.0,4188.0,8119121079,1938655,238,4159.0,4170.0,51.88247238838218,29.06350582338564,16.81515372634526,4374.877390759463,3795.822609240537,4085.35,4129.12,-0.016786570743405282,0
2014-05-06,4199.0,4213.0,4140.0,4183.0,7805828719,1866178,284,4188.0,4187.0,52.621425004638645,29.187812641986056,19.289685509473422,4382.974456521191,3811.4255434788083,4097.2,4126.62,-0.021017434917602107,0
2014-05-07,4247.0,4247.0,4130.0,4162.0,9917045942,2382943,311,4183.0,4149.0,50.745438727771365,25.921240347248386,20.615996477028414,4387.345777923368,3823.054222076632,4105.2,4121.32,-0.057604241986020766,0
2014-05-10,4190.0,4190.0,4105.0,4156.0,9256077615,2227040,326,4162.0,4130.0,49.78965235546237,21.55089179328388,20.80297554027951,4389.812998617436,3833.5870013825634,4111.7,4113.88,-0.03777239709443103,0
2014-05-11,4111.0,4170.0,4105.0,4141.0,4947357106,1194698,213,4156.0,4137.0,50.162089314776715,18.439639885838005,20.330308409391208,4384.221805149659,3862.878194850341,4123.55,4109.14,-0.04520183708000969,0
2014-05-12,4150.0,4150.0,4020.0,4088.0,10705085523,2618377,401,4141.0,4100.0,48.12990580434823,12.8403440622169,18.832315539956348,4358.566266369654,3916.5337336303464,4137.55,4105.86,-0.024390243902439046,0
2014-05-14,4050.0,4120.0,4031.0,4090.0,10849544292,2652794,242,4088.0,4099.0,48.07322010893114,8.22733059285838,16.711318550536753,4356.323285449346,3927.276714550654,4141.8,4104.52,-0.007074896316174639,0
2014-05-17,4030.0,4050.0,3910.0,3992.0,9994769328,2503754,336,4090.0,3910.0,38.77747026085189,-10.55753557934895,11.257547724559613,4365.960740650198,3909.7392593498025,4137.85,4099.06,0.013554987212276215,0
2014-05-18,4000.0,4080.0,3965.0,4022.0,8979675670,2232392,452,3992.0,3974.0,42.81023059839564,-20.049296419917482,4.996178895664194,4348.981004471558,3937.718995528443,4143.35,4093.54,-0.00805234021137391,0
2014-05-19,3962.0,4018.0,3950.0,3985.0,11082103575,2781035,278,4022.0,3950.0,41.70092107601466,-29.171909085093375,-1.8374387004873203,4354.45269193056,3927.2473080694404,4140.85,4089.86,-0.004303797468354409,0
2014-05-20,3990.0,4020.0,3965.0,3994.0,9288003017,2325249,357,3985.0,4000.0,44.90400731852992,-31.9982077933073,-7.869592519051317,4351.39782213076,3910.6021778692407,4131.0,4089.66,-0.016249999999999987,0
2014-05-21,4049.0,4070.0,3990.0,4037.0,23630912920,5852870,509,3994.0,4070.0,49.118807043472216,-28.26384686335132,-11.948443387911318,4351.2958143368105,3911.704185663189,4131.5,4088.9,-0.04422604422604426,0
2014-05-24,4080.0,4085.0,3960.0,3999.0,5107642021,1277203,253,4037.0,3963.0,43.62511920393779,-33.55158292263559,-16.26907129485617,4351.071091936427,3890.328908063572,4120.7,4084.12,-0.048952813525107275,0
2014-05-25,3953.0,4000.0,3927.0,3985.0,8673765331,2176405,217,3999.0,3942.0,42.61766339960986,-38.98725552836959,-20.812708141558858,4306.849226060436,3890.1507739395643,4098.5,4080.64,-0.023338406900050734,0
2014-05-26,3949.0,4010.0,3921.0,3968.0,6324798253,1593981,300,3985.0,3933.0,42.16821228241375,-43.519622891513336,-25.354091091549755,4294.522165738887,3872.677834261112,4083.6,4078.84,-0.003305364861428961,0
2014-05-28,3970.0,3970.0,3870.0,3920.0,4974104348,1268907,298,3968.0,3935.0,42.31380407711172,-46.41512868438576,-29.56629861011696,4268.6708498025,3864.929150197501,4066.8,4077.52,-0.021601016518424387,0
2014-05-31,3900.0,3910.0,3850.0,3895.0,7135155705,1832054,276,3920.0,3890.0,39.88101906983988,-51.74448360832457,-34.00193560975848,4267.918916179469,3841.2810838205305,4054.6,4075.66,-0.005141388174807249,0
2014-06-01,3890.0,3890.0,3701.0,3750.0,18019577266,4805126,871,3895.0,3769.0,34.18900840927141,-64.98264506031865,-40.19807749987052,4265.101475000662,3798.9985249993383,4032.05,4069.24,0.026797559034226648,0
2014-06-02,3780.0,3860.0,3721.0,3807.0,5541912217,1455729,323,3750.0,3850.0,40.328735030382354,-68.15234255050973,-45.788930509998366,4252.747967256288,3779.252032743712,4016.0,4064.24,-0.01558441558441559,0
2014-06-03,3773.0,3930.0,3772.0,3875.0,5040864664,1300706,217,3807.0,3920.0,45.095828290259576,-64.27501331860276,-49.48614707171925,4234.212743894003,3773.587256105997,4003.9,4059.5,-0.05459183673469392,0
2014-06-07,3939.0,3939.0,3850.0,3868.0,3211790818,830394,198,3875.0,3850.0,41.52338126032884,-66.0887865606287,-52.806674969501145,4214.260685632433,3761.5393143675674,3987.9,4051.28,-0.07454545454545458,0
2014-06-08,3821.0,3900.0,3820.0,3879.0,5908573401,1523371,198,3868.0,3870.0,42.91483674293555,-65.16124381223699,-55.27758873804832,4184.385088951368,3759.7149110486325,3972.05,4044.48,-0.08785529715762275,0
2014-06-09,3810.0,3870.0,3800.0,3814.0,2973591255,779625,122,3879.0,3870.0,42.91483674293555,-63.69195825367069,-56.960462641172796,4158.420642970178,3757.7793570298218,3958.1,4038.1,-0.06795865633074938,0
2014-06-10,3800.0,3898.0,3771.0,3852.0,6656949968,1728263,163,3814.0,3790.0,38.64855367183211,-68.19674069919711,-59.20771825277766,4137.858633863893,3744.341366136106,3941.1,4031.9,-0.08021108179419523,0
2014-06-11,3800.0,3815.0,3702.0,3750.0,3940431492,1050671,158,3852.0,3706.0,34.74299279344277,-77.64981252176949,-62.89613710657603,4120.137611780953,3718.9623882190476,3919.55,4023.96,-0.04452239611440911,0
2014-06-14,3702.0,3703.0,3563.0,3572.0,6434369823,1801328,359,3750.0,3563.0,29.312444942924316,-95.57857463322352,-69.43262461190554,4129.902107916407,3655.4978920835933,3892.7,4013.22,-0.0216110019646365,0
2014-06-15,3470.0,3555.0,3400.0,3436.0,6844374447,1991922,270,3572.0,3530.0,28.216370251893096,-111.16858968198903,-77.77981762592225,4130.3807009722605,3598.119299027739,3864.25,4000.82,-0.019830028328611915,0
2014-06-16,3500.0,3607.0,3500.0,3592.0,4738525011,1319087,267,3436.0,3607.0,34.38193669505459,-115.97366027937642,-85.41858615661309,4136.7184277823435,3561.4815722176563,3849.1,3989.96,-0.05184363737177711,0
2014-06-17,3610.0,3660.0,3480.0,3559.0,999637477,280860,134,3592.0,3486.0,30.01861224977108,-128.06910122856107,-93.9486891710027,4146.555930503055,3502.8440694969445,3824.7,3977.1,-0.05966724039013194,0
2014-06-18,3560.0,3600.0,3455.0,3545.0,2354291271,664044,161,3559.0,3541.0,34.11175697062458,-131.6986449781666,-101.49868033243548,4143.182957972499,3465.317042027501,3804.25,3967.58,-0.10194860208980516,0
2014-06-21,3520.0,3600.0,3470.0,3549.0,5293338625,1491360,267,3545.0,3486.0,32.09043788625152,-137.4289297395021,-108.68473021384882,4131.858066706646,3425.241933293354,3778.55,3958.28,-0.13138267355134825,0
2014-06-22,3560.0,3580.0,3456.0,3516.0,2870483141,816465,221,3549.0,3460.0,31.150726878014837,-142.42640150704983,-115.43306447248904,4100.770555114085,3395.329444885915,3748.05,3948.48,-0.1627167630057803,0
2014-06-23,3530.0,3530.0,3414.0,3434.0,1276108975,371600,138,3516.0,3420.0,29.70933228345679,-147.90958991174375,-121.92836956033999,4086.612947542179,3355.187052457821,3720.9,3937.1,-0.16520467836257313,0
2014-06-24,3414.0,3434.0,3270.0,3304.0,5648227876,1709722,357,3434.0,3278.0,25.243719291529843,-161.8475911984783,-129.91221388796765,4086.1871892545464,3289.212810745453,3687.7,3922.66,-0.10677242220866379,0
2014-06-25,3278.0,3347.0,3140.0,3187.0,6492700111,2037301,339,3304.0,3180.0,22.707010747442368,-178.74092450063836,-139.67795601050182,4088.9570402716154,3211.142959728385,3650.05,3908.26,-0.03993710691823904,0
2014-06-28,3187.0,3187.0,3028.0,3049.0,3661217537,1200633,222,3187.0,3028.0,19.44344323256992,-202.06486455787854,-152.15533771997718,4100.2429749274925,3109.157025072507,3604.7,3892.42,0.05845442536327616,1
2014-06-29,2988.0,2988.0,2897.0,2904.0,2607093897,897700,180,3049.0,2897.0,17.155020429206232,-228.48601571887457,-167.42147331975667,4120.373792175767,2989.726207824233,3555.05,3870.08,0.11839834311356578,1
2014-06-30,2801.0,2950.0,2759.0,2789.0,7216698291,2587749,373,2904.0,2855.0,16.485108697359664,-249.9329459365331,-183.923767843112,4141.8815090965745,2876.818490903425,3509.35,3847.4,0.12084063047285465,1
2014-07-01,2869.0,2928.0,2801.0,2908.0,2241755398,770980,93,2789.0,2928.0,22.17377626301962,-258.06449586847066,-198.75191344818373,4123.538081067643,2802.961918932356,3463.25,3828.68,0.16974043715846987,1
2014-07-02,3053.0,3053.0,3053.0,3053.0,320665749,105033,20,2908.0,3053.0,30.858522392751382,-251.5229524149354,-209.30612124153407,4068.2828807116916,2771.5171192883085,3419.9,3809.74,0.08319685555191625,1
2014-07-05,3205.0,3205.0,3205.0,3205.0,888573430,277246,21,3053.0,3205.0,39.67414365018941,-231.4060969751008,-213.72611638824745,4010.9310842629448,2764.3689157370554,3387.65,3789.9,0.02090483619344763,0
2014-07-06,3365.0,3365.0,3150.0,3300.0,16863832479,5110329,620,3205.0,3240.0,41.52302196141075,-210.21589858804964,-213.02407282820792,3941.246667226872,2771.053332773128,3356.15,3773.5,-0.01851851851851849,0
2014-07-07,3200.0,3360.0,3141.0,3262.0,5946965971,1823274,284,3300.0,3200.0,40.013672259747864,-194.409151719698,-209.30108860650597,3861.0896995021753,2784.210300497825,3322.65,3753.92,-0.010624999999999996,0
2014-07-08,3220.0,3425.0,3220.0,3412.0,8619629566,2526427,421,3262.0,3425.0,50.83875047747164,-161.86074147560885,-199.81301918032656,3801.387887176331,2807.4121128236693,3304.4,3734.7,-0.022481751824817486,0
2014-07-09,3401.0,3434.0,3301.0,3364.0,5820211673,1729904,276,3412.0,3307.0,46.13648206295137,-143.92838881741227,-188.6360931077437,3746.1314811100756,2822.768518889924,3284.45,3716.22,-0.02630783187178709,0
2014-07-12,3349.0,3390.0,3215.0,3307.0,5229921478,1581536,273,3364.0,3272.0,44.81249899315871,-131.0306380018178,-177.11500208655855,3713.539448200894,2826.260551799106,3269.9,3696.24,-0.023227383863080653,0
2014-07-13,3215.0,3300.0,3142.0,3157.0,7479448204,2368963,369,3307.0,3180.0,41.44566621323358,-126.77136727162997,-167.04627512357285,3680.9755009330256,2823.8244990669746,3252.4,3677.16,0.009748427672956028,0
2014-07-14,3020.0,3314.0,3020.0,3259.0,15303058087,4696199,580,3157.0,3166.0,40.941571911425335,-123.10645296995472,-158.25831069284925,3627.9388705685737,2832.761129431426,3230.35,3656.08,0.011686670878079619,0
2014-07-22,3365.0,3450.0,3264.0,3298.0,4422091064,1319631,257,3259.0,3348.0,49.534738428148806,-104.31364030659142,-147.4693766155977,3607.6158365862248,2839.284163413775,3223.45,3639.62,-0.08900836320191163,0
2014-07-23,3300.0,3301.0,3200.0,3289.0,3506362763,1071302,229,3298.0,3220.0,44.61771850244087,-98.61199345858222,-137.6978999841946,3562.9105624309836,2851.8894375690165,3207.4,3620.78,-0.05621118012422355,0
2014-07-26,3270.0,3270.0,3134.0,3261.0,2966843327,928716,162,3289.0,3196.0,43.740986967546554,-94.93563774052836,-129.14544753546136,3524.636582245604,2861.163417754396,3192.9,3601.3,-0.03629536921151444,0
2014-07-27,3210.0,3250.0,3161.0,3187.0,5396747778,1693293,184,3261.0,3211.0,44.47534831866773,-89.77683325783028,-121.27172467993515,3489.0374106310796,2871.86258936892,3180.45,3581.78,-0.05574587355963878,0
2014-07-28,3171.0,3250.0,3152.0,3199.0,3061615173,956929,155,3187.0,3203.0,44.14438747897356,-85.35011369722224,-114.08740248339258,3458.356229370025,2880.8437706299746,3169.6,3562.86,-0.04495785201373714,0
2014-08-02,3191.0,3246.0,3050.0,3126.0,2868702667,917712,182,3199.0,3050.0,38.277743813650964,-93.11436345803168,-109.8927946783204,3446.940437071074,2869.4595629289256,3158.2,3541.26,0.006557377049180246,0
2014-08-03,3080.0,3120.0,3030.0,3056.0,1806870959,591277,151,3126.0,3039.0,37.88789107889807,-99.01382565287668,-107.71700087323167,3444.269276063508,2858.030723936492,3151.15,3519.3,-0.029285949325436045,0
2014-08-04,3077.0,3132.0,3055.0,3082.0,2340220544,759373,155,3056.0,3080.0,40.327414348719614,-99.23689346191031,-106.02097939096741,3443.3551622467994,2864.1448377532006,3153.75,3498.9,-0.009090909090909038,0
2014-08-05,3030.0,3050.0,2980.0,3015.0,5612708140,1861782,275,3082.0,3032.0,38.42466808211331,-102.10981674862433,-105.2387468624988,3431.5523934592625,2889.4476065407375,3160.5,3477.56,-0.00395778364116095,0
2014-08-06,3000.0,3060.0,2950.0,3013.0,1909820161,633762,229,3015.0,3059.0,40.13569045777091,-101.0431917823903,-104.39963584647711,3408.287120863052,2933.1128791369474,3170.7,3460.54,-0.019614253023863992,0
2014-08-09,3041.0,3078.0,3000.0,3050.0,1342700898,440276,128,3013.0,3070.0,40.856744405297725,-98.17853470876071,-103.15541561893384,3393.4233753561857,2962.1766246438146,3177.8,3442.46,-0.0228013029315961,0
2014-08-10,3077.0,3080.0,2931.0,2977.0,2144255253,720320,163,3050.0,2950.0,35.79198509837737,-104.38795113587457,-103.401922722322,3404.2766608143256,2941.0233391856746,3172.65,3422.46,0.016949152542372836,0
2014-08-11,3001.0,3060.0,3001.0,3046.0,1873010713,614910,152,2977.0,3052.0,42.33544719269263,-99.9265201185317,-102.70684220156394,3401.894069153271,2928.105930846729,3165.0,3403.5,-0.017365661861074688,0
2014-08-12,3020.0,3030.0,2995.0,3016.0,1604818274,532108,78,3046.0,3020.0,40.926303258034935,-97.84503974746758,-101.73448171074469,3396.311369935451,2911.688630064549,3154.0,3382.5,0.006291390728476731,0
2014-08-13,2954.0,3043.0,2954.0,2998.0,2251814990,750986,166,3016.0,2999.0,39.98569274531433,-96.77442077016758,-100.74246952262926,3394.3348837290205,2893.565116270979,3143.95,3363.22,0.0016672224074691933,0
2014-08-16,3000.0,3009.0,2980.0,2993.0,1086760199,363052,110,2998.0,3000.0,40.05634335775677,-94.7530022464116,-99.54457606738573,3344.5847448564127,2900.815255143587,3122.7,3344.38,-0.00666666666666671,0
2014-08-17,2950.0,3000.0,2950.0,2996.0,2445009304,816046,132,2993.0,3000.0,40.05634335775677,-92.08946349137341,-98.05355355218327,3318.319452765076,2896.3805472349236,3107.35,3325.72,-0.01666666666666672,0
2014-08-18,3030.0,3030.0,2959.0,2994.0,1222742810,408460,96,2996.0,2999.0,40.00172869449603,-89.03296488282331,-96.24943581831128,3295.414749088895,2891.9852509111047,3093.7,3307.0,-0.01200400133377788,0
2014-08-19,3000.0,3039.0,2950.0,2999.0,3114579854,1038461,134,2994.0,3039.0,43.330123966681164,-82.43276836748873,-93.48610232814679,3285.6447486744214,2887.655251325579,3086.65,3289.98,-0.035867061533399136,0
2014-08-20,2991.0,3069.0,2991.0,3033.0,1961190527,646524,202,2999.0,3004.0,41.177590908404724,-79.1142922558447,-90.61174031368637,3277.153600168769,2879.9463998312312,3078.55,3274.68,-0.037616511318242396,0
2014-08-23,3049.0,3049.0,2976.0,3003.0,2682009081,893202,137,3033.0,2980.0,39.72044874325271,-77.52728912272369,-87.99485007549383,3219.871351108725,2900.4286488912753,3060.15,3257.28,-0.0442953020134228,0
2014-08-24,3000.0,3000.0,2945.0,2962.0,1477424507,498780,106,3003.0,2950.0,37.91435868674995,-77.79357112244134,-85.95459428488334,3195.304330579357,2897.995669420643,3046.65,3237.88,-0.030169491525423697,0
2014-08-25,2950.0,2980.0,2938.0,2954.0,745684238,252455,81,2962.0,2963.0,39.2044016477615,-76.07862316071078,-83.97940006004883,3170.9911761843287,2899.0088238156713,3035.0,3220.14,-0.045899426257171805,0
2014-08-26,2913.0,2957.0,2913.0,2944.0,2476426939,841084,489,2954.0,2930.0,37.09718481655352,-76.50048873871947,-82.48361779578296,3138.0558922514033,2903.8441077485963,3020.95,3201.34,-0.05119453924914674,0
2014-08-27,2920.0,2920.0,2860.0,2893.0,4236406895,1464527,246,2944.0,2891.0,34.72191261087691,-79.07032087261587,-81.80095841114954,3102.763089469525,2907.936910530475,3005.35,3181.76,-0.0453130404704255,0
2014-08-30,2812.0,2915.0,2812.0,2859.0,2310618586,808190,176,2893.0,2848.0,32.268661960766906,-83.6128352695705,-82.16333378283373,3112.0162194300983,2878.4837805699017,2995.25,3162.92,0.02563202247191021,0
2014-08-31,2850.0,2896.0,2812.0,2855.0,3578968433,1253658,204,2859.0,2861.0,33.79169845559316,-85.18189543505287,-82.76704611327756,3114.955248726473,2857.7447512735266,2986.35,3146.02,-0.0003495281370150538,0
2014-09-01,2880.0,2880.0,2800.0,2819.0,1385436959,491380,164,2855.0,2827.0,31.778989467892785,-88.15273293866358,-83.84418347835478,3112.3493418664452,2835.0506581335544,2973.7,3131.3,0.0010611956137247525,0
2014-09-02,2856.0,2856.0,2780.0,2814.0,2337563792,830828,248,2819.0,2780.0,29.190665765331403,-93.2250103795136,-85.72034885858655,3120.5138011591175,2801.6861988408823,2961.1,3116.3,0.014388489208633004,0
2014-09-03,2800.0,2830.0,2756.0,2782.0,2835861793,1019318,267,2814.0,2760.0,28.140338487750455,-97.73206523625277,-88.12269213411979,3121.33592980031,2770.96407019969,2946.15,3099.36,0.01413043478260878,0
2014-09-06,2798.0,2921.0,2798.0,2913.0,16601072970,5698636,802,2782.0,2921.0,45.22611596788188,-87.3061729988126,-87.95938830705835,3104.6121454264253,2772.7878545735744,2938.7,3088.06,-0.07874015748031493,0
2014-09-07,2870.0,2948.0,2801.0,2878.0,2777583413,965162,216,2913.0,2860.0,41.22653027491258,-83.00889363331044,-86.96928937230876,3103.489810679791,2764.9101893202087,2934.2,3074.44,-0.07342657342657344,0
2014-09-08,2915.0,2948.0,2801.0,2880.0,3819894497,1326358,301,2878.0,2830.0,39.38194402149289,-81.08927141095592,-85.7932857800382,3089.1191555212827,2757.080844478717,2923.1,3061.32,-0.06183745583038869,0
2014-09-09,2831.0,2900.0,2805.0,2894.0,53926415339,18631361,707,2880.0,2820.0,38.75941045383535,-79.45892042294645,-84.52641270861986,3078.6607441394253,2747.5392558605745,2913.1,3048.52,-0.06773049645390072,0
2014-09-10,2811.0,2835.0,2761.0,2794.0,4959683656,1775414,280,2894.0,2799.0,37.4216078260193,-78.95127881783401,-83.4113859304627,3070.8449254075977,2735.355074592402,2903.1,3036.1,-0.08896034297963562,0
2014-09-13,2790.0,2798.0,2660.0,2706.0,2187980064,808497,232,2794.0,2691.0,31.41602384928551,-86.26920885579102,-83.98295051552837,3072.860447869447,2702.4395521305532,2887.65,3024.36,-0.03455964325529548,0
2014-09-14,2719.0,2719.0,2610.0,2648.0,1937857019,731846,157,2706.0,2650.0,29.481696147441014,-94.29016020910967,-86.04439245424464,3074.720061348188,2665.579938651812,2870.15,3013.76,-0.029056603773584877,0
2014-09-15,2620.0,2697.0,2620.0,2671.0,2328996419,872022,168,2648.0,2655.0,30.047353987893402,-99.10098921573717,-88.65571180654315,3068.827256791914,2637.0727432080857,2852.95,3006.3,-0.031638418079096065,0
2014-09-16,2631.0,2634.0,2590.0,2613.0,3312584290,1267691,240,2671.0,2629.0,28.755649519296995,-103.81487531248831,-91.68754450773218,3051.606998519332,2613.2930014806675,2832.45,3000.94,-0.027006466337010315,0
2014-09-17,2613.0,2649.0,2550.0,2566.0,3801870310,1481366,235,2613.0,2550.0,25.209481788138703,-112.62700971521372,-95.87543754922851,3046.4742066202843,2573.0257933797157,2809.75,2994.84,0.019607843137254832,0
2014-09-20,2566.0,2630.0,2565.0,2593.0,1150203003,443653,116,2566.0,2598.0,30.793916212251176,-114.41854510520989,-99.58405906042479,3030.961693431684,2550.338306568316,2790.65,2988.24,-0.014626635873749017,0
2014-09-21,2620.0,2636.0,2550.0,2594.0,4183592253,1612728,271,2593.0,2573.0,29.556080663053038,-116.51255664887958,-102.96975857811574,3018.2228885473187,2525.3771114526817,2771.8,2978.64,0.011659541391372041,0
2014-09-22,2600.0,2600.0,2552.0,2563.0,3427982144,1337600,239,2594.0,2571.0,29.454076450558205,-116.98492971985888,-105.77279280646437,2997.026959299838,2507.3730407001617,2752.2,2965.96,0.054453520031116254,1
2014-09-23,2600.0,2600.0,2553.0,2568.0,1343319112,523091,168,2563.0,2558.0,28.759296054744055,-117.05889802652473,-108.03001385047644,2978.09245387129,2489.1075461287096,2733.6,2952.32,0.05942142298670827,1
2014-09-24,2599.0,2649.0,2575.0,2602.0,3478096210,1336909,358,2568.0,2600.0,34.16266946090576,-112.4324185172004,-108.91049478382124,2958.9345347245326,2479.165465275468,2719.05,2940.32,0.028846153846153744,0
2014-09-27,2610.0,2610.0,2525.0,2551.0,1087660130,426299,152,2602.0,2560.0,31.696918525022042,-110.71728592707768,-109.27185301247253,2946.41209380299,2462.88790619701,2704.65,2923.02,0.046875,0
2014-09-28,2541.0,2603.0,2536.0,2582.0,2108265797,816674,231,2551.0,2603.0,36.96410259005322,-104.68158619490623,-108.35379964895928,2926.187091775184,2457.312908224816,2691.75,2908.94,0.017671917018824423,0
2014-09-29,2582.0,2711.0,2582.0,2691.0,13223066376,4913274,627,2582.0,2711.0,47.843122359388545,-90.14442445380428,-104.71192460992827,2912.3164948706103,2459.5835051293893,2685.95,2897.72,-0.04278863887864259,0
2014-09-30,2736.0,2810.0,2660.0,2731.0,4550013236,1666105,396,2691.0,2710.0,47.760929228931495,-77.80739546058976,-99.33101878006057,2905.024459451228,2459.875540548772,2682.45,2888.32,-0.047232472324723274,0
2014-10-01,2729.0,2729.0,2650.0,2678.0,1507865894,563062,174,2731.0,2675.0,44.85629071210156,-70.04696083102817,-93.4742071902541,2897.91672671876,2458.4832732812397,2678.2,2878.5,-0.018317757009345792,0
2014-10-04,2720.0,2720.0,2670.0,2691.0,1573509145,584815,132,2678.0,2680.0,45.367451379513376,-62.76973186677287,-87.33331212555787,2855.635909766417,2476.664090233583,2666.15,2865.14,-0.027985074626865725,0
2014-10-06,2680.0,2690.0,2630.0,2663.0,1372372031,515367,122,2691.0,2649.0,42.72320653601215,-58.82580909572653,-81.63181151959161,2822.9408497648046,2488.259150235195,2655.6,2853.72,-0.007172517931294808,0
2014-10-07,2668.0,2680.0,2565.0,2590.0,5977133317,2307571,301,2663.0,2595.0,38.51231846887662,-59.37315382957104,-77.1800799815875,2792.5177840018046,2495.1822159981953,2643.85,2841.7,0.005780346820809301,0
2014-10-08,2561.0,2600.0,2561.0,2576.0,2457135962,953693,201,2590.0,2582.0,37.552728649883186,-60.162405073128866,-73.77654499989578,2758.816031702767,2505.083968297233,2631.95,2829.12,0.010844306738962084,0
2014-10-11,2598.0,2630.0,2567.0,2603.0,2997994128,1151846,211,2576.0,2626.0,42.75197596358152,-56.58518134573842,-70.3382722690643,2724.4021265849924,2522.197873415008,2623.3,2817.58,0.04531607006854532,0
2014-10-12,2631.0,2655.0,2600.0,2612.0,2192131275,839144,133,2603.0,2605.0,40.997545469001615,-54.81288148700514,-67.23319411265248,2715.426137535462,2522.573862464538,2619.0,2808.68,0.09942418426103639,1
2014-10-14,2601.0,2645.0,2601.0,2630.0,2483493311,944428,152,2612.0,2630.0,43.94662922180491,-50.80537725025397,-63.947630740172784,2713.5300999685855,2522.4699000314145,2618.0,2800.5,0.1045627376425855,1
2014-10-15,2621.0,2621.0,2606.0,2611.0,2586696362,990838,145,2630.0,2610.0,42.13233696555056,-48.68205766590199,-60.89451612531863,2709.7965310365457,2521.7034689634543,2615.75,2791.1,0.07011494252873574,1
2014-10-18,2604.0,2631.0,2604.0,2615.0,2462412623,941541,134,2611.0,2610.0,42.13233696555056,-46.46370690704043,-58.008354281662996,2708.675662447772,2520.9243375522283,2614.8,2782.66,0.0521072796934865,1
2014-10-19,2610.0,2745.0,2610.0,2728.0,8143041700,2984628,336,2615.0,2745.0,56.26647431709974,-33.42695110557315,-53.09207364644503,2729.349761450147,2519.7502385498533,2624.55,2776.38,0.014207650273224015,0
2014-10-20,2862.0,2864.0,2793.0,2863.0,23318597411,8145118,480,2728.0,2864.0,64.49805726555817,-13.33915723142536,-45.1414903634411,2784.8252019900206,2490.8747980099793,2637.85,2772.26,-0.008379888268156388,0
2014-10-21,2890.0,2975.0,2863.0,2911.0,8509836262,2923366,478,2863.0,2905.0,66.81558336860533,5.821811270900525,-34.94883003657278,2838.6569216940743,2470.2430783059253,2654.45,2771.36,-0.054044750430292554,0
2014-10-22,2850.0,2850.0,2766.0,2805.0,7139367695,2545431,404,2911.0,2793.0,56.05146774755884,11.833147718353302,-25.592434485587564,2854.9854507477594,2476.114549252241,2665.55,2766.18,0.007518796992481258,0
2014-10-25,2741.0,2819.0,2714.0,2771.0,3042895831,1098318,169,2805.0,2746.0,52.24755064710821,12.658745815721431,-17.942198425325767,2860.7277973817277,2489.172202618272,2674.95,2760.7,0.056081573197378054,1
2014-10-26,2724.0,2790.0,2724.0,2767.0,2458538642,888425,136,2771.0,2784.0,54.91181451143279,16.192661751656942,-11.115226389929227,2872.3778140977206,2495.9221859022796,2684.15,2756.4,0.09949712643678166,1
2014-10-27,2770.0,2889.0,2770.0,2840.0,3521820236,1240012,317,2767.0,2840.0,58.57945302984337,23.24410401768455,-4.243360308406472,2888.9926315056614,2507.307368494339,2698.15,2753.2,0.073943661971831,1
2014-10-28,2792.0,2850.0,2718.0,2757.0,2694890189,977634,221,2840.0,2748.0,51.20958802653199,21.16481685838744,0.8382751249523102,2892.2072803720603,2518.59271962794,2705.4,2748.16,0.06259097525473067,1
2014-10-29,2720.0,2820.0,2702.0,2793.0,3242341249,1160817,206,2757.0,2814.0,55.531786396654105,24.55950849303099,5.582521798568046,2903.2762047569177,2517.8237952430827,2710.55,2744.46,0.03589196872778966,0
2014-11-01,2800.0,2932.0,2800.0,2916.0,18304307219,6277216,483,2793.0,2900.0,60.44847438787006,33.799685602873524,11.225954559429141,2929.7178086879458,2510.3821913120546,2720.05,2741.68,0.024137931034482696,0
2014-11-02,2953.0,3061.0,2861.0,3023.0,20718594951,6854596,828,2916.0,3061.0,67.65793562964262,53.497263844455574,19.680216416434426,2994.9162536408207,2483.783746359179,2739.35,2742.82,-0.049330284220842846,0
2014-11-05,3001.0,3079.0,3001.0,3042.0,7232668423,2377927,339,3023.0,3050.0,66.76252180241237,67.44269108393428,29.232711349934398,3045.1500348068266,2470.549965193173,2757.85,2744.22,-0.04688524590163934,0
2014-11-08,3086.0,3086.0,2900.0,2953.0,10426154981,3530290,485,3042.0,2920.0,57.13826024277042,67.22964756974943,36.832098593897406,3062.4253597197394,2480.374640280261,2771.4,2743.62,-0.05410958904109586,0
2014-11-09,2910.0,2933.0,2892.0,2911.0,2494826349,857160,205,2953.0,2915.0,56.79911355663897,65.89772290684323,42.645223456486576,3073.0091034963752,2501.790896503625,2787.4,2742.66,-0.04082332761578045,0
2014-11-10,2914.0,3010.0,2914.0,2981.0,6524113294,2188228,311,2911.0,2970.0,59.63716092656055,68.49068537428911,47.81431584004709,3086.617511960925,2526.982488039075,2806.8,2743.46,-0.07373737373737377,0
2014-11-11,2930.0,2985.0,2901.0,2937.0,4212694350,1434153,286,2981.0,2910.0,55.364196955031474,64.9553632576235,51.242525323562376,3091.339786195081,2550.660213804919,2821.0,2743.84,-0.08591065292096223,0
2014-11-12,2906.0,2969.0,2888.0,2907.0,3486256239,1199336,284,2937.0,2907.0,55.15142045506549,61.20597569319807,53.23521539748951,3089.713012284468,2582.486987715532,2836.1,2745.02,-0.08152734778121773,0
2014-11-15,2900.0,2900.0,2762.0,2799.0,4403017921,1573216,329,2907.0,2762.0,45.957822104317415,46.00396577014999,51.788965472021616,3080.918471156209,2604.481528843791,2842.7,2743.04,-0.04815351194786388,0
2014-11-16,2788.0,2850.0,2776.0,2799.0,5366619684,1917483,358,2799.0,2796.0,48.14080432611943,36.28154812935554,48.687482003488405,3066.4956876023416,2637.5043123976584,2852.0,2742.42,-0.055436337625178855,0
2014-11-17,2818.0,2825.0,2750.0,2786.0,4653000892,1669957,394,2799.0,2751.0,45.51998121191764,24.661060825264485,43.88219776784362,3049.147317182545,2668.9526828174553,2859.05,2741.84,-0.013449654671028766,0
2014-11-18,2741.0,2799.0,2655.0,2679.0,6433717651,2401408,554,2786.0,2660.0,40.69516530697082,8.016393440859702,36.70903690244684,3058.239032636319,2651.3609673636815,2854.8,2739.84,-0.02593984962406015,0
2014-11-19,2662.0,2740.0,2650.0,2669.0,3212832115,1203644,306,2679.0,2670.0,41.42984550373994,-4.317934492116365,28.5036426235342,3063.7878140180687,2626.412185981931,2845.1,2734.82,-0.019101123595505642,0
2014-11-22,2688.0,2688.0,2600.0,2628.0,6553932548,2493453,323,2669.0,2629.0,39.281215237338216,-17.203029773028447,19.36230814422167,3067.276354747678,2595.3236452523224,2831.3,2730.2,-0.047166222898440524,0
2014-11-23,2650.0,2719.0,2626.0,2660.0,8199877775,3082602,373,2628.0,2641.0,40.25780379569961,-26.144879012796537,10.26087071281803,3073.5064050419887,2573.893594958011,2823.7,2726.42,-0.049223778871639534,0
2014-11-24,2709.0,2778.0,2680.0,2727.0,9482059501,3477641,395,2660.0,2714.0,45.9527361638871,-27.02929218910731,2.802838132432961,3074.275256518165,2569.924743481835,2822.1,2724.3,-0.08806190125276347,0
2014-11-25,2591.0,2667.0,2591.0,2598.0,4926241002,1895956,419,2727.0,2591.0,39.17634806198622,-37.22614818548618,-5.202959131150868,3083.763453407682,2541.1365465923177,2812.45,2720.14,-0.08220764183712848,0
2014-11-26,2551.0,2650.0,2551.0,2608.0,4259951267,1633648,287,2598.0,2619.0,41.298486904967525,-42.55729008366916,-12.673825321654526,3085.0465406099693,2517.753459390031,2801.4,2718.7,-0.09240168003054605,0
2014-11-29,2630.0,2658.0,2505.0,2578.0,5417056402,2101165,398,2608.0,2505.0,35.818930299987116,-55.34314439040918,-21.20768913540546,3100.4816661267027,2478.0183338732973,2789.25,2715.8,-0.06986027944111772,0
2014-11-30,2542.0,2597.0,2450.0,2483.0,4261802945,1716581,354,2578.0,2511.0,36.29799641311134,-64.25122802799251,-29.81639691392287,3107.7302744056715,2440.4697255943283,2774.1,2712.92,-0.10394265232974909,0
2014-12-01,2499.0,2518.0,2392.0,2469.0,2150289691,870905,208,2483.0,2475.0,34.62786681358982,-73.370082980196,-38.5271341271775,3105.305543295895,2400.394456704105,2752.85,2709.84,-0.06060606060606055,0
2014-12-02,2488.0,2500.0,2360.0,2392.0,3788203167,1583658,350,2469.0,2378.0,30.5491747377895,-87.41625044439934,-48.304957390621865,3077.4077361864465,2359.992263813553,2718.7,2706.4,-0.02649285113540789,0
2014-12-03,2380.0,2421.0,2345.0,2373.0,4121201480,1736601,264,2392.0,2377.0,30.50927775471399,-97.50465799675885,-58.144897511849265,3039.3687689073313,2330.731231092669,2685.05,2701.98,-0.09970551114850656,0
2014-12-06,2386.0,2449.0,2301.0,2350.0,3652780105,1554474,265,2373.0,2330.0,28.617562544144263,-108.04680456345886,-68.12527892217119,3024.646992672668,2286.453007327332,2655.55,2697.12,-0.10729613733905574,0
2014-12-07,2320.0,2350.0,2233.0,2266.0,5439433508,2400668,336,2350.0,2250.0,25.696900030784477,-121.4567848699794,-78.79158011173283,3011.197981481016,2233.4020185189843,2622.3,2690.7,-0.053333333333333344,0
2014-12-08,2280.0,2348.0,2226.0,2289.0,8180846004,3573814,418,2266.0,2325.0,32.63787494706884,-124.59615080961885,-87.95249425131004,2964.989715154329,2215.1102848456712,2590.05,2686.04,-0.10881720430107522,0
2014-12-09,2350.0,2350.0,2280.0,2312.0,2985660860,1291641,347,2289.0,2315.0,32.205886414181634,-126.43358964198978,-95.648713329446,2923.2000413337128,2197.3999586662876,2560.3,2680.34,-0.12311015118790491,0
2014-12-24,2189.0,2189.0,2050.0,2231.0,2913062076,1369816,120,2312.0,2140.0,25.776174201607404,-140.39245380248622,-104.59746142405405,2892.2252894806934,2151.6747105193062,2521.95,2671.94,-0.08177570093457942,0
2014-12-27,2102.0,2139.0,2035.0,2065.0,9884851654,4786829,535,2231.0,2080.0,24.006539125274656,-154.51529661994027,-114.5810284632313,2887.8396373657856,2087.860362634214,2487.85,2661.48,-0.0625,0
2014-12-28,2071.0,2140.0,2071.0,2106.0,4577456075,2173189,482,2065.0,2130.0,28.416948523235476,-159.83073989150762,-123.63097074888657,2857.2610502581397,2051.8389497418607,2454.55,2649.86,-0.0995305164319249,0
2014-12-29,2159.0,2159.0,2070.0,2099.0,2819087160,1343346,317,2106.0,2072.0,26.49595899677864,-166.80060866676376,-132.264898332462,2832.009965849169,2009.1900341508306,2420.6,2637.1,-0.0926640926640927,0
2014-12-30,2065.0,2073.0,2015.0,2042.0,2379206968,1165062,308,2099.0,2030.0,25.16911030450946,-173.7108977793805,-140.5540982218457,2818.448762662728,1959.751237337272,2389.1,2624.2,-0.10344827586206895,0
2014-12-31,2014.0,2014.0,1960.0,1984.0,1733794956,873780,220,2042.0,1965.0,23.23025876915662,-182.33051577041215,-148.909381731559,2800.57285591854,1907.12714408146,2353.85,2609.9,-0.09262086513994916,0
2015-01-03,1984.0,2050.0,1950.0,1988.0,1380898602,694600,183,1984.0,1950.0,22.793885993201215,-188.20251829021845,-156.7680090432909,2780.799511824451,1859.0004881755488,2319.9,2595.92,-0.12717948717948713,0
2015-01-04,1982.0,1982.0,1905.0,1930.0,2243716661,1162847,248,1988.0,1918.0,21.850876914014037,-193.21103857450817,-164.05661494953438,2751.601204978697,1815.8987950213032,2283.75,2582.38,-0.12408759124087587,0
2015-01-05,1900.0,1901.0,1878.0,1887.0,2195572523,1163813,163,1930.0,1880.0,20.7528966656988,-197.96459676220547,-170.8382113120686,2697.5815466573313,1786.5184533426693,2242.05,2568.34,-0.08085106382978724,0
2015-01-06,1880.0,1880.0,1819.0,1849.0,2218301327,1199475,239,1887.0,1820.0,19.11928217550701,-204.21921247322553,-177.5144115443,2664.8421723623596,1742.1578276376401,2203.5,2552.22,-0.0956043956043956,0
2015-01-07,1796.0,1830.0,1770.0,1791.0,1731281738,966870,212,1849.0,1783.0,18.169448099559176,-209.74383489669435,-183.96029621477888,2616.3247243606784,1707.0752756393213,2161.7,2535.78,-0.10151430173864273,0
2015-01-10,1760.0,1770.0,1702.0,1709.0,2145728134,1255766,255,1791.0,1702.0,16.26449328384639,-218.14353810714215,-190.79694459325157,2589.448910022266,1653.6510899777343,2121.55,2517.22,0.001175088131609936,0
2015-01-11,1700.0,1700.0,1626.0,1646.0,3056574972,1857296,182,1709.0,1680.0,15.780557614535113,-223.99352166966264,-197.4362600085338,2549.7688793439024,1610.2311206560976,2080.0,2498.62,-0.0023809523809523725,0
2015-01-12,1682.0,1728.0,1682.0,1727.0,3157509375,1828545,125,1646.0,1728.0,21.283750437896387,-222.19514956998887,-202.38803792082484,2499.4634301878914,1585.8365698121088,2042.65,2480.98,-0.05671296296296291,0
2015-01-13,1759.0,1759.0,1641.0,1673.0,5363433154,3206579,286,1727.0,1646.0,18.99969661791502,-224.79534066488804,-206.8694984696375,2466.804370570729,1545.2956294292708,2006.05,2459.0,-0.04374240583232081,0
2015-01-14,1660.0,1671.0,1602.0,1623.0,3166864390,1950658,228,1673.0,1602.0,17.89027000927149,-227.78072866613525,-211.05174450893708,2427.10304479204,1507.4969552079601,1967.3,2433.76,-0.06367041198501877,0
2015-01-17,1632.0,1704.0,1630.0,1702.0,6006794623,3529934,263,1623.0,1704.0,28.336972815822108,-219.38716395296842,-212.71882839774338,2377.650540586142,1494.3494594138579,1936.0,2409.74,-0.107981220657277,0
2015-01-18,1746.0,1746.0,1630.0,1686.0,1790603049,1061961,204,1702.0,1676.0,27.309795073741853,-212.54448887623676,-212.68396049344207,2338.0681975262714,1476.5318024737285,1907.3,2387.4,-0.12291169451073991,0
2015-01-19,1666.0,1689.0,1604.0,1631.0,1439315372,882593,122,1686.0,1630.0,25.66391018823296,-208.43077491154713,-211.8333233770631,2274.0663633029594,1471.0336366970405,1872.55,2365.08,-0.07361963190184051,0
2015-01-20,1550.0,1600.0,1550.0,1554.0,6344345616,4082816,476,1631.0,1574.0,23.784626956653554,-207.29973662113161,-210.92660602587682,2202.1041461850036,1468.8958538149964,1835.5,2340.88,-0.004447268106734459,0
2015-01-21,1540.0,1540.0,1480.0,1492.0,1655116965,1109504,206,1554.0,1500.0,21.540003216984516,-209.9543392526166,-210.7321526712248,2169.929529377801,1437.070470622199,1803.5,2314.08,0.08533333333333326,1
2015-01-24,1500.0,1533.0,1453.0,1495.0,978289776,654378,97,1492.0,1520.0,23.637542312901843,-208.04607249092965,-210.1949366351658,2138.7060021531,1412.2939978468999,1775.5,2289.52,0.12236842105263168,1
2015-01-25,1501.0,1562.0,1470.0,1512.0,1255476569,830489,232,1495.0,1470.0,22.050444071143772,-208.16870027033792,-209.78968936220025,2090.486493990843,1394.513506009157,1742.5,2262.64,0.217687074829932,1
2015-01-26,1506.0,1510.0,1480.0,1493.0,821988804,550697,72,1512.0,1510.0,26.31297167166221,-202.70160009442884,-208.372071508646,2041.5595329499665,1387.2404670500337,1714.4,2234.84,0.15298013245033104,1
2015-01-27,1505.0,1567.0,1505.0,1551.0,1316465261,848920,153,1493.0,1567.0,32.01786957846676,-191.5612612090938,-205.00990944873556,1990.105065207269,1392.394934792731,1691.25,2204.96,0.10848755583918313,1
2015-01-28,1580.0,1628.0,1580.0,1625.0,6694893776,4119644,281,1551.0,1628.0,37.58681359875974,-175.78394429084983,-199.16471641715842,1946.412793816838,1402.387206183162,1674.4,2176.52,0.11425061425061434,1
2015-01-31,1659.0,1706.0,1659.0,1705.0,1791690482,1050907,82,1625.0,1706.0,43.91362520739638,-155.1973405025867,-190.3712412342441,1903.8696919351744,1420.5303080648257,1662.2,2152.24,0.1184056271981242,1
2015-02-01,1790.0,1790.0,1755.0,1782.0,8358110787,4689055,455,1705.0,1790.0,49.81376777848865,-130.59874960861862,-178.41674290911902,1875.8459951920104,1435.7540048079895,1655.8,2129.74,0.007821229050279266,0
2015-02-02,1809.0,1858.0,1711.0,1773.0,2470590928,1393423,306,1782.0,1741.0,46.72586269757686,-113.74687640555408,-165.48276960840604,1847.9120757453375,1449.7879242546624,1648.85,2105.16,0.018380241240666173,0
2015-02-03,1713.0,1799.0,1713.0,1752.0,1786249909,1019741,197,1773.0,1737.0,46.47260644533454,-99.56666946405858,-152.29954957953657,1832.4563314512795,1456.9436685487206,1644.7,2081.7,-0.00978698906160047,0
2015-02-04,1771.0,1839.0,1771.0,1818.0,3973538507,2185615,275,1752.0,1814.0,51.87950644728774,-81.1797076783962,-138.07558119930852,1838.9932229678716,1453.5067770321284,1646.25,2059.84,-0.03638368246968027,0
2015-02-07,1780.0,1908.0,1760.0,1885.0,5200903910,2759414,323,1818.0,1908.0,57.52070462734888,-58.35026801523168,-122.13051856249317,1879.7239008039296,1433.3760991960703,1656.55,2042.76,-0.11425576519916147,0
2015-02-08,1957.0,1957.0,1802.0,1866.0,4926654559,2639706,330,1885.0,1804.0,50.4709652222359,-48.09529086585485,-107.3234730231655,1894.89467471825,1430.60532528175,1662.75,2022.92,-0.06707317073170727,0
2015-02-09,1828.0,1850.0,1773.0,1786.0,1452637422,813369,103,1866.0,1773.0,48.560474954426766,-41.985604599353564,-94.25589933840313,1900.4790861202794,1429.5209138797206,1665.0,2003.36,-0.05809362662154538,0
2015-02-10,1767.0,1769.0,1697.0,1717.0,2560619243,1491316,245,1786.0,1720.0,45.396558488414385,-40.94826516435273,-83.59437250359305,1905.191944894624,1432.2080551053762,1668.7,1984.56,-0.05813953488372092,0
2015-02-14,1715.0,1800.0,1711.0,1748.0,974732648,557584,76,1717.0,1748.0,47.34829578314435,-37.43526970770699,-74.36255194441584,1912.8189181633122,1439.1810818366878,1676.0,1966.12,-0.09610983981693366,0
2015-02-15,1739.0,1739.0,1682.0,1701.0,1443437870,848693,131,1748.0,1690.0,43.85172240454935,-38.8830907065435,-67.26665969684137,1911.8663543280015,1438.7336456719984,1675.3,1947.34,-0.09999999999999998,0
2015-02-16,1710.0,1734.0,1662.0,1697.0,1008841822,594537,113,1701.0,1683.0,43.434823184642504,-40.132715811540265,-61.839870919781156,1912.2401730842632,1439.059826915737,1675.65,1928.18,-0.09982174688057044,0
2015-02-17,1700.0,1700.0,1632.0,1667.0,2111198123,1266725,129,1697.0,1670.0,42.6243618289144,-41.69145097002456,-57.81018692982984,1913.337314041383,1441.9626859586172,1677.65,1907.3,-0.07245508982035931,0
2015-02-18,1675.0,1680.0,1600.0,1626.0,1758774833,1081632,198,1667.0,1620.0,39.566399565933786,-46.42616995778235,-55.53338353542034,1912.422342441077,1447.477657558923,1679.95,1887.88,-0.06666666666666665,0
2015-02-21,1610.0,1648.0,1576.0,1601.0,3977268589,2484264,467,1626.0,1580.0,37.26321258801206,-52.79751765522474,-54.986210359381225,1906.4381794613846,1461.4618205386155,1683.95,1867.1,0.0170886075949368,0
2015-02-22,1560.0,1570.0,1521.0,1534.0,10747974014,7005763,1073,1601.0,1521.0,34.1092832355296,-61.894185877948075,-56.3678054630946,1906.3411792719496,1461.6588207280504,1684.0,1847.42,0.10453648915187386,1
2015-03-15,1465.0,1527.0,1465.0,1476.0,5939580318,4022911,399,1534.0,1515.0,33.796011625039995,-68.79449077178583,-58.85314252483285,1900.6523087563219,1471.8476912436781,1686.25,1827.5,0.12211221122112215,1
2015-03-16,1510.0,1549.0,1488.0,1523.0,6674295700,4381661,558,1476.0,1549.0,37.30968393283862,-70.70447904163825,-61.22340982819393,1896.785330260882,1479.6146697391182,1688.2,1808.98,0.10393802453195611,1
2015-03-17,1551.0,1559.0,1506.0,1535.0,1910615404,1244995,228,1523.0,1512.0,35.12494169732017,-74.34672650044968,-63.84807316264508,1901.6651474805622,1469.234852519438,1685.45,1791.66,0.08333333333333326,1
2015-03-18,1521.0,1611.0,1521.0,1605.0,3508194047,2185557,357,1535.0,1607.0,44.16536705252111,-68.77473546105193,-64.83340562232645,1901.9209415206758,1466.8790584793244,1684.4,1776.26,0.0018668326073427721,0
2015-03-25,1639.0,1685.0,1630.0,1677.0,3202832492,1909399,281,1605.0,1680.0,49.938349125556414,-57.80209592350593,-63.42714368256235,1900.3997008742563,1465.8002991257435,1683.1,1763.26,0.017857142857142794,0
2015-03-28,1690.0,1735.0,1636.0,1693.0,2400900572,1417958,280,1677.0,1700.0,51.42033107196635,-46.95114362573054,-60.13194367119599,1890.5192298967731,1466.6807701032267,1678.6,1752.26,0.055882352941176494,1
2015-03-29,1740.0,1760.0,1698.0,1724.0,4488159905,2603886,436,1693.0,1710.0,52.18254847410681,-37.11690870723737,-55.528936678404264,1887.5698090442834,1466.5301909557165,1677.05,1739.96,0.005847953216374213,0
2015-03-30,1655.0,1739.0,1638.0,1655.0,6889155896,4163531,504,1724.0,1638.0,46.52268145457735,-34.73262882856329,-51.36967510843607,1881.4006450062725,1462.7993549937273,1672.1,1726.42,0.02869352869352859,0
2015-03-31,1615.0,1675.0,1600.0,1629.0,1241702467,762314,189,1655.0,1610.0,44.50123062672079,-34.70240808226845,-48.03622170320255,1862.2366167230596,1461.5633832769406,1661.9,1715.82,0.05776397515527942,1
2015-04-04,1710.0,1710.0,1710.0,1710.0,40896360,23916,10,1629.0,1710.0,52.44805132183889,-26.30605384420528,-43.690188131403104,1819.6078757100704,1484.3921242899296,1652.0,1708.42,-0.04678362573099415,0
2015-04-05,1795.0,1795.0,1795.0,1795.0,632409015,352317,28,1710.0,1795.0,57.95855509029196,-12.647302759178956,-37.48161105695827,1817.5638247256607,1485.5361752743393,1651.55,1701.72,-0.1264623955431755,0
2015-04-06,1870.0,1870.0,1710.0,1773.0,10142461815,5721574,626,1795.0,1720.0,52.20946339678999,-7.7847792280708745,-31.542244691180795,1808.648427222438,1489.1515727775623,1648.9,1694.68,-0.06976744186046513,0
2015-04-07,1691.0,1770.0,1685.0,1705.0,3716481806,2179957,307,1773.0,1685.0,49.730359388604,-6.678417154090539,-26.569479183762745,1804.4932871146482,1489.806712885352,1647.15,1687.78,-0.05637982195845692,0
2015-04-08,1669.0,1759.0,1669.0,1711.0,2114686830,1235714,220,1705.0,1703.0,51.01851002928714,-4.299604507478307,-22.11550424850586,1797.6296958683631,1492.170304131637,1644.9,1682.54,-0.07222548443922494,0
2015-04-11,1701.0,1706.0,1627.0,1643.0,2603297979,1584166,229,1711.0,1630.0,45.88338138750206,-8.210225886828084,-19.334448576170306,1793.31981376307,1490.4801862369302,1641.9,1676.14,0.016564417177914015,0
2015-04-12,1621.0,1621.0,1563.0,1574.0,2492053808,1583743,267,1643.0,1568.0,42.01539024370587,-16.126408153989814,-18.69284049173421,1789.6104509313163,1482.6895490686838,1636.15,1669.14,0.08864795918367352,1
2015-04-13,1580.0,1620.0,1524.0,1586.0,3075225577,1938501,311,1574.0,1600.0,44.61075539929265,-19.592061974085254,-18.87268478820442,1786.0557039358155,1479.2442960641847,1632.65,1663.54,0.11874999999999991,1
2015-04-14,1630.0,1638.0,1590.0,1599.0,1896194260,1185828,181,1586.0,1590.0,43.94874184299486,-22.88176725223343,-19.674501281010222,1785.6042327035525,1476.6957672964477,1631.15,1658.94,0.09433962264150941,1
2015-04-15,1620.0,1620.0,1550.0,1579.0,2429410061,1538593,150,1599.0,1580.0,43.25743202803383,-25.99613158978832,-20.938827342765844,1785.6042327035525,1476.6957672964477,1631.15,1654.88,0.10759493670886067,1
2015-04-18,1535.0,1657.0,1535.0,1626.0,8236355757,5065925,422,1579.0,1657.0,49.80476164651055,-21.997458274883456,-21.15055352918937,1784.1628243350867,1491.7371756649134,1637.95,1653.98,0.09293904646952322,1
2015-04-19,1707.0,1707.0,1707.0,1707.0,1195118496,700128,57,1626.0,1707.0,53.55259791327177,-14.625307292836851,-19.845504281918867,1785.171909593068,1509.928090406932,1647.55,1654.52,0.11247803163444647,1
2015-04-20,1792.0,1792.0,1756.0,1791.0,46761558268,26105323,1721,1707.0,1790.0,59.02224184345891,-2.061652736614178,-16.28873397285793,1802.6907404413093,1516.5092595586905,1659.6,1655.76,0.07206703910614531,1
2015-04-21,1800.0,1849.0,1720.0,1771.0,7553225397,4265863,504,1791.0,1740.0,54.833172081680985,3.816556989618448,-12.267675780362655,1800.9646105678073,1541.0353894321927,1671.0,1657.64,0.09367816091954029,1
2015-04-22,1739.0,1760.0,1700.0,1725.0,6418576003,3721396,463,1771.0,1750.0,55.51323238046155,9.176219231087089,-7.978896778072707,1808.9754944574704,1547.3245055425298,1678.15,1660.6,0.07714285714285718,1
2015-04-25,1750.0,1811.0,1750.0,1809.0,32458391024,17938261,871,1725.0,1811.0,59.517387392759176,18.13690937205456,-2.7557355480472543,1827.7833323627926,1541.6166676372075,1684.7,1662.74,-0.00331308669243513,0
2015-04-26,1870.0,1899.0,1834.0,1897.0,30168414450,15905379,1002,1809.0,1899.0,64.48381250403489,31.970647694783338,4.1895411005188645,1865.5736964263324,1523.7263035736678,1694.65,1667.2,-0.08741442864665616,0
2015-04-27,1915.0,1970.0,1820.0,1915.0,21136082676,11038697,1136,1897.0,1919.0,65.51915783649719,44.04015039555634,12.15966295952636,1902.0709623270411,1508.1290376729587,1705.1,1672.98,-0.13861386138613863,0
2015-04-28,1910.0,1998.0,1882.0,1935.0,10210058061,5277101,543,1915.0,1903.0,63.9139574000535,51.71807814806402,20.071345997233895,1930.547337400921,1506.152662599079,1718.35,1679.56,-0.07094062007356805,0
2015-04-29,1941.0,1946.0,1850.0,1899.0,5687084933,2994101,344,1935.0,1885.0,62.07152903100018,55.70827136557841,27.1987310709028,1949.9943780826843,1514.2056219173155,1732.1,1687.26,-0.10079575596816981,0
2015-05-03,1917.0,1917.0,1805.0,1824.0,5978465457,3277948,304,1899.0,1805.0,54.545650660017515,51.81787264578929,32.122559385880095,1956.742951228637,1516.957048771363,1736.85,1692.96,-0.067590027700831,0
2015-05-04,1795.0,1829.0,1733.0,1736.0,5848933169,3369366,298,1824.0,1733.0,48.809786561418,42.435732649990996,34.18519403870228,1952.018527277846,1515.481472722154,1733.75,1698.22,-0.007501442585112539,0
2015-05-05,1666.0,1750.0,1650.0,1684.0,5698693533,3384297,406,1736.0,1653.0,43.35452774300381,28.219688691460078,32.99209296925384,1951.4487728987428,1509.3512271012573,1730.4,1701.08,0.046581972171808816,0
2015-05-06,1650.0,1768.0,1650.0,1736.0,3087637597,1778305,212,1684.0,1768.0,51.709789934949704,25.933959792993164,31.580466334001706,1955.1496146869704,1513.9503853130295,1734.55,1705.1,-0.022624434389140302,0
2015-05-09,1822.0,1822.0,1695.0,1771.0,6791389796,3835827,387,1736.0,1695.0,46.9733095417019,18.0242410287467,28.869221272950707,1955.0058579708489,1513.2941420291513,1734.15,1706.44,-0.020648967551622377,0
2015-05-10,1730.0,1732.0,1683.0,1701.0,4275198379,2513906,271,1771.0,1683.0,46.223775342330676,10.664498509422629,25.22827672024509,1953.832347819489,1519.7676521805108,1736.8,1705.98,0.010101010101010166,0
2015-05-11,1690.0,1760.0,1682.0,1733.0,2602990393,1502053,204,1701.0,1720.0,48.92968913520918,7.7283526779363,21.728291911783334,1947.4511265667825,1541.3488734332177,1744.4,1704.58,-0.021511627906976694,0
2015-05-12,1757.0,1777.0,1716.0,1751.0,2053592065,1172820,216,1733.0,1730.0,49.666847400501005,6.137601924743876,18.61015391437544,1943.076897675135,1558.7231023248653,1750.9,1704.36,-0.023121387283236983,0
2015-05-13,1720.0,1770.0,1701.0,1723.0,2051425535,1190367,129,1751.0,1728.0,49.51291663580174,4.661798891048875,15.82048290971013,1935.7568487022597,1579.8431512977402,1757.8,1704.18,0.04166666666666674,0
2015-05-17,1750.0,1750.0,1644.0,1663.0,2360399535,1419694,189,1723.0,1660.0,44.46678929632936,-1.972084384820846,12.261969450803935,1926.7091871304897,1596.8908128695102,1761.8,1701.1,0.12951807228915668,1
2015-05-18,1664.0,1739.0,1664.0,1706.0,1630535037,955829,185,1663.0,1700.0,47.83467522568518,-3.9562141948631506,9.018332721670518,1924.3987145477918,1603.5012854522083,1763.95,1696.94,0.15941176470588236,1
2015-05-19,1710.0,1740.0,1680.0,1707.0,1719467990,1007216,133,1706.0,1683.0,46.54277064992499,-6.821772146379544,5.8503117480605065,1925.2306142284021,1600.2693857715979,1762.75,1694.52,0.13844325609031483,1
2015-05-20,1700.0,1734.0,1690.0,1715.0,1803062345,1051483,161,1707.0,1690.0,47.175411932158866,-8.430721856013406,2.994105027245724,1922.7043876350035,1592.7956123649965,1757.75,1692.86,0.15384615384615374,1
2015-05-23,1700.0,1800.0,1690.0,1786.0,12121147054,6786463,614,1715.0,1800.0,55.98965771948977,-0.8202896130653698,2.2312260991835053,1926.484576959785,1595.015423040215,1760.75,1694.46,0.08444444444444454,1
2015-05-24,1860.0,1875.0,1825.0,1866.0,14352633972,7691292,759,1786.0,1875.0,60.79322048404152,11.134553763752137,4.011891632097232,1939.9138513828163,1594.0861486171837,1767.0,1697.0,0.0074666666666667325,0
2015-06-08,1914.0,1997.0,1910.0,1950.0,42501153502,21791052,1840,1866.0,1971.0,65.92059848585205,28.03211420127309,8.815936145932405,1968.8535529724395,1581.1464470275605,1775.0,1702.62,-0.042110603754439424,0
2015-06-09,2000.0,2039.0,1900.0,1976.0,18308636765,9266735,908,1950.0,1916.0,60.99871853509312,36.56402492353277,14.36555390145248,1972.0063407082175,1579.6936592917823,1775.85,1707.28,0.03705636743215024,0
2015-06-10,1927.0,1968.0,1878.0,1911.0,8014854059,4194321,521,1976.0,1950.0,62.845527142208084,45.54413702873876,20.601270526909737,1978.4844598670877,1576.3155401329125,1777.4,1712.88,0.05230769230769239,1
2015-06-13,1970.0,1995.0,1930.0,1968.0,7777601522,3952862,426,1911.0,1952.0,62.9566463337674,52.220360051008356,26.925088431729463,1988.0636162695375,1571.6363837304623,1779.85,1719.52,0.050204918032786816,1
2015-06-14,1941.0,1980.0,1882.0,1931.0,5421644995,2807684,332,1968.0,1889.0,57.15771380404942,51.83027427015418,31.90612559941441,1988.674519172695,1571.425480827305,1780.05,1725.7,0.09370037056643721,1
2015-06-15,1909.0,1930.0,1851.0,1898.0,3124319739,1646439,254,1931.0,1888.0,57.06785881770565,50.85422103136352,35.69574468580423,1997.8853761960281,1570.514623803972,1784.2,1733.04,0.1514830508474576,1
2015-06-16,1871.0,1990.0,1871.0,1963.0,9757680574,4970161,529,1898.0,1987.0,63.23059787460448,57.40740757041522,40.03807726272643,2026.5030487603283,1567.296951239672,1796.9,1742.48,0.1444388525415199,1
2015-06-17,1999.0,2061.0,1981.0,2043.0,27688866062,13550573,989,1963.0,2052.0,66.61870587175486,67.07264024265896,45.44498985871294,2061.797565817742,1571.902434182258,1816.85,1752.54,0.11111111111111116,1
2015-06-20,2070.0,2129.0,2035.0,2071.0,10222072544,4935219,535,2043.0,2050.0,66.41591697502682,73.72121125091076,51.100234137152505,2094.7654468563896,1567.1345531436104,1830.95,1763.3,0.11707317073170742,1
2015-06-21,2060.0,2118.0,2003.0,2071.0,7030355323,3395374,319,2071.0,2066.0,67.27416610657656,79.3664311434054,56.753473538403085,2124.4098033901955,1574.5901966098047,1849.5,1772.48,0.07502420135527599,1
2015-06-22,2075.0,2174.0,2061.0,2166.0,22747193586,10503635,948,2071.0,2174.0,72.40112378586771,91.50024808318449,63.702828447359366,2171.8421926445267,1576.2578073554732,1874.05,1782.36,0.031738730450781905,0
2015-06-23,2250.0,2274.0,2250.0,2272.0,56493074539,24869331,1923,2166.0,2274.0,76.13003260928681,107.94126992394354,72.5505167426762,2237.6915871844894,1565.8084128155103,1901.75,1793.84,0.00923482849604218,0
2015-06-24,2289.0,2368.0,2251.0,2289.0,35487627093,15503655,1515,2272.0,2280.0,76.33661965442438,120.07094492825377,82.0546023797917,2293.319704864375,1565.180295135625,1929.25,1805.24,0.020614035087719307,0
2015-06-27,2295.0,2395.0,2282.0,2337.0,27794399353,11890770,1485,2289.0,2290.0,76.69858499391077,129.00364249655104,91.44441040314358,2341.167808341447,1573.5321916585524,1957.35,1818.28,0.04716157205240168,0
2015-06-28,2269.0,2298.0,2221.0,2230.0,8305715309,3724313,338,2337.0,2221.0,68.87047281776609,129.02779423813377,98.96108717014162,2360.0835464762645,1610.7164535237357,1985.4,1830.5,0.022062134173795656,0
2015-06-29,2150.0,2285.0,2120.0,2186.0,26257196285,12011697,979,2230.0,2243.0,69.924474224409,129.3313000842386,105.03512975296103,2379.1835909324595,1645.9164090675404,2012.55,1841.16,-0.012483281319661144,0
2015-06-30,2280.0,2295.0,2241.0,2284.0,22627397214,9906027,1079,2186.0,2295.0,72.31087430536007,132.2433767433322,110.47677915103527,2396.575678184295,1689.724321815705,2043.15,1851.16,-0.02352941176470591,0
2015-07-01,2310.0,2361.0,2270.0,2321.0,24053912739,10364169,1099,2284.0,2327.0,73.69416494270509,135.57057780964942,115.4955388827581,2409.698670448551,1740.3013295514488,2075.0,1863.3,-0.06360120326600771,0
2015-07-04,2375.0,2419.0,2351.0,2389.0,26456431117,11072497,1088,2321.0,2398.0,76.49944005476641,142.29621308599872,120.85567372340623,2442.8170904231197,1766.9829095768805,2104.9,1877.56,-0.11384487072560467,0
2015-07-05,2392.0,2393.0,2270.0,2295.0,30299121190,13204486,1201,2389.0,2270.0,63.37758198180252,135.7331499767456,123.8311689740741,2452.534903586649,1796.7650964133513,2124.65,1888.9,-0.04537444933920709,0
2015-07-06,2263.0,2300.0,2190.0,2231.0,27355999820,12262456,1160,2295.0,2215.0,58.71701800088279,124.65686805380665,123.99630879002062,2459.067488662589,1814.6325113374112,2136.85,1900.6,-0.0022573363431150906,0
2015-07-07,2230.0,2298.0,2230.0,2261.0,25183463065,11136774,1089,2231.0,2241.0,60.20674806401556,116.63235238137531,122.52351750829156,2461.616385302345,1844.5836146976549,2153.1,1914.06,-0.06024096385542166,0
2015-07-11,2150.0,2200.0,2148.0,2157.0,30290971701,14040354,1317,2261.0,2179.0,55.10057341436201,104.07032611515251,118.83287922966375,2458.730539805108,1870.3694601948926,2164.55,1925.64,-0.11840293712712258,0
2015-07-12,2179.0,2219.0,2111.0,2150.0,24698794984,11489511,1266,2157.0,2125.0,51.040341677988934,88.73460381409313,112.81322414654963,2451.6245678815435,1894.7754321184564,2173.2,1936.34,-0.06635294117647061,0
2015-07-13,2218.0,2250.0,2155.0,2198.0,21455147984,9761509,1179,2150.0,2167.0,53.88652437274358,79.05864356324491,106.0623080298887,2433.2730285795415,1940.9269714204586,2187.1,1948.08,-0.061836640516843566,0
2015-07-14,2200.0,2255.0,2095.0,2168.0,25554324665,11788837,1089,2198.0,2210.0,56.6641611366949,74.00700925203091,99.65124827431714,2407.594324774498,1998.8056752255015,2203.2,1959.14,-0.09457013574660633,0
2015-07-15,2198.0,2198.0,2081.0,2112.0,11196638128,5301680,573,2168.0,2106.0,48.97970207579073,60.90949508510221,91.90289763647417,2394.0188994937303,2024.2811005062701,2209.15,1967.12,-0.06980056980056981,0
2015-07-27,1971.0,2010.0,1902.0,1959.0,8399901455,4287087,434,2112.0,1921.0,38.879158134899306,35.195949853632555,80.56150807990585,2416.30952248326,1988.8904775167398,2202.6,1969.74,0.0020822488287350893,0
2015-07-28,1950.0,2017.0,1898.0,1958.0,10030888864,5123982,706,1959.0,1984.0,43.17659386567111,19.674557437482235,68.38411795142113,2424.0844300658373,1974.515569934163,2199.3,1974.62,-0.0020161290322581182,0
2015-07-29,2020.0,2044.0,2000.0,2025.0,24724939737,12210098,770,1958.0,2033.0,46.33694728113324,11.198542781666674,56.94700291747024,2426.766804272457,1968.5331957275432,2197.65,1980.28,-0.016232169208066916,0
2015-08-01,2050.0,2090.0,2001.0,2045.0,6200634500,3031582,395,2025.0,2001.0,44.592689624154325,1.8774652845841047,45.93309539089302,2433.5763684414824,1944.4236315585179,2189.0,1984.08,0.05197401299350335,1
2015-08-02,2002.0,2014.0,1952.0,1981.0,8750636481,4417441,519,2045.0,1959.0,42.339917702848894,-8.797196176487432,34.987037077416936,2433.942059718021,1912.557940281979,2173.25,1985.28,0.1281265952016335,1
2015-08-03,1990.0,1999.0,1910.0,1943.0,6979165409,3592543,427,1981.0,1925.0,40.55384196477335,-19.772532692409186,24.03512312345171,2432.531767131542,1878.468232868458,2155.5,1985.4,0.1298701298701299,1
2015-08-04,1922.0,2020.0,1900.0,1970.0,12894609663,6545052,651,1943.0,1980.0,44.62337694351591,-23.758650672776184,14.476368364206131,2419.8706844241206,1860.1293155758794,2140.0,1986.94,0.09747474747474749,1
2015-08-05,2009.0,2040.0,1970.0,2005.0,8774068880,4377094,462,1970.0,2000.0,46.06918281634291,-25.015482131208955,6.577998265123114,2412.581785947954,1845.3182140520457,2128.95,1989.24,0.05899999999999994,1
2015-08-08,2105.0,2105.0,2105.0,2105.0,1374651305,653041,67,2005.0,2105.0,53.00613454031355,-17.33903404728926,1.794591802640639,2400.922354312912,1843.1776456870882,2122.05,1995.24,0.016627078384798155,0
2015-08-09,2210.0,2210.0,2191.0,2210.0,161420330304,73042681,2698,2105.0,2210.0,58.72376902647671,-2.7510586647617856,0.8854617091601541,2388.469983559364,1847.1300164406362,2117.8,2004.78,-0.06244343891402715,0
2015-08-10,2220.0,2240.0,2171.0,2208.0,34252684445,15512508,1686,2210.0,2175.0,56.26630567815535,5.91759508126097,1.8918883835803173,2365.0188376082638,1855.381162391736,2110.2,2015.22,-0.06068965517241376,0
2015-08-12,2171.0,2198.0,2160.0,2171.0,14715987787,6777234,720,2208.0,2173.0,56.12177794759033,12.482294226079375,4.009969552080129,2319.5160671998915,1878.3839328001081,2098.95,2023.32,-0.06212609295904281,0
2015-08-15,2161.0,2161.0,2063.0,2098.0,15628011030,7450180,830,2171.0,2118.0,52.154336008665894,13.09586427713566,5.827148497091236,2297.8428812332945,1884.8571187667055,2091.35,2031.78,-0.062322946175637384,0
2015-08-16,2125.0,2179.0,2097.0,2116.0,7598540969,3591744,398,2098.0,2140.0,53.56830021652689,15.18232669004692,7.698184135682373,2287.5963999676683,1887.6036000323315,2087.6,2040.92,-0.07476635514018692,0
2015-08-17,2147.0,2149.0,2070.0,2098.0,5074233889,2419099,309,2116.0,2072.0,48.77068311341244,11.219500071216316,8.402447322789161,2266.3806331774476,1891.9193668225528,2079.15,2047.96,-0.02075289575289574,0
2015-08-18,2070.0,2088.0,2035.0,2050.0,7526272631,3671786,346,2098.0,2043.0,46.843850140214656,5.673473517189905,7.856652561669311,2254.387660938686,1890.3123390613137,2072.35,2054.22,-0.052373959862946684,0
2015-08-19,2063.0,2095.0,2030.0,2058.0,7579537492,3683619,441,2050.0,2038.0,46.50271985646337,0.8647806498793216,6.458278179311312,2248.9519273178053,1887.048072682195,2068.0,2060.42,-0.052502453385672276,0
2015-08-22,2080.0,2080.0,1980.0,2006.0,6607295638,3293882,484,2058.0,1986.0,42.99590520823969,-7.060716960120317,3.754479151424987,2237.2771992715316,1880.6228007284683,2058.95,2066.94,-0.007552870090634434,0
2015-08-23,1990.0,1998.0,1935.0,1956.0,8071943659,4127102,500,2006.0,1980.0,42.59674844108341,-13.668320877241513,0.2699191456916874,2214.6474581147363,1880.252541885264,2047.45,2072.54,-0.020707070707070674,0
2015-08-24,1985.0,2044.0,1956.0,2013.0,8138495914,4043179,540,1956.0,2029.0,46.92982564672415,-14.780622283792127,-2.740189140205076,2208.7610123486443,1878.4389876513555,2043.6,2079.46,-0.051749630359783194,0
2015-08-25,2019.0,2019.0,1924.0,1947.0,10628914769,5460238,558,2013.0,1936.0,40.65695496428919,-22.90244677856799,-6.772640667877659,2207.4000229991675,1881.2999770008323,2044.35,2084.38,0.00723140495867769,0
2015-08-26,1941.0,1979.0,1908.0,1927.0,5141746314,2668171,350,1947.0,1931.0,40.34472406322835,-29.40356344224051,-11.298825222750231,2210.2183669515853,1873.1816330484148,2041.7,2087.0,0.009839461418953865,0
2015-08-29,1940.0,1999.0,1940.0,1971.0,3760095341,1907742,217,1927.0,1971.0,44.046762505916114,-30.97106437882462,-15.23327305396511,2209.9025393858165,1867.2974606141834,2038.6,2088.92,0.03399289700659569,0
2015-08-30,1952.0,1954.0,1924.0,1934.0,4411184510,2281142,276,1971.0,1939.0,41.81133412190646,-34.39892335331251,-19.06640311383459,2211.5891819505937,1859.410818049406,2035.5,2088.28,0.03145951521402779,0
2015-08-31,1953.0,1953.0,1920.0,1930.0,2280475280,1181683,199,1934.0,1924.0,40.76690148057614,-37.8891385230304,-22.83095019567375,2213.5030250093982,1853.9969749906015,2033.75,2088.44,-0.028066528066528096,0
2015-09-01,1939.0,1980.0,1921.0,1953.0,3287396934,1683604,261,1930.0,1950.0,43.40581404369201,-38.1177784591564,-25.888315848370283,2212.037849060672,1857.9621509393278,2035.0,2088.44,-0.10051282051282051,0
2015-09-02,1950.0,1973.0,1921.0,1941.0,4402546744,2268222,288,1953.0,1950.0,43.40581404369201,-37.8625216745354,-28.283157013603308,2212.8694511337685,1854.1305488662313,2033.5,2088.4,-0.12871794871794873,0
2015-09-05,1977.0,2038.0,1977.0,2026.0,9233218963,4557775,541,1941.0,2038.0,51.82980091604122,-30.21110941678944,-28.668747494240538,2214.113625669755,1856.686374330245,2035.4,2091.38,-0.2051030421982336,0
2015-09-06,2042.0,2060.0,1990.0,2009.0,6478715020,3225105,455,2026.0,2000.0,48.47440364739024,-26.903466087595007,-28.315691212911435,2206.5305828316414,1853.7694171683586,2030.15,2093.62,-0.17000000000000004,0
2015-09-09,1846.0,1880.0,1802.0,1846.0,15405604009,8344047,505,2009.0,1870.0,39.13925218747399,-34.375785803039435,-29.527710130937038,2182.308239527462,1843.9917604725383,2013.15,2091.28,-0.09572192513368982,0
2015-09-12,1840.0,1880.0,1754.0,1788.0,20987478423,11738687,1065,1846.0,1754.0,33.02728412038377,-49.09198175328197,-33.440564455406026,2179.27574629217,1804.9242537078296,1992.1,2085.32,-0.05359179019384264,0
2015-09-13,1739.0,1750.0,1699.0,1705.0,9055336099,5310355,547,1788.0,1699.0,30.58827760949906,-64.44977650913256,-39.64240686615133,2176.7856041093814,1760.014395890619,1968.4,2078.3,-0.05297233666862855,0
2015-09-14,1670.0,1676.0,1620.0,1630.0,10883726367,6677067,653,1705.0,1620.0,27.452332627338976,-82.04976070235875,-48.12387763339282,2189.9650076583544,1697.0349923416456,1943.5,2069.38,0.0,0
2015-09-15,1575.0,1678.0,1552.0,1611.0,14751017272,9156987,1055,1630.0,1660.0,31.293211775736964,-91.71299890842079,-56.84170188839842,2177.943417405113,1661.056582594887,1919.5,2059.1,-0.009036144578313254,0
2015-09-16,1680.0,1691.0,1656.0,1687.0,3495435891,2071771,312,1611.0,1691.0,34.200680023572474,-95.76581517917111,-64.62652454655296,2167.1569365427795,1633.7430634572206,1900.45,2047.44,-0.012418687167356612,0
2015-09-19,1725.0,1730.0,1651.0,1686.0,11377406609,6746344,646,1687.0,1660.0,32.71001270761775,-100.32268473398494,-71.76575658403937,2159.085600778793,1603.514399221207,1881.3,2035.04,-0.02409638554216864,0
2015-09-20,1688.0,1699.0,1602.0,1613.0,8577204727,5315970,476,1686.0,1609.0,30.36516421108921,-106.81797928850892,-78.77620112493328,2151.813884752953,1567.8861152470467,1859.85,2021.42,-0.003729024238657508,0
2015-09-21,1600.0,1620.0,1534.0,1567.0,4331758901,2764869,370,1613.0,1620.0,31.505665854406246,-109.81209349175674,-84.98337959829797,2145.237652037478,1537.8623479625219,1841.55,2009.4,0.0,0
2015-09-22,1597.0,1645.0,1597.0,1635.0,3357616288,2053882,297,1567.0,1645.0,34.14555950100436,-108.91218759980825,-89.76914119860002,2133.0152494605627,1516.5847505394372,1824.8,1997.44,-0.007902735562310026,0
2015-09-23,1667.0,1705.0,1655.0,1680.0,3893084965,2316726,405,1635.0,1670.0,36.77001692453441,-104.9716666007057,-92.80964627902117,2107.1180635699334,1506.5819364300664,1806.85,1984.94,-0.006586826347305341,0
2015-09-26,1690.0,1690.0,1606.0,1622.0,3043167587,1875634,244,1680.0,1620.0,33.86332659642483,-104.67670950339493,-95.18305892389593,2095.6956794376674,1486.4043205623325,1791.05,1970.8,0.01790123456790127,0
2015-09-27,1610.0,1629.0,1545.0,1583.0,9814034834,6197734,636,1622.0,1603.0,32.91073633912946,-104.6088461422155,-97.06821636755984,2082.6897863913664,1466.6102136086336,1774.65,1954.9,0.06612601372426696,1
2015-09-28,1581.0,1650.0,1581.0,1617.0,3050404851,1886571,292,1583.0,1620.0,34.88339943316441,-102.00742788326033,-98.05605867069994,2058.3128151324895,1455.8871848675103,1757.1,1941.9,0.07839506172839505,1
2015-09-29,1611.0,1660.0,1610.0,1628.0,3933145262,2415571,311,1617.0,1632.0,36.30706558661789,-97.84953690677708,-98.01475431791538,2035.5171697110484,1447.9828302889516,1741.75,1930.24,0.06556372549019618,1
2015-09-30,1649.0,1659.0,1620.0,1635.0,4011030366,2453582,292,1628.0,1659.0,39.51153552350259,-91.32298942483953,-96.67640133930021,2011.9138317020545,1445.0861682979455,1728.5,1918.6,0.05786618444846292,1
2015-10-03,1643.0,1674.0,1603.0,1628.0,6233643280,3829850,382,1635.0,1649.0,38.73424923694301,-85.96660049255411,-94.534441169951,1979.6623024956605,1447.2376975043396,1713.45,1908.0,0.07337780473013944,1
2015-10-04,1628.0,1709.0,1601.0,1685.0,9181851071,5449644,627,1628.0,1709.0,45.64369141886513,-76.00399833201664,-90.82835260236412,1944.5068900710992,1458.293109928901,1701.4,1899.68,0.037448800468109944,0
2015-10-05,1712.0,1760.0,1712.0,1732.0,6717415206,3878106,443,1685.0,1747.0,49.526165425683075,-64.301059336359,-85.5228939491631,1876.613299929259,1497.0867000707408,1686.85,1891.28,0.029765311963365848,0
2015-10-06,1734.0,1750.0,1685.0,1715.0,4901759967,2857747,363,1732.0,1739.0,48.73692772301599,-55.03749107097042,-79.42581337352458,1801.3156460989883,1546.2843539010116,1673.8,1881.86,0.058654399079931085,1
2015-10-07,1755.0,1775.0,1720.0,1751.0,8235319321,4702721,453,1715.0,1755.0,50.43805246978503,-45.87614851465787,-72.71588040175124,1766.7808968866516,1569.3191031133483,1668.05,1874.84,0.06666666666666665,1
2015-10-10,1779.0,1799.0,1755.0,1773.0,5812159216,3277584,380,1751.0,1770.0,52.04471250356298,-36.979072169801384,-65.56851875536127,1770.5677958866718,1567.132204113328,1668.85,1871.82,0.051412429378530966,1
2015-10-11,1776.0,1779.0,1740.0,1752.0,4674442778,2668134,289,1773.0,1773.0,52.37722274399051,-29.34769814269407,-58.324354632827834,1783.3624090526077,1561.7375909473922,1672.55,1867.6,0.021996615905245376,0
2015-10-12,1749.0,1808.0,1741.0,1786.0,2789397256,1561722,257,1752.0,1799.0,55.27180988095862,-20.960180621254267,-50.851519830513126,1802.349493172467,1560.650506827533,1681.5,1862.92,0.006670372429127269,0
2015-10-13,1800.0,1850.0,1776.0,1823.0,4048847773,2220677,358,1786.0,1841.0,59.549028878293505,-10.79947395207796,-42.841110654826096,1829.3757540949869,1551.724245905013,1690.55,1859.72,-0.033134166214014105,0
2015-10-14,1862.0,1914.0,1851.0,1884.0,8605030021,4567406,488,1823.0,1872.0,62.40654989448145,-0.24280093261427282,-34.321448710383734,1859.3803492299392,1539.8196507700607,1699.6,1857.98,-0.052350427350427386,0
2015-10-17,1880.0,1930.0,1841.0,1881.0,13458675347,7156952,763,1884.0,1861.0,60.766193603598104,7.1533708169099555,-26.026484804924998,1882.9188950736425,1536.3811049263577,1709.65,1856.7,-0.09134873723804404,0
2015-10-18,1880.0,1900.0,1790.0,1830.0,12750220851,6969024,727,1881.0,1812.0,53.96189609124835,8.957740468908696,-19.02963975015826,1892.0760575356903,1547.5239424643096,1719.8,1853.34,-0.047461368653421654,0
2015-10-19,1827.0,1880.0,1800.0,1838.0,9556667661,5199559,340,1830.0,1811.0,53.829422416126576,10.189565803450023,-13.185798639436603,1899.6019016047692,1559.0980983952306,1729.35,1849.56,-0.024848150193263363,0
2015-10-20,1846.0,1849.0,1766.0,1806.0,4697454902,2600925,253,1838.0,1780.0,49.75188199981224,8.565616241583939,-8.835515663232496,1903.1136521367034,1569.0863478632964,1736.1,1843.06,0.0022471910112360494,0
2015-10-21,1755.0,1825.0,1733.0,1780.0,3735871851,2099028,229,1806.0,1774.0,48.978562731923695,6.717044747340424,-5.725003581117912,1906.2207082207676,1576.3792917792323,1741.3,1834.34,-0.0022547914317925244,0
2015-10-25,1731.0,1731.0,1691.0,1694.0,2747750938,1622476,197,1780.0,1691.0,39.76957675256904,-1.4288963919937032,-4.86578214329307,1902.0495865135763,1587.6504134864235,1744.85,1824.66,0.08219988172678883,1
2015-10-26,1650.0,1731.0,1621.0,1682.0,7842782482,4661608,443,1694.0,1726.0,44.50776817660802,-5.0027374966916796,-4.893173213972792,1894.552081141442,1607.447918858558,1751.0,1815.72,0.07242178447276948,1
2015-10-27,1713.0,1766.0,1712.0,1761.0,6813410960,3868098,401,1682.0,1766.0,49.40633933601229,-4.554861011806224,-4.825510773539479,1888.7102756689012,1627.8897243310987,1758.3,1808.68,0.06228765571913919,1
2015-10-28,1776.0,1800.0,1750.0,1780.0,4172597956,2344584,366,1761.0,1784.0,51.48191274285669,-2.716155948015057,-4.403639808434595,1883.0219876882154,1648.7780123117848,1765.9,1801.56,0.12051569506726456,1
2015-10-31,1800.0,1810.0,1740.0,1779.0,4040229820,2270546,362,1780.0,1770.0,49.771644625923855,-2.3614308302524023,-3.9951980127981566,1877.8087796095754,1665.0912203904247,1771.45,1795.52,0.12994350282485878,1
2015-11-01,1789.0,1864.0,1769.0,1831.0,15183632275,8291949,808,1779.0,1830.0,56.44914750753479,2.7297233882823093,-2.6502137325820634,1873.6203522332137,1687.3796477667863,1780.5,1791.26,0.06721311475409841,1
2015-11-02,1820.0,1882.0,1810.0,1862.0,9783054983,5255219,733,1831.0,1851.0,58.52731253710209,8.362625144817912,-0.44764595710206834,1879.476874130749,1695.723125869251,1787.6,1787.52,0.11831442463533226,1
2015-11-03,1862.0,1928.0,1862.0,1904.0,13263042052,6966601,934,1862.0,1876.0,60.91822174940343,14.674868684612875,2.5768569712409204,1891.5599482106168,1696.5400517893831,1794.05,1785.32,0.10874200426439229,1
2015-11-04,1895.0,1999.0,1868.0,1958.0,19666864571,10045921,1167,1904.0,1999.0,70.0627708188679,29.26508947864454,7.914503472721645,1935.995686240512,1678.104313759488,1807.05,1785.7,0.014507253626813377,0
2015-11-07,2021.0,2052.0,1972.0,2021.0,27320278708,13516222,1619,1958.0,2000.0,70.12397630413723,40.44244093290126,14.42009096475757,1970.7293234483864,1667.8706765516135,1819.3,1785.12,0.004999999999999893,0
2015-11-08,2010.0,2039.0,1931.0,1972.0,18005214506,9130495,1198,2021.0,1953.0,63.54795976579553,44.98945485366744,20.533963742539544,1988.7153736776465,1668.1846263223536,1828.45,1785.46,0.0686123911930363,1
2015-11-09,1969.0,2070.0,1932.0,2042.0,32849367685,16086509,1839,1972.0,2070.0,70.8710431845585,57.372563140836064,27.901683622198853,2032.6600802704597,1653.9399197295402,1843.3,1788.24,-0.01594202898550723,0
2015-11-10,2092.0,2141.0,2080.0,2115.0,26701225005,12622873,1376,2042.0,2080.0,71.39990048791165,67.21833102234018,35.76501310222712,2071.547362262084,1643.152637737916,1857.35,1790.42,-0.03173076923076923,0
2015-11-11,2099.0,2100.0,2010.0,2028.0,30083025375,14836635,1467,2115.0,2028.0,64.8104852667503,70.01808271272284,42.61562702432627,2093.198653417706,1640.2013465822943,1866.7,1792.2,0.01429980276134124,0
2015-11-14,2050.0,2078.0,1969.0,2030.0,12483843647,6149703,855,2028.0,2010.0,62.65493383897443,69.9777960574645,48.08806083095392,2108.5735304242453,1638.6264695757545,1873.6,1793.92,0.06318407960199002,1
2015-11-15,2026.0,2121.0,2026.0,2094.0,23812959896,11372549,1322,2030.0,2087.0,67.61670821596836,75.29121481978382,53.528691628719905,2137.4429864399985,1632.3570135600016,1884.9,1796.66,0.026832774317201658,0
2015-11-16,2106.0,2129.0,2032.0,2072.0,16127386053,7783375,917,2094.0,2037.0,61.868441421049,74.60752621681695,57.74445854633932,2154.6760335053955,1637.6239664946047,1896.15,1798.4,0.027000490918016595,0
2015-11-17,2069.0,2069.0,1981.0,2002.0,13222794306,6604015,769,2072.0,2014.0,59.368214674823534,71.38688669920111,60.472944176911675,2166.590683659697,1646.0093163403033,1906.3,1797.92,0.01588877855014892,0
2015-11-18,2020.0,2070.0,1995.0,2036.0,8429457548,4140585,562,2002.0,2057.0,62.4254528854027,71.48026728569357,62.674408798668054,2181.5609982384667,1658.7390017615332,1920.15,1799.06,-0.02333495381623729,0
2015-11-21,2040.0,2137.0,2040.0,2122.0,36372030479,17138464,1876,2036.0,2137.0,67.34789652755106,77.12060515504572,65.5636480699436,2206.9090839864334,1669.6909160135665,1938.3,1804.4,-0.04866635470285452,0
2015-11-22,2141.0,2184.0,2131.0,2156.0,20268601070,9402130,1378,2122.0,2143.0,67.68977591300268,81.13943846972302,68.67880614989949,2218.303884974625,1703.4961150253753,1960.9,1812.18,-0.05739617358842741,0
2015-11-23,2164.0,2164.0,2079.0,2105.0,13605406997,6462847,930,2156.0,2092.0,61.769531122127525,79.29505501575522,70.80205592307064,2218.613951139087,1739.786048860913,1979.2,1820.04,-0.03967495219885275,0
2015-11-24,2099.0,2099.0,2043.0,2059.0,9056198847,4397291,582,2105.0,2046.0,56.93280487641238,73.27686222400575,71.29701718325767,2213.05595284192,1773.3440471580802,1993.2,1828.56,-0.023949169110459412,0
2015-11-25,2040.0,2044.0,2001.0,2012.0,12134523040,6029621,779,2059.0,2009.0,53.316481491181676,64.77512300284593,69.99263834717532,2202.256445799999,1806.643554200001,2004.45,1835.54,0.0059731209556994624,0
2015-11-28,1990.0,2040.0,1983.0,2026.0,8987650503,4435686,640,2012.0,2033.0,55.29986944801968,59.290568080252115,67.85222429379067,2183.7486081796274,1851.4513918203725,2017.6,1842.38,-0.03590752582390555,0
2015-11-29,2050.0,2070.0,2015.0,2022.0,6043073627,2989180,434,2026.0,2020.0,53.962495346012055,53.28083908870144,64.93794725277283,2169.2504836433095,1884.94951635669,2027.1,1849.58,-0.04306930693069311,0
2015-11-30,2020.0,2040.0,2004.0,2020.0,3261661101,1614979,317,2022.0,2009.0,52.79893743918944,47.08768003163232,61.36789380854473,2152.5601973459834,1917.4398026540168,2035.0,1857.58,-0.023892483822797406,0
2015-12-01,2030.0,2030.0,1990.0,2003.0,7241418319,3614792,415,2020.0,1997.0,51.49448004442448,40.741613191687975,57.242637685173385,2135.424731787837,1946.6752682121626,2041.05,1865.12,0.016524787180771217,0
2015-12-05,2015.0,2048.0,2011.0,2032.0,5541636849,2727086,358,2003.0,2021.0,53.94520326303453,37.21986152857812,53.23808245385434,2135.0397733877426,1949.2602266122574,2042.15,1872.64,-0.0009896091044037103,0
2015-12-06,2014.0,2018.0,1950.0,1976.0,8692937484,4399635,630,2032.0,1960.0,47.39123407089641,29.17039955288169,48.42454587365981,2138.164845814429,1942.1351541855713,2040.15,1878.44,0.045408163265306056,0
2015-12-07,1971.0,1980.0,1927.0,1947.0,7567722655,3886330,466,1976.0,1933.0,44.79694383803188,20.37756866533732,42.81515043199532,2141.0328248529963,1937.2671751470039,2039.15,1884.7,0.06052767718572172,1
2015-12-08,1969.0,1985.0,1928.0,1962.0,4813317600,2453260,359,1947.0,1961.0,47.97741472141543,15.489993825633519,37.350119110722964,2139.965892929136,1927.4341070708642,2033.7,1891.86,0.017338092809790817,0
2015-12-09,1977.0,2040.0,1963.0,2002.0,7639211013,3814967,452,1962.0,2030.0,54.876710959207436,16.9884466569124,33.277784619960855,2135.322235857797,1927.0777641422033,2031.2,1900.06,-0.044334975369458074,0
2015-12-13,2041.0,2041.0,1982.0,2004.0,4004075077,1997973,318,2002.0,2019.0,53.65504711640658,17.091354753704763,30.04049864670964,2135.0013788878914,1926.4986211121086,2030.75,1907.8,-0.039623576027736473,0
2015-12-14,2028.0,2063.0,2015.0,2048.0,5021678934,2452469,475,2004.0,2049.0,56.49933035388263,19.370369875080996,27.906472892383913,2136.7847731420243,1928.615226857976,2032.7,1915.6,-0.047828208882381595,0
2015-12-15,2050.0,2080.0,2023.0,2059.0,6217058963,3020129,354,2048.0,2050.0,56.594955921726374,21.01495015678529,26.528168345264188,2132.2901794163768,1929.4098205836233,2030.85,1923.62,0.0014634146341463428,0
2015-12-16,2060.0,2075.0,1989.0,2014.0,6048066867,3003555,374,2059.0,1995.0,50.07497667809733,17.67648798254436,24.757832272720226,2131.326556776033,1926.1734432239666,2028.75,1929.34,0.046616541353383445,0
2015-12-19,2025.0,2025.0,1914.0,1934.0,8363680861,4323798,564,2014.0,1940.0,44.548070765867344,10.471977869021885,21.90066139198056,2134.589901405958,1915.5100985940421,2025.05,1933.2,0.08402061855670095,1
2015-12-20,1932.0,1959.0,1879.0,1917.0,7831273194,4085544,522,1934.0,1939.0,44.45200367241967,4.628307804364567,18.446190674457362,2133.76461512402,1904.53538487598,2019.15,1937.2,0.10366168127900988,1
2015-12-21,1951.0,1970.0,1931.0,1956.0,4414488425,2256613,300,1917.0,1951.0,45.95806470825007,0.9544545308651777,14.947843445738926,2114.4526290301906,1905.2473709698095,2009.85,1941.12,0.08149666837519232,1
2015-12-22,1935.0,2053.0,1925.0,2002.0,10708289775,5347946,510,1956.0,2053.0,56.70363005370523,6.201954621076538,13.19866568080645,2093.027306071913,1917.6726939280873,2005.35,1946.78,0.020944958597174823,0
2015-12-23,2102.0,2102.0,2051.0,2098.0,69259197411,33012351,2276,2002.0,2088.0,59.66716264299131,13.034589112027561,13.165850367050671,2092.0505753722487,1918.2494246277515,2005.15,1953.08,-0.015804597701149392,0
2015-12-26,2085.0,2148.0,2050.0,2104.0,27793916169,13208280,1782,2098.0,2103.0,60.90230571346282,19.435831643547317,14.419846622350002,2103.3960166884744,1912.6039833115253,2008.0,1959.16,-0.011412268188302432,0
2015-12-27,2125.0,2188.0,2125.0,2157.0,14296575749,6628222,920,2104.0,2140.0,63.84360214537952,27.18112614381448,16.9721025266429,2125.9653939095824,1903.1346060904175,2014.55,1965.14,-0.03084112149532714,0
2015-12-28,2141.0,2164.0,2101.0,2126.0,12161117238,5719329,823,2157.0,2110.0,59.90829339091848,30.546458004208034,19.68697362215593,2137.177775699107,1899.6222243008935,2018.4,1969.9,-0.020853080568720372,0
2015-12-30,2100.0,2159.0,2080.0,2110.0,15625502117,7406872,1037,2126.0,2096.0,58.10821898092253,31.718197119852903,22.093218321695325,2145.708056417495,1898.6919435825052,2022.2,1974.6,-0.027194656488549573,0
2016-01-02,2110.0,2110.0,2040.0,2061.0,10441155425,5065008,745,2110.0,2055.0,53.078299688887284,29.00411013501798,23.475396684359858,2148.650714859106,1900.3492851408942,2024.5,1979.46,-0.026277372262773713,0
2016-01-03,2040.0,2125.0,2030.0,2078.0,14017912344,6746644,906,2061.0,2079.0,55.506222095537595,28.4616874530534,24.472654838098567,2154.254128463918,1902.9458715360818,2028.6,1984.82,-0.044733044733044736,0
2016-01-04,2070.0,2129.0,2068.0,2091.0,8751523138,4185523,568,2078.0,2074.0,54.86923097113254,27.31350230390126,25.040824331259106,2158.3780850167527,1904.1219149832473,2031.25,1990.7,-0.041465766634522616,0
2016-01-05,2040.0,2120.0,2002.0,2064.0,33566006492,16260616,1768,2091.0,2066.0,53.8052808203777,25.464485422896814,25.125556549586648,2160.1436487042374,1912.9563512957625,2036.55,1996.54,-0.06098741529525653,0
2016-01-06,2100.0,2110.0,2031.0,2057.0,24918816731,12114732,1678,2064.0,2039.0,50.26287590526491,21.571785753473023,24.414802390363924,2155.953943840808,1927.746056159192,2041.85,2003.5,-0.044139283962726816,0
2016-01-09,2059.0,2059.0,2000.0,2017.0,17773328387,8813397,1289,2057.0,2001.0,45.702336440278366,15.244778482517631,22.58079760879467,2153.5318581171296,1934.1681418828703,2043.85,2009.0,-0.04447776111944024,0
2016-01-10,2020.0,2045.0,1980.0,2003.0,15020635272,7500547,1032,2017.0,1986.0,44.00501761101998,8.917410637950752,19.848120214625887,2154.0853592070853,1929.2146407929151,2041.65,2013.4,-0.07351460221550854,0
2016-01-11,2020.0,2045.0,1971.0,2001.0,25976559344,12979022,1541,2003.0,1988.0,44.302039012300455,4.017992404880488,16.68209465267681,2154.5777707680677,1925.622229231932,2040.1,2017.48,-0.07696177062374243,0
2016-01-12,1981.0,2001.0,1920.0,1947.0,33810216140,17364931,2162,2001.0,1940.0,38.960579256948584,-3.695432050144518,12.606589312112545,2157.020380403211,1912.2796195967892,2034.65,2020.88,-0.07680412371134016,0
2016-01-13,1930.0,1999.0,1910.0,1953.0,26222734292,13424966,1670,1947.0,1949.0,40.411307470600775,-8.978651414621481,8.28954116676574,2157.2423127337747,1901.957687266225,2029.6,2023.26,-0.02257567983581321,0
2016-01-16,1998.0,2000.0,1907.0,1936.0,33695103541,17400633,2034,1953.0,1912.0,36.563868897414636,-15.96717198320448,3.438198536771697,2162.3813331565384,1888.5186668434615,2025.45,2024.48,0.01935146443514646,0
2016-01-17,1950.0,1950.0,1840.0,1870.0,45469390411,24315052,2298,1936.0,1840.0,30.48210911921842,-27.00413628071874,-2.6502684267263907,2175.5892600215275,1865.3107399784724,2020.45,2023.76,0.10380434782608705,1
2016-01-18,1821.0,1855.0,1777.0,1800.0,33979990451,18873981,1977,1870.0,1835.0,30.107588884043736,-35.7424514849738,-9.268705038375874,2187.039260432739,1843.460739567261,2015.25,2020.48,0.14986376021798375,1
2016-01-19,1815.0,1870.0,1780.0,1815.0,30900903583,17020932,1843,1800.0,1791.0,26.96752347341443,-45.691359961413355,-16.55323602298337,2203.4324406006504,1811.0675593993494,2007.25,2016.3,0.11557788944723613,1
2016-01-20,1780.0,1905.0,1735.0,1857.0,34457273651,18559092,1750,1815.0,1905.0,43.42972359158217,-43.871372471884115,-22.01686331276352,2199.702220403047,1799.9977795969528,1999.85,2015.34,0.02257217847769022,0
2016-01-23,1938.0,1949.0,1880.0,1935.0,38136147496,19705828,1772,1857.0,1949.0,48.275880421688754,-38.43552617698924,-25.300595885608665,2189.6505019054043,1796.149498094596,1992.9,2012.92,-0.008722421754746024,0
2016-01-24,1950.0,2031.0,1940.0,2010.0,53788416280,26763801,1927,1935.0,2031.0,55.86420616257435,-27.197350006607394,-25.679946709808412,2180.4147299399724,1798.1852700600275,1989.3,2011.94,-0.06351550960118169,0
2016-01-25,2089.0,2110.0,2050.0,2103.0,83818827252,39859198,2624,2010.0,2110.0,61.69475019517293,-11.78057551406755,-22.90007247066024,2174.5817978284517,1801.0182021715482,1987.8,2013.58,-0.08056872037914697,0
2016-01-26,2061.0,2129.0,1998.0,2050.0,89032654171,43429891,4793,2103.0,1998.0,51.339801784575094,-8.502127401518464,-20.020483456831887,2160.5150021732015,1803.8849978267986,1982.2,2013.34,0.027027027027026973,0
2016-01-27,2000.0,2040.0,1948.0,1963.0,41934926314,21366916,2190,2050.0,1948.0,47.506365900358425,-9.825256345800426,-17.981438034625594,2145.7416274639654,1803.8583725360343,1974.8,2010.56,0.10574948665297734,1
2016-01-30,1971.0,2029.0,1923.0,1979.0,16218681133,8196841,1030,1963.0,1932.0,46.31461166251036,-12.026280375128863,-16.79040650272625,2136.4287531245523,1800.8712468754477,1968.65,2008.46,0.17028985507246386,1
2016-01-31,1968.0,1968.0,1893.0,1906.0,26949604736,14139144,1205,1979.0,1902.0,44.08166259532123,-16.006840165911854,-16.63369323536337,2121.940186258774,1797.6598137412261,1959.8,2006.22,0.24815983175604628,1
2016-02-01,1930.0,1999.0,1906.0,1955.0,44888982783,22958788,1813,1906.0,1940.0,47.5323038493565,-15.911759202383791,-16.489306428767456,2106.657676460769,1799.5423235392311,1953.1,2003.88,0.2845360824742269,1
2016-02-02,2052.0,2052.0,2002.0,2052.0,110857153706,54029536,1606,1955.0,2052.0,56.1258660742098,-6.7214620463164465,-14.535737552277254,2104.007915360743,1800.7920846392572,1952.4,2002.18,0.2748538011695907,1
2016-02-03,2154.0,2154.0,2154.0,2154.0,22378341108,10389202,531,2052.0,2154.0,62.1982590023042,8.692263213238675,-9.890137399174069,2129.851223059214,1786.4487769407863,1958.15,2002.4,0.24883936861652733,1
2016-02-06,2261.0,2261.0,2261.0,2261.0,1856115947,820927,126,2154.0,2261.0,67.30965066323877,29.20509909222642,-2.0710901008939713,2187.440799619469,1754.859200380531,1971.15,2005.78,0.26890756302521,1
2016-02-07,2374.0,2374.0,2374.0,2374.0,3714403132,1564618,86,2261.0,2374.0,71.6667990361664,53.9578326259948,9.134694444483783,2269.278882608223,1711.821117391777,1990.55,2012.34,0.2687447346251053,1
2016-02-08,2492.0,2492.0,2492.0,2492.0,4688635700,1881475,83,2374.0,2492.0,75.36006506546752,82.14920126212701,23.73759580801243,2369.923333270628,1661.576666729372,2015.75,2022.0,0.268860353130016,1
2016-02-09,2616.0,2616.0,2513.0,2614.0,137863551705,52738459,2064,2492.0,2616.0,78.52759037757595,113.19202054955667,41.62848075632128,2487.478521564908,1611.6214784350923,2049.55,2033.66,0.2343272171253823,1
2016-02-10,2720.0,2744.0,2650.0,2733.0,156504006094,57271641,2741,2614.0,2690.0,80.16621980974408,142.12651405908628,61.72808741687429,2602.6462769946356,1570.5537230053642,2086.6,2047.06,0.18959107806691455,1
2016-02-13,2869.0,2869.0,2869.0,2869.0,1152118675,401575,50,2733.0,2869.0,83.45523933313862,177.4555159362494,84.87357312074931,2745.5786198502096,1523.32138014979,2134.45,2064.26,0.13523875914952943,1
2016-02-14,3012.0,3012.0,3012.0,3012.0,45111166764,14977147,388,2869.0,3012.0,85.52094675819265,214.52005568689037,110.80286963397754,2897.621493888321,1488.4785061116795,2193.05,2084.56,0.1590305444887119,1
2016-02-15,3162.0,3162.0,3080.0,3150.0,490677501204,155762410,8584,3012.0,3162.0,87.31067375694258,253.08036397372416,139.25836850192687,3059.990132339899,1458.8098676601012,2259.4,2107.38,0.12839974699557244,1
2016-02-16,3219.0,3307.0,3160.0,3274.0,294839403242,90050264,7714,3150.0,3229.0,88.02282037225592,285.75205435259704,168.5571056720609,3205.6061477537564,1456.993852246244,2331.3,2132.76,0.08392691235676675,1
2016-02-17,3251.0,3340.0,3160.0,3238.0,145685619749,44997262,5054,3274.0,3200.0,85.77884078120944,305.77970858843673,196.00162625533608,3324.609416515718,1467.4905834842825,2396.05,2158.1,0.06593749999999998,1
2016-02-20,3260.0,3399.0,3124.0,3325.0,179356504522,53948801,4518,3238.0,3257.0,86.50694803372119,322.53323018530864,221.3079470413306,3437.867016443285,1485.0329835567145,2461.45,2184.02,-0.2354927847712619,0
2016-02-21,3320.0,3491.0,3183.0,3399.0,130230984832,38311558,3021,3325.0,3491.0,88.99741495368966,350.65028294427884,247.17641422192025,3586.5960877653843,1482.3039122346156,2534.45,2213.24,-0.30020051561157257,0
2016-02-22,3568.0,3568.0,3451.0,3557.0,219382935614,61682934,4674,3399.0,3568.0,89.6728894582207,374.82574840564575,272.70628105866535,3731.3461343349895,1483.3538656650103,2607.35,2244.22,-0.28110986547085204,0
2016-02-23,3566.0,3680.0,3402.0,3550.0,172172392899,48503638,4648,3557.0,3500.0,84.72598282675314,384.07062022403125,294.97914889173853,3833.931910409363,1530.968089590637,2682.45,2273.24,-0.2648571428571429,0
2016-02-24,3520.0,3580.0,3411.0,3483.0,79475605385,22819493,2759,3550.0,3411.0,78.61326745031644,379.83716515041306,311.95075214347344,3896.9941300006726,1614.2058699993272,2755.6,2300.46,-0.2465552623863969,0
2016-03-09,2680.0,2680.0,2461.0,2571.0,192957928685,75057357,6217,3483.0,2490.0,43.5764919171709,298.72164148703223,309.3049300121852,3868.9087709245723,1698.0912290754275,2783.5,2310.36,-0.005622489959839383,0
2016-03-16,2443.0,2443.0,2443.0,2443.0,3575274311,1463477,192,2571.0,2443.0,42.534668191009594,228.0160700529068,293.04715802032956,3831.8065740302436,1789.293425969757,2810.55,2320.42,0.047891936144085046,0
2016-03-26,2321.0,2565.0,2321.0,2451.0,82633139869,33708168,3520,2443.0,2565.0,46.13463302102099,179.75368707684947,270.38846383163354,3790.244115380547,1893.3558846194533,2841.8,2332.94,0.00974658869395717,0
2016-03-27,2560.0,2573.0,2480.0,2560.0,60232318929,23528952,2102,2451.0,2573.0,46.371879489001664,140.5309803340483,244.41696713211653,3754.712847344496,1980.987152655504,2867.85,2345.38,-0.005052467936261129,0
2016-03-28,2600.0,2650.0,2516.0,2606.0,44672951589,17142740,2304,2560.0,2570.0,46.28954363720257,107.96013054599553,217.12559981489235,3725.681486862941,2051.6185131370594,2888.65,2355.72,0.04319066147859929,0
2016-03-29,2550.0,2588.0,2476.0,2486.0,43486633952,17493967,1990,2606.0,2476.0,43.67293968870864,73.71276811323696,188.44303347456128,3708.9841895689324,2089.815810431068,2899.4,2363.48,0.054119547657512035,1
2016-03-30,2470.0,2604.0,2431.0,2546.0,68387289909,26857608,3358,2486.0,2560.0,46.57899111071707,52.74161215465665,161.30274921058037,3697.94650141764,2119.4534985823598,2908.7,2372.62,0.050000000000000044,1
2016-04-02,2596.0,2667.0,2551.0,2619.0,48817215167,18637940,1970,2546.0,2590.0,47.618412188702145,38.103337689619366,136.6628669063882,3693.600102564086,2133.599897435914,2913.6,2381.62,0.08108108108108114,1
2016-04-03,2621.0,2637.0,2500.0,2554.0,33264110537,13025003,1645,2619.0,2560.0,46.641100911671174,23.807215670690766,114.09173665924871,3695.441472266146,2126.1585277338545,2910.8,2390.62,0.06640625,1
2016-04-04,2665.0,2681.0,2626.0,2680.0,202484825179,75552788,3998,2554.0,2681.0,51.00854299573034,21.98766462257663,95.6709222519143,3695.5076338544923,2125.1923661455075,2910.35,2402.32,0.0033569563595672314,0
2016-04-05,2700.0,2735.0,2585.0,2647.0,68966621694,26049791,3208,2680.0,2610.0,48.50001018613533,14.647701099152528,79.46627802136194,3693.328237971229,2101.471762028771,2897.4,2413.42,-0.019540229885057436,0
2016-04-06,2630.0,2769.0,2590.0,2699.0,145652475307,53971431,5651,2647.0,2688.0,51.33168953930341,14.952314280525115,66.56348527319459,3680.3214175580492,2082.0785824419504,2881.2,2425.6,-0.0792410714285714,0
2016-04-09,2700.0,2833.0,2680.0,2799.0,151958967690,54297072,5090,2699.0,2800.0,55.145434837597534,23.955047521993947,58.041797722954456,3652.298048654447,2073.901951345553,2863.1,2440.12,-0.15535714285714286,0
2016-04-10,2830.0,2889.0,2727.0,2796.0,99335130264,35529419,3878,2799.0,2730.0,52.38258644355251,25.151433423178787,51.46372486299933,3610.8790016558123,2065.420998344188,2838.15,2453.4,-0.13699633699633695,0
2016-04-11,2769.0,2770.0,2660.0,2693.0,53610819585,19905859,2383,2796.0,2690.0,50.815859195489914,22.611263591649276,45.69323260872932,3569.427186495464,2055.872813504536,2812.65,2466.42,-0.1037174721189591,0
2016-04-12,2640.0,2687.0,2559.0,2605.0,67509083759,25913149,2918,2693.0,2559.0,45.96690876194836,9.913281375018869,38.53724236198723,3513.4251660889418,2042.0748339110582,2777.75,2477.58,-0.010941774130519777,0
2016-04-13,2508.0,2540.0,2475.0,2489.0,23649376100,9500705,1003,2605.0,2475.0,43.12524480457796,-6.849106759093047,29.45997253777118,3395.8907970814716,2058.009202918528,2726.95,2487.36,0.046060606060606135,0
2016-04-16,2420.0,2469.0,2365.0,2389.0,18986965250,7947781,684,2489.0,2365.0,39.66700640435628,-28.678908211641556,17.832196387888633,3230.4827476515475,2103.117252348453,2666.8,2494.9,0.07484143763213535,1
2016-04-17,2270.0,2370.0,2270.0,2297.0,112013267994,48761924,4429,2389.0,2356.0,39.38869598463321,-46.17315256094162,5.031126598122585,3039.862431546145,2179.3375684538546,2609.6,2503.22,0.11247877758913405,1
2016-04-18,2411.0,2411.0,2411.0,2411.0,8710521075,3612825,211,2297.0,2411.0,42.06388382490227,-54.96581519858728,-6.968261761219389,2793.193150584524,2326.0068494154757,2559.6,2512.46,0.10742430526752389,1
2016-04-19,2531.0,2531.0,2421.0,2522.0,102302155636,40570081,2744,2411.0,2531.0,47.50765507739714,-51.655612818411555,-15.905731972657824,2793.476896627644,2329.8231033723564,2561.65,2524.84,0.11536941920189658,1
2016-04-20,2591.0,2648.0,2555.0,2623.0,105695705013,40288367,3029,2522.0,2589.0,49.95525484028066,-43.84670083601259,-21.493925745328777,2794.481793767539,2343.4182062324608,2568.95,2539.82,0.0660486674391656,1
2016-04-23,2629.0,2655.0,2531.0,2586.0,32076733071,12404982,1538,2623.0,2542.0,48.002002594172346,-40.97821764939181,-25.390784126141384,2793.634984003816,2341.9650159961843,2567.8,2553.96,0.06608969315499613,1
2016-04-24,2501.0,2648.0,2500.0,2568.0,47652232835,18554260,2091,2586.0,2621.0,51.43899621145676,-31.96184800005267,-26.70499690092364,2797.2221134603487,2343.177886539651,2570.2,2570.56,0.004959938954597565,0
2016-04-25,2650.0,2696.0,2627.0,2689.0,101327597428,37686390,2599,2568.0,2670.0,53.49237894082729,-20.62467123205124,-25.48893176714916,2806.3515520172928,2344.048447982707,2575.2,2585.86,0.04232209737827719,0
2016-04-26,2698.0,2823.0,2644.0,2803.0,206678448532,73721764,4599,2689.0,2823.0,59.28198345540332,0.6978994121905089,-20.251565531281226,2842.629567338082,2342.4704326619185,2592.55,2603.34,-0.02585901523202272,0
2016-04-27,2850.0,2888.0,2731.0,2820.0,131845081023,46757531,4181,2803.0,2760.0,56.180671178289984,12.370022858109678,-13.727247853403046,2862.426489894722,2342.673510105278,2602.55,2617.92,-0.007246376811594235,0
2016-04-30,2800.0,2849.0,2680.0,2772.0,76462117806,27584132,2656,2820.0,2710.0,53.77616054217902,17.385276009663357,-7.5047430807897655,2872.4995974613357,2344.6004025386646,2608.55,2629.92,-0.004797047970479751,0
2016-05-01,2711.0,2765.0,2634.0,2651.0,81499487536,30745412,2897,2772.0,2634.0,50.25529168958056,15.053804535698418,-2.9930335574921294,2875.447169437669,2349.052830562331,2612.25,2642.64,-0.0007593014426727773,0
2016-05-02,2648.0,2783.0,2575.0,2767.0,176566009757,63818471,4025,2651.0,2783.0,56.29662006188842,24.941639653980474,2.5939010848023916,2889.4795831033452,2345.2204168966546,2617.35,2659.34,-0.047790154509522065,0
2016-05-03,2803.0,2854.0,2750.0,2796.0,71014392089,25394675,2386,2767.0,2750.0,54.71180371909184,29.77180517794568,8.02948190343105,2902.4990787329702,2346.2009212670296,2624.35,2675.7,0.013090909090909042,0
2016-05-04,2798.0,2816.0,2720.0,2768.0,31009810668,11202384,1432,2796.0,2740.0,54.21374929044298,32.41912226734303,12.907409976213447,2908.3831003986556,2345.516899601344,2626.95,2692.46,0.03868613138686139,0
2016-05-07,2750.0,2812.0,2659.0,2715.0,46275906602,17044481,1838,2768.0,2697.0,52.020812840175594,30.693582981061354,16.46464457718303,2893.995958823786,2349.604041176214,2621.8,2707.6,0.10011123470522798,1
2016-05-08,2670.0,2729.0,2630.0,2665.0,33125894122,12431429,1837,2715.0,2632.0,48.806946400350675,23.80669513020166,17.933054687786758,2884.6199282832727,2349.1800717167275,2616.9,2719.2,0.16603343465045595,1
2016-05-09,2663.0,2710.0,2601.0,2654.0,22294878231,8399740,1082,2665.0,2650.0,49.7330866119097,19.575581342431633,18.261560018715734,2880.9984028512777,2348.8015971487225,2614.9,2729.12,0.12452830188679243,1
2016-05-10,2688.0,2786.0,2550.0,2711.0,121316646292,44756692,2880,2654.0,2786.0,56.183071836662826,26.886525453524428,19.986553105677473,2901.0647557901507,2351.4352442098493,2626.25,2739.62,0.14321608040200995,1
2016-05-11,2846.0,2846.0,2730.0,2826.0,374067089016,132353476,6716,2711.0,2846.0,58.70083457678785,37.09439875476755,23.40812223549549,2926.2772459720304,2363.32275402797,2644.8,2749.06,0.09978917779339413,1
2016-05-14,2950.0,2967.0,2941.0,2965.0,242108854342,81650926,2837,2826.0,2967.0,63.28288841068944,54.32171374856489,29.590840538109372,2958.9956881052526,2390.8043118947476,2674.9,2758.56,0.06504887091338052,1
2016-05-15,3113.0,3113.0,3030.0,3106.0,477697733837,153791361,7721,2965.0,3069.0,66.64266038616786,75.33659912833673,38.73999225615485,3004.4040283882373,2416.695971611763,2710.55,2767.62,0.027044639947865656,0
2016-05-16,3030.0,3144.0,2955.0,3047.0,217270816039,71317068,5790,3106.0,2980.0,61.36617358287252,83.84300107398894,47.760594019721665,3021.2892133964615,2456.7107866035385,2739.0,2773.42,0.030536912751677914,0
2016-05-17,3001.0,3199.0,2999.0,3147.0,394964444803,125509368,7807,3047.0,3185.0,67.70826439245988,105.90536156047983,59.389547527873304,3098.105330838807,2445.294669161193,2771.7,2779.74,-0.05494505494505497,0
2016-05-18,3149.0,3214.0,3063.0,3152.0,128997396801,40928333,3381,3147.0,3130.0,64.64224650090905,117.59632363325227,71.0309027489491,3148.9121767124334,2448.5878232875666,2798.75,2782.1,-0.02204472843450478,0
2016-05-21,3154.0,3245.0,3122.0,3180.0,64270308551,20210871,2464,3152.0,3160.0,65.55838217621451,127.80894265171219,82.38651072950172,3192.5694263193795,2466.7305736806206,2829.65,2782.06,-0.03797468354430378,0
2016-05-23,3150.0,3220.0,3130.0,3176.0,77887604474,24520330,2948,3180.0,3152.0,65.07416836364473,133.71559353339262,92.65232729027991,3231.654178296081,2480.7458217039184,2856.2,2780.52,-0.009517766497461944,0
2016-05-24,3180.0,3182.0,3056.0,3104.0,60892307018,19615286,2822,3176.0,3071.0,60.22398507188416,130.3579485713658,100.19345154649709,3252.6162445012633,2499.8837554987367,2876.25,2777.94,-0.003581895148160208,0
2016-05-25,3070.0,3140.0,2981.0,3043.0,80287505028,26385606,3108,3104.0,3010.0,56.791099696612996,121.3756575205307,104.42989274130382,3265.484929945877,2505.715070054123,2885.6,2773.0,0.02591362126245844,0
2016-05-28,2990.0,3150.0,2990.0,3089.0,69853607498,22615665,2486,3043.0,3061.0,58.900464756957305,117.02342769414417,106.9485997318719,3283.2784228856804,2518.02157711432,2900.65,2764.4,0.012740934335184528,0
2016-05-29,3100.0,3170.0,3022.0,3081.0,39182273040,12716862,1596,3089.0,3040.0,57.652420792146486,110.60474703023283,107.67982919154409,3293.8855969376696,2540.4144030623306,2917.15,2753.84,-0.006578947368421018,0
2016-05-30,3120.0,3220.0,3060.0,3147.0,116571883231,37043211,3389,3081.0,3122.0,61.11699761598135,110.85672375189506,108.31520810361428,3304.738917782441,2578.361082217559,2941.55,2746.28,-0.01985906470211407,0
2016-05-31,3150.0,3169.0,3053.0,3090.0,32433700443,10497790,1359,3147.0,3060.0,57.299861065261226,104.84494797824755,107.62115607854093,3314.450637097304,2596.349362902696,2955.4,2739.26,-0.01666666666666672,0
2016-06-01,3063.0,3110.0,3050.0,3080.0,39078717289,12688139,1491,3090.0,3088.0,58.558671627197654,101.17367125555165,106.33165911394309,3322.804835915254,2621.7951640847464,2972.3,2751.22,-0.07415803108808294,0
2016-06-05,3150.0,3180.0,3100.0,3136.0,52001616974,16579541,1941,3080.0,3100.0,59.11496433761519,98.1016034955419,104.68564799026285,3327.978012313473,2652.6219876865275,2990.3,2764.36,-0.11741935483870969,0
2016-06-06,3100.0,3130.0,3015.0,3061.0,62099518892,20285409,2239,3136.0,3020.0,53.918576656243616,88.19497942720909,101.3875142776521,3316.215378956359,2696.6846210436406,3006.45,2773.46,-0.10596026490066224,0
2016-06-07,3036.0,3140.0,3021.0,3074.0,98250489232,31961740,2557,3061.0,3060.0,56.00114917829569,82.6191915739314,97.63384973690796,3286.0237980508005,2769.6762019491994,3027.85,2783.2,-0.14575163398692814,0
2016-06-08,3053.0,3080.0,2989.0,3009.0,55460224038,18429832,2363,3074.0,3009.0,52.729102458750006,73.24079150000853,92.75523808952809,3237.846452713854,2853.7535472861464,3045.8,2791.98,-0.1601861083416417,0
2016-06-11,3000.0,3000.0,2859.0,2880.0,47749803785,16580782,1792,3009.0,2859.0,44.494627733304256,53.09257729394312,84.8227059304111,3223.5424754260625,2875.357524573937,3049.45,2799.64,-0.14130814970269323,0
2016-06-12,2790.0,2807.0,2736.0,2750.0,130604600611,47499748,3634,2880.0,2736.0,39.10218999616215,26.889929955357275,73.23615073540034,3247.8102217206056,2840.089778279394,3043.95,2803.16,-0.054459064327485374,0
2016-06-13,2789.0,2819.0,2651.0,2734.0,47611684949,17417828,1909,2750.0,2700.0,37.66345824307733,3.1825574826148113,59.22543208484324,3282.2389477008182,2778.9610522991816,3030.6,2805.36,-0.020740740740740726,0
2016-06-18,2699.0,2749.0,2611.0,2659.0,29985176353,11277903,1573,2734.0,2614.0,34.406584356932,-22.288262061358637,42.922693255602866,3317.152618805558,2698.5473811944416,3007.85,2806.44,-0.044376434583014546,0
2016-06-19,2649.0,2680.0,2527.0,2584.0,22696056911,8782078,1088,2659.0,2527.0,31.44429115824282,-48.93020601106582,24.55211340226913,3358.970303796299,2611.4296962037006,2985.2,2803.36,0.047882865057380375,0
2016-06-20,2483.0,2520.0,2455.0,2464.0,86306266465,35025960,2706,2584.0,2455.0,29.203414081306533,-74.989504478659,4.643789826083504,3376.033172126831,2521.366827873169,2948.7,2800.26,0.10468431771894093,1
2016-06-21,2456.0,2587.0,2400.0,2519.0,58564016171,23251354,2114,2464.0,2587.0,37.93598657067181,-84.02183798485157,-13.089335736103513,3367.9316640499264,2475.168335950074,2921.55,2798.24,0.04367993815229987,0
2016-06-22,2587.0,2644.0,2551.0,2629.0,25817004622,9818337,1204,2519.0,2644.0,41.302901374488094,-85.59393018503215,-27.59025462588924,3343.6664542634962,2447.8335457365038,2895.75,2795.12,0.009833585476550777,0
2016-06-25,2600.0,2640.0,2498.0,2522.0,42805464198,16971117,1979,2629.0,2498.0,35.9267349485654,-97.49692059617064,-41.57158781994552,3326.5801392574,2399.5198607426005,2863.05,2790.48,0.07886309047237794,1
2016-06-26,2450.0,2648.0,2435.0,2583.0,80747257370,31262335,2457,2522.0,2648.0,43.99275733224893,-93.74573735024069,-52.00641772600456,3304.1462114501164,2379.6537885498838,2841.9,2789.64,0.024169184290030232,0
2016-06-28,2712.0,2712.0,2700.0,2712.0,17601608568,6490954,377,2583.0,2712.0,47.0552753988565,-84.63303552109028,-58.5317412850217,3285.8102004096972,2368.1897995903028,2827.0,2792.7,0.013643067846607737,0
2016-06-29,2722.0,2837.0,2630.0,2747.0,97224410389,35388367,3609,2712.0,2700.0,46.54139761386342,-77.4862402359031,-62.322641075197986,3257.813219700598,2360.0867802994017,2808.95,2797.2,-0.030740740740740735,0
2016-07-02,2749.0,2826.0,2670.0,2736.0,35757947581,13069035,1730,2747.0,2670.0,45.21207421947902,-73.39702751689947,-64.53751836353828,3230.1018963907563,2350.7981036092433,2790.45,2803.3,-0.050561797752809,0
2016-07-03,2700.0,2779.0,2670.0,2722.0,28952887511,10635615,1566,2736.0,2695.0,46.5813396901294,-67.36249302176111,-65.10251329518285,3182.993174623585,2355.2068253764146,2769.1,2810.08,-0.08905380333951762,0
2016-07-04,2690.0,2792.0,2654.0,2723.0,41378943386,15194202,1555,2722.0,2712.0,47.541431639356844,-60.51079228600565,-64.1841690933474,3143.9040795300207,2359.495920469979,2751.7,2816.1,-0.1058259587020649,0
2016-07-05,2760.0,2797.0,2701.0,2754.0,31170380672,11317876,1173,2723.0,2749.0,49.66200468999206,-51.50150205387854,-61.647635685453636,3095.3838170499153,2374.1161829500847,2734.75,2820.46,-0.09894507093488536,0
2016-07-09,2730.0,2730.0,2617.0,2641.0,21720492404,8223166,1158,2754.0,2617.0,42.98594550700872,-54.38594415629859,-60.19529737962263,3032.803910590783,2388.396089409217,2710.6,2821.02,-0.04852884982804739,0
2016-07-10,2580.0,2630.0,2509.0,2542.0,44649997928,17567984,1927,2641.0,2535.0,39.43906058773853,-62.567362394305746,-60.66971038255926,2983.813459940872,2388.886540059128,2686.35,2820.88,-0.03589743589743588,0
2016-07-11,2480.0,2530.0,2417.0,2461.0,55254158074,22448688,1963,2542.0,2455.0,36.29275188453755,-74.64605346517328,-63.464978999082064,2916.111461285837,2396.088538714163,2656.1,2817.56,-0.020366598778004064,0
2016-07-12,2449.0,2538.0,2401.0,2458.0,39568728465,16098324,2035,2461.0,2425.0,35.15998788635099,-85.65191053249009,-67.90236530576368,2850.4378267765837,2403.3621732234164,2626.9,2812.66,0.017319587628865873,0
2016-07-13,2455.0,2495.0,2391.0,2461.0,26133375368,10617933,1243,2458.0,2477.0,38.72972426512369,-89.15049472446117,-72.15199118950318,2813.2990024306664,2402.300997569334,2607.8,2805.74,-0.010900282599919264,0
2016-07-16,2449.0,2547.0,2447.0,2509.0,24012804763,9570251,1458,2461.0,2490.0,39.62463053585573,-89.83855362444456,-75.68930367649146,2798.2634089277444,2392.7365910722556,2595.5,2800.34,-0.010843373493975905,0
2016-07-17,2511.0,2564.0,2444.0,2504.0,39078373793,15604523,1905,2509.0,2444.0,37.535484016731026,-93.02334559879682,-79.15611206095254,2789.7363253151493,2375.6636746848503,2582.7,2795.02,-0.006546644844517169,0
2016-07-18,2470.0,2476.0,2405.0,2421.0,30411331106,12560321,1749,2504.0,2405.0,35.81155904433794,-97.56956899068246,-82.83880344689852,2792.5832702975226,2351.9167297024774,2572.25,2790.44,0.011642411642411643,0
2016-07-25,2543.0,2579.0,2440.0,2506.0,37626398784,15015817,1727,2421.0,2467.0,40.49076812127285,-95.07365205850556,-85.28577316921994,2793.5639540911384,2344.9360459088616,2569.25,2784.12,0.03931901094446699,0
2016-07-26,2478.0,2498.0,2440.0,2470.0,19533550036,7908826,1159,2506.0,2450.0,39.6375417863762,-93.39082651838316,-86.9067838390526,2793.833271559174,2344.166728440826,2569.0,2778.12,0.015918367346938744,0
2016-07-27,2459.0,2539.0,2448.0,2485.0,27514267361,11072378,1428,2470.0,2463.0,40.66717461222503,-89.97105349955973,-87.51963777115402,2792.1003270821952,2333.499672917805,2562.8,2772.58,0.03491676816889977,0
2016-07-31,2498.0,2505.0,2426.0,2457.0,19614383464,7984556,1313,2485.0,2428.0,38.75069445300174,-89.05845579535844,-87.82740137599491,2785.297235302955,2318.702764697045,2552.0,2767.2,0.06342668863261935,1
2016-08-01,2450.0,2485.0,2410.0,2442.0,18535840040,7591439,1050,2457.0,2433.0,39.191564708307055,-86.92968601804569,-87.64785830440508,2786.729726027245,2310.770273972755,2548.75,2763.22,0.05630908343608709,1
2016-08-02,2458.0,2564.0,2449.0,2522.0,60157831542,23852395,2330,2442.0,2564.0,49.45659235265581,-73.8210523062703,-84.88249710477812,2778.30241175227,2310.7975882477303,2544.55,2761.5,0.029641185647425905,0
2016-08-03,2520.0,2596.0,2477.0,2513.0,36033274544,14340186,1665,2522.0,2489.0,44.794356419555875,-68.69239566819806,-81.64447681746212,2755.102864212449,2311.6971357875514,2533.4,2755.56,0.05664925672961019,1
2016-08-06,2499.0,2638.0,2466.0,2587.0,118109668660,45647479,3527,2513.0,2549.0,48.94117949296087,-59.105073280326906,-77.13659611003509,2734.228765712833,2317.4712342871667,2525.85,2749.62,0.037269517457826584,0
2016-08-07,2640.0,2699.0,2580.0,2633.0,37292684101,14164141,1795,2587.0,2582.0,51.116108921934,-48.28759763991184,-71.36679641601044,2720.99696189119,2321.9030381088096,2521.45,2741.92,0.0027110766847404655,0
2016-08-08,2589.0,2612.0,2520.0,2568.0,25751900520,10027786,1154,2633.0,2570.0,50.27742292842277,-40.219346381582,-65.13730640912476,2699.889577399496,2330.5104226005037,2515.2,2731.94,0.011673151750972721,0
2016-08-09,2550.0,2665.0,2550.0,2627.0,40064844943,15249461,1496,2568.0,2640.0,54.923566514737324,-27.855681191932035,-57.68098136568622,2683.144046821814,2340.055953178186,2511.6,2725.14,-0.005303030303030254,0
2016-08-10,2661.0,2695.0,2625.0,2657.0,27584702626,10382540,1178,2627.0,2630.0,54.14519742228219,-18.649326058252427,-49.87465030419946,2649.9334363328135,2361.3665636671867,2505.65,2714.04,-0.019011406844106515,0
2016-08-13,2617.0,2663.0,2574.0,2618.0,28941628458,11052779,1257,2657.0,2644.0,55.10447139275886,-10.107032707839153,-41.9211267849274,2655.858321903765,2358.141678096235,2507.0,2704.32,-0.037443267776096856,0
2016-08-14,2660.0,2670.0,2576.0,2616.0,23294264241,8905363,1172,2618.0,2589.0,50.623905996530105,-7.686637259990675,-35.07422887994006,2662.401146033698,2356.998853966302,2509.7,2692.9,-0.02665121668597914,0
2016-08-15,2578.0,2649.0,2566.0,2617.0,32325415695,12354320,1484,2616.0,2600.0,51.47374649179561,-4.82522615686139,-29.024428335324327,2672.3198490699024,2361.5801509300973,2516.95,2681.86,-0.03076923076923077,0
2016-08-16,2587.0,2687.0,2577.0,2649.0,67540292942,25494035,2044,2617.0,2626.0,53.51051095759437,-0.4543174446453122,-23.310406157188527,2683.2792372645954,2370.7207627354046,2527.0,2672.96,-0.0422696115765423,0
2016-08-17,2652.0,2652.0,2567.0,2617.0,41127728513,15714430,1265,2649.0,2580.0,49.54809405799824,-0.6941545795798447,-18.78715584166679,2688.287471479474,2376.0125285205263,2532.15,2664.36,-0.03100775193798455,0
2016-08-20,2585.0,2622.0,2544.0,2580.0,20729897148,8034435,1083,2617.0,2545.0,46.71369997679761,-3.6661733653027113,-15.762959346393975,2689.904387034701,2379.8956129652993,2534.9,2654.04,0.03339882121807469,0
2016-08-21,2542.0,2608.0,2513.0,2552.0,53061815744,20789910,1526,2580.0,2520.0,44.74476159420922,-7.947200352802611,-14.199807547675704,2688.234076383957,2389.1659236160426,2538.7,2643.64,0.019444444444444375,0
2016-08-22,2550.0,2588.0,2520.0,2551.0,22190857122,8699177,1190,2552.0,2520.0,44.74476159420922,-11.210714940128128,-13.601989026166189,2681.28197725679,2407.6180227432096,2544.45,2631.6,0.0174603174603174,0
2016-08-23,2533.0,2570.0,2510.0,2528.0,9699560313,3837303,576,2551.0,2515.0,44.311545958737504,-14.03870255196216,-13.689331731325385,2679.7925063702446,2413.907493629755,2546.85,2620.7,0.005964214711729587,0
2016-08-24,2507.0,2540.0,2495.0,2505.0,16087420163,6421171,884,2528.0,2500.0,42.96751851983172,-17.29095834411828,-14.409657053883965,2676.6752135282027,2422.024786471797,2549.35,2608.94,-0.006000000000000005,0
2016-08-27,2630.0,2630.0,2614.0,2630.0,98904869816,37610404,2195,2505.0,2630.0,55.55075589653796,-9.271603670233617,-13.382046377153896,2683.1688806039247,2432.231119396075,2557.7,2599.54,-0.05817490494296573,0
2016-08-28,2660.0,2680.0,2566.0,2627.0,51031221068,19422685,2319,2630.0,2569.0,49.978575581325934,-7.749071049153372,-12.255451311553793,2675.2251103190283,2454.2748896809717,2564.75,2590.52,-0.043596730245231585,0
2016-08-29,2561.0,2605.0,2560.0,2582.0,16567036636,6417214,883,2627.0,2564.0,49.53992832684471,-6.866755507860944,-11.177712150815223,2663.829130548175,2478.7708694518255,2571.3,2580.6,-0.03744149765990634,0
2016-08-30,2580.0,2580.0,2505.0,2544.0,12107366422,4760037,668,2582.0,2530.0,46.54816197066781,-8.80947973610364,-10.704065667872907,2663.8367232028004,2475.3632767971994,2569.6,2571.02,-0.02371541501976282,0
2016-08-31,2521.0,2540.0,2470.0,2493.0,17681482422,7091202,1098,2544.0,2485.0,42.858961746906125,-13.820907781180722,-11.32743409053447,2664.33450373811,2474.46549626189,2569.4,2563.54,-0.013682092555332037,0
2016-09-03,2485.0,2550.0,2455.0,2500.0,10675496162,4269997,774,2493.0,2477.0,42.218352609655426,-18.227913710729354,-12.707530014573448,2668.683623575385,2462.9163764246155,2565.8,2558.36,-0.01937828017763421,0
2016-09-04,2500.0,2500.0,2445.0,2459.0,13916974420,5660738,763,2500.0,2457.0,40.58513819644634,-23.068412217233345,-14.77970645510543,2672.4383962150314,2446.661603784969,2559.55,2553.5,-0.01831501831501836,0
2016-09-05,2456.0,2490.0,2445.0,2464.0,12858492361,5219588,665,2459.0,2468.0,41.91603849627155,-25.720444811021935,-16.96785412628873,2674.0083121326247,2434.891687867375,2554.45,2550.58,-0.03970826580226905,0
2016-09-06,2477.0,2531.0,2469.0,2486.0,24662113942,9922375,881,2464.0,2470.0,42.16968447840178,-27.345593483522862,-19.043401997735558,2664.1354051903304,2427.7645948096692,2545.95,2549.44,-0.0080971659919028,0
2016-09-07,2499.0,2523.0,2451.0,2478.0,19617066219,7915212,914,2486.0,2451.0,40.36625761492495,-29.82289693367511,-21.199300984923468,2655.4803781223,2418.5196218777,2537.0,2549.36,0.042431660546715655,0
2016-09-10,2452.0,2465.0,2421.0,2433.0,14699987668,6041822,982,2478.0,2429.0,38.322605474648235,-33.178927876858324,-23.595226363310438,2642.947686352403,2409.552313647597,2526.25,2546.2,0.05887196377109927,1
2016-09-11,2430.0,2449.0,2411.0,2425.0,17278519980,7125979,1042,2433.0,2412.0,36.773317252386335,-36.78631476537021,-26.233444043722393,2640.3965853184727,2394.4034146815275,2517.4,2541.56,0.06426202321724706,1
2016-09-13,2416.0,2440.0,2331.0,2369.0,28880390172,12192585,2127,2425.0,2370.0,33.202014425884016,-42.543825122291764,-29.49552025943627,2638.489441510269,2373.310558489731,2505.9,2539.0,0.1181434599156117,1
2016-09-14,2360.0,2480.0,2340.0,2436.0,35489076126,14567013,1972,2369.0,2450.0,44.29851462877475,-40.18809876236037,-31.634035960021087,2619.61677436174,2374.5832256382596,2497.1,2535.04,0.07795918367346943,1
2016-09-17,2490.0,2555.0,2480.0,2526.0,45986684787,18206655,2547,2436.0,2555.0,54.890446598285116,-29.508391799311084,-31.208907127879087,2615.4330673632585,2376.2669326367413,2495.85,2531.9,0.02778864970645789,0
2016-09-18,2576.0,2625.0,2557.0,2587.0,36473075803,14096453,2172,2526.0,2572.0,56.33807014768701,-19.448696693796137,-28.8568650410625,2619.5496628520305,2374.850337147969,2497.2,2529.34,0.027216174183514852,0
2016-09-19,2586.0,2630.0,2549.0,2581.0,27750975797,10750102,1736,2587.0,2567.0,55.77117508655917,-11.744392019175393,-25.43437043668508,2625.3187958120193,2373.781204187981,2499.55,2527.28,0.0362290611608882,0
2016-09-21,2610.0,2710.0,2590.0,2677.0,162385460806,60649576,6149,2581.0,2650.0,62.51427235057584,1.046665968281559,-20.13816315569175,2647.7969223651967,2364.3030776348037,2506.05,2526.38,0.04150943396226414,0
2016-09-24,2671.0,2770.0,2639.0,2690.0,64230998580,23875167,2830,2677.0,2641.0,61.42077331687035,10.338273611237582,-14.042875802305884,2665.841726161395,2358.858273838605,2512.35,2524.96,0.03483528966300642,0
2016-09-25,2643.0,2679.0,2602.0,2639.0,41604504161,15766937,2226,2690.0,2626.0,59.55111371554595,16.30362690858192,-7.9735752601283245,2679.7515518237,2357.5484481763,2518.65,2522.5,0.028941355674029,0
2016-09-26,2631.0,2690.0,2625.0,2654.0,31383411048,11825536,1687,2639.0,2642.0,60.91771133272011,22.067893715235186,-1.9652814650556225,2682.0859604018847,2356.4140395981153,2519.25,2523.0,0.01816805450416359,0
2016-09-27,2675.0,2697.0,2645.0,2665.0,35106623542,13174418,1693,2654.0,2660.0,62.45455112739563,27.76846863537412,3.981468555030326,2696.715702005353,2350.8842979946476,2523.8,2525.5,-0.0033834586466164884,0
2016-09-28,2680.0,2776.0,2651.0,2726.0,57690106007,21159296,2752,2665.0,2760.0,69.6053949389721,39.89548922938229,11.16427268990072,2734.474488176083,2332.725511823917,2533.6,2531.6,-0.04202898550724643,0
2016-10-01,2790.0,2824.0,2720.0,2763.0,36104025753,13068934,1863,2726.0,2733.0,65.95295807115042,46.788220586745865,18.28906226926975,2762.5831556231888,2324.9168443768112,2543.75,2537.76,-0.008415660446395856,0
2016-10-02,2749.0,2749.0,2692.0,2715.0,29126082395,10729110,1567,2763.0,2702.0,61.93453802662455,49.1823751193042,24.46772483927664,2782.0540832783663,2327.1459167216335,2554.6,2542.26,0.01739452257586982,0
2016-10-03,2729.0,2749.0,2681.0,2706.0,35418270204,13087483,2047,2715.0,2690.0,60.4003976989668,49.54038935285507,29.482257741992328,2797.0774142546597,2333.4225857453403,2565.25,2546.26,0.05018587360594795,1
2016-10-04,2700.0,2730.0,2650.0,2694.0,37116299743,13777850,1757,2706.0,2651.0,55.58167577858613,46.145210882242736,32.81484837004241,2804.066978855782,2345.8330211442176,2574.95,2550.4,0.04413428894756688,0
2016-10-05,2698.0,2698.0,2631.0,2649.0,28298060746,10682087,1589,2694.0,2644.0,54.737572252772814,42.40089486245006,34.73205766852394,2809.2511086447257,2358.2488913552743,2583.75,2555.18,0.0204236006051437,0
2016-10-08,2631.0,2740.0,2630.0,2698.0,42417264587,15723285,1913,2649.0,2710.0,60.784712728734874,44.24907011916548,36.63546015865225,2821.3043171832446,2370.1956828167554,2595.75,2560.04,0.022140221402213944,0
2016-10-09,2710.0,2765.0,2704.0,2746.0,33149511557,12070713,1868,2698.0,2749.0,63.85752127338315,48.30391888019176,38.96915190296016,2835.357164994797,2385.942835005203,2610.65,2566.02,-0.001091305929428854,0
2016-10-10,2756.0,2840.0,2730.0,2796.0,55691915466,19915759,3017,2746.0,2825.0,68.9615569129363,56.993000742759705,42.57392167092007,2857.41913887134,2403.48086112866,2630.45,2573.26,-0.029734513274336294,0
2016-10-15,2848.0,2849.0,2740.0,2788.0,29070934467,10426190,1598,2796.0,2768.0,61.90099390194966,58.60418452975455,45.77997424268697,2859.1707197029173,2437.3292802970827,2648.25,2580.06,-0.03179190751445082,0
2016-10-16,2768.0,2791.0,2695.0,2713.0,25480603638,9390411,1412,2788.0,2698.0,54.51878528417491,53.61460847079343,47.346901088308265,2833.238582057017,2496.061417942983,2664.65,2585.36,0.026686434395848835,0
2016-10-17,2728.0,2800.0,2710.0,2752.0,38422375292,13961177,1507,2713.0,2770.0,59.8258515623989,54.83799351325024,48.845119573296664,2823.488755245188,2537.8112447548124,2680.65,2589.48,-0.01119133574007225,0
2016-10-18,2770.0,2800.0,2740.0,2764.0,15796212268,5715503,950,2752.0,2746.0,57.420636648225766,53.25702175434026,49.72750000950539,2823.3714684157007,2557.028531584299,2690.2,2594.62,0.05207574654042246,1
2016-10-19,2798.0,2798.0,2730.0,2757.0,21256080287,7710776,1026,2764.0,2741.0,56.90733027460999,51.01259064118494,49.984518135841306,2821.8202480309,2575.4797519691,2698.65,2598.46,0.0722364100693178,1
2016-10-22,2750.0,2750.0,2670.0,2703.0,29841854662,11040265,1732,2757.0,2680.0,50.926062247813235,43.80669628596388,48.74895376586582,2812.2186730829894,2596.381326917011,2704.3,2600.42,0.09701492537313428,1
2016-10-23,2700.0,2798.0,2680.0,2756.0,44366199516,16095672,1827,2703.0,2770.0,57.948721748715876,44.8413181297542,47.9674266386435,2818.8174640322595,2601.782535967741,2710.3,2604.42,0.040794223826714715,0
2016-10-24,2778.0,2778.0,2711.0,2752.0,22006232048,7997255,1011,2756.0,2739.0,55.02769270453491,42.667972644065685,46.90753583972794,2819.527561075645,2610.872438924355,2715.2,2606.4,0.04052573932091996,0
2016-10-25,2750.0,2889.0,2750.0,2878.0,101816927655,35381353,2347,2752.0,2889.0,64.3830945501235,52.444776350218035,48.01498394182596,2849.3562395085128,2607.343760491487,2728.35,2611.58,-0.006576670128071949,0
2016-10-26,2989.0,2998.0,2911.0,2955.0,177779484458,60152214,5899,2878.0,2939.0,66.85800427778989,63.49560801344023,51.111108756148816,2888.6092156639,2597.7907843360995,2743.2,2617.48,-0.030282408982647113,0
2016-10-29,2995.0,3060.0,2930.0,2998.0,78116956620,26055632,3198,2955.0,2940.0,66.90753184749614,71.50984241609603,55.19085548813826,2920.666938553304,2593.7330614466955,2757.2,2624.5,-0.02687074829931968,0
2016-10-30,2949.0,2949.0,2860.0,2899.0,44560315288,15371969,2518,2998.0,2883.0,61.285590919858016,72.42686546756613,58.63805748402384,2935.7846542896445,2590.9153457103553,2763.35,2630.16,-0.043704474505723234,0
2016-10-31,2870.0,2910.0,2835.0,2858.0,43107637683,15081992,2129,2899.0,2850.0,58.23476542844801,69.68747480455795,60.84794094813067,2945.02445791183,2593.37554208817,2769.2,2634.64,-0.03473684210526318,0
2016-11-01,2851.0,2939.0,2851.0,2880.0,31478617993,10929534,1709,2858.0,2870.0,59.54904719668806,68.34251089702047,62.34685493790863,2955.8160486600136,2599.383951339986,2777.6,2640.44,-0.018118466898954688,0
2016-11-02,2890.0,2900.0,2833.0,2872.0,35040283583,12198948,1963,2880.0,2850.0,57.59714001967358,64.91449061736057,62.860382073799016,2961.720867588108,2609.479132411892,2785.6,2646.54,-0.045263157894736894,0
2016-11-05,2919.0,2964.0,2852.0,2902.0,56259513654,19386026,2572,2872.0,2861.0,58.40470216867394,62.3664463456339,62.761594928166,2963.7041765589006,2628.495823441099,2796.1,2653.36,-0.044390073400908725,0
2016-11-06,2860.0,2890.0,2757.0,2785.0,59984571391,21542289,2980,2902.0,2757.0,48.91873969131153,51.36309033393218,60.481894009319234,2955.5106906851906,2647.9893093148094,2801.75,2658.1,-0.006166122597025758,0
2016-11-07,2729.0,2788.0,2710.0,2756.0,33670507648,12219054,1903,2785.0,2751.0,48.430030033434,41.67826052038845,56.72116731153308,2953.656731580489,2653.9432684195112,2803.8,2662.82,0.0,0
2016-11-08,2763.0,2838.0,2760.0,2800.0,31939761847,11406902,1394,2756.0,2818.0,53.961096407394066,38.96019430726574,53.16897271067962,2955.064579795048,2659.435420204952,2807.25,2669.18,0.010645848119233525,0
2016-11-09,2671.0,2740.0,2660.0,2680.0,65796649032,24547174,2864,2800.0,2721.0,46.23035974975988,28.648772695192292,48.264932707582155,2954.2531208615214,2649.846879138479,2802.05,2671.0,0.036751194413818355,0
2016-11-12,2750.0,2806.0,2725.0,2762.0,53506604692,19369783,2051,2680.0,2734.0,47.319653565417845,21.280578865844745,42.86806193923468,2954.7796279862996,2645.9203720137,2800.35,2674.3,0.009509875640087762,0
2016-11-13,2743.0,2799.0,2730.0,2743.0,23496274442,8565864,1145,2762.0,2740.0,47.84482116887798,15.743896191958811,37.4432287897795,2952.330585800786,2652.5694141992135,2802.45,2677.82,0.0029197080291971655,0
2016-11-14,2739.0,2763.0,2710.0,2737.0,27058628364,9884573,1228,2743.0,2751.0,48.85153953010821,12.10411465325069,32.37540596247374,2952.4284598741633,2650.5715401258367,2801.5,2682.24,0.017448200654307522,0
2016-11-15,2781.0,2850.0,2750.0,2793.0,59153698571,21177529,2190,2737.0,2848.0,56.77491349883549,16.85238706989594,29.270802183958182,2956.5725308181018,2656.627469181898,2806.6,2689.5,-0.016853932584269704,0
2016-11-16,2850.0,2904.0,2814.0,2849.0,61648637633,21635202,2211,2793.0,2821.0,54.255507653295105,18.22664737273817,27.06197122171418,2957.5985033936954,2663.6014966063044,2810.6,2696.38,-0.013470400567174745,0
2016-11-19,2790.0,2810.0,2760.0,2777.0,27625565503,9946533,1390,2849.0,2760.0,48.96850804773837,14.229539092940286,24.495484795959403,2951.1480135336506,2678.0519864663493,2814.6,2702.44,0.0068840579710145455,0
2016-11-21,2794.0,2794.0,2731.0,2758.0,18375273986,6661333,923,2777.0,2748.0,47.97803201534136,9.97847660485968,21.59208315773946,2951.8105202071993,2675.1894797928007,2813.5,2708.04,-0.0029112081513827937,0
2016-11-22,2784.0,2880.0,2756.0,2808.0,30904853308,11006063,1471,2758.0,2799.0,52.385971648693165,10.60253332667844,19.39417319152726,2950.7601951435568,2682.2398048564432,2816.5,2714.62,-0.03894247945694895,0
2016-11-23,2849.0,2849.0,2778.0,2811.0,24482223108,8708871,1112,2808.0,2800.0,52.47101139205158,11.050412144893471,17.725420982200504,2942.2413591602235,2681.858640839777,2812.05,2721.6,-0.03928571428571426,0
2016-11-26,2810.0,2838.0,2780.0,2810.0,18583742249,6614120,993,2811.0,2783.0,50.80963996532795,9.919258374037327,16.164188460567868,2921.0915593870036,2687.4084406129964,2804.25,2728.68,-0.04814947897951849,0
2016-11-27,2829.0,2829.0,2771.0,2786.0,9264595069,3325951,648,2810.0,2779.0,50.4052329497628,8.600898486625283,14.65153046577935,2895.3697534532944,2697.0302465467053,2796.2,2736.02,-0.05109751709247934,0
2016-11-29,2780.0,2780.0,2729.0,2749.0,23153441403,8423401,1099,2786.0,2740.0,46.51765032572242,4.358868392651402,12.592998051153762,2882.6181035395484,2695.481896460452,2789.05,2743.42,-0.03649635036496346,0
2016-12-03,2730.0,2730.0,2622.0,2662.0,28325470719,10639583,1503,2749.0,2690.0,42.040870024036664,-3.002937161232694,9.473811008676472,2879.630880499152,2682.469119500848,2781.05,2748.22,-0.018587360594795488,0
2016-12-04,2730.0,2750.0,2679.0,2705.0,29938769757,11066533,1239,2662.0,2690.0,42.040870024036664,-8.736512029247478,5.831746401091682,2869.36284601731,2674.7371539826904,2772.05,2750.92,-0.026765799256505574,0
2016-12-05,2650.0,2705.0,2620.0,2653.0,25866232574,9750906,1435,2705.0,2649.0,38.51578211118698,-16.39972297109125,1.3854525266550963,2866.3014860871563,2657.6985139128437,2762.0,2752.46,-0.01849754624386557,0
2016-12-06,2665.0,2693.0,2627.0,2657.0,21248272254,7996090,1095,2653.0,2637.0,37.52405965401319,-23.17403669508758,-3.5264453176934385,2858.2329558375363,2643.367044162464,2750.8,2753.86,-0.04436860068259385,0
2016-12-07,2658.0,2682.0,2640.0,2652.0,21198970961,7993748,1220,2657.0,2640.0,37.95417868275844,-27.978139621920946,-8.41678417853894,2862.6470263005413,2627.2529736994584,2744.95,2753.66,0.014393939393939403,0
2016-12-10,2669.0,2716.0,2630.0,2657.0,22565289548,8492579,896,2652.0,2640.0,37.95417868275843,-31.423198728449734,-13.0180670885211,2865.5941361553328,2613.2058638446674,2739.4,2753.64,0.015530303030303116,0
2016-12-11,2680.0,2680.0,2605.0,2625.0,12454566654,4744851,899,2657.0,2618.0,35.854785528210556,-35.519205735234664,-17.518294817863815,2860.6896035487625,2598.1103964512376,2729.4,2753.48,0.008785332314743988,0
2016-12-12,2640.0,2642.0,2565.0,2605.0,19545873260,7501811,1110,2625.0,2600.0,34.18850252100957,-39.75944819655933,-21.96652549360292,2866.267143828134,2580.4328561718658,2723.35,2752.64,-0.010769230769230753,0
2016-12-13,2591.0,2600.0,2512.0,2551.0,18832148959,7383323,1163,2605.0,2520.0,27.967534321232435,-49.010242738092074,-27.375268942500753,2880.622944249936,2544.677055750064,2712.65,2749.84,0.055952380952380976,1
2016-12-14,2546.0,2678.0,2532.0,2638.0,68128577424,25827975,2585,2551.0,2678.0,48.06661910542987,-43.095506350539836,-30.519316424108574,2877.677897744522,2541.4221022554784,2709.55,2748.2,-0.011202389843166571,0
2016-12-18,2704.0,2754.0,2671.0,2703.0,35250477076,13039764,1825,2638.0,2681.0,48.36124614750702,-37.73102050444595,-31.961657240176052,2873.4936920280743,2538.606307971926,2706.05,2747.16,-0.015292801193584449,0
2016-12-19,2697.0,2717.0,2630.0,2668.0,17139462100,6424139,1135,2703.0,2641.0,44.71843989691198,-36.28897580446437,-32.82712095303372,2851.9857639069955,2539.414236093004,2695.7,2745.94,0.007194244604316502,0
2016-12-20,2650.0,2655.0,2570.0,2599.0,16940639943,6518037,931,2668.0,2572.0,39.229093407281425,-40.24989262579538,-34.311675287586056,2837.2810033726782,2529.2189966273218,2683.25,2743.58,0.006998444790046632,0
2016-12-21,2600.0,2709.0,2600.0,2664.0,16698477913,6267270,955,2599.0,2661.0,48.08185496982766,-35.79477170090331,-34.608294570249505,2828.4613798551222,2528.138620144878,2678.3,2743.78,0.012401352874858995,0
2016-12-24,2685.0,2721.0,2614.0,2678.0,14135345205,5277607,905,2664.0,2648.0,47.00473836589938,-32.933411754610006,-34.27331800712161,2820.4748619839497,2526.1251380160506,2673.3,2743.86,0.004909365558912304,0
2016-12-25,2650.0,2690.0,2622.0,2648.0,20707384067,7819390,785,2678.0,2640.0,46.317109229101725,-30.954472631392946,-33.60954893197588,2801.2518395754637,2529.448160424536,2665.35,2742.46,0.0018939393939394478,0
2016-12-26,2690.0,2700.0,2621.0,2657.0,14053682575,5288837,794,2648.0,2660.0,48.35132270450206,-27.45582263307324,-32.37880367219535,2779.399204871389,2537.300795128611,2658.35,2740.68,-0.015037593984962405,0
2016-12-27,2642.0,2655.0,2571.0,2601.0,14640596079,5629839,911,2657.0,2590.0,42.30848616412646,-29.985873800964328,-31.90021769794915,2758.7329041695984,2538.667095830401,2648.7,2735.98,0.015444015444015413,0
2016-12-28,2651.0,2700.0,2650.0,2681.0,28101854447,10482951,1180,2601.0,2694.0,51.9223082133981,-23.330091966110103,-30.186192551581343,2739.580384210284,2549.3196157897155,2644.45,2734.5,-0.019302152932442418,0
2016-12-31,2690.0,2710.0,2655.0,2683.0,14755491425,5499665,762,2681.0,2661.0,49.124928876430204,-20.482056716967236,-28.245365384658523,2725.4482195222276,2555.5517804777724,2640.5,2733.76,0.0033821871476888976,0
2017-01-01,2660.0,2670.0,2630.0,2645.0,8344205442,3154420,484,2683.0,2645.0,47.78079818318916,-19.293629593370497,-26.45501822640092,2720.1642844685634,2556.3357155314366,2638.25,2731.26,0.06313799621928173,1
2017-01-02,2631.0,2670.0,2606.0,2618.0,13980577779,5340247,730,2645.0,2620.0,45.6777511417336,-20.136957293192154,-25.19140603975917,2713.438944585608,2556.061055414392,2634.75,2728.74,0.06564885496183215,1
2017-01-03,2660.0,2670.0,2604.0,2636.0,12707882847,4821743,721,2618.0,2630.0,46.68854089477275,-19.770482331021867,-24.10722129801171,2712.236216124932,2555.3637838750683,2633.8,2726.52,0.04410646387832706,0
2017-01-04,2630.0,2681.0,2620.0,2650.0,25055050655,9454316,954,2636.0,2642.0,47.94038421917603,-18.30078847369714,-22.945934733148796,2712.557260810686,2555.5427391893145,2634.05,2725.76,-0.6756245268735805,0
2017-01-07,2662.0,2697.0,2659.0,2679.0,30424636577,11356300,1452,2650.0,2670.0,50.841023409131104,-14.707144699740184,-21.298176726467073,2715.586179319086,2555.5138206809143,2635.55,2723.76,-0.6861423220973784,0
2017-01-08,2696.0,2812.0,2675.0,2779.0,59547536284,21424344,3418,2679.0,2812.0,62.31018666677635,-0.39637371216940664,-17.11781612360754,2755.2036356901313,2533.096364309869,2644.15,2725.22,-0.693456614509246,0
2017-01-09,2800.0,2840.0,2750.0,2794.0,33658728163,12045592,1908,2779.0,2792.0,60.18052218353059,9.224844283358834,-11.849284042214265,2780.385524462778,2525.314475537222,2652.85,2723.28,-0.6930515759312321,0
2017-01-11,2794.0,2794.0,2710.0,2746.0,21464491643,7816806,1291,2794.0,2746.0,55.48344123676139,12.988193490301455,-6.881788535711121,2791.4089425524808,2528.8910574475194,2660.15,2719.42,-0.6973780043699926,0
2017-04-15,865.0,950.0,850.0,882.0,506052482748,573584004,22359,651.0,857.0,12.463475352661675,-134.90078583178365,-32.48558799492563,3374.4426625156198,1779.5573374843802,2577.0,2677.76,-0.035005834305717576,0
2017-04-16,866.0,866.0,838.0,843.0,51946001517,61597201,2987,882.0,838.0,12.359669970183347,-250.74655839658772,-76.13778207525806,3582.6533150316664,1387.3466849683336,2485.0,2636.86,-0.03699284009546544,0
2017-04-17,801.0,875.0,801.0,835.0,284420304281,340623482,15537,843.0,862.0,13.341495292749897,-336.73687526762706,-128.25760071373185,3694.395257998818,1093.7047420011822,2394.05,2597.1,-0.04872389791183296,0
2017-04-18,860.0,875.0,840.0,863.0,131489549006,152442714,7749,835.0,857.0,13.308045921293669,-400.6696092803488,-182.74000242705526,3760.6586790509314,849.0413209490684,2304.85,2556.84,-0.061843640606767836,0
2017-04-19,870.0,870.0,829.0,840.0,109854334880,130770151,6898,863.0,831.0,13.123786108860799,-448.2673967913945,-235.8454812999231,3801.8584080140554,633.7415919859448,2217.8,2516.46,-0.04091456077015643,0
2017-04-22,840.0,856.0,825.0,836.0,93981866169,112438121,6465,840.0,827.0,13.093749445516863,-480.7697386101181,-284.83033276196215,3806.3336623220084,445.8663376779914,2126.1,2475.78,0.0096735187424426,0
2017-04-23,832.0,832.0,804.0,810.0,82072074607,101303547,5757,836.0,807.0,12.934348175100055,-502.3511205067239,-328.33449031091453,3789.8465115582258,278.25348844177415,2034.05,2436.78,0.026022304832713727,0
2017-04-24,816.0,828.0,802.0,818.0,36808543520,44972690,2731,810.0,820.0,13.670025557723491,-512.4977744655262,-365.1671471418369,3751.6532704825127,134.44672951748726,1943.05,2398.16,-0.017073170731707332,0
2017-04-26,822.0,822.0,802.0,807.0,53555048681,66364869,3872,818.0,804.0,13.518622618255023,-515.8833549236704,-395.3103886982036,3692.336303624248,8.16369637575167,1850.25,2357.88,0.018656716417910557,0
2017-04-29,810.0,810.0,786.0,796.0,68758616240,86381496,4758,807.0,797.0,13.448444812290035,-513.215267192317,-418.89136439702634,3624.3474507024957,-103.14745070249592,1760.6,2319.4,0.02258469259723972,0
2017-04-30,799.0,835.0,788.0,824.0,51385905355,62376274,3170,796.0,835.0,15.997788004329209,-502.24493900174275,-435.5620793179697,3521.3208742384822,-186.02087423848184,1667.65,2281.42,-0.019161676646706538,0
2017-05-01,853.0,860.0,824.0,842.0,66868341257,79413650,4459,824.0,828.0,15.904852384949152,-488.48476803759786,-446.1466170618953,3405.248588902029,-253.2485889020288,1576.0,2243.18,-0.024154589371980673,0
2017-05-02,837.0,837.0,805.0,815.0,45448793320,55766294,3439,842.0,806.0,15.59815864079178,-473.89221508235505,-451.6957366659873,3273.5636182773433,-305.46361827734336,1484.05,2204.28,0.007444168734491274,0
2017-05-03,820.0,831.0,800.0,809.0,37077309576,45820412,2716,815.0,819.0,16.621300252078996,-456.0217851022379,-452.56094635323745,3126.138793515137,-338.1387935151372,1394.0,2163.7,-0.004884004884004867,0
2017-05-06,823.0,827.0,805.0,815.0,42049783711,51622027,3284,809.0,815.0,16.55480216629377,-437.14299483175023,-449.47735604894,2955.1796443856438,-348.679644385644,1303.25,2123.58,-0.014723926380368124,0
2017-05-07,828.0,840.0,810.0,824.0,41568038201,50460825,3187,815.0,819.0,16.912785683738235,-417.0511449636275,-442.99211383187753,2756.1490795308564,-331.9490795308568,1212.1,2084.76,-0.02930402930402931,0
2017-05-08,825.0,825.0,807.0,813.0,32745759068,40296626,2367,824.0,808.0,16.700602385538673,-397.43444042348983,-433.8805791502,2517.9217276174145,-279.9217276174145,1119.0,2045.96,-0.012376237623762387,0
2017-05-09,811.0,825.0,801.0,808.0,39510995500,48911278,2709,813.0,812.0,17.107852701440322,-377.21697173337054,-422.5478576668341,2186.2968774052715,-148.29687740527174,1019.0,2006.22,-0.018472906403940836,0
2017-05-10,820.0,826.0,811.0,817.0,29554862308,36187374,2123,808.0,815.0,17.433890040090006,-356.8389894635237,-409.40608402617204,1758.6689979959333,81.63100200406666,920.15,1966.52,-0.019631901840490795,0
2017-05-13,818.0,819.0,801.0,807.0,33977759764,42110841,2370,817.0,803.0,17.143423456417494,-337.76405760579735,-395.07767874209713,859.8890227589452,786.1109772410548,823.0,1926.92,0.00498132004981322,0
2017-05-14,809.0,811.0,792.0,798.0,28643463949,35889883,2375,807.0,795.0,16.940781790506847,-319.608324012356,-379.98380779614894,855.2264773238171,784.5735226761828,819.9,1887.24,-0.0012578616352201255,0
2017-05-15,799.0,802.0,790.0,795.0,20955116037,26371879,1655,798.0,798.0,17.33539058827057,-301.5021700686357,-364.28748025064635,853.4297058826877,782.3702941173123,817.9,1848.4,0.012531328320801949,0
2017-05-16,799.0,810.0,794.0,800.0,22683282274,28363379,1739,795.0,797.0,17.30587605348721,-283.96028683559393,-348.22204156763587,844.9569299024249,784.343070097575,814.65,1810.54,0.012547051442910906,0
2017-05-17,802.0,805.0,796.0,799.0,30379258810,38043355,1931,800.0,799.0,17.608011704285047,-266.8210873016087,-331.9418507144305,835.7322851311271,787.7677148688729,811.75,1772.72,0.02127659574468077,0
2017-05-20,811.0,822.0,801.0,808.0,33243535908,41168350,2128,799.0,807.0,18.884670767086988,-249.71406672880983,-315.4962939173064,832.9059835415655,788.1940164584344,810.55,1735.88,-0.0012391573729864103,0
2017-05-21,807.0,807.0,794.0,797.0,25491097152,31985042,1928,808.0,794.0,18.38611027715409,-234.50242306945108,-299.29751974773535,831.0260028046381,786.7739971953619,808.9,1699.02,-0.005037783375314908,0
2017-05-22,800.0,829.0,797.0,814.0,39385338493,48360105,2787,797.0,808.0,20.810732780503074,-218.79526723297954,-283.1970692447842,831.0631182810307,786.8368817189694,808.95,1662.38,-0.016089108910891103,0
2017-05-23,815.0,816.0,804.0,807.0,19004388465,23536746,1457,814.0,807.0,20.76328316154553,-204.07546972881562,-267.3727493415905,829.8323013194338,786.7676986805661,808.3,1625.72,-0.030978934324659257,0
2017-05-24,808.0,822.0,807.0,815.0,31033226651,38071426,2202,807.0,816.0,22.47647524857247,-189.4992697500113,-251.7980534232747,830.5877845828211,787.2122154171789,808.9,1589.68,-0.04656862745098034,0
2017-05-27,818.0,819.0,804.0,811.0,29740740230,36687312,1967,815.0,806.0,21.909639803912583,-176.71735501163164,-236.7819137409461,830.3954270593597,788.3045729406404,809.35,1553.8,-0.04590570719602982,0
2017-05-28,805.0,813.0,790.0,799.0,37214299858,46586392,2478,811.0,790.0,20.997218883586115,-165.96551463242668,-222.6186339192422,826.2300810272975,787.9699189727025,807.1,1519.2,-0.051898734177215244,0
2017-05-29,796.0,804.0,790.0,795.0,18492179587,23255478,1559,799.0,795.0,22.0891435582853,-155.25150277256603,-209.14520768990698,822.6833978109678,788.2166021890323,805.45,1481.54,-0.08301886792452828,0
2017-05-30,796.0,799.0,777.0,782.0,31396334303,40164523,2664,795.0,782.0,21.26614859818767,-146.12512307868587,-196.54119076766275,824.2787293683634,784.2212706316366,804.25,1443.56,-0.07928388746803072,0
2017-05-31,791.0,797.0,777.0,782.0,23973696039,30641650,1839,782.0,778.0,21.006802586007666,-137.62867034896578,-184.75868668392337,824.0778426749822,780.3221573250179,802.2,1406.3,-0.0989717223650386,0
2017-06-03,782.0,785.0,763.0,769.0,28823611404,37471692,2610,782.0,769.0,20.40386767624439,-130.12143621201722,-173.83123658954213,825.3000000021931,774.4999999978069,799.9,1370.24,-0.10533159947984394,0
2017-06-06,771.0,771.0,746.0,754.0,33199067835,44023488,2784,769.0,749.0,19.092440747875898,-124.35227629033955,-163.93544452970164,828.6701100108386,764.1298899891614,796.4,1332.0,-0.029372496662216308,0
2017-06-07,740.0,755.0,717.0,727.0,55768817101,76674854,4319,754.0,729.0,17.856460156340972,-120.01060083842299,-155.15047579144593,835.5845569133596,749.3154430866405,792.45,1293.62,0.019204389574760006,0
2017-06-10,740.0,742.0,719.0,730.0,16914525493,23172981,1489,727.0,720.0,17.313300792359925,-115.95930980528692,-147.31224259421413,840.2838631049834,735.4161368950166,787.85,1255.22,0.03194444444444455,0
2017-06-11,724.0,724.0,697.0,706.0,26795356850,37961428,2264,730.0,701.0,16.19343335876694,-112.97941728866715,-140.44567753310474,845.2412830754969,719.0587169245031,782.15,1216.04,0.024251069900142586,0
2017-06-12,709.0,709.0,685.0,693.0,18165958203,26228674,1681,706.0,688.0,15.456752430552697,-110.39426597463546,-134.4353952214109,850.7919350475092,702.0080649524907,776.4,1178.0,0.02761627906976738,0
2017-06-13,690.0,727.0,677.0,708.0,37018008189,52272177,2833,693.0,727.0,26.29030816358832,-103.9996970992587,-128.34825559698044,849.8557089623994,696.1442910376006,773.0,1138.66,-0.02751031636863821,0
2017-06-14,735.0,743.0,723.0,739.0,19684013510,26625118,1618,708.0,743.0,30.239788389720033,-96.52817222995486,-121.98423892357533,847.2665566622736,693.2334433377264,770.25,1100.3,-0.05248990578734858,0
2017-06-17,767.0,767.0,739.0,752.0,26459648147,35170751,2241,739.0,743.0,30.239788389720047,-89.57437727844956,-115.50226659455018,844.4121493331625,690.6878506668374,767.55,1062.26,-0.04172274562584122,0
2017-06-18,744.0,744.0,715.0,722.0,14144371348,19602800,1420,752.0,718.0,27.563465206805347,-85.09975870073515,-109.42176501578719,841.8287941954529,685.1712058045471,763.5,1024.22,-0.004178272980501441,0
2017-06-19,719.0,719.0,700.0,707.0,11017095835,15590305,1010,722.0,707.0,26.454061709918136,-81.50169846234644,-103.83775170509905,837.8435567649568,679.1564432350432,758.5,985.76,0.0,0
2017-06-20,702.0,729.0,701.0,709.0,11614781186,16391645,1040,707.0,707.0,26.454061709918136,-77.75391111361068,-98.62098358680139,834.7608553491041,673.5391446508959,754.15,947.06,-0.0028288543140028155,0
2017-06-21,717.0,717.0,704.0,708.0,15864762636,22412152,1090,709.0,704.0,26.121515485495067,-74.17084226644022,-93.73095532272916,828.4043265034354,669.4956734965647,748.95,907.74,-0.017045454545454586,0
2017-06-24,702.0,726.0,702.0,715.0,17025427390,23809648,1196,708.0,712.0,28.695637770952686,-69.88016619225903,-88.96079749663514,820.5009829564128,667.8990170435873,744.2,865.74,-0.0098314606741573,0
2017-06-25,717.0,728.0,714.0,718.0,16613087057,23129859,1919,715.0,715.0,29.685044486672453,-65.48285398380062,-84.26520879406823,808.8587512448408,669.4412487551591,739.15,824.2,-0.032167832167832144,0
2017-06-28,716.0,725.0,700.0,712.0,17407857100,24433105,2264,718.0,707.0,28.54747012146896,-61.92959964402496,-79.79808696405958,798.0297736179239,670.3702263820762,734.2,783.42,-0.005657708628005631,0
2017-07-01,706.0,717.0,701.0,707.0,11078875883,15661215,1076,712.0,705.0,28.255944577208766,-58.59950465253098,-75.55837050175386,789.5301141331206,670.3698858668795,729.95,780.38,-0.021276595744680882,0
2017-07-02,705.0,706.0,688.0,693.0,15036805267,21705474,1447,707.0,692.0,26.370858053021863,-56.35969228423755,-71.7186348582506,778.5162917569334,671.0837082430666,724.8,777.46,-0.005780346820809301,0
2017-07-03,697.0,727.0,683.0,708.0,29584646833,41783637,2235,693.0,705.0,31.306268228059523,-52.925540801566285,-67.96001604691374,768.3861676373232,673.5138323626769,720.95,774.32,0.026950354609929006,0
2017-07-04,710.0,711.0,692.0,697.0,14182786674,20344812,1121,708.0,692.0,29.19851863319539,-50.66886324902816,-64.50178548733662,757.7949875454651,675.5050124545348,716.65,771.02,0.03179190751445082,0
2017-07-05,697.0,707.0,690.0,699.0,17941399874,25656175,1310,697.0,703.0,33.29117267890602,-47.44589521499927,-61.09060743286915,747.0918138237512,679.6081861762489,713.35,768.46,0.06401137980085347,1
2017-07-08,700.0,701.0,686.0,692.0,16563974525,23945748,1742,699.0,690.0,31.009796231858047,-45.417120883894086,-57.95591012307414,741.360620150715,679.4393798492849,710.4,765.72,0.11159420289855082,1
2017-07-09,687.0,700.0,685.0,690.0,19519897535,28299890,1537,692.0,688.0,30.661671392752083,-43.46959545771324,-55.05864719000196,739.5415052557101,677.1584947442899,708.35,763.34,0.1308139534883721,1
2017-07-10,700.0,724.0,700.0,721.0,65361685676,90623663,4374,690.0,724.0,43.05408414254069,-38.5765815715863,-51.76223406631884,740.0871209864974,677.0128790135025,708.55,761.42,0.0787292817679559,1
2017-07-11,733.0,741.0,711.0,723.0,19032289130,26317311,1612,721.0,714.0,40.86904522962257,-35.10112531810694,-48.43001231667646,740.6235580435593,677.7764419564407,709.2,759.62,0.10504201680672276,1
2017-07-12,719.0,750.0,719.0,741.0,68564989828,92549507,4748,723.0,748.0,50.135253122551624,-29.265925970587546,-44.597195047458676,746.2975072419782,678.1024927580219,712.2,758.64,0.03342245989304815,0
2017-07-15,752.0,770.0,752.0,763.0,57903784079,75921183,4579,741.0,767.0,54.43260319821239,-22.84500424850728,-40.2467568876684,755.4727513029679,672.9272486970322,714.2,757.28,0.003911342894393766,0
2017-07-16,770.0,784.0,760.0,770.0,101787329802,132199041,6162,763.0,778.0,56.75616934723156,-16.676532765412958,-35.53271206321731,764.317240981025,667.5827590189751,715.95,756.28,0.02570694087403602,0
2017-08-01,810.0,810.0,771.0,789.0,91056055651,115443940,4830,770.0,781.0,57.39425971777067,-11.414322540590774,-30.709034158692006,772.8491818131545,662.8508181868456,717.85,755.78,0.030729833546734975,0
2017-08-02,774.0,795.0,765.0,784.0,51857152853,66146583,4737,789.0,789.0,59.126290102864814,-6.52325387395706,-25.87187810174502,784.5423787967811,658.2576212032188,721.4,755.18,0.013941698352344822,0
2017-08-06,784.0,795.0,771.0,778.0,19009064632,24420335,1503,784.0,773.0,54.366040007921455,-3.8932342191989164,-21.4761493252358,791.2915910616049,658.1084089383952,724.7,754.34,0.015523932729624823,0
2017-08-07,775.0,776.0,750.0,760.0,35512611788,46704434,2224,778.0,770.0,53.49636031142584,-2.0276264074175288,-17.586444741672146,796.7158841525746,658.9841158474254,727.85,753.36,0.024675324675324628,0
2017-08-08,777.0,798.0,764.0,790.0,54280152167,68674503,3255,760.0,798.0,59.93786312978483,1.6907572218404994,-13.731004348969618,806.8775857277467,658.2224142722532,732.55,753.16,-0.016290726817042578,0
2017-08-09,812.0,822.0,801.0,811.0,45337118576,55873905,3577,790.0,805.0,61.37817883641158,5.143157418873443,-9.956171995401007,817.2214971124339,657.1785028875662,737.2,753.02,0.006211180124223503,0
2017-08-12,804.0,819.0,790.0,803.0,34329000021,42768861,2570,811.0,800.0,59.72641970719198,7.390557488698505,-6.486826098581105,825.2437348500174,657.6562651499827,741.45,752.72,0.026250000000000107,0
2017-08-13,793.0,807.0,782.0,793.0,17892638773,22553879,1540,803.0,785.0,54.94894886913062,7.870536945243089,-3.6153534898162665,829.6263905261419,661.0736094738581,745.35,752.36,0.04458598726114649,0
2017-08-14,790.0,798.0,781.0,791.0,20593008464,26035259,3147,793.0,789.0,55.960589982443466,8.475984816379082,-1.1970858285771966,833.7366378953009,665.363362104699,749.55,752.24,0.057034220532319324,1
2017-08-15,783.0,800.0,782.0,794.0,28850995186,36347309,2295,791.0,785.0,54.639260757485005,8.534657822922895,0.7492629017228217,835.377829486346,673.0221705136541,754.2,751.98,0.053503184713375784,1
2017-08-16,791.0,815.0,785.0,805.0,42233121948,52456539,2476,794.0,810.0,60.85965741755894,10.477667639184688,2.6949438492151954,840.8022587277941,678.097741272206,759.45,752.24,0.032098765432098775,0
2017-08-19,812.0,828.0,806.0,821.0,39368568592,47966010,2771,805.0,821.0,63.24779176171036,12.758058034954615,4.70756668636308,845.2697675447871,686.5302324552129,765.9,752.68,0.025578562728379994,0
2017-08-20,821.0,830.0,809.0,818.0,28052685510,34313335,1913,821.0,820.0,62.87222688223983,14.31952563238167,6.629958475566799,848.9299844526623,694.5700155473377,771.75,752.94,0.013414634146341475,0
2017-08-21,820.0,842.0,820.0,836.0,40436715111,48397702,2711,818.0,834.0,65.92302429553334,16.49652132116489,8.603271044686418,850.976314636477,706.9236853635231,778.95,753.74,0.050359712230215736,1
2017-08-22,840.0,849.0,825.0,833.0,28407307605,34111708,1891,836.0,827.0,63.12981380719981,17.455745620682706,10.373765959885676,847.5600356804337,724.2399643195663,785.9,754.12,0.08706166868198317,1
2017-08-23,830.0,838.0,824.0,833.0,47582509921,57104304,2599,833.0,836.0,65.17301695272803,18.726297472205943,12.04427226234973,849.9140394093066,733.0859605906934,791.5,754.7,0.09210526315789469,1
2017-08-26,839.0,849.0,832.0,841.0,37004092099,43990692,2311,833.0,842.0,66.5056223111923,19.98697145875883,13.63281210163155,848.4683695615319,747.3316304384681,797.9,755.22,0.0890736342042755,1
2017-08-27,843.0,845.0,830.0,835.0,28845298773,34532536,1542,841.0,831.0,61.83428566044066,19.869414366072192,14.88013255451968,849.0541487542473,755.0458512457526,802.05,755.72,0.08904933814681115,1
2017-08-28,835.0,876.0,828.0,857.0,99919938128,116621066,5281,835.0,876.0,70.85357961785357,23.14062274797209,16.532230593210162,861.708855366177,753.291144633823,807.5,757.44,0.0365296803652968,0
2017-08-29,882.0,899.0,879.0,895.0,86772842562,96947889,3828,857.0,899.0,74.20845580483498,27.274582332104842,18.680700940989098,879.0678601612624,748.0321398387375,813.55,759.52,-0.025583982202447175,0
2017-08-30,930.0,939.0,908.0,930.0,189940379524,204196613,8836,895.0,913.0,76.017970399318,31.319427221871365,21.208446197165554,896.8605598996014,743.4394401003985,820.15,762.14,-0.04052573932092007,0
2017-09-02,905.0,960.0,905.0,932.0,51396492447,55164329,3291,930.0,917.0,76.52474141632544,34.45063701047059,23.85688435982656,912.588305423282,740.5116945767179,826.55,764.92,-0.07524536532170123,0
2017-09-03,928.0,938.0,904.0,911.0,42010979850,46109233,2809,932.0,905.0,71.63425010915407,35.55399924358437,26.196307336578123,921.9515202578739,744.3484797421261,833.15,767.64,-0.06629834254143652,0
2017-09-04,905.0,911.0,883.0,898.0,35688961025,39751759,2372,911.0,908.0,72.11405066477754,36.25259929239337,28.207565727741176,929.5943465558221,750.5056534441778,840.05,770.82,-0.026431718061673992,0
2017-09-05,900.0,927.0,876.0,900.0,62310120915,69255535,3938,898.0,876.0,60.38169580773037,33.83409392559247,29.332871367311437,932.6189911982141,755.281008801786,843.95,773.76,0.01255707762557079,0
2017-09-06,890.0,895.0,867.0,876.0,26680655158,30456181,1848,900.0,876.0,60.38169580773037,31.553679818547835,29.777033057558718,935.3282414722551,759.6717585277449,847.5,776.88,0.015981735159817267,0
2017-09-10,860.0,881.0,841.0,859.0,38493552674,44792649,2378,876.0,848.0,51.82540690811674,27.173826260965484,29.256391698240073,934.9856039533634,764.8143960466366,849.9,779.82,0.04952830188679247,0
2017-09-11,841.0,858.0,835.0,847.0,19804870373,23390394,1362,859.0,845.0,50.99167330762796,23.193327590370018,28.043778876666064,932.6869663548403,773.1130336451597,852.9,782.96,0.07928994082840246,1
2017-09-12,850.0,886.0,841.0,869.0,40386637639,46498618,3235,847.0,884.0,60.00048222047776,22.921502961380725,27.019323693608996,932.8331763103165,782.4668236896835,857.65,786.1,0.04751131221719462,0
2017-09-13,889.0,908.0,886.0,893.0,35616861390,39887815,2551,869.0,887.0,60.600452946691156,22.68663747756989,26.152786450401177,931.0519033417652,794.4480966582348,862.75,788.98,0.02367531003382184,0
2017-09-16,900.0,902.0,880.0,893.0,20848557269,23357793,1494,893.0,890.0,61.22676678275185,22.483405118714472,25.418910184063837,931.5045365214485,801.9954634785515,866.75,791.92,0.03370786516853941,0
2017-09-17,885.0,900.0,885.0,892.0,26544415507,29749413,1686,893.0,890.0,61.22676678275185,22.067956346178562,24.748719416486782,932.1276997805296,808.2723002194705,870.2,795.36,-0.004494382022471877,0
2017-09-18,895.0,920.0,891.0,911.0,29571605834,32459466,1905,892.0,912.0,65.84453164364632,23.245961366600113,24.44816780650945,934.7653233136211,814.8346766863788,874.8,799.46,-0.06688596491228072,0
2017-09-19,915.0,947.0,915.0,933.0,48497385472,51969358,3087,911.0,926.0,68.42189637320487,25.02079764907728,24.562693775023018,940.2486647356116,818.5513352643884,879.4,803.84,-0.06695464362850967,0
2017-09-20,930.0,930.0,900.0,912.0,21326621944,23373182,1447,933.0,908.0,61.94926401563217,24.690304164988788,24.588215853016173,940.4709610591283,826.4290389408718,883.45,807.92,-0.09251101321585908,0
2017-09-27,936.0,944.0,916.0,932.0,51237144403,54990958,2367,912.0,920.0,64.36920497431274,25.10726449323863,24.692025581060665,942.4013470163645,832.8986529836354,887.65,812.08,-0.13913043478260867,0
2017-10-02,909.0,909.0,886.0,890.0,77525701825,87064304,4181,932.0,886.0,53.90808934036834,22.435569428554118,24.240734350559357,940.4672895373334,839.2327104626667,889.85,815.5,-0.08465011286681712,0
2017-10-03,869.0,877.0,846.0,854.0,42190619120,49391784,3007,890.0,851.0,45.67838217799242,17.294662247635415,22.85151992997457,937.4043768093418,844.2956231906583,890.85,818.38,-0.05640423031727382,0
2017-10-04,852.0,880.0,852.0,867.0,19910439460,22953663,1522,854.0,864.0,48.80461451710572,14.106832835261685,21.102582511031994,937.8519957575963,842.6480042424037,890.25,821.56,-0.06828703703703709,0
2017-10-07,867.0,867.0,824.0,830.0,38146835846,45950395,2846,867.0,824.0,40.98818273891626,8.257600870179544,18.533586182861505,941.9274300333908,831.0725699666092,886.5,824.2,-0.02669902912621358,0
2017-10-08,825.0,825.0,789.0,793.0,47648940332,60093715,3398,830.0,792.0,36.018306090909384,1.0280590072784435,15.032480747744893,948.0620551389085,812.8379448610916,880.45,825.94,0.0,0
2017-10-09,800.0,827.0,788.0,805.0,27170360879,33751536,1999,793.0,811.0,40.62194468140797,-3.1321582244221418,11.399552953311487,946.9588434672715,803.3411565327284,875.15,828.32,-0.011097410604192337,0
2017-10-10,806.0,817.0,798.0,805.0,12878467612,16005474,1145,805.0,803.0,39.33847939743475,-6.994070206815309,7.7208283212861275,946.9615726019655,793.1384273980344,870.05,830.32,-0.00498132004981322,0
2017-10-11,799.0,810.0,785.0,799.0,17469916793,21871324,1415,805.0,805.0,39.8501408768691,-9.780536059609858,4.220555445106931,944.6969924252018,785.1030075747982,864.9,832.62,0.009937888198757738,0
2017-10-14,810.0,830.0,799.0,808.0,61259899893,75769947,3220,799.0,802.0,39.31447028971625,-12.091521715678255,0.9581400129498938,945.339408127868,777.0605918721321,861.2,834.9,0.05860349127182052,1
2017-10-15,802.0,810.0,789.0,795.0,29579738593,37220358,2234,808.0,792.0,37.50472540294979,-14.562048691621612,-2.1458977279644076,946.0101117857301,767.9898882142699,857.0,836.26,0.06818181818181812,1
2017-10-16,791.0,815.0,791.0,802.0,18721874096,23347008,1387,795.0,802.0,40.45650505987811,-15.533976679137027,-4.823513518198931,946.8435836079124,762.5564163920877,854.7,838.02,0.03366583541147139,0
2017-10-17,799.0,809.0,796.0,800.0,25034900887,31299096,1585,802.0,799.0,39.848434527942366,-16.357749584693238,-7.1303607314977935,947.6415875555865,757.1584124444134,852.4,839.04,0.040050062578222745,0
2017-10-18,807.0,822.0,800.0,810.0,31532647414,38925304,2473,800.0,813.0,44.07296868795235,-15.699933489790624,-8.84427528315636,944.4078882149909,753.2921117850092,848.85,839.96,0.02337023370233693,0
2017-10-21,824.0,850.0,824.0,847.0,78823450934,93085669,4464,810.0,849.0,53.17904539147057,-12.133839016692605,-9.50218802986361,940.8956757924961,753.0043242075039,846.95,841.38,-0.03769140164899887,0
2017-10-22,859.0,879.0,841.0,857.0,38415401030,44805113,2621,847.0,846.0,52.41317819284069,-9.440929227038055,-9.4899362692985,936.5974278361073,752.9025721638927,844.75,842.68,-0.05082742316784872,0
2017-10-23,855.0,859.0,829.0,839.0,27509535208,32773258,2207,857.0,829.0,48.178875132540135,-8.579636038823992,-9.307876223203598,931.3595784069339,752.0404215930662,841.7,843.48,-0.033775633293124274,0
2017-10-24,844.0,844.0,828.0,834.0,15272692047,18312780,1167,839.0,831.0,48.70391397063045,-7.647515893769423,-8.975804157316762,921.3620660365599,753.9379339634401,837.65,844.64,-0.0276774969915764,0
2017-10-25,829.0,849.0,829.0,836.0,19293782680,23087897,1415,834.0,832.0,48.9822443626535,-6.750299074780628,-8.530703140809536,906.1933614746735,759.7066385253266,832.95,845.88,-0.033653846153846145,0
2017-10-28,833.0,840.0,813.0,821.0,25166801443,30637363,1952,836.0,817.0,45.034928981342084,-7.16700613597402,-8.257963739842433,893.2549150034903,763.5450849965097,828.4,846.26,-0.0367197062423501,0
2017-10-29,822.0,825.0,800.0,808.0,30127191482,37296446,2191,821.0,803.0,41.66043680576001,-8.528619860430808,-8.312094963960108,872.7514940027716,772.3485059972284,822.55,846.22,-0.011207970112079746,0
2017-10-30,795.0,805.0,785.0,795.0,34076277221,42860546,2442,808.0,801.0,41.18565770627613,-9.657763150413416,-8.58122860125077,859.9610129510863,776.6389870489136,818.3,846.24,-0.014981273408239737,0
2017-10-31,805.0,825.0,800.0,811.0,27091313402,33384787,1916,795.0,808.0,43.60801329783787,-9.873955036862412,-8.839773888373099,855.1949740697919,777.1050259302081,816.15,846.7,-0.04084158415841588,0
2017-11-01,811.0,820.0,799.0,804.0,24704132907,30736823,1763,811.0,804.0,42.53006644908684,-10.249900759443562,-9.121799262587192,845.7093304616496,780.5906695383503,813.15,847.0,-0.026119402985074647,0
2017-11-04,795.0,800.0,782.0,793.0,47121026142,59446189,3209,804.0,787.0,38.20739625285946,-11.783762499249974,-9.65419190991975,845.3534873414019,777.246512658598,811.3,847.04,-0.008894536213468918,0
2017-11-05,800.0,802.0,787.0,794.0,68278577326,85987266,4483,793.0,794.0,40.87229589437353,-12.292813577454353,-10.18191624342667,845.2372575737311,777.5627424262689,811.4,846.72,-0.021410579345088165,0
2017-11-06,793.0,798.0,786.0,789.0,22093762783,28005007,1526,794.0,789.0,39.5599253504786,-12.950414125022462,-10.735615819745828,845.5198807509493,775.0801192490507,810.3,846.08,-0.010139416983523497,0
2017-11-07,786.0,788.0,771.0,778.0,28038679833,36057566,2388,789.0,775.0,36.067800121217644,-14.434854279099682,-11.4754635116166,847.255703619034,770.544296380966,808.9,845.18,0.003870967741935516,0
2017-11-08,781.0,794.0,768.0,778.0,19683153582,25292458,1727,778.0,783.0,39.361826638085994,-14.795200789797263,-12.139410967252733,847.7679871911414,767.8320128088585,807.8,844.16,-0.0063856960408684715,0
2017-11-11,789.0,795.0,779.0,785.0,19199213151,24458505,1267,778.0,780.0,38.55949352869918,-15.148233517098333,-12.741175477221853,848.4185809935012,764.9814190064989,806.7,843.22,-0.008974358974358942,0
2017-11-12,788.0,794.0,774.0,780.0,16282165074,20887745,1240,785.0,777.0,37.73123638574494,-15.491512907239098,-13.291242963225303,849.2095654175047,762.6904345824954,805.95,842.04,-0.01158301158301156,0
2017-11-13,777.0,792.0,777.0,783.0,17477231464,22325392,1132,780.0,781.0,39.59433132125275,-15.264834219660088,-13.68596121451226,849.4910304894541,760.3089695105458,804.9,840.82,-0.015364916773367487,0
2017-11-14,790.0,793.0,778.0,783.0,12200962776,15573148,908,783.0,778.0,38.6600595896421,-15.152594971902658,-13.979287965990341,849.9120234044435,757.7879765955565,803.85,839.76,0.011568123393316254,0
2017-11-15,780.0,785.0,776.0,780.0,14535237275,18646830,1059,783.0,778.0,38.6600595896421,-14.891979094350177,-14.161826191662309,849.2843194304168,754.9156805695833,802.1,837.8,0.0526992287917738,1
2017-11-18,785.0,786.0,765.0,772.0,18393604536,23838449,1598,780.0,773.0,36.97369614353666,-14.916944100890532,-14.312849773507955,841.8665008935975,754.7334991064024,798.3,835.28,0.05174644243208282,1
2017-11-20,777.0,785.0,766.0,774.0,15560688034,20112350,1132,772.0,768.0,35.31476024122696,-15.165370312842128,-14.483353881374791,833.9696853678682,754.8303146321317,794.4,832.38,0.03776041666666674,0
2017-11-21,770.0,780.0,764.0,768.0,21621173956,28165401,1600,774.0,769.0,35.9338873079401,-15.10740942120492,-14.608164989340818,829.0743944889931,753.7256055110068,791.4,829.42,0.031209362808842567,0
2017-11-22,763.0,796.0,763.0,780.0,26822261023,34386568,1887,768.0,787.0,45.96028325142732,-13.453936820392755,-14.377319355551206,822.2187825352846,756.1812174647155,789.2,827.06,0.0012706480304955914,0
2017-11-25,792.0,819.0,792.0,815.0,73301172389,89986702,4528,780.0,819.0,58.419005556225464,-9.45245330898274,-13.392346146237514,818.5464997976839,758.5535002023161,788.55,825.28,-0.031746031746031744,0
2017-11-26,825.0,843.0,812.0,822.0,31158148902,37915150,2333,815.0,813.0,55.82040583827772,-6.688300092818395,-12.051536935553692,817.6298565589462,759.0701434410538,788.35,824.02,-0.028290282902828978,0
2017-11-28,802.0,824.0,796.0,805.0,35245553534,43768829,2403,822.0,797.0,49.49743296146477,-5.722786318412545,-10.785786812125464,816.8421864420277,759.2578135579722,788.05,822.44,-0.013801756587201952,0
2017-11-29,797.0,809.0,790.0,794.0,18239329190,22969307,1369,805.0,793.0,48.03259668440908,-5.22020103854004,-9.67266965740838,815.929144260612,759.3708557393879,787.65,821.34,-0.015132408575031508,0
2017-12-02,792.0,808.0,787.0,794.0,21629796688,27248738,1421,794.0,788.0,46.19236988425525,-5.1658085709641455,-8.771297440119532,813.3503745313164,759.9496254686835,786.65,820.2,-0.005076142131979711,0
2017-12-03,804.0,820.0,789.0,800.0,22846047669,28570589,1669,794.0,793.0,48.32445734010176,-4.665463377610308,-7.950130627617688,811.7819002434128,760.4180997565873,786.1,818.38,0.03783102143757877,0
2017-12-04,791.0,800.0,787.0,791.0,15792882196,19954741,1223,800.0,790.0,47.118075941830156,-4.459603600736386,-7.2520252222414285,811.986161332114,760.513838667886,786.25,816.44,0.08734177215189876,1
2017-12-05,787.0,801.0,785.0,791.0,19953479227,25210033,1297,791.0,786.0,45.48752861794505,-4.566584076396566,-6.714936993072457,811.3394095677523,760.3605904322477,785.85,814.36,0.14631043256997445,1
2017-12-09,795.0,797.0,781.0,787.0,20439330940,25985225,1529,791.0,781.0,43.462838145884234,-4.99722024306584,-6.371393643071134,810.980178223284,759.919821776716,785.45,812.18,0.13956466069142115,1
2017-12-10,786.0,796.0,780.0,784.0,18070075207,23034855,1466,787.0,784.0,45.04343746803806,-5.038348632985503,-6.1047846410540085,810.9910342575315,760.8089657424684,785.9,809.62,0.1607142857142858,1
2017-12-11,790.0,823.0,782.0,819.0,182295580133,222689205,7694,784.0,823.0,60.502558268101126,-1.9020435409512402,-5.264236421033455,817.6852312415481,758.1147687584519,787.9,807.56,0.16403402187120286,1
2017-12-12,859.0,859.0,859.0,859.0,7425494932,8644348,411,819.0,859.0,69.13376418003719,3.4486461299126177,-3.52165991084424,834.5502341927096,749.1497658072905,791.85,806.58,0.11757857974388819,1
2017-12-13,901.0,901.0,863.0,893.0,411324010096,460750068,15274,859.0,901.0,75.78279086281512,10.951908451758527,-0.6269462383236868,861.3602677305337,734.7397322694662,798.05,806.2,0.06548279689234193,1
2017-12-16,910.0,914.0,880.0,894.0,87786116937,98182210,4949,893.0,890.0,71.44212036382378,15.828231826973933,2.6640893747358376,877.8115065121917,729.1884934878083,803.5,806.28,0.01797752808988773,0
2017-12-17,892.0,935.0,892.0,913.0,94791655506,103780552,5129,894.0,910.0,74.32197064193069,21.063775989014744,6.3440266975916195,896.6237539645102,723.5762460354898,810.1,807.46,-0.034065934065934056,0
2017-12-18,913.0,958.0,913.0,942.0,152507910370,161861470,7610,913.0,958.0,79.63094625063934,28.75471485113769,10.826164328300834,925.5479215396455,712.6520784603546,819.1,809.34,-0.08663883089770352,0
2017-12-19,970.0,983.0,946.0,966.0,110779712645,114686578,6185,942.0,960.0,79.81817943398114,34.61223430321536,15.583378323283739,948.9779635607852,707.9220364392149,828.45,812.06,-0.10520833333333335,0
2017-12-20,962.0,971.0,938.0,953.0,90888602337,95349550,4680,966.0,960.0,79.81817943398114,38.80701752859579,20.22810616434615,968.0061079753826,708.0938920246173,838.05,815.42,-0.1177083333333333,0
2017-12-23,970.0,970.0,906.0,925.0,151601799208,163975253,8301,953.0,906.0,61.97852828995386,37.34359108091826,23.651203147660574,974.0152973125528,715.7847026874472,844.9,817.32,-0.10485651214128033,0
2017-12-24,898.0,899.0,879.0,884.0,74614065460,84392877,3925,925.0,879.0,55.320777940438596,33.61761775489276,25.64448606910701,976.575568069195,722.424431930805,849.5,818.84,-0.09670079635949946,0
2017-12-25,862.0,905.0,861.0,881.0,81168162179,92171126,5093,884.0,875.0,54.38865018951707,29.996212809945177,26.514831417274646,979.0313694398842,725.5686305601157,852.3,820.24,-0.059428571428571386,0
2017-12-26,882.0,891.0,849.0,859.0,58946611275,68587260,4016,881.0,859.0,50.70812822638208,25.5407392740467,26.32001298862906,980.0582002107008,729.1417997892993,854.6,821.38,-0.02211874272409775,0
2017-12-27,860.0,860.0,844.0,850.0,40902088950,48138975,2645,859.0,847.0,48.080200885609145,20.80165614165844,25.21634161923494,979.8304363233021,734.3695636766979,857.1,822.48,-0.025974025974025983,0
2017-12-30,830.0,830.0,808.0,815.0,70957113496,87084516,4467,850.0,811.0,41.184539517161625,13.979848489312644,22.96904299325048,979.0900491374417,736.9099508625583,858.0,822.66,0.023427866831072786,0
2017-12-31,800.0,809.0,775.0,784.0,109125392229,139126060,6003,815.0,794.0,38.384905677614974,7.119687525345853,19.799171899669552,978.7227553251794,737.8772446748205,858.3,822.56,0.10201511335012592,1
2018-01-01,793.0,823.0,792.0,815.0,19172823439,23514532,1115,784.0,823.0,45.22529509083523,3.9771718125474536,16.634771882245133,977.6517713066203,741.9482286933796,859.8,822.76,0.06439854191980565,1
2018-01-02,842.0,855.0,831.0,847.0,111344719967,131462184,5302,815.0,840.0,48.81278598999375,2.825888313203336,13.872995168436775,976.1773023921263,748.4226976078736,862.3,822.58,0.013095238095238049,0
2018-01-03,849.0,849.0,817.0,829.0,30408635861,36693575,2019,847.0,825.0,45.9528876857702,0.6951005195496691,11.237416238659355,974.0987596657681,754.4012403342319,864.25,822.16,0.050909090909091015,1
2018-01-06,825.0,847.0,825.0,834.0,14983393624,17976077,1245,829.0,830.0,47.066191168733795,-0.5833810910855846,8.873256772710366,971.0611038658922,762.3388961341079,866.7,822.18,0.03975903614457832,0
2018-01-07,840.0,875.0,836.0,873.0,118065992188,135215311,4575,834.0,875.0,55.87560529468855,2.0113513346684613,7.500875685101986,968.4834818882222,774.0165181117778,871.25,823.06,-0.02400000000000002,0
2018-01-08,890.0,903.0,871.0,885.0,67372957025,76116882,3611,873.0,876.0,56.05064579633905,4.101112051886844,6.820922958458958,968.5845288318375,779.2154711681625,873.9,823.94,-0.035388127853881235,0
2018-01-09,865.0,879.0,850.0,856.0,33190141319,38752476,2162,885.0,851.0,50.6419236165901,3.6973506531047633,6.1962084973881195,968.5000000005637,778.4999999994363,873.5,824.62,-0.010575793184488869,0
2018-01-10,850.0,891.0,840.0,870.0,46746797980,53710431,2608,856.0,867.0,53.71995127847551,4.615231601032292,5.880013118116954,965.9840750876027,777.6159249123972,871.8,825.9,-0.029988465974625123,0
2018-01-13,870.0,897.0,860.0,874.0,28669904734,32792384,1790,870.0,863.0,52.83291062962395,4.962685544838223,5.696547603461209,964.3253961382177,776.5746038617824,870.45,827.14,-0.04055619930475085,0
2018-01-14,870.0,873.0,852.0,859.0,26990547945,31409066,1816,874.0,854.0,50.800357611176054,4.460403756710889,5.449318834111145,959.9674414729278,775.3325585270721,867.65,828.06,-0.030444964871194413,0
2018-01-15,858.0,872.0,841.0,853.0,28293828138,33167868,1988,859.0,845.0,48.7793942865104,3.298098609241265,5.01907478913717,944.8540886143093,779.1459113856907,862.0,828.88,-0.00591715976331364,0
2018-01-16,858.0,858.0,828.0,837.0,31170140107,37223533,2261,853.0,842.0,48.09258959347575,2.110559264537187,4.437371684217173,925.9910580840509,786.2089419159491,856.1,829.98,-0.002375296912114022,0
2018-01-17,852.0,867.0,839.0,847.0,38447296133,45404494,2526,837.0,841.0,47.85073801846851,1.0763269088341758,3.765162729140574,901.4306981242312,798.8693018757688,850.15,830.92,-0.009512485136741966,0
2018-01-20,855.0,855.0,826.0,831.0,35422664812,42601876,2635,847.0,828.0,44.703427348491715,-0.7832719671023369,2.855475789891992,891.4512167989842,801.0487832010158,846.25,831.7,0.0,0
2018-01-21,823.0,848.0,815.0,830.0,24190246084,29153177,1726,831.0,828.0,44.703427348491715,-2.2312964771140287,1.8381213364907878,886.9347082806041,800.465291719396,843.7,832.76,0.0012077294685990392,0
2018-01-22,830.0,862.0,830.0,847.0,26322663429,31094216,1952,830.0,840.0,48.34094172944355,-2.3830957772415786,0.9938779137443146,882.7395820045884,801.1604179954116,841.95,833.9,-0.00952380952380949,0
2018-01-23,843.0,858.0,835.0,842.0,17583013765,20883211,1250,847.0,840.0,48.34094172944355,-2.474869066204633,0.3001285177545251,881.0349847022463,800.9650152977537,841.0,835.1,-0.014285714285714235,0
2018-01-24,842.0,842.0,830.0,833.0,27715214108,33268477,1739,842.0,833.0,46.281270338190765,-3.0769721379997463,-0.3752916133963292,880.3804191608464,800.2195808391535,840.3,836.22,0.020408163265306145,0
2018-01-27,838.0,838.0,821.0,825.0,22938121254,27801764,1746,833.0,828.0,44.812549913206375,-3.9125005032182116,-1.0827333913607058,879.3875469938788,802.9124530061212,841.15,837.16,0.02657004830917864,0
2018-01-28,835.0,835.0,822.0,827.0,17479295628,21148428,1299,825.0,829.0,45.18720402069324,-4.44275776368022,-1.7547382658246087,875.0676856504938,810.7323143495062,842.9,838.18,0.053075995174909574,1
2018-01-29,830.0,840.0,825.0,830.0,24515476055,29553941,1536,827.0,832.0,46.36360582523365,-4.568255528843565,-2.3174417184284,874.6311444820831,812.068855517917,843.35,839.26,0.01081730769230771,0
2018-01-30,832.0,846.0,827.0,831.0,17257972039,20760117,1189,830.0,828.0,44.97751216893778,-4.933608415751223,-2.8406750578929647,874.7179527043725,810.7820472956275,842.75,840.36,0.08333333333333326,1
2018-02-10,859.0,861.0,823.0,854.0,21055329699,24650102,1292,831.0,850.0,53.25498958906724,-3.4086443423510673,-2.9542689147845853,875.035463587788,812.964536412212,844.0,842.0,0.012941176470588234,0
2018-02-12,857.0,858.0,840.0,848.0,32237873351,37995165,2520,854.0,850.0,53.25498958906724,-2.175026970401177,-2.7984205259079036,875.4499589508566,814.5500410491434,845.0,843.62,0.0,0
2018-02-13,851.0,884.0,846.0,862.0,41164275321,47767559,2987,848.0,873.0,60.46609744184714,0.6510268334958482,-2.108531054027153,874.9659275610924,814.8340724389076,844.9,845.34,-0.04009163802978233,0
2018-02-14,872.0,878.0,841.0,855.0,42353890745,49509493,2648,862.0,841.0,49.113941579210284,0.3050458897284898,-1.6258156652760245,869.6322582139244,816.6677417860756,843.15,845.78,0.01189060642092743,0
2018-02-17,859.0,897.0,840.0,892.0,235284430713,263729650,10577,855.0,897.0,62.4131336310025,4.4977383595435185,-0.401104860312116,880.774071114593,810.1259288854071,845.45,847.46,-0.05685618729096986,0
2018-02-18,900.0,900.0,858.0,871.0,53021232913,60879708,3321,892.0,861.0,52.85055247113087,4.859560227808402,0.6510281573119875,879.8329929520052,810.4670070479948,845.15,848.74,-0.022067363530778206,0
2018-02-19,863.0,863.0,842.0,850.0,24022161337,28277404,1898,871.0,850.0,50.31389430405897,4.210166418297376,1.3628558095090653,878.2964495192747,810.7035504807253,844.5,849.88,-0.004705882352941226,0
2018-02-21,840.0,840.0,829.0,834.0,32787578169,39304056,2365,850.0,838.0,47.62823951312211,2.6961380328593805,1.6295122541791285,877.3160675884158,810.0839324115843,843.7,850.88,-0.0023866348448687846,0
2018-02-24,843.0,872.0,832.0,852.0,28530647989,33467304,2249,834.0,851.0,50.69845976708888,2.5162452746629924,1.8068588582759013,877.7638860338811,810.2361139661189,844.0,852.04,-0.027027027027026973,0
2018-02-25,851.0,859.0,845.0,850.0,17141679208,20174322,1273,852.0,846.0,49.49658577467934,1.947768096307982,1.8350407058823177,877.9615165552276,810.4384834447725,844.2,853.16,-0.010638297872340385,0
2018-02-26,844.0,855.0,839.0,843.0,19441269599,23066823,1359,850.0,842.0,48.50590562798732,1.1610948870975335,1.700251542125361,877.9953700544074,810.5046299455926,844.25,854.28,0.0,0
2018-02-27,845.0,852.0,841.0,846.0,22689211770,26803740,1580,843.0,846.0,49.592428015753605,0.8506119466951532,1.5303236230393196,878.0636749711855,812.2363250288145,845.15,855.58,0.027186761229314405,0
2018-02-28,846.0,850.0,836.0,840.0,34369516272,40936922,2126,846.0,836.0,46.926641190999284,-0.20005829945137066,1.1842472385411815,877.8081772595541,813.2918227404458,845.55,856.62,0.022727272727272707,0
2018-03-03,840.0,844.0,825.0,829.0,36567757025,44085933,2564,840.0,828.0,44.84960831606219,-1.6591297652421417,0.615571837784517,878.0345885588571,811.865411441143,844.95,856.72,0.004830917874396157,0
2018-03-04,826.0,853.0,826.0,842.0,22197283307,26356917,1542,829.0,837.0,47.65648902571364,-2.0654207453886784,0.07937332114987788,878.0000000016395,811.5999999983604,844.8,856.28,-0.02389486260453999,0
2018-03-05,839.0,852.0,832.0,841.0,21683627912,25788035,1984,842.0,842.0,49.203250876825464,-1.9613419321657375,-0.32876972951324523,878.0394800219344,812.4605199780656,845.25,855.1,-0.02375296912114011,0
2018-03-06,840.0,879.0,840.0,860.0,69058846999,80311216,4236,841.0,869.0,56.652362445851765,0.2963989264238762,-0.20373599832582096,880.6412657244548,813.9587342755451,847.3,854.68,-0.06789413118527043,0
2018-03-07,878.0,880.0,845.0,867.0,65362392187,75382503,4034,860.0,855.0,52.36437560504473,0.9450973321402216,0.026030667767387577,881.0000000016764,816.1999999983236,848.6,853.58,-0.05029239766081872,0
2018-03-10,848.0,859.0,829.0,836.0,28107923511,33635527,2445,867.0,832.0,46.18027661753465,-0.39219135092696433,-0.05761373597148281,881.0000000016764,816.1999999983236,848.6,851.06,-0.027644230769230727,0
2018-03-11,838.0,838.0,814.0,822.0,31495891210,38335119,2426,836.0,817.0,42.643245652532634,-2.6320364291027545,-0.5724982745977372,882.1585033402033,813.9414966597966,848.05,848.2,0.009791921664626724,0
2018-03-12,816.0,831.0,816.0,825.0,12770028383,15472714,1132,822.0,822.0,44.17804223798082,-3.95804569058987,-1.2496077577961637,882.5736690791565,810.7263309208435,846.65,845.44,0.020681265206812682,0
2018-03-13,818.0,830.0,807.0,814.0,25265220359,31046807,1986,825.0,810.0,41.3202840369804,-5.909100859098658,-2.1815063780566626,883.904426503375,805.3955734966249,844.65,843.52,0.03456790123456788,0
2018-03-14,815.0,820.0,810.0,813.0,19404991643,23873121,1535,814.0,812.0,41.99376775949913,-7.210820995576,-3.18736930156053,881.0481938763876,802.1518061236125,841.6,842.18,0.027093596059113212,0
2018-03-17,808.0,828.0,807.0,813.0,20427448967,25113940,1494,813.0,809.0,41.2293659626392,-8.38782884044474,-4.227461209337372,881.9332803404308,798.0667196595692,840.0,840.86,0.02224969097651419,0
2018-03-18,810.0,829.0,810.0,825.0,60698661345,73609145,2073,813.0,825.0,46.79219382542927,-7.938044914453712,-4.969577950360641,869.5927702988073,803.2072297011927,836.4,840.18,0.018181818181818077,0
2018-03-19,825.0,848.0,825.0,840.0,13326361468,15860386,1277,825.0,839.0,51.149305801594636,-6.378378933526847,-5.2513381469938825,866.5608381223129,804.039161877687,835.3,840.02,0.025029797377830842,0
2018-03-25,837.0,843.0,830.0,837.0,4886893876,5837478,423,840.0,838.0,50.82912693251167,-5.163502407917122,-5.23377099917853,865.2620679946482,804.1379320053519,834.7,840.56,0.013126491646778149,0
2018-03-26,832.0,838.0,825.0,833.0,11746456585,14106556,733,837.0,834.0,49.494515997634856,-4.4719210569930965,-5.081401010741443,865.0253992620818,803.9746007379182,834.5,841.36,-0.003597122302158251,0
2018-03-27,830.0,839.0,825.0,829.0,7722692703,9313941,581,833.0,827.0,47.16081064482481,-4.437526311317583,-4.952626070856671,863.01262358173,803.5873764182699,833.3,841.44,-0.00725513905683195,0
2018-03-28,825.0,841.0,825.0,832.0,10232597467,12293402,751,829.0,840.0,51.714234296532,-3.3229717235510634,-4.62669520139555,862.3121135387676,803.6878864612324,833.0,841.44,-0.01666666666666672,0
2018-04-03,850.0,873.0,850.0,863.0,29961700987,34709978,2163,832.0,860.0,57.74693108494788,-0.8164349756024194,-3.864643156236924,865.2936299288493,802.5063700711506,833.9,842.14,-0.054651162790697705,0
2018-04-04,860.0,860.0,845.0,851.0,10157581384,11929407,893,863.0,849.0,53.76802377520805,0.27918709160076105,-3.0358771066693873,865.7010663344781,802.3989336655218,834.05,842.52,-0.0742049469964664,0
2018-04-07,854.0,854.0,826.0,832.0,10924726952,13134057,1011,851.0,831.0,47.94626510138781,-0.3014986060788942,-2.4890014065512887,865.4644911550707,802.1355088449292,833.8,841.64,-0.085439229843562,0
2018-04-08,821.0,838.0,810.0,817.0,28921132328,35401278,2014,832.0,821.0,45.0292604791721,-1.5507367041916496,-2.301348466079361,865.5154019171689,801.3845980828312,833.45,840.54,-0.07429963459196098,0
2018-04-09,811.0,829.0,811.0,823.0,29390492222,35719841,1912,817.0,826.0,46.77295101888432,-2.112951889844794,-2.2636691508324476,865.0801180872539,800.719881912746,832.9,840.04,-0.09079903147699753,0
2018-04-10,822.0,823.0,811.0,815.0,17292318561,21208380,1276,823.0,813.0,42.95758892286015,-3.566391686127531,-2.5242136578914645,864.4619675286056,798.4380324713945,831.45,838.96,-0.07503075030750306,0
2018-04-11,813.0,825.0,782.0,793.0,71143822094,89727405,4424,815.0,786.0,36.329278267819234,-6.8183300828034135,-3.3830369428738547,861.2417147491101,793.3582852508898,827.3,837.42,-0.06361323155216281,0
2018-04-15,789.0,805.0,754.0,761.0,75807332291,99669287,4560,793.0,760.0,31.3179728953711,-11.362517372702769,-4.978933028839638,865.1433093350383,779.9566906649616,822.55,835.54,-0.048684210526315774,0
2018-04-16,750.0,772.0,738.0,761.0,17993985286,23648235,1524,761.0,760.0,31.3179728953711,-14.793290692450682,-6.941804561561847,869.2191754468929,768.6808245531072,818.95,833.84,-0.05657894736842106,0
2018-04-17,755.0,773.0,740.0,749.0,23387310196,31216403,1868,761.0,751.0,29.674666759763937,-18.03058271570103,-9.159560192389684,874.0118882500446,757.2881117499553,815.65,832.02,0.0,0
2018-04-18,752.0,761.0,743.0,746.0,50946670872,68261062,3528,749.0,752.0,30.11346062041069,-20.28167381407991,-11.383982916727728,876.6427127674974,747.6572872325025,812.15,830.24,-0.0146276595744681,0
2018-04-21,745.0,760.0,735.0,745.0,24994150118,33553554,1912,746.0,736.0,27.190210479558885,-23.09057226649543,-13.725300786681268,880.9992246692627,735.9007753307374,808.45,828.4,-0.03125,0
2018-04-22,738.0,745.0,718.0,727.0,23577370681,32437622,2156,745.0,723.0,25.061482705591516,-26.06517279455329,-16.193275188255676,885.4984662439205,722.5015337560795,804.0,826.3,-0.03457814661134162,0
2018-04-23,720.0,730.0,712.0,717.0,26584155465,37056175,1917,727.0,717.0,24.12278119635255,-28.57729374622761,-18.67007889985006,889.2118032338274,709.5881967661726,799.4,823.84,-0.029288702928870314,0
2018-04-24,723.0,752.0,717.0,745.0,30869003483,41439376,2375,717.0,751.0,38.239768388665325,-27.50756179957682,-20.437575479795413,887.0719869550398,704.3280130449602,795.7,822.06,-0.06125166444740349,0
2018-04-25,751.0,760.0,739.0,748.0,14984455314,20033847,1109,745.0,741.0,36.111705847229096,-27.15369703454178,-21.780799790744688,882.8664977074303,698.7335022925696,790.8,820.22,-0.055330634278002666,0
2018-04-28,727.0,734.0,711.0,715.0,33680397202,47112613,2644,748.0,713.0,30.9226478630828,-28.800626953280243,-23.1847652232518,879.8652138963799,689.23478610362,784.55,817.92,-0.008415147265077194,0
2018-04-29,702.0,720.0,689.0,704.0,20781722941,29525254,1511,715.0,698.0,28.55538517376442,-30.959325585302963,-24.739677295662037,877.2947135719076,678.2052864280924,777.75,815.3,0.0386819484240688,0
2018-04-30,688.0,709.0,688.0,697.0,19319224684,27699024,1487,704.0,696.0,28.244905393260197,-32.457345019676154,-26.28321084046486,874.1030611795078,668.2969388204923,771.2,812.58,0.04885057471264376,0
2018-05-01,697.0,720.0,692.0,707.0,13551229488,19172409,1145,697.0,705.0,31.83655553165748,-32.54317397800651,-27.535203467973194,866.1190218312047,662.7809781687954,764.45,810.12,0.0014184397163119478,0
2018-05-05,705.0,718.0,697.0,702.0,11871056875,16920577,932,707.0,700.0,30.910867484997922,-32.63841690572394,-28.555846155523348,851.7673121742031,661.132687825797,756.45,807.12,0.03571428571428581,0
2018-05-06,709.0,725.0,692.0,708.0,21470207382,30339726,1507,702.0,707.0,33.81240315159687,-31.782685103728,-29.201213945164277,836.8697691959646,661.8302308040354,749.35,804.26,0.06223479490806216,1
2018-05-07,702.0,730.0,702.0,723.0,15984668494,22110058,1194,708.0,725.0,40.70802218321478,-29.314146682178716,-29.223800492567168,823.6275722180267,664.4724277819732,744.05,801.3,0.08275862068965512,1
2018-05-08,730.0,743.0,720.0,729.0,16446736752,22549716,1331,723.0,730.0,42.500056200949324,-26.647181859800412,-28.708476766013817,810.9492827123936,668.0507172876064,739.5,799.08,0.041095890410958846,0
2018-05-09,728.0,729.0,694.0,714.0,45984381164,64427325,2260,729.0,706.0,36.757306218613984,-26.16853783246927,-28.20048897930491,794.2371385571953,672.7628614428047,733.5,795.26,0.07507082152974509,1
2018-05-12,702.0,725.0,702.0,716.0,16366812288,22846528,1188,714.0,725.0,43.290334429672185,-23.979645357124696,-27.35632025486887,777.7000000011957,680.4999999988044,729.1,792.54,0.06344827586206891,1
2018-05-13,721.0,751.0,720.0,748.0,42655371854,57054541,2521,716.0,751.0,50.78281123917036,-19.917354724223742,-25.868527148739844,769.7541271589963,684.9458728410037,727.35,790.56,0.0332889480692411,0
2018-05-14,758.0,785.0,758.0,780.0,64301549697,82445489,3203,748.0,785.0,58.503709788859695,-13.795419274238952,-23.453905573839666,775.9641214435172,681.2358785564828,728.6,789.5,-0.01273885350318471,0
2018-05-15,784.0,803.0,760.0,780.0,30463516976,39056036,2061,780.0,760.0,52.03930815266858,-10.836120340213938,-20.93034852711452,775.9641214435172,681.2358785564828,728.6,787.68,0.017105263157894735,0
2018-05-16,756.0,771.0,756.0,763.0,23764454289,31146788,1441,780.0,759.0,51.79278434941711,-8.473864818226048,-18.43905178533683,777.2410613493963,680.7589386506037,729.0,785.94,0.05401844532279321,1
2018-05-19,760.0,789.0,759.0,776.0,26539022651,34218258,1663,763.0,771.0,54.573777373600805,-5.569261605064867,-15.865093749282439,780.6509861848482,679.2490138151519,729.95,784.52,0.08430609597924765,1
2018-05-20,782.0,795.0,771.0,784.0,31346045889,40001652,1722,776.0,776.0,55.719999814593905,-2.83124755936808,-13.258324511299568,786.4604577133235,677.4395422866766,731.95,783.12,0.07860824742268036,1
2018-05-21,788.0,788.0,766.0,774.0,16762767424,21648759,1057,784.0,775.0,55.41881422421119,-0.7335870100686179,-10.753377011053379,791.9868348720214,677.1131651279785,734.55,781.9,0.05032258064516126,1
2018-05-22,764.0,779.0,755.0,762.0,21731340797,28523980,1239,774.0,773.0,54.781038442992354,0.758695038642486,-8.450962601114206,796.5252482049352,678.1747517950648,737.35,780.8,0.07373868046571808,1
2018-05-23,765.0,800.0,765.0,797.0,50870180947,63857163,2387,762.0,800.0,61.26234512353531,4.073061942463028,-5.94615769239876,804.8033845281576,674.7966154718423,739.8,780.06,0.06125000000000003,1
2018-05-26,836.0,836.0,836.0,836.0,18598709360,22247260,721,797.0,836.0,67.87415007419463,9.49516636064186,-2.8578928817906357,821.9178873959683,667.1821126040317,744.55,779.94,0.01674641148325362,0
2018-05-27,849.0,869.0,835.0,848.0,126264373874,148851975,6657,836.0,837.0,68.03734690157104,13.714818923481289,0.4566494792637492,836.4375136768177,665.0624863231823,750.75,779.3,0.004778972520907976,0
2018-05-28,840.0,842.0,811.0,820.0,40701838258,49621998,2495,848.0,814.0,60.433282462393855,15.029762453643457,3.371272074139691,842.8714341870804,670.2285658129196,756.55,778.48,-0.0012285012285012664,0
2018-05-29,810.0,839.0,806.0,822.0,11452021796,13928042,817,820.0,830.0,63.49020635789757,17.16506279831583,6.13003021897492,850.5285769826367,675.9714230173633,763.25,778.44,0.03975903614457832,0
2018-05-30,853.0,890.0,840.0,855.0,55295525674,64647803,2933,822.0,849.0,66.77314070842442,20.15807517322071,8.935639209824078,861.0159428268352,679.8840571731649,770.45,779.08,0.04946996466431086,0
2018-06-02,843.0,875.0,842.0,855.0,39927081402,46720049,2162,855.0,850.0,66.94162731124564,22.353078313978585,11.61912703065498,868.7805565331024,687.1194434668977,777.95,779.64,0.08352941176470585,1
2018-06-03,843.0,850.0,835.0,843.0,22928444844,27210142,1871,855.0,841.0,63.80572226918265,23.100125466264785,13.915326717776942,873.3004935130801,695.9995064869198,784.65,780.26,0.21284185493460162,1
2018-06-09,837.0,850.0,812.0,822.0,22163043059,26946321,1617,843.0,813.0,55.14984415116005,21.188551292514603,15.369971632724475,874.0828759957722,704.0171240042278,789.05,780.28,0.30012300123001223,1
2018-06-10,820.0,863.0,814.0,849.0,289827575010,341248879,12820,822.0,863.0,64.42960607896282,23.43801823567287,16.983580953314153,882.0136142222764,709.3863857777237,795.7,781.36,0.26303592120509856,1
2018-06-11,872.0,891.0,867.0,887.0,248672703865,280469356,7811,849.0,891.0,68.37569266468508,27.166939422071437,19.02025264706561,890.4777148070223,719.4222851929778,804.95,782.68,0.29854096520763185,1
2018-06-12,919.0,931.0,902.0,926.0,182037253002,196623426,6675,887.0,921.0,71.96438282161105,32.172026512018306,21.65060742005615,906.1061711112648,723.3938288887352,814.75,784.32,0.28447339847991304,1
2018-06-13,972.0,1020.0,972.0,1007.0,30992409828,30768075,865,926.0,1020.0,80.02145720423887,43.62419415785098,26.045324767615117,951.6303042210859,704.7696957789142,828.2,787.96,0.2176470588235293,1
2018-06-17,1057.0,1057.0,1057.0,1057.0,144132563337,136360041,3209,1007.0,1057.0,82.09277508025417,55.05111531446812,31.846482876985718,998.6178561264912,684.9821438735087,841.8,792.42,0.2951750236518449,1
2018-06-18,1109.0,1109.0,1063.0,1102.0,590487358690,535811916,15362,1057.0,1090.0,83.71451273785286,66.00894681535658,38.67897566465989,1044.0020193754171,672.5979806245826,858.3,797.68,0.31467889908256885,1
2018-06-19,1082.0,1157.0,1061.0,1127.0,213751276943,189704566,7149,1102.0,1157.0,86.40627313163226,79.18663307029351,46.780507145786615,1099.0470964267056,657.3529035732945,878.2,804.02,0.17718236819360422,1
2018-06-20,1183.0,1183.0,1183.0,1183.0,26728353015,22593705,520,1127.0,1183.0,87.28458624455358,90.6826934344715,55.56094440352359,1150.510627507273,647.0893724927269,898.8,810.48,0.09044801352493659,1
2018-06-23,1242.0,1242.0,1242.0,1242.0,9419455926,7584103,132,1183.0,1242.0,89.01852878475559,103.36271003393335,65.12129752960556,1207.9810242043072,636.2189757956928,922.1,818.34,0.04267310789049916,0
2018-06-24,1304.0,1369.0,1304.0,1365.0,20599781984,15094736,481,1242.0,1369.0,91.65612535113361,122.25032748326748,76.54710352033794,1289.1660326708984,614.4339673291015,951.8,829.1,-0.08765522279035798,0
2018-06-25,1433.0,1433.0,1410.0,1433.0,823177155698,574545854,15478,1365.0,1433.0,92.61832206725926,140.76056534262307,89.38979588479498,1371.2927424934387,598.3072575065612,984.8,841.34,-0.11374738311235166,0
2018-06-26,1399.0,1425.0,1362.0,1372.0,555901435456,405199357,13570,1433.0,1362.0,81.40327648456251,147.99496178123354,101.1108290640827,1422.5876371091733,603.2123628908266,1012.9,852.06,-0.03597650513950068,0
2018-06-27,1304.0,1340.0,1239.0,1259.0,487716466216,387411287,11147,1372.0,1290.0,71.89577629466672,146.2327941843473,110.13522208813563,1453.7877090495322,617.4122909504676,1035.6,861.6,0.007751937984496138,0
2018-06-30,1321.0,1321.0,1280.0,1314.0,376121716441,286144749,8875,1259.0,1295.0,72.13913186590622,143.5845683556263,116.82509134163377,1480.818126535074,636.181873464926,1058.5,871.78,-0.01621621621621616,0
2018-07-01,1291.0,1292.0,1249.0,1252.0,178227310525,142379039,4845,1314.0,1249.0,66.4392369848871,136.2039405028604,120.7008611738791,1494.6922155139282,665.8077844860718,1080.25,881.56,0.007205764611689425,0
2018-07-02,1250.0,1310.0,1191.0,1251.0,257376384688,205774402,8532,1252.0,1270.0,67.69417678575515,130.5444293304331,122.66957480518991,1507.8388928460588,696.6611071539412,1102.25,891.76,-0.007086614173228312,0
2018-07-03,1285.0,1313.0,1275.0,1309.0,224217559615,171317925,6328,1251.0,1313.0,70.15508417225516,128.05285300638957,123.74623044542984,1523.4517462274384,727.4482537725617,1125.45,903.0,-0.06321401370906321,0
2018-07-04,1351.0,1374.0,1280.0,1334.0,263009322113,197152408,8671,1309.0,1300.0,68.45725680379552,123.60443448463002,123.71787125326989,1531.746026555889,764.153973444111,1147.95,913.96,-0.08538461538461539,0
2018-07-07,1290.0,1333.0,1268.0,1281.0,195688404457,152784831,6759,1334.0,1274.0,65.06568463430321,116.63653468000803,122.30160393861752,1529.8201549054234,809.3798450945765,1169.6,924.72,0.0007849293563579884,0
2018-07-08,1252.0,1288.0,1252.0,1272.0,62672960384,49281732,2691,1281.0,1258.0,62.997283757726734,108.57180936664304,119.55564502422263,1514.198429498401,869.5015705015987,1191.85,935.42,0.02941176470588225,0
2018-07-10,1251.0,1320.0,1250.0,1274.0,77121748748,60546041,2975,1272.0,1261.0,63.23328996989482,101.25532304572585,115.89558062852328,1497.498753278268,926.0012467217322,1211.75,946.3,0.07771609833465498,1
2018-07-11,1255.0,1288.0,1211.0,1234.0,173123605480,140284393,6674,1274.0,1230.0,59.04264601311463,91.89619190488497,111.09570288379562,1473.635991638802,983.7640083611982,1228.7,955.88,0.15691056910569112,1
2018-07-24,1201.0,1245.0,1178.0,1196.0,75035861241,62740295,2265,1234.0,1189.0,53.95010938250064,80.24563398080863,104.92568910319824,1443.7302556663615,1040.4697443336383,1242.1,964.84,0.2472666105971404,1
2018-07-25,1215.0,1275.0,1185.0,1234.0,120177074174,97354908,4451,1196.0,1275.0,61.45921457275526,77.06362268438647,99.3532758194359,1429.077753242936,1080.6222467570637,1254.85,976.08,0.1843137254901961,1
2018-07-28,1295.0,1295.0,1295.0,1295.0,15933628200,12303960,342,1234.0,1295.0,62.97142695262686,75.28781756400576,94.54018416834987,1416.0227369618467,1117.4772630381533,1266.75,988.02,0.17297297297297298,1
2018-07-29,1359.0,1359.0,1321.0,1356.0,357803390045,263820087,8071,1295.0,1359.0,67.38190337524101,78.14394953448777,91.26093724157745,1410.6325112848779,1149.7674887151222,1280.2,1001.28,0.16261957321559972,1
2018-07-30,1394.0,1423.0,1379.0,1413.0,128064454781,90657501,2915,1356.0,1423.0,71.09022901042795,84.59654353376027,89.92805850001403,1425.2110473729479,1161.7889526270521,1293.5,1015.64,0.16373858046380896,1
2018-07-31,1483.0,1483.0,1483.0,1483.0,2654925920,1790240,63,1413.0,1483.0,74.06689267173111,93.47425628494238,90.6372980569997,1454.0602967847963,1162.9397032152037,1308.5,1031.3,0.17194875252865804,1
2018-08-01,1557.0,1634.0,1480.0,1526.0,541516355269,354953613,14373,1483.0,1510.0,75.29940082184126,101.51834170213715,92.81350678602719,1488.3498723342168,1155.4501276657834,1321.9,1047.36,0.17086092715231782,1
2018-08-04,1490.0,1570.0,1451.0,1505.0,268968416558,178710274,8598,1526.0,1519.0,75.71374310571021,107.38173236572675,95.7271519019671,1515.9651628790236,1142.8348371209765,1329.4,1063.24,0.19881500987491774,1
2018-08-05,1550.0,1580.0,1534.0,1578.0,468562973253,296942195,10457,1505.0,1580.0,78.36298232661379,115.61793038004089,99.70530759758186,1548.8913443911301,1124.6086556088699,1336.75,1080.24,0.13481012658227853,1
2018-08-06,1656.0,1656.0,1649.0,1656.0,349805871194,211243246,6479,1578.0,1656.0,81.12549679599661,126.81588688265106,105.12742345459571,1605.2140439464881,1097.685956053512,1351.45,1099.24,0.03743961352656999,0
2018-08-07,1670.0,1738.0,1648.0,1715.0,692073690695,403518816,15566,1656.0,1738.0,83.56382842041572,140.68532987606227,112.23900473888902,1676.3696026707585,1071.3303973292414,1373.85,1119.5,-0.023014959723820505,0
2018-08-08,1750.0,1790.0,1662.0,1736.0,357956355754,206162262,10193,1715.0,1768.0,84.359894302805,152.3416133623407,120.25952646357936,1742.62055864592,1052.37944135408,1397.5,1139.84,-0.04694570135746612,0
2018-08-11,1788.0,1822.0,1762.0,1807.0,200074314784,110750314,4051,1736.0,1821.0,85.67950457145466,163.96586266512486,129.00079370388846,1809.8920791262765,1042.3079208737233,1426.1,1160.56,-0.08566721581548598,0
2018-08-12,1824.0,1890.0,1733.0,1808.0,304749572209,168560730,9492,1807.0,1793.0,81.75497989785353,168.97100542183466,136.9948360474777,1860.4298010681914,1044.0701989318086,1452.25,1181.22,-0.037367540435025104,0
2018-08-13,1779.0,1779.0,1718.0,1721.0,291144660380,169195229,6931,1808.0,1718.0,72.21348665543037,164.98391207826717,142.59265125363558,1891.0892975221261,1053.9107024778739,1472.5,1200.4,0.054132712456344656,1
2018-08-14,1670.0,1795.0,1658.0,1721.0,452568175378,262984858,13189,1721.0,1698.0,69.87165028044957,158.38452085948052,145.75102517480457,1914.1247443535483,1070.675255646452,1492.4,1218.94,0.07538280329799774,1
2018-08-15,1701.0,1734.0,1670.0,1687.0,152696131458,90500232,5363,1721.0,1685.0,68.32073245759783,150.37206881217503,146.67523390227868,1930.1331612134702,1095.76683878653,1512.95,1237.12,0.061127596439169096,1
2018-08-18,1670.0,1685.0,1613.0,1644.0,206873631043,125814173,7097,1687.0,1665.0,65.89732253432058,140.78542326158322,145.4972717741396,1938.2805427425653,1128.3194572574346,1533.3,1254.92,0.1333333333333333,1
2018-08-19,1720.0,1726.0,1691.0,1725.0,300151616338,173980189,6275,1644.0,1726.0,69.45597191817383,136.5362232061443,143.70506206054054,1949.5438803595562,1163.5561196404437,1556.55,1273.98,0.12340672074159897,1
2018-08-20,1790.0,1811.0,1771.0,1801.0,249719349731,138640294,5604,1725.0,1811.0,73.59136215914943,138.43173628856493,142.65039690614543,1963.3440403236814,1207.8559596763184,1585.6,1294.2,0.06018774157923801,1
2018-08-21,1801.0,1861.0,1730.0,1816.0,259879245918,143090350,8446,1801.0,1826.0,74.25382261933231,139.53583643817024,142.0274848125504,1962.0265372164172,1272.873462783583,1617.45,1314.0,0.04600219058050392,0
2018-08-25,1839.0,1885.0,1777.0,1812.0,159615864753,88109954,6126,1816.0,1788.0,69.49761419461373,135.7793811543777,140.77786408091586,1956.8903121513713,1329.3096878486285,1643.1,1333.02,0.045861297539149914,0
2018-08-26,1784.0,1900.0,1740.0,1847.0,284312125788,153936634,8572,1812.0,1887.0,74.14422141564309,139.18638193027368,140.45956765078745,1960.141193985923,1385.258806014077,1672.7,1354.48,-0.04610492845786962,0
2018-08-27,1899.0,1939.0,1890.0,1932.0,286876057350,148477344,6839,1847.0,1939.0,76.19545392075145,144.41766308597266,141.2511867378245,1973.2879967893482,1430.112003210652,1701.7,1376.66,-0.02166064981949456,0
2018-08-28,1980.0,1999.0,1837.0,1914.0,382178826585,199643971,11140,1932.0,1920.0,73.88885982672106,145.35479033803358,142.07190745786633,1982.0616240018232,1471.0383759981767,1726.55,1398.08,0.015625,0
2018-08-29,1940.0,1972.0,1900.0,1939.0,161414849659,83258893,5104,1914.0,1910.0,72.64244205365851,143.63482120118033,142.38449020652914,1989.416790306694,1506.383209693306,1747.9,1419.28,0.015706806282722585,0
2018-09-01,1910.0,1955.0,1860.0,1894.0,158193395931,83511373,5245,1939.0,1870.0,67.72141907718063,137.4595197839742,141.39949612201815,1986.5734238644209,1545.2265761355793,1765.9,1439.86,0.07914438502673793,1
2018-09-02,1861.0,1870.0,1800.0,1807.0,217986722599,120625998,6908,1894.0,1800.0,60.05430641771678,125.47078482993561,138.21375386360165,1969.5490242592123,1590.3509757407878,1779.95,1459.6,0.1677777777777778,1
2018-09-03,1820.0,1897.0,1781.0,1867.0,209379749076,112132575,5879,1807.0,1897.0,65.8277820823437,122.3859265630399,135.04818840348932,1968.0992745197848,1623.5007254802151,1795.8,1480.28,0.16341591987348436,1
2018-09-04,1930.0,1960.0,1902.0,1940.0,186140957214,95953414,5328,1867.0,1950.0,68.50621657211511,122.80222362956852,132.59899544870515,1982.7480769124668,1638.2519230875332,1810.5,1501.46,0.18820512820512825,1
2018-09-05,1950.0,1954.0,1895.0,1922.0,155143363298,80737308,5153,1940.0,1940.0,67.43226567008134,120.93120596226686,130.2654375514175,1998.263051870788,1642.9369481292117,1820.6,1521.84,0.3030927835051547,1
2018-09-08,1950.0,2018.0,1935.0,2002.0,214831182054,107292688,4793,1922.0,2018.0,71.22188875336448,124.30939775042316,129.07422959121865,2028.4948822258184,1637.7051177741814,1833.1,1541.8,0.2244796828543112,1
2018-09-09,2102.0,2102.0,2090.0,2102.0,72893335453,34682285,1346,2002.0,2102.0,74.64375324152002,132.24035259584025,129.707454192143,2074.7938226705055,1619.5061773294947,1847.15,1562.7,0.2083729781160799,1
2018-09-10,2207.0,2207.0,2180.0,2207.0,169742214875,76919068,2456,2102.0,2207.0,78.14238329132812,145.3231194679379,132.830587247302,2142.4764918030287,1593.2235081969711,1867.85,1585.04,0.13094698685999084,1
2018-09-11,2317.0,2317.0,2223.0,2294.0,382377211840,166669441,8925,2207.0,2317.0,81.08660561066263,162.69197534245404,138.8028648663324,2225.958254505409,1569.6417454945909,1897.8,1608.24,0.07898144151920583,1
2018-09-12,2408.0,2528.0,2408.0,2527.0,100169220312,39638814,1158,2294.0,2528.0,85.20373376332199,191.27792253368534,149.29787639980302,2354.3243848258003,1524.2756151741996,1939.3,1635.14,0.014636075949367111,0
2018-09-15,2653.0,2653.0,2432.0,2570.0,616486222117,239880651,15311,2527.0,2471.0,80.12923680322663,206.94750597372467,160.82780231458736,2436.5023476681804,1520.6976523318194,1978.6,1659.72,0.09915014164305958,1
2018-09-16,2510.0,2560.0,2442.0,2489.0,406232045176,163197500,10301,2570.0,2540.0,81.56087597837941,222.37014250396942,173.13627035246378,2517.7117970736417,1526.9882029263579,2022.35,1683.14,0.11929133858267726,1
2018-09-17,2597.0,2612.0,2490.0,2567.0,469228568836,182774412,11248,2489.0,2496.0,77.71570136874828,228.40930055468561,184.19087639290817,2577.3366987638938,1544.363301236106,2060.85,1704.4,0.19591346153846145,1
2018-09-18,2547.0,2581.0,2453.0,2512.0,275705424087,109734780,7913,2567.0,2500.0,77.81808375410988,230.85696796701677,193.52409470772992,2632.04653235957,1558.5534676404304,2095.3,1727.16,0.25360000000000005,1
2018-09-22,2550.0,2630.0,2539.0,2587.0,250074482004,96652302,7588,2512.0,2565.0,79.46882192026156,235.3289926579655,201.88507429777707,2691.047593051384,1573.452406948616,2132.25,1752.66,0.346588693957115,1
2018-09-23,2620.0,2716.0,2620.0,2708.0,184544220910,68138908,3062,2587.0,2716.0,82.69131178687435,248.19648786987182,211.14735701219604,2768.6450084534754,1588.6549915465248,2178.65,1781.08,0.3298969072164948,1
2018-09-24,2843.0,2843.0,2843.0,2843.0,107851573219,37935833,1387,2708.0,2843.0,84.84570461934365,265.58046288923015,222.03397818760288,2866.930280726903,1585.9697192730964,2226.45,1812.96,0.33380232149138234,1
2018-09-25,2985.0,2985.0,2985.0,2985.0,66117800745,22150017,699,2843.0,2985.0,86.82092270134503,287.50146368343667,235.12747528676965,2984.319238275032,1573.1807617249679,2278.75,1847.26,0.267001675041876,1
2018-09-26,3134.0,3134.0,3134.0,3134.0,28084034122,8961083,217,2985.0,3134.0,88.51282455468629,313.28570688478476,250.7591216063727,3116.392848605999,1562.5071513940006,2339.45,1883.68,0.17772814294830885,1
2018-09-29,3290.0,3454.0,3290.0,3440.0,771532719641,224306199,13489,3134.0,3454.0,91.1427220789942,355.4438950694898,271.69607629899616,3306.2340095235522,1527.065990476448,2416.65,1926.76,0.015344528083381492,0
2018-09-30,3612.0,3612.0,3612.0,3612.0,149545042584,41402282,2066,3440.0,3612.0,92.10395172937878,397.02716051255493,296.7622931417079,3497.2393809195914,1510.2606190804086,2503.75,1973.52,-0.07751937984496127,0
2018-10-01,3792.0,3792.0,3792.0,3792.0,26357562528,6950834,246,3612.0,3792.0,93.03174463249,439.44109029828996,325.29805257302434,3689.722546597154,1516.9774534028459,2603.35,2024.2,-0.14978902953586493,0
2018-10-06,3981.0,3981.0,3782.0,3885.0,283052868128,72851064,3817,3792.0,3782.0,92.3822998982891,466.86578069681946,353.6115981977834,3847.7000652117094,1547.4999347882904,2697.6,2074.62,-0.18958223162347965,0
2018-10-07,3691.0,3691.0,3691.0,3691.0,164668915712,44613632,2341,3885.0,3691.0,86.46686316198468,475.7726944768997,378.0438174536067,3958.535390487493,1610.7646095125076,2784.65,2123.84,-0.25033866160931995,0
2018-10-08,3507.0,3507.0,3507.0,3507.0,48600770526,13858218,867,3691.0,3507.0,75.8860059493239,462.65107200286684,394.96526836345873,4009.7882106125644,1716.2117893874356,2863.0,2170.2,-0.17080125463358997,0
2018-10-09,3332.0,3618.0,3332.0,3393.0,1868429070151,550695159,31644,3507.0,3332.0,67.4340832474948,433.13810770551527,402.5998362318701,4023.708876676332,1833.6911233236679,2928.7,2211.34,-0.14885954381752697,0
2018-10-10,3224.0,3290.0,3224.0,3226.0,279618775206,86677768,3148,3393.0,3224.0,62.7864670416629,396.4639834531117,401.37266567611846,4017.8582945797198,1951.7417054202808,2984.8,2249.92,-0.1504342431761787,0
2018-10-13,3065.0,3065.0,3065.0,3065.0,5541569040,1808016,164,3226.0,3065.0,56.601507667831186,350.5288264638707,391.2038978336689,3997.3079826403837,2058.092017359616,3027.7,2284.04,-0.06035889070146816,0
2018-10-14,2912.0,2912.0,2767.0,2770.0,1226220983180,442664807,18356,3065.0,2767.0,47.214088004606424,286.77303307954935,370.317724882845,3972.527837593528,2127.8721624064715,3050.2,2310.92,0.03975424647632808,0
2018-10-15,2850.0,2908.0,2820.0,2899.0,537976140369,185562457,8940,2770.0,2908.0,51.32738829649249,244.80170740146787,345.2145213865696,3962.928280854954,2175.4717191450454,3069.2,2339.42,-0.052613480055020645,0
2018-10-16,2998.0,3000.0,2755.0,2883.0,583260387268,202330861,15003,2899.0,2836.0,49.21828928237908,203.38483734141664,316.84858457753904,3945.777321014513,2229.122678985487,3087.45,2365.94,-0.07334273624823695,0
2018-10-17,2739.0,2785.0,2739.0,2743.0,508170792929,185289021,10993,2883.0,2739.0,46.4491217546437,160.88005495999232,285.6548786540297,3934.462100444137,2260.3378995558633,3097.4,2390.34,-0.07922599488864546,0
2018-10-20,2800.0,2880.0,2800.0,2864.0,338259469441,118099958,6851,2743.0,2880.0,50.783854946552886,136.9930595903861,255.922514841301,3914.2932743855554,2318.9067256144444,3116.6,2416.34,-0.1680555555555555,0
2018-10-21,2960.0,2960.0,2870.0,2900.0,311115269941,107275040,7907,2864.0,2877.0,50.689838570451414,116.47768647071916,228.03354916718465,3890.6557931451184,2380.244206854881,3135.45,2440.76,-0.20855057351407713,0
2018-10-22,2870.0,2870.0,2755.0,2766.0,331602947368,119898436,7422,2900.0,2755.0,46.88824989835921,89.34481366789487,200.2958020673267,3875.593955699318,2414.3060443006816,3144.95,2461.1,-0.1110707803992741,0
2018-10-23,2790.0,2790.0,2628.0,2654.0,114418015636,43105749,2825,2766.0,2628.0,43.25180488089409,56.93763624496569,171.6241689028545,3882.446886366258,2398.6531136337426,3140.55,2478.3,-0.04375951293759517,0
2018-10-24,2522.0,2522.0,2522.0,2522.0,29327500696,11628668,797,2654.0,2522.0,40.433177281472624,22.442695115947572,141.78787414547313,3904.3680657649397,2344.6319342350603,3124.5,2492.32,-0.007930214115781098,0
2018-10-27,2396.0,2396.0,2396.0,2396.0,37937660208,15833748,1020,2522.0,2396.0,37.3198636274224,-14.89029517164181,110.45224028205014,3935.868285957168,2254.231714042832,3095.05,2504.38,0.007095158597662854,0
2018-10-28,2277.0,2277.0,2277.0,2277.0,10815504084,4749892,183,2396.0,2277.0,34.609419721486745,-53.462976506115865,77.66919692441694,3964.9807184641627,2139.419281535837,3052.2,2515.56,0.11638120333772517,1
2018-10-29,2390.0,2505.0,2275.0,2394.0,387537097144,161897311,10761,2277.0,2449.0,41.25093950138933,-69.35367582507888,48.26462237451777,3931.2237971125387,2072.676202887461,3001.95,2530.58,0.07023274806043278,1
2018-10-31,2489.0,2513.0,2394.0,2487.0,209302611879,84173440,4721,2394.0,2513.0,43.54848485081872,-75.90788553851053,23.430120791912117,3855.214732318277,2038.7852676817229,2947.0,2547.14,0.09351372861122176,1
2018-11-03,2550.0,2610.0,2470.0,2540.0,215522137900,84836153,6978,2487.0,2502.0,43.23551593396533,-81.05539587765497,2.5330174579986995,3722.150522538969,2042.8494774610308,2882.5,2563.88,0.14388489208633093,1
2018-11-04,2520.0,2589.0,2413.0,2444.0,248698448866,101763615,7058,2540.0,2413.0,40.687670995977705,-91.26435245815128,-16.2264565252313,3568.064184216695,2060.035815783305,2814.05,2577.62,0.22295897223373395,1
2018-11-05,2413.0,2558.0,2380.0,2497.0,171320354010,68609308,5417,2444.0,2542.0,45.683931368418534,-87.93217482226419,-30.56760018463788,3401.835894847746,2111.3641051522536,2756.6,2592.24,0.17427222659323371,1
2018-11-06,2500.0,2621.0,2500.0,2618.0,423282391629,161712364,8271,2497.0,2621.0,48.54263848895413,-78.01742396996315,-40.057564941702935,3259.5995888907414,2165.000411109259,2712.3,2608.14,0.12056466997329274,1
2018-11-10,2701.0,2748.0,2644.0,2726.0,342117393862,125489306,9222,2618.0,2748.0,52.839769250331706,-59.229315194285846,-43.89191499221952,3151.6889029842428,2214.511097015757,2683.1,2627.34,0.015647743813682613,0
2018-11-11,2840.0,2862.0,2790.0,2856.0,457519788519,160214447,11759,2726.0,2862.0,56.362479591026556,-34.740291906284256,-42.061590375032466,3072.6169770752654,2257.3830229247346,2665.0,2646.84,-0.06708595387840666,0
2018-11-12,2996.0,2996.0,2950.0,2993.0,52736506185,17618250,800,2856.0,2951.0,58.94104830170736,-8.05811933698078,-35.26089616742213,3047.0896852676433,2271.510314732357,2659.3,2667.08,-0.08912233141308035,0
2018-11-13,3142.0,3250.0,2985.0,3091.0,513677354942,166174232,13340,2993.0,2985.0,59.915518381123555,15.650797853635595,-25.07855736321059,3081.055010922317,2259.344989077683,2670.2,2688.38,-0.09882747068676712,0
2018-11-14,2937.0,2937.0,2937.0,2937.0,102831263139,35012347,2072,3091.0,2937.0,57.828855675122554,30.218743825159436,-14.019097125536584,3086.0412523207715,2257.2587476792287,2671.65,2708.92,-0.45080013619339465,0
2018-11-17,2791.0,2870.0,2791.0,2800.0,418390577178,149422088,10260,2937.0,2791.0,51.907277270427116,29.641279913103972,-5.287021717808474,3080.67431235123,2258.12568764877,2669.4,2727.34,-0.40630598351845215,0
2018-11-18,2800.0,2879.0,2660.0,2690.0,441511067021,164108483,12664,2800.0,2670.0,47.56059988998866,19.19863690607326,-0.3898899930321269,3075.9868154202463,2255.9131845797533,2665.95,2744.74,-0.349812734082397,0
2018-11-19,2688.0,2761.0,2600.0,2706.0,197885674556,73132915,7106,2690.0,2688.0,48.254778498481365,12.234188545510278,2.134925714676354,3054.715799234796,2257.9842007652037,2656.35,2760.56,-0.32663690476190477,0
2018-11-20,2682.0,2780.0,2630.0,2689.0,359468735627,133690747,12337,2706.0,2690.0,48.33661339864402,6.797835117200066,3.0675075951810964,3032.7911352013916,2261.2088647986084,2647.0,2775.36,-0.29665427509293685,0
2018-12-02,1638.0,1639.0,1557.0,1579.0,437242012616,276890461,16879,1451.0,1613.0,25.21279110490927,-83.45341426529012,-14.236676776913148,3179.2144831072637,2000.5855168927362,2589.9,2768.82,0.1965282083075015,1
2018-12-03,1638.0,1657.0,1611.0,1654.0,253391225760,153175000,7817,1579.0,1657.0,26.75444308815922,-149.70207501492996,-41.32975642451651,3256.635474478536,1826.064525521464,2541.35,2761.6,0.25588412794206405,1
2018-12-04,1736.0,1736.0,1660.0,1724.0,375965882419,218034863,12870,1654.0,1736.0,29.56197865373828,-193.59829554510497,-71.7834642486342,3298.9804800294605,1705.1195199705396,2502.05,2754.28,0.20276497695852536,1
2018-12-05,1781.0,1810.0,1748.0,1802.0,345135633785,191478485,11668,1724.0,1810.0,32.18416996859942,-219.88053903119499,-101.40287920514636,3324.33766430708,1621.16233569292,2472.75,2746.34,0.09779005524861883,1
2018-12-08,1885.0,1892.0,1825.0,1884.0,158083326469,83909648,5345,1802.0,1892.0,35.06871956142895,-231.42496866809006,-127.40729709773512,3338.6608893302896,1568.3391106697104,2453.5,2737.84,0.020613107822410104,0
2018-12-09,1978.0,1978.0,1820.0,1909.0,631808191917,331034933,22252,1884.0,1930.0,36.418405644834166,-234.8010891110348,-148.88605550039506,3341.6739467380726,1513.4260532619278,2427.55,2725.88,-0.03782383419689117,0
2018-12-10,1983.0,2082.0,1956.0,2035.0,520264431599,255638040,17445,1909.0,2081.0,41.612136286303596,-222.7248177872907,-163.6538079577742,3331.3231085351417,1480.576891464858,2405.95,2718.08,-0.07688611244593946,0
2018-12-12,2070.0,2136.0,2001.0,2091.0,658316997576,314892645,22102,2035.0,2088.0,41.84927851220491,-210.1667725303705,-172.9564008722935,3319.581177902136,1450.9188220978642,2385.25,2709.04,-0.1053639846743295,0
2018-12-15,2092.0,2145.0,1987.0,2032.0,434777374757,213913381,17577,2091.0,1987.0,39.36497688268729,-205.98976530594155,-179.56307375902313,3314.0692504101753,1413.8307495898243,2363.95,2698.86,-0.08152994464016106,0
2018-12-16,1950.0,2030.0,1931.0,1954.0,196885081827,100775878,5916,2032.0,1931.0,38.01741035106704,-204.8369560525466,-184.61785021772783,3297.838779809271,1368.9612201907294,2333.4,2687.48,-0.025893319523562885,0
2018-12-17,1857.0,1927.0,1857.0,1865.0,563361153464,302047730,18311,1954.0,1857.0,36.251399495290954,-207.50256753717986,-189.19479368161825,3271.4959797110696,1318.90402028893,2295.2,2673.32,0.037156704361873905,0
2018-12-18,1855.0,1935.0,1801.0,1903.0,345879645413,181773107,13177,1865.0,1921.0,38.89514411077107,-202.120894853776,-191.78001391604982,3219.931834007865,1287.768165992135,2253.85,2657.42,-0.013014055179593975,0
2018-12-19,1934.0,1934.0,1830.0,1868.0,205567478788,110068553,8828,1903.0,1868.0,37.50790220594318,-199.82903283853102,-193.38981770054608,3141.8282550534072,1266.471744946593,2204.15,2637.92,0.0037473233404710093,0
2018-12-22,1860.0,1898.0,1785.0,1834.0,182858213324,99679716,8469,1868.0,1825.0,36.37438088422944,-199.18635994523606,-194.5491261494841,3033.149785383463,1262.5502146165368,2147.85,2614.72,0.0060273972602740145,0
2018-12-23,1830.0,1909.0,1785.0,1879.0,219872104417,117041114,8236,1834.0,1881.0,38.96149200506485,-191.9456748015407,-194.02843587989543,2896.1705722319803,1289.12942776802,2092.65,2589.66,-0.019138755980861233,0
2018-12-24,1900.0,1945.0,1880.0,1916.0,136123611492,71058515,5999,1879.0,1926.0,41.03629560056603,-180.49561464848534,-191.32187163361343,2748.0696594047167,1336.1303405952833,2042.1,2559.1,-0.039460020768432025,0
2018-12-25,1950.0,1953.0,1890.0,1911.0,129673669540,67864021,5664,1916.0,1896.0,40.05869094733588,-171.8610021109239,-187.42969772907554,2615.801057077287,1378.8989429227126,1997.35,2524.78,-0.05116033755274263,0
2018-12-26,1920.0,1920.0,1856.0,1881.0,166997203859,88768208,7478,1911.0,1875.0,39.351975837494585,-164.8126760246755,-182.90629338819554,2494.8743805543086,1420.3256194456912,1957.6,2486.44,-0.07999999999999996,0
2018-12-29,1895.0,1898.0,1830.0,1858.0,141689644880,76250197,6870,1881.0,1836.0,38.01080325485929,-160.52338719898626,-178.42971215035368,2336.503499392376,1493.496500607624,1915.0,2447.52,-0.10130718954248363,0
2018-12-30,1835.0,1888.0,1795.0,1844.0,140382923938,76128643,5664,1858.0,1845.0,38.53143873106035,-154.6155582079307,-173.6668813618691,2099.421458282733,1646.078541717267,1872.75,2410.6,-0.05528455284552847,0
2018-12-31,1901.0,1901.0,1847.0,1874.0,113998876639,60828564,4864,1844.0,1850.0,38.838769569686484,-147.8260561983236,-168.49871632916,2078.0625545164235,1691.1374454835764,1884.6,2377.46,-0.05405405405405406,0
2019-01-01,1856.0,1856.0,1799.0,1813.0,193668584608,106846429,9448,1874.0,1799.0,36.81675864154639,-144.89039443924935,-163.7770519511779,2060.018864064667,1723.381135935333,1891.7,2346.8,-0.0494719288493608,0
2019-01-02,1790.0,1795.0,1723.0,1736.0,254168476455,146432861,13020,1813.0,1725.0,34.046992997217515,-146.84233585947004,-160.39010873283632,2061.559242707137,1720.7407572928635,1891.15,2316.82,0.0017391304347826875,0
2019-01-05,1680.0,1731.0,1650.0,1660.0,193084959091,116289989,10309,1736.0,1650.0,31.463437088721278,-152.68112374301086,-158.84831173487123,2080.8793857776845,1685.4206142223159,1883.15,2288.52,0.0060606060606061,0
2019-01-06,1632.0,1743.0,1590.0,1708.0,311554885378,182413126,13563,1660.0,1743.0,37.769374257921164,-148.0969134096822,-156.69803206983343,2082.551734341341,1668.848265658659,1875.7,2268.04,-0.06597819850831899,0
2019-01-07,1750.0,1790.0,1725.0,1764.0,163576665777,92738896,7831,1708.0,1750.0,38.230059474932766,-142.2591769558244,-153.81026104703164,2078.9122522382277,1654.4877477617724,1866.7,2244.88,-0.09199999999999997,0
2019-01-08,1770.0,1770.0,1693.0,1715.0,129323017356,75405584,6230,1764.0,1710.0,36.564330394835146,-139.25514780302046,-150.89923839822941,2046.603294253389,1649.696705746611,1848.15,2222.36,-0.07251461988304098,0
2019-01-09,1778.0,1866.0,1690.0,1747.0,139018657504,79577230,5573,1715.0,1728.0,37.87609331317397,-133.87871302172948,-147.49513332292943,2001.8162750805272,1658.483724919473,1830.15,2202.14,-0.07696759259259256,0
2019-01-12,1706.0,1706.0,1660.0,1666.0,287991066617,172881087,13047,1747.0,1660.0,34.93690544213561,-133.56522465437342,-144.70915158921824,1984.8843067029354,1642.7156932970645,1813.8,2177.74,-0.06024096385542166,0
2019-01-13,1621.0,1661.0,1591.0,1614.0,231271004430,143334982,11355,1666.0,1628.0,33.614939542904395,-134.35020984058315,-142.63736323949124,1978.9522739735276,1618.3477260264726,1798.65,2152.76,-0.057739557739557745,0
2019-01-14,1620.0,1645.0,1575.0,1595.0,175257782464,109869919,10603,1614.0,1589.0,32.02449887347866,-136.54528131307666,-141.41894685420834,1985.0007196483298,1585.4992803516702,1785.25,2129.44,0.0012586532410321372,0
2019-01-15,1580.0,1622.0,1550.0,1577.0,198609799821,125967848,10734,1595.0,1586.0,31.899470109413954,-136.94831131217484,-140.52481974580166,1975.9430042205004,1561.0569957794996,1768.5,2108.6,-0.011979823455233296,0
2019-01-16,1590.0,1619.0,1585.0,1596.0,106191169057,66545717,5780,1577.0,1595.0,32.747752277471434,-134.98546232215563,-139.41694826107246,1970.0887279279157,1539.6112720720841,1754.85,2090.06,-0.040752351097178674,0
2019-01-19,1612.0,1612.0,1556.0,1569.0,106212772429,67675669,6749,1596.0,1560.0,31.12408635281959,-134.70134459695964,-138.4738275282499,1970.1488131669644,1513.0511868330354,1741.6,2073.34,-0.06153846153846154,0
2019-01-20,1560.0,1560.0,1501.0,1516.0,150734208473,99410646,9271,1569.0,1534.0,29.936655190661483,-135.01776125560127,-137.78261427372018,1960.3930710396326,1488.1069289603674,1724.25,2058.48,-0.052151238591916504,0
2019-01-21,1591.0,1591.0,1510.0,1579.0,320874373149,203193863,13504,1516.0,1591.0,35.72604810156487,-129.179993552194,-136.06209012941497,1931.2225960872747,1483.7774039127253,1707.5,2041.32,-0.11627906976744184,0
2019-01-22,1599.0,1620.0,1551.0,1580.0,130453807400,82562885,6232,1579.0,1567.0,34.43579949635624,-125.04863716288992,-133.85939953610998,1905.0850204990547,1477.0149795009452,1691.05,2022.4,-0.08551372048500316,0
2019-01-23,1559.0,1561.0,1520.0,1533.0,103650759414,67632310,7903,1580.0,1530.0,32.48782095523481,-123.33833073636492,-131.75518577616097,1881.262382132356,1466.337617867644,1673.8,2002.96,-0.10392156862745094,0
2019-01-26,1530.0,1530.0,1457.0,1468.0,211423115648,144011197,12879,1533.0,1464.0,29.303476499654025,-125.85773931118024,-130.57569648316482,1867.7987770426557,1442.6012229573444,1655.2,1983.98,-0.09972677595628421,0
2019-01-27,1452.0,1509.0,1443.0,1468.0,124325570265,84698709,7264,1468.0,1454.0,28.842192410992368,-127.19507948448381,-129.8995730834286,1846.7445522746475,1424.5554477253527,1635.65,1962.22,-0.12104539202200826,0
2019-01-28,1460.0,1469.0,1402.0,1416.0,128181943168,90540518,8192,1468.0,1406.0,26.671849394387493,-130.62239637827452,-130.0441377423978,1823.0882360163218,1403.8117639836782,1613.45,1937.92,-0.05120910384068278,0
2019-01-29,1420.0,1489.0,1353.0,1429.0,453795953315,317461808,17374,1416.0,1433.0,29.868677940671148,-129.66519569530942,-129.96834933298013,1800.6623110668463,1389.6376889331539,1595.15,1911.62,-0.029309141660851412,0
2019-01-30,1441.0,1441.0,1369.0,1387.0,265179888226,191121766,13970,1429.0,1371.0,26.96190084982581,-132.3834550383392,-130.45137047405194,1795.7584744118678,1359.1415255881323,1577.45,1881.8,0.012399708242158969,0
2019-02-02,1350.0,1357.0,1318.0,1326.0,123430264097,93095235,6588,1387.0,1318.0,24.744972919471437,-137.23242227246965,-131.8075808337355,1803.680208170314,1318.0197918296858,1560.85,1849.14,0.02124430955993928,0
2019-02-03,1290.0,1310.0,1260.0,1271.0,342600275919,269460487,16170,1326.0,1278.0,23.194865713099574,-142.65845161804236,-133.97775499059688,1794.8340568432557,1280.3659431567442,1537.6,1815.0,0.016431924882629012,0
2019-02-04,1292.0,1334.0,1292.0,1325.0,113637433090,85786971,4261,1271.0,1334.0,29.822874098859984,-140.81664040311443,-135.3455320731004,1769.2017432587195,1264.3982567412804,1516.8,1782.94,0.025487256371814038,0
2019-02-05,1391.0,1391.0,1354.0,1387.0,340956987854,245735040,11055,1325.0,1391.0,35.887538325161955,-133.2218693326938,-134.92079952501908,1742.4879730092962,1259.2120269907036,1500.85,1754.94,-0.006470165348670065,0
2019-02-06,1430.0,1449.0,1385.0,1416.0,307760876486,217326972,14641,1387.0,1388.0,35.71260850948413,-125.99266841617987,-133.13517330325124,1706.247189730541,1261.4528102694587,1483.85,1729.3,-0.03386167146974062,0
2019-02-10,1380.0,1380.0,1346.0,1355.0,190127497888,140337882,8947,1416.0,1346.0,33.267736433088956,-122.24337802955279,-130.95681424851156,1682.7876248471905,1253.5123751528097,1468.15,1702.46,0.013372956909361022,0
2019-02-12,1325.0,1345.0,1289.0,1303.0,165918397576,127297929,8495,1355.0,1299.0,30.732245228757435,-121.66210062658797,-129.09787152412684,1665.2388489246023,1238.1611510753978,1451.7,1674.64,0.06543494996150878,1
2019-02-13,1300.0,1368.0,1300.0,1355.0,293039234420,216305953,11637,1303.0,1368.0,38.18120008493385,-114.31594766840635,-126.14148675298276,1647.389715584705,1233.910284415295,1440.65,1669.74,0.06432748538011701,1
2019-02-16,1375.0,1418.0,1370.0,1396.0,168333744429,120587927,9062,1355.0,1382.0,39.60045857589644,-106.14085976477827,-122.14136135534187,1627.3961601556257,1233.5038398443744,1430.45,1664.24,0.09985528219971052,1
2019-02-17,1370.0,1389.0,1330.0,1343.0,137368766674,102257259,7445,1396.0,1341.0,36.926701473916765,-101.79694918769292,-118.07247892181209,1603.026954854202,1232.473045145798,1417.75,1656.34,0.1178225205070842,1
2019-02-18,1390.0,1440.0,1351.0,1373.0,96805652791,70507459,4776,1343.0,1364.0,39.3986132200474,-95.39876341718264,-113.5377358208862,1582.5185825114202,1233.38141748858,1407.95,1647.42,0.1436950146627567,1
2019-02-19,1376.0,1413.0,1353.0,1387.0,153554249223,110738188,7063,1373.0,1384.0,41.543989300932225,-87.70333281729927,-108.37085522016882,1565.3323519969524,1235.5676480030477,1400.45,1637.26,0.08815028901734112,1
2019-02-20,1394.0,1456.0,1382.0,1448.0,343917243634,237525400,11084,1387.0,1456.0,48.598742137748566,-74.93109137502802,-101.68290245114068,1536.3858086848418,1251.0141913151583,1393.7,1627.78,0.02335164835164827,0
2019-02-23,1498.0,1520.0,1480.0,1517.0,413918063333,272850005,11835,1448.0,1520.0,53.92200995686388,-58.965020827664375,-93.13932612644543,1523.71657433071,1258.9834256692898,1391.35,1616.56,-0.046710526315789425,0
2019-02-24,1550.0,1562.0,1491.0,1526.0,315839932435,206910876,13281,1517.0,1499.0,52.01836788067175,-47.459238822434145,-84.00330866564317,1516.2287941888535,1263.3712058111464,1389.8,1604.78,-0.026017344896597683,0
2019-02-25,1505.0,1592.0,1488.0,1548.0,371920999096,240205411,14275,1526.0,1560.0,56.79031425553839,-33.037794358821884,-73.81020580427892,1538.0732030730728,1251.126796926927,1394.6,1596.24,-0.05769230769230771,0
2019-02-26,1520.0,1555.0,1478.0,1509.0,263268788739,174467865,9887,1548.0,1506.0,51.8721462131858,-25.67013508552077,-64.1821916605273,1546.6451069792754,1247.7548930207247,1397.2,1587.74,-0.05112881806108893,0
2019-02-27,1520.0,1534.0,1475.0,1495.0,214511590083,143447231,8473,1509.0,1490.0,50.477269412204684,-20.8815685883701,-55.522067046095856,1556.2229957081533,1246.5770042918468,1401.4,1580.4,-0.04765100671140943,0
2019-03-02,1484.0,1484.0,1431.0,1449.0,181283851585,125085965,8255,1495.0,1449.0,46.990223226825854,-20.16253137734475,-48.45015991234563,1557.831102290149,1246.5688977098512,1402.2,1570.96,-0.04761904761904767,0
2019-03-03,1440.0,1484.0,1396.0,1429.0,283670566205,198487782,12608,1449.0,1460.0,48.02758035209716,-18.491917820246954,-42.458511493925904,1563.5426703197015,1249.7573296802987,1406.65,1562.8,-0.010273972602739767,0
2019-03-04,1472.0,1488.0,1450.0,1475.0,185119527950,125509004,8417,1429.0,1470.0,49.004582390398284,-16.174577650779838,-37.20172472529669,1567.9222160966194,1260.5777839033806,1414.25,1555.7,-0.006802721088435382,0
2019-03-05,1480.0,1487.0,1425.0,1441.0,113694034253,78919623,5443,1475.0,1429.0,45.24881822034897,-17.445327345348005,-33.250445249306956,1562.2202264634466,1281.3797735365533,1421.8,1546.66,0.0006997900629810427,0
2019-03-06,1420.0,1448.0,1404.0,1418.0,135879210034,95843122,6326,1441.0,1419.0,44.355895648149165,-19.03984260638731,-30.40832472072303,1560.6062707570532,1291.4937292429468,1426.05,1536.52,0.007047216349541863,0
2019-03-09,1406.0,1418.0,1375.0,1385.0,142191957757,102666771,7671,1418.0,1380.0,40.96100020091546,-23.183239547584662,-28.963307686095355,1560.7131650396716,1290.2868349603284,1425.5,1526.2,0.031159420289855078,0
2019-03-10,1370.0,1548.0,1370.0,1457.0,237769478506,163153743,9435,1385.0,1445.0,48.09188964091203,-20.980109065074657,-27.366667961891217,1562.6813440714611,1294.0186559285387,1428.35,1517.6,-0.0117647058823529,0
2019-03-11,1447.0,1504.0,1435.0,1479.0,306805284874,207498599,10827,1457.0,1460.0,49.604608160450034,-17.81833892561417,-25.45700215463581,1563.506517796691,1304.593482203309,1434.05,1510.08,-0.013698630136986356,0
2019-03-12,1455.0,1472.0,1427.0,1443.0,139301131734,96559874,6306,1479.0,1430.0,46.67492146112109,-17.5312729881382,-23.87185632133629,1554.367130578408,1326.8328694215918,1440.6,1501.78,0.02237762237762242,0
2019-03-13,1480.0,1499.0,1426.0,1450.0,187546703346,129386763,7670,1443.0,1429.0,46.57617389634783,-17.186349270877827,-22.534754911244598,1552.6385773833406,1334.6614226166596,1443.65,1493.36,0.01259622113365988,0
2019-03-16,1430.0,1465.0,1408.0,1432.0,166827202177,116501824,8251,1450.0,1423.0,45.94804928500327,-17.198886537743647,-21.467581236544408,1551.467859012293,1339.932140987707,1445.7,1485.84,0.028812368236120767,0
2019-03-17,1446.0,1477.0,1421.0,1437.0,109336886836,76091971,5392,1432.0,1428.0,46.59440588664776,-16.61385007688068,-20.496835004611665,1544.8201957370777,1355.2798042629222,1450.05,1479.9,0.0672268907563025,1
2019-03-18,1440.0,1459.0,1437.0,1446.0,114117936194,78934216,5762,1437.0,1440.0,48.195526347279866,-15.008891595271507,-19.399246322743636,1540.238135759743,1367.4618642402568,1453.85,1475.7,0.10624999999999996,1
2019-03-19,1450.0,1480.0,1450.0,1465.0,201668718969,137639324,7529,1446.0,1462.0,51.09057541041881,-11.825418236799806,-17.88448070555487,1537.996806790324,1377.503193209676,1457.75,1470.08,0.07523939808481539,1
2019-03-25,1475.0,1477.0,1440.0,1449.0,92083090865,63561126,5098,1465.0,1447.0,49.07676825045722,-10.393062548688704,-16.386197074181638,1537.6818387451021,1376.9181612548978,1457.3,1464.02,0.11472011057360065,1
2019-03-26,1450.0,1469.0,1431.0,1452.0,147445273897,101521005,7643,1449.0,1464.0,51.41414788780513,-7.796281738359994,-14.66821400701731,1529.6837748456658,1379.3162251543342,1454.5,1459.1,0.11953551912568305,1
2019-03-27,1469.0,1524.0,1468.0,1518.0,357258152248,235350064,10426,1452.0,1524.0,58.63138950796838,-0.8865955566113826,-11.911890316936125,1534.5938329867574,1376.9061670132426,1455.75,1455.02,0.12007874015748032,1
2019-03-30,1560.0,1593.0,1540.0,1589.0,377665798861,237725261,11011,1518.0,1593.0,65.05937157483304,10.041353395546139,-7.521241574439672,1545.7139853026893,1369.086014697311,1457.4,1453.68,0.07030759573132461,1
2019-03-31,1630.0,1645.0,1531.0,1584.0,362906994000,229097328,16080,1589.0,1572.0,61.90657888807832,16.81349170968042,-2.6542949176156534,1560.2491838240946,1361.1508161759054,1460.7,1452.56,0.11386768447837148,1
2019-04-06,1591.0,1625.0,1548.0,1601.0,235232752903,146915872,9185,1584.0,1613.0,65.42904020798485,25.198346608678094,2.916233387643097,1586.1232576902426,1347.5767423097573,1466.85,1453.04,0.05393676379417234,1
2019-04-07,1640.0,1681.0,1621.0,1670.0,584321999063,349939681,14609,1601.0,1639.0,67.48250611567141,33.55459079896218,9.043904869906914,1616.8082144270757,1335.8917855729242,1476.35,1454.1,0.03660768761439903,0
2019-04-08,1640.0,1738.0,1619.0,1691.0,578008697676,341774293,18965,1670.0,1707.0,72.1429881392391,45.14361868822789,16.26384763357111,1661.0509210884632,1316.349078911537,1488.7,1456.34,0.0017574692442883233,0
2019-04-09,1699.0,1739.0,1652.0,1690.0,393492594792,232791906,13912,1691.0,1705.0,71.81696637565611,53.54934004092047,23.720946115040984,1696.5106793827895,1304.3893206172106,1500.45,1459.24,-0.03753665689149566,0
2019-04-10,1718.0,1772.0,1689.0,1748.0,455455364858,260484062,15312,1690.0,1751.0,74.65405835338206,63.194285943561,31.61561408074499,1737.7670653454202,1295.3329346545797,1516.55,1463.58,-0.07995431182181612,0
2019-04-13,1774.0,1800.0,1687.0,1727.0,386987086132,224141710,14613,1748.0,1700.0,66.6438669543474,65.96232862006241,38.484956988608474,1760.7628988348015,1300.4371011651983,1530.6,1465.76,-0.0117647058823529,0
2019-04-14,1676.0,1719.0,1649.0,1682.0,315984137639,187840409,12535,1727.0,1699.0,66.49321273618081,67.29954349629452,44.24787429014569,1776.9691615296742,1316.1308384703257,1546.55,1468.4,-0.0512065921130076,0
2019-04-15,1705.0,1759.0,1705.0,1727.0,317859307749,184042441,10820,1682.0,1710.0,67.36709752294708,68.45776548198887,49.08985252851433,1795.7479603642237,1323.8520396357762,1559.8,1472.0,-0.07251461988304098,0
2019-04-16,1716.0,1722.0,1641.0,1669.0,332820928223,199431015,12922,1727.0,1641.0,57.27606407308025,63.08078537981805,51.88803909877508,1802.6672577036106,1335.0327422963892,1568.85,1475.54,-0.02498476538695915,0
2019-04-17,1610.0,1645.0,1586.0,1610.0,303666966773,188612009,11937,1669.0,1611.0,53.52219943082579,55.75601993931582,52.66163526688323,1803.3825048646486,1352.4174951353516,1577.9,1478.68,-0.0012414649286157653,0
2019-04-20,1625.0,1685.0,1625.0,1660.0,300113473863,180823366,11054,1610.0,1680.0,60.013495307870656,54.88612086269063,53.10653238604472,1809.2261184408285,1371.6738815591716,1590.45,1484.16,-0.005357142857142838,0
2019-04-22,1710.0,1710.0,1601.0,1643.0,291551340038,177492583,12920,1660.0,1612.0,52.266182014452504,48.15459171875136,52.116144252586054,1804.8164707875744,1394.9835292124258,1599.9,1487.74,0.08002481389578153,1
2019-04-23,1606.0,1635.0,1582.0,1604.0,212726079012,132619187,9444,1643.0,1586.0,49.62815380572706,40.25775729864222,49.74446686179729,1797.1933472961348,1418.4066527038651,1607.8,1492.04,0.054854981084489385,1
2019-04-24,1600.0,1636.0,1581.0,1599.0,253875289316,158783826,10759,1604.0,1600.0,51.06053063113968,34.72881002022473,46.74133549348278,1788.9896070785826,1442.6103929214173,1615.8,1497.68,0.05062499999999992,1
2019-04-27,1616.0,1644.0,1601.0,1616.0,256482388415,158753277,9797,1599.0,1609.0,52.00537691607882,30.71919252265866,43.536906899317955,1781.443745928364,1464.8562540716362,1623.15,1504.3,0.09384711000621504,1
2019-04-28,1627.0,1675.0,1627.0,1655.0,317359345297,191717384,12221,1616.0,1671.0,58.018422796708386,32.17354699011935,41.264234917478234,1771.4897462445979,1497.210253755402,1634.35,1511.04,0.09754637941352473,1
2019-04-29,1689.0,1770.0,1689.0,1715.0,307625991117,179365420,11216,1655.0,1741.0,63.56817833761687,38.530393971860576,40.71746672835471,1768.6617781706373,1527.7382218293628,1648.2,1518.04,0.07926479035037337,1
2019-04-30,1770.0,1770.0,1646.0,1706.0,378595375824,221924251,14932,1715.0,1673.0,55.84501732669192,37.64723540801856,40.10342046428748,1762.0779568535984,1549.2220431464018,1655.65,1523.74,0.0693365212193664,1
2019-05-01,1670.0,1699.0,1649.0,1677.0,341185220521,203414932,12442,1706.0,1681.0,56.514387978953394,37.16445037471772,39.51562644637353,1762.9722522102536,1557.1277477897463,1660.05,1530.44,0.1124330755502676,1
2019-05-04,1659.0,1760.0,1659.0,1747.0,789808285625,452145051,19735,1677.0,1760.0,62.5516667424009,42.66466779449911,40.14543471599865,1772.8278989921466,1566.0721010078535,1669.45,1539.66,-0.009659090909090895,0
2019-05-05,1808.0,1834.0,1750.0,1822.0,1125074123299,617411040,25234,1747.0,1834.0,67.15204266972815,52.390881809490566,42.59452413469703,1802.8789197534843,1558.1210802465157,1680.5,1548.98,-0.07579062159214833,0
2019-05-06,1890.0,1913.0,1780.0,1883.0,1908987242777,1013887239,41158,1822.0,1879.0,69.59789358507197,63.00383145873457,46.67638559950454,1840.610094186821,1544.389905813179,1692.5,1558.92,-0.07237892496008513,0
2019-05-07,1895.0,1920.0,1789.0,1801.0,964221645264,535396810,22048,1883.0,1789.0,59.97880161980284,63.42134093938171,50.025376667479975,1850.514781616415,1542.685218383585,1696.6,1567.88,-0.03130240357741754,0
2019-05-08,1800.0,1885.0,1780.0,1834.0,724598400600,395167702,18764,1801.0,1870.0,64.70659735800918,69.48723764428337,53.917748862840654,1876.3635854678228,1533.336414532177,1704.85,1578.0,-0.08074866310160422,0
2019-05-11,1785.0,1833.0,1743.0,1782.0,602038455529,337783280,17302,1834.0,1743.0,53.94610600435446,63.316789334513714,55.79755695717527,1875.568058661347,1533.331941338653,1704.45,1585.18,0.004016064257028162,0
2019-05-12,1723.0,1748.0,1693.0,1698.0,627820453440,369716505,15875,1782.0,1695.0,50.52613946914388,53.93177382874501,55.42440033148922,1875.3579387584118,1533.0420612415883,1704.2,1589.96,0.07374631268436582,1
2019-05-13,1710.0,1770.0,1680.0,1728.0,319089041493,184637901,10269,1698.0,1743.0,53.68798136454518,49.79329417233089,54.29817909965755,1878.363251888385,1534.436748111615,1706.4,1594.42,0.017785427423981703,0
2019-05-14,1751.0,1789.0,1725.0,1749.0,399513570152,228450848,13662,1728.0,1733.0,52.9290510457966,45.185729835569646,52.47568924683998,1879.9013562465582,1535.1986437534417,1707.55,1599.1,0.023081361800346256,0
2019-05-15,1762.0,1775.0,1681.0,1730.0,321748646265,186002489,11339,1749.0,1719.0,51.82453268033906,39.944068547958295,49.969365107063645,1881.1102192619937,1541.7897807380064,1711.45,1602.28,0.03025014543339144,0
2019-05-18,1721.0,1790.0,1716.0,1763.0,361821976728,205286855,12502,1730.0,1750.0,54.10819714793057,37.85508527649131,47.54650914094918,1882.322420675231,1554.4775793247693,1718.4,1607.16,-0.011428571428571455,0
2019-05-19,1759.0,1841.0,1734.0,1806.0,546221892688,302476977,16893,1763.0,1820.0,58.85150530595769,41.37106607204828,46.311420527169005,1894.0539652662426,1556.7460347337576,1725.4,1613.76,-0.050000000000000044,0
2019-05-20,1830.0,1830.0,1753.0,1783.0,275929397233,154781329,9224,1806.0,1774.0,54.84016550250782,39.98477107059534,45.04609063585428,1894.999845201246,1572.000154798754,1733.5,1620.26,0.0022547914317925244,0
2019-05-21,1768.0,1810.0,1768.0,1788.0,234000117420,130861242,8939,1783.0,1773.0,54.75279496201064,38.36320352164398,43.70951321301222,1890.1364895366364,1595.5635104633634,1742.85,1626.52,-0.012972363226170347,0
2019-05-22,1792.0,1809.0,1751.0,1767.0,182438658770,103224533,7197,1788.0,1771.0,54.56555458014493,36.496012951706234,42.26681316075103,1883.6049923415346,1619.1950076584656,1751.4,1632.54,-0.0321852060982496,0
2019-05-25,1768.0,1771.0,1715.0,1728.0,152695615367,88385053,6915,1767.0,1730.0,50.73518223013574,31.346550106863788,40.082760549973585,1873.0691593120482,1641.8308406879519,1757.45,1638.56,0.016184971098266,0
2019-05-26,1729.0,1765.0,1718.0,1736.0,188700508651,108696298,8800,1728.0,1729.0,50.64180683788078,26.87507294800571,37.441223029580016,1869.9004906425553,1650.7995093574445,1760.35,1644.76,0.04684788895315206,0
2019-05-28,1767.0,1810.0,1767.0,1788.0,264817359499,148121772,9511,1736.0,1778.0,55.01108319583205,26.974342148923142,35.347846853448644,1871.6305259058206,1652.7694740941795,1762.2,1652.72,0.00843644544431954,0
2019-05-29,1819.0,1823.0,1745.0,1777.0,255395058938,143754834,9811,1788.0,1750.0,52.16916990740404,24.51109901973973,33.18049728670687,1867.8055403898197,1664.2944596101802,1766.05,1658.82,0.04342857142857137,0
2019-06-01,1725.0,1746.0,1700.0,1715.0,386245049705,225229224,14021,1777.0,1714.0,48.68660461791146,19.430084043658553,30.430414638097204,1864.851634057406,1670.548365942594,1767.7,1663.9,0.05659276546091019,1
2019-06-02,1712.0,1786.0,1712.0,1743.0,281216042557,161385245,10098,1715.0,1758.0,52.831137616427185,18.737777905205803,28.091887291518926,1864.7872419611963,1670.4127580388035,1767.6,1670.46,0.03356086461888519,0
2019-06-03,1765.0,1828.0,1765.0,1810.0,410245857407,226716767,13376,1743.0,1810.0,57.22797140196387,22.129985028580904,26.899506838931323,1860.8317743136504,1671.9682256863498,1766.4,1678.08,-0.01933701657458564,0
2019-06-08,1812.0,1830.0,1780.0,1802.0,212093142124,117691301,7581,1810.0,1793.0,55.40952974529289,23.179378244574764,26.155481120060013,1842.4066622393464,1681.7933377606535,1762.1,1685.48,-0.02900167317345237,0
2019-06-09,1792.0,1860.0,1786.0,1825.0,385072499880,210999001,11810,1802.0,1826.0,58.18701579550425,26.369878590501003,26.19836061414821,1848.255337909437,1679.644662090563,1763.95,1693.44,-0.048192771084337394,0
2019-06-10,1850.0,1870.0,1806.0,1825.0,332486456794,182186068,10737,1825.0,1811.0,56.46533072827596,27.372465715195176,26.433181634357602,1833.567210226276,1688.432789773724,1761.0,1700.86,-0.04141358365543901,0
2019-06-11,1850.0,1850.0,1795.0,1814.0,318908403428,175805395,10118,1825.0,1817.0,57.01323796460936,28.324663995622586,26.8114781066106,1840.6844720980828,1688.7155279019173,1764.7,1707.96,-0.05228398458998351,0
2019-06-12,1818.0,1848.0,1770.0,1800.0,369147643355,205107527,13297,1814.0,1775.0,52.072800098872094,25.397472745295318,26.528677034347545,1837.6872451981092,1699.712754801891,1768.7,1714.52,-0.05915492957746482,0
2019-06-15,1762.0,1777.0,1725.0,1750.0,276115770271,157748884,10589,1800.0,1741.0,48.415281789008844,20.10240868597566,25.24342336467317,1837.741593849318,1699.4584061506819,1768.6,1720.06,0.008041355542791395,0
2019-06-16,1750.0,1801.0,1729.0,1757.0,300140110501,170837369,11385,1750.0,1738.0,48.094288389905905,15.485450705757103,23.291828832889955,1837.5093766358536,1700.1906233641462,1768.85,1724.34,0.024165707710011475,0
2019-06-17,1774.0,1800.0,1729.0,1746.0,119783902650,68605162,6349,1757.0,1736.0,47.86644405880367,11.532159402671141,20.93989494684619,1836.2585456573684,1703.1414543426317,1769.7,1727.2,0.05760368663594462,1
2019-06-18,1750.0,1770.0,1702.0,1724.0,204264851858,118453696,9928,1746.0,1722.0,46.21593030633182,7.186621664895256,18.189240290456006,1837.5794341780015,1699.0205658219984,1768.3,1730.2,0.04761904761904767,0
2019-06-19,1722.0,1722.0,1638.0,1672.0,221404161869,132445889,8790,1724.0,1670.0,40.61415828337349,-0.4480488893725578,14.461782454490294,1838.0828570902017,1683.5171429097982,1760.8,1731.34,0.06347305389221547,1
2019-06-24,1742.0,1819.0,1655.0,1748.0,209445703914,119834985,7191,1672.0,1755.0,51.05711666270392,0.3561043674189932,11.640646837076035,1836.9272988630544,1682.7727011369454,1759.85,1733.66,-0.008547008547008517,0
2019-06-25,1760.0,1789.0,1699.0,1749.0,353414490590,202030663,11534,1748.0,1780.0,53.63935242025253,2.9763827951912845,9.907794028699087,1837.575965260697,1682.824034739303,1760.2,1735.12,-0.028651685393258464,0
2019-06-26,1799.0,1836.0,1766.0,1829.0,784954386665,429157109,18325,1749.0,1836.0,58.8736585438369,9.462625064298209,9.818760235818912,1847.5368003911694,1679.3631996088307,1763.45,1737.74,-0.079520697167756,0
2019-06-30,1870.0,1874.0,1799.0,1828.0,359445749478,196677251,13099,1829.0,1804.0,55.04889274413243,11.883896072125253,10.231787403080181,1851.5354845339182,1682.764515466082,1767.15,1738.8,-0.07372505543237251,0
2019-07-01,1830.0,1830.0,1770.0,1781.0,246368440398,138298529,8620,1828.0,1776.0,51.87333007416666,11.41185602330438,10.467801127125021,1852.103874001308,1686.896125998692,1769.5,1740.32,-0.07939189189189189,0
2019-07-02,1790.0,1790.0,1731.0,1743.0,303686873818,174269008,11252,1781.0,1740.0,48.0364996408738,8.040179563136235,9.982276814327266,1851.0779012674857,1684.1220987325141,1767.6,1741.14,-0.0482758620689655,0
2019-07-03,1740.0,1779.0,1720.0,1736.0,264508053906,152378685,10152,1743.0,1729.0,46.8951177553742,4.429433851458953,8.871708221753604,1851.4039333208789,1681.696066679121,1766.55,1741.52,-0.06593406593406592,0
2019-07-06,1740.0,1743.0,1685.0,1700.0,344661495192,202773653,15189,1736.0,1690.0,42.99453510337127,-1.561086963689604,6.785149184664963,1853.7474547146253,1676.9525452853745,1765.35,1742.5,-0.08520710059171599,0
2019-07-10,1701.0,1745.0,1666.0,1684.0,211470895312,125606265,8876,1700.0,1671.0,41.19674718391642,-7.752394303607161,3.8776404870105385,1858.508973946117,1663.491026053883,1761.0,1743.7,-0.07839616995810894,0
2019-07-13,1662.0,1670.0,1615.0,1627.0,380664407311,234017022,18344,1684.0,1635.0,37.95810267676995,-15.386582170453266,0.024795955517777468,1861.3222237786738,1643.1777762213262,1752.25,1742.8,-0.07033639143730885,0
2019-07-14,1620.0,1674.0,1618.0,1647.0,232673582395,141284541,12436,1627.0,1656.0,40.87789344266894,-19.517224149657977,-3.883608065517374,1860.4206937904028,1630.3793062095974,1745.4,1743.68,-0.06702898550724634,0
2019-07-15,1660.0,1670.0,1610.0,1627.0,204201370083,125519773,10335,1647.0,1615.0,37.197226931709885,-25.801718872400215,-8.267230226893943,1856.8586472346376,1612.8413527653622,1734.85,1744.26,-0.022910216718266208,0
2019-07-16,1611.0,1611.0,1546.0,1560.0,162251803009,104008297,9024,1627.0,1546.0,31.97869219486762,-35.935705121017236,-13.800925205718602,1863.5752091036568,1579.624790896343,1721.6,1743.18,0.001293661060802087,0
2019-07-17,1530.0,1600.0,1503.0,1556.0,246789682226,158624926,12338,1560.0,1540.0,31.564008453248846,-43.944546710434906,-19.829649506661866,1863.2014393629986,1552.2985606370014,1707.75,1741.8,-0.012337662337662314,0
2019-07-20,1539.0,1599.0,1516.0,1541.0,177278830248,115048941,10609,1556.0,1520.0,30.16005760068731,-51.3139291897744,-26.126505443284373,1867.2219498206568,1522.7780501793432,1695.0,1738.78,-0.021052631578947323,0
2019-07-21,1510.0,1575.0,1510.0,1545.0,160949006560,104185061,8664,1541.0,1545.0,34.1055677999403,-54.50858578538464,-31.802921511704426,1867.8281467902182,1502.571853209782,1685.2,1734.86,0.013592233009708687,0
2019-07-22,1560.0,1594.0,1549.0,1573.0,203103897756,129101484,9292,1545.0,1578.0,39.004022623859385,-53.75786276729741,-36.193909762823026,1863.8489753522103,1490.5510246477897,1677.2,1732.96,-0.024714828897338448,0
2019-07-23,1595.0,1595.0,1525.0,1542.0,105047675856,68116297,6208,1573.0,1548.0,36.357949922392685,-54.9502266389693,-39.94517313805228,1860.4951997327141,1475.1048002672858,1667.8,1730.3,-0.015503875968992276,0
2019-07-24,1550.0,1550.0,1514.0,1522.0,156038444620,102516858,8706,1542.0,1521.0,34.11478015819772,-57.41204760237065,-43.43854803091596,1858.8717293084746,1456.6282706915254,1657.75,1725.52,-0.008547008547008517,0
2019-07-27,1520.0,1543.0,1480.0,1492.0,214065991647,143490216,12637,1522.0,1488.0,31.552473936797867,-61.319034994182175,-47.014645423569206,1862.7801239901382,1434.519876009862,1648.65,1718.6,0.0013440860215054862,0
2019-07-28,1493.0,1566.0,1453.0,1536.0,382340355528,248981265,15315,1492.0,1566.0,42.53829048837643,-57.459050358203285,-49.10352641049602,1850.3839009016374,1428.0160990983627,1639.2,1712.34,-0.03831417624521072,0
2019-07-29,1570.0,1590.0,1526.0,1553.0,156619545468,100858386,8533,1536.0,1539.0,40.13685058189399,-55.933888032485584,-50.469598734893935,1832.2375666636897,1422.0624333363105,1627.15,1707.34,-0.022092267706302793,0
2019-07-30,1551.0,1564.0,1515.0,1525.0,125482090611,82283478,6675,1553.0,1524.0,38.825493828274055,-55.298118255555664,-51.43530263902628,1797.2696543180996,1425.8303456819003,1611.55,1700.42,-0.007217847769028896,0
2019-07-31,1516.0,1549.0,1487.0,1506.0,188040019713,124893951,9636,1525.0,1508.0,37.421041996519456,-55.44618332200025,-52.237478775621085,1765.1327485226304,1428.3672514773696,1596.75,1695.72,-0.0053050397877983935,0
2019-08-03,1500.0,1500.0,1480.0,1488.0,161368865746,108458227,8895,1506.0,1490.0,35.84990146420566,-56.366220814833014,-53.063227183463475,1735.3806705668826,1429.5193294331175,1582.45,1691.62,-0.00201342281879191,0
2019-08-04,1491.0,1535.0,1484.0,1503.0,155257713132,103325173,8110,1488.0,1506.0,38.32855289271408,-55.16834453924798,-53.484250654620375,1708.7527173646852,1432.7472826353148,1570.75,1686.88,-0.013944223107569709,0
2019-08-05,1520.0,1527.0,1496.0,1503.0,167395563386,111355912,7760,1503.0,1505.0,38.229132089426734,-53.68091048243082,-53.52358262018247,1679.5457915930301,1439.5542084069698,1559.55,1682.32,0.034551495016611256,0
2019-08-06,1514.0,1546.0,1506.0,1518.0,166705161003,109816893,7618,1503.0,1513.0,39.57938358553716,-51.2656170136147,-53.071989498868916,1656.1307355567556,1445.2692644432445,1550.7,1678.2,0.05816259087904818,1
2019-08-07,1518.0,1528.0,1491.0,1501.0,179768682079,119762701,8849,1518.0,1500.0,38.12112442079715,-49.82610655213625,-52.42281290952239,1634.0353089456585,1450.2646910543417,1542.15,1673.2,0.05400000000000005,1
2019-08-10,1501.0,1510.0,1482.0,1488.0,164678643302,110691367,10044,1501.0,1487.0,36.66627784312936,-49.16750312445788,-51.77175095250949,1619.058659104742,1450.441340895258,1534.75,1666.54,0.08002689979825162,1
2019-08-11,1490.0,1508.0,1474.0,1483.0,172711015027,116483571,10082,1488.0,1485.0,36.43589387733966,-48.25073402158205,-51.06754756632401,1592.307790766597,1460.092209233403,1526.2,1660.76,0.10370370370370363,1
2019-08-13,1489.0,1557.0,1479.0,1525.0,262190812703,171909504,11537,1483.0,1557.0,48.88690885103013,-41.23901197207465,-49.101840447474146,1577.6069056386052,1468.9930943613947,1523.3,1656.44,0.03403982016698781,0
2019-08-14,1599.0,1601.0,1572.0,1600.0,407126416456,254461954,10962,1525.0,1601.0,54.72363392681344,-31.7655657854566,-45.63458551507064,1589.4801978559124,1462.6198021440875,1526.05,1653.04,0.01686445971267947,0
2019-08-17,1630.0,1630.0,1560.0,1595.0,290112894193,181934402,12917,1600.0,1581.0,51.826611175989136,-25.576790957930143,-41.62302660364254,1595.7133122989846,1460.4866877010152,1528.1,1650.06,0.021505376344086002,0
2019-08-18,1580.0,1650.0,1561.0,1603.0,260924770422,162777270,11482,1595.0,1606.0,55.03127341226905,-18.442260355646795,-36.9868733540434,1607.88615767172,1456.9138423282802,1532.4,1647.6,0.05168119551681194,1
2019-08-19,1633.0,1680.0,1612.0,1639.0,181459513005,110740754,8525,1603.0,1639.0,58.91637545789016,-10.009881560631129,-31.591474995360944,1625.7045145578904,1448.4954854421094,1537.1,1644.82,0.04331909701037229,0
2019-08-21,1658.0,1658.0,1601.0,1619.0,258125968738,159468272,12395,1639.0,1610.0,54.46325753399387,-5.602634566694633,-26.393706909627685,1631.2680290383205,1446.1319709616796,1538.7,1642.02,0.12484472049689432,1
2019-08-24,1615.0,1651.0,1601.0,1632.0,316370217351,193839813,12685,1619.0,1628.0,56.65325617101905,-0.6499181518813657,-21.244949158078423,1643.111353939876,1442.2886460601242,1542.7,1640.3,0.12223587223587229,1
2019-08-25,1640.0,1664.0,1580.0,1609.0,253144772717,157308412,11114,1632.0,1615.0,54.610513432931064,2.200784659176179,-16.555802394627502,1652.0200745556929,1442.7799254443073,1547.4,1637.44,0.12260061919504639,1
2019-08-26,1609.0,1689.0,1604.0,1670.0,402662266372,241086343,13179,1609.0,1689.0,62.82705131757845,10.312295013603716,-11.18218291298126,1675.11813502405,1439.7818649759502,1557.45,1635.02,0.02841918294849033,0
2019-08-27,1753.0,1753.0,1691.0,1746.0,801929819375,459353815,19501,1670.0,1710.0,64.77576238792446,18.225161587430193,-5.300714012898969,1699.8465606072787,1429.4534393927215,1564.65,1633.36,0.026900584795321647,0
2019-08-28,1709.0,1829.0,1690.0,1781.0,704514833344,395629715,23005,1746.0,1811.0,72.29760878798933,32.27398683373394,2.214226156427613,1750.1346997264056,1406.3653002735944,1578.25,1633.06,-0.008282716731087825,0
2019-08-31,1850.0,1870.0,1773.0,1842.0,880674443842,478058501,25896,1781.0,1827.0,73.27134918608107,44.18945975509769,10.60927287616163,1794.4297490423635,1392.3702509576367,1593.4,1633.38,-0.02025177887246854,0
2019-09-01,1810.0,1882.0,1783.0,1828.0,465822394998,254840696,17686,1842.0,1813.0,70.92225095700404,51.90455153388575,18.868328607706456,1826.982109411407,1390.3178905885932,1608.65,1633.3,-0.02978488692774406,0
2019-09-02,1807.0,1859.0,1737.0,1762.0,516106155510,292889069,18580,1828.0,1737.0,59.72756231612744,51.29495618639612,25.353654123444393,1839.0321077273568,1402.9678922726432,1621.0,1632.54,0.024755325273460027,0
2019-09-03,1757.0,1773.0,1720.0,1744.0,242516695345,139071799,10263,1762.0,1756.0,61.3692383963742,51.74846460432991,30.6326162196215,1852.390383525711,1414.609616474289,1633.5,1632.84,0.059225512528473745,1
2019-09-04,1760.0,1823.0,1755.0,1804.0,368912830039,204441233,14342,1744.0,1796.0,64.63747778159272,54.70493456590975,35.44707988887915,1869.5110349475317,1426.5889650524682,1648.05,1634.0,0.06291759465478841,1
2019-09-07,1820.0,1829.0,1770.0,1794.0,323816227497,180506339,14331,1804.0,1790.0,63.76602100911399,55.9192066490175,39.54150524090682,1882.490026973186,1441.309973026814,1661.9,1635.08,0.09441340782122909,1
2019-09-08,1795.0,1795.0,1750.0,1766.0,355172916694,201141217,15179,1794.0,1759.0,59.3163205345216,53.76036903152044,42.38527799902955,1886.114076454162,1463.5859235458379,1674.85,1635.82,0.1301876065946561,1
2019-09-11,1766.0,1798.0,1751.0,1772.0,285181418409,160952189,11069,1766.0,1780.0,61.28710613863318,53.1315319348314,44.534528786189924,1886.801292443889,1492.198707556111,1689.5,1638.02,0.07415730337078652,1
2019-09-14,1800.0,1860.0,1780.0,1839.0,625348006028,339971622,19761,1772.0,1860.0,67.70521316750546,58.41513213617395,47.31064945618673,1895.2568180575984,1521.2431819424016,1708.25,1640.12,0.047311827956989294,0
2019-09-15,1886.0,1927.0,1825.0,1884.0,640342724172,339809262,23465,1839.0,1909.0,70.88870420665467,65.79783734080206,51.008087033109796,1918.7678840855,1532.9321159144997,1725.85,1642.7,0.030906233630172864,0
2019-09-16,1968.0,2059.0,1936.0,1968.0,500747205830,254459146,17557,1884.0,1959.0,73.73397833747592,74.8207791696043,55.770625460408695,1952.7714103866522,1534.7285896133478,1743.75,1645.16,0.06176620724859627,1
2019-09-17,1979.0,2039.0,1896.0,1981.0,591647442601,298713211,20747,1968.0,1988.0,75.24522133909593,83.35076744949629,61.28665385822622,1984.7072528273352,1543.4927471726646,1764.1,1648.84,0.04678068410462766,0
2019-09-18,1988.0,1988.0,1882.0,1905.0,517949455956,271836710,17951,1981.0,1912.0,64.73359303709711,83.02126234172556,65.63357555492608,1996.4413785434078,1562.3586214565923,1779.4,1651.56,0.14748953974895396,1
2019-09-21,1900.0,1975.0,1900.0,1949.0,266936080536,136963794,10434,1905.0,1948.0,67.0796023704319,84.68878668929278,69.44461778179942,2013.699057571701,1576.000942428299,1794.85,1655.72,0.16786447638603685,1
2019-09-22,1972.0,2000.0,1948.0,1981.0,297902109715,150371047,11123,1949.0,1968.0,68.33967636581063,86.62557885118372,72.88080999567629,2026.7022142909964,1598.7977857090036,1812.75,1660.5,0.17682926829268286,1
2019-09-23,1998.0,2080.0,1951.0,2052.0,610270925905,297352581,18994,1981.0,2080.0,74.27738413235802,96.09029545834983,77.522707088211,2061.6031988724553,1609.0968011275445,1835.35,1668.3,0.14423076923076916,1
2019-09-24,2120.0,2145.0,2041.0,2090.0,562282932128,269056235,19590,2052.0,2081.0,74.32368645751228,102.490397695208,82.5162452096104,2085.3147524429355,1631.9852475570647,1858.65,1676.5,0.07400288322921678,1
2019-09-25,2090.0,2194.0,2045.0,2167.0,795313090743,367069052,22471,2090.0,2194.0,78.93750587270867,115.35098608368457,89.08319338442524,2139.951479199038,1627.848520800962,1883.9,1687.68,0.0241567912488605,0
2019-09-28,2264.0,2275.0,2225.0,2267.0,301610645401,133045599,8536,2167.0,2275.0,81.50325655702277,130.57394295689346,97.38134329891889,2206.961312537381,1617.3386874626187,1912.15,1700.06,-0.023296703296703303,0
2019-09-29,2380.0,2380.0,2190.0,2319.0,919924000786,396662296,26812,2267.0,2316.0,82.65501674469706,144.28339414864513,106.76175346886416,2276.4223591446616,1598.3776408553388,1937.4,1714.08,-0.04274611398963735,0
2019-09-30,2319.0,2419.0,2260.0,2352.0,574272290350,244206142,20369,2319.0,2380.0,84.2985803348887,158.48557506356542,117.10651778780442,2350.5618545518537,1579.538145448146,1965.05,1730.76,-0.0752100840336134,0
2019-10-01,2400.0,2420.0,2235.0,2299.0,764978409092,332678806,27839,2352.0,2235.0,68.46870625443822,156.2395848964684,124.93313120953722,2382.11629907103,1590.1837009289702,1986.15,1744.66,-0.05234899328859055,0
2019-10-02,2215.0,2400.0,2190.0,2253.0,505427929306,224367117,16935,2299.0,2247.0,68.98773171093855,153.65666285789985,130.67783753920975,2405.834867796833,1617.4651322031673,2011.65,1759.2,-0.0720961281708945,0
2019-10-05,2252.0,2341.0,2180.0,2256.0,433932694163,192312679,16711,2253.0,2222.0,66.53069101979676,147.88763091477176,134.11979621432215,2420.9398832871207,1648.9601167128794,2034.95,1772.74,-0.04365436543654366,0
2019-10-06,2228.0,2298.0,2145.0,2218.0,263814643478,118943770,9195,2256.0,2217.0,66.02421555441602,141.28354456713873,135.5525458848855,2433.392103785974,1678.607896214026,2056.0,1785.52,-0.07036535859269277,0
2019-10-07,2215.0,2284.0,2108.0,2229.0,382983822017,171824068,12215,2218.0,2201.0,64.33638935619527,133.22298068147575,135.08663284420356,2438.198157744516,1714.9018422554846,2076.55,1798.58,-0.09359382099045888,0
2019-10-08,2200.0,2220.0,2118.0,2148.0,334123134217,155561551,11382,2229.0,2118.0,56.29652284183114,118.76843084875986,131.82299244511483,2425.674576318897,1763.3254236811033,2094.5,1810.52,-0.10151085930122761,0
2019-10-09,2066.0,2128.0,2041.0,2062.0,527774319693,255947509,18418,2148.0,2085.0,53.437242587758035,103.45767606986556,126.14992917006498,2408.0490948695615,1811.4509051304385,2109.75,1822.46,-0.10503597122302155,0
2019-10-12,2120.0,2137.0,2059.0,2097.0,318085118388,151663289,12198,2062.0,2125.0,56.332356426395386,93.4739488092523,119.61473309790244,2398.411691836056,1847.588308163944,2123.0,1833.64,-0.1548235294117647,0
2019-10-13,2131.0,2159.0,2044.0,2100.0,271450480506,129263207,10891,2097.0,2061.0,50.88119636203571,79.48129698046114,111.58804587441419,2389.887793773633,1871.3122062263667,2130.6,1844.08,-0.1072295002426007,0
2019-10-14,2051.0,2076.0,1995.0,2003.0,312222580266,155913360,14154,2100.0,1995.0,45.94371191024661,62.347666094878605,101.73996991850709,2387.3614872877824,1877.4385127122177,2132.4,1853.5,-0.0541353383458647,0
2019-10-15,1980.0,2003.0,1903.0,1917.0,269750195219,140707707,8223,2003.0,1903.0,40.10196596236726,40.87433516064857,89.56684296693538,2395.1475842587315,1861.152415741269,2128.15,1861.4,-0.03783499737256968,0
2019-10-16,1863.0,1972.0,1822.0,1885.0,418548732529,221994142,15985,1917.0,1866.0,38.0088198230904,20.633129042256087,75.78010018199953,2400.9261894457577,1850.7738105542421,2125.85,1868.92,-0.017148981779206873,0
2019-10-20,1901.0,1921.0,1791.0,1805.0,560991611104,310755913,15928,1885.0,1796.0,34.35532156866944,-1.044546737592782,60.41517079808107,2419.6964297350346,1816.8035702649656,2118.25,1874.72,0.05734966592427626,1
2019-10-21,1776.0,1843.0,1731.0,1798.0,339621771862,188886114,13658,1805.0,1840.0,38.36570824645552,-14.506605576647416,45.43081552313538,2430.7162885913144,1792.9837114086854,2111.85,1881.42,0.07336956521739135,1
2019-10-22,1865.0,1887.0,1812.0,1874.0,274538737755,146520433,9709,1798.0,1887.0,42.4127956528717,-21.139197481016026,32.1168129223051,2435.684392438387,1768.7156075616126,2102.2,1888.9,0.02490726020137779,0
2019-10-23,1880.0,1890.0,1794.0,1831.0,216141333435,118074138,10485,1874.0,1831.0,39.1169979688318,-30.5620065516066,19.581049027522763,2443.545785618539,1735.854214381461,2089.7,1895.52,0.049699617695248444,0
2019-10-26,1841.0,1843.0,1790.0,1813.0,131054410008,72301992,7028,1831.0,1834.0,39.388726327512096,-37.35694805646722,8.193449610724766,2438.8670464516144,1704.532953548385,2071.7,1902.46,0.004907306434023928,0
2019-10-28,1840.0,1900.0,1831.0,1881.0,193662294962,102961657,8852,1813.0,1899.0,45.105422832588836,-37.06971478470291,-0.859183268360769,2414.972865594764,1690.8271344052366,2052.9,1910.74,-0.03370194839389151,0
2019-10-30,1932.0,1975.0,1920.0,1964.0,320911986111,163438649,13000,1881.0,1975.0,50.932737550141155,-30.3595495172558,-6.759256518139776,2378.3457080023118,1693.354291997688,2035.85,1919.1,-0.07544303797468355,0
2019-11-02,2020.0,2038.0,1914.0,1964.0,281220803374,143176677,13306,1964.0,1934.0,47.974041936779784,-28.026975025469255,-11.012800219605673,2319.6561743905318,1707.4438256094681,2013.55,1925.76,-0.07290589451913132,0
2019-11-03,1936.0,1986.0,1890.0,1940.0,261442238647,134786178,10686,1964.0,1922.0,47.11143748150882,-26.837328628480236,-14.177705901380588,2288.7428441615984,1707.0571558384017,1997.9,1932.58,-0.05775234131113427,0
2019-11-04,1918.0,1922.0,1843.0,1865.0,312039059756,167321818,13939,1940.0,1843.0,41.784788010509544,-31.90142528464571,-17.722449778033614,2252.1923314047394,1703.2076685952607,1977.7,1937.32,-0.01953336950623985,0
2019-11-05,1818.0,1887.0,1792.0,1832.0,232540188150,126955666,10692,1865.0,1835.0,41.27584249952801,-36.143650012015996,-21.406689824830092,2215.224502432629,1701.4754975673711,1958.35,1941.24,0.0005449591280652921,0
2019-11-09,1850.0,1880.0,1818.0,1845.0,177782243540,96342748,8263,1832.0,1826.0,40.67560338224126,-39.77338562449131,-25.080028984762336,2172.421574346232,1705.1784256537678,1938.8,1945.56,-0.03066812705366917,0
2019-11-10,1840.0,1840.0,1773.0,1790.0,195501396113,109192967,9719,1845.0,1793.0,38.4667352461615,-44.79641625392901,-29.02330643859567,2126.7654481914255,1710.0345518085749,1918.4,1948.86,-0.049079754601227044,0
2019-11-11,1831.0,1880.0,1799.0,1818.0,144559872541,79522156,6361,1790.0,1811.0,40.3689158131556,-46.785441205723146,-32.57573339202117,2094.9160730822796,1711.1839269177203,1903.05,1952.78,-0.04527885146327992,0
2019-11-12,1820.0,1844.0,1799.0,1814.0,201970731928,111313264,9293,1818.0,1807.0,40.072460009843,-48.12971498612342,-35.686529710841626,2065.9654687803522,1712.334531219648,1889.15,1955.14,-0.0027670171555063128,0
2019-11-13,1810.0,1849.0,1781.0,1804.0,214620627098,118941427,10962,1814.0,1836.0,43.322199506183004,-46.32104384556919,-37.813432537787136,2015.655453956265,1733.744546043735,1874.7,1957.66,-0.025054466230936767,0
2019-11-16,1830.0,1835.0,1767.0,1794.0,183482239305,102257015,9624,1804.0,1770.0,38.23980484050022,-49.641075928091595,-40.178961215848034,1979.6176106734285,1740.6823893265716,1860.15,1956.84,0.0,0
2019-11-17,1727.0,1755.0,1705.0,1712.0,301858356669,176361108,12055,1794.0,1705.0,34.00828202834356,-56.86171558330898,-43.51551208934023,1966.517323954901,1724.7826760450992,1845.65,1954.4,0.03753665689149566,0
2019-11-18,1660.0,1778.0,1660.0,1732.0,195545916286,112882486,7731,1712.0,1729.0,36.789609105416645,-59.95638522106265,-46.80368671568471,1964.8944801467403,1709.0055198532598,1836.95,1952.72,0.06766917293233088,1
2019-11-19,1740.0,1810.0,1740.0,1788.0,133006322171,74372974,6335,1732.0,1802.0,44.45763078538093,-55.87435846749577,-48.61782106604693,1961.8294675192703,1705.6705324807297,1833.75,1954.02,0.015538290788013276,0
2019-11-20,1815.0,1835.0,1762.0,1784.0,148076116989,83001340,7381,1788.0,1790.0,43.52296488563998,-52.99670949000051,-49.49359875083765,1961.9092931633204,1704.9907068366797,1833.45,1954.7,0.016759776536312776,0
2019-11-23,1808.0,1808.0,1761.0,1774.0,147785958180,83314051,7573,1784.0,1770.0,41.9403488742205,-51.73363169293134,-49.941605339256384,1961.286933114871,1698.613066885129,1829.95,1954.18,0.08079096045197742,1
2019-11-24,1765.0,1796.0,1741.0,1759.0,192882882163,109668479,8896,1774.0,1769.0,41.858390319106626,-50.23425584972415,-50.00013544134994,1955.2071195170913,1692.8928804829086,1824.05,1953.76,0.10231769361221033,1
2019-11-25,1785.0,1846.0,1770.0,1819.0,345164961190,189710967,13633,1759.0,1846.0,49.966161534587734,-42.34461089165893,-48.46903053141174,1956.2786674712688,1693.321332528731,1824.8,1955.5,0.02383531960996743,0
2019-11-26,1861.0,1872.0,1817.0,1839.0,203943044919,110876006,9511,1819.0,1830.0,48.454135650967096,-36.95705873486531,-46.16663617210246,1956.0342421137677,1693.165757886232,1824.6,1956.5,0.02732240437158473,0
2019-11-27,1847.0,1848.0,1801.0,1822.0,200213431814,109907214,9127,1839.0,1820.0,47.48692300004015,-33.11259982301999,-43.55582890228597,1947.574032397418,1693.7259676025822,1820.65,1955.7,0.039010989010989094,0
2019-11-30,1849.0,1913.0,1830.0,1900.0,616089916751,324223600,19173,1822.0,1913.0,56.236226992661166,-22.304404381283348,-39.30554399808544,1931.6209866706738,1703.479013329326,1817.55,1955.78,0.001568217459487764,0
2019-12-01,1940.0,1978.0,1922.0,1947.0,297151483290,152593085,13765,1900.0,1950.0,59.15216659909791,-10.630696791532046,-33.570574556774766,1935.8494042538982,1700.8505957461016,1818.35,1955.6,-0.0005128205128205332,0
2019-12-02,1950.0,1960.0,1850.0,1902.0,340154571611,178873217,14933,1947.0,1890.0,52.986713975822276,-6.149806836125435,-28.0864210126449,1929.3286391817787,1704.1713608182213,1816.75,1953.64,0.0365079365079366,0
2019-12-03,1899.0,1925.0,1857.0,1890.0,223946213423,118484756,9876,1902.0,1880.0,52.0136419109985,-3.3667755965773267,-23.14249192943139,1934.0233945091763,1703.1766054908235,1818.6,1953.0,0.06914893617021267,1
2019-12-04,1899.0,1916.0,1875.0,1891.0,267044177653,141222379,11270,1890.0,1891.0,53.03534918187724,-0.2704773251757615,-18.568089008580266,1940.9230521699508,1701.8769478300494,1821.4,1951.86,0.11422527763088319,1
2019-12-07,1916.0,1960.0,1901.0,1922.0,319828550101,166407309,12908,1891.0,1916.0,55.361563247923435,4.1527817458675145,-14.023914857690711,1952.3529952196484,1699.4470047803518,1825.9,1950.82,0.10125260960334037,1
2019-12-08,1930.0,1969.0,1901.0,1941.0,355140314806,183012828,13543,1922.0,1949.0,58.29783215486179,10.20345159644694,-9.178441566863182,1969.939641808175,1697.460358191825,1833.7,1948.2,0.044125192406362146,0
2019-12-09,1962.0,1980.0,1938.0,1959.0,361829112678,184741485,13584,1941.0,1959.0,59.174211580247814,15.62544704523225,-4.217663844444096,1987.316141379874,1694.883858620126,1841.1,1945.76,0.04492087799897915,0
2019-12-10,1990.0,2056.0,1958.0,2041.0,752418478269,368623139,20207,1959.0,2010.0,63.39879407665309,23.7637574732521,1.3786204190951432,2013.8536592454748,1688.6463407545252,1851.25,1942.08,0.03333333333333344,0
2019-12-11,2020.0,2135.0,1970.0,2081.0,549366750386,263947302,18945,2041.0,2107.0,69.79976407977247,37.60700629892858,8.624297595061831,2061.626420990723,1667.9735790092766,1864.8,1938.72,-0.020408163265306145,0
2019-12-14,2130.0,2140.0,2095.0,2117.0,384337390354,181569128,15119,2081.0,2110.0,69.9746571398104,48.26360288543924,16.55215865313731,2100.459186863978,1663.1408131360217,1881.8,1934.6,-0.024170616113744048,0
2019-12-15,2120.0,2135.0,2020.0,2066.0,521161413483,252206030,19691,2117.0,2035.0,60.5361796814277,50.079869693840465,23.257700861277943,2110.8211518885,1685.7788481115,1898.3,1927.7,0.021621621621621623,0
2019-12-16,2031.0,2081.0,2001.0,2042.0,344844169687,168856491,12680,2066.0,2047.0,61.43254856301059,51.889424946076815,28.98404567823772,2121.1875358566635,1707.2124641433365,1914.2,1923.94,0.03028822667318032,0
2019-12-17,2077.0,2118.0,2050.0,2080.0,360735128737,173436844,13707,2042.0,2077.0,63.655119269733845,55.10899758020969,34.209036058632115,2139.776792450843,1716.123207549157,1927.95,1920.54,0.03466538276360143,0
2019-12-18,2081.0,2098.0,2041.0,2055.0,335467190808,163262907,12243,2080.0,2064.0,61.98806586995437,55.966394970710326,38.56050784104776,2151.449213535255,1731.8507864647454,1941.65,1917.38,0.050387596899224896,1
2019-12-21,2089.0,2089.0,2049.0,2059.0,353871887286,171846808,12488,2055.0,2059.0,61.322869334958284,55.60149098924262,41.96870447068673,2156.20487250442,1755.9951274955797,1956.1,1914.22,0.07430791646430301,1
2019-12-22,2052.0,2105.0,2020.0,2050.0,486009787864,237055999,17698,2059.0,2079.0,63.0317640044599,56.277403926961824,44.83044436194175,2158.9514344754507,1784.2485655245491,1971.6,1911.78,0.05579605579605573,1
2019-12-23,2110.0,2152.0,2057.0,2125.0,952468230421,448141630,26697,2050.0,2109.0,65.49453946759627,58.55878980207535,47.576113449968474,2171.9118283732237,1797.588171626776,1984.75,1911.6,0.026078710289236584,0
2019-12-24,2139.0,2199.0,2100.0,2158.0,402277905787,186395427,14633,2125.0,2149.0,68.50707709509136,62.86974694295259,50.6348401485653,2186.7592378787112,1814.6407621212886,2000.7,1912.88,0.007445323406235493,0
2019-12-25,2155.0,2192.0,2124.0,2155.0,373328795945,173230505,13683,2158.0,2168.0,69.85343575579901,67.04648262947512,53.91716864474727,2198.306437176938,1837.8935628230622,2018.1,1913.74,-0.048431734317343156,0
2019-12-28,2189.0,2250.0,2173.0,2215.0,486763500592,219709411,17124,2155.0,2212.0,72.75793689936464,73.06476292370826,57.746687500539466,2225.119232309614,1840.980767690386,2033.05,1916.76,-0.11437613019891502,0
2019-12-29,2212.0,2235.0,2170.0,2198.0,348217680611,158389127,13453,2215.0,2195.0,69.95363390025675,75.59116756535855,61.315583513503285,2245.69071834794,1844.9092816520597,2045.3,1920.76,-0.1066059225512529,0
2019-12-30,2211.0,2211.0,2158.0,2171.0,509712288596,234735825,19823,2198.0,2164.0,65.03136973002833,74.2361721414054,63.89970123908371,2252.3907960581437,1865.6092039418563,2059.0,1925.98,-0.07717190388170059,0
2019-12-31,2194.0,2237.0,2075.0,2153.0,493251471016,229136853,16841,2171.0,2165.0,65.11663966694883,72.40834185606991,65.60142936248096,2253.3242902249,1893.1757097751004,2073.25,1931.96,-0.031870669745958424,0
2020-01-05,2100.0,2149.0,1995.0,2062.0,815133127250,395276574,19296,2153.0,2063.0,51.359629511827336,62.01436266549581,64.88401602308393,2241.565090082311,1922.134909917689,2081.85,1937.3,0.0664081434803685,1
2020-01-07,2020.0,2099.0,1959.0,1996.0,466995221617,234015093,13633,2062.0,1959.0,41.68869886769616,44.86791899578088,60.88079661762332,2235.6825632694827,1932.3174367305176,2084.0,1939.68,0.12863705972434913,1
2020-01-08,1957.0,1998.0,1957.0,1958.0,1484612705663,758061820,20383,1996.0,1961.0,41.915210311042,31.08232445118074,54.921102184334806,2234.2227255466246,1934.9772744533755,2084.6,1941.16,0.13462519122896488,1
2020-01-11,1997.0,1997.0,1997.0,1997.0,22060549465,11046845,512,1958.0,1997.0,45.982708846427386,22.79922531280522,48.496726810028896,2230.5562390179625,1942.4437609820372,2086.5,1944.48,0.13620430645968962,1
2020-01-12,2096.0,2096.0,2096.0,2096.0,572066823920,272932645,7401,1997.0,2096.0,55.26101127481094,23.947233391710142,43.58682812636515,2230.5348918488153,1951.065108151185,2090.8,1949.72,0.061545801526717625,1
2020-01-13,2105.0,2200.0,2103.0,2187.0,1339753571725,612651598,23938,2096.0,2200.0,62.540214397331596,32.87006327242807,41.44347515557774,2243.002668562787,1947.8973314372126,2095.45,1955.74,-0.004545454545454519,0
2020-01-14,2250.0,2278.0,2186.0,2225.0,608708321818,273579650,18357,2187.0,2211.0,63.22181813062347,40.36378966589746,41.22753805764168,2256.3775160181845,1944.6224839818155,2100.5,1960.46,-0.04341926729986434,0
2020-01-15,2240.0,2290.0,2200.0,2245.0,423710129160,188702203,12646,2225.0,2225.0,64.11672688709228,46.89176573296436,42.36038359270622,2271.798640290945,1948.201359709055,2110.0,1966.28,-0.02561797752808992,0
2020-01-18,2267.0,2350.0,2257.0,2296.0,712491605940,310377941,21086,2245.0,2269.0,66.84708461158249,54.98186930992006,44.88468073614899,2294.1559447115233,1948.0440552884768,2121.1,1973.22,-0.04759806081974438,0
2020-01-19,2279.0,2305.0,2203.0,2242.0,621920005748,277450357,19344,2296.0,2225.0,61.784290702495205,57.183724029074256,47.34448939473405,2305.980703176422,1951.0192968235779,2128.5,1980.86,-0.04044943820224722,0
2020-01-20,2215.0,2222.0,2182.0,2193.0,352326839962,160637695,12355,2242.0,2190.0,58.0199804781812,55.46513471753906,48.96861845929506,2311.6192297234575,1957.980770276543,2134.8,1987.96,-0.01324200913242013,0
2020-01-21,2180.0,2180.0,2101.0,2134.0,440082692960,206209853,16171,2193.0,2115.0,50.86794821427759,47.503674319982565,48.675629631432564,2311.274868648278,1963.925131351722,2137.6,1993.74,0.06335697399527196,1
2020-01-22,2110.0,2199.0,2075.0,2148.0,536407480406,249712181,17161,2134.0,2168.0,55.081749124540025,44.95263071141335,47.931029847428725,2314.0435754614,1970.0564245386004,2142.05,2001.24,0.08625461254612543,1
2020-01-25,2200.0,2205.0,2158.0,2173.0,596882690444,274670853,19367,2148.0,2161.0,54.417917582633194,41.88326457123594,46.72147679219017,2316.137929604378,1973.1620703956223,2144.65,2008.24,0.1411383618695048,1
2020-01-26,2151.0,2198.0,2111.0,2149.0,715548657615,332914771,22201,2173.0,2135.0,51.91523936740058,36.927114295356205,44.762604292823376,2315.475479156876,1972.4245208431234,2143.95,2014.8,0.1948477751756441,1
2020-01-27,2132.0,2178.0,2095.0,2142.0,508753237402,237545461,15891,2149.0,2161.0,54.184379668960105,34.69734283367961,42.749552000994626,2314.9562371202055,1972.2437628797943,2143.6,2021.3,0.23877834335955583,1
2020-01-28,2181.0,2249.0,2181.0,2243.0,571418552447,254800781,11479,2142.0,2249.0,60.90843073646422,39.574902596370066,42.11462212006971,2320.479683196868,1970.4203168031318,2145.45,2030.88,0.24321920853712764,1
2020-02-01,2355.0,2355.0,2300.0,2349.0,1510531694823,642930025,29377,2243.0,2355.0,67.16047658538602,51.40119696774991,43.97193708960575,2350.0983918062775,1956.8016081937221,2153.45,2043.88,0.23142250530785557,1
2020-02-02,2388.0,2466.0,2232.0,2430.0,1096837138233,451460520,25287,2349.0,2466.0,72.17838942822932,68.93574444426986,48.96469856053857,2407.8694308868257,1929.2305691131744,2168.55,2058.62,0.13544201135442013,1
2020-02-03,2551.0,2551.0,2499.0,2550.0,418340432701,164077118,6949,2430.0,2551.0,75.29187392097847,88.66867201767673,56.905493251966206,2479.457458752331,1896.2425412476684,2187.85,2073.6,0.061152489219913786,1
2020-02-04,2677.0,2677.0,2551.0,2663.0,1961457641937,736474711,30664,2550.0,2677.0,79.0369102582841,113.16975576302275,68.15834575417752,2573.5161814877447,1863.5838185122557,2218.55,2091.34,0.06873365707881951,1
2020-02-05,2730.0,2796.0,2690.0,2776.0,606971598793,218669647,10637,2663.0,2796.0,81.83696066876827,140.5689552129311,82.64046764592824,2675.3840478861657,1845.4159521138345,2260.4,2111.86,-0.0021459227467811592,0
2020-02-08,2914.0,2914.0,2800.0,2898.0,2494459297625,860689697,46081,2776.0,2900.0,83.86530788553202,168.7299353493213,99.85836118660686,2784.0932327783835,1830.6067672216163,2307.35,2134.48,0.0237931034482759,0
2020-02-09,2879.0,2965.0,2759.0,2849.0,1951143904082,684969874,44672,2898.0,2800.0,75.17242763817427,180.89332508182906,116.0653539656513,2847.6133871433367,1847.3866128566633,2347.5,2153.56,0.03571428571428581,0
2020-02-10,2849.0,2850.0,2707.0,2725.0,1240081187886,455104453,25333,2849.0,2707.0,68.10254322328929,180.94278056932808,129.04083928638664,2887.5377721790574,1868.562227820943,2378.05,2171.1,0.04691540450683407,0
2020-02-12,2751.0,2861.0,2710.0,2844.0,1211850335659,426170755,21739,2725.0,2861.0,72.68390698662313,191.2044020416497,141.47355183743926,2954.714164642512,1867.4858353574878,2411.1,2191.92,-0.01572876616567631,0
2020-02-15,2940.0,2959.0,2725.0,2828.0,837012616686,295973880,22226,2844.0,2790.0,67.8457112986888,191.40134875595732,151.45911122114288,2999.3969316980065,1880.7030683019939,2440.05,2209.46,-0.0021505376344086446,0
2020-02-16,2811.0,2969.0,2748.0,2891.0,1524354674209,527283188,30319,2828.0,2969.0,72.76739518055857,203.6536420648199,161.8980173898783,3072.264243526969,1882.2357564730307,2477.25,2229.84,0.036375884136072845,0
2020-02-17,3000.0,3027.0,2859.0,2949.0,931135608840,315788040,23136,2891.0,2900.0,68.41991056208114,205.42790443427248,170.60399479875716,3122.909306231366,1894.6906937686344,2508.8,2250.04,0.03482758620689652,0
2020-02-18,2903.0,2940.0,2802.0,2852.0,630846426105,221208475,19332,2949.0,2834.0,64.45324538648715,199.21198002932215,176.32559184487016,3154.4442376192796,1924.0557623807204,2539.25,2269.12,0.07621736062103035,1
2020-02-19,2850.0,2920.0,2801.0,2841.0,573237561854,201739366,19020,2852.0,2816.0,63.37412897470421,190.6358343555935,179.18764034701485,3175.0896513049947,1966.0103486950054,2570.55,2287.62,0.040482954545454586,0
2020-02-22,2699.0,2870.0,2699.0,2771.0,871305758455,314461458,23596,2841.0,2784.0,61.405811539438986,179.19143721115597,179.1883997198431,3177.2360770223404,2030.7639229776598,2604.0,2304.98,0.015445402298850608,0
2020-02-23,3050.0,3190.0,2999.0,3055.0,1369253048088,448153834,34078,2771.0,3077.0,70.45435914975752,191.55618090470261,181.661955956815,3221.344561960471,2077.555438039529,2649.45,2327.54,-0.08189795255118626,0
2020-02-24,3149.0,3149.0,2948.0,3023.0,1240396220938,410316246,35948,3055.0,3001.0,66.12378646120114,192.99800367423722,183.92916550029946,3236.4345777634044,2146.4654222365953,2691.45,2348.38,-0.017327557480839695,0
2020-02-25,3010.0,3098.0,2961.0,3039.0,1144643030351,376621991,31914,3023.0,3050.0,67.51038028936324,195.83706135778448,186.3107446717965,3239.6144106213046,2234.785589378695,2737.2,2369.18,-0.032786885245901676,0
2020-02-26,3095.0,3095.0,2890.0,2975.0,1369133834225,460223419,43309,3039.0,2930.0,60.9326738569107,186.2569833450907,186.29999240645535,3208.7085526230267,2342.5914473769735,2775.65,2385.64,0.004095563139931757,0
2020-02-29,2829.0,2861.0,2827.0,2831.0,805679768889,284565241,22786,2975.0,2827.0,55.898324128988456,168.41211329702446,182.72241658456917,3164.069387516096,2445.0306124839044,2804.55,2399.98,-0.00035373187124154715,0
2020-03-01,2820.0,2897.0,2805.0,2839.0,892259369977,314273135,27706,2831.0,2825.0,55.80191465783984,152.35231923318906,176.64839711429315,3122.5152611089247,2533.5847388910756,2828.05,2415.78,-0.04176991150442477,0
2020-03-02,2867.0,2977.0,2821.0,2908.0,886802025123,304994827,25473,2839.0,2949.0,60.366107757692546,147.92538862211313,170.90379541585716,3099.3571160212578,2605.042883978742,2852.2,2433.82,-0.12343167175313663,0
2020-03-03,2990.0,3030.0,2935.0,2964.0,721231156833,243324201,22685,2908.0,2950.0,60.401621868925595,142.85100835848243,165.2932380043822,3080.148341339406,2664.151658660594,2872.15,2451.28,-0.08169491525423733,0
2020-03-04,2985.0,3044.0,2924.0,2974.0,959818016792,322708272,27700,2964.0,2942.0,59.9389024954151,136.60924594841845,159.55643959318945,3074.9261459533836,2695.8738540466165,2885.4,2468.84,-0.12270564242012238,0
2020-03-07,2871.0,2900.0,2826.0,2849.0,678444731890,238141507,24172,2974.0,2826.0,53.534804225247726,120.90861447673433,151.82687456989845,3074.0319320691774,2699.768067930823,2886.9,2484.18,-0.05520169851380041,0
2020-03-09,2741.0,2785.0,2707.0,2721.0,228389799375,83921328,9669,2849.0,2707.0,47.882800966802996,97.73679649206179,141.00885895433112,3079.942747773431,2674.557252226569,2877.25,2496.74,0.004802364240857004,0
2020-03-10,2587.0,2670.0,2585.0,2604.0,856080488313,328737015,25540,2721.0,2585.0,42.88407030811138,68.73623486313545,126.554334136092,3104.219582701856,2628.780417298144,2866.5,2506.26,0.030947775628626717,0
2020-03-11,2700.0,2734.0,2660.0,2716.0,560483159706,206359592,19978,2604.0,2709.0,48.74132493191645,55.12341609559371,112.26815052799235,3104.052647910998,2629.1473520890017,2866.6,2517.46,-0.004060538944259839,0
2020-03-14,2716.0,2716.0,2581.0,2602.0,241446248531,92784488,9996,2716.0,2581.0,43.753382271123854,33.61908895754095,96.53833821390208,3120.7547314517224,2584.4452685482775,2852.6,2525.72,0.006974041069353065,0
2020-03-15,2541.0,2670.0,2537.0,2591.0,415072152854,160211629,13539,2602.0,2670.0,47.75669472808097,23.487560983766798,81.92818276787503,3125.253476561743,2567.946523438257,2846.6,2534.88,0.00561797752808979,0
2020-03-16,2720.0,2720.0,2667.0,2715.0,495193567198,182370576,12566,2591.0,2720.0,49.91348812102409,19.27069364267618,69.39668494283526,3112.0652928500817,2556.2347071499184,2834.15,2545.38,0.02904411764705883,0
2020-03-17,2748.0,2748.0,2590.0,2649.0,355924996643,134341200,15036,2715.0,2665.0,47.58627080778595,11.359806766975908,57.7893093076634,3107.951676584025,2536.8483234159753,2822.4,2555.4,0.054409005628517804,1
2020-03-18,2668.0,2727.0,2620.0,2687.0,433901116767,161483193,15929,2649.0,2698.0,49.11915473157934,7.6648406191538925,47.7644155699615,3106.1562940291396,2525.04370597086,2815.6,2566.06,0.07301704966641953,1
2020-03-24,2700.0,2749.0,2553.0,2593.0,545891694600,210506642,19947,2687.0,2599.0,44.87871798415403,-3.2148603869077306,37.568560378587655,3110.258019534592,2499.241980465408,2804.75,2576.78,0.1542901115813775,1
2020-03-25,2611.0,2703.0,2600.0,2666.0,569426083670,213584985,19864,2593.0,2685.0,48.997765909909866,-4.841807210608749,29.086486860748376,3109.669391841061,2489.9306081589393,2799.8,2591.3,0.16908752327746734,1
2020-03-28,2727.0,2799.0,2673.0,2755.0,757155502726,274807499,22043,2666.0,2799.0,53.91405196492524,3.0327137361846326,23.875732235835628,3068.5275995014463,2503.272400498554,2785.9,2608.06,0.1639871382636655,1
2020-03-29,2850.0,2892.0,2760.0,2849.0,905895747263,317918782,29495,2755.0,2810.0,54.37109855621897,10.045142241664507,21.109614237001406,3041.6349599957575,2511.0650400042423,2776.35,2624.32,0.20533807829181505,1
2020-03-30,2831.0,2935.0,2761.0,2858.0,781877324354,273617729,21910,2849.0,2895.0,57.849691635575766,22.205362384229375,21.328763866447,3009.379068857638,2527.820931142362,2768.6,2640.3,0.17478411053540577,1
2020-04-04,2980.0,3000.0,2916.0,2990.0,587279353139,196415954,12188,2858.0,3000.0,61.730899696044666,39.85561620094859,25.03413433334732,3023.942728701765,2520.2572712982346,2772.1,2656.3,0.1100000000000001,1
2020-04-05,3120.0,3139.0,3020.0,3103.0,1061602863876,342147163,24597,2990.0,3139.0,66.17165735852365,64.31828667044738,32.890964800767335,3085.6456997507257,2489.754300249274,2787.7,2674.86,0.1248805352022937,1
2020-04-06,3200.0,3258.0,3100.0,3226.0,1045561528551,324090369,22233,3103.0,3258.0,69.44102968851332,92.24410214745694,44.761592270105254,3171.088731683446,2447.611268316554,2809.35,2695.52,0.06200122774708405,1
2020-04-07,3363.0,3387.0,3281.0,3370.0,588275087004,174547526,10009,3226.0,3387.0,72.53932174698033,123.36268575881786,60.48181096784778,3269.1677434175813,2393.3322565824187,2831.25,2717.88,-0.01092412164157075,0
2020-04-08,3535.0,3538.0,3370.0,3471.0,1265328151795,364571900,26736,3370.0,3401.0,72.86091128129559,147.45430897844426,77.87631056996707,3355.637264459252,2351.9627355407483,2853.8,2741.4,0.0438106439282564,0
2020-04-11,3351.0,3469.0,3298.0,3363.0,1249214931270,371448824,30303,3471.0,3330.0,68.48090119647888,158.98530370631806,94.09810919723728,3415.539967179207,2330.8600328207926,2873.2,2764.2,0.10690690690690685,1
2020-04-12,3370.0,3531.0,3300.0,3492.0,1679356576314,480966499,29864,3363.0,3531.0,73.36282567466792,182.24194853634617,111.72687706505906,3521.0322312146677,2295.867768785332,2908.45,2792.52,0.04106485414896621,0
2020-04-13,3559.0,3630.0,3429.0,3513.0,782828294293,222856495,17225,3492.0,3460.0,69.28078755769047,192.722317579402,127.92596516792764,3595.9553377482853,2296.2446622517145,2946.1,2818.36,0.12716763005780352,1
2020-04-14,3390.0,3465.0,3338.0,3381.0,893325604600,264229699,25495,3513.0,3350.0,63.39536646039967,189.96223842419568,140.33321981918124,3634.7407364038445,2333.9592635961553,2984.35,2842.14,0.14029850746268657,1
2020-04-15,3400.0,3550.0,3400.0,3511.0,1083213573646,308555144,22999,3381.0,3550.0,68.61570942168183,201.5893873661371,152.5844533285724,3708.135843270641,2344.664156729359,3026.4,2870.44,0.08394366197183101,1
2020-04-18,3667.0,3686.0,3667.0,3681.0,334741978117,90940404,5945,3511.0,3686.0,71.58346227282917,219.25066488627817,165.91769564011358,3788.6802044466904,2374.61979555331,3081.65,2900.94,0.09305480195333704,1
2020-04-19,3865.0,3865.0,3616.0,3810.0,1735433374487,455486117,33302,3681.0,3676.0,71.05143482044164,229.79154425520574,178.69246536313202,3857.574276054712,2406.325723945288,3131.95,2929.48,0.14526659412404785,1
2020-04-20,3749.0,3954.0,3705.0,3885.0,1068623562617,275047091,20830,3810.0,3900.0,75.4525301805263,253.3003067892064,193.6140336483469,3963.3787604691584,2418.5212395308413,3190.95,2960.38,0.1266666666666667,1
2020-04-21,3900.0,3977.0,3800.0,3865.0,1158298342307,299687979,24941,3885.0,3820.0,71.28427657749155,262.4504733695294,207.3813215925834,4027.880364228922,2469.5196357710774,3248.7,2987.46,0.206282722513089,1
2020-04-22,3822.0,3939.0,3752.0,3838.0,1250769403579,325913621,27394,3865.0,3848.0,71.87001346948699,268.8621369481921,219.67748466370514,4084.06569534844,2528.3343046515597,3306.2,3013.4,0.2562370062370063,1
2020-04-25,3956.0,4029.0,3912.0,4010.0,761488110840,189910618,12114,3838.0,4029.0,75.36778550529675,285.2603105559974,232.79404984216362,4145.2204492389155,2610.179550761084,3377.7,3040.44,0.25961777115909657,1
2020-04-26,4210.0,4210.0,4021.0,4185.0,2132980623483,509662925,21336,4010.0,4210.0,78.27670888805726,309.295799159765,248.0943997056839,4233.9560192074805,2673.9439807925187,3453.95,3068.72,0.17577197149643697,1
2020-04-27,4392.0,4394.0,4294.0,4389.0,1752770426373,399385609,20961,4185.0,4394.0,80.76370032847666,339.2803466509249,266.3315890947321,4354.62389415822,2712.77610584178,3533.7,3098.6,0.19048702776513426,1
2020-04-28,4608.0,4608.0,4550.0,4604.0,765190407338,166200246,9411,4389.0,4608.0,83.1761326453402,375.9772958630765,288.260730448401,4499.76423118037,2747.4357688196296,3623.6,3134.76,0.18532986111111116,1
2020-04-29,4834.0,4834.0,4834.0,4834.0,177513877296,36721944,1882,4604.0,4834.0,85.27619846970205,418.4723153784307,314.30304743440695,4678.103439761919,2762.9965602380817,3720.55,3177.3,0.1776996276375673,1
2020-05-02,5075.0,5075.0,5075.0,5045.0,109315667475,21540033,1211,4834.0,5075.0,87.12223709486567,466.2222900371444,344.6868959549545,4890.564901419847,2758.0350985801533,3824.3,3221.58,0.17773399014778324,1
2020-05-05,4796.0,5035.0,4700.0,4982.0,2214080777753,444418928,19759,5045.0,4950.0,81.42019252439916,488.3486543419813,373.4192476323598,5038.965879257948,2790.7341207420523,3914.85,3264.78,0.19191919191919182,1
2020-05-06,4982.0,5231.0,4970.0,5202.0,2170164881001,417167716,15100,4982.0,5231.0,83.96144501238044,522.5348525370305,403.242368613294,5232.052009558829,2794.9479904411705,4013.5,3310.02,0.1661250238960046,1
2020-05-09,5462.0,5462.0,5462.0,5422.0,106464703180,19491890,1504,5202.0,5462.0,85.69374432472497,561.7914482449805,434.95218453963133,5452.518793164827,2781.9812068351725,4117.25,3361.26,0.06737458806298058,1
2020-05-10,5693.0,5693.0,5693.0,5693.0,251797968507,44229399,1816,5422.0,5693.0,87.1844122521962,604.5732090048277,468.87638943267063,5689.383845233053,2774.316154766948,4231.85,3418.44,0.010012295801862026,0
2020-05-11,5977.0,5977.0,5977.0,5977.0,284641224566,47622758,2071,5693.0,5977.0,88.73808080560029,653.8572300103506,505.8725575482066,5945.586050273569,2782.813949726431,4364.2,3481.66,-0.00016730801405384632,0
2020-05-12,6275.0,6275.0,5679.0,5905.0,6206415930510,1051056001,69912,5977.0,5900.0,85.70433151793044,678.8762523934765,540.4732965172606,6149.248964958226,2816.051035041774,4482.65,3543.98,0.060169491525423835,1
2020-05-13,6090.0,6200.0,5900.0,6136.0,4441627127016,723885986,45102,5905.0,6100.0,86.95210057085835,706.6959850025523,573.7178342143189,6352.999133517148,2876.3008664828512,4614.65,3604.44,-0.02868852459016391,0
2020-05-16,6170.0,6180.0,5830.0,5948.0,914801451430,153801337,16671,6136.0,5830.0,77.16070931421258,698.9000947674695,598.7542863249491,6452.097084096795,3025.202915903204,4738.65,3661.02,-0.02264150943396226,0
2020-05-17,5651.0,5900.0,5651.0,5692.0,3046745630307,535270183,36360,5948.0,5750.0,74.48437471019939,678.4457637312371,614.6925818062068,6524.803009125301,3172.496990874698,4848.65,3715.02,-0.05600000000000005,0
2020-05-18,5976.0,5976.0,5750.0,5959.0,2907175971932,487877576,22636,5692.0,5976.0,76.91986132720005,672.7172050705849,626.2975064590825,6618.710482132801,3307.5895178671976,4963.15,3775.94,-0.07965194109772422,0
2020-05-19,6200.0,6256.0,6051.0,6236.0,4171948731976,669001243,35865,5959.0,6255.0,79.51890273824088,682.8191354068767,637.6018322486414,6728.190572064942,3456.0094279350587,5092.1,3844.5,-0.09960031974420469,0
2020-05-20,6250.0,6329.0,5925.0,5997.0,2401088634847,400394780,32885,6236.0,5925.0,69.54359419165093,656.6275522184233,641.4069762425977,6771.421642860292,3615.2783571397085,5193.35,3906.5,-0.06970464135021093,0
2020-05-23,5698.0,5896.0,5698.0,5713.0,1831005884560,320475784,26361,5997.0,5698.0,63.63046139933387,610.5158838831003,635.2287577706983,6746.276233485805,3828.223766514195,5287.25,3961.48,-0.005265005265005285,0
2020-05-26,5430.0,5662.0,5428.0,5462.0,849884038568,155613030,13295,5713.0,5428.0,57.38088823468197,545.892600898067,617.361526396172,6667.582989668582,4064.917010331418,5366.25,4011.04,0.09985261606484896,1
2020-05-27,5189.0,5630.0,5189.0,5364.0,2455498309853,457796535,34867,5462.0,5500.0,58.55001886077211,494.784415073349,592.8461041316075,6587.737036600773,4291.862963399228,5439.8,4062.2,0.13436363636363646,1
2020-05-30,5632.0,5632.0,5533.0,5627.0,443610642932,78834060,7867,5364.0,5632.0,60.679639523108385,459.6337348394718,566.2036302731804,6512.121833561254,4509.678166438745,5510.9,4118.32,0.15784801136363646,1
2020-05-31,5869.0,5869.0,5346.0,5579.0,1654519269446,296576663,27734,5627.0,5512.0,57.77361384754131,417.28338725065623,536.4195816686755,6427.295810564907,4706.304189435094,5566.8,4174.42,0.22206095791001457,1
2020-06-01,5550.0,5850.0,5401.0,5686.0,1237403716644,217632284,19113,5579.0,5668.0,60.42690270654606,391.7919937010065,507.49406407514175,6359.668799179795,4879.931200820205,5619.8,4236.08,0.2122441778405082,1
2020-06-02,5794.0,5970.0,5730.0,5942.0,1209275495975,203524183,15429,5686.0,5970.0,65.01049000248538,391.44640623389023,484.2845325068915,6336.54890711308,5016.651092886921,5676.6,4301.3,0.2078726968174205,1
2020-06-06,6198.0,6239.0,6100.0,6211.0,843582005154,135813606,12560,5942.0,6239.0,68.5092814413468,408.17340857465297,469.0623077204438,6377.340146605443,5092.2598533945575,5734.8,4374.46,0.16204519955121022,1
2020-06-07,6521.0,6521.0,6450.0,6521.0,691436854557,106036062,6898,6211.0,6521.0,71.70369694166867,439.12278751884423,463.0744036801239,6436.741778899705,5189.958221100295,5813.35,4451.48,0.07636865511424618,1
2020-06-08,6847.0,6847.0,6548.0,6813.0,3782019784299,555104133,35098,6521.0,6736.0,73.87924459906947,475.51762529541793,465.56304800318276,6572.99561658425,5204.204383415751,5888.6,4531.8,0.016923990498812325,0
2020-06-09,6850.0,7109.0,6575.0,6868.0,1867122101241,271875069,31073,6813.0,6871.0,75.17014596862867,509.3823258292532,474.3269035683969,6736.976082606651,5181.123917393349,5959.05,4615.92,0.05443166933488586,1
2020-06-10,7007.0,7211.0,6889.0,7197.0,2338842059403,324978362,27750,6868.0,7211.0,78.10497380835936,557.2320789446021,490.907938643638,6973.803018315287,5096.096981684713,6034.95,4706.18,0.03466925530439613,0
2020-06-13,7310.0,7556.0,7179.0,7337.0,2405735641563,327905633,47763,7197.0,7250.0,78.42005978465735,591.4820897450081,511.02276886391206,7175.5574550555475,5021.642544944453,6098.6,4799.2,0.07448275862068976,1
2020-06-14,7190.0,7390.0,6971.0,7065.0,2213521702088,313328227,37522,7337.0,7019.0,71.82677230368711,593.1482567282892,527.4478664367875,7298.601830119474,5010.498169880527,6154.55,4885.88,0.14289784869639544,1
2020-06-15,7012.0,7212.0,6784.0,6945.0,2153943549518,310156343,43723,7065.0,6850.0,67.36441064001,574.2126524362357,536.8008236366773,7374.997416413644,5009.102583586357,6192.05,4966.9,0.174014598540146,1
2020-06-16,6850.0,7290.0,6700.0,7106.0,2558838292531,360101976,40148,6945.0,7245.0,71.77773067201076,584.3433026070061,546.309319430743,7517.737066151012,5007.862933848988,6262.8,5055.6,0.20055210489993103,1
2020-06-20,7430.0,7461.0,7250.0,7420.0,1825802504428,246074071,32529,7106.0,7461.0,73.85948483856222,602.8520079817463,557.6178571409437,7682.567264915915,5014.132735084086,6348.35,5146.92,0.19380780056292712,1
2020-06-21,7700.0,7791.0,7350.0,7640.0,2123263257191,277904218,43801,7420.0,7790.0,76.68095291037761,636.728036318289,573.4398929764128,7900.2727037654795,4977.827296234521,6439.05,5242.72,0.08344030808729141,1
2020-06-22,7830.0,8022.0,7700.0,7980.0,1377784430508,172662421,23792,7640.0,8022.0,78.44753835990227,674.5200467093891,593.6559237230081,8139.330569224274,4915.469430775725,6527.4,5340.38,0.032909498878085364,0
2020-06-23,8378.0,8379.0,8037.0,8304.0,2060124466748,248086012,32418,7980.0,8042.0,78.59806163280189,698.0377751159849,614.5322940016035,8347.813720017337,4918.686279982663,6633.25,5436.06,0.08778910718726696,1
2020-06-24,7930.0,8709.0,7930.0,8483.0,2389521622537,281688488,37531,8304.0,8698.0,82.83309864889482,760.8389836953284,643.7936319403485,8661.395029011252,4905.1049709887475,6783.25,5542.28,0.010577144171073805,0
2020-06-27,8830.0,8907.0,8700.0,8884.0,1950783269813,219571807,27751,8483.0,8907.0,83.92452643781044,818.0440447338997,678.6437144990588,8942.424581753829,4971.97541824617,6957.2,5652.4,-0.04951162007409904,0
2020-06-28,9319.0,9319.0,8440.0,8715.0,3731197838904,428124031,62002,8884.0,8440.0,72.78870260036842,816.2868242400855,706.1723364472641,9071.36380609233,5137.03619390767,7104.2,5754.6,0.013033175355450233,0
2020-06-29,8290.0,8680.0,8280.0,8332.0,2838432576353,340668102,47958,8715.0,8286.0,69.5131185415562,793.3227703006005,723.6024232179313,9146.128105806021,5327.671894193978,7236.9,5849.7,0.06649770697562163,1
2020-06-30,8550.0,8748.0,8550.0,8726.0,1497198283136,171569941,26313,8332.0,8748.0,73.38293893864804,803.1449756722213,739.5109337087894,9243.168389536573,5554.2316104634265,7398.7,5955.46,-0.006515775034293569,0
2020-07-01,9130.0,9130.0,8300.0,8911.0,2611806611267,293102634,54291,8726.0,8790.0,73.7096517348931,805.0382137762308,752.6163897222776,9313.399852155013,5796.200147844988,7554.8,6064.26,0.026166097838452806,0
2020-07-04,8814.0,8814.0,8466.0,8517.0,3355978623492,394020884,66710,8911.0,8466.0,66.88878229484264,771.501141478504,756.393340073523,9320.975082057608,6038.224917942392,7679.6,6162.58,0.07476966690290565,1
2020-07-05,8200.0,8800.0,8092.0,8417.0,4070733989416,483622983,76084,8517.0,8550.0,67.72271561264081,743.1344763850884,753.7415673358362,9336.953654814584,6253.346345185414,7795.15,6259.86,0.04339181286549709,0
2020-07-06,8760.0,8837.0,8550.0,8812.0,3284387392338,372736804,46494,8417.0,8837.0,70.46019634436136,735.335699159361,750.0603937005411,9399.546180970381,6422.353819029618,7910.95,6363.08,-0.03745615027724336,0
2020-07-07,8999.0,9252.0,8540.0,8861.0,4329317384314,488557734,88607,8812.0,8691.0,67.33174369387115,709.1989284080455,741.888100642042,9431.124845114708,6586.275154885292,8008.7,6458.9,-0.0548843631342768,0
2020-07-11,9000.0,9450.0,8970.0,9059.0,1209594325387,133527944,19930,8861.0,9020.0,70.5093349336093,706.8843766409691,734.8873558418275,9502.794767054487,6729.505232945513,8116.15,6562.9,-0.0485587583148559,0
2020-07-12,9380.0,9511.0,8900.0,9390.0,4815832488784,512884451,72832,9059.0,9099.0,71.2329104727509,703.317313271994,728.5733473278608,9594.919094569646,6826.180905430352,8210.55,6667.92,-0.03297065611605676,0
2020-07-13,9000.0,9160.0,8921.0,8953.0,2731387394475,305071696,48553,9390.0,8921.0,67.23031194873187,678.3081631877876,718.5203104998462,9637.592448806312,6950.607551193689,8294.1,6765.76,0.034861562605089214,0
2020-07-14,8750.0,9150.0,8506.0,8646.0,2545118177171,294356085,50880,8953.0,8506.0,58.91799526791484,617.8786790683926,698.3919842135556,9579.509284262986,7157.390715737016,8368.45,6851.68,0.09804843639783689,1
2020-07-15,8214.0,8450.0,8214.0,8236.0,2920377581981,354598230,50333,8646.0,8214.0,53.87101559765233,540.1988418914489,666.7533557491342,9432.487592180356,7440.812407819644,8436.65,6928.08,0.20525931336742143,1
2020-07-18,7950.0,8639.0,7950.0,8380.0,4508180174592,537961501,83776,8236.0,8582.0,58.67544117689942,502.53858379678877,633.9104013586652,9336.588350656497,7670.411649343503,8503.5,7007.56,0.19086460032626418,1
2020-07-19,8797.0,8799.0,8650.0,8793.0,2732380671623,310731413,26232,8380.0,8799.0,61.239087822273845,484.6162894628342,604.051578979499,9260.4989494265,7880.301050573501,8570.4,7086.86,0.21957040572792352,1
2020-07-20,9232.0,9232.0,9000.0,9231.0,4076450751698,441622392,36210,8793.0,9232.0,65.79849151301059,499.59322365175467,583.1599079139502,9291.484591496248,7993.515408503753,8642.5,7170.0,0.21934575389948008,1
2020-07-21,9200.0,9692.0,8800.0,9485.0,6443120284773,679308030,84957,9231.0,9340.0,66.8460303555832,514.2493034447634,569.3777870201129,9359.63494992172,8057.16505007828,8708.4,7257.8,0.23832976445396148,1
2020-07-22,9470.0,9959.0,9310.0,9734.0,3802499372217,390653189,59012,9485.0,9900.0,71.68821247169001,564.5439607931912,568.4110217747286,9565.989244072083,8036.610755927915,8801.3,7351.18,0.13636363636363646,1
2020-07-25,10220.0,10220.0,10220.0,10220.0,746300129120,73023496,12010,9734.0,10220.0,74.02296965490616,623.0421229802141,579.3372420158257,9858.212194051199,7896.5878059487995,8877.4,7446.34,0.1213307240704502,1
2020-07-26,10731.0,10731.0,10500.0,10721.0,5112687083602,476881089,49248,10220.0,10731.0,77.2494038789794,702.53735406144,603.9772644249487,10239.707454151505,7697.492545848496,8968.6,7547.1,0.027490448234088083,0
2020-07-27,10998.0,11257.0,10185.0,11016.0,4513180287442,409683647,62414,10721.0,11257.0,80.00270713556812,798.7739327824984,642.9365980964586,10699.365277616864,7519.534722383139,9109.45,7652.7,-0.049124988895798194,0
2020-07-28,11566.0,11566.0,11566.0,11566.0,1351096712802,116816247,15665,11016.0,11566.0,81.424873693116,889.719697503755,692.293217977918,11142.02169784825,7404.878302151752,9273.45,7766.02,-0.1207850596576171,0
2020-07-29,11600.0,12140.0,10988.0,11383.0,7828241545264,687711392,109280,11566.0,11250.0,75.51061206976463,925.6262687525577,738.9598281328459,11436.953932001572,7360.146067998427,9398.55,7869.02,-0.06382222222222222,0
2020-08-01,11525.0,11920.0,11255.0,11606.0,4664377351623,401882859,77825,11383.0,11460.0,76.72073528558622,959.9618870386294,783.1602399140027,11736.511428557882,7327.588571442117,9532.05,7981.62,-0.06465968586387438,0
2020-08-02,11600.0,11749.0,11026.0,11267.0,3878008005995,344180404,83691,11606.0,11026.0,69.11913428682428,941.3021932509237,814.7886305813869,11899.067416189397,7421.032583810602,9660.05,8087.14,-0.07990204970070747,0
2020-08-03,10704.0,10704.0,10704.0,10704.0,541903669008,50626277,14858,11267.0,10704.0,64.04861020524223,890.2690748331934,829.8847194317483,11989.984449827341,7545.515550172658,9767.75,8181.7,-0.09958893871449925,0
2020-08-04,10169.0,10169.0,10169.0,10169.0,821604151620,80794980,16121,10704.0,10169.0,56.61698359785088,797.462283197272,823.400232184853,12020.562457653516,7648.137542346485,9834.35,8259.98,-0.09951814337692988,0
2020-08-05,10000.0,10677.0,9661.0,10237.0,5129668406330,501079715,84159,10169.0,10532.0,60.007675611774395,744.6197850985063,807.6441427675838,12066.849803195444,7785.950196804555,9926.4,8352.12,-0.15239270793771365,0
2020-08-09,10720.0,10748.0,10400.0,10678.0,2369968519161,221958905,42468,10237.0,10719.0,61.66967465249021,709.650650860458,788.0454443861587,12135.965285175038,7886.734714824963,10011.35,8452.54,-0.2084149640824704,0
2020-08-10,10145.0,10146.0,10145.0,10145.0,529249610856,52168517,10495,10678.0,10145.0,54.22103605106495,628.3768203222662,756.1117195733802,12146.95144482247,7980.348555177528,10063.65,8546.88,-0.176934450468211,0
2020-08-11,9638.0,9638.0,9638.0,9638.0,502094424296,52095292,10380,10145.0,9638.0,48.63348634033316,517.0953084154535,708.308437341795,12126.840573263258,8072.159426736743,10099.5,8629.64,-0.16995227225565468,0
2020-08-12,9830.0,10070.0,9157.0,9396.0,1844173966745,196270575,27996,9638.0,9157.0,44.00077042629186,385.6457442899973,643.7758987314354,12075.162088892297,8188.937911107701,10132.05,8700.14,-0.12798951621710164,0
2020-08-15,8927.0,9070.0,8927.0,8931.0,591015110544,66177404,11094,9396.0,8927.0,41.943314884040596,259.9157924049232,567.0038774661331,11991.225936201454,8344.174063798548,10167.7,8768.44,-0.15021843844516636,0
2020-08-16,8485.0,8595.0,8485.0,8486.0,896064983676,105588807,13542,8931.0,8485.0,38.242513916105764,123.18815725388413,478.2407334236833,12003.65409332427,8322.04590667573,10162.85,8824.78,-0.14236888626988808,0
2020-08-17,8195.0,8450.0,8062.0,8136.0,2462156161815,302612530,43274,8486.0,8350.0,37.163937592104375,3.8922817679831496,383.37104309254335,12056.597108858947,8224.202891141053,10140.4,8872.38,-0.16958083832335324,0
2020-08-18,8542.0,8542.0,7930.0,8405.0,1704904321878,202835663,38792,8136.0,8000.0,34.45108432529965,-117.53773215137699,283.1892880437593,12178.28980469051,7979.310195309489,10078.8,8907.6,-0.08987500000000004,0
2020-08-19,7985.0,7985.0,7985.0,7985.0,123980635620,15526692,4393,8405.0,7985.0,34.3354052899729,-212.53232730584386,184.04496497383866,12281.981921040215,7740.118078959784,10011.05,8936.88,-0.05422667501565437,0
2020-08-22,8001.0,8220.0,7586.0,7660.0,1558520842581,203452896,27569,7985.0,7586.0,31.32256948429692,-316.36533117551517,83.9629057439679,12400.802635752554,7389.897364247447,9895.35,8953.88,-0.02715528605325601,0
2020-08-23,7303.0,7500.0,7277.0,7298.0,370522778434,50767550,7669,7660.0,7277.0,29.18663659208309,-418.7602449631431,-16.58172439745431,12494.243014957967,7002.156985042035,9748.2,8962.0,-0.017177408272639805,0
2020-08-24,6934.0,7020.0,6934.0,6935.0,543135562279,78314244,8440,7298.0,6934.0,26.986746068403775,-521.573807104869,-117.58014093893726,12522.695679909728,6594.004320090273,9558.35,8956.46,-0.014421690222094052,0
2020-08-25,7000.0,7281.0,6935.0,7193.0,1381082848659,192005485,19005,6935.0,7281.0,32.52744099289403,-568.5009705252542,-207.76430685620068,12374.420111629934,6344.679888370066,9359.55,8957.08,-0.052327976926246356,0
2020-08-26,7552.0,7552.0,7552.0,7552.0,172069820288,22784669,2720,7193.0,7552.0,36.575475919404724,-577.1703894953534,-281.64552338403126,12092.803460776007,6224.896539223993,9158.85,8967.74,-0.1472457627118644,0
2020-08-31,7929.0,7929.0,7175.0,7528.0,2788634982974,370411583,47542,7552.0,7380.0,35.13469771517818,-591.1060266999002,-343.53762404720504,11831.810135777147,6098.889864222854,8965.35,8978.34,-0.1329268292682927,0
2020-09-01,7300.0,7350.0,7152.0,7193.0,352686953222,49029573,7773,7528.0,7152.0,33.26412607554455,-613.4760441484786,-397.5253080674598,11478.31892483395,6021.581075166052,8749.95,8976.48,-0.12653803131991048,0
2020-09-02,6834.0,6834.0,6834.0,6973.0,66493077330,9729745,2994,7193.0,6834.0,30.801035419502526,-649.3787524725958,-447.895996948487,11179.736388916861,5900.96361108314,8540.35,8963.94,-0.07052970441908102,0
2020-09-05,7000.0,7190.0,6625.0,6725.0,2463665243776,366317167,38740,6973.0,6900.0,31.927652944111472,-664.842370077271,-491.28527157424384,10884.618328861026,5815.681671138973,8350.15,8946.14,-0.05391304347826087,0
2020-09-06,6895.0,7061.0,6389.0,6735.0,2582851791389,383478713,40539,6725.0,6440.0,28.45091666550198,-706.0763454646712,-534.2434863523293,10684.129891903289,5643.27010809671,8163.7,8914.5,-0.03416149068322982,0
2020-09-07,6399.0,6399.0,6399.0,6575.0,52562985750,8214250,2076,6735.0,6399.0,28.156612863020968,-733.6063678284208,-574.1160626475477,10340.91538839752,5573.184611602481,7957.05,8881.64,0.024847632442569045,0
2020-09-08,6247.0,6247.0,6247.0,6469.0,34702391103,5555049,1228,6575.0,6247.0,27.039881265289026,-758.9406432663627,-611.0809787713107,9864.648486767406,5602.251513232593,7733.45,8832.62,0.08692172242676488,1
2020-09-09,6146.0,6459.0,6146.0,6218.0,2369639424025,381070017,36657,6469.0,6352.0,29.13088963191747,-761.764469968266,-641.2176770107018,9445.563560487924,5642.036439512076,7543.8,8781.52,0.09099496221662462,1
2020-09-12,6438.0,6528.0,6239.0,6472.0,2160770741971,333860918,33290,6218.0,6528.0,32.61690460358939,-741.2559071852202,-661.2253230456055,9076.262926133073,5700.337073866927,7388.3,8743.28,0.026348039215686292,0
2020-09-13,6527.0,6590.0,6149.0,6246.0,1811274748590,289970662,24867,6472.0,6220.0,29.849736746653264,-741.310384694968,-677.242335375478,8793.958998363534,5688.941001636465,7241.45,8701.96,0.048392282958199306,0
2020-09-14,6201.0,6558.0,6160.0,6467.0,1941210891227,300180845,23645,6246.0,6558.0,36.24231385924431,-705.9421219496699,-682.9822926903164,8493.900288131765,5752.099711868234,7123.0,8658.16,-0.04620311070448302,0
2020-09-15,6692.0,6790.0,6569.0,6744.0,454938118625,67457905,7046,6467.0,6790.0,40.26600120543003,-651.679897611335,-676.7218136745201,8263.732088812303,5812.767911187696,7038.25,8618.16,-0.11340206185567014,0
2020-09-16,7081.0,7081.0,6792.0,7021.0,2577021283426,367045103,33170,6744.0,6930.0,42.6193269815518,-590.572116176897,-659.4918741749955,8034.886806221936,5899.613193778064,6967.25,8587.44,-0.16868686868686866,0
2020-09-19,6937.0,7230.0,6670.0,6864.0,1948250861021,283832252,33167,7021.0,6700.0,39.84224471522614,-554.3130610225453,-638.4561115445055,7863.4567155403065,5941.0432844596935,6902.25,8550.44,-0.16119402985074627,0
2020-09-20,6829.0,6829.0,6521.0,6584.0,403126516504,61227977,8127,6864.0,6521.0,37.779037151086854,-533.8672136962286,-617.5383319748502,7663.966876101922,5994.133123898078,6829.05,8504.12,-0.16408526299647297,0
2020-09-21,6255.0,6255.0,6255.0,6255.0,160303033665,25627983,2805,6584.0,6255.0,34.88778598284934,-532.9838038115513,-600.6274263421905,7556.655274489693,5968.344725510307,6762.5,8455.4,-0.17202238209432452,0
2020-09-22,6050.0,6240.0,5943.0,5995.0,1375358205052,229419387,19738,6255.0,6020.0,32.519929172086194,-544.9642228043349,-589.4947856346193,7519.528838609588,5879.771161390411,6699.65,8395.4,-0.1727574750830565,0
2020-09-23,6080.0,6228.0,5700.0,5915.0,1214666548746,205336858,24032,5995.0,5761.0,30.095548181415026,-568.801141128547,-585.3560567334049,7548.5631107530835,5733.4368892469165,6641.0,8328.64,-0.10675229994792568,0
2020-09-26,5900.0,6100.0,5620.0,5737.0,815866998252,142204156,15956,5915.0,5620.0,28.835234088967425,-592.2425883497554,-586.733363056675,7518.496610009022,5597.403389990977,6557.95,8262.62,-0.0628113879003559,0
2020-09-27,5451.0,5500.0,5451.0,5451.0,229941908420,42181217,3850,5737.0,5451.0,27.356502398148436,-617.3406727726424,-592.8548249998685,7415.1621056655185,5490.637894334481,6452.9,8201.52,-0.007521555677857283,0
2020-09-28,5179.0,5179.0,5179.0,5203.0,95802768206,18498314,1494,5451.0,5179.0,25.123387926477037,-651.6671984854729,-604.6172996969893,7357.820792683145,5327.879207316856,6342.85,8140.82,0.07723498744931456,1
2020-09-29,4943.0,5103.0,4943.0,4960.0,1808685404688,364685610,23829,5203.0,4980.0,23.60519532953927,-687.009437166631,-621.0957271909177,7340.377094867432,5128.122905132568,6234.25,8068.78,0.1664658634538152,1
2020-09-30,5021.0,5197.0,4770.0,5017.0,1090713081904,217394916,19419,4960.0,5146.0,27.538827243274582,-693.6278926898558,-635.6021602907053,7316.0152155676205,4983.68478443238,6149.85,7995.72,0.18480373105324532,1
2020-10-03,5220.0,5267.0,5148.0,5244.0,273474571627,52152230,4954,5017.0,5267.0,30.35389400546255,-681.2562792942072,-644.7329840914058,7241.492052304064,4894.907947695936,6068.2,7916.42,0.21511296753370046,1
2020-10-04,5506.0,5506.0,5196.0,5464.0,2363103321415,432465509,25477,5244.0,5410.0,33.635270188221966,-652.3924080663428,-646.2648688863933,7210.4351632585385,4822.964836741461,6016.7,7837.82,0.17005545286506463,1
2020-10-05,5400.0,5650.0,5250.0,5533.0,1018685231457,184116006,16408,5464.0,5579.0,37.38967004875006,-608.8621111434713,-638.784317337809,7170.423917898982,4780.976082101018,5975.7,7751.4,0.1184800143394873,1
2020-10-06,5533.0,5809.0,5533.0,5807.0,138569439516,23860463,746,5533.0,5809.0,42.183481471839364,-549.4709997521222,-620.9216538206716,7143.877241190628,4763.722758809372,5953.8,7663.18,0.02754346703391297,0
2020-10-07,6097.0,6097.0,6070.0,6097.0,1047776551805,171852116,9735,5807.0,6097.0,47.59429826582896,-473.7033654739762,-591.4779961513326,7119.193535397915,4762.906464602085,5941.05,7570.5,-0.0606855830736428,0
2020-10-10,6179.0,6401.0,5900.0,6277.0,1880364107558,299542666,29706,6097.0,6400.0,52.61836876669029,-384.77198972358747,-550.1367948657836,7101.304751843877,4767.995248156122,5934.65,7473.36,-0.14749999999999996,0
2020-10-11,6510.0,6590.0,6300.0,6533.0,1938786422785,296786167,29730,6277.0,6330.0,51.392574313671496,-316.2955900362613,-503.36855389987915,7113.153712696553,4767.146287303446,5940.15,7368.64,-0.17535545023696686,0
2020-10-12,6310.0,6533.0,6207.0,6283.0,1336471394952,212716480,19739,6533.0,6240.0,49.786659830642506,-266.2209681725599,-455.9390367544153,7071.664811652656,4776.835188347344,5924.25,7268.44,-0.17467948717948723,0
2020-10-13,6160.0,6387.0,5969.0,6028.0,1310600800887,217408040,22409,6283.0,5969.0,45.20598518992884,-245.5730910067241,-413.8658476048771,6960.379762156672,4806.020237843328,5883.2,7158.62,-0.17339587870665107,0
2020-10-14,5810.0,5900.0,5727.0,5743.0,917090017701,159696625,15380,6028.0,5727.0,41.53127979015724,-245.90226882828756,-380.27313184955926,6788.226558977637,4857.873441022363,5823.05,7052.64,-0.1557534485769163,0
2020-10-18,5630.0,5680.0,5456.0,5494.0,240270604819,43735552,4274,5743.0,5456.0,37.82339908889574,-264.9761002403002,-357.2137255277075,6649.234663307466,4872.465336692535,5760.85,6947.68,-0.14699413489736068,0
2020-10-19,5220.0,5220.0,5220.0,5421.0,29236029840,5600772,865,5494.0,5220.0,34.90114789359366,-295.72652541791376,-344.91628550574876,6541.518298252985,4850.081701747015,5695.8,6848.7,-0.15708812260536398,0
2020-10-20,5150.0,5150.0,5150.0,5150.0,172382638550,33472357,2187,5421.0,5150.0,34.06056686920732,-322.032681606438,-340.33956472588665,6477.250537826964,4803.849462173036,5640.55,6741.06,-0.10485436893203881,0
2020-10-21,5151.0,5398.0,4901.0,5089.0,1158282512516,227609576,20340,5150.0,4934.0,31.53653819801471,-356.2037990577728,-343.5124115922639,6457.6396659933125,4714.8603340066875,5586.25,6625.36,-0.050668828536684196,0
2020-10-24,4950.0,5000.0,4835.0,4859.0,243445191992,50101271,4350,5089.0,4835.0,30.423728317014152,-386.8141754192711,-352.17276435766536,6465.969972786734,4613.930027213266,5539.95,6519.16,-0.05087900723888317,0
2020-10-26,4617.0,4699.0,4617.0,4622.0,1316620228890,284829788,16279,4859.0,4654.0,28.447321261262218,-420.82727170911403,-365.9036658279551,6493.588775574609,4489.71122442539,5491.65,6419.48,-0.009454232917920025,0
2020-10-27,4391.0,4420.0,4391.0,4391.0,444495158793,101219175,4283,4622.0,4400.0,25.90416319454235,-462.942064851195,-385.3113456326031,6548.534432492499,4329.665567507502,5439.1,6324.34,0.1084090909090909,1
2020-10-28,4301.0,4610.0,4180.0,4461.0,1125310265466,252227916,18954,4391.0,4610.0,31.367198005125886,-473.91015560523374,-403.03110762712924,6573.215314294193,4248.084685705806,5410.65,6238.0,0.0032537960954446277,0
2020-10-31,4684.0,4684.0,4610.0,4682.0,676016845406,144387250,7676,4461.0,4684.0,33.23523132202328,-471.199569664891,-416.6648000346816,6587.149336858692,4204.550663141309,5395.85,6161.98,-0.0418445772843723,0
2020-11-01,4786.0,4830.0,4500.0,4697.0,1042439320517,221927179,16413,4682.0,4589.0,32.02995724494983,-471.2844431342528,-427.5887286545959,6606.47002386007,4129.52997613993,5368.0,6086.76,-0.03334059707997383,0
2020-11-02,4600.0,4790.0,4540.0,4645.0,607285688186,130733129,10397,4697.0,4610.0,32.611727889776844,-464.30496288222366,-434.9319755001215,6616.697544962715,4053.6024550372836,5335.15,6018.96,-0.08524945770065073,0
2020-11-04,4799.0,4877.0,4650.0,4868.0,1080633784643,222004053,8082,4645.0,4877.0,39.68085932350062,-432.2463391761348,-434.3948482353242,6604.795876719496,4012.2041232805036,5308.5,5956.8,-0.11831043674389996,0
2020-11-07,4625.0,4625.0,4625.0,4724.0,67537455125,14602693,1662,4868.0,4625.0,35.85757485905907,-422.3058637462791,-431.9770513375152,6583.706738965364,3937.8932610346365,5260.8,5897.58,-0.03870270270270271,0
2020-11-08,4488.0,4488.0,4488.0,4669.0,25866417456,5763462,741,4724.0,4488.0,33.94284089224139,-420.6339144636722,-429.7084239627467,6533.395266678212,3856.104733321788,5194.75,5841.8,-0.03074866310160429,0
2020-11-09,4436.0,4488.0,4436.0,4438.0,611048416812,137695856,5020,4669.0,4436.0,33.21779452311016,-418.67858195492045,-427.5024555611815,6421.933276939641,3801.4667230603586,5111.7,5791.84,0.014427412082957725,0
2020-11-10,4400.0,4510.0,4217.0,4285.0,1131212622160,263993480,15373,4438.0,4217.0,30.28383622251802,-429.84544586453285,-427.9710536218518,6226.155569617924,3778.9444303820765,5002.55,5730.56,0.12425895186151292,1
2020-11-11,4260.0,4400.0,4071.0,4235.0,1147603095356,270964283,20107,4285.0,4300.0,32.70963454078023,-427.0748070944055,-427.7918043163626,5997.540852675031,3804.5591473249697,4901.05,5665.52,0.1532558139534883,1
2020-11-14,4360.0,4446.0,4359.0,4430.0,300351283707,67797197,3793,4235.0,4446.0,36.87076365674707,-408.39040569792996,-423.9115245926761,5734.91077764272,3887.7892223572803,4811.35,5606.84,0.06252811515969414,1
2020-11-15,4651.0,4651.0,4250.0,4461.0,1369602110393,307036596,19694,4430.0,4350.0,35.3239751516157,-396.755727615815,-418.48036519730385,5505.8295325818035,3954.9704674181958,4730.4,5550.8,0.08712643678160914,1
2020-11-16,4302.0,4609.0,4302.0,4516.0,823546435851,182371744,13833,4461.0,4500.0,39.58852277100825,-371.152994330786,-409.0148910240003,5300.088976609245,4038.011023390756,4669.05,5504.12,0.026222222222222147,0
2020-11-17,4520.0,4741.0,4516.0,4723.0,1247649607308,264179731,12354,4516.0,4741.0,45.77495215296689,-327.63913783304906,-392.7397403858101,5153.180024621111,4113.419975378889,4633.3,5460.94,-0.05441889896646279,0
2020-11-18,4959.0,4959.0,4959.0,4959.0,122495328621,24701619,705,4723.0,4959.0,50.693623718251416,-272.42299228259253,-368.6763907651666,5091.383473656933,4149.116526343067,4620.25,5431.32,-0.047791893526920703,0
2020-11-21,5206.0,5206.0,4712.0,4977.0,2373409500680,476903139,31631,4959.0,4724.0,45.86397418707918,-244.80438260878782,-343.9019891338909,5006.5991015567815,4191.300898443218,4598.95,5397.82,0.01079593564775605,0
2020-11-22,4729.0,4910.0,4729.0,4775.0,1003903314887,210222194,14632,4977.0,4729.0,45.981894454247616,-219.97721682322754,-319.11703467175823,4971.6992689288745,4205.700731071125,4588.7,5367.46,0.057094523155001076,1
2020-11-23,4640.0,4899.0,4555.0,4676.0,1310871013606,280361157,20919,4775.0,4618.0,43.705857110986614,-206.87357164282275,-296.66834206597116,4944.26030280282,4211.439697197181,4577.85,5332.78,0.12083152880034653,1
2020-11-24,4600.0,4680.0,4443.0,4498.0,1472684020453,327379719,22152,4676.0,4483.0,41.0448463524501,-205.0188801579725,-278.3384496843714,4936.183687290748,4202.416312709252,4569.3,5291.88,0.20968101717599819,1
2020-11-25,4480.0,4722.0,4410.0,4667.0,1445398711178,309714904,15987,4498.0,4722.0,47.17656784146363,-182.163849733568,-259.10352969421075,4949.402417574462,4221.397582425538,4585.4,5261.92,0.16836086404066064,1
2020-11-28,4690.0,4860.0,4540.0,4761.0,1208889615433,253897152,21101,4667.0,4775.0,48.4568170928795,-157.95362533002026,-238.87354882137265,4966.871261452308,4220.428738547691,4593.65,5226.26,0.2217801047120418,1
2020-11-29,4820.0,4999.0,4761.0,4930.0,1402054693844,284403825,19547,4761.0,4999.0,53.577769616620614,-119.31651361407876,-214.96214177991388,5021.141375137416,4197.658624862584,4609.4,5190.44,0.1378275655131027,1
2020-11-30,5100.0,5176.0,5020.0,5165.0,1417257778945,274374365,13834,4930.0,5176.0,57.196596058025726,-73.56588177265257,-186.68288977846163,5118.551156730627,4158.948843269373,4638.75,5155.36,0.061244204018547244,1
2020-12-01,5200.0,5423.0,5001.0,5391.0,1951855631262,362027797,15941,5165.0,5423.0,61.685249949288284,-17.179308315436174,-152.78217348585653,5267.994733241848,4090.8052667581514,4679.4,5129.82,0.0143831827401808,0
2020-12-02,5500.0,5660.0,5390.0,5557.0,2082930729905,374826164,29643,5391.0,5517.0,63.26411113372089,34.692557593383754,-115.28722727000849,5400.496045555363,4022.303954444637,4711.4,5109.74,0.03679535979699122,0
2020-12-05,5560.0,5834.0,5411.0,5749.0,1580076894288,274854739,22812,5557.0,5834.0,68.04618959248032,100.2253008827065,-72.1847216394655,5614.933453757712,3928.7665462422888,4771.85,5101.32,0.012170037709976045,0
2020-12-06,6001.0,6020.0,5520.0,5782.0,1766015620843,305424437,33793,5749.0,5688.0,63.919178766261126,138.77972595687424,-29.99183212019755,5752.796095056614,3910.9039049433873,4831.85,5094.68,0.06715893108298165,1
2020-12-07,5643.0,5830.0,5493.0,5595.0,1292916537706,231080194,23424,5782.0,5493.0,58.79050117270567,151.84909345422057,6.376352994686073,5829.715153317669,3939.6848466823303,4884.7,5089.32,0.05643546331694882,1
2020-12-08,5525.0,5650.0,5371.0,5518.0,879717577387,159428321,17576,5595.0,5501.0,58.93607213719885,160.99632903243491,37.300348202235845,5878.075742257626,4019.724257742373,4948.9,5086.94,0.01999636429740037,0
2020-12-09,5477.0,5760.0,5450.0,5624.0,1099817388420,195569044,20963,5518.0,5720.0,62.809118614643346,183.79833606342982,66.59994577447463,5956.867640849993,4082.932359150006,5019.9,5092.32,-0.03653846153846152,0
2020-12-12,5890.0,5905.0,5810.0,5903.0,1546137953867,261936330,12762,5624.0,5905.0,65.74805231741121,214.32642321234744,96.1452412620492,6066.2100104791625,4119.489989520838,5092.85,5106.84,-0.035563082133784896,0
2020-12-13,6000.0,6198.0,5810.0,6108.0,2487019748126,407154596,31835,5903.0,6070.0,68.16441982139253,248.96436701036146,126.70906641171166,6178.072152476608,4179.627847523393,5178.85,5128.64,-0.07578253706754534,0
2020-12-14,6090.0,6090.0,5803.0,5906.0,726958466118,123082208,12647,6108.0,5803.0,60.701800501073016,251.96601110270421,151.76045534991016,6227.469369121366,4260.530630878634,5244.0,5141.78,-0.058245734964673446,0
2020-12-15,5611.0,5611.0,5611.0,5611.0,288613472713,51437083,2477,5906.0,5611.0,55.95755729502302,236.13007970949548,168.63438022182723,6254.960076695661,4320.039923304339,5287.5,5148.66,-0.0017822135091783986,0
2020-12-16,5331.0,5681.0,5331.0,5424.0,1921092117627,354180751,22032,5611.0,5511.0,53.60752110068129,213.0548618976145,177.5184765569847,6274.964552944826,4355.2354470551745,5315.1,5150.68,-0.018326982398838676,0
2020-12-19,5680.0,5695.0,5570.0,5688.0,819707336596,144105585,7520,5424.0,5695.0,57.17162159227226,207.22607458747643,183.45999616308305,6296.8683613709945,4430.431638629005,5363.65,5153.0,-0.09025460930640916,0
2020-12-20,5871.0,5871.0,5460.0,5685.0,1036933202263,182401236,14538,5688.0,5610.0,55.066974125423535,193.5171833947761,185.47143360942167,6299.168698272665,4516.2313017273345,5407.7,5149.02,-0.09144385026737967,0
2020-12-21,5750.0,5840.0,5420.0,5582.0,545541552739,97733529,9114,5685.0,5465.0,51.578757208938065,169.00432353274846,182.17801159408705,6264.589004590914,4635.510995409087,5450.05,5136.38,-0.06404391582799629,0
2020-12-22,5450.0,5749.0,5403.0,5547.0,927440420035,167206505,14764,5582.0,5601.0,54.49060659248339,158.72211909916314,177.48683309510227,6190.416646375081,4821.483353624919,5505.95,5120.4,-0.11158721656846993,0
2020-12-23,5610.0,5610.0,5321.0,5453.0,850338902790,155939943,14090,5547.0,5410.0,49.94775940192029,133.6209946101817,168.71366539811817,6125.744661745345,4954.9553382546555,5540.35,5102.0,-0.12957486136783736,0
2020-12-26,5380.0,5519.0,5181.0,5250.0,965452747404,183885376,15103,5453.0,5181.0,45.093658941205135,94.16431878992353,153.80379607647924,6060.362827531917,5060.937172468082,5560.65,5080.82,-0.11484269446052886,0
2020-12-27,5041.0,5380.0,5015.0,5128.0,796289193848,155293321,14544,5250.0,5097.0,43.42650347962799,55.47701643741493,134.13844014866638,6044.633489592309,5086.466510407691,5565.55,5063.38,-0.10712183637433781,0
2020-12-28,5128.0,5319.0,5093.0,5178.0,797906840782,154109731,14161,5128.0,5115.0,43.90509166015268,25.970132640578413,112.5047786470488,6052.125366989849,5072.874633010151,5562.5,5051.14,-0.15698924731182795,0
2020-12-29,5096.0,5176.0,4920.0,4956.0,776815490021,156731788,14373,5178.0,4976.0,41.019304984598776,-8.532071275923045,88.29740866245443,6090.276630876879,4990.023369123121,5540.15,5041.54,-0.090032154340836,0
2020-12-30,4940.0,4978.0,4709.0,4827.0,678034469979,140470831,13355,4956.0,4709.0,36.10962228396235,-56.76562623869995,59.28480168222355,6158.66239933693,4840.83760066307,5499.75,5031.32,0.007857294542365612,0
2021-01-02,4660.0,4695.0,4586.0,4590.0,698469149938,152169504,9184,4827.0,4586.0,34.08560301283755,-103.72051259143154,26.683738827492533,6187.838980598621,4686.86101940138,5437.35,5020.04,-0.017662450937636298,0
2021-01-03,4410.0,4700.0,4410.0,4538.0,492836524120,108612771,11995,4590.0,4551.0,33.510012139560445,-142.11855161318545,-7.076719260643063,6214.085148620081,4546.914851379919,5380.5,5012.38,0.17095143924412226,1
2021-01-09,4312.0,4368.0,4312.0,4313.0,666356889429,154515410,8253,4538.0,4312.0,29.8083604831415,-189.64842775144552,-43.59106095880356,6273.670452416334,4369.229547583665,5321.45,5001.92,0.16233766233766245,1
2021-01-10,4400.0,4528.0,4400.0,4524.0,820025613154,181276099,7415,4313.0,4528.0,36.62229568849315,-207.49492982271477,-76.3718347315858,6281.126058375947,4264.473941624054,5272.8,4999.4,0.07000883392226154,1
2021-01-11,4750.0,4750.0,4621.0,4742.0,1477171152954,311506996,16238,4524.0,4746.0,42.67115181638406,-201.72230404011862,-101.44192859329237,6235.406461958975,4212.793538041025,5224.1,5006.32,-0.020859671302149163,0
2021-01-12,4760.0,4760.0,4505.0,4529.0,450694758778,99512838,6484,4742.0,4505.0,38.317270843284405,-214.12583308178546,-123.978709490991,6160.994612161564,4147.205387838437,5154.1,5004.22,0.01753607103218635,0
2021-01-23,5355.0,5622.0,5140.0,5275.0,1885008773543,357317347,22717,4529.0,5329.0,55.16254243432416,-155.67132354939622,-130.31723230267204,6037.207263732667,4196.892736267333,5117.05,5017.12,-0.11184087070744986,0
2021-01-24,5389.0,5440.0,5012.0,5100.0,1958810867775,384086986,26846,5275.0,5012.0,49.55562537802179,-133.38734800636394,-130.9312554434104,5942.678709862877,4212.321290137123,5077.5,5025.58,-0.11412609736632084,0
2021-01-25,4845.0,5065.0,4845.0,4891.0,1383423516173,282851616,18613,5100.0,4845.0,46.85374534352226,-127.73024639280356,-130.29105363328904,5873.797771384514,4204.602228615486,5039.2,5030.28,-0.10299277605779156,0
2021-01-26,4720.0,4891.0,4647.0,4686.0,626520680233,133707691,8784,4891.0,4647.0,43.80428428217276,-137.63730072528142,-131.76030305168752,5817.7868336740385,4174.2131663259615,4996.0,5025.68,-0.09403916505272214,0
2021-01-27,4470.0,4640.0,4452.0,4508.0,856646183420,190042651,12966,4686.0,4584.0,42.84868391222068,-148.8563626584164,-135.1795149730333,5714.542365289832,4166.357634710168,4940.45,5024.86,-0.12434554973821987,0
2021-01-30,4600.0,4733.0,4550.0,4669.0,882355866859,188993590,13896,4508.0,4733.0,45.85705887986525,-144.06381730507746,-136.95637543944213,5611.075583907534,4182.124416092467,4896.6,5029.76,-0.1867737164589055,0
2021-01-31,4860.0,4860.0,4436.0,4574.0,806308716304,176266907,13072,4669.0,4440.0,41.25789550322228,-162.04044054898623,-141.97318846135096,5536.038142362396,4154.661857637605,4845.35,5029.84,-0.08761261261261266,0
2021-02-01,4470.0,4628.0,4346.0,4431.0,336253608514,75894848,6470,4574.0,4346.0,39.876141642040636,-181.77665032072127,-149.93388083322503,5412.654410348839,4152.545589651162,4782.6,5032.42,-0.030832949838932366,0
2021-02-02,4230.0,4340.0,4210.0,4225.0,761043556237,180148924,12034,4431.0,4210.0,37.89852693448496,-206.01696680489295,-161.15049802755863,5330.396479094794,4114.803520905207,4722.6,5030.62,0.040142517814726775,0
2021-02-03,4210.0,4300.0,4014.0,4051.0,570803432111,140899185,9163,4225.0,4014.0,35.189904403529596,-238.2962236878775,-176.5796431596224,5307.829326889882,4020.6706731101176,4664.25,5021.98,0.14698555057299445,1
2021-02-06,3960.0,4017.0,3849.0,3859.0,331170078413,85806834,6186,4051.0,3849.0,33.04853809074335,-274.03300644590945,-196.07031581687983,5304.766289468413,3898.9337105315885,4601.85,5011.96,0.16263964666147057,1
2021-02-07,3900.0,4051.0,3900.0,4037.0,366839404287,90877643,5288,3859.0,4051.0,38.02097973086775,-282.7950669378615,-213.41526604107617,5249.216135350578,3848.083864649421,4548.65,5002.98,0.08837324117501844,1
2021-02-08,4218.0,4238.0,3993.0,4171.0,853933806986,204727425,12445,4037.0,4212.0,41.73525969215713,-273.59388849779043,-225.45099053241904,5196.8150559287305,3824.084944071269,4510.45,4992.4,0.026115859449192813,0
2021-02-09,4281.0,4379.0,4245.0,4344.0,434861436433,100117339,6385,4171.0,4379.0,45.39095340059359,-249.94517161741896,-230.34982674941904,5176.283781957226,3811.616218042774,4493.95,4980.8,-0.03265585750171274,0
2021-02-13,4550.0,4604.0,4466.0,4566.0,495953274302,108628823,8634,4344.0,4604.0,49.947544954274626,-210.61987865852552,-226.40383713124035,5177.714342311158,3811.985657688842,4494.85,4978.4,-0.09013900955690701,0
2021-02-14,4660.0,4660.0,4475.0,4498.0,643284557595,143029470,7487,4566.0,4475.0,47.50037345481422,-187.69983570032127,-218.66303684505655,5173.467899823892,3808.6321001761085,4491.05,4973.32,-0.07329608938547483,0
2021-02-15,4409.0,4450.0,4409.0,4410.0,362217152799,82131674,4270,4498.0,4409.0,46.251789614670855,-172.86846488462925,-209.5041224529711,5174.527114106157,3817.2728858938426,4495.9,4969.14,-0.06396008165116807,0
2021-02-16,4322.0,4340.0,4322.0,4322.0,115573444402,26740430,1313,4410.0,4322.0,44.58799900498107,-166.21860495912006,-200.8470189542009,5168.207178397687,3802.992821602313,4485.6,4965.92,-0.03979639055992601,0
2021-02-17,4236.0,4236.0,4236.0,4274.0,58407768300,13788425,925,4322.0,4236.0,42.94350790693449,-165.97477048803285,-193.8725692609673,5139.989667519705,3780.210332480296,4460.1,4956.2,-0.045797922568460825,0
2021-02-20,4189.0,4189.0,4189.0,4231.0,52474698176,12526784,971,4274.0,4189.0,42.03114246059231,-167.64156945811555,-188.62636930039696,5133.899332946354,3754.7006670536466,4444.3,4944.48,-0.049176414418715675,0
2021-02-21,4147.0,4147.0,4147.0,4211.0,24753384942,5968986,450,4231.0,4147.0,41.18899408915866,-170.38744820153534,-184.97858508062464,4953.279783129149,3817.1202168708505,4385.2,4927.44,-0.04244031830238726,0
2021-02-22,4127.0,4127.0,4127.0,4204.0,8803452272,2133136,241,4211.0,4127.0,40.77008056951071,-172.1924819953647,-182.42136446357264,4840.590060443582,3841.309939556418,4340.95,4906.46,-0.03901138841773688,0
2021-02-23,4120.0,4180.0,4120.0,4124.0,468025545231,113493103,5782,4204.0,4150.0,41.50684853610761,-169.80961693930203,-179.8990149587185,4754.852471296068,3857.547528703931,4306.2,4881.0,-0.06337349397590364,0
2021-02-24,4100.0,4187.0,4042.0,4064.0,168451143651,41449253,3926,4124.0,4042.0,39.050463786739115,-174.62293215817772,-178.84379839861037,4709.954827162179,3841.9451728378212,4275.95,4851.5,-0.053686293913904004,0
2021-02-27,3983.0,3983.0,3983.0,4052.0,13939277219,3499693,470,4064.0,3983.0,37.73659416027626,-181.11059585207477,-179.29715788930326,4673.606862231687,3818.193137768312,4245.9,4814.48,-0.05699221692191814,0
2021-02-28,3971.0,3971.0,3971.0,4046.0,7601705155,1914305,347,4052.0,3971.0,37.4605275494149,-185.0868497905749,-180.4550962695576,4588.309447977418,3827.2905520225822,4207.8,4780.14,-0.053387056157139234,0
2021-03-01,3966.0,3966.0,3966.0,3966.0,111673565112,28157732,1495,4046.0,3966.0,37.33796008236772,-186.4917570097341,-181.6624284175929,4562.848940592687,3805.3510594073146,4184.1,4749.6,-0.03050932929904182,0
2021-03-02,3887.0,4000.0,3887.0,3903.0,463083014947,118653776,8010,3966.0,3887.0,35.36887561649486,-191.76919990782562,-183.68378271563947,4553.266449540291,3769.033550459708,4161.15,4717.32,-0.038590172369436626,0
2021-03-03,3841.0,3888.0,3825.0,3832.0,96785885069,25258393,1964,3903.0,3825.0,33.85967881960599,-198.66441357547183,-186.67990888760596,4559.506465467293,3724.293534532706,4141.9,4679.42,-0.026405228758169974,0
2021-03-06,3756.0,3756.0,3756.0,3810.0,26229188412,6983277,649,3832.0,3756.0,32.21231817740072,-207.3069380891502,-190.8053147279148,4576.483630985635,3681.516369014366,4129.0,4636.44,-0.004259850905218299,0
2021-03-07,3734.0,3760.0,3734.0,3735.0,384071452606,102842029,6846,3810.0,3759.0,32.36639072481536,-211.4763582854598,-194.93952343942382,4584.7831737094975,3664.216826290502,4124.5,4590.22,0.002660281989890878,0
2021-03-08,3750.0,3915.0,3735.0,3813.0,469602235500,123166312,11531,3735.0,3845.0,36.80091609461841,-205.47261219099664,-197.0461411897384,4589.573369048045,3638.826630951955,4114.2,4551.06,-0.011703511053316018,0
2021-03-09,3880.0,3950.0,3737.0,3800.0,337075223149,88703611,7807,3813.0,3737.0,33.803441664655836,-207.04263890113543,-199.04544073201782,4590.716518967731,3590.183481032269,4090.45,4513.58,0.07599678886807593,1
2021-03-10,3724.0,3724.0,3724.0,3733.0,80361369060,21579315,1786,3800.0,3724.0,33.45025799943774,-206.95029357259818,-200.6264113001339,4563.843497439308,3551.5565025606925,4057.7,4477.84,0.0848549946294308,1
2021-03-13,3659.0,3790.0,3659.0,3705.0,578080865446,156013243,11171,3733.0,3740.0,34.359279886204476,-203.24318206365797,-201.14976545283872,4471.899387844035,3557.1006121559644,4014.5,4438.74,0.10962566844919786,1
2021-03-14,3762.0,3858.0,3710.0,3804.0,389326333994,102344974,7971,3705.0,3769.0,36.063935154899376,-195.7091980374098,-200.06165196975294,4396.179423952911,3562.220576047089,3979.2,4401.92,0.08516847970283892,1
2021-03-15,3765.0,3880.0,3728.0,3794.0,328073317354,86466924,6836,3804.0,3800.0,37.919876222322664,-185.1032652756776,-197.06997463093788,4322.434291883007,3575.0657081169925,3948.75,4368.62,0.0876315789473685,1
2021-03-16,3760.0,4021.0,3760.0,3992.0,549216170786,137583909,6337,3794.0,4021.0,49.23369242040159,-157.05470524553766,-189.06692075385786,4268.2367543336695,3599.16324566633,3933.7,4337.02,0.012683412086545554,0
2021-03-17,4190.0,4200.0,4031.0,4108.0,566416239004,137891858,8809,3992.0,4040.0,50.07607862509339,-131.77387097411156,-177.60831079790862,4232.952681593458,3614.8473184065424,3923.9,4309.62,-0.009405940594059414,0
2021-03-27,4108.0,4200.0,4026.0,4113.0,294769235153,71672099,6180,4108.0,4150.0,54.756799622407655,-101.69032422613782,-162.42471348355446,4224.715569376882,3619.1844306231183,3921.95,4289.0,-0.04361445783132534,0
2021-03-28,4170.0,4230.0,4060.0,4138.0,263797891742,63757240,5539,4113.0,4090.0,51.898535138517275,-81.74805456061858,-146.2893816989673,4214.317140423973,3623.882859576027,3919.1,4268.86,-0.030806845965770213,0
2021-03-30,4100.0,4235.0,4074.0,4155.0,345779768216,83223764,5742,4138.0,4133.0,53.7613569939484,-61.76196801856713,-129.3838989628873,4215.472558674572,3623.3274413254285,3919.4,4249.22,-0.04766513428502295,0
2021-03-31,4130.0,4161.0,4072.0,4083.0,247119142829,60526878,2820,4155.0,4072.0,50.758283164925764,-50.26560998113564,-113.56024116653697,4201.192492026144,3629.8075079738564,3915.5,4231.14,-0.048133595284872266,0
2021-04-03,4002.0,4002.0,4002.0,4050.0,40149996966,10032483,531,4083.0,4002.0,47.4806148023733,-46.26970998051365,-100.10213492933231,4196.16623427659,3630.8337657234097,3913.5,4217.0,-0.03498250874562714,0
2021-04-04,3969.0,3969.0,3969.0,4044.0,7261781625,1829625,257,4050.0,3969.0,45.973433128963194,-45.24420758708584,-89.13054946088303,4194.84297544897,3630.75702455103,3912.8,4204.66,-0.029982363315696703,0
2021-04-05,3964.0,3964.0,3964.0,4016.0,33912269732,8555063,546,4044.0,3964.0,45.73653953261761,-44.32400818953329,-80.16924120661308,4194.220456222984,3630.679543777016,3912.45,4192.92,-0.029515640766902163,0
2021-04-06,3950.0,4073.0,3936.0,3955.0,273124500289,69052744,4194,4016.0,3936.0,44.35808672994015,-45.33155557675582,-73.20170408064163,4191.8823584069805,3630.0176415930187,3910.95,4185.4,-0.02413617886178865,0
2021-04-07,3876.0,3876.0,3876.0,3940.0,18427492380,4754255,440,3955.0,3876.0,41.47353982485453,-50.39067041772205,-68.63949734805772,4191.560736946161,3629.239263053839,3910.4,4172.36,-0.029927760577915352,0
2021-04-10,3862.0,3862.0,3862.0,3928.0,14061472484,3640982,275,3940.0,3862.0,40.806735933085136,-54.89692084391754,-65.89098204722968,4191.619916061319,3632.8800839386813,3912.25,4154.68,-0.041947177628171906,0
2021-04-11,3850.0,3850.0,3850.0,3925.0,3200089200,831192,181,3928.0,3850.0,40.20997725602159,-58.75911794884132,-64.46460922755202,4188.706122286339,3645.19387771366,3916.95,4141.58,-0.049090909090909074,0
2021-04-12,3847.0,3847.0,3847.0,3847.0,123115275557,32002931,1054,3925.0,3847.0,40.05228192272639,-61.35475251311118,-63.84263788466385,4185.476693085169,3657.22330691483,3921.35,4111.94,-0.04964907720301537,0
2021-04-13,3804.0,3950.0,3800.0,3836.0,594067222337,154863509,10638,3847.0,3841.0,39.71679630822482,-63.16780235676197,-63.70767077908348,4185.513594316819,3656.7864056831813,3921.15,4088.52,-0.067170007810466,0
2021-04-14,3820.0,3880.0,3760.0,3775.0,234019593146,61985096,4461,3836.0,3760.0,35.40525265267863,-70.32996046951666,-65.03212871717011,4183.632049316779,3660.9679506832213,3922.3,4066.82,-0.073936170212766,0
2021-04-17,3700.0,3700.0,3700.0,3735.0,48249594700,13040431,749,3775.0,3700.0,32.58357005543904,-79.92618166361763,-68.01093930645962,4186.255727828209,3655.9442721717905,3921.1,4047.88,-0.08405405405405408,0
2021-04-18,3661.0,3661.0,3661.0,3730.0,6241302088,1704808,248,3735.0,3661.0,30.861857811987903,-89.64486001610658,-72.33772344838901,4195.027868856279,3639.2721311437203,3917.15,4029.42,-0.08877355913684781,0
2021-04-19,3656.0,3656.0,3656.0,3656.0,100973459016,27618561,749,3730.0,3656.0,30.63833740654998,-96.63647570519424,-77.19747389975007,4205.334307050944,3617.6656929490564,3911.5,4007.88,-0.08451859956236318,0
2021-04-20,3611.0,3650.0,3583.0,3589.0,400222419147,111517453,6236,3656.0,3583.0,27.50605470495094,-106.83632872991939,-83.12524486578394,4224.631033395644,3576.6689666043562,3900.65,3990.74,-0.07479765559586937,0
2021-04-21,3510.0,3520.0,3482.0,3493.0,80553618884,23100597,1260,3589.0,3482.0,23.869992989335444,-121.66713860706977,-90.83362361404112,4240.053981826473,3507.3460181735268,3873.7,3973.46,-0.02498564043653073,0
2021-04-24,3389.0,3389.0,3389.0,3439.0,43417044963,12811167,658,3493.0,3389.0,21.10364576782797,-139.3190023158677,-100.53069935440644,4255.194574895161,3427.105425104839,3841.15,3957.04,-0.029802301563883193,0
2021-04-25,3336.0,3336.0,3336.0,3418.0,16464257544,4935329,297,3439.0,3336.0,19.702289081181576,-155.78904935477294,-111.58236935447975,4244.031548308897,3356.8684516911026,3800.45,3943.48,-0.03806954436450838,0
2021-04-26,3316.0,3370.0,3316.0,3319.0,213759941811,64402475,3464,3418.0,3347.0,20.876638747957386,-166.04006570314868,-122.47390862421355,4227.627082992282,3298.972917007718,3763.3,3933.44,-0.04720645354048403,0
2021-04-27,3330.0,3460.0,3290.0,3370.0,447863962216,132890473,8857,3319.0,3315.0,19.96201873617548,-174.73200083987467,-132.92552706734577,4193.32181941393,3251.4781805860707,3722.4,3918.72,-0.0419306184012066,0
2021-04-28,3359.0,3463.0,3330.0,3389.0,281037939126,82929267,5748,3370.0,3395.0,28.406594498525095,-173.16890727645614,-140.97420310916783,4151.343895811223,3225.7561041887775,3688.55,3902.38,-0.091899852724595,0
2021-05-01,3372.0,3408.0,3288.0,3308.0,122818497684,37125364,2428,3389.0,3288.0,24.65912695021467,-178.50643901706644,-148.48065029074755,4123.507104482798,3182.192895517201,3652.85,3880.56,-0.08941605839416056,0
2021-05-02,3209.0,3209.0,3209.0,3287.0,16465574749,5131061,355,3308.0,3209.0,22.318112139678092,-186.95599876806273,-156.1757199862106,4099.775262282896,3129.924737717104,3614.85,3852.66,-0.010595200997195353,0
2021-05-03,3189.0,3189.0,3189.0,3274.0,10388582070,3257630,291,3287.0,3189.0,21.755027488929613,-193.0409131169272,-163.5487586123539,4067.0529101656684,3085.1470898343314,3576.1,3826.94,0.038570084666039506,0
2021-05-05,3176.0,3217.0,3176.0,3178.0,206961120494,65115018,3595,3274.0,3176.0,21.377480686598318,-196.64543674504694,-170.16809423889254,4029.3933543211656,3046.8066456788342,3538.1,3802.28,0.08816120906801017,1
2021-05-08,3100.0,3175.0,3083.0,3086.0,203423146529,65909181,3057,3178.0,3083.0,18.856361717302732,-204.64732349932865,-177.06394009097977,4002.105229298918,2994.7947707010817,3498.45,3777.5,0.09957833279273443,1
2021-05-09,3000.0,3057.0,2994.0,2996.0,371901369176,124137087,5112,3086.0,2994.0,16.812880354119287,-215.68415986237733,-184.7879840452593,3975.2370721193965,2934.862927880604,3455.05,3752.66,0.10554442217768867,1
2021-05-10,2970.0,3175.0,2934.0,3125.0,481737173030,154168653,7716,2996.0,3175.0,32.76984090146328,-207.43456829653405,-189.31730089551425,3921.8265627318424,2920.773437268158,3421.3,3732.38,0.010393700787401539,0
2021-05-11,3250.0,3312.0,3212.0,3304.0,560692150359,169695812,5272,3125.0,3312.0,41.86043990980489,-187.67851144812084,-188.98954300603557,3856.945707160172,2932.1542928398285,3394.55,3715.68,-0.043780193236715004,0
2021-05-12,3439.0,3502.0,3312.0,3449.0,1098534988984,318543512,13337,3304.0,3456.0,49.57792323463671,-158.5741533879891,-182.9064650824263,3791.4961556768117,2959.1038443231887,3375.3,3702.26,-0.11400462962962965,0
2021-05-15,3414.0,3600.0,3352.0,3467.0,733153703564,211482037,8167,3449.0,3390.0,46.52934711137374,-139.22943806010244,-174.17105967796152,3734.0196177297234,2979.580382270277,3356.8,3687.06,-0.13716814159292035,0
2021-05-16,3340.0,3479.0,3300.0,3376.0,317188138590,93954499,5239,3467.0,3310.0,43.072062623101274,-128.86842818144396,-165.11053337865803,3680.3079299377205,2994.29207006228,3337.3,3672.42,-0.15105740181268879,0
2021-05-17,3330.0,3370.0,3208.0,3276.0,212772767756,64948364,4184,3376.0,3208.0,39.0844994078936,-127.41899390977187,-157.5722254848808,3627.683081319151,3001.6169186808493,3314.65,3656.92,-0.11408977556109723,0
2021-05-18,3140.0,3328.0,3140.0,3223.0,187730385271,58251717,3677,3276.0,3167.0,37.57851693958057,-128.10198422216808,-151.67817723233827,3567.0657436378942,3013.3342563621054,3290.2,3640.84,-0.06662456583517529,0
2021-05-19,3198.0,3198.0,3062.0,3078.0,301938106333,98106472,4369,3223.0,3062.0,33.968705741477436,-135.55330729629986,-148.4532032451306,3523.396812902621,3004.903187097379,3264.15,3622.76,-0.013716525146962755,0
2021-05-22,2950.0,3050.0,2925.0,2937.0,75434085672,25681618,1456,3078.0,2925.0,29.9289731381688,-150.77524637379565,-148.91761187086362,3514.9022971911195,2957.697702808881,3236.3,3603.52,0.06735042735042729,1
2021-05-23,2791.0,2869.0,2791.0,2794.0,369056920472,132093495,4706,2937.0,2810.0,27.023739754663936,-170.15681976643464,-153.16545344997783,3532.8491705061183,2881.8508294938815,3207.35,3583.22,0.1654804270462633,1
2021-05-24,2794.0,2880.0,2725.0,2816.0,239710973808,85126537,4984,2794.0,2842.0,29.086528610453044,-180.84999755535182,-158.70236227105264,3538.873679729708,2826.4263202702923,3182.65,3564.94,0.12948627726952844,1
2021-05-25,2821.0,2956.0,2821.0,2948.0,356441668664,120896258,5216,2816.0,2956.0,36.02441227859768,-178.0728576742431,-162.57646135169074,3523.985522015188,2802.2144779848118,3163.1,3548.88,0.10656292286874147,1
2021-05-26,2931.0,3028.0,2910.0,2974.0,210862650979,70897163,4993,2948.0,3020.0,39.59726160727369,-168.76230240928044,-163.81362956320868,3507.3053036245265,2789.3946963754734,3148.35,3532.38,0.13211920529801335,1
2021-05-29,3020.0,3122.0,3020.0,3120.0,184966201553,59287856,1550,2974.0,3122.0,44.88061501381368,-151.4077385702435,-161.33245136461565,3475.3981655368534,2794.001834463146,3134.7,3520.08,0.141255605381166,1
2021-05-30,3276.0,3276.0,3222.0,3273.0,978612246429,298996195,8081,3120.0,3275.0,51.704554305691936,-123.88028555025494,-153.8420182017435,3473.623541372377,2794.4764586276233,3134.05,3511.1,0.03511450381679393,0
2021-05-31,3266.0,3384.0,3160.0,3271.0,438955969548,134180927,5912,3273.0,3210.0,48.93290426694433,-106.0866367676399,-144.2909419149228,3473.717961833848,2794.4820381661516,3134.1,3500.5,0.05950155763239873,1
2021-06-01,3212.0,3316.0,3211.0,3257.0,204575003902,62820322,3302,3271.0,3271.0,51.55735602997708,-86.07068245912205,-132.64689002376267,3482.320095315831,2794.0799046841685,3138.2,3490.54,0.04708040354631615,0
2021-06-02,3280.0,3419.0,3212.0,3394.0,600874115371,177059192,5889,3257.0,3419.0,57.2921952619061,-57.60153669080637,-117.63781935717141,3515.4693092677735,2785.2306907322263,3150.35,3482.92,0.0233986545773619,0
2021-06-07,3490.0,3563.0,3450.0,3542.0,699824645881,197568827,8146,3394.0,3563.0,62.00524977328425,-23.15304314935338,-98.7408641156078,3579.512819123589,2769.187180876411,3174.35,3473.76,-0.0022452989054168038,0
2021-06-08,3571.0,3620.0,3371.0,3480.0,581817822847,167212174,8961,3542.0,3390.0,54.25831637342698,-9.700200139390745,-80.93273132036441,3600.824943905046,2787.475056094954,3194.15,3460.76,-0.0023598820058997605,0
2021-06-09,3370.0,3474.0,3351.0,3398.0,211394006042,62207908,3684,3480.0,3401.0,54.64632830311257,1.8278130466419498,-64.38062244696314,3621.8125703640653,2789.0874296359343,3205.45,3445.78,-0.011173184357541888,0
2021-06-12,3400.0,3505.0,3370.0,3437.0,238147497765,69279429,4055,3398.0,3425.0,55.53262206830572,12.753432345708461,-48.953811488428826,3636.0705401556334,2786.1294598443665,3211.1,3432.48,0.016058394160583855,0
2021-06-13,3430.0,3550.0,3401.0,3469.0,201163432005,57982261,3684,3437.0,3499.0,58.24223730338599,27.071186128786394,-33.74881196498579,3643.5563443643036,2782.9436556356964,3213.25,3419.8,-0.0437267790797371,0
2021-06-14,3520.0,3625.0,3470.0,3560.0,262508769565,73742295,4398,3469.0,3555.0,60.21782198921681,42.44753241320586,-18.50954308934746,3670.9461035543304,2772.0538964456696,3221.5,3409.46,-0.052320675105485215,0
2021-06-15,3568.0,3618.0,3382.0,3470.0,313067156501,90219903,4896,3560.0,3382.0,52.02858884685019,40.21022500170329,-6.765589471137309,3678.460298217841,2771.739701782159,3225.1,3397.06,0.05233589591957433,1
2021-06-16,3300.0,3440.0,3300.0,3373.0,238000455712,70565028,3957,3470.0,3363.0,51.20497706799505,36.48344312657491,1.8842170484051346,3690.0590440927094,2775.6409559072904,3232.85,3384.94,0.08534046981861443,1
2021-06-19,3400.0,3520.0,3350.0,3446.0,213640136949,62005450,3885,3373.0,3480.0,55.84072082412201,42.481167376812664,10.003607114086641,3716.91199813857,2780.08800186143,3248.5,3375.26,0.06609195402298851,1
2021-06-20,3499.0,3530.0,3345.0,3407.0,255250744908,74912939,3201,3446.0,3346.0,49.983710276563535,36.00666452583937,15.204218596437187,3724.812583685152,2800.587416314848,3262.7,3363.46,0.09832635983263605,1
2021-06-21,3331.0,3457.0,3319.0,3390.0,246139655493,72602083,3780,3407.0,3369.0,50.93498218554508,32.358473807545124,18.635069638658774,3721.9679123433393,2847.832087656661,3284.9,3353.32,0.10121697833184928,1
2021-06-22,3399.0,3559.0,3380.0,3477.0,420480175828,120943243,5394,3390.0,3559.0,58.035439592698054,44.28814234668744,23.765684180264508,3716.4800673637596,2928.21993263624,3322.35,3347.26,0.07895476257375678,1
2021-06-23,3650.0,3650.0,3601.0,3650.0,546779931979,149805658,3409,3477.0,3650.0,60.950217441632574,60.38929983636672,31.090407311484952,3715.0759144601184,3010.4240855398816,3362.75,3343.26,0.0353424657534247,0
2021-06-26,3828.0,3832.0,3671.0,3785.0,1166837759580,308248653,11605,3650.0,3710.0,62.785607027215164,77.10229445265259,40.292784739718485,3731.3212589515074,3069.5787410484922,3400.45,3340.52,-0.026684636118598393,0
2021-06-27,3700.0,3819.0,3637.0,3720.0,418866050658,112600924,7084,3785.0,3675.0,60.98493875444293,86.52583958560945,49.53939570889668,3735.3798140183308,3131.020185981669,3433.2,3337.2,-0.03510204081632651,0
2021-06-28,3650.0,3802.0,3621.0,3722.0,396826858233,106624655,5491,3720.0,3710.0,62.15384599992749,95.71493232982857,58.774503033083064,3752.099153712322,3173.100846287678,3462.6,3336.2,-0.013477088948787075,0
2021-06-29,3701.0,3908.0,3690.0,3837.0,610718728172,159170983,7718,3722.0,3840.0,66.20401260467196,112.1939658778083,69.45839560202812,3810.325992838505,3171.374007161495,3490.85,3339.0,-0.04010416666666672,0
2021-06-30,3850.0,3892.0,3747.0,3801.0,242160593132,63716062,4662,3837.0,3779.0,62.807495706672846,118.9602290179314,79.35876228520878,3834.986616758054,3203.6133832419464,3519.3,3341.36,-0.05265943371262238,0
2021-07-03,3800.0,3853.0,3611.0,3677.0,345112888492,93864563,5045,3801.0,3611.0,54.51260723717532,109.50405080557266,85.38781998928157,3832.7004723345513,3239.899527665449,3536.3,3340.46,-0.014123511492661334,0
2021-07-04,3511.0,3663.0,3510.0,3571.0,317722473373,88968848,5583,3677.0,3546.0,51.66932097819624,95.66226957588333,87.44270990660192,3834.127117455461,3251.1728825445393,3542.65,3339.72,0.050197405527354855,1
2021-07-05,3550.0,3689.0,3550.0,3614.0,239367311294,66232633,4405,3571.0,3660.0,56.00360078335838,92.82141796201358,88.51845151768426,3843.365171995867,3251.634828004133,3547.5,3343.28,0.0191256830601092,0
2021-07-06,3689.0,3780.0,3625.0,3702.0,402635596859,108753816,5376,3614.0,3686.0,56.95180562288402,91.61195965528441,89.1371531452043,3854.7640832651814,3269.835916734819,3562.3,3349.22,0.011937059142702156,0
2021-07-07,3610.0,3679.0,3520.0,3592.0,342774749251,95416797,6213,3702.0,3580.0,52.028637290872,81.16452696875513,87.54262790991446,3854.2234086449507,3288.2765913550493,3571.25,3354.1,0.005865921787709505,0
2021-07-10,3535.0,3619.0,3470.0,3547.0,244838724965,69033295,4680,3592.0,3560.0,51.130533914369984,70.4588229896367,84.1258669258589,3853.025816970229,3302.974183029771,3578.0,3358.36,0.010955056179775324,0
2021-07-11,3560.0,3724.0,3550.0,3697.0,645623734842,174610985,6116,3547.0,3724.0,57.5945714578509,74.35083470981908,82.17086048265094,3868.799548381214,3309.700451618786,3589.25,3366.54,0.017991407089151368,0
2021-07-12,3795.0,3831.0,3697.0,3765.0,702090836392,186457786,8102,3697.0,3730.0,57.81441939369676,77.03146116056223,81.1429806182332,3883.6032212705945,3312.3967787294055,3598.0,3373.24,0.0453083109919572,0
2021-07-13,3700.0,3820.0,3660.0,3722.0,521478962241,140123720,7218,3765.0,3730.0,57.81441939369675,78.2538156600267,80.5651476265919,3888.3684230824856,3342.4315769175146,3615.4,3382.08,0.07506702412868638,1
2021-07-18,3600.0,3690.0,3420.0,3607.0,211279555456,58568063,2370,3666.0,3601.0,51.19612807851572,68.0291211435383,78.05794232998117,3874.7785647286205,3379.82143527138,3627.3,3389.92,0.14690363787836702,1
2021-07-19,3600.0,3700.0,3561.0,3611.0,269337417333,74596153,5406,3607.0,3599.0,51.09846227878834,59.083515797075506,74.26305702340004,3871.839081896338,3394.660918103662,3633.25,3398.12,0.11447624340094475,1
2021-07-26,3791.0,3791.0,3791.0,3791.0,255018864050,67269550,2291,3611.0,3791.0,59.15425265630155,66.71777353649031,72.7540003260181,3863.8722630297416,3447.1277369702584,3655.5,3410.42,0.09496175151675024,1
2021-07-27,3980.0,3980.0,3852.0,3954.0,1839275166888,465174208,17146,3791.0,3899.0,62.86045735564136,80.55409770798042,74.31401980241057,3871.873642194312,3492.126357805688,3682.0,3426.74,0.0928443190561683,1
2021-07-28,3888.0,4040.0,3860.0,3978.0,646178870744,162446099,8321,3954.0,4010.0,66.24999388199342,99.33122806788924,79.3174614555063,3933.698401696656,3475.401598303344,3704.55,3447.06,0.07206982543640894,1
2021-07-31,4000.0,4176.0,3990.0,4138.0,994413754358,240318418,10680,3978.0,4130.0,69.49163985001702,122.4833247536535,87.95063411513576,4021.485812081982,3435.614187918018,3728.55,3466.16,0.009443099273607647,0
2021-08-01,4120.0,4155.0,4000.0,4063.0,481654517775,118550751,7235,4138.0,4011.0,63.02667022854233,129.73373298604838,96.30725388931829,4061.077810248416,3426.122189751584,3743.6,3480.14,0.03440538519072556,0
2021-08-02,3975.0,4166.0,3973.0,4059.0,540517674844,133155648,6252,4063.0,4151.0,66.92516834188132,145.10389632497845,106.06658237645033,4129.035396497809,3405.764603502191,3767.4,3494.04,0.03131775475788956,0
2021-08-03,4170.0,4261.0,4100.0,4241.0,1155338576368,272397534,12290,4059.0,4261.0,69.63436461684384,164.2673702079005,117.70673994274037,4214.251073216043,3375.648926783957,3794.95,3511.46,0.016193381835249987,0
2021-08-04,4310.0,4355.0,4196.0,4269.0,653253390987,153032039,9246,4241.0,4299.0,70.53233928023936,180.4408341308981,130.25355878037192,4291.306759563194,3344.493240436806,3817.9,3531.24,0.053035589672016714,1
2021-08-07,4260.0,4300.0,4137.0,4184.0,530305216144,126739646,7233,4269.0,4169.0,63.6028284391396,180.68567527705363,140.33998207970828,4334.335166797564,3340.4648332024367,3837.4,3550.46,0.07939553849844083,1
2021-08-08,4150.0,4250.0,4120.0,4172.0,359597080857,86202206,5741,4184.0,4149.0,62.58412031532629,177.22296477586997,147.71657861894062,4367.507352887575,3361.0926471124253,3864.3,3570.1,0.09279344420342261,1
2021-08-09,4170.0,4291.0,4140.0,4228.0,448990886449,106183778,5431,4172.0,4281.0,66.40826562804614,183.0202945566989,154.7773218064923,4413.182980777569,3388.9170192224315,3901.05,3594.48,0.0371408549404344,0
2021-08-10,4230.0,4395.0,4230.0,4312.0,514532226985,119332653,6648,4228.0,4330.0,67.7269045215609,189.38549259516412,161.69895596422668,4466.499048312069,3402.6009516879317,3934.55,3622.58,0.01385681293302543,0
2021-08-11,4370.0,4527.0,4360.0,4505.0,1485395286149,329737746,12286,4312.0,4527.0,72.41522904308846,207.92933159857512,170.94503109109638,4554.303176380494,3398.896823619506,3976.6,3656.92,0.00994035785288272,0
2021-08-14,4650.0,4650.0,4361.0,4467.0,583365714949,130590047,8797,4505.0,4500.0,70.8951170413905,217.9345692041129,180.34293871369968,4613.030487017827,3432.1695129821724,4022.6,3690.08,0.02977777777777768,0
2021-08-15,4465.0,4548.0,4428.0,4502.0,349132021335,77558634,5828,4467.0,4534.0,71.70071972797847,226.00209645398854,189.47477026175744,4661.74698322551,3480.8530167744902,4071.3,3721.64,0.03903837670930743,0
2021-08-22,4500.0,4550.0,4398.0,4460.0,750878325852,168374173,11654,4502.0,4440.0,66.24163642716343,222.24871072151018,196.02955835370798,4695.7981909264745,3518.4018090735267,4107.1,3750.04,0.06981981981981988,1
2021-08-23,4420.0,4444.0,4277.0,4355.0,605691209789,139075562,8973,4460.0,4390.0,63.47332900702557,212.7866710653343,199.38098089603326,4714.360533207795,3565.8394667922057,4140.1,3775.4,0.05239179954441919,1
2021-08-24,4410.0,4572.0,4380.0,4548.0,1078225377014,237068266,8952,4355.0,4572.0,68.61486959595916,217.46699132257163,202.99818298134096,4753.476325432884,3610.9236745671164,4182.2,3801.34,0.05205599300087482,1
2021-08-25,4650.0,4749.0,4505.0,4634.0,641076642029,138336577,8477,4548.0,4634.0,70.15601958317212,223.60152153752915,207.11885069257863,4771.392286708771,3696.30771329123,4233.85,3829.82,0.04186447993094511,0
2021-08-28,4620.0,4779.0,4610.0,4698.0,777549469571,165515606,9510,4634.0,4711.0,71.99525098574594,232.00206205879203,212.09549296582134,4780.8905253945695,3798.0094746054306,4289.45,3858.62,0.006155805561451899,0
2021-08-29,4800.0,4932.0,4671.0,4859.0,1573351097123,323789804,13680,4698.0,4750.0,72.90602558217225,239.0508950932981,217.4865733913167,4811.791989814423,3863.008010185577,4337.4,3885.24,-0.0063157894736841635,0
2021-08-30,4670.0,4900.0,4617.0,4679.0,1312031032709,280403918,10752,4859.0,4620.0,65.28432991687242,231.47888798251734,220.28503630955686,4817.728054826124,3929.171945173875,4373.45,3906.38,-0.023809523809523836,0
2021-08-31,4550.0,4899.0,4530.0,4782.0,1134895021068,237326350,12537,4679.0,4810.0,70.18948352475613,238.0651628902251,223.84106162569051,4863.648833850202,3963.251166149797,4413.45,3934.78,-0.07941787941787937,0
2021-09-01,4810.0,4910.0,4690.0,4810.0,765418157002,159115446,8036,4782.0,4828.0,70.61311113494682,241.94825391033555,227.46250008261956,4913.224725060505,3983.475274939495,4448.35,3963.32,-0.06420878210439107,0
2021-09-04,4830.0,4898.0,4699.0,4762.0,666817905737,140041948,11063,4810.0,4740.0,65.69770079457672,235.21337361087353,229.01267478827037,4920.174597329791,4049.4254026702088,4484.8,3989.62,-0.09493670886075944,0
2021-09-05,4740.0,4799.0,4650.0,4712.0,470065959724,99768481,6935,4762.0,4720.0,64.59712581809057,225.6608221100323,228.34230425262277,4931.690856035923,4094.8091439640766,4513.25,4014.04,-0.08707627118644068,0
2021-09-06,4730.0,4790.0,4477.0,4637.0,510606637040,110116885,8819,4712.0,4510.0,54.3094185362974,198.85285928618214,222.44441525933465,4927.880108906538,4123.519891093461,4525.7,4033.14,-0.018847006651884657,0
2021-09-07,4483.0,4560.0,4410.0,4467.0,455422710796,101944907,7306,4637.0,4428.0,50.900573048329655,169.0420296175107,211.76393813096988,4923.574207222899,4140.725792777101,4532.15,4054.06,0.02371273712737132,0
2021-09-08,4430.0,4560.0,4420.0,4489.0,415390866484,92540424,8015,4467.0,4518.0,54.29167473657198,150.93904877034674,199.59896025884527,4904.084640005845,4195.115359994155,4549.6,4077.16,-0.01726427622841964,0
2021-09-11,4584.0,4584.0,4265.0,4329.0,803072782217,185506601,9458,4489.0,4290.0,45.6836716845816,116.84766435994425,183.0487010790651,4883.518337408311,4229.7816625916885,4556.65,4093.36,-0.015850815850815825,0
2021-09-12,4210.0,4328.0,4130.0,4215.0,641893932622,152289039,7173,4329.0,4309.0,46.44569281876588,90.32196245025625,164.50335335330334,4880.392349063963,4235.707650936038,4558.05,4112.62,-0.032258064516129004,0
2021-09-13,4270.0,4425.0,4150.0,4348.0,682225270609,156892396,9408,4215.0,4425.0,50.968431254386395,77.763968504486,147.15547638353988,4874.173473500992,4251.426526499008,4562.8,4133.74,-0.07570621468926553,0
2021-09-14,4490.0,4562.0,4411.0,4512.0,524527865553,116250780,8233,4348.0,4533.0,54.79609248933085,75.65426990304877,132.85523508744166,4874.3464618273965,4251.853538172604,4563.1,4153.22,-0.128612397970439,0
2021-09-15,4484.0,4520.0,4350.0,4440.0,251160880447,56564737,6392,4512.0,4440.0,51.09698575017448,65.72041179761345,119.42827042947602,4874.858256444646,4245.341743555355,4560.1,4169.02,-0.11171171171171168,0
2021-09-18,4400.0,4490.0,4218.0,4254.0,440131628404,103464888,5478,4440.0,4222.0,43.65718608108713,39.798210583410764,103.50225846026296,4892.0994821631275,4196.9005178368725,4544.5,4179.26,-0.029369966840359973,0
2021-09-19,4130.0,4305.0,4055.0,4121.0,390049312386,94657209,4744,4254.0,4170.0,42.083181267660166,14.887104668198845,85.77922770185015,4913.0502584740325,4148.9497415259675,4531.0,4189.16,-0.0383693045563549,0
2021-09-20,4145.0,4219.0,4070.0,4134.0,176067662033,42590121,3439,4121.0,4090.0,39.71107940280868,-11.18156355218889,66.38706945104235,4940.243326406056,4091.756673593943,4516.0,4196.76,-0.038875305623471856,0
2021-09-21,4110.0,4150.0,3928.0,3958.0,439207757949,110970768,4927,4134.0,3950.0,35.8976673646724,-42.64639975275168,44.580375610283554,4974.346176816284,3995.4538231837146,4484.9,4198.96,0.025316455696202445,0
2021-09-22,4078.0,4078.0,3761.0,3911.0,378188965821,96690761,5932,3958.0,3944.0,35.739267216686756,-67.29097056797673,22.206106374631496,4987.861589325302,3912.938410674697,4450.4,4202.26,0.06947261663286008,1
2021-09-25,3951.0,4106.0,3951.0,4076.0,283608286126,69580564,4724,3911.0,4098.0,42.72495178054382,-73.5476460435184,3.0553558910015166,4964.141357389224,3875.358642610776,4419.75,4212.0,0.036115178135675885,0
2021-09-26,4106.0,4120.0,3982.0,4039.0,180095940125,44586475,3433,4076.0,4010.0,40.045975839400974,-84.63139297115322,-14.481993881429432,4932.88811902111,3832.6118809788904,4382.75,4221.28,0.08104738154613456,1
2021-09-28,4015.0,4098.0,3904.0,3961.0,169601858168,42814126,3704,4039.0,3931.0,37.757136125534124,-98.65277426236389,-31.316149957616325,4920.543689349291,3776.05631065071,4348.3,4226.7,0.07657084711269402,1
2021-09-29,3999.0,4100.0,3952.0,4018.0,229740834207,57173478,3767,3961.0,4050.0,43.03845970957165,-99.02106132228892,-44.857132230550846,4855.13946259434,3765.46053740566,4310.3,4233.98,0.007654320987654284,0
2021-10-02,4051.0,4218.0,4051.0,4198.0,345693831367,82355095,3616,4018.0,4218.0,49.54704793979538,-84.77945077012373,-52.84159593846543,4770.951952047522,3788.648047952478,4279.8,4246.74,-0.032954006638217126,0
2021-10-03,4270.0,4355.0,4166.0,4246.0,457832006296,107833659,6323,4198.0,4246.0,50.560978862727836,-70.42172796406703,-56.35762234358575,4698.565398875824,3811.634601124177,4255.1,4260.46,-0.06052755534620824,0
2021-10-04,4246.0,4340.0,4170.0,4281.0,250165890363,58435654,3988,4246.0,4335.0,53.743088075460825,-51.27055792554347,-55.3402094599773,4627.295666727957,3844.404333272044,4235.85,4272.68,-0.11510957324106108,0
2021-10-06,4254.0,4370.0,4205.0,4295.0,194340377360,45249282,3847,4281.0,4232.0,49.75203104450842,-43.898324329257775,-53.051832433833404,4592.66308312507,3851.2369168749296,4221.95,4282.72,-0.09948015122873344,0
2021-10-09,4211.0,4260.0,4081.0,4108.0,289160980248,70390251,4100,4295.0,4081.0,44.531044174205704,-49.66767607770362,-52.37500116260745,4567.513433204252,3841.686566795749,4204.6,4289.74,-0.03013967164910558,0
2021-10-10,4040.0,4170.0,4040.0,4097.0,137136062751,33468418,2531,4108.0,4079.0,44.46448731689711,-53.78135421591378,-52.65627177326871,4519.235962274272,3846.064037725727,4182.65,4299.3,-0.04363814660455989,0
2021-10-11,4005.0,4120.0,3989.0,4031.0,150213913369,37262037,3609,4097.0,3989.0,41.46137982860398,-63.57091567216503,-54.83920055304798,4510.498468938109,3824.7015310618917,4167.6,4307.1,0.025319628979694198,0
2021-10-12,3929.0,3940.0,3830.0,3856.0,182193153226,47246788,3749,4031.0,3836.0,36.89886583148357,-82.72147332965869,-60.41565510837013,4509.100640147461,3778.7993598525386,4143.95,4308.0,0.05891553701772678,1
2021-10-13,3761.0,3890.0,3700.0,3770.0,179670605923,47655053,3055,3856.0,3811.0,36.197931275855034,-98.77707863590422,-68.08793981387696,4481.948182800109,3744.551817199891,4113.25,4306.24,0.04487011283127784,0
2021-10-16,3920.0,3958.0,3920.0,3956.0,184769387082,46705000,1880,3770.0,3958.0,43.04857043945424,-98.5040961420973,-74.17117107952103,4404.210181258127,3764.7898187418728,4084.5,4305.2,-0.02526528549772611,0
2021-10-17,4000.0,4037.0,3830.0,3929.0,233766238370,59503367,3516,3956.0,3901.0,41.20122274996392,-101.71467571370658,-79.67987200635815,4341.746745231374,3773.353254768627,4057.55,4300.62,-0.05793386311202253,0
2021-10-18,3910.0,4110.0,3834.0,3990.0,435647669646,109181411,4798,3929.0,4090.0,49.01410980357725,-87.99402237848608,-81.34270208078374,4325.532209911907,3776.3677900880925,4050.95,4302.2,-0.08264058679706598,0
2021-10-19,4099.0,4170.0,4041.0,4088.0,165295038187,40434033,3022,3990.0,4062.0,47.99660910079922,-78.4750601086871,-80.76917368636443,4314.749907132426,3776.350092867574,4045.55,4300.42,-0.07090103397341208,0
2021-10-20,3986.0,4099.0,3980.0,4006.0,150982775868,37690397,2788,4088.0,3982.0,45.114899385618,-76.5046473889447,-79.91626842688048,4309.89897590187,3770.4010240981306,4040.15,4294.84,-0.07734806629834257,0
2021-10-23,3990.0,3990.0,3822.0,3865.0,318681537229,82443360,3858,4006.0,3858.0,41.005329570043315,-83.9807667978198,-80.72916810106835,4314.27960015059,3756.8203998494105,4035.55,4286.02,-0.08709175738724728,0
2021-10-25,3806.0,3870.0,3672.0,3723.0,251384364236,67530477,4107,3865.0,3675.0,35.81958618631526,-103.4793701318631,-85.27920850722731,4340.3602080061355,3703.8397919938648,4022.1,4276.14,0.006258503401360471,0
2021-10-26,3620.0,3783.0,3593.0,3737.0,181630429800,48606574,3076,3723.0,3752.0,39.298127169778866,-111.43435143196211,-90.51023709217428,4341.743674818374,3667.856325181627,4004.8,4268.2,0.010127931769722709,0
2021-10-27,3750.0,3900.0,3720.0,3801.0,213089651613,56056269,3084,3737.0,3774.0,40.29383162852861,-114.6419937447804,-95.33658842269551,4344.599772468798,3641.4002275312023,3993.0,4258.06,0.05034446210916799,1
2021-10-30,3841.0,3841.0,3633.0,3692.0,191426902800,51850654,3623,3801.0,3674.0,37.29890334742889,-123.82585032895668,-101.03444080394775,4357.70173155491,3602.59826844509,3980.15,4244.94,0.11350027218290681,1
2021-10-31,3630.0,3680.0,3508.0,3522.0,319883515890,90830099,3405,3692.0,3522.0,33.25307093274735,-141.73541488546016,-109.17463562025023,4378.911087118886,3528.5889128811145,3953.75,4224.84,0.10988074957410565,1
2021-11-01,3560.0,3698.0,3560.0,3696.0,249172034089,67409214,3304,3522.0,3698.0,41.20554011714399,-140.11202056493812,-115.36211260918782,4348.670360638582,3506.829639361418,3927.75,4208.8,0.0722011898323418,1
2021-11-02,3750.0,3840.0,3698.0,3776.0,188449267097,49900773,3120,3696.0,3790.0,44.90104603904878,-129.90438090566977,-118.27056626848422,4303.237571988024,3506.662428011976,3904.95,4193.92,0.04142480211081789,0
2021-11-03,3777.0,3964.0,3770.0,3897.0,328504812483,84297435,4591,3776.0,3964.0,51.15434943362452,-106.54620874065085,-115.92569476291756,4234.200747555431,3538.599252444569,3886.4,4184.4,0.00782038345105951,0
2021-11-06,4050.0,4091.0,4013.0,4086.0,433490939876,106091718,4859,3897.0,4091.0,55.154904522342534,-76.90039056303613,-108.12063392294128,4203.773966439159,3554.9260335608406,3879.35,4178.42,-0.05890980200439988,0
2021-11-07,4140.0,4160.0,3882.0,3994.0,312869779651,78325188,5967,4086.0,3909.0,48.96565140973892,-67.31577073085282,-99.95966128452359,4182.195581121514,3559.304418878486,3870.75,4165.16,-0.03069838833461247,0
2021-11-08,3900.0,4070.0,3874.0,3990.0,195464722948,48994156,3414,3994.0,3965.0,50.79527697698983,-54.57208544089917,-90.8821461157987,4165.002312876761,3565.09768712324,3865.05,4151.78,-0.07440100882723832,0
2021-11-09,3963.0,4099.0,3927.0,3999.0,168151397732,42045540,3364,3990.0,3947.0,50.172638795160175,-45.40170995229255,-81.78605888309747,4159.975571289944,3565.924428710055,3862.95,4136.5,-0.05877881935647322,0
2021-11-10,4000.0,4080.0,3951.0,4006.0,193973729777,48416796,3820,3999.0,3995.0,51.867010416970466,-33.870484598515304,-72.20294402618103,4173.0813362868685,3568.7186637131317,3870.9,4121.4,-0.06908635794743434,0
2021-11-13,3901.0,3990.0,3810.0,3869.0,185835811085,48029957,3796,4006.0,3850.0,46.700752244239965,-36.017011918506796,-64.96575760464619,4173.961457769573,3571.738542230427,3872.85,4106.0,-0.05220779220779226,0
2021-11-14,3868.0,3946.0,3711.0,3837.0,192929045102,50274692,3806,3869.0,3789.0,44.68430700556461,-42.154410680112505,-60.40348821973946,4164.963737001186,3563.8362629988146,3864.4,4085.58,-0.03272631301134865,0
2021-11-15,3837.0,3852.0,3655.0,3710.0,123752116058,33357879,2959,3837.0,3670.0,40.96801926346152,-55.97539933173948,-59.51787044213947,4164.451203463848,3541.2487965361515,3852.85,4062.42,0.04386920980926434,0
2021-11-16,3671.0,3757.0,3629.0,3697.0,111971833014,30290873,2503,3710.0,3715.0,42.90188497323987,-62.57616936555905,-60.12953022682339,4131.154809757593,3537.0451902424065,3834.1,4041.92,0.01641991924629882,0
2021-11-17,3728.0,3790.0,3715.0,3741.0,102694970320,27448726,2179,3697.0,3719.0,43.080382863879436,-66.71550578105189,-61.44672533766909,4098.600474879985,3535.299525120015,3816.95,4021.9,-0.006184458187684871,0
2021-11-20,3729.0,3741.0,3598.0,3630.0,135852426057,37424466,3127,3741.0,3649.0,40.683471089699296,-74.78233054212433,-64.11384637856014,4080.3200707094443,3520.279929290556,3800.3,4004.68,-0.030967388325568668,0
2021-11-21,3630.0,3719.0,3566.0,3649.0,165016092561,45219251,3133,3630.0,3665.0,41.48486735524934,-78.9739188245353,-67.08586086775517,4075.31490826957,3505.98509173043,3790.65,3989.42,-0.030013642564802212,0
2021-11-22,3831.0,3831.0,3831.0,3831.0,275022931110,71788810,2160,3649.0,3831.0,49.15944765106332,-68.11577381702773,-67.29184345760969,4078.523900962089,3518.3760990379105,3798.45,3975.68,-0.06473505612111718,0
2021-11-23,3859.0,3878.0,3732.0,3823.0,175614711800,45941621,3671,3831.0,3776.0,46.96174007294934,-63.21989640297488,-66.47745404668274,4079.122556792473,3520.177443207527,3799.65,3965.4,-0.05746822033898302,0
2021-11-24,3790.0,3790.0,3672.0,3722.0,158393598031,42553323,3037,3823.0,3696.0,43.88830726573309,-65.04540673210204,-66.1910445837666,4078.7007907748666,3512.7992092251334,3795.75,3953.14,-0.06385281385281383,0
2021-11-27,3660.0,3660.0,3536.0,3555.0,232876993323,65501197,4524,3722.0,3536.0,38.46614089144975,-78.4979244346141,-68.65242055393611,4089.5161104948857,3488.183889505114,3788.85,3935.36,-0.029977375565610864,0
2021-11-28,3530.0,3646.0,3530.0,3592.0,122556922764,34120582,2710,3555.0,3555.0,39.42322142802816,-86.62741352422199,-72.2474191479933,4085.6009996596463,3495.3990003403537,3790.5,3915.8,-0.014908579465541472,0
2021-11-29,3592.0,3650.0,3561.0,3597.0,133384758733,37077748,2368,3592.0,3583.0,40.882504263099904,-89.77584613261297,-75.75310454491724,4091.1033091058803,3478.3966908941197,3784.75,3898.66,-0.04074797655595874,0
2021-11-30,3560.0,3627.0,3540.0,3581.0,86015012895,24022159,2066,3597.0,3559.0,39.99318602901082,-93.13401018610875,-79.22928567315554,4094.9232350952034,3451.4767649047963,3773.2,3885.4,-0.03146951390840125,0
2021-12-01,3600.0,3617.0,3410.0,3464.0,100592800026,29041896,2611,3581.0,3460.0,36.46904904323635,-102.60113005495987,-83.90365454951642,4084.6060011350437,3411.3939988649563,3748.0,3871.2,0.01965317919075149,0
2021-12-04,3470.0,3513.0,3320.0,3395.0,124760024031,36751316,2800,3464.0,3430.0,35.44963801750713,-111.24230795727999,-89.37138523106913,4039.956753776174,3389.9432462238256,3714.95,3858.0,-0.005830903790087438,0
2021-12-05,3400.0,3550.0,3400.0,3466.0,122414661535,35314719,2442,3395.0,3502.0,39.79899032432351,-111.00115323166392,-93.69733883118809,4019.4251221813483,3369.7748778186515,3694.6,3849.04,0.02941176470588225,0
2021-12-06,3510.0,3530.0,3432.0,3474.0,77441159172,22288056,2185,3466.0,3437.0,37.352142463570814,-114.73242912206024,-97.90435688936253,3986.589447061502,3349.8105529384975,3668.2,3838.9,0.10503345941227815,1
2021-12-07,3432.0,3500.0,3400.0,3461.0,74320220122,21485259,2057,3474.0,3447.0,37.98384277521103,-115.55058055616519,-101.43360162272307,3948.342327447587,3338.0576725524124,3643.2,3825.88,0.09370467072816946,1
2021-12-08,3410.0,3555.0,3410.0,3495.0,174095136253,49810217,3048,3461.0,3528.0,42.997646802302675,-108.4132281976299,-102.82952693770446,3882.209505259733,3357.490494740267,3619.85,3816.24,0.037698412698412787,0
2021-12-11,3530.0,3540.0,3401.0,3463.0,110826996114,32001668,2576,3495.0,3410.0,38.157840676753686,-110.99891249567054,-104.46340404929768,3853.016827781616,3342.683172218384,3597.85,3805.82,0.0674486803519061,1
2021-12-26,3624.0,3675.0,3590.0,3618.0,270344068711,74715054,2090,1000.0,3605.0,48.47853208157738,-96.20423309959779,-102.81156985935772,3828.387585705983,3348.9124142940173,3588.65,3796.92,0.0005547850208045269,0
2021-12-27,3645.0,3798.0,3610.0,3781.0,835269163218,220940055,6849,3618.0,3798.0,56.259220841466295,-68.12060413572772,-95.87337671463173,3849.5145161906335,3340.585483809367,3595.05,3788.52,-0.06529752501316477,0
2021-12-28,3790.0,3845.0,3710.0,3788.0,268555627554,70894531,4236,3781.0,3770.0,54.96239729388448,-47.575075983000715,-86.21371656830553,3858.5025891703667,3337.0974108296336,3597.8,3779.0,-0.07294429708222816,0
2021-12-29,3792.0,3840.0,3651.0,3737.0,190918050184,51089874,3307,3788.0,3661.0,50.11907497998875,-39.63114280370701,-76.89720181538583,3851.401773873268,3338.398226126732,3594.9,3765.52,-0.05490303195848134,0
2022-01-01,3640.0,3682.0,3560.0,3622.0,171712691914,47410194,2502,3737.0,3640.0,49.21918462031369,-34.63084025236685,-68.44392950278203,3850.6018885351677,3338.298111464832,3594.45,3753.68,-0.05851648351648353,0
2022-01-02,3601.0,3659.0,3581.0,3614.0,102898166613,28469600,2235,3622.0,3607.0,47.767739658542794,-32.95104947564869,-61.34535349735536,3845.7471478992898,3337.3528521007106,3591.55,3744.2,-0.08649847518713616,0
2022-01-03,3614.0,3697.0,3535.0,3591.0,106669035846,29702980,2192,3614.0,3550.0,45.28372637408813,-35.806472092457625,-56.23757721637581,3807.0748244040146,3347.9251755959854,3577.5,3733.62,-0.08394366197183101,0
2022-01-04,3536.0,3550.0,3430.0,3494.0,223679415135,64025629,2349,3591.0,3495.0,42.96217651535838,-42.02303998776415,-53.39466977065348,3776.5128780433956,3350.387121956604,3563.45,3723.74,-0.07010014306151646,0
2022-01-05,3430.0,3510.0,3425.0,3474.0,67502871145,19463382,1685,3494.0,3460.0,41.50398134615662,-49.20669813949689,-52.55707544442217,3760.133356650203,3343.166643349797,3551.65,3716.22,-0.04797687861271671,0
2022-01-08,3430.0,3525.0,3425.0,3468.0,101909487991,29389525,2272,3474.0,3427.0,40.12126044637864,-56.90663887786877,-53.426988131111486,3761.618290774335,3330.7817092256646,3546.2,3708.54,-0.07207470090458123,0
2022-01-09,3430.0,3432.0,3295.0,3312.0,210114571944,63435343,3605,3468.0,3295.0,35.08598618424078,-72.82076180533522,-57.30574286595623,3774.7239946674795,3291.67600533252,3533.2,3695.28,-0.04097116843702575,0
2022-01-10,3220.0,3295.0,3170.0,3237.0,128388877922,39662985,2413,3312.0,3252.0,33.60636901541221,-87.88942493306149,-63.422479279377285,3786.013898843438,3247.2861011565624,3516.65,3682.3,-0.08179581795817958,0
2022-01-11,3310.0,3332.0,3218.0,3263.0,89944517416,27561646,1772,3237.0,3250.0,33.535530886187644,-98.85331285440816,-70.50864599438347,3793.5419915101807,3208.858008489819,3501.2,3665.5,-0.11753846153846159,0
2022-01-12,3285.0,3305.0,3222.0,3272.0,105999867884,32391929,1885,3263.0,3294.0,36.69691821978945,-102.80674854373137,-76.96826650425305,3798.5716539035625,3187.2283460964377,3492.9,3650.14,-0.16272009714632663,0
2022-01-15,3248.0,3280.0,3160.0,3223.0,63801585822,19867990,1743,3272.0,3180.0,32.39726547661151,-113.82659988387195,-84.33993318017684,3814.466101243661,3146.3338987563393,3480.4,3634.1,-0.18144654088050316,0
2022-01-16,3159.0,3222.0,3101.0,3143.0,74115360777,23603195,1856,3223.0,3160.0,31.69562768640047,-122.75865891237027,-92.02367832661552,3825.0574325430525,3101.542567456948,3463.3,3620.14,-0.20284810126582276,0
2022-01-17,3170.0,3195.0,2986.0,3018.0,220226484506,72966314,2844,3143.0,2986.0,26.349074220215797,-142.23809366219302,-102.06656139373104,3858.193589003523,3023.306410996477,3440.75,3606.36,-0.14768921634293364,0
2022-01-18,2868.0,2868.0,2868.0,2868.0,72079290132,25132249,672,3018.0,2868.0,23.459044441059348,-165.29191754125895,-114.71163262323662,3898.1203059714285,2925.479694028572,3411.8,3588.68,-0.09205020920502094,0
2022-01-19,2725.0,2820.0,2725.0,2740.0,626097659001,228466128,7884,2868.0,2758.0,21.132153277771906,-190.2452904659831,-129.81836419178592,3933.0935690950246,2813.506430904976,3373.3,3568.36,-0.057287889775199385,0
2022-01-22,2795.0,2850.0,2603.0,2651.0,286200272904,107941407,4367,2740.0,2603.0,18.36750650602329,-219.99228873502943,-147.85314910043462,3985.0691532228966,2680.830846777103,3332.95,3546.94,0.037264694583173164,0
2022-01-23,2526.0,2588.0,2519.0,2522.0,79166777666,31395792,990,2651.0,2519.0,17.06456925574392,-247.49216158131912,-167.78095159661154,4007.4614365184943,2549.838563481506,3278.65,3526.88,0.04843191742755071,0
2022-01-26,2550.0,2570.0,2396.0,2480.0,286812147802,115628493,4675,2522.0,2545.0,18.980335358453516,-264.1431484371724,-187.05339096472372,3970.433297250429,2461.566702749571,3216.0,3503.82,0.017681728880157177,0
2022-01-29,2551.0,2604.0,2500.0,2583.0,151546331963,58679462,2331,2480.0,2604.0,23.309530134161122,-269.47206237338514,-203.53712524645601,3912.0869298974876,2403.313070102512,3157.7,3480.1,-0.01651305683563753,0
2022-01-30,2699.0,2699.0,2561.0,2612.0,185153747241,70877982,3458,2583.0,2600.0,23.218946059938673,-270.89531902000954,-217.00876400116672,3859.226775417956,2350.073224582044,3104.65,3452.82,-0.05384615384615388,0
2022-01-31,2598.0,2722.0,2520.0,2664.0,198938439613,74669803,3171,2612.0,2700.0,30.491408867123553,-260.94607201642475,-225.79622560421834,3789.755532010354,2325.5444679896464,3057.65,3425.0,-0.1081481481481481,0
2022-02-01,2705.0,2738.0,2621.0,2665.0,135162174690,50726557,2571,2664.0,2641.0,28.760551261686828,-254.8838862214061,-231.61375772765592,3717.170111327847,2301.529888672153,3009.35,3399.64,-0.08746686861037489,0
2022-02-02,2620.0,2664.0,2585.0,2614.0,92303747393,35314464,2471,2665.0,2590.0,27.31703949758341,-251.29802685241475,-235.5506115526077,3645.8233084643757,2276.876691535624,2961.35,3372.14,-0.04594594594594592,0
2022-02-05,2614.0,2620.0,2560.0,2589.0,131385342996,50749506,4435,2614.0,2561.0,26.50248121857058,-247.93818800944564,-238.02812684397531,3574.1040999949664,2255.1959000050338,2914.65,3344.42,-0.05154236626317843,0
2022-02-06,2556.0,2556.0,2460.0,2492.0,123658747188,49626119,2020,2589.0,2460.0,23.836599423401438,-250.53730928051573,-240.52996333128343,3502.4114836286167,2226.8885163713835,2864.65,3313.72,-0.049186991869918706,0
2022-02-07,2400.0,2450.0,2382.0,2413.0,121961906881,50534485,2747,2492.0,2408.0,22.577398852109738,-253.8666799711773,-243.1973066592622,3425.9209078430567,2201.479092156943,2813.7,3284.88,-0.018687707641195983,0
2022-02-08,2376.0,2465.0,2376.0,2422.0,99734965162,41170328,2528,2413.0,2410.0,22.746435346407083,-253.4225495439614,-245.24235523620206,3363.7958504946255,2175.104149505374,2769.45,3257.3,-0.004149377593360981,0
2022-02-09,2405.0,2487.0,2396.0,2444.0,80161692931,32797209,2499,2422.0,2471.0,27.915801730322812,-245.3204809808267,-245.25798038512698,3294.661428772322,2166.1385712276783,2730.4,3233.32,-0.047349251315257024,0
2022-02-12,2487.0,2488.0,2409.0,2451.0,74064921549,30214367,2068,2444.0,2429.0,26.596201045135544,-239.52745881904593,-244.11187607191079,3214.5376902595726,2164.162309740427,2689.35,3207.6,-0.04940304652120209,0
2022-02-13,2450.0,2450.0,2329.0,2366.0,116170376826,49100553,2689,2451.0,2339.0,23.98028028454351,-239.43859577127932,-243.17722001178453,3108.644494668535,2174.5555053314647,2641.6,3180.0,0.013253527148354038,0
2022-02-14,2330.0,2383.0,2317.0,2362.0,78754226613,33346492,2226,2366.0,2363.0,26.068554801175367,-234.72579884472407,-241.48693577837244,3011.851386521853,2189.648613478147,2600.75,3154.28,0.016081252644942978,0
2022-02-16,2363.0,2445.0,2340.0,2396.0,98400670640,41074011,2444,2362.0,2400.0,29.29331174658138,-225.40693175018987,-238.27093497273594,2892.501952231056,2232.998047768944,2562.75,3128.98,0.005833333333333357,0
2022-02-19,2400.0,2420.0,2352.0,2372.0,68122350761,28715246,2032,2396.0,2354.0,27.67699132672945,-219.2066007587432,-234.4580681299374,2809.770368961414,2252.529631038586,2531.15,3099.44,-0.010195412064570974,0
2022-02-20,2358.0,2400.0,2287.0,2310.0,85768131340,37128654,2202,2372.0,2309.0,26.1565197361638,-215.4404542468269,-230.6545453533153,2751.556678992525,2254.8433210074745,2503.2,3070.1,0.019488956258120416,0
2022-02-21,2330.0,2376.0,2295.0,2349.0,104555996107,44506381,2304,2310.0,2370.0,31.638915471097377,-205.1685109198629,-225.55733846662486,2709.0541675534496,2258.545832446551,2483.8,3043.58,-0.008860759493670933,0
2022-02-22,2360.0,2406.0,2352.0,2385.0,74387172806,31195380,1988,2349.0,2401.0,34.308147192060545,-192.3096549124707,-218.90780175579405,2694.7448823207583,2252.6551176792414,2473.7,3020.88,-0.03373594335693464,0
2022-02-23,2405.0,2433.0,2390.0,2405.0,76591330537,31851814,1914,2385.0,2414.0,35.44646544976378,-179.00645257149426,-210.9275319189341,2689.9290960795133,2246.9709039204863,2468.45,2998.06,-0.016155758077879057,0
2022-02-26,2400.0,2400.0,2329.0,2359.0,60628339760,25701494,1959,2405.0,2330.0,31.632268253161214,-173.24461082205153,-203.39094769955761,2684.090017448206,2231.309982551794,2457.7,2973.0,0.06437768240343344,1
2022-02-27,2350.0,2371.0,2303.0,2347.0,53674620921,22874669,1571,2359.0,2354.0,33.82331602737186,-164.84151986938787,-195.68106213352368,2665.4213431986095,2224.97865680139,2445.2,2948.9,0.0709430756159728,1
2022-02-28,2350.0,2370.0,2347.0,2355.0,61778399181,26237828,1544,2347.0,2349.0,33.581854028647,-156.77822616152434,-187.90049493912383,2644.6068588184885,2220.6931411815117,2432.65,2926.68,0.06641123882503197,1
2022-03-02,2360.0,2377.0,2317.0,2334.0,62921609573,26962530,1903,2355.0,2320.0,32.14833402752245,-150.98757466776715,-180.5179108848525,2591.76375578602,2235.5362442139804,2413.65,2904.48,0.06034482758620685,1
2022-03-05,2320.0,2408.0,2320.0,2362.0,160657639749,68028611,2940,2334.0,2375.0,37.58966307579457,-140.3426189428269,-172.4828524964474,2545.1882200947066,2255.511779905293,2400.35,2881.94,0.010526315789473717,0
2022-03-06,2405.0,2480.0,2390.0,2457.0,251860598547,102492476,3577,2362.0,2480.0,46.42316348818305,-122.02713945527739,-162.39170988821343,2517.048649747872,2272.651350252128,2394.85,2862.8,-0.029032258064516148,0
2022-03-07,2579.0,2579.0,2517.0,2570.0,466001584289,181343106,4352,2457.0,2521.0,49.43286807064632,-103.01612687152465,-150.51659328487568,2505.00217340829,2280.6978265917096,2392.85,2844.28,-0.04799682665608884,0
2022-03-08,2500.0,2570.0,2494.0,2519.0,133888274132,53149154,2647,2570.0,2505.0,48.292750719174755,-88.22383921335359,-138.05804247057125,2514.144361480093,2276.055638519907,2395.1,2823.82,-0.043912175648702645,0
2022-03-09,2499.0,2550.0,2450.0,2490.0,188507955999,75715235,3254,2519.0,2460.0,45.139437551365546,-79.21878376363702,-126.2901907291844,2519.985076768193,2275.414923231807,2397.7,2804.82,0.005284552845528534,0
2022-03-12,2450.0,2460.0,2391.0,2405.0,133642727736,55560056,2292,2490.0,2400.0,41.2700390349863,-76.04708751370345,-116.24157008608822,2519.361532407722,2275.038467592278,2397.2,2780.72,0.05916666666666659,1
2022-03-13,2395.0,2459.0,2372.0,2406.0,97540241630,40533583,2179,2405.0,2408.0,41.98413651082057,-72.05733019522313,-107.4047221079152,2511.5990961266957,2276.5009038733047,2394.05,2752.92,0.09925249169435224,1
2022-03-14,2428.0,2445.0,2380.0,2404.0,73354653167,30518025,1618,2406.0,2400.0,41.44148899355039,-68.74846243635466,-99.6734701736031,2509.099613734137,2276.1003862658627,2392.6,2725.52,0.09125000000000005,1
2022-03-15,2430.0,2430.0,2387.0,2400.0,83283230449,34702275,1643,2404.0,2395.0,41.08407560629522,-65.77144681403479,-92.89306550168945,2509.2743166838027,2281.5256833161975,2395.4,2700.2,0.14613778705636737,1
2022-03-16,2410.0,2492.0,2400.0,2449.0,88613562638,36185158,1933,2400.0,2473.0,48.54019542536437,-56.46727278727076,-85.60790695880571,2518.546759412245,2283.253240587755,2400.9,2676.86,0.07763849575414472,1
2022-03-19,2510.0,2568.0,2474.0,2521.0,151295149949,60009537,2517,2449.0,2542.0,54.076890893404446,-43.02990256359817,-77.09230607976421,2540.7433614166907,2275.2566385833093,2408.0,2655.56,0.08143194335169168,1
2022-03-26,2571.0,2647.0,2510.0,2614.0,271613738420,103904504,4032,2521.0,2647.0,60.960438589134185,-23.635610763699333,-66.40096701655125,2588.792438889651,2256.5075611103493,2422.65,2637.5,0.08462410275783916,1
2022-03-27,2650.0,2682.0,2600.0,2639.0,155090219177,58772141,2996,2614.0,2619.0,58.44462179990904,-10.404919344819064,-55.20175748220481,2616.390595825419,2259.909404174581,2438.15,2619.98,0.06796487208858348,1
2022-03-28,2640.0,2770.0,2576.0,2712.0,388468981340,143264705,4987,2639.0,2745.0,65.3704933097101,10.130863611224413,-42.13523326351897,2676.5951524276293,2237.204847572371,2456.9,2605.68,0.04954462659380687,0
2022-03-29,2763.0,2763.0,2650.0,2694.0,170462874057,63270755,3100,2712.0,2665.0,58.68299635852822,19.722934433068076,-29.763599724201562,2705.907463834795,2234.2925361652046,2470.1,2590.44,0.036397748592870593,0
2022-03-30,2635.0,2795.0,2635.0,2735.0,190279278928,69574232,2824,2694.0,2749.0,62.96695474059241,33.714181550660214,-17.06804346922921,2750.3087443988097,2223.39125560119,2486.85,2579.52,0.04510731174972715,0
2022-04-03,2750.0,2871.0,2750.0,2859.0,332212416012,116194320,2593,2735.0,2871.0,68.13468532727131,54.02397138295419,-2.84964049879253,2815.6905896481794,2212.1094103518208,2513.9,2571.9,0.022640195053988066,0
2022-04-04,3001.0,3001.0,2781.0,2880.0,480999754876,166995735,6317,2859.0,2797.0,62.44288122143333,63.41740818736707,10.403769238439391,2852.326129355654,2219.7738706443465,2536.05,2562.84,0.054701465856274556,1
2022-04-05,2830.0,2928.0,2820.0,2885.0,284984724861,98789256,3905,2880.0,2881.0,65.92286350961466,76.75508764168035,23.674032919087583,2900.290207913976,2225.0097920860244,2562.65,2554.58,-0.028462339465463393,0
2022-04-06,2879.0,2910.0,2752.0,2817.0,237417670049,84290351,3666,2885.0,2762.0,57.757994368580036,76.83725715555374,34.306677766380815,2913.7173996009196,2255.7826003990804,2584.75,2546.22,0.004344677769732019,0
2022-04-09,2750.0,2877.0,2723.0,2824.0,226744001057,80290155,3200,2817.0,2873.0,62.43202593563892,84.88069757633139,44.421481728370935,2946.633842342908,2272.6661576570923,2609.65,2540.48,-0.04907761921336584,0
2022-04-10,2900.0,2965.0,2880.0,2948.0,487650030266,165407549,4899,2824.0,2936.0,64.81185486560052,95.2408779906009,54.58536098081693,2992.196841543033,2272.703158456967,2632.45,2539.48,-0.06505449591280654,0
2022-04-11,2942.0,2983.0,2900.0,2946.0,190098881563,64533520,3221,2948.0,2950.0,65.33734189087917,103.38927144348281,64.3461430733501,3035.030896150111,2272.7691038498892,2653.9,2541.12,-0.07118644067796609,0
2022-04-12,2799.0,2878.0,2799.0,2802.0,373819033894,133431490,2813,2946.0,2799.0,55.679226095168985,96.54953102686932,70.78682066405395,3048.3011456398117,2288.898854360188,2668.6,2541.94,-0.01571989996427292,0
2022-04-13,2672.0,2820.0,2672.0,2766.0,148634138457,53744446,2894,2802.0,2774.0,54.24943075896581,88.09617849502865,74.24869223024889,3054.037798987586,2314.5622010124143,2684.3,2545.36,0.010093727469358438,0
2022-04-16,2775.0,2810.0,2715.0,2745.0,179928535888,65541588,4106,2766.0,2732.0,51.84092656887308,77.11880909264573,74.82271560272827,3047.1564945241944,2354.643505475806,2700.9,2549.62,0.02562225475841884,0
2022-04-17,2735.0,2772.0,2690.0,2734.0,207815278866,76016451,3387,2745.0,2745.0,52.54323693472616,68.67649620938073,73.59347172405876,3037.1067754098576,2398.3932245901424,2717.75,2553.62,0.06666666666666665,1
2022-04-18,2703.0,2834.0,2703.0,2778.0,235113563259,84632303,4694,2734.0,2740.0,52.227762831433616,60.88064997651645,71.05090737455029,3018.895649271956,2450.604350728044,2734.75,2556.34,0.06569343065693434,1
2022-04-19,2755.0,2796.0,2715.0,2763.0,160073809991,57928451,3017,2778.0,2755.0,53.13680642326386,55.275577857019016,67.89584147104404,2990.318411200185,2515.181588799815,2752.75,2559.44,0.04355716878402904,0
2022-04-20,2770.0,2819.0,2762.0,2786.0,193982204059,69628469,3233,2763.0,2802.0,55.96432257177932,54.00350622086489,65.11737442100821,2969.673040581967,2568.7269594180325,2769.2,2561.48,0.017130620985010614,0
2022-04-24,2835.0,2835.0,2759.0,2789.0,196975819496,70625780,3174,2786.0,2802.0,55.96432257177932,52.39144432677449,62.572188402161466,2953.6778119762967,2610.722188023703,2782.2,2564.7,0.025695931477516032,0
2022-04-25,2800.0,2928.0,2755.0,2886.0,621414162669,215347306,5913,2789.0,2928.0,62.92020983523508,60.582661425971764,62.17428300692353,2967.161526820684,2625.338473179316,2796.25,2571.46,-0.009221311475409832,0
2022-04-26,2950.0,2969.0,2902.0,2934.0,344670687245,117486089,4970,2886.0,2920.0,62.24788894527061,65.67170432219791,62.873767269978416,2969.679417855277,2652.9205821447235,2811.3,2578.64,-0.004452054794520599,0
2022-04-27,2944.0,2944.0,2840.0,2876.0,224554748889,78065637,4381,2934.0,2875.0,58.4636415848204,65.32070711186543,63.363155238355816,2975.430707668829,2660.169292331171,2817.8,2586.94,0.059826086956521696,1
2022-04-30,2877.0,2900.0,2830.0,2863.0,226733400494,79202946,3898,2876.0,2850.0,56.41183101046913,62.30701178055824,63.151926546796304,2968.6232672511846,2685.4767327488157,2827.05,2595.78,0.06982456140350868,1
2022-05-01,2834.0,2908.0,2834.0,2875.0,213475028171,74245368,3345,2863.0,2874.0,57.937981725963624,61.15033296793217,62.751607831023485,2971.536174716226,2695.0638252837743,2833.3,2605.06,0.05323590814196244,1
2022-05-02,2880.0,2909.0,2858.0,2885.0,131576144624,45612204,2717,2875.0,2901.0,59.64962621687586,61.70107939145373,62.54150214310954,2975.2729155395264,2694.327084460474,2834.8,2613.66,0.07618062736987241,1
2022-05-07,2920.0,2929.0,2863.0,2902.0,236431737072,81460718,3972,2885.0,2907.0,60.038791634493506,61.90806215186012,62.414814144859655,2983.0180437091767,2697.5819562908237,2840.3,2623.22,0.06639146886824898,1
2022-05-08,2929.0,3047.0,2890.0,3020.0,780628172934,258505248,8980,2902.0,3047.0,67.8342524989687,72.53281431853975,64.43841417959568,3016.845534859544,2680.354465140456,2848.6,2637.38,0.023957991467016715,0
2022-05-09,3110.0,3171.0,3031.0,3102.0,638199638030,205740593,9975,3020.0,3049.0,67.93049835463532,80.1900097275493,67.58873328918641,3047.3815320116737,2678.518467988326,2862.95,2651.1,0.059035749426041395,1
2022-05-10,3030.0,3079.0,2987.0,3031.0,300605447041,99174615,4809,3102.0,3027.0,65.60506897824627,83.52040488016337,70.7750676073818,3068.4885958304717,2672.8114041695285,2870.65,2663.64,0.04228609184010579,0
2022-05-11,3050.0,3178.0,3050.0,3113.0,261346499527,83961962,4394,3031.0,3122.0,70.32855522620774,92.75623692417594,75.17130147074063,3104.8397285341684,2655.060271465831,2879.95,2679.0,-0.00992953235105698,0
2022-05-14,3136.0,3182.0,3031.0,3092.0,317047848489,102550256,5477,3113.0,3100.0,67.9996145697938,97.18025078288429,79.57309133316936,3130.4590327542815,2644.440967245718,2887.45,2694.82,-0.0370967741935484,0
2022-05-15,3140.0,3165.0,3052.0,3104.0,321881718494,103707484,4543,3092.0,3120.0,69.00450184227468,101.13433285699557,83.8853396379346,3162.872704809451,2644.127295190549,2903.5,2709.82,-0.0509615384615385,0
2022-05-16,3135.0,3256.0,3074.0,3195.0,541494220240,169505887,8376,3104.0,3229.0,73.82816990321014,111.77488909332806,89.46324952901331,3214.4165317141624,2638.0834682858376,2926.25,2726.38,-0.1251161350263239,0
2022-05-17,3259.0,3293.0,3126.0,3215.0,365197062365,113588656,5782,3195.0,3155.0,66.28609043955385,112.93458541417795,94.15751670604624,3237.5195615606917,2657.2804384393085,2947.4,2741.2,-0.11885895404120439,0
2022-05-18,3170.0,3188.0,3070.0,3109.0,224509318021,72208133,4566,3215.0,3091.0,60.52703404229759,107.45076246995222,96.81616585882745,3245.597205397574,2683.802794602426,2964.7,2756.42,-0.09737948883856362,0
2022-05-21,3080.0,3080.0,2977.0,3015.0,301104473041,99866741,4944,3109.0,2985.0,52.40585132797066,93.47396942282467,96.14772657162689,3238.268560382086,2715.6314396179137,2976.95,2769.04,-0.090787269681742,0
2022-05-22,2873.0,2983.0,2873.0,2946.0,530948597578,180252571,7019,3015.0,2961.0,50.74565736191891,79.54373020444427,92.82692729819037,3228.209643924383,2746.290356075617,2987.25,2781.28,-0.09152313407632562,0
2022-05-23,2960.0,2991.0,2800.0,2846.0,380446962098,133654363,5295,2946.0,2825.0,42.52453719217632,56.87424101392526,85.63639004133736,3226.0084173596665,2750.7915826403337,2988.4,2791.38,-0.05982300884955749,0
2022-05-24,2826.0,2868.0,2760.0,2805.0,251653403625,89723697,4368,2846.0,2780.0,40.20364063253336,34.8753621209089,75.48418445725167,3228.526117989254,2746.0738820107463,2987.3,2799.48,-0.043165467625899234,0
2022-05-25,2800.0,2830.0,2760.0,2794.0,270243235468,96731752,4936,2805.0,2790.0,40.974592654009065,18.040054018165392,63.99535836943442,3235.5112698415455,2725.2887301584547,2980.4,2805.68,-0.02974910394265229,0
2022-05-28,2810.0,2849.0,2695.0,2733.0,228309924626,83524998,4422,2794.0,2714.0,37.06350645321681,-1.4182649115414279,50.91263371323926,3249.6023434609565,2690.5976565390433,2970.1,2809.54,-0.05121591746499632,0
2022-05-29,2680.0,2700.0,2602.0,2657.0,151571652240,57035960,3196,2733.0,2690.0,35.89820624415992,-18.561753931550356,37.01775618428134,3263.606849633773,2658.093150366227,2960.85,2813.24,-0.035687732342007394,0
2022-05-30,2730.0,2730.0,2600.0,2657.0,130102288334,48971417,2746,2657.0,2656.0,34.25508818505996,-34.4939831759275,22.715408312239575,3278.891529257688,2623.408470742312,2951.15,2817.16,-0.02108433734939763,0
2022-05-31,2600.0,2700.0,2600.0,2661.0,122814738203,46148878,2680,2657.0,2660.0,34.63415230270793,-46.26431682122666,8.919463285546328,3290.7638450021186,2590.136154997881,2940.45,2822.36,-0.044360902255639045,0
2022-06-01,2680.0,2750.0,2640.0,2705.0,133206589312,49240454,3065,2661.0,2707.0,39.07883992216359,-51.209571764737575,-3.1063437245104533,3295.348340643741,2566.151659356259,2930.75,2828.34,-0.039527151828592566,0
2022-06-06,2740.0,2740.0,2570.0,2596.0,204330570353,78701126,3758,2705.0,2575.0,32.41280329080186,-65.0303889225911,-15.491152764126584,3310.4182298647856,2517.8817701352145,2914.15,2831.84,0.05242718446601935,1
2022-06-07,2573.0,2627.0,2568.0,2598.0,110036640284,42360185,2163,2596.0,2594.0,34.15389042544099,-73.60190790469733,-27.113303792240735,3306.1634780158147,2476.8365219841853,2891.5,2835.82,0.0427910562837317,0
2022-06-08,2600.0,2634.0,2597.0,2601.0,82881287175,31868844,1865,2598.0,2600.0,34.72573812058255,-79.00008479489816,-37.49065999277222,3295.6212015598026,2442.478798440198,2869.05,2838.36,0.0361538461538462,0
2022-06-11,2550.0,2605.0,2520.0,2567.0,97504644749,37984102,2494,2601.0,2542.0,31.84652549393627,-86.95592042346107,-47.383712078909994,3287.5340510963388,2402.0659489036616,2844.8,2838.36,0.031077891424075466,0
2022-06-12,2584.0,2623.0,2513.0,2581.0,130496726463,50562027,2742,2567.0,2600.0,37.43317059799166,-87.57139368887692,-55.42124840090338,3254.482101514251,2382.9178984857485,2818.7,2837.42,0.012307692307692353,0
2022-06-13,2601.0,2710.0,2601.0,2705.0,270108939217,99844703,2282,2581.0,2710.0,46.40598616372694,-78.28070871233558,-59.99314046318982,3217.43706196388,2380.96293803612,2799.2,2839.24,-0.03690036900369009,0
2022-06-14,2740.0,2787.0,2692.0,2747.0,194795216664,70924751,3905,2705.0,2705.0,46.08248008899174,-70.50845457159949,-62.096203284871756,3171.377715998986,2385.5222840010138,2778.45,2838.44,-0.061367837338262454,0
2022-06-15,2704.0,2735.0,2656.0,2691.0,71348096122,26517326,1566,2747.0,2694.0,45.33372938117302,-64.49305939499345,-62.5755745068961,3086.8973150253173,2416.5026849746823,2751.7,2839.02,-0.06458797327394206,0
2022-06-18,2680.0,2680.0,2581.0,2606.0,89440667651,34314575,2424,2691.0,2621.0,40.61716402270776,-64.86854112961873,-63.03416783144063,3008.5348303122278,2441.4651696877722,2725.0,2836.46,-0.05188859214040442,0
2022-06-19,2600.0,2632.0,2580.0,2606.0,120788729551,46350513,2110,2606.0,2632.0,41.60309999158204,-63.54598646438626,-63.13653155802976,2932.7528174951176,2471.3471825048828,2702.05,2831.68,-0.037234042553191515,0
2022-06-20,2648.0,2649.0,2585.0,2612.0,107810817586,41269759,1717,2606.0,2610.0,40.166721669299584,-63.54061188092055,-63.21734762260792,2876.949270590382,2489.650729409618,2683.3,2827.94,-0.03409961685823759,0
2022-06-21,2586.0,2628.0,2535.0,2564.0,84973721529,33144863,2024,2612.0,2539.0,35.863301348508045,-68.4761091516416,-64.26909992841466,2818.5976981933827,2505.802301806617,2662.2,2821.1,0.0023631350925561456,0
2022-06-22,2550.0,2585.0,2500.0,2547.0,95537787201,37509214,1931,2564.0,2520.0,34.78913643270734,-73.0782667380854,-66.03093329034881,2796.1927217662205,2497.707278233779,2646.95,2816.26,0.003968253968253954,0
2022-06-25,2500.0,2559.0,2485.0,2513.0,177612691265,70688152,3047,2547.0,2485.0,32.837962321740704,-78.64316779027831,-68.5533801903347,2784.213946729208,2480.1860532707915,2632.2,2808.5,-0.01810865191146882,0
2022-06-26,2500.0,2550.0,2468.0,2493.0,169040514442,67793420,1838,2513.0,2534.0,38.0743931029339,-78.198082656922,-70.48232068365218,2758.6887648024476,2480.1112351975526,2619.4,2800.46,-0.02209944751381221,0
2022-06-27,2501.0,2573.0,2501.0,2540.0,80218133848,31585702,2048,2493.0,2521.0,37.244717829639654,-77.99526002928496,-71.98490855277873,2748.2258101626135,2471.2741898373865,2609.75,2791.88,-0.01864339547798488,0
2022-06-28,2550.0,2575.0,2527.0,2543.0,108737749424,42766212,1948,2540.0,2545.0,39.85062447367263,-75.03298862553174,-72.59452456732934,2738.5727746472185,2466.4272253527815,2602.5,2786.8,0.00982318271119853,0
2022-06-29,2500.0,2565.0,2492.0,2525.0,97587141837,38650465,1673,2543.0,2530.0,38.76710520237264,-73.05362511973635,-72.68634467781075,2733.443724811713,2458.956275188287,2596.2,2781.92,0.005138339920948587,0
2022-07-02,2500.0,2525.0,2435.0,2469.0,90266441214,36558707,2074,2525.0,2440.0,32.97402654108197,-77.84980898135291,-73.71903753851919,2734.9245470862875,2435.475452913712,2585.2,2776.08,0.02786885245901649,0
2022-07-03,2460.0,2499.0,2426.0,2467.0,71918219567,29151184,1654,2469.0,2478.0,37.23849744596572,-77.68898654835903,-74.51302734048716,2719.435792032699,2428.064207967301,2573.75,2770.74,-0.007667473769168653,0
2022-07-04,2459.0,2519.0,2453.0,2478.0,55814230549,22513686,1449,2467.0,2474.0,36.971839723646326,-76.99672980970672,-75.00976783433107,2720.726445068597,2416.6735549314026,2568.7,2765.42,-0.021827000808407382,0
2022-07-05,2471.0,2572.0,2471.0,2536.0,143222362836,56465771,2664,2478.0,2570.0,46.81523998456751,-67.91878815053815,-73.59157189757249,2719.0869387519756,2415.9130612480244,2567.5,2761.72,-0.08093385214007787,0
2022-07-06,2500.0,2605.0,2500.0,2562.0,132355414391,51656191,2350,2536.0,2543.0,44.70076438192954,-62.18628356685349,-71.3105142314287,2715.828404543094,2413.471595456906,2564.65,2756.54,-0.09948879276445144,0
2022-07-09,2549.0,2589.0,2477.0,2512.0,87037611886,34652765,1814,2562.0,2508.0,42.049430014490845,-59.77835224269165,-69.0040818336813,2715.8636684544435,2410.036331545556,2562.95,2750.66,-0.11084529505582141,0
2022-07-11,2529.0,2575.0,2450.0,2506.0,104034176392,41513334,2174,2512.0,2459.0,38.59779572982778,-61.11939348737724,-67.4271441644205,2714.2362245356258,2397.5637754643744,2555.9,2741.28,-0.12159414396095969,0
2022-07-12,2450.0,2500.0,2410.0,2439.0,142796215779,58544952,2735,2506.0,2420.0,36.06061720396137,-64.58466063364222,-66.85864745826484,2693.629300728201,2389.170699271799,2541.4,2731.28,-0.11942148760330573,0
2022-07-20,2361.0,2380.0,2353.0,2368.0,40579677986,17170736,585,2379.0,2362.0,32.62584197757644,-71.1903866242078,-67.72499529145344,2676.174816933239,2372.325183066761,2524.25,2721.02,-0.08128704487722271,0
2022-07-23,2349.0,2349.0,2260.0,2301.0,245175836049,106537632,4857,2368.0,2290.0,28.940631059352583,-81.2981162564256,-70.43961948444787,2667.3307092102423,2340.769290789758,2504.05,2709.82,-0.06550218340611358,0
2022-07-24,2278.0,2332.0,2222.0,2273.0,133000771719,58510761,2804,2301.0,2230.0,26.276967874540432,-93.0771281761813,-74.96712122279456,2677.934743518844,2291.065256481156,2484.5,2696.94,-0.07309417040358746,0
2022-07-25,2220.0,2230.0,2160.0,2165.0,105912098064,48911996,1959,2273.0,2160.0,23.553297752449495,-106.82903633922433,-81.33950424608052,2688.711237651268,2233.088762348732,2460.9,2682.12,-0.036111111111111094,0
2022-07-26,2144.0,2199.0,2115.0,2145.0,89576789811,41752822,2297,2165.0,2131.0,22.512222162161024,-118.69928875939468,-88.81146114874335,2695.6471008732105,2178.252899126789,2436.95,2666.6,-0.023463162834350015,0
2022-07-27,2140.0,2179.0,2140.0,2160.0,62252557048,28822022,1544,2145.0,2170.0,27.17416865945583,-123.53553451583184,-95.75627582216106,2697.304949741222,2139.695050258778,2418.5,2649.06,0.004147465437787989,0
2022-07-30,2171.0,2220.0,2130.0,2175.0,94516598614,43446304,2018,2160.0,2140.0,25.884112297368887,-128.30996598294587,-102.26701385431802,2699.0666870668474,2099.9333129331526,2399.5,2630.88,0.0542056074766355,1
2022-07-31,2130.0,2133.0,2067.0,2073.0,158973030231,76682279,3002,2175.0,2067.0,23.02026987644527,-136.41175740609242,-109.0959625646729,2708.209101816391,2048.990898183609,2378.6,2611.68,0.14175133043057575,1
2022-08-01,2060.0,2110.0,2058.0,2084.0,79936166298,38356454,1908,2073.0,2082.0,24.8599420959074,-140.00818365036866,-115.27840678181207,2701.4903761325477,2010.509623867452,2356.0,2590.88,0.17867435158501443,1
2022-08-02,2103.0,2103.0,2060.0,2076.0,39842849485,19214152,1457,2084.0,2081.0,24.817361366674888,-141.31013374317354,-120.48475217408436,2690.521528102036,1977.478471897964,2334.0,2570.5,0.23113887554060542,1
2022-08-03,2062.0,2179.0,2062.0,2149.0,204981186214,95388687,2699,2076.0,2179.0,36.32738976456854,-132.90214440000727,-122.96823061926895,2664.5106076371703,1966.8893923628293,2315.7,2551.68,0.2290041303350161,1
2022-08-06,2180.0,2256.0,2180.0,2248.0,176027314759,78295404,2223,2149.0,2256.0,43.629673659714676,-118.65768386732725,-122.10612126888061,2637.3296885159634,1966.6703114840366,2302.0,2532.22,0.2353723404255319,1
2022-08-09,2280.0,2360.0,2180.0,2338.0,257762633784,110230733,3271,2248.0,2360.0,51.68869213645584,-97.84897337742314,-117.25469169058913,2628.523826675496,1967.476173324504,2298.0,2516.32,0.19661016949152543,1
2022-08-10,2389.0,2454.0,2351.0,2440.0,358848520896,147048301,4920,2338.0,2454.0,57.59036741446219,-72.93218910895166,-108.39019117426164,2624.866212829382,1968.7337871706181,2296.8,2503.58,0.154441727791361,1
2022-08-13,2499.0,2562.0,2454.0,2551.0,178434852303,69936248,1717,2440.0,2562.0,63.15888801649826,-43.96397135890811,-95.50494721119094,2640.811896140599,1961.5881038594007,2301.2,2495.12,0.06479313036690093,1
2022-08-14,2678.0,2678.0,2572.0,2655.0,754475831430,284170360,7298,2551.0,2678.0,68.01647479328213,-11.513499089114248,-78.7066575867756,2665.9947133726546,1947.2052866273452,2306.6,2489.46,-0.00933532486930544,0
2022-08-15,2695.0,2787.0,2681.0,2767.0,827301417125,299036566,6564,2655.0,2787.0,71.78155404559044,22.737024758605912,-58.4179211176993,2723.211968171334,1914.3880318286665,2318.8,2488.7,-0.0226049515608181,0
2022-08-16,2815.0,2905.0,2801.0,2885.0,762460096394,264314836,7589,2767.0,2824.0,72.94579398770884,52.263936322960944,-36.28154962956725,2788.9529024890353,1880.2470975109647,2334.6,2489.58,-0.022308781869688432,0
2022-08-17,2881.0,2990.0,2820.0,2871.0,410149105487,142838715,4821,2885.0,2833.0,73.23506246206483,75.51990479847609,-13.921258743958584,2854.920613611731,1851.6793863882692,2353.3,2490.44,0.006353688669255231,0
2022-08-20,2848.0,2848.0,2728.0,2730.0,508900625470,186390401,4318,2871.0,2728.0,64.561959742318,84.50369884854126,5.763732774541385,2895.828864700282,1841.5711352997175,2368.7,2490.72,0.003665689149560114,0
2022-08-21,2661.0,2779.0,2638.0,2692.0,277152862055,102949595,3714,2730.0,2653.0,59.171513045263225,84.59637283251186,21.530260786135482,2924.7057692002254,1841.7942307997748,2383.25,2489.98,0.05352431209950992,1
2022-08-22,2696.0,2825.0,2672.0,2757.0,326173894333,118304564,3521,2692.0,2724.0,62.374207283912725,89.36873708966823,35.09795604684203,2964.2118259815397,1845.68817401846,2404.95,2491.34,0.06901615271659334,1
2022-08-23,2750.0,2810.0,2712.0,2757.0,191923835332,69611823,2890,2757.0,2761.0,63.960764788255815,95.04088872032162,47.08654258153795,3005.248202611742,1857.7517973882582,2431.5,2493.36,0.06881564650488947,1
2022-08-24,2750.0,2851.0,2750.0,2798.0,193958041351,69321729,2375,2757.0,2851.0,67.54560011549151,105.5812822916846,58.78549052356728,3053.3027479716056,1878.7972520283947,2466.05,2496.24,0.02981410031567866,0
2022-08-27,2849.0,2870.0,2730.0,2801.0,138035628640,49284180,2330,2798.0,2738.0,59.53790042989215,103.62197489270466,67.75278739739475,3073.9127357904763,1918.887264209524,2496.4,2499.5,0.04090577063550027,0
2022-08-28,2768.0,2820.0,2706.0,2774.0,129483432594,46681808,1961,2801.0,2795.0,61.98603337010812,105.45303633347294,75.29283718461039,3098.736429536019,1956.5635704639813,2527.65,2503.52,0.0429338103756709,0
2022-08-29,2810.0,2912.0,2810.0,2905.0,558690245133,192312353,4302,2774.0,2912.0,66.47048682074751,115.01921795990393,83.2381133396691,3131.643977682992,2000.856022317008,2566.25,2509.76,0.001717032967033072,0
2022-08-30,2970.0,3050.0,2914.0,2987.0,631105743018,211307366,6743,2905.0,2951.0,67.83269786811556,124.31444039702365,91.45337875114001,3150.461286919258,2070.4387130807418,2610.45,2517.94,-0.03592002710945441,0
2022-08-31,2975.0,3001.0,2900.0,2951.0,231963896966,78600786,2787,2987.0,2936.0,66.71011051382277,128.98375210249333,98.95945342141067,3152.8135968331,2153.4864031669003,2653.15,2524.66,-0.06709809264305178,0
2022-09-03,2931.0,2931.0,2810.0,2842.0,203697265218,71679595,2420,2951.0,2850.0,60.52551340717339,124.31174557996974,104.0299118531225,3122.9107464464428,2260.289253553557,2691.6,2527.46,-0.05298245614035091,0
2022-09-04,2871.0,2924.0,2870.0,2893.0,78927776174,27282531,919,2842.0,2915.0,63.29526863927734,124.41986872522875,108.10790322754376,3099.939715239415,2356.8602847605853,2728.4,2531.66,-0.07753001715265861,0
2022-09-05,2975.0,3016.0,2885.0,2952.0,309506745823,104832739,3671,2893.0,2917.0,63.38040982677615,123.24623450883473,111.13556948380196,3071.5373909080845,2451.362609091915,2761.45,2536.12,-0.060678779568049346,0
2022-09-06,2899.0,2949.0,2830.0,2866.0,111054954152,38755291,1858,2952.0,2845.0,58.15089674399018,115.17861528506273,111.94417864405412,3036.6295518670163,2534.7704481329833,2785.7,2540.6,-0.026713532513180982,0
2022-09-07,2830.0,2850.0,2724.0,2765.0,173731677346,62841290,2793,2866.0,2739.0,51.42378965080049,99.08941372472827,109.37322566018895,3001.4061738944247,2598.493826105575,2799.95,2542.74,0.004381161007666945,0
2022-09-10,2729.0,2760.0,2642.0,2711.0,106975621444,39458879,1716,2765.0,2699.0,49.114794271244726,82.16380664783037,103.93134185771724,2983.1832191569833,2630.416780843017,2806.8,2544.52,-0.03408669877732495,0
2022-09-11,2670.0,2834.0,2670.0,2736.0,107980325327,39459794,2013,2711.0,2689.0,48.528146558343444,67.16894290783557,96.57886206774091,2982.185093731723,2632.5149062682767,2807.35,2547.52,-0.06507995537374489,0
2022-09-12,2700.0,2840.0,2689.0,2770.0,115826120022,41814678,1974,2736.0,2740.0,51.696944284566776,58.72374832057085,89.0078393183069,2982.1146521329633,2627.8853478670367,2805.0,2551.92,-0.08394160583941601,0
2022-09-13,2740.0,2850.0,2740.0,2793.0,95444819702,34177994,1431,2770.0,2769.0,53.45179491115304,53.75131668302129,81.9565347912498,2979.8066106912966,2624.6933893087034,2802.25,2557.6,-0.06825568797399784,0
2022-09-14,2810.0,2810.0,2712.0,2744.0,63683149371,23230333,1360,2793.0,2751.0,52.184532545846906,47.807088856643986,75.12664560432863,2976.46239440987,2619.8376055901304,2798.15,2561.94,-0.12831697564521993,0
2022-09-18,2717.0,2721.0,2607.0,2623.0,219581823492,83698697,2226,2744.0,2607.0,43.33335200635067,31.11794068661493,66.3249046207859,2986.96497889611,2597.2350211038897,2792.1,2563.66,-0.04296125815113161,0
2022-09-19,2570.0,2638.0,2501.0,2536.0,139643288728,55063288,2443,2623.0,2514.0,38.76081299714131,10.268973423069838,55.11371838124269,3007.360058278607,2562.939941721393,2785.15,2563.04,-0.005966587112171795,0
2022-09-20,2515.0,2570.0,2493.0,2529.0,84913762135,33580180,1426,2536.0,2510.0,38.572286566451105,-6.5018011956403825,42.79061446586608,3026.0707264916437,2522.829273508356,2774.45,2562.64,-0.04980079681274896,0
2022-09-21,2455.0,2580.0,2454.0,2499.0,76315925963,30534641,1590,2529.0,2580.0,43.73023723092942,-13.983156794964543,31.435860213699957,3030.9397522032873,2499.860247796713,2765.4,2565.44,-0.09999999999999998,0
2022-09-24,2554.0,2559.0,2387.0,2456.0,96344134166,39233333,2133,2499.0,2398.0,35.40594906733753,-34.20378403893665,18.30793136317264,3049.328456516737,2436.171543483263,2742.75,2563.84,-0.006255212677231059,0
2022-09-26,2410.0,2529.0,2406.0,2472.0,73565157081,29761652,1488,2456.0,2495.0,41.768196340176075,-41.91847736069349,6.262649618399415,3055.6713152528005,2405.5286847471993,2730.6,2564.26,-0.04088176352705408,0
2022-09-28,2500.0,2575.0,2492.0,2510.0,45145533418,17882668,1201,2472.0,2499.0,42.0218001014135,-47.16596099043818,-4.423072503368105,3054.464199466355,2377.1358005336456,2715.8,2562.84,-0.0680272108843537,0
2022-10-01,2510.0,2510.0,2385.0,2392.0,159266339933,66584060,1622,2510.0,2385.0,37.06713795169685,-59.83375060359458,-15.5052081234134,3044.5598280816635,2334.340171918336,2689.45,2559.68,-0.049056603773584895,0
2022-10-02,2305.0,2370.0,2303.0,2322.0,87584940130,37716759,1481,2392.0,2322.0,34.63663858102794,-74.10243191756535,-27.22465288224379,3026.0608645322004,2289.9391354677996,2658.0,2555.96,-0.023686477174849285,0
2022-10-03,2311.0,2438.0,2307.0,2410.0,167243614506,69390680,2326,2322.0,2383.0,38.81968006242395,-79.57102916449321,-37.69392813869368,2993.776622580395,2266.923377419605,2630.35,2554.44,-0.03105329416701641,0
2022-10-04,2403.0,2430.0,2353.0,2383.0,55827492383,23443283,1308,2410.0,2393.0,39.50319044037826,-82.15102952417192,-46.585348415789326,2970.278444784409,2244.721555215591,2607.5,2553.9,-0.009611366485582917,0
2022-10-08,2333.0,2407.0,2325.0,2363.0,57673868371,24405351,1402,2383.0,2329.0,36.67886997029236,-88.3416163641009,-54.93660200545165,2931.435672038084,2224.964327961916,2578.2,2553.24,-0.019321597252039524,0
2022-10-09,2320.0,2338.0,2245.0,2266.0,116108672803,51235999,1737,2363.0,2268.0,34.171166665375765,-97.05114603795846,-63.359510811953015,2887.584974805386,2203.915025194614,2545.75,2552.8,-0.020282186948853642,0
2022-10-10,2272.0,2318.0,2257.0,2272.0,57507135019,25308478,1226,2266.0,2267.0,34.12997105201397,-102.84862773641726,-71.25733419684587,2850.227428750359,2183.4725712496406,2516.85,2553.54,-0.011468901632112893,0
2022-10-11,2272.0,2353.0,2272.0,2318.0,73778111132,31830419,1301,2272.0,2309.0,37.53604906683214,-102.86832276812811,-77.57953191110232,2824.077409870553,2166.622590129447,2495.35,2556.52,-0.02035513209181461,0
2022-10-12,2349.0,2377.0,2310.0,2329.0,64788371171,27812612,1123,2318.0,2370.0,42.21000508140856,-96.8453679038771,-81.43269910965728,2798.0036822103493,2159.796317789651,2478.9,2561.3,-0.05907172995780585,0
2022-10-15,2350.0,2364.0,2270.0,2315.0,45665674424,19757636,1047,2329.0,2284.0,37.903831048763735,-97.88327656688443,-84.72281460110271,2773.2222651477796,2144.0777348522206,2458.65,2563.58,-0.028021015761821366,0
2022-10-16,2315.0,2315.0,2200.0,2220.0,135312414022,60947374,1943,2315.0,2222.0,35.12198466686782,-102.52684288044384,-88.28362025697095,2735.4735537585516,2130.0264462414484,2432.75,2565.22,-0.027902790279027867,0
2022-10-17,2218.0,2258.0,2215.0,2228.0,48432102385,21724875,1128,2220.0,2241.0,36.6562497560188,-103.48089805054951,-91.32307581568666,2677.633080932462,2135.066919067538,2406.35,2568.7,-0.05131637661758148,0
2022-10-18,2267.0,2338.0,2260.0,2276.0,49286682219,21594131,1116,2228.0,2262.0,38.39045783759516,-101.37389400376014,-93.33323945330136,2609.087059491095,2154.7129405089054,2381.9,2572.3,-0.07648099027409372,0
2022-10-19,2264.0,2300.0,2228.0,2262.0,51869870017,22936728,1245,2276.0,2230.0,36.739827170373154,-101.1205558587967,-94.89070273440043,2574.4108052601327,2151.6891947398676,2363.05,2575.28,-0.09999999999999998,0
2022-10-22,2250.0,2280.0,2200.0,2253.0,93986616003,41717520,1354,2262.0,2220.0,36.215793338112725,-100.56742134797014,-96.02604645711438,2556.543443701315,2140.156556298685,2348.35,2576.1,-0.11621621621621625,0
2022-10-23,2170.0,2215.0,2141.0,2158.0,189344932343,87750427,3096,2253.0,2160.0,33.15968627720005,-103.77431116030903,-97.57569939775331,2540.584379633416,2121.1156203665837,2330.85,2574.18,-0.07268518518518519,0
2022-10-24,2166.0,2196.0,2090.0,2126.0,87174339529,41011828,1767,2158.0,2126.0,31.535689219327068,-107.81646914820612,-99.62385334784388,2502.841833419421,2113.458166580579,2308.15,2569.5,-0.015051740357478804,0
2022-10-25,2126.0,2150.0,2081.0,2105.0,68410934499,32506788,1698,2126.0,2089.0,29.82391318431931,-112.70629128518294,-102.24034093531169,2504.6925470393157,2080.707452960684,2292.7,2562.2,0.033508855911919655,0
2022-10-26,2105.0,2118.0,2000.0,2011.0,188419510424,93678633,3055,2105.0,2007.0,26.403330181743172,-121.79425687643015,-106.1511241235354,2493.464917338866,2043.1350826611342,2268.3,2551.1,0.09118086696562022,1
2022-10-29,2030.0,2058.0,1936.0,1987.0,145132785662,73053917,2367,2011.0,1962.0,24.72725043235539,-131.1162326886447,-111.14414583655726,2477.955792741362,2004.9442072586376,2241.45,2536.78,0.16921508664627938,1
2022-10-30,1992.0,2020.0,1987.0,1995.0,94010798869,47113844,1645,1987.0,2003.0,29.140802247369678,-133.6549176390845,-115.64630019706271,2470.797398859842,1973.902601140158,2222.35,2521.1,0.163255117324014,1
2022-10-31,2040.0,2094.0,2020.0,2078.0,141635637644,68171684,1989,1995.0,2094.0,37.85097885952302,-126.86152359582184,-117.88934487681453,2460.979978203059,1960.9200217969405,2210.95,2506.5,0.16332378223495692,1
2022-11-01,2121.0,2181.0,2120.0,2166.0,199175439293,91949802,2951,2078.0,2159.0,43.21986053444283,-114.90816332151871,-117.29310856575538,2437.7263643730676,1961.7736356269324,2199.75,2493.02,0.1301528485409913,1
2022-11-02,2180.0,2245.0,2128.0,2185.0,134301152128,61467919,2515,2166.0,2190.0,45.63212499820593,-101.76056580379918,-114.18660001336414,2410.440575982367,1968.759424017633,2189.6,2482.26,0.14109589041095894,1
2022-11-05,2230.0,2294.0,2220.0,2279.0,127672560199,56014112,1653,2185.0,2294.0,52.86669447187831,-82.0037806739183,-107.75003614547498,2404.7640613243498,1970.93593867565,2187.85,2475.08,0.050566695727986,1
2022-11-06,2322.0,2354.0,2267.0,2320.0,148502250589,64002292,2577,2279.0,2330.0,55.094238237842994,-62.718507074451736,-98.74373033127034,2414.0414386529064,1967.8585613470932,2190.95,2467.2,-0.00042918454935625405,0
2022-11-07,2390.0,2436.0,2330.0,2424.0,178327885072,73559005,1822,2320.0,2436.0,60.94676501705129,-38.438380954362856,-86.68266045588885,2445.036642218182,1953.7633577818183,2199.4,2460.7,-0.051724137931034475,0
2022-11-08,2545.0,2545.0,2404.0,2498.0,400274212091,160232561,4094,2424.0,2440.0,61.15251653197852,-18.658357573046942,-73.07779987932047,2469.2767741803377,1942.623225819662,2205.95,2452.48,-0.061475409836065587,0
2022-11-09,2405.0,2536.0,2380.0,2469.0,299280799152,121217203,3889,2498.0,2499.0,64.15251748227517,1.7579953048848438,-58.11064084247941,2496.948343871867,1927.8516561281333,2212.4,2447.7,-0.0556222488995598,0
2022-11-12,2434.0,2499.0,2400.0,2451.0,134565499315,54903848,2628,2469.0,2410.0,57.00150549117254,10.63396413739656,-44.36171984650422,2514.660875793105,1922.7391242068948,2218.7,2440.0,-0.05601659751037347,0
2022-11-13,2385.0,2410.0,2329.0,2365.0,159793445671,67565640,2886,2451.0,2329.0,51.387288426770944,11.00534753452257,-33.28830637029886,2523.898945304501,1924.2010546954996,2224.05,2428.34,0.02232717904680115,0
2022-11-14,2365.0,2380.0,2265.0,2322.0,133029586941,57298239,2000,2365.0,2310.0,50.13979380259683,9.655230850965381,-24.699598926046015,2529.628780489746,1925.371219510254,2227.5,2415.52,0.0121212121212122,0
2022-11-15,2322.0,2346.0,2284.0,2311.0,152432238153,65962609,2781,2322.0,2290.0,48.79691618294328,6.89197440828184,-18.381284259180443,2531.913465047712,1925.8865349522878,2228.9,2402.6,0.03100436681222707,0
2022-11-16,2270.0,2410.0,2270.0,2361.0,125384755461,53104183,2029,2311.0,2360.0,53.491910978104656,10.232534467053028,-12.658520513933748,2543.7591412626207,1927.0408587373795,2235.4,2392.8,-0.009745762711864447,0
2022-11-19,2360.0,2360.0,2243.0,2268.0,104073936014,45894120,1827,2361.0,2275.0,47.76460063059036,5.95254551632388,-8.936307307882222,2546.891493810308,1929.408506189692,2238.15,2380.0,0.018901098901098923,0
2022-11-20,2277.0,2381.0,2277.0,2374.0,242743594538,102239819,2612,2268.0,2381.0,54.33137590274555,10.987282999184572,-4.951589246468863,2561.758218577307,1936.6417814226925,2249.2,2369.28,-0.004619907601847939,0
2022-11-21,2420.0,2426.0,2330.0,2381.0,108718211350,45661667,1757,2374.0,2338.0,51.50281536284536,11.376467260694426,-1.6859779450362056,2569.290936862809,1950.3090631371913,2259.8,2359.14,0.008982035928143617,0
2022-11-22,2339.0,2374.0,2310.0,2339.0,59854093002,25591077,1447,2381.0,2361.0,52.91484194131567,13.386495189105972,1.3285166817922303,2575.490317620771,1971.3096823792291,2273.4,2351.58,0.0008470986869970609,0
2022-11-23,2379.0,2385.0,2303.0,2334.0,100282312596,42966428,1625,2339.0,2337.0,51.23839448602039,12.894220828868583,3.6416575112075007,2567.000631540632,2012.799368459368,2289.9,2344.34,0.013692768506632369,0
2022-11-26,2330.0,2369.0,2301.0,2328.0,51802744005,22256450,1177,2334.0,2318.0,49.89079780060588,10.845923585618948,5.08251072608979,2540.448018251963,2074.951981748037,2307.7,2336.92,0.025021570319240682,0
2022-11-27,2298.0,2420.0,2298.0,2369.0,124584636396,52593950,2037,2328.0,2370.0,53.49568822830869,13.265680177538798,6.719144616379593,2513.219949511707,2138.8800504882934,2326.05,2329.52,-0.008860759493670933,0
2022-11-28,2370.0,2407.0,2356.0,2374.0,77947744025,32831593,1401,2369.0,2359.0,52.633092128235745,14.132832149241494,8.201882122951973,2493.5012970121006,2185.0987029878997,2339.3,2321.32,0.04790165324289952,0
2022-11-29,2352.0,2408.0,2300.0,2372.0,66499980724,28034466,1315,2374.0,2363.0,52.930314841280996,14.970255122521394,9.555556722865857,2479.778931528522,2219.221068471478,2349.5,2313.56,0.02454506982649174,0
2022-11-30,2370.0,2400.0,2352.0,2377.0,58121307489,24454296,1227,2372.0,2369.0,53.40264337507854,15.934387023267846,10.831322782946256,2466.3397122074794,2250.5602877925203,2358.45,2308.8,-0.007176023638666096,0
2022-12-03,2401.0,2401.0,2350.0,2384.0,68367817744,28678400,1297,2377.0,2376.0,53.98281226354406,17.066577121878254,12.078373650732654,2466.491281501685,2258.6087184983153,2362.55,2306.04,-0.04040404040404044,0
2022-12-04,2377.0,2388.0,2315.0,2355.0,115334279480,48974293,2023,2384.0,2349.0,51.32820871216986,15.605283585212419,12.783755637628607,2466.577640641472,2260.422359358528,2363.5,2302.82,-0.0029799914857385756,0
2022-12-05,2392.0,2472.0,2370.0,2468.0,810568362069,328399152,5415,2355.0,2472.0,60.78813399084732,24.094523309075612,15.045909171918009,2474.4569512225967,2256.1430487774037,2365.3,2300.66,-0.027912621359223344,0
2022-12-06,2482.0,2488.0,2412.0,2448.0,187514018861,76588128,2710,2468.0,2421.0,55.933750677484454,26.402679522255312,17.317263241985472,2471.1961978743857,2257.503802125614,2364.35,2301.12,0.02437009500206533,0
2022-12-07,2440.0,2440.0,2334.0,2357.0,253446705219,107522611,4184,2448.0,2352.0,50.1039847373303,22.405905278766568,18.334991649341692,2444.203210951277,2269.796789048723,2357.0,2298.26,0.05399659863945572,1
2022-12-10,2370.0,2379.0,2267.0,2304.0,123997071274,53808614,2086,2357.0,2280.0,44.850878115428436,13.27560175148892,17.32311366977114,2440.2741610944563,2260.7258389055437,2350.5,2293.88,0.10219298245614028,1
2022-12-11,2306.0,2344.0,2285.0,2318.0,130180394188,56165768,1846,2304.0,2342.0,49.73773767454397,10.91681007910347,16.041852951637605,2440.479222543428,2261.820777456572,2351.15,2293.02,0.11101622544833467,1
2022-12-12,2384.0,2415.0,2340.0,2383.0,286864614023,120384405,2592,2318.0,2403.0,54.051765248113654,13.810442699552368,15.595570901220558,2445.756878559747,2265.8431214402535,2355.8,2294.64,0.0578443612151478,1
2022-12-13,2403.0,2500.0,2400.0,2472.0,266995903324,108008260,3269,2383.0,2480.0,58.852719769587516,22.06259996401195,16.88897671377884,2465.0518922136935,2265.548107786307,2365.3,2296.58,0.006048387096774244,0
2022-12-14,2500.0,2578.0,2472.0,2512.0,251134863487,99959540,3098,2472.0,2479.0,58.76684114782253,28.196767621761865,19.150534895375444,2482.5547618038504,2259.9452381961496,2371.25,2298.3,0.01815248083904808,0
2022-12-17,2503.0,2523.0,2440.0,2479.0,265932522860,107276824,3246,2512.0,2513.0,60.8581742327809,35.39365946049156,22.399159808398668,2501.4213405699415,2264.8786594300586,2383.15,2301.98,0.046159968165539134,0
2022-12-18,2524.0,2602.0,2524.0,2598.0,704992413748,271368935,4373,2479.0,2602.0,65.75455504427612,47.7286184855875,27.465051543836438,2546.113922996578,2242.2860770034217,2394.2,2308.66,0.0180630284396619,0
2022-12-19,2610.0,2650.0,2536.0,2593.0,349395599408,134721019,3872,2598.0,2542.0,60.279948553539725,52.06251950541446,32.38454513615204,2566.877567683079,2241.922432316921,2404.4,2314.16,0.11014948859166007,1
2022-12-20,2580.0,2598.0,2484.0,2524.0,219080852110,86809201,2902,2593.0,2495.0,56.323989698043135,51.11543318755321,36.130722746432276,2576.884076437422,2245.3159235625776,2411.1,2317.88,0.1739478957915832,1
2022-12-21,2521.0,2559.0,2479.0,2504.0,179578652470,71707865,2716,2524.0,2524.0,58.149017055463446,52.10429224692007,39.32543664652984,2589.5233272879204,2251.376672712079,2420.45,2320.96,0.18858954041204434,1
2022-12-24,2556.0,2629.0,2555.0,2622.0,228886111422,87307349,1694,2504.0,2629.0,64.01248160365556,60.661326641046344,43.592614645433144,2620.981080114176,2251.018919885824,2436.0,2327.86,0.13008748573602125,1
2022-12-25,2731.0,2731.0,2645.0,2688.0,405998351955,151019213,4420,2622.0,2649.0,65.01783940026642,68.26970029295671,48.528031774937865,2654.01418108087,2245.8858189191296,2449.95,2336.4,0.16081540203850508,1
2022-12-26,2678.0,2822.0,2652.0,2790.0,695094459128,249137410,5427,2688.0,2822.0,72.24160826420226,87.25324431889294,56.27307428372888,2729.0850776904867,2217.114922309513,2473.1,2348.02,0.07370659107016309,1
2022-12-28,2890.0,2929.0,2880.0,2928.0,588486786436,201016159,2439,2790.0,2929.0,75.59794802662962,109.66766491677572,66.95199241033825,2819.9425560269815,2182.8574439730187,2501.4,2361.36,0.051212017753499595,1
2022-12-31,2890.0,3074.0,2829.0,2972.0,1433088175274,482211895,11865,2928.0,3000.0,77.53868241178708,131.64286436050952,79.89016680037251,2912.0307169986363,2153.8692830013633,2532.95,2376.76,0.06966666666666677,1
2023-01-01,2950.0,3050.0,2841.0,2929.0,648608558508,221467846,5949,2972.0,2971.0,74.91779087717197,145.04630706587932,92.92139485347388,2979.368741328406,2146.0312586715936,2562.7,2391.78,0.12958599798047787,1
2023-01-02,2990.0,3075.0,2973.0,3064.0,902453830180,294521518,4547,2929.0,3075.0,77.81399850989857,162.19092676876608,106.77530123653233,3059.1073787717337,2138.8926212282663,2599.0,2410.08,0.1447154471544716,1
2023-01-03,3130.0,3178.0,2967.0,3044.0,570591316158,187419191,6188,3064.0,3030.0,73.84093980047142,170.18524788334935,119.45729056589575,3119.354627351793,2134.445372648207,2626.9,2428.16,0.15379537953795386,1
2023-01-04,3046.0,3130.0,2942.0,3057.0,284630036172,93115059,3375,3044.0,3079.0,75.31869860433042,178.4180037664746,131.24943320601153,3179.974816768547,2139.6251832314533,2659.8,2447.96,0.10003247807729787,1
2023-01-07,3090.0,3209.0,3090.0,3197.0,518589393434,162214440,4987,3057.0,3209.0,78.7487311395878,193.20528539836505,143.64060364448224,3254.5678471477327,2150.7321528522675,2702.65,2472.0,0.09317544406357126,1
2023-01-08,3265.0,3356.0,3265.0,3353.0,909449752376,271269722,4976,3197.0,3356.0,81.82463035949372,214.31548855271376,157.77558062612854,3341.8406302634025,2171.059369736597,2756.45,2499.88,0.07449344457687723,1
2023-01-09,3500.0,3520.0,3424.0,3518.0,1390615884550,395245550,6683,3353.0,3520.0,84.51709961235814,241.49510084113217,174.51948466912927,3456.484393087892,2174.215606912108,2815.35,2530.22,0.008522727272727293,0
2023-01-10,3587.0,3647.0,3428.0,3496.0,750069487545,214529276,9324,3518.0,3496.0,82.58894656058449,258.1230580375727,191.24019934281796,3546.5775639201875,2193.4224360798125,2870.0,2558.26,-0.0958237986270023,0
2023-01-11,3480.0,3567.0,3373.0,3448.0,577672342538,167538199,6073,3496.0,3387.0,74.29851750727056,259.51392982353036,204.89494543896046,3602.786186129427,2227.913813870573,2915.35,2582.82,-0.1039267788603484,0
2023-01-14,3300.0,3548.0,3276.0,3435.0,420950206979,122533458,4759,3448.0,3508.0,77.05234622756313,267.29864213647625,217.37568477846364,3669.755645827081,2263.8443541729193,2966.8,2609.18,-0.1718928164196123,0
2023-01-16,3530.0,3606.0,3525.0,3602.0,945861552310,262605489,5599,3435.0,3606.0,79.01363425162664,278.16930116073354,229.53440805491763,3744.4497164592553,2298.4502835407443,3021.45,2635.42,-0.2276760953965613,0
2023-01-17,3680.0,3720.0,3499.0,3609.0,774276669093,214511014,7079,3602.0,3550.0,75.06551561330821,279.0489422633764,239.4373148966094,3799.8950806893927,2337.804919310607,3068.85,2659.82,-0.22816901408450707,0
2023-01-24,3080.0,3169.0,3070.0,3103.0,237494321344,76540804,1708,3136.0,3161.0,54.640955919042334,245.52673580803003,240.65519907889353,3790.292172294631,2409.307827705369,3099.8,2674.32,-0.13951281240113889,0
2023-01-25,3180.0,3199.0,2948.0,3057.0,503825797661,164832452,5489,3103.0,3035.0,49.90445949015588,206.4135913110149,233.80687752531782,3760.4770786450754,2493.122921354925,3126.8,2686.22,-0.09950576606260297,0
2023-01-28,3040.0,3040.0,2905.0,2930.0,823201323551,280908470,3612,3057.0,2905.0,45.52016015538632,163.0467277727721,219.65484757480868,3726.591345178863,2565.108654821137,3145.85,2694.34,-0.10292598967297761,0
2023-01-29,2789.0,2870.0,2784.0,2785.0,632950589998,227263107,3690,2930.0,2785.0,41.86400829303525,117.63910844482962,199.25169974881288,3710.0966820820795,2597.2033179179207,3153.65,2701.84,-0.0700179533213644,0
2023-01-30,2705.0,2827.0,2670.0,2730.0,300428676368,110066819,4484,2785.0,2740.0,40.54874173391904,77.13297810590211,174.82795542023072,3699.344195201385,2617.0558047986146,3158.2,2710.06,-0.014963503649635057,0
2023-01-31,2750.0,2820.0,2680.0,2733.0,230728779463,84420265,3123,2730.0,2720.0,39.94802402068591,42.92295601009391,148.44695553820335,3708.5554527594045,2597.6445472405953,3153.1,2718.26,0.02720588235294108,0
2023-02-01,2733.0,2805.0,2681.0,2732.0,127671363941,46723366,2084,2733.0,2733.0,40.56438882101534,16.668118687052356,122.09118816797317,3720.7073432163434,2565.892656783657,3143.3,2727.12,0.06110501280643987,1
2023-02-05,2690.0,2748.0,2603.0,2659.0,277168207623,104218237,3490,2732.0,2606.0,36.61101938748239,-14.22291475620841,94.82836758313687,3744.4688750454134,2502.7311249545864,3123.6,2732.04,0.14965464313123555,1
2023-02-06,2640.0,2640.0,2560.0,2599.0,185435244627,71336763,2673,2659.0,2590.0,36.133236846251634,-39.53956016325128,67.95478203385923,3765.0914370046426,2444.008562995358,3104.55,2738.34,0.13127413127413123,1
2023-02-07,2636.0,2700.0,2590.0,2661.0,227502887064,85491721,3385,2599.0,2699.0,41.71376913661877,-50.228788785143024,44.31806787005878,3769.5780120031345,2401.9219879968655,3085.75,2744.7,0.0526120785476103,1
2023-02-08,2700.0,2794.0,2661.0,2789.0,875992044002,314137526,5461,2661.0,2794.0,46.13167052444079,-50.45278512668028,25.363897270710968,3769.2670427942635,2378.632957205736,3073.95,2753.82,0.0748031496062993,1
2023-02-12,2819.0,2926.0,2770.0,2854.0,522581731118,183097593,5421,2789.0,2900.0,50.62837560764632,-41.59747986575712,11.971621843417351,3764.422619022405,2365.577380977595,3065.0,2764.6,0.08413793103448275,1
2023-02-13,2957.0,2996.0,2930.0,2990.0,759195547765,253872480,6494,2854.0,2996.0,54.34540063051521,-26.527397625822687,4.271817949569343,3751.1593785248306,2357.5406214751692,3054.35,2777.78,0.10180240320427236,1
2023-02-14,3000.0,3059.0,2912.0,2966.0,251309880492,84722533,3645,2990.0,2930.0,51.476068481902665,-19.68300387515228,-0.5191464153749816,3717.610143449911,2348.4898565500894,3033.05,2790.02,0.18293515358361767,1
2023-02-15,2949.0,2949.0,2818.0,2860.0,313839878269,109726878,3829,2966.0,2841.0,47.810259076572144,-21.195994482175138,-4.654516028735013,3650.22576358194,2347.9742364180597,2999.1,2799.44,0.2763111580429427,1
2023-02-19,2855.0,3003.0,2854.0,2995.0,592595335454,197882779,4349,2860.0,3003.0,54.20331166290597,-9.216759265658311,-5.566964676119673,3584.4953999500085,2364.404600049991,2974.45,2812.32,0.26273726273726283,1
2023-02-20,3144.0,3144.0,3144.0,3144.0,229031298120,72847105,1367,2995.0,3144.0,58.92005038330443,11.521578972532097,-2.149255946389319,3548.196612040185,2376.4033879598155,2962.3,2827.94,0.14535623409669207,1
2023-02-21,3301.0,3301.0,3301.0,3301.0,253560185043,76813143,1370,3144.0,3301.0,63.43579250741587,40.1624812506293,6.313091493014404,3505.3324988199097,2398.56750118009,2951.95,2846.58,0.08906392002423513,1
2023-02-22,3448.0,3466.0,3382.0,3454.0,2255521193714,653071610,12799,3301.0,3466.0,67.48153505077215,75.30663567078409,20.111800328568343,3467.759133432238,2422.140866567762,2944.95,2868.38,0.011540680900173017,0
2023-02-25,3626.0,3626.0,3626.0,3626.0,406123795378,112003253,1774,3454.0,3626.0,70.84978673643401,114.7465670749416,39.038753677843,3489.8787739532686,2407.6212260467314,2948.75,2893.92,-0.0623276337562052,0
2023-02-26,3807.0,3807.0,3680.0,3789.0,2134811335056,563430155,12526,3626.0,3792.0,73.87342460251753,157.58131028817115,62.74726499990864,3629.948243282598,2330.6517567174023,2980.3,2920.32,-0.10495780590717296,0
2023-02-27,3690.0,3839.0,3600.0,3671.0,1447778503284,394338558,11862,3789.0,3601.0,65.45997947698982,174.10902864283025,85.01961772849296,3712.3716675173587,2304.828332482641,3008.6,2943.92,-0.05859483476812,0
2023-02-28,3610.0,3810.0,3531.0,3690.0,925650759526,250869380,8040,3671.0,3595.0,65.20873646819777,184.5953147766195,104.93475713811827,3789.5314837948367,2296.668516205163,3043.1,2968.78,-0.013351877607788554,0
2023-03-01,3600.0,3618.0,3506.0,3534.0,916346758856,259297956,7661,3690.0,3506.0,61.44165946719104,183.60770061048152,120.66934583259092,3841.707348663141,2316.592651336859,3079.15,2993.3,-0.00770108385624646,0
2023-03-04,3488.0,3506.0,3358.0,3399.0,546410974630,160750940,5508,3534.0,3400.0,57.203095104338175,172.2856929235022,130.99261525077318,3870.254287021355,2354.045712978645,3112.15,3014.46,-0.003529411764705892,0
2023-03-05,3400.0,3500.0,3387.0,3424.0,353214882618,103148248,3672,3399.0,3394.0,56.963552383058115,160.9731718818689,136.98872657699232,3891.0418612009626,2400.6581387990373,3145.85,3034.28,0.001767825574543247,0
2023-03-06,3393.0,3488.0,3254.0,3379.0,454030624268,134387921,4122,3424.0,3390.0,56.792806513762194,149.95654517538196,139.58229029667027,3905.905087991106,2451.4949120088936,3178.7,3052.48,0.05427728613569327,1
2023-03-07,3402.0,3547.0,3402.0,3541.0,603925229530,170550098,3259,3379.0,3547.0,61.65156319508281,152.14059496174877,142.09395122968598,3919.6551448145847,2531.8448551854153,3225.75,3073.84,0.044262757259656116,0
2023-03-11,3660.0,3718.0,3455.0,3564.0,787779269773,221061219,6773,3541.0,3479.0,58.57897199266901,146.6934477007917,143.01385052390714,3907.061554814032,2633.3384451859674,3270.2,3093.16,0.11440068985340623,1
2023-03-12,3450.0,3493.0,3386.0,3435.0,298561623347,86909127,3961,3564.0,3388.0,54.65346669642811,133.49476027182664,141.11003247349103,3886.3431407539074,2722.956859246093,3304.65,3108.88,0.2012987012987013,1
2023-03-13,3430.0,3525.0,3340.0,3404.0,493492525210,144986287,4802,3435.0,3400.0,55.080940020198575,122.58986544546633,137.40599906788609,3868.2043389416935,2801.695661058306,3334.95,3126.04,0.23029411764705876,1
2023-03-14,3410.0,3574.0,3404.0,3528.0,472758286888,134007425,6409,3404.0,3574.0,60.84472638712248,126.52945080435211,135.2306894151793,3872.0485597914844,2865.2514402085158,3368.65,3147.62,0.17515388919977615,1
2023-03-15,3610.0,3704.0,3574.0,3693.0,628021979114,170062127,4117,3528.0,3704.0,64.50889556976608,138.54445983704773,135.893443499553,3897.117733683861,2910.9822663161394,3404.05,3171.22,0.21922246220302366,1
2023-03-18,3877.0,3877.0,3877.0,3877.0,714078320678,184183214,2678,3693.0,3877.0,68.70586359120838,160.1796440098201,140.75068360160643,3935.0727819509134,2967.727218049087,3451.4,3196.18,0.20144441578540118,1
2023-03-19,3960.0,4070.0,3874.0,3984.0,901834587487,226365588,8003,3877.0,4070.0,72.59883381461356,190.70088922769264,150.74072472682366,3982.7973481147983,3042.9026518852015,3512.85,3224.6,0.20073710073710083,1
2023-03-25,4070.0,4183.0,4013.0,4181.0,1183164823933,282995066,4848,3984.0,4183.0,74.59179105410081,221.45456124479824,164.88349203041858,4066.57953216897,3077.1204678310296,3571.85,3251.82,0.10351422424097545,1
2023-03-26,4310.0,4390.0,4100.0,4320.0,1526532447292,353354156,11595,4181.0,4200.0,74.88770841201435,244.38174517563857,180.7831426594626,4149.920701638807,3099.379298361193,3624.65,3277.24,0.14952380952380961,1
2023-03-28,4301.0,4516.0,4270.0,4437.0,952334922402,214646977,6608,4301.0,4516.0,79.63551186209864,284.7676386237258,201.58004185231525,4317.1421625949315,3053.657837405068,3685.4,3307.56,0.09255978742249771,1
2023-03-29,4658.0,4658.0,4589.0,4655.0,2305870076803,495366189,9034,4437.0,4658.0,81.34255501907771,324.49142820699944,226.1623191232521,4496.300472514238,2993.699527485762,3745.0,3341.3,0.05066552168312577,1
2023-04-03,4695.0,4887.0,4552.0,4779.0,1470678475617,307742201,11684,4655.0,4887.0,83.71354342069495,370.1839536274333,254.96664602408836,4706.132284648859,2909.967715351141,3808.05,3377.54,-0.03540004092490279,0
2023-04-04,4889.0,4997.0,4543.0,4757.0,1302448251092,273822430,10565,4779.0,4616.0,72.04539421802924,380.1460866078014,280.002534140831,4813.753576976318,2884.746423023682,3849.25,3409.26,0.05285961871750433,1
2023-04-05,4600.0,4926.0,4550.0,4808.0,906217316423,188478369,7426,4757.0,4828.0,74.98299525687926,400.5307083262351,304.1081689779119,4956.772337619433,2864.427662380567,3910.6,3444.24,0.018848384424192233,0
2023-04-08,4828.0,5048.0,4808.0,5023.0,1468114707598,292301326,9375,4808.0,4934.0,76.32275024853233,420.3929537372451,327.3651259297785,5102.7593982899825,2852.340601710018,3977.55,3478.74,-0.007093635995135794,0
2023-04-09,5012.0,5140.0,4830.0,4962.0,968316820558,195164211,10369,5023.0,4894.0,74.69707981816575,427.9728559397481,347.48667193177243,5217.563082961275,2876.336917038725,4046.95,3509.5,-0.023293829178586023,0
2023-04-10,4940.0,4950.0,4714.0,4750.0,2305065889625,485261839,15194,4962.0,4714.0,67.70806305801523,414.6753678540772,360.92441111623344,5278.133294603615,2947.1667053963847,4112.65,3533.38,0.07127704709376337,1
2023-04-11,4620.0,4860.0,4620.0,4755.0,956067816623,201077585,7503,4750.0,4860.0,70.1478562559585,411.17818638690915,370.9751661703686,5345.809728587941,3026.0902714120584,4185.95,3560.66,0.002057613168724215,0
2023-04-15,4910.0,4990.0,4830.0,4902.0,1123678658795,229250368,8511,4755.0,4919.0,71.09817231236909,408.4589908056587,378.4719310974266,5403.741911961568,3121.0580880384314,4262.4,3591.3,-0.018093108355356824,0
2023-04-16,4970.0,5008.0,4842.0,4909.0,1163399033646,237015264,8184,4902.0,4899.0,70.2814100257798,400.0783220077483,382.79320927949095,5453.866006248114,3206.1339937518865,4330.0,3619.12,0.008369054909165063,0
2023-04-17,4890.0,4947.0,4739.0,4847.0,752507684445,155254327,7732,4909.0,4780.0,65.46267922885258,379.46009634548045,382.1265866926889,5463.604439418077,3326.495560581923,4395.05,3642.6,0.07301255230125525,1
2023-04-18,4860.0,5089.0,4770.0,5060.0,2997545470229,592425959,12936,4847.0,5050.0,70.41848324208894,380.52034579703104,381.80533851355733,5476.7230368881765,3479.576963111823,4478.15,3672.6,0.04158415841584162,0
2023-04-19,5087.0,5095.0,4818.0,4952.0,1246620953014,251752922,11115,5060.0,4870.0,63.84156521028265,362.65563701067276,377.9753982129804,5431.290216224834,3672.009783775166,4551.65,3706.78,0.13347022587268986,1
2023-04-24,4900.0,4981.0,4750.0,4839.0,812868947689,167968973,8262,4952.0,4830.0,62.44580378201537,341.3353593346301,370.6473904373103,5377.553787174503,3851.3462128254973,4614.45,3742.68,0.1325051759834368,1
2023-04-25,4780.0,5080.0,4780.0,5046.0,2524498267443,500308640,12434,4839.0,4940.0,64.72949173880683,329.51650520855947,362.4212133915602,5326.221653228096,4026.278346771903,4676.25,3783.38,0.1336032388663968,1
2023-04-26,5012.0,5129.0,4840.0,5017.0,954001133942,190162017,7188,5046.0,5129.0,68.29675978940551,331.57846844074265,356.2526644013967,5304.557088518486,4173.142911481515,4738.85,3830.26,0.056736205888087365,1
2023-04-29,5260.0,5260.0,5260.0,5260.0,2232277282160,424387316,5658,5017.0,5260.0,70.5221873170137,339.86543714469644,352.9752189500567,5318.648866037644,4278.051133962356,4798.35,3880.66,0.041825095057034245,0
2023-04-30,5420.0,5520.0,5300.0,5490.0,2410365320380,438973443,12914,5260.0,5520.0,74.36792998621613,363.22570678859574,355.0253165177645,5395.539363049787,4334.860636950212,4865.2,3936.66,-0.0561594202898551,0
2023-05-01,5550.0,5630.0,5340.0,5490.0,1161225504590,211539901,9103,5490.0,5470.0,72.41145815778654,373.3999840675642,358.70025002772445,5428.489195561539,4428.91080443846,4928.7,3991.4,-0.09140767824497253,0
2023-05-02,5580.0,5760.0,5500.0,5670.0,1576093443940,278070321,11139,5490.0,5600.0,74.30426777869793,387.4863838266692,364.45747678751343,5525.212787973922,4440.587212026077,4982.9,4051.28,-0.125,0
2023-05-03,5670.0,5700.0,5390.0,5440.0,2728993787950,501220331,21455,5670.0,5420.0,67.40815342938404,379.74796330942536,367.5155740918958,5573.626456116648,4468.373543883352,5021.0,4107.88,-0.14760147601476015,0
2023-05-06,5500.0,5570.0,5380.0,5480.0,1599366900050,291897418,14632,5440.0,5480.0,68.45897721875525,374.14381090064944,368.84122145364654,5634.109090254015,4467.190909745984,5050.65,4163.5,-0.19379562043795617,0
2023-05-07,5540.0,5550.0,5210.0,5230.0,1784888852060,341531199,8051,5480.0,5210.0,59.207799083473226,343.95088453023436,363.86315406896415,5631.8846861259435,4528.815313874057,5080.35,4211.82,-0.11554702495201541,0
2023-05-08,4980.0,5020.0,4970.0,4980.0,400639156830,80498778,3099,5230.0,4970.0,52.42599167760097,297.23049054167313,350.53662136350596,5629.380060063143,4545.519939936857,5087.45,4253.22,-0.10643863179074442,0
2023-05-09,4740.0,5000.0,4740.0,4860.0,1556121826280,320125443,11154,4980.0,4900.0,50.60530965863159,251.6549056156873,330.76027821394223,5629.803995482105,4541.696004517895,5085.75,4291.3,-0.09999999999999998,0
2023-05-10,4980.0,4990.0,4620.0,4650.0,1271605459580,273317755,7154,4860.0,4620.0,44.01992138193028,190.7434939999921,302.75692137115226,5647.614931176356,4496.485068823645,5072.05,4325.1,-0.08484848484848484,0
2023-05-13,4520.0,4550.0,4418.0,4426.0,1288815060827,291170980,6770,4650.0,4418.0,39.97802939116866,124.73320291647087,267.152177680216,5682.002070824934,4432.497929175066,5057.25,4356.64,-0.026935264825712957,0
2023-05-14,4450.0,4640.0,4400.0,4536.0,769747044228,169684567,6966,4426.0,4608.0,45.08553780686715,86.75097254714274,231.07193665360137,5694.468213041189,4394.83178695881,5044.65,4388.74,-0.04036458333333337,0
2023-05-15,4600.0,4600.0,4403.0,4484.0,685276802050,152810300,5793,4536.0,4441.0,41.724756839721074,42.68226245667665,193.39400181421644,5720.535645751645,4320.964354248355,5020.75,4414.68,-0.03445170006755238,0
2023-05-17,4470.0,4541.0,4400.0,4450.0,669742143534,150504691,6592,4484.0,4410.0,41.11212052242553,5.196153269482238,155.75443210526961,5743.9277415934,4248.6722584066,4996.3,4436.86,-0.012471655328798237,0
2023-05-20,4413.0,4490.0,4228.0,4284.0,1398153982098,326398401,10349,4450.0,4228.0,37.61975814759777,-38.75103943580689,116.85333779705432,5783.930053420536,4153.469946579464,4968.7,4452.1,0.002838221381267658,0
2023-05-21,4166.0,4319.0,4087.0,4212.0,788980499787,187299789,7692,4284.0,4299.0,39.769266892117756,-67.07717572130787,80.06723509338188,5795.636963464488,4066.6630365355113,4931.15,4465.56,-0.043731100255873456,0
2023-05-22,4251.0,4422.0,4251.0,4421.0,1974469596022,446633532,6614,4212.0,4422.0,43.40743676251646,-78.69363946953581,48.31506018079835,5801.179016785119,4016.3209832148814,4908.75,4478.16,-0.056987788331071876,0
2023-05-23,4475.0,4543.0,4281.0,4428.0,845699512095,190996624,8589,4421.0,4288.0,40.53482152953981,-97.5875225831669,19.134543628005304,5814.022087741828,3949.2779122581715,4881.65,4491.9,-0.03684701492537312,0
2023-05-24,4360.0,4449.0,4307.0,4378.0,535210519264,122244045,5287,4428.0,4355.0,42.580909557819325,-105.93358459432238,-5.879082016460233,5811.9241320571655,3892.875867942834,4852.4,4507.1,-0.04707233065442018,0
2023-05-27,4313.0,4355.0,4197.0,4233.0,437765926485,103408188,4970,4378.0,4240.0,40.034635267870534,-120.4390909039821,-28.79108379396461,5794.0983610492185,3821.801638950781,4807.95,4521.78,-0.006839622641509391,0
2023-05-28,4240.0,4240.0,4022.0,4057.0,618205118866,152395687,5682,4233.0,4111.0,37.337446064978096,-140.7218768627872,-51.17724240772914,5758.252251299924,3742.7477487000765,4750.5,4536.0,0.04840671369496463,0
2023-05-29,4130.0,4220.0,4089.0,4174.0,276257953442,66184063,3106,4057.0,4170.0,39.350026006330836,-150.30272766398411,-71.00233945898015,5655.78445711271,3710.21554288729,4683.0,4551.52,-0.0023980815347721673,0
2023-05-30,4181.0,4335.0,4130.0,4236.0,333452346550,78711544,3167,4174.0,4130.0,38.448421190878854,-159.28712384538994,-88.65929633626212,5546.398624246658,3685.601375753342,4616.0,4566.32,-0.026150121065375287,0
2023-05-31,4170.0,4236.0,4101.0,4153.0,319272458473,76871033,2730,4236.0,4150.0,39.19855678720769,-162.91550120865213,-103.51053731074012,5376.804626172254,3710.195373827746,4543.5,4578.38,-0.07927710843373492,0
2023-06-03,4179.0,4279.0,4153.0,4221.0,239974013429,56851247,2843,4153.0,4211.0,41.53875767744967,-159.0355632316223,-114.61554249491655,5223.482704572188,3742.617295427813,4483.05,4593.02,-0.13725955829969128,0
2023-06-06,4225.0,4360.0,4218.0,4270.0,298862395793,69995313,3269,4221.0,4310.0,45.2236307872256,-146.285918796837,-120.94961775530064,5009.151565170748,3839.9484348292526,4424.55,4611.46,-0.14941995359628768,0
2023-06-07,4310.0,4360.0,4153.0,4233.0,211928153105,50063567,3042,4270.0,4160.0,41.0062281188063,-146.59561710238177,-126.07881762471688,4842.523155451075,3901.5768445489252,4372.05,4626.66,-0.08100961538461537,0
2023-06-10,4022.0,4022.0,4022.0,4022.0,234139804940,58214770,908,4233.0,4022.0,37.537885754929434,-156.17619991040374,-132.09829408185425,4731.2900250837265,3918.0099749162723,4324.65,4635.62,-0.07160616608652415,0
2023-06-11,3821.0,3910.0,3821.0,3824.0,814383283827,212954992,5863,4022.0,3821.0,33.14105167270884,-177.93675681229615,-141.26598662794265,4642.50753085447,3898.892469145529,4270.7,4637.96,-0.044752682543836686,0
2023-06-12,3690.0,3817.0,3633.0,3658.0,479458794326,131069829,4581,3824.0,3633.0,29.643629052741872,-207.95500786862522,-154.60379087607916,4651.965036895022,3790.734963104978,4221.35,4633.08,-0.011835948252133188,0
2023-06-13,3600.0,3760.0,3511.0,3641.0,474231031913,130263880,5879,3658.0,3666.0,31.019721297792387,-226.47124436154763,-168.97728157317286,4667.198808044972,3700.301191955028,4183.75,4625.0,0.01445717403164215,0
2023-06-14,3700.0,3823.0,3698.0,3811.0,629608490854,165206782,3693,3641.0,3823.0,37.30267060428038,-225.87318184903324,-180.35646162834493,4610.966504692574,3678.033495307426,4144.5,4617.8,0.00993983782369856,0
2023-06-17,3840.0,3900.0,3686.0,3769.0,305934828661,81163583,3782,3811.0,3734.0,35.33771770078347,-229.9302760987839,-190.27122452243273,4587.388549261882,3630.9114507381173,4109.15,4608.48,0.06480985538296724,1
2023-06-18,3733.0,3733.0,3611.0,3654.0,197073589681,53937121,2641,3769.0,3650.0,33.541854490691506,-237.18947784888724,-199.65487518772363,4568.138641721431,3574.1613582785694,4071.15,4591.16,0.11013698630136992,1
2023-06-19,3641.0,3742.0,3570.0,3681.0,189323439080,51430137,2567,3654.0,3590.0,32.27995623078806,-244.9601974212028,-208.71593963441947,4572.455354436839,3506.044645563161,4039.25,4569.8,0.11894150417827287,1
2023-06-20,3600.0,3748.0,3599.0,3678.0,157163720842,42727170,2207,3681.0,3719.0,37.7062682498162,-237.96620053431388,-214.5659918143984,4546.870862434659,3473.629137565341,4010.25,4546.44,0.0685668190373756,1
2023-06-21,3750.0,3861.0,3690.0,3787.0,296542035502,78307538,2949,3678.0,3861.0,43.110147744424616,-218.44707248294162,-215.34220794810705,4487.533790677132,3476.8662093228677,3982.2,4531.34,0.01631701631701632,0
2023-06-24,3966.0,3976.0,3835.0,3931.0,405986407992,103268693,3723,3787.0,3976.0,47.111585234341106,-191.49109383889845,-210.57198512626536,4452.083017210819,3481.116982789181,3966.6,4514.3,-0.026911468812877315,0
2023-06-25,4127.0,4127.0,4020.0,4115.0,1252039879933,304287471,7479,3931.0,4052.0,49.63290854235472,-162.12682460109954,-200.88295302123223,4405.392055773776,3497.507944226224,3951.45,4496.66,0.006416584402764158,0
2023-06-26,4116.0,4139.0,4000.0,4058.0,316592231843,78017332,3658,4115.0,4017.0,48.48652953590402,-140.0650544050909,-188.71937329800397,4375.929705139724,3504.6702948602765,3940.3,4479.12,0.045805327358725334,0
2023-06-27,4078.0,4140.0,3961.0,4016.0,216038796739,53793804,2519,4058.0,3974.0,47.04875197777563,-124.6142081899261,-175.8983402763884,4362.3847153123925,3504.515284687607,3933.45,4464.32,0.046804227478610905,0
2023-06-28,3967.0,4016.0,3872.0,3932.0,118519842735,30139855,2073,4016.0,3924.0,45.36425358139328,-115.07734339810258,-163.73414090073123,4336.127722293769,3506.1722777062314,3921.15,4445.6,0.05249745158002028,1
2023-07-01,3979.0,3979.0,3828.0,3884.0,117513165710,30255196,2148,3932.0,3869.0,43.51849975326851,-110.68148245410293,-153.12360921140558,4312.260314726873,3503.9396852731265,3908.1,4424.6,0.026621866115275283,0
2023-07-02,3791.0,4078.0,3791.0,4001.0,256321358165,64069752,2877,3884.0,4078.0,51.58059200889714,-89.30373974921304,-140.3596353189671,4301.191063675658,3507.808936324341,3904.5,4408.18,-0.03285924472780777,0
2023-07-03,4130.0,4201.0,4047.0,4171.0,568271824403,136240395,4247,4001.0,4201.0,55.59750498071162,-61.725123786701715,-124.63273301251402,4299.166800225076,3508.8331997749233,3904.0,4396.6,-0.1109259700071411,0
2023-07-04,4230.0,4329.0,4116.0,4236.0,359285923338,84823054,4243,4171.0,4160.0,53.989649953594615,-42.6851810948574,-108.2432226289827,4265.379112989779,3527.620887010221,3896.5,4378.8,-0.13701923076923073,0
2023-07-05,4130.0,4221.0,4077.0,4132.0,231531475351,56030541,2979,4236.0,4130.0,52.78672540335091,-29.674568659995202,-92.52949183518521,4259.802412272899,3530.1975877271007,3895.0,4364.0,-0.17142857142857137,0
2023-07-08,4195.0,4195.0,3969.0,4023.0,295161385174,73366357,3823,4132.0,3972.0,46.86440983816103,-31.746885770458903,-80.37297062223996,4254.461047628231,3530.538952371769,3892.5,4346.84,-0.1364551863041289,0
2023-07-09,3915.0,4019.0,3832.0,3931.0,326841315789,83150308,3101,4023.0,3944.0,45.88199537488908,-35.242326403780226,-71.34684177854803,4259.721336442158,3537.578663557842,3898.65,4326.92,-0.1769776876267748,0
2023-07-10,3977.0,3977.0,3735.0,3778.0,359136930569,95063315,3598,3931.0,3735.0,39.265400229601894,-54.25166221160953,-67.92780586516034,4252.333921029249,3555.166078970751,3903.75,4299.04,-0.13654618473895586,0
2023-07-11,3771.0,3771.0,3590.0,3602.0,668064634805,185449831,5224,3778.0,3590.0,35.44623238591686,-80.09371548313902,-70.36098778875608,4260.277337292254,3539.622662707746,3899.95,4265.64,-0.12256267409470756,0
2023-07-17,3422.0,3422.0,3422.0,3454.0,79911005970,23352135,450,3602.0,3422.0,31.6099663811666,-112.82929892398761,-78.85465001580239,4295.508902695945,3464.291097304055,3879.9,4223.68,-0.04500292226767977,0
2023-07-18,3285.0,3474.0,3285.0,3376.0,1034623373330,306442868,8539,3454.0,3430.0,31.98744565203212,-136.55285519332483,-90.39429105130688,4320.804417869558,3408.595582130441,3864.7,4182.88,-0.01836734693877551,0
2023-07-19,3460.0,3530.0,3211.0,3394.0,366885434503,108083292,5135,3376.0,3246.0,28.140277370374136,-168.26159181239746,-105.967751203525,4367.6995795106595,3321.3004204893405,3844.5,4135.8,0.03512014787430684,0
2023-07-22,3230.0,3290.0,3225.0,3227.0,110285923994,34171096,1615,3394.0,3225.0,27.730353523326528,-192.86232173546114,-123.34666530991223,4406.084071092871,3246.415928907129,3826.25,4091.9,-0.002480620155038804,0
2023-07-23,3091.0,3243.0,3091.0,3150.0,155718764236,49435817,2958,3227.0,3150.0,26.259119942987056,-215.9214426525573,-141.86162077844125,4447.51704610556,3148.0829538944395,3797.8,4045.3,-0.022539682539682526,0
2023-07-24,3151.0,3285.0,3151.0,3239.0,108803308954,33590894,2002,3150.0,3268.0,32.34124893669026,-222.1139568451249,-157.91208799177798,4456.593541621343,3079.706458378657,3768.15,4006.46,-0.055079559363525044,0
2023-07-25,3301.0,3400.0,3301.0,3387.0,642680993649,189769021,4091,3239.0,3367.0,37.03363567670488,-216.53699267297588,-169.63706892801758,4440.401672119926,3034.9983278800732,3737.7,3974.4,-0.038016038016038034,0
2023-07-26,3390.0,3449.0,3310.0,3386.0,188445029429,55650078,1828,3387.0,3360.0,36.839087923247476,-210.25832282102965,-177.76131970662001,4408.632111246642,2997.567888753358,3703.1,3943.6,-0.004761904761904745,0
2023-07-29,3349.0,3400.0,3217.0,3241.0,222607546986,68684382,2818,3386.0,3217.0,33.022600609023115,-214.3504382040228,-185.0791434061006,4383.466267949956,2942.733732050044,3663.1,3915.54,0.05004662729250864,1
2023-07-30,3199.0,3217.0,3079.0,3086.0,392594035128,127233857,3569,3241.0,3079.0,29.812750638628657,-226.12231848182137,-193.28777842124475,4366.56127363877,2870.138726361229,3618.35,3888.76,0.07989607015264699,1
2023-07-31,3076.0,3146.0,3043.0,3085.0,117588272904,38122117,1993,3086.0,3088.0,30.288660817822375,-232.05046036919293,-201.04031481083442,4344.925552708541,2808.1744472914597,3576.55,3858.36,0.05246113989637302,1
2023-08-01,3110.0,3239.0,3110.0,3185.0,118764672850,37287634,1992,3085.0,3239.0,37.89713433204022,-222.0049822425558,-205.2332482971787,4314.539824494228,2775.560175505772,3545.05,3834.32,-0.012040753318925623,0
2023-08-05,3300.0,3344.0,3290.0,3340.0,234358732934,70164047,1418,3185.0,3344.0,42.58940634315148,-203.22855371322385,-204.83230938038776,4241.837634524374,2774.862365475626,3508.35,3813.0,-0.07954545454545459,0
2023-08-06,3399.0,3449.0,3280.0,3378.0,318414909786,94262828,3473,3340.0,3378.0,44.06322240372412,-183.48943103396687,-200.5637337111036,4129.526384798435,2804.8736152015645,3467.2,3796.0,-0.06394316163410307,0
2023-08-07,3380.0,3507.0,3310.0,3397.0,175926230475,51788276,2353,3378.0,3325.0,42.24274611758985,-170.16117900852078,-194.48322277058705,4008.334027916505,2842.5659720834947,3425.45,3776.52,-0.07669172932330826,0
2023-08-08,3320.0,3348.0,3228.0,3259.0,183364092164,56267678,2353,3397.0,3250.0,39.74059674274951,-163.7625635582881,-188.3390909281273,3870.2118949960945,2892.688105003905,3381.45,3753.08,-0.05938461538461537,0
2023-08-09,3275.0,3300.0,3193.0,3239.0,66569239193,20596851,1210,3259.0,3200.0,38.119525863150415,-160.87176725331028,-182.8456261931639,3754.8734337997985,2930.8265662002013,3342.85,3731.32,-0.045937499999999964,0
2023-08-12,3101.0,3150.0,3078.0,3079.0,256699802633,83364984,2276,3239.0,3078.0,34.42916665752371,-166.5057955926777,-179.57766007306665,3622.066030609614,2977.0339693903866,3299.55,3705.78,-0.04710851202079269,0
2023-08-13,2985.0,3180.0,2985.0,3092.0,103563372119,33496786,2064,3079.0,3162.0,38.82082839317011,-162.32156371505698,-176.12644080146472,3528.9580554840013,3012.841944515999,3270.9,3684.22,-0.050284629981024676,0
2023-08-14,3210.0,3227.0,3063.0,3145.0,84791888983,26939415,1399,3092.0,3070.0,35.978620079479455,-164.5325323156103,-173.80765910429386,3472.0500825449694,3017.7499174550308,3244.9,3663.4,-0.040065146579804534,0
2023-08-15,3050.0,3112.0,2988.0,3034.0,90512673469,29829893,1778,3145.0,3057.0,35.58219235608067,-165.4267950959229,-172.13148630261966,3452.5997953090205,3000.7002046909797,3226.65,3641.14,-0.06934903500163558,0
2023-08-16,3040.0,3120.0,3000.0,3046.0,116384844422,38204693,1648,3034.0,3053.0,35.45275167569315,-164.5613110053314,-170.617451243162,3425.4985071152073,2990.101492884793,3207.8,3619.6,-0.021290533901080932,0
2023-08-19,3054.0,3105.0,2922.0,2984.0,105542917368,35375000,1763,3046.0,2933.0,31.72424198680308,-171.5805321764592,-170.81006742982146,3439.5850621884288,2944.7149378115714,3192.15,3595.26,0.05114217524718723,1
2023-08-20,2930.0,3019.0,2856.0,2969.0,157412712458,53020738,1778,2984.0,3003.0,35.95549209961003,-169.54054269883636,-170.55616248362446,3441.1864834085995,2920.913516591401,3181.05,3571.1,0.07492507492507494,1
2023-08-21,2960.0,3058.0,2937.0,2986.0,92728269356,31058857,1521,2969.0,2947.0,34.13305719013292,-170.47741085512826,-170.54041215792523,3450.2241128155492,2891.575887184451,3170.9,3543.84,0.11129962673905669,1
2023-08-22,2940.0,2960.0,2837.0,2847.0,212624070527,74693299,2422,2986.0,2845.0,31.04635819339086,-177.40541398777714,-171.9134125238956,3458.9249504733452,2840.5750495266548,3149.75,3517.54,0.1402460456942003,1
2023-08-23,2879.0,2988.0,2845.0,2937.0,139588097654,47521343,1826,2847.0,2988.0,39.32987119805728,-169.40421514312538,-171.41157304774157,3430.709719749457,2830.8902802505436,3130.8,3496.86,0.1174698795180722,1
2023-08-26,3030.0,3083.0,3000.0,3075.0,366156038157,119065049,2498,2937.0,3083.0,44.131581746933435,-153.62658966491563,-167.8545763711764,3398.2487557743525,2835.651244225647,3116.95,3482.1,0.06097956535841709,1
2023-08-27,3140.0,3228.0,3120.0,3224.0,598032645201,185513254,2963,3075.0,3228.0,50.56294096383268,-127.94752024848458,-159.87316514663806,3399.6208960715226,2835.3791039284774,3117.5,3474.0,0.013011152416356975,0
2023-08-28,3263.0,3385.0,3227.0,3331.0,315603355781,94741975,3437,3224.0,3275.0,52.472765527398785,-102.62121207038581,-148.42277453138763,3416.9080799981207,2837.6919200018797,3127.3,3466.18,0.031450381679389405,0
2023-08-29,3299.0,3395.0,3227.0,3312.0,279629146683,84431513,2698,3331.0,3244.0,51.07135069130828,-84.08212489870857,-135.55464460485183,3428.43318939424,2841.76681060576,3135.1,3454.6,0.026510480887792953,0
2023-08-30,3160.0,3398.0,3160.0,3311.0,212992601487,64320557,2563,3312.0,3339.0,55.034653845044254,-61.020650620059314,-120.64784580789333,3443.58041122978,2836.6195887702197,3140.1,3446.7,-0.03653788559448934,0
2023-09-02,3370.0,3393.0,3241.0,3314.0,186706725413,56347203,2197,3311.0,3271.0,51.800238309663015,-47.681653386130165,-106.05460732354071,3431.6770143469207,2841.222985653079,3136.45,3439.12,-0.0036686028737389353,0
2023-09-03,3274.0,3359.0,3237.0,3298.0,133951868416,40610010,1715,3314.0,3270.0,51.75206981548803,-36.76726349189994,-92.19713855721255,3412.012969090586,2850.0870309094144,3131.05,3432.72,-0.0006116207951070152,0
2023-09-04,3298.0,3443.0,3270.0,3378.0,253852046574,75139088,2355,3298.0,3378.0,56.460960366318275,-19.181718549219113,-77.59405455561387,3422.811812280642,2844.588187719358,3133.7,3425.9,-0.022794552989934824,0
2023-09-05,3420.0,3470.0,3319.0,3386.0,187415327670,55349337,2566,3378.0,3330.0,53.94118094518173,-9.014334693281398,-63.878110583147375,3435.2285532519472,2840.1714467480524,3137.7,3415.28,0.04564564564564555,0
2023-09-09,3300.0,3333.0,3217.0,3230.0,294518318413,91168831,2494,3386.0,3217.0,48.458350902845005,-9.959953214204234,-53.09447910935875,3436.8816778355877,2840.2183221644127,3138.55,3400.1,0.12713708423997505,1
2023-09-10,3238.0,3378.0,3202.0,3302.0,232207982333,70324592,2448,3230.0,3259.0,50.473367659420276,-7.236891334993743,-43.92296155448575,3449.000995353691,2846.199004646309,3147.6,3384.24,0.0788585455661246,1
2023-09-11,3270.0,3330.0,3267.0,3296.0,90660199880,27509068,1355,3302.0,3268.0,50.91619707143644,-4.303017881651613,-35.998972819918926,3458.821493197512,2846.978506802488,3152.9,3369.26,0.09883720930232553,1
2023-09-12,3309.0,3358.0,3272.0,3317.0,146720303234,44237841,1579,3296.0,3301.0,52.590072242273706,0.6771167941187741,-28.66375489711139,3474.3961082191454,2854.5038917808542,3164.45,3355.8,0.12390184792487124,1
2023-09-13,3301.0,3482.0,3293.0,3454.0,750306685471,217243772,3408,3317.0,3482.0,60.53890430924238,19.009961719077182,-19.129011573873676,3520.5415147501753,2850.8584852498243,3185.7,3346.96,0.03877082136703036,0
2023-09-17,3538.0,3626.0,3514.0,3609.0,1251329565898,346677578,6746,3454.0,3626.0,65.49544882976929,44.64384350679029,-6.3744405577408845,3593.9372890392788,2834.762710960721,3214.35,3342.1,-0.037506894649751765,0
2023-09-18,3659.0,3680.0,3491.0,3582.0,361058118909,100784210,4276,3609.0,3516.0,59.361634848066196,55.44367859965041,5.989183273737376,3621.7255940575496,2865.2744059424504,3243.5,3330.86,-0.018771331058020424,0
2023-09-19,3516.0,3672.0,3456.0,3588.0,396000491734,110380035,3682,3582.0,3591.0,61.97636216914749,69.25615705018618,18.64257802902714,3663.003012036799,2882.796987963201,3272.9,3318.66,-0.03536619326093016,0
2023-09-20,3591.0,3760.0,3571.0,3675.0,311127410821,84650911,3395,3588.0,3710.0,65.74265637283631,88.78153296385199,32.67036901599211,3715.1883302783585,2906.911669721642,3311.05,3309.66,-0.101078167115903,0
2023-09-23,3720.0,3761.0,3602.0,3673.0,201656174651,54896795,2502,3675.0,3617.0,60.683782080443365,95.64863337525503,45.266021887844694,3713.8594315090913,2985.440568490909,3349.65,3299.4,-0.01465302737074925,0
2023-09-25,3601.0,3640.0,3490.0,3502.0,570006402194,162750031,4376,3673.0,3490.0,54.5146339835885,89.80777320327525,54.17437215093081,3703.2464992205746,3046.2535007794254,3374.75,3289.76,0.030945558739255086,0
2023-09-26,3463.0,3569.0,3430.0,3494.0,222466222839,63673671,2861,3502.0,3450.0,52.69751386619346,81.01726710610228,59.542951141965105,3694.217850683368,3091.982149316632,3393.1,3279.88,0.0327536231884058,0
2023-09-27,3462.0,3583.0,3424.0,3503.0,137976261774,39388539,2236,3494.0,3464.0,53.28444183570547,74.32365387206528,62.49909168798514,3697.5922615993973,3112.207738400603,3404.9,3274.46,-0.009526558891454928,0
2023-09-30,3490.0,3525.0,3328.0,3395.0,203384931084,59912465,2965,3503.0,3335.0,47.44300858157193,57.94177850212691,61.5876290508135,3696.4050432837694,3119.394956716231,3407.9,3269.36,0.06956521739130439,1
2023-10-01,3335.0,3564.0,3335.0,3552.0,1362660719429,383640532,5498,3395.0,3564.0,56.54938123652558,62.714476961552464,61.81299863296129,3709.7530391655264,3138.046960834474,3423.9,3272.2,-0.003928170594837299,0
2023-10-02,3619.0,3689.0,3572.0,3616.0,463049095290,128053780,3984,3552.0,3598.0,57.720688789552895,68.45132644444675,63.14066419525838,3729.5302179857167,3144.169782014283,3436.85,3275.56,0.008893829905503026,0
2023-10-04,3609.0,3635.0,3557.0,3599.0,313503614207,87098261,3289,3616.0,3563.0,56.04577795889326,69.3739141994838,64.38731419610347,3738.6617511526383,3164.2382488473613,3451.45,3281.9,0.0072972214426045845,0
2023-10-07,3540.0,3552.0,3420.0,3431.0,555770307851,161995185,3789,3599.0,3431.0,50.13686088538223,58.77623891696885,63.265099140276554,3734.6912062551496,3184.3087937448504,3459.5,3286.02,0.004954823666569519,0
2023-10-08,3465.0,3596.0,3280.0,3475.0,1104146817716,317739190,8549,3431.0,3567.0,55.35900141437023,60.652405132469084,62.742560338715066,3745.2755145659976,3192.624485434002,3468.95,3294.36,-0.030277544154751923,0
2023-10-09,3590.0,3648.0,3502.0,3600.0,738748281311,205223298,6164,3475.0,3550.0,54.58938934251461,60.07501507187817,62.20905128534769,3750.734397630591,3209.1656023694086,3479.95,3300.0,0.004225352112676051,0
2023-10-10,3598.0,3676.0,3492.0,3581.0,419653365147,117176815,3804,3600.0,3630.0,57.57820039644061,65.31979476717743,62.831199981713645,3750.1855765066566,3251.014423493343,3500.6,3305.26,-0.030303030303030276,0
2023-10-11,3652.0,3730.0,3552.0,3629.0,210889628657,58115244,2973,3581.0,3589.0,55.55992097951864,65.41391225190273,63.34774243575147,3743.1370766050527,3291.062923394947,3517.1,3309.84,-0.049874616884926115,0
2023-10-14,3550.0,3579.0,3448.0,3457.0,319943274270,92561628,2660,3629.0,3448.0,49.1758849729354,53.494330084643025,61.37705996552978,3724.3764736426324,3327.8235263573674,3526.1,3314.46,-0.014211136890951326,0
2023-10-15,3385.0,3480.0,3340.0,3396.0,324990358891,95700280,2884,3457.0,3459.0,49.66183248830398,44.423496989672,57.98634737035823,3706.7147938080484,3361.2852061919516,3534.0,3322.06,-0.012431338537149506,0
2023-10-16,3480.0,3565.0,3405.0,3545.0,479101365405,135157623,2891,3396.0,3565.0,54.205730164867745,45.26630870170675,55.442339636627935,3709.651924187912,3366.6480758120883,3538.15,3331.6,-0.07461430575035066,0
2023-10-17,3610.0,3650.0,3498.0,3542.0,345054855873,97413852,2666,3545.0,3520.0,52.05738137580789,41.821032308551366,52.71807817101263,3699.652008381664,3366.047991618336,3532.85,3337.22,-0.09999999999999998,0
2023-10-18,3414.0,3494.0,3369.0,3408.0,198148852432,58135799,2427,3542.0,3410.0,47.13917831912587,29.870219951423678,48.14850652709484,3702.6847766725887,3352.4152233274117,3527.55,3338.54,-0.06568914956011729,0
2023-10-21,3430.0,3478.0,3342.0,3410.0,151681441248,44481830,1799,3408.0,3399.0,46.66439607354891,19.28915363228998,42.376635948133874,3699.067061593209,3336.8329384067906,3517.95,3338.96,-0.10826713739335103,0
2023-10-22,3378.0,3515.0,3378.0,3439.0,129225584322,37571938,1873,3410.0,3416.0,47.543723942936374,12.135450349410348,36.32839882838917,3666.471168970694,3340.028831029306,3503.25,3340.78,-0.06381733021077285,0
2023-10-23,3400.0,3434.0,3297.0,3334.0,297509150091,89247764,2440,3439.0,3299.0,42.36670309543642,-2.940931998708038,28.47453266296973,3664.5101253108655,3310.1898746891343,3487.35,3341.76,-0.020915428917853918,0
2023-10-24,3290.0,3330.0,3168.0,3185.0,267133434706,83882035,3204,3334.0,3168.0,37.449652994090094,-25.169540026450704,17.745718125085645,3696.5150660891813,3245.9849339108187,3471.25,3341.12,0.004734848484848397,0
2023-10-25,3170.0,3247.0,3158.0,3190.0,96446261067,30230373,1628,3185.0,3186.0,38.505741763522565,-40.86238631569131,6.024097236930254,3715.403045445677,3200.6969545543234,3458.05,3343.28,0.0028248587570620654,0
2023-10-28,3139.0,3139.0,3031.0,3046.0,178341958881,58553304,1905,3190.0,3031.0,33.292986535247096,-65.05635550166971,-8.191993310789739,3753.9263138704678,3118.8736861295324,3436.4,3340.66,0.08545034642032334,1
2023-10-29,3010.0,3198.0,3010.0,3160.0,346663470032,109692493,2174,3046.0,3198.0,42.348659045416376,-69.94842417442578,-20.543279483516947,3761.1307443145147,3097.9692556854857,3429.55,3343.22,0.08005003126954358,1
2023-10-30,3214.0,3297.0,3205.0,3253.0,199843557610,61436079,2743,3160.0,3230.0,43.91966559682792,-70.4314019188987,-30.5209039705933,3749.2707336062526,3076.429266393747,3412.85,3346.68,0.11764705882352944,1
2023-10-31,3250.0,3297.0,3160.0,3240.0,175191723287,54070680,1909,3253.0,3183.0,42.104846926120835,-73.75645397603466,-39.168013971681575,3731.462284292423,3052.7377157075766,3392.1,3349.28,0.18127552623311338,1
2023-11-01,3103.0,3229.0,3078.0,3134.0,210591339719,67186612,2020,3240.0,3195.0,42.75524313404995,-74.56375739429177,-46.24716265620361,3713.9070546008315,3033.492945399168,3373.7,3354.52,0.16181533646322377,1
2023-11-04,3290.0,3290.0,3270.0,3290.0,260145429231,79071779,1315,3134.0,3290.0,47.758769939192426,-66.76818306507039,-50.351366737976974,3707.658079083435,3025.641920916565,3366.65,3360.26,0.15805471124620052,1
2023-11-05,3378.0,3454.0,3330.0,3439.0,536527229475,156006556,2881,3290.0,3454.0,55.061192866566294,-46.81702730211873,-49.644498850805334,3692.1446813708094,3029.8553186291906,3361.0,3370.4,0.09640995946728426,1
2023-11-06,3450.0,3610.0,3420.0,3595.0,988105338744,274842619,4597,3439.0,3610.0,60.690064590625795,-18.20780808838572,-43.35716069832141,3702.934801990257,3025.065198009743,3364.0,3385.7,0.03157894736842115,0
2023-11-07,3760.0,3774.0,3720.0,3771.0,2142624367589,568203309,9345,3595.0,3760.0,65.20331129269634,16.380130704008025,-31.40970241785552,3733.70765410461,3007.29234589539,3370.5,3401.14,-0.009840425531914887,0
2023-11-08,3770.0,3810.0,3671.0,3730.0,418030587127,112071636,4225,3771.0,3712.0,62.7216699382414,39.463215162959386,-17.23511890169254,3758.152961980865,2995.1470380191354,3376.65,3413.72,0.018318965517241326,0
2023-11-11,3732.0,3916.0,3732.0,3848.0,646166966104,167917377,5512,3730.0,3810.0,65.60034701426905,64.91619341241767,-0.8048564388704982,3819.9256695769072,2969.5743304230928,3394.75,3425.36,-0.019947506561679762,0
2023-11-12,3820.0,3875.0,3735.0,3804.0,434998835432,114351173,3488,3848.0,3787.0,64.34450670261037,82.28344197353317,15.812803243610237,3869.019970625034,2953.280029374966,3411.15,3435.6,-0.020332717190388205,0
2023-11-13,3820.0,3890.0,3719.0,3796.0,405037278253,106693744,3413,3804.0,3724.0,60.90513143195574,89.92691657869682,30.635625910627557,3892.6326387907898,2945.56736120921,3419.1,3445.2,-0.0212137486573577,0
2023-11-14,3708.0,3790.0,3690.0,3731.0,259846521903,69637349,2140,3796.0,3723.0,60.84953211378705,94.81081358754363,43.470663446010775,3919.4091068216194,2939.0908931783806,3429.25,3452.88,0.004566210045662045,0
2023-11-15,3705.0,3915.0,3701.0,3837.0,526209855756,137132118,3929,3731.0,3780.0,62.926993350843745,102.10377205786472,55.19728516838156,3960.992583969964,2934.507416030036,3447.75,3463.06,-0.010582010582010581,0
2023-11-18,3800.0,3871.0,3734.0,3790.0,223065983820,58858543,2369,3837.0,3734.0,60.152905311267936,102.98453698979301,64.75473553266386,3991.954453010081,2937.045546989919,3464.5,3472.34,-0.005891805034815234,0
2023-11-19,3741.0,3847.0,3693.0,3756.0,218860201747,58271274,2226,3790.0,3710.0,58.69894795465301,100.58645211321527,71.92107884877414,4016.719711266631,2941.680288733369,3479.2,3478.98,0.008086253369272267,0
2023-11-20,3700.0,3710.0,3573.0,3633.0,284818567740,78397874,3185,3756.0,3645.0,54.83326721635162,92.37614114594544,76.01209130820841,4031.975302885353,2961.024697114647,3496.5,3485.28,0.03895747599451305,0
2023-11-21,3600.0,3768.0,3600.0,3683.0,218488449294,59326960,2345,3633.0,3740.0,59.0753184238239,92.46918934941232,79.3035109164492,4048.299732415984,3001.9002675840156,3525.1,3495.74,0.06497326203208553,1
2023-11-22,3780.0,3822.0,3690.0,3779.0,214026299837,56633804,2226,3683.0,3740.0,59.0753184238239,91.4883104279188,81.74047081874312,4059.6603752515625,3045.939624748438,3552.8,3505.36,0.09358288770053469,1
2023-11-25,3780.0,3816.0,3708.0,3739.0,215237395682,57558153,1760,3779.0,3712.0,57.23774976521863,87.44359548455031,82.88109575190455,4037.276142669529,3136.423857330471,3586.85,3514.24,0.08485991379310343,1
2023-11-26,3768.0,3829.0,3700.0,3741.0,226865372517,60642398,2130,3739.0,3740.0,58.623780912338795,85.51176929832627,83.4072304611889,4031.557698684002,3196.3423013159977,3613.95,3523.02,0.12566844919786102,1
2023-11-27,3751.0,3885.0,3715.0,3812.0,328439688749,86154942,2930,3741.0,3787.0,60.91390608521774,86.7730249154065,84.08038935203243,4026.246927416705,3257.353072583295,3641.8,3529.12,0.07736994982836021,1
2023-11-28,3810.0,4002.0,3771.0,3913.0,714338977214,182561964,4787,3812.0,3983.0,68.69534964760994,102.40764940268673,87.74584136216329,4031.919179709055,3331.6808202909456,3681.8,3536.26,0.02360030128044177,0
2023-11-29,4000.0,4108.0,3970.0,4089.0,1166747808557,285355327,5937,3913.0,4090.0,71.97546221966022,122.02557286818956,94.60178766336855,4043.5733272176303,3409.52667278237,3726.55,3547.74,-0.01344743276283622,0
2023-12-02,4090.0,4178.0,4026.0,4092.0,646117235611,157897193,5606,4089.0,4027.0,67.49141787887498,130.97949498084017,101.87732912686289,4037.2812881526097,3489.5187118473905,3763.4,3556.46,0.033275391110007435,0
2023-12-03,4015.0,4270.0,4007.0,4133.0,1055751600895,255454345,6465,4092.0,4210.0,72.79357034479784,151.1003229040757,111.72192788230547,4101.267059171993,3501.132940828006,3801.2,3566.46,-0.002612826603325402,0
2023-12-04,4230.0,4280.0,4070.0,4142.0,627079385685,151408620,5224,4133.0,4080.0,64.71828082071352,154.77219295328769,120.3319808965019,4134.6445756907615,3514.755424309238,3824.7,3575.72,0.031862745098039325,0
2023-12-05,4080.0,4240.0,4038.0,4144.0,565141164858,136390663,4162,4142.0,4077.0,64.54034681261268,155.64591230291762,127.39476717778506,4167.589126099806,3513.5108739001944,3840.55,3587.46,0.034584253127299514,0
2023-12-06,4090.0,4141.0,4029.0,4064.0,363807430369,89522152,2994,4144.0,4035.0,61.971508462763175,151.20628031413344,132.15706980505473,4188.616314754371,3524.7836852456285,3856.7,3599.16,0.06418835192069383,1
2023-12-09,4020.0,4250.0,3980.0,4185.0,944551654568,225674977,6825,4064.0,4161.0,66.30446007541926,156.05606972104988,136.93686978825377,4230.648583050103,3517.8514169498967,3874.25,3613.1,0.08844027877913962,1
2023-12-10,4198.0,4328.0,4163.0,4253.0,520681924845,122434592,4438,4185.0,4199.0,67.50690062672297,161.1086845587074,141.7712327423445,4275.497487841598,3514.2025121584024,3894.85,3630.38,0.07144558228149567,1
2023-12-11,4250.0,4316.0,4165.0,4210.0,576740171793,137000581,4251,4253.0,4210.0,67.8643968204187,164.10878239950807,146.2387426737772,4314.822225459555,3523.4777745404454,3919.15,3643.3,0.08551068883610458,1
2023-12-12,4165.0,4280.0,4165.0,4220.0,361797506850,85739885,2850,4210.0,4218.0,68.13894741463807,165.22727748960006,150.0364496369418,4349.206748031802,3538.5932519681987,3943.9,3655.7,0.08819345661450928,1
2023-12-13,4200.0,4427.0,4166.0,4314.0,570246053379,132170200,4396,4220.0,4294.0,70.69996391141095,170.28333743209805,154.08582719597305,4394.7740349552305,3544.4259650447693,3969.6,3670.32,0.06194690265486735,1
2023-12-16,4378.0,4529.0,4378.0,4482.0,1401753958075,312718268,11122,4314.0,4529.0,76.88660533322347,191.05052584935902,161.47876692665025,4484.678212922511,3534.021787077489,4009.35,3692.28,0.03554868624420404,0
2023-12-18,4571.0,4651.0,4441.0,4561.0,777700384313,170496225,5903,4482.0,4499.0,74.71766232111327,202.75073870220558,169.73316128176134,4548.540972905068,3549.059027094932,4048.8,3710.92,0.011113580795732325,0
2023-12-19,4500.0,4622.0,4394.0,4531.0,945228491301,208634810,5854,4561.0,4570.0,76.41349436252548,215.27084006894074,178.8406970391972,4607.791445565013,3582.308554434987,4095.05,3731.32,-0.01772428884026256,0
2023-12-20,4600.0,4667.0,4560.0,4612.0,632163240289,137082332,4172,4531.0,4590.0,76.88386177109508,224.22224894522697,187.91700742040317,4666.191456944209,3608.908543055792,4137.55,3750.52,-0.027233115468409563,0
2023-12-23,4610.0,4660.0,4536.0,4586.0,338954879239,73909378,3143,4612.0,4560.0,74.4843943865708,226.287059330406,195.59101780240374,4704.688185270838,3652.4118147291615,4178.55,3769.94,-0.03486842105263155,0
2023-12-24,4552.0,4700.0,4480.0,4646.0,675530122852,145414360,4805,4586.0,4690.0,77.72811485350832,235.69638872813448,203.6120919875499,4752.844128250485,3702.0558717495155,4227.45,3794.78,-0.08422174840085284,0
2023-12-25,4630.0,4706.0,4546.0,4603.0,411365389336,89377978,3537,4646.0,4549.0,67.67851429148791,229.1345084701934,208.7165752840786,4760.496751917917,3775.303248082082,4267.9,3816.58,-0.003517256539898872,0
2023-12-26,4550.0,4597.0,4485.0,4534.0,476871988572,105172395,3248,4603.0,4489.0,63.892869349458074,216.5958899379575,210.2924382148544,4751.606286179852,3854.393713820148,4303.0,3835.06,0.031187346847850295,0
2023-12-27,4480.0,4588.0,4410.0,4470.0,426068134153,95326054,3635,4534.0,4465.0,62.38956912098955,202.3893268151187,208.71181593490726,4755.694400336818,3898.5055996631827,4327.1,3853.96,0.03695408734602457,0
2023-12-30,4450.0,4530.0,4375.0,4418.0,427607669309,96790098,3687,4470.0,4401.0,58.44079014240636,183.8469844617248,203.7388496402708,4758.071364400141,3927.228635599858,4342.65,3873.78,0.02953874119518285,0
2023-12-31,4438.0,4440.0,4280.0,4318.0,426910532342,98865673,3614,4418.0,4295.0,52.51256552021873,158.76854547303446,194.74478880682355,4746.413663780421,3965.686336219579,4356.05,3891.7,0.05844004656577417,1
2024-01-01,4271.0,4533.0,4271.0,4508.0,1347705627401,298954660,9272,4318.0,4533.0,61.866096864568085,156.2966226702374,187.05515557950633,4763.782226358746,3980.6177736412537,4372.2,3914.04,-0.003750275755570298,0
2024-01-02,4560.0,4657.0,4462.0,4580.0,645769078680,141006212,5008,4508.0,4629.0,64.87170864393053,160.23689258063587,181.69150297973223,4782.319191339033,4016.9808086609664,4399.65,3940.64,-0.03650896521926983,0
2024-01-03,4620.0,4700.0,4580.0,4655.0,516124318369,110873294,3610,4580.0,4630.0,64.90274053782711,161.57770926165267,177.66874423611634,4792.22360844438,4062.37639155562,4427.3,3969.88,-0.03390928725701947,0
2024-01-06,4620.0,4659.0,4487.0,4565.0,311997628525,68338749,3135,4655.0,4531.0,59.31618236785863,152.88942934778606,172.7128812584503,4771.599546165664,4132.600453834337,4452.1,3996.78,-0.03200176561465462,0
2024-01-07,4588.0,4687.0,4501.0,4598.0,438764001952,95425396,2903,4565.0,4546.0,59.879672745735164,145.53662395261745,167.27762979728374,4763.605555978092,4179.094444021909,4471.35,4027.08,-0.03761548614166299,0
2024-01-08,4559.0,4617.0,4511.0,4555.0,260350443418,57153000,2292,4598.0,4516.0,58.14509965844202,135.72417956662957,160.96693975115292,4751.7226644355105,4222.677335564489,4487.2,4053.44,-0.04716563330380863,0
2024-01-09,4550.0,4550.0,4460.0,4490.0,269060851611,59928503,2339,4555.0,4460.0,54.94549213757614,122.02241624921317,153.17803505076498,4732.352616576863,4267.047383423137,4499.7,4078.04,-0.04686098654708515,0
2024-01-10,4444.0,4560.0,4444.0,4507.0,203255847109,45100897,2076,4490.0,4473.0,55.556895727543726,110.93388468999183,144.72920497861034,4706.739963714185,4318.160036285814,4512.45,4103.84,-0.04560697518444001,0
2024-01-13,4421.0,4528.0,4364.0,4426.0,463706936402,104760342,4313,4507.0,4386.0,50.60736480872449,94.04191398473358,134.59174677983498,4694.018330500288,4340.081669499712,4517.05,4127.66,-0.053807569539443656,0
2024-01-14,4390.0,4475.0,4362.0,4413.0,367816243767,83352149,3382,4426.0,4375.0,50.000822176317335,78.85826840101618,123.44505110407121,4696.667137496974,4322.032862503027,4509.35,4149.36,0.00914285714285712,0
2024-01-15,4430.0,4430.0,4300.0,4342.0,329116469751,75805745,3323,4413.0,4303.0,46.105653369454195,60.319990312335904,110.82003894572415,4707.391742679522,4291.708257320478,4499.55,4166.34,-0.0006971880083662674,0
2024-01-16,4249.0,4335.0,4152.0,4266.0,259743049198,60891941,2584,4342.0,4251.0,43.471681640869285,40.96014291736083,96.8480597400515,4714.994381954408,4252.205618045593,4483.6,4179.16,-0.020936250294048442,0
2024-01-17,4329.0,4375.0,4244.0,4306.0,243506135521,56552534,2480,4266.0,4269.0,44.650440426457976,26.7612864920402,82.83070509044924,4711.392961760359,4223.707038239641,4467.55,4189.34,-0.004450691028343834,0
2024-01-20,4300.0,4369.0,4118.0,4205.0,382572443739,90971444,3272,4306.0,4150.0,38.87843430236044,5.838976911039026,67.43235945456719,4723.1597426750195,4170.940257324981,4447.05,4198.1,0.01807228915662651,0
2024-01-21,4415.0,4415.0,4370.0,4414.0,2361118417720,534896568,7336,4205.0,4415.0,53.34289943103974,10.519914112122933,56.04987038607834,4686.046592459853,4180.553407540147,4433.3,4210.2,-0.04801812004530015,0
2024-01-22,4450.0,4514.0,4268.0,4365.0,1160142662579,265755054,8332,4414.0,4300.0,48.03082001419897,4.89364081824715,45.818624472512106,4674.103450124709,4167.596549875292,4420.85,4220.46,-0.05348837209302326,0
2024-01-23,4338.0,4338.0,4154.0,4200.0,806645144909,192057616,4977,4365.0,4162.0,42.5543821994894,-10.578723053799877,34.53915496724971,4679.345047254029,4129.654952745971,4404.5,4229.22,-0.06943777030273912,0
2024-01-24,4200.0,4330.0,4190.0,4235.0,251419644085,59373897,2528,4200.0,4250.0,46.72579710662979,-15.560447192255197,24.519234535348726,4675.0319759601925,4112.4680240398075,4393.75,4239.76,-0.08188235294117652,0
2024-01-27,4307.0,4399.0,4206.0,4278.0,298418644979,69757143,3012,4235.0,4225.0,45.71029111197637,-21.28048237546318,15.359291153186344,4675.629531443256,4094.2704685567433,4384.95,4248.66,-0.05491124260355029,0
2024-01-28,4295.0,4296.0,4194.0,4225.0,330238910043,78172227,3081,4278.0,4203.0,44.78781942240403,-27.274464557459396,6.832540011057197,4679.369915724808,4081.330084275192,4380.35,4258.04,-0.060433024030454474,0
2024-01-29,4162.0,4200.0,4014.0,4058.0,788661723499,194345292,5205,4225.0,4070.0,39.58664519754459,-42.26947094440857,-2.9878621800359557,4676.37430974324,4038.02569025676,4357.2,4265.24,-0.012285012285012331,0
2024-01-30,4036.0,4049.0,3864.0,3929.0,528957313666,134624023,5052,4058.0,3873.0,33.39961528028523,-69.25109166416223,-16.24050807686121,4677.550471171095,3961.249528828905,4319.4,4269.8,0.05990188484379044,1
2024-01-31,3874.0,3985.0,3836.0,3901.0,331543695370,84981103,3067,3929.0,3902.0,35.00988012134836,-87.28796155383588,-30.449998772256148,4655.185437651825,3910.814562348175,4283.0,4273.04,0.08405945668887749,1
2024-02-03,3920.0,4074.0,3920.0,4016.0,264883996042,65951212,3205,3901.0,3993.0,39.91881363531493,-93.16541845823667,-42.99308270945225,4630.461803607263,3881.7381963927373,4256.1,4278.1,0.041572752316553885,0
2024-02-04,3980.0,4040.0,3915.0,3955.0,205074716179,51854065,1969,4016.0,3949.0,38.40817880342034,-100.2185209507652,-54.43817035771484,4598.589025620584,3853.9109743794165,4226.25,4282.84,0.032666497847556375,0
2024-02-05,3955.0,4150.0,3925.0,4015.0,250768573628,62453713,2537,3955.0,4020.0,42.20863044476246,-98.9385468813698,-63.33824566244584,4559.071294108849,3843.8287058911505,4201.45,4288.44,0.007960199004975133,0
2024-02-06,4033.0,4170.0,4033.0,4117.0,257332006382,62503438,2987,4015.0,4105.0,46.46732389372171,-90.02758660613017,-68.6761138511827,4522.998747418981,3844.4012525810185,4183.7,4294.8,-0.028014616321559105,0
2024-02-07,4117.0,4241.0,4066.0,4164.0,342938733750,82365527,3122,4117.0,4230.0,52.061932236840775,-72.04859964853677,-69.35061101065352,4484.95547219232,3858.144527807681,4171.55,4299.74,-0.07470449172576832,0
2024-02-10,4222.0,4298.0,4154.0,4193.0,182817475774,43605572,1876,4164.0,4159.0,48.9337486010626,-62.805249756990634,-68.04153875992095,4457.759136979679,3862.64086302032,4160.2,4301.12,-0.038230343832652114,0
2024-02-12,4131.0,4190.0,4057.0,4107.0,275800671990,67146142,2029,4193.0,4078.0,45.56972006243033,-61.30911807834946,-66.69505462360667,4427.808687244867,3862.891312755134,4145.35,4302.14,-0.023050514958312895,0
2024-02-13,4110.0,4113.0,4047.0,4070.0,113848503947,27972471,1165,4107.0,4052.0,44.51192728740795,-61.51232980501754,-65.65850965988885,4408.344987252707,3857.255012747293,4132.8,4298.98,-0.008884501480750262,0
2024-02-14,4084.0,4165.0,3970.0,4028.0,319832522668,79393762,2624,4070.0,3990.0,42.00779566076266,-65.91641500619562,-65.71009072915021,4396.386855823832,3843.113144176168,4119.75,4297.18,0.01102756892230583,0
2024-02-17,3960.0,4028.0,3914.0,3948.0,292513867527,74099965,2080,4028.0,3914.0,39.10373563553848,-74.6784029557657,-67.50375317447332,4383.565622901833,3820.434377098167,4102.0,4293.92,0.07792539601430759,1
2024-02-18,3920.0,4050.0,3920.0,3987.0,150338110785,37706164,1648,3948.0,4000.0,43.83533948535596,-73.83177353784231,-68.76935724714713,4378.532040446316,3810.4679595536836,4094.5,4293.22,0.06600000000000006,1
2024-02-19,4011.0,4104.0,3984.0,4029.0,173571007186,43079453,1945,3987.0,3984.0,43.16338564285434,-73.60342543504976,-69.73617088472766,4319.353307607873,3826.5466923921267,4072.95,4289.68,0.08760040160642579,1
2024-02-20,4050.0,4070.0,3985.0,4029.0,153593036105,38125394,1618,4029.0,4016.0,44.979949751199314,-70.0330281985589,-69.7955423474939,4282.906976246784,3834.5930237532157,4058.75,4286.02,0.07445219123505975,1
2024-02-21,4062.0,4083.0,3994.0,4019.0,179308916954,44616920,1742,4029.0,4034.0,46.02496510447797,-65.00171380303391,-68.8367766386019,4271.605353412641,3833.094646587359,4052.35,4282.5,0.13039167079821512,1
2024-02-24,4219.0,4219.0,4180.0,4218.0,1362986740319,323130959,7200,4019.0,4219.0,55.40084839082176,-45.56120578599257,-64.18166246808003,4264.820185964087,3836.7798140359137,4050.8,4282.52,0.05238208106186293,1
2024-02-26,4300.0,4388.0,4221.0,4300.0,774636319068,180127379,7551,4218.0,4264.0,57.34193913620061,-26.221078926077553,-56.58954575967954,4273.6824557417995,3831.817544258201,4052.75,4281.92,0.024390243902439046,0
2024-02-27,4284.0,4372.0,4254.0,4319.0,438617852436,101551355,4661,4300.0,4333.0,60.202162662629924,-5.265468663453248,-46.32473034043428,4303.862244174533,3814.637755825467,4059.25,4278.0,0.015231940918532194,0
2024-02-28,4383.0,4414.0,4299.0,4343.0,459743420503,105846908,3726,4319.0,4315.0,59.0891132738209,9.776852410265747,-35.104413790294274,4340.374320083009,3802.6256799169914,4071.5,4274.32,0.06767091541135573,1
2024-03-02,4339.0,4560.0,4290.0,4496.0,794513150412,176714698,4713,4343.0,4560.0,67.81222700941909,40.99488912146808,-19.884553207941806,4433.5994622422695,3778.100537757731,4105.85,4274.12,-0.007236842105263208,0
2024-03-03,4600.0,4690.0,4422.0,4532.0,812102161575,179205036,6878,4496.0,4440.0,60.95651427334117,55.413637096095954,-4.824915147134254,4477.054443770472,3788.4455562295284,4132.75,4271.12,0.008333333333333304,0
2024-03-04,4440.0,4498.0,4368.0,4400.0,591266112013,134366558,3936,4532.0,4368.0,57.21869348292595,60.33529277882644,8.207126438057886,4504.064604009098,3798.935395990902,4151.5,4267.28,0.018086080586080522,0
2024-03-05,4380.0,4539.0,4372.0,4464.0,339328845610,76022246,3003,4400.0,4399.0,58.40143695721601,65.97664360969702,19.761029872385713,4529.424816241199,3818.5751837588014,4174.0,4261.46,0.007047056149124709,0
2024-03-06,4530.0,4667.0,4517.0,4576.0,678351993386,148229835,6009,4464.0,4607.0,65.32778656633776,86.237227381921,33.05626937429277,4597.856920091507,3808.843079908493,4203.35,4262.62,-0.8819188191881919,0
2024-03-09,4649.0,4676.0,4519.0,4592.0,486998347531,106058564,4399,4576.0,4527.0,61.11304147391464,94.7463773187701,45.39429096318824,4640.226610693873,3808.6733893061264,4224.45,4263.38,-0.8782858405124807,0
2024-03-10,4527.0,4599.0,4468.0,4509.0,548621107997,121664270,3524,4592.0,4477.0,58.56966409688447,96.34475544799534,55.584383860149664,4666.928166945718,3806.671833054282,4236.8,4263.62,-0.8791601518874246,0
2024-03-11,4498.0,4500.0,4383.0,4421.0,982236516036,222167811,5054,4509.0,4447.0,57.035891157795156,94.10593768088711,63.28869462429715,4689.157806186945,3813.2421938130547,4251.2,4264.54,-0.8803687879469305,0
2024-03-12,4420.0,4590.0,4383.0,4452.0,879077643644,197469389,6577,4421.0,4430.0,56.13874462202246,89.92332048237404,68.61561979591252,4705.792265377867,3831.807734622133,4268.8,4267.24,-0.8848758465011287,0
2024-03-27,521.0,547.0,503.0,537.0,4085501999706,7608404905,65759,472.0,544.0,11.522343641633668,-224.3727279834966,10.0179502400307,5776.649286350687,2410.150713649313,4093.4,4187.46,-0.05147058823529416,0
2024-03-30,550.0,555.0,535.0,546.0,2189983009236,4007749282,42736,537.0,551.0,11.658543394905692,-467.5007120751784,-85.48578222301113,6206.760086180891,1636.1399138191082,3921.45,4105.9,-0.056261343012704135,0
2024-04-02,533.0,547.0,519.0,534.0,1475846157111,2762278184,26006,546.0,541.0,11.630998168824334,-653.4556772515657,-199.07976122872205,6472.055089174264,1033.5449108257367,3752.8,4024.12,-0.05360443622920519,0
2024-04-03,539.0,542.0,525.0,532.0,863562612252,1622283964,17209,534.0,532.0,11.604424418834867,-792.4180496575491,-317.74741891448747,6634.979643864671,523.8203561353293,3579.4,3944.14,-0.07706766917293228,0
2024-04-06,538.0,539.0,506.0,514.0,1463428602185,2846765049,27287,532.0,510.0,11.535046691534873,-894.0162838826641,-433.0011919081228,6732.467686508958,78.9323134910419,3405.7,3863.42,-0.04117647058823526,0
2024-04-07,510.0,528.0,502.0,514.0,707291568163,1376147437,13432,514.0,516.0,11.690113569776045,-962.949187803963,-538.9907910872909,6771.951648781851,-310.5516487818518,3230.7,3783.42,-0.04069767441860461,0
2024-04-08,523.0,527.0,517.0,521.0,428689138889,822458276,9616,514.0,520.0,11.801108806289335,-1005.6635804738814,-632.325348964609,6764.1106750810495,-654.1106750810495,3055.0,3704.62,-0.05384615384615388,0
2024-04-09,522.0,523.0,510.0,516.0,592836913265,1148859026,10741,521.0,512.0,11.769247879575701,-1028.306895751181,-711.5216583219235,6696.1985897869135,-956.8985897869134,2869.65,3625.4,-0.04296875,0
2024-04-13,514.0,514.0,491.0,493.0,533491267948,1081595946,11185,516.0,491.0,11.680103030533445,-1036.0040015011882,-776.4181269577765,6585.212033176507,-1223.2120331765072,2681.0,3547.5,0.05295315682281054,1
2024-04-14,489.0,489.0,489.0,491.0,59896067694,122486846,1594,493.0,489.0,11.671036265796971,-1030.387728211294,-827.21204720848,6427.106773221235,-1449.5067732212347,2488.8,3469.78,0.059304703476482645,1
2024-04-15,495.0,495.0,492.0,495.0,605398321246,1223191471,8545,491.0,495.0,11.89200302157954,-1013.7665713236415,-864.5229520315124,6233.836412433233,-1638.2364124332325,2297.8,3393.62,0.03232323232323231,0
2024-04-16,491.0,496.0,491.0,491.0,574578355101,1169717905,10016,495.0,492.0,11.876005640626616,-989.4307182484306,-889.5045052748961,5961.6431213980195,-1772.8431213980189,2094.4,3318.44,0.020325203252032464,0
2024-04-17,495.0,495.0,488.0,493.0,354872389969,720216270,7456,491.0,490.0,11.86454685864912,-959.2481471125998,-903.453233642437,5667.0454030316005,-1873.2454030316003,1896.9,3242.86,0.01632653061224487,0
2024-04-20,507.0,517.0,504.0,515.0,930358021225,1804996146,12450,493.0,517.0,13.083781617707373,-922.5153845746968,-907.265663828889,5341.003971716354,-1932.3039717163538,1704.35,3170.2,-0.046421663442940075,0
2024-04-21,530.0,532.0,514.0,523.0,651116349085,1245651734,12579,515.0,518.0,13.131712880500146,-883.1433867507022,-902.4412084132517,4960.501159352936,-1939.9011593529365,1510.3,3092.26,-0.06563706563706562,0
2024-04-22,521.0,521.0,508.0,514.0,525581930371,1021794639,10324,523.0,511.0,13.07734774879573,-842.7904723672226,-890.511061204046,4470.61070896428,-1859.61070896428,1305.5,3016.48,-0.050880626223091974,0
2024-04-23,506.0,513.0,498.0,502.0,560789053635,1117979749,12155,514.0,502.0,13.002811849254641,-802.2884400454967,-872.8665369723361,3916.6208059216497,-1708.1208059216497,1104.25,2943.28,-0.041832669322709126,0
2024-04-24,498.0,507.0,496.0,500.0,490961309384,982401706,10468,502.0,498.0,12.967436387605474,-761.7322786533126,-850.6396853085315,3261.0428637269406,-1450.442863726941,905.3,2868.24,-0.02008032128514059,0
2024-04-27,499.0,511.0,492.0,497.0,371748501345,747515122,8688,500.0,493.0,12.920118425888433,-721.6756590024185,-824.846880047309,2415.9482548943083,-1000.7482548943082,707.6,2793.6,-0.024340770791075106,0
2024-04-28,492.0,495.0,480.0,484.0,336269047016,695000347,8473,497.0,484.0,12.829370970902573,-682.7859922217758,-796.4347024822025,548.9217555329597,471.6782444670403,510.3,2719.22,-0.02066115702479343,0
2024-04-29,489.0,493.0,481.0,486.0,236708273074,486879684,5777,484.0,485.0,12.902571709892712,-644.4560710435312,-766.0389761944683,544.1971165825495,470.5028834174505,507.35,2647.52,-0.035051546391752564,0
2024-04-30,490.0,490.0,474.0,480.0,350502945041,730627517,7586,486.0,481.0,12.856066877527013,-607.4003656070885,-734.3112540769924,536.507464697192,471.19253530280804,503.85,2579.68,-0.043659043659043606,0
2024-05-01,483.0,494.0,478.0,485.0,253657294188,523005364,5436,480.0,488.0,13.444018535061375,-570.8877717112192,-701.6265576038378,529.7068412920232,472.69315870797675,501.2,2511.4,-0.07377049180327866,0
2024-05-05,495.0,495.0,479.0,483.0,260106759300,538448423,5799,485.0,481.0,13.347040335273732,-536.33359960806,-668.5679660046823,524.6982245162478,472.60177548375214,498.65,2441.16,-0.07484407484407485,0
2024-05-06,480.0,481.0,472.0,475.0,263502066437,554893196,6769,483.0,474.0,13.244154887996089,-503.70758329238754,-635.5958894622233,524.4418466299201,469.2581533700799,496.85,2371.66,-0.09071729957805907,0
2024-05-07,476.0,479.0,466.0,469.0,293995716295,626320364,6905,475.0,468.0,13.150581612594934,-472.8842647169474,-603.0535645131681,523.2838343001632,465.61616569983676,494.45,2300.62,-0.06623931623931623,0
2024-05-08,470.0,470.0,457.0,461.0,298901173901,648728860,7748,469.0,460.0,13.018509156781846,-443.98412321519857,-571.2396762535742,521.486477830291,461.4135221697089,491.45,2227.72,-0.03913043478260869,0
2024-05-11,465.0,466.0,451.0,456.0,267881851839,586866188,6392,461.0,452.0,12.879212312278185,-416.9200907199231,-540.3757591468441,521.5103992784398,455.38960072156016,488.45,2152.16,-0.02433628318584069,0
2024-05-12,456.0,460.0,440.0,447.0,392824992768,879360333,9651,456.0,445.0,12.750652516937336,-391.5232551100072,-510.60525833947673,524.2040405272567,448.0959594727433,486.15,2077.88,-0.0561797752808989,0
2024-05-13,448.0,448.0,425.0,431.0,392115925855,910551161,10429,447.0,431.0,12.482288208973927,-368.2804550724947,-482.1402976860804,528.2072018752322,438.29279812476784,483.25,2004.94,-0.030162412993039456,0
2024-05-14,434.0,448.0,432.0,438.0,258668375542,590968534,6208,431.0,437.0,13.324260497824454,-345.39472336136674,-454.7911828211377,529.2141995785327,431.4858004214674,480.35,1932.64,-0.059496567505720854,0
2024-05-15,440.0,446.0,428.0,438.0,195915835469,447242255,5094,438.0,442.0,14.06620136128862,-323.1293241761655,-428.45881109214326,529.1306981275695,426.5693018724305,477.85,1861.68,-0.08597285067873306,0
2024-05-18,445.0,445.0,430.0,436.0,207323172606,475324816,5475,438.0,441.0,14.040315460626616,-302.08230972421387,-403.18351081855747,528.7644076182913,422.03559238170857,475.4,1792.22,-0.0975056689342404,0
2024-05-19,415.0,422.0,415.0,415.0,312445347057,752324995,7177,436.0,420.0,13.479321159929,-283.825163817708,-379.31184141838764,525.5171720252338,415.5828279747663,470.55,1720.62,-0.04047619047619044,0
2024-05-21,415.0,423.0,412.0,419.0,212622324902,507162855,4976,415.0,418.0,13.424307711831801,-266.4462014827793,-356.738713431266,520.5353616924735,410.56463830752654,465.55,1649.3,-0.019138755980861233,0
2024-05-25,424.0,424.0,411.0,412.0,188951054951,458183746,4541,419.0,411.0,13.220924363177133,-250.3521859613079,-335.4614079372744,516.2760262395644,404.8239737604356,460.55,1577.2,0.0024330900243310083,0
2024-05-26,404.0,404.0,404.0,404.0,102239013056,253066864,2394,412.0,404.0,13.00867747827526,-235.44830273552475,-315.4587868969245,513.1418255098332,398.15817449016674,455.65,1504.6,0.024752475247524774,0
2024-05-27,396.0,401.0,396.0,396.0,240890511702,607629281,5702,404.0,398.0,12.818717558874098,-221.56693208585966,-296.68041593471156,509.9063076849511,391.39369231504884,450.65,1428.18,0.012562814070351758,0
2024-05-28,402.0,403.0,399.0,402.0,97002959055,241039465,2187,396.0,403.0,13.946437145685167,-207.76737465850545,-278.89780767947036,505.5276894165986,386.77231058340135,446.15,1350.96,-0.01985111662531014,0
2024-05-29,410.0,410.0,410.0,404.0,30061770310,73321391,710,402.0,410.0,15.592593734128073,-194.02963166375764,-261.92417247632784,501.15085178644694,383.74914821355304,442.45,1272.5,-0.019512195121951237,0
2024-06-01,412.0,412.0,408.0,412.0,438213379180,1064329695,8133,404.0,412.0,16.086507040828963,-180.89573465461046,-245.71848491198438,495.50837681026303,382.091623189737,438.8,1194.44,-0.014563106796116498,0
2024-06-02,416.0,416.0,405.0,410.0,152959415666,373184839,3959,412.0,414.0,16.611989793109544,-168.38461039212063,-230.25171000801163,489.65138375037213,381.24861624962784,435.45,1111.52,-0.007246376811594235,0
2024-06-05,412.0,414.0,402.0,403.0,393690242263,977020868,7515,410.0,403.0,16.01786369080098,-157.5410274469549,-215.7095734958003,481.4378343527617,380.9621656472383,431.2,1030.78,0.017369727047146455,0
2024-06-08,401.0,405.0,395.0,395.0,263919501408,667868473,5963,403.0,395.0,15.58140262131657,-147.88818009735832,-202.1452948161119,473.97398432739624,379.8260156726037,426.9,951.32,0.020253164556962133,0
2024-06-09,391.0,402.0,388.0,399.0,239993633719,601575935,5200,395.0,402.0,17.694704000461,-138.0816680132316,-189.33256945553586,466.24694401766334,380.3530559823367,423.3,871.38,-0.00995024875621886,0
2024-06-10,406.0,406.0,406.0,403.0,58949319814,145195369,1205,399.0,406.0,18.94340453513118,-128.50583469360834,-177.16722250315036,458.49151342604017,381.9084865739598,420.2,787.36,-0.029556650246305383,0
2024-06-11,411.0,411.0,405.0,410.0,271985215141,663331033,5799,403.0,411.0,20.565712195925187,-119.14008682560024,-165.56179536764034,451.54866861959,383.95133138041,417.75,705.04,-0.024330900243308973,0
2024-06-12,415.0,418.0,404.0,411.0,199131179051,484147520,4816,410.0,410.0,20.477437718924463,-110.52430046946165,-154.55429638800462,445.6851460868274,385.61485391317257,415.65,623.7,-0.004878048780487809,0
2024-06-15,410.0,413.0,403.0,403.0,165151708090,409412666,3480,411.0,403.0,19.83560826174059,-103.07290887454451,-144.2580188853126,440.8298460490024,386.2701539509976,413.55,542.82,0.02977667493796532,0
2024-06-16,397.0,402.0,395.0,396.0,169255879067,427547015,4401,403.0,398.0,19.368626936188903,-96.4591643614379,-134.69824798053767,438.7469737672132,385.05302623278675,411.9,462.18,0.06030150753768848,1
2024-06-18,395.0,402.0,390.0,394.0,128283285837,325525767,3544,396.0,394.0,18.983585990687132,-90.49729428009869,-125.85805724044988,435.0551378272802,384.4448621727198,409.75,459.18,0.09137055837563457,1
2024-06-19,396.0,401.0,391.0,400.0,156456657465,391260093,3326,394.0,401.0,21.909288685652598,-84.23660069181187,-117.53376593072228,428.45668568095226,386.9433143190477,407.7,456.18,0.07231920199501252,1
2024-06-22,407.0,408.0,402.0,407.0,234176203772,574706620,4500,400.0,408.0,24.832576155670324,-77.81313305777729,-109.58963935613329,420.1279970328883,391.97200296711173,406.05,453.52,0.019607843137254832,0
2024-06-23,415.0,415.0,409.0,414.0,176294645490,426007535,3810,407.0,415.0,27.74545228499018,-71.33533781108036,-101.93877904712271,419.0302683441431,392.5697316558569,405.8,451.18,0.050602409638554224,1
2024-06-24,420.0,422.0,418.0,422.0,115596529055,274012867,2006,414.0,422.0,30.640034581528866,-64.88879922394085,-94.52878308248634,420.0570267289358,391.9429732710642,406.0,449.42,0.06872037914691953,1
2024-06-26,430.0,430.0,430.0,428.0,80022333930,186098451,1159,422.0,430.0,33.899183244448295,-58.46044222006873,-87.31511491000282,424.3910435598883,389.50895644011166,406.95,447.7,0.04883720930232549,0
2024-06-29,440.0,452.0,430.0,440.0,419720328909,953180168,8249,428.0,430.0,33.899183244448295,-52.75776431424214,-80.40364479085068,428.2986907417366,388.2013092582634,408.25,445.9,0.10465116279069764,1
2024-06-30,432.0,432.0,414.0,417.0,333822090978,799957151,8092,440.0,416.0,30.947757237526844,-48.80543530752061,-74.08400289418468,428.8910739438792,389.4089260561208,409.15,443.98,0.14423076923076916,1
2024-07-01,419.0,436.0,417.0,426.0,201991118340,473817559,4527,417.0,436.0,39.104462617933066,-43.557252350032,-67.97865278535414,433.5033037344248,388.09669626557525,410.8,442.88,0.06422018348623859,1
2024-07-02,435.0,451.0,433.0,447.0,368560964264,824492032,7026,426.0,451.0,44.408329979906156,-37.752467954848214,-61.933415819252964,441.5154844797248,384.1845155202752,412.85,442.12,0.0044345898004434225,0
2024-07-03,454.0,460.0,438.0,449.0,256836062549,571975654,5287,447.0,451.0,44.408329979906156,-32.77433239788263,-56.1015991349789,447.927631977809,381.672368022191,414.8,441.24,-0.01552106430155209,0
2024-07-06,475.0,475.0,475.0,475.0,148753718425,313165723,1888,449.0,475.0,52.143003328721505,-26.586057162107466,-50.198490740404615,460.09819523313223,375.6018047668678,417.85,440.9,-0.09052631578947368,0
2024-07-07,500.0,500.0,475.0,488.0,809846359918,1659604528,12803,475.0,476.0,52.43992930265019,-21.35494628322823,-44.42978184896934,470.11892636059025,372.88107363940975,421.5,440.62,-0.07563025210084029,0
2024-07-08,478.0,484.0,460.0,470.0,351509787489,747537506,7879,488.0,464.0,48.54737706623967,-17.97040133500974,-39.137905746177424,475.3185417741685,374.58145822583145,424.95,439.56,-0.08836206896551724,0
2024-07-09,464.0,469.0,450.0,457.0,234108056626,512199697,5572,470.0,453.0,45.23284390714532,-15.99139430908349,-34.508603458758635,478.1260802398913,376.8739197601087,427.5,438.26,-0.11258278145695366,0
2024-07-10,459.0,459.0,434.0,441.0,278697177907,632004467,6250,457.0,444.0,42.66614731693878,-14.976600835106126,-30.602202934028135,479.50548872584443,379.2945112741555,429.4,436.92,-0.09459459459459463,0
2024-07-13,445.0,446.0,423.0,430.0,185519484331,431751725,4757,441.0,432.0,39.45167625507752,-14.968126166490208,-27.475387580520554,479.84423043692067,381.0557695630793,430.45,435.52,-0.11111111111111116,0
2024-07-14,430.0,444.0,427.0,434.0,297163195228,684310550,6028,430.0,440.0,42.55869459804589,-14.152732894309736,-24.81085664327839,480.58527526863065,383.3147247313693,431.95,434.36,-0.18181818181818177,0
2024-07-27,427.0,435.0,417.0,425.0,164667478508,387535231,2728,434.0,423.0,38.086171157682415,-14.708732662324337,-22.790431847087582,479.9584035088981,385.9415964911019,432.95,432.96,-0.13947990543735223,0
2024-07-29,428.0,428.0,402.0,409.0,307488427617,752238338,7755,425.0,402.0,33.41466906257847,-16.65193780635485,-21.562733038941037,479.592545154797,386.70745484520296,433.15,431.32,-0.08955223880597019,0
2024-07-30,408.0,414.0,397.0,404.0,211427957872,523314173,5468,409.0,402.0,33.41466906257848,-17.984626306021426,-20.847111692357117,478.7582957039449,388.3417042960551,433.55,429.66,-0.09203980099502485,0
2024-07-31,380.0,390.0,380.0,382.0,831639782617,2178147709,16181,404.0,384.0,29.783193892079836,-20.259699901987858,-20.729629334283267,480.866793545506,384.53320645449395,432.7,427.72,-0.04427083333333337,0
2024-08-03,369.0,380.0,360.0,361.0,632759852606,1752428324,14683,382.0,360.0,25.762849708470654,-23.725815113619888,-21.32886649015059,487.1510334158988,373.44896658410124,430.3,425.16,0.02777777777777768,0
2024-08-04,358.0,364.0,358.0,363.0,127955337370,352604433,2842,361.0,364.0,27.51895221145567,-25.85196446616777,-22.233486085354027,491.2980133478293,364.2019866521707,427.75,422.82,0.005494505494505475,0
2024-08-05,366.0,366.0,363.0,366.0,397029562459,1085775617,8884,363.0,366.0,28.430565905387866,-27.06359755473187,-23.199508379229595,493.96441878662864,355.93558121337134,424.95,420.66,-0.005464480874316946,0
2024-08-06,363.0,368.0,363.0,364.0,188135994122,517214427,4923,366.0,365.0,28.239318620297283,-27.78423775170114,-24.116454253723905,495.4186543586932,347.9813456413068,421.7,418.6,0.010958904109588996,0
2024-08-10,367.0,367.0,366.0,367.0,88993663551,242494358,1831,364.0,367.0,29.264177018150036,-27.872668245033708,-24.867697051985868,495.876515507016,341.223484492984,418.55,416.74,0.02452316076294281,0
2024-08-11,370.0,370.0,370.0,369.0,66203822500,178929250,1189,367.0,370.0,30.85927434102092,-27.38499791080676,-25.371157223750046,496.4269917149366,336.0730082850634,416.25,415.1,0.029729729729729648,0
2024-08-12,371.0,371.0,366.0,367.0,124684706166,339627336,3230,369.0,366.0,29.891403291970363,-27.009928584437375,-25.698911495887515,495.25060606115176,330.24939393884824,412.75,413.52,0.040983606557376984,0
2024-08-13,364.0,364.0,364.0,366.0,39048572108,107276297,1247,367.0,364.0,29.394971573202426,-26.567809555692804,-25.872691107848574,491.5466174925822,325.25338250741777,408.4,412.18,0.041208791208791284,0
2024-08-14,369.0,369.0,369.0,369.0,132867579060,360074740,2294,366.0,369.0,32.416845684801416,-25.519792543933534,-25.80211139506557,486.7235403295574,321.8764596704426,404.3,410.82,0.046070460704606964,0
2024-08-17,376.0,376.0,376.0,374.0,74964736800,199374300,1104,369.0,376.0,36.513548925148974,-23.84946818949038,-25.411582753950533,475.8752246024712,322.82477539752887,399.35,409.5,0.042553191489361764,0
2024-08-18,381.0,381.0,381.0,379.0,68398397112,179523352,1009,374.0,381.0,39.34195091119931,-21.870160297097698,-24.70329826257997,462.8507142853401,326.34928571465997,394.6,408.3,0.034120734908136496,0
2024-08-19,386.0,386.0,378.0,385.0,439392709707,1141544188,9204,379.0,381.0,39.34195091119931,-20.070187899387236,-23.776676189941426,450.97264039563646,329.9273596043635,390.45,407.52,0.06299212598425208,1
2024-08-20,379.0,383.0,378.0,379.0,188023343638,496335556,4264,385.0,379.0,38.545312914540496,-18.590777184378908,-22.739496388828925,440.1536515648498,333.3463484351502,386.75,406.74,0.0870712401055409,1
2024-08-21,380.0,386.0,380.0,385.0,204572240007,530712771,4646,379.0,386.0,42.903140780311176,-16.661429448296815,-21.523883000722506,430.35709623767286,337.3429037623272,383.85,406.24,0.08808290155440424,1
2024-08-24,390.0,392.0,389.0,392.0,120872250724,308450679,2125,385.0,392.0,46.410897288028195,-14.481325900673596,-20.115371580712726,423.0387120514876,340.66128794851244,381.85,406.0,0.08928571428571419,1
2024-08-26,399.0,399.0,393.0,398.0,311862491852,783394314,5851,392.0,394.0,47.56723166352586,-12.44869405110353,-18.58203607479089,411.6216385683766,347.4783614316234,379.55,405.92,0.06598984771573613,1
2024-08-27,398.0,405.0,395.0,404.0,408461019060,1010005364,7765,398.0,405.0,53.50909094354176,-9.836817883479114,-16.832992436528535,406.5302797773026,350.76972022269734,378.65,405.96,0.02716049382716057,0
2024-08-28,412.0,412.0,408.0,412.0,239182133895,580657613,4252,404.0,412.0,56.85947818567938,-7.119971109602659,-14.89038817114336,408.9780069810341,349.3219930189658,379.15,406.0,-0.004854368932038833,0
2024-08-31,420.0,420.0,420.0,419.0,97670376720,232548516,1419,412.0,420.0,60.374130754823184,-4.272071544775258,-12.76672484586974,413.45344294321376,346.64655705678626,380.05,406.16,0.0071428571428571175,0
2024-09-01,427.0,427.0,415.0,425.0,516581420305,1215766457,9780,419.0,427.0,63.19930817289245,-1.4337220675483309,-10.50012429020546,421.37958652742935,343.0204134725706,382.2,406.42,-0.0187353629976581,0
2024-09-03,430.0,431.0,417.0,421.0,294949463363,700517905,6724,425.0,420.0,58.69283591682874,0.24799016751609315,-8.350501398661148,426.2638527230463,344.1361472769537,385.2,406.76,0.01904761904761898,0
2024-09-07,420.0,433.0,411.0,422.0,286591328901,678657955,6564,421.0,416.0,56.2256303013256,1.2436565606005274,-6.431669806808814,429.7409108205793,345.8590891794207,387.8,407.18,0.009615384615384581,0
2024-09-08,417.0,422.0,410.0,411.0,282114721394,685716443,6160,422.0,410.0,52.650447443000196,1.5309318650330965,-4.839149472440432,431.75164667961695,348.24835332038305,390.0,407.34,0.0024390243902439046,0
2024-09-09,414.0,423.0,410.0,422.0,364744878449,863740988,6688,411.0,423.0,58.76796815769686,2.775595629303268,-3.3162004520916915,435.35421063286054,350.4457893671394,392.9,407.68,-0.01654846335697402,0
2024-09-10,427.0,428.0,414.0,419.0,177205330541,422892606,4045,422.0,419.0,56.35531030717789,3.4000405086681553,-1.972952259939722,437.659222009651,353.340777990349,395.5,407.84,0.019093078758949833,0
2024-09-11,421.0,431.0,415.0,426.0,257583991916,604462657,5206,419.0,428.0,60.30413234606859,4.568479767331041,-0.6646658544855693,441.119550564803,355.680449435197,398.4,408.2,-0.009345794392523366,0
2024-09-14,434.0,434.0,416.0,423.0,216687758939,511974797,4926,426.0,420.0,55.497491567423275,4.7936845452881585,0.4270042254691764,442.0775548374778,360.12244516252224,401.1,408.54,-0.00952380952380949,0
2024-09-15,422.0,422.0,411.0,412.0,261693948740,635292864,5462,423.0,411.0,50.61018354237033,4.19754943348488,1.1811132670723172,440.8851439219655,366.0148560780345,403.45,408.8,0.029197080291970767,0
2024-09-16,412.0,423.0,407.0,415.0,191414411077,461416607,4620,412.0,416.0,53.082171979089416,4.081517087388477,1.7611940311355494,440.05551051229634,371.5444894877037,405.8,409.24,0.04326923076923084,0
2024-09-17,415.0,427.0,414.0,425.0,264000605802,621318535,4888,415.0,427.0,58.05595358776101,4.821588416374084,2.3732729081832566,440.9031872549801,375.79681274501996,408.35,409.76,-0.004683840749414525,0
2024-09-18,421.0,430.0,417.0,426.0,175864777027,412959004,3940,425.0,424.0,56.302909243173275,5.107153264822955,2.9200489795111966,441.1692028011422,379.8307971988578,410.5,410.08,0.007075471698113178,0
2024-09-22,425.0,432.0,414.0,417.0,393155299173,942320136,8036,426.0,416.0,51.81013802353571,4.634508593210796,3.262940902251117,439.8244446989857,384.6755553010143,412.25,410.1,0.02644230769230771,0
2024-09-23,414.0,428.0,412.0,422.0,257093087737,608985454,5187,417.0,423.0,55.180259404909094,4.769792584475283,3.56431123869595,437.75214583374685,391.1478541662531,414.45,410.12,0.007092198581560183,0
2024-09-24,424.0,434.0,422.0,432.0,474155562484,1097535926,8494,422.0,434.0,59.92334200232674,5.6989205823664975,3.9912331074300598,437.6949034648035,396.00509653519657,416.85,410.2,-0.020737327188940058,0
2024-09-25,440.0,442.0,424.0,431.0,282998516611,656444527,5932,432.0,425.0,54.812359930224424,5.6439761866132585,4.3217817232666995,436.20310708482594,400.79689291517406,418.5,410.1,0.0,0
2024-09-28,427.0,427.0,427.0,431.0,14013071646,32817498,375,431.0,427.0,55.716268919497224,5.696153925705573,4.596656163754474,434.1824623803755,406.11753761962444,420.15,410.32,-0.004683840749414525,0
2024-09-29,427.0,427.0,427.0,430.0,42317054444,99103172,721,431.0,427.0,55.716268919497224,5.6721204856701775,4.811749028137616,433.7219685878593,408.7780314121407,421.25,410.14,-0.004683840749414525,0
2024-09-30,426.0,426.0,426.0,429.0,20558059656,48258356,466,430.0,426.0,55.07739115013508,5.5088792379424945,4.951175070098591,433.82392102283325,410.07607897716673,421.95,409.64,-0.0023474178403756207,0
2024-10-01,425.0,425.0,425.0,429.0,6060904600,14260952,214,429.0,425.0,54.40555452577206,5.238432343136594,5.008626524706192,434.1096599639308,410.29034003606915,422.2,409.12,-0.0023529411764705577,0
2024-10-02,425.0,425.0,425.0,429.0,11116758575,26157079,290,429.0,425.0,54.40555452577206,4.966846515660393,5.000270522897033,433.87964347747703,410.320356522523,422.1,408.12,-0.004705882352941226,0
2024-10-05,425.0,425.0,425.0,429.0,9907724525,23312293,295,429.0,425.0,54.40555452577207,4.697463357202764,4.93970908975818,434.15296574833815,410.5470342516619,422.35,407.1,-0.025882352941176467,0
2024-10-06,425.0,425.0,425.0,429.0,2571601900,6050828,121,429.0,425.0,54.40555452577206,4.432875830123976,4.838342437831339,434.2821600954002,411.31783990459985,422.8,406.32,-0.04470588235294115,0
2024-10-07,425.0,425.0,425.0,428.0,20865963200,49096384,432,429.0,425.0,54.40555452577206,4.175060806570798,4.705686111579231,433.4388826697624,413.66111733023763,423.55,405.76,-0.07999999999999996,0
2024-10-08,424.0,424.0,424.0,427.0,17260241608,40708117,440,428.0,424.0,53.460949185574535,3.845717858697867,4.533692461002959,433.4873656985227,413.71263430147735,423.6,405.36,-0.10141509433962259,0
2024-10-09,423.0,423.0,423.0,425.0,44506508013,105216331,631,427.0,423.0,52.47969140966398,3.4640877102652325,4.319771510855413,433.46643680247814,414.1335631975219,423.8,405.18,-0.11111111111111116,0
2024-10-12,413.0,417.0,413.0,413.0,1028956976390,2490895379,16635,425.0,414.0,44.55364084766024,2.4076642297522994,3.937350054634791,433.4518114577291,412.74818854227095,423.1,404.66,-0.1159420289855072,0
2024-10-13,411.0,420.0,401.0,403.0,662160079127,1641265958,12975,413.0,406.0,38.92587397169379,0.9143676084985941,3.3327535654075517,435.11849049441156,409.6815095055884,422.4,404.32,-0.12315270935960587,0
2024-10-14,396.0,403.0,391.0,392.0,253110769265,646463270,5223,403.0,391.0,31.015200655733565,-1.4625954720677328,2.3736837579124948,439.53725449059294,403.262745509407,421.4,404.1,-0.06393861892583119,0
2024-10-15,381.0,381.0,381.0,387.0,44575159389,116995169,1397,392.0,381.0,27.066131893162705,-4.105941526960805,1.0777587009378347,444.8949995138978,394.40500048610215,419.65,403.68,-0.07086614173228345,0
2024-10-16,376.0,385.0,376.0,377.0,537406313900,1425626018,11868,387.0,376.0,25.329523827021404,-6.529008190743525,-0.4435946773984374,448.4298579705837,385.7701420294163,417.1,403.52,-0.06648936170212771,0
2024-10-19,370.0,375.0,366.0,366.0,231043323985,630689047,5518,377.0,366.0,22.25412887069291,-9.150738389539185,-2.185023419826587,452.4183202202455,375.9816797797545,414.2,403.64,-0.013661202185792365,0
2024-10-20,357.0,363.0,356.0,356.0,219722360573,616582515,5596,366.0,356.0,19.680768500490828,-11.898239389854439,-4.127666613832158,457.0414659501364,365.3585340498636,411.2,403.48,0.042134831460674205,0
2024-10-21,347.0,366.0,347.0,364.0,575670457540,1582409631,12441,356.0,366.0,28.575300740850167,-13.117526619276873,-5.925638614921102,457.844545158611,358.855454841389,408.35,403.48,0.040983606557376984,0
2024-10-22,370.0,374.0,354.0,361.0,463789982607,1283168800,10796,364.0,354.0,24.99786085356267,-14.88058611105481,-7.716628114147843,457.6876977423864,351.01230225761367,404.35,403.26,0.04519774011299438,0
2024-10-23,358.0,358.0,351.0,351.0,131939889730,375651629,3622,361.0,351.0,24.18275864737052,-16.331637438105304,-9.439629978939335,457.8698392208377,343.43016077916224,400.65,402.94,0.09686609686609682,1
2024-10-26,361.0,361.0,361.0,361.0,114088364972,316034252,1745,351.0,361.0,32.12728275491757,-16.48466468934879,-10.848636921021226,455.71188825302727,338.9881117469728,397.35,402.76,0.05263157894736836,1
2024-10-27,371.0,371.0,371.0,370.0,92984946138,250633278,1187,361.0,371.0,39.009762141541145,-15.61897761052984,-11.80270505892295,452.3236098963801,336.7763901036199,394.55,402.86,0.010781671159029615,0
2024-10-28,381.0,381.0,375.0,381.0,515669920610,1354313924,9517,370.0,381.0,45.014356556672645,-13.965017903642888,-12.23516762786694,448.48220359205686,336.11779640794316,392.3,403.2,-0.02099737532808399,0
2024-10-29,381.0,385.0,370.0,374.0,483132847159,1291623164,10271,381.0,370.0,40.31278042961941,-13.387527900769726,-12.465639682447499,444.42977770053,334.67022229947,389.55,403.22,0.013513513513513598,0
2024-10-30,365.0,385.0,365.0,381.0,308474285258,808745579,5910,374.0,385.0,48.250279566893276,-11.585932851216455,-12.289698316201292,439.97699686668864,335.1230031333114,387.55,403.4,-0.025974025974025983,0
2024-11-02,387.0,392.0,375.0,386.0,387981634042,1006000750,8454,381.0,380.0,46.051848568005155,-10.441253734316149,-11.920009399824265,434.8907249438844,335.70927505611564,385.3,403.38,0.002631578947368318,0
2024-11-03,375.0,380.0,375.0,379.0,66324605118,176855388,1439,386.0,375.0,43.8978711404181,-9.824297118689799,-11.500866943597373,429.062727983337,336.537272016663,382.8,403.26,0.045333333333333226,0
2024-11-04,368.0,376.0,368.0,370.0,460823607105,1245202200,9411,379.0,373.0,43.03087154076294,-9.388512908513121,-11.078396136580524,422.3454623946693,338.05453760533067,380.2,403.14,0.06702412868632712,1
2024-11-05,375.0,380.0,371.0,376.0,160607371889,427489717,3811,370.0,375.0,44.21734840833248,-8.7805507733774,-10.6188270639399,414.8168315406203,340.6831684593797,377.75,402.92,0.05600000000000005,1
2024-11-06,368.0,385.0,365.0,370.0,466140491925,1259669438,9802,376.0,375.0,44.21734840833248,-8.204163906551685,-10.135894432462257,406.05683963648744,344.6431603635126,375.35,402.58,0.09066666666666667,1
2024-11-09,380.0,381.0,376.0,381.0,205703479932,539992833,3646,370.0,381.0,47.98636077404771,-7.180451530473931,-9.544805852064593,398.9911051648818,348.4088948351182,373.7,402.32,0.09711286089238835,1
2024-11-10,392.0,392.0,392.0,392.0,134296312920,342592635,2139,381.0,392.0,54.108295747716106,-5.419076289609848,-8.719659939573646,395.2710574616739,350.7289425383261,373.0,402.06,0.061224489795918435,1
2024-11-11,403.0,403.0,392.0,401.0,902928416743,2252469693,16647,392.0,398.0,57.07596348605056,-3.4986931089943027,-7.675466573457777,396.9235020830836,349.77649791691647,373.35,401.78,0.08291457286432169,1
2024-11-12,392.0,407.0,392.0,399.0,383788138671,960710270,7919,401.0,396.0,55.7810778310666,-2.113792404990761,-6.5631317397643745,399.48424709265714,348.7157529073429,374.1,401.3,0.06060606060606055,1
2024-11-13,398.0,410.0,393.0,406.0,358067946634,881336039,7560,399.0,409.0,61.84107401731647,0.03236959848766219,-5.244031472113968,405.35320929326605,346.14679070673395,375.75,400.94,0.022004889975550057,0
2024-11-16,418.0,418.0,417.0,418.0,242314056222,579698773,3241,406.0,418.0,65.3785484610624,2.431415389264316,-3.7089420998383114,412.8073649668785,343.89263503312156,378.35,400.9,0.026315789473684292,0
2024-11-17,430.0,430.0,407.0,419.0,688881629978,1644308783,12842,418.0,416.0,63.95957297244523,4.1237570727586785,-2.1424022653189136,417.88642019219145,344.8135798078086,381.35,400.9,0.05528846153846145,1
2024-11-18,422.0,431.0,416.0,430.0,563768374897,1311038436,9142,419.0,431.0,69.33516391726499,6.59925261312884,-0.3940712896293628,426.29604298323835,342.9039570167617,384.6,401.32,0.04640371229698381,0
2024-11-19,439.0,442.0,418.0,427.0,749134122377,1753961734,14109,430.0,420.0,62.02858214348766,7.586045385633895,1.2019520454232888,429.8328033937601,345.96719660623984,387.9,401.26,0.059523809523809534,1
2024-11-20,416.0,426.0,415.0,417.0,445987154995,1068753452,8428,427.0,418.0,60.77456193959121,8.113178806991073,2.5841973977368458,431.52840613107,350.97159386893,391.25,401.24,0.09090909090909083,1
2024-11-23,411.0,429.0,410.0,427.0,431561650553,1011239990,8309,417.0,429.0,64.96933468847607,9.311210076635632,3.929599933516603,435.6147409421699,353.6852590578301,394.65,401.26,0.01631701631701632,0
2024-11-24,435.0,439.0,430.0,438.0,287234646097,655297462,5360,427.0,439.0,68.28933402425187,10.941448705825678,5.331969687978418,441.7923136157516,354.3076863842484,398.05,401.64,-0.018223234624145768,0
2024-11-25,449.0,451.0,446.0,451.0,268207684684,595230018,4198,438.0,451.0,71.74939174327889,13.051277276207372,6.875831205624209,450.201721454214,352.898278545786,401.55,402.44,-0.01552106430155209,0
2024-11-26,464.0,464.0,438.0,451.0,979892315775,2172172374,17172,451.0,445.0,67.76780581785954,14.076911885182142,8.316047341535796,455.1922839771649,355.40771602283513,405.3,403.02,0.024719101123595433,0
2024-11-27,452.0,461.0,438.0,449.0,852072125110,1899022358,15220,451.0,456.0,70.95055111135099,15.597543993237196,9.772346671876077,462.4271406521263,355.27285934787375,408.85,403.6,0.028508771929824483,0
2024-11-30,460.0,462.0,436.0,443.0,939427713462,2119834142,15923,449.0,436.0,59.455164261483034,15.015731040935748,10.821023545688012,464.75470789353284,358.5452921064671,411.65,403.84,0.04587155963302747,0
2024-12-01,431.0,443.0,430.0,432.0,786379284219,1819966349,12669,443.0,431.0,56.97008975824296,13.989914841372695,11.45480180482495,465.3910443597025,363.5089556402975,414.45,404.14,0.09048723897911826,1
2024-12-02,439.0,444.0,435.0,443.0,352449977716,794711989,5297,432.0,444.0,61.47838498479882,14.063820498793405,11.976605543618641,466.7401272101011,369.2598727898989,418.0,404.56,0.0788288288288288,1
2024-12-03,456.0,456.0,447.0,456.0,1127623164704,2475261902,16370,443.0,456.0,65.11201248210241,14.918717290233701,12.565027892941654,469.2621806365311,374.8378193634689,422.05,405.0,0.08114035087719307,1
2024-12-04,460.0,469.0,450.0,467.0,1035348037808,2217160771,15039,456.0,469.0,68.57074368003984,16.455531388481916,13.343128592049705,472.996621503154,380.503378496846,426.75,405.88,0.08102345415778256,1
2024-12-07,469.0,475.0,453.0,457.0,879096607795,1925265267,15286,467.0,456.0,61.95605604536412,16.43502355789593,13.961507585218952,473.33689998652596,387.66310001347404,430.5,406.46,0.14254385964912286,1
2024-12-08,447.0,470.0,444.0,466.0,1080998861378,2317765750,15869,457.0,470.0,65.78402785749392,17.34847157030987,14.638900382237136,476.7055551961589,392.09444480384104,434.4,407.32,0.1404255319148937,1
2024-12-09,479.0,479.0,479.0,479.0,397704713960,830281240,4966,466.0,479.0,68.01228627440909,18.584381305730346,15.427996566935779,481.54280682961894,395.35719317038104,438.45,408.38,0.10647181628392488,1
2024-12-10,493.0,493.0,486.0,493.0,2182441984986,4427865347,27188,479.0,493.0,71.15873844704247,20.4577079496554,16.433938843479705,487.99496616459606,398.60503383540396,443.3,409.74,0.07707910750507097,1
2024-12-11,498.0,507.0,493.0,506.0,1332501142197,2631531955,16796,493.0,507.0,73.9212804007154,22.809086853589235,17.70896844550161,497.97790675042404,398.42209324957594,448.2,411.38,0.04930966469428011,0
2024-12-14,521.0,521.0,521.0,521.0,409096828482,785214642,4724,506.0,521.0,76.3598214204631,25.508211785690207,19.26881711353933,510.35271923736116,396.3472807626389,453.35,413.3,0.03262955854126681,0
2024-12-15,536.0,536.0,536.0,536.0,748004560792,1395530897,8211,521.0,536.0,78.66203066768819,28.52880013094665,21.120813717020795,524.0995945968224,394.60040540317766,459.35,415.52,0.02238805970149249,0
2024-12-16,552.0,552.0,525.0,547.0,3514116370266,6421163002,45771,536.0,530.0,75.49496755081884,30.091610941265003,22.91497316186964,534.528484252847,394.0715157471531,464.3,417.62,0.06792452830188678,1
2024-12-17,532.0,548.0,531.0,534.0,1436116289109,2690854287,20663,547.0,531.0,75.67078143067472,31.052883103864644,24.54255515026864,542.6930504609179,397.0069495390821,469.85,419.76,0.09416195856873832,1
2024-12-18,518.0,539.0,518.0,523.0,1844489402934,3525235790,26326,534.0,532.0,75.85731974253382,31.531909634632314,25.940426047141376,549.109431757262,401.990568242738,475.55,421.94,0.06766917293233088,1
2024-12-21,538.0,538.0,536.0,538.0,611595304146,1136798517,6571,523.0,538.0,76.99694316925262,32.02650979822943,27.15764279735899,556.0919436454456,405.9080563545545,481.0,424.42,0.026022304832713727,0
2024-12-22,553.0,554.0,535.0,550.0,2092276884866,3805750599,28195,538.0,548.0,78.79364246591305,32.846763375996545,28.2954669130865,564.3280456897207,408.5719543102792,486.45,427.26,-0.012773722627737238,0
2024-12-23,557.0,566.0,548.0,565.0,896038931814,1586878313,12143,550.0,566.0,81.58222887078871,34.55098753662901,29.546571037795,575.548905214464,408.8510947855361,492.2,430.76,-0.07067137809187274,0
2024-12-24,581.0,581.0,570.0,580.0,1671715031012,2882379127,22133,565.0,581.0,83.52630186552813,36.68904364496916,30.975065559229833,587.8459340681893,410.1540659318107,499.0,434.76,-0.0688468158347676,0
2024-12-25,590.0,595.0,563.0,569.0,1913529641095,3361872321,29685,580.0,568.0,76.03549421491739,36.9090130330423,32.161855053992326,595.9813985472344,413.2186014527656,504.6,438.6,-0.022887323943661997,0
2024-12-28,568.0,581.0,552.0,557.0,1589759830339,2853429482,24431,569.0,552.0,67.95749066260247,35.38438491221018,32.8063610256359,598.2872004358311,422.5127995641689,510.4,442.32,0.0253623188405796,0
2024-12-29,551.0,552.0,541.0,542.0,1054799414140,1946398440,16388,557.0,541.0,63.0018653694892,32.90914196953878,32.82691721441648,596.7056928715263,435.09430712847376,515.9,446.02,0.02402957486136792,0
2024-12-30,529.0,541.0,526.0,529.0,913479592740,1726682487,15679,542.0,526.0,56.90768501219364,29.3982349122374,32.14118075398067,593.8159874312269,446.1840125687732,520.0,449.22,0.05323193916349811,1
2024-12-31,523.0,544.0,518.0,539.0,875157928703,1624403870,14258,529.0,541.0,60.97314874576292,27.509082831306216,31.214761169445783,592.4082716949794,456.09172830502064,524.25,452.96,0.0443622920517559,0
2025-01-01,545.0,555.0,538.0,550.0,767479808088,1396061705,14187,539.0,555.0,64.35340608366906,26.832293219963503,30.338267579549328,592.9719683062091,464.12803169379083,528.55,457.04,0.018018018018018056,0
2025-01-04,565.0,566.0,561.0,566.0,884634257775,1563643464,13417,550.0,566.0,66.78749906238346,26.873756707145617,29.64536540506859,591.1200446858567,476.97995531414324,534.05,461.14,-0.028268551236749095,0
2025-01-05,575.0,576.0,550.0,561.0,812400921912,1447977830,15298,566.0,554.0,61.82757970770316,25.642723750298046,28.844837074114483,587.7025024689882,488.7974975310118,538.25,464.8,-0.032490974729241895,0
2025-01-06,555.0,560.0,545.0,549.0,891409769494,1623735898,16172,561.0,554.0,61.82757970770316,24.38601446786413,27.953072552864413,583.6749325187807,500.3250674812193,542.0,468.26,-0.02527075812274371,0
2025-01-07,550.0,565.0,549.0,564.0,925096730635,1639881587,12907,549.0,565.0,64.62081823969615,24.001002756921707,27.162658593675875,581.8016574267613,509.39834257323884,545.6,472.16,-0.07079646017699115,0
2025-01-08,569.0,575.0,555.0,566.0,605391352672,1068769064,10591,564.0,565.0,64.62081823969615,23.425839704110217,26.415294815762746,580.96844622775,516.03155377225,548.5,475.76,-0.08849557522123896,0
2025-01-11,569.0,569.0,550.0,552.0,638615993932,1157203494,11538,566.0,550.0,57.918243706204215,21.511671047872028,25.434570062184605,579.866383478692,520.0336165213081,549.95,479.16,-0.07818181818181813,0
2025-01-12,537.0,542.0,536.0,536.0,799401318796,1490491601,12890,552.0,536.0,52.450133519578635,18.65000989500311,24.077658028748306,579.866383478692,520.0336165213081,549.95,482.38,-0.08208955223880599,0
2025-01-13,526.0,548.0,526.0,538.0,471371742561,876064959,9376,536.0,540.0,53.792439584338474,16.514520275006134,22.565030477999876,579.3323475577056,521.5676524422945,550.45,485.72,-0.08148148148148149,0
2025-01-15,545.0,545.0,523.0,530.0,536990616349,1013848989,10877,538.0,525.0,48.28749583728694,13.456635014039648,20.743351385207834,579.94446258022,520.3555374197799,550.15,488.72,-0.04190476190476189,0
2025-01-18,529.0,529.0,515.0,516.0,258154300461,500675015,5570,530.0,515.0,44.98251601585236,10.109783199732192,18.616637748112705,581.9502679995771,516.6497320004228,549.3,491.52,-0.011650485436893177,0
2025-01-19,501.0,522.0,501.0,507.0,625042881989,1233715112,12458,516.0,507.0,42.477732891844695,6.734218009608298,16.240153800411825,585.0159361943903,510.4840638056097,547.75,494.04,-0.023668639053254448,0
2025-01-20,509.0,517.0,492.0,496.0,479521060396,966148283,9424,507.0,492.0,38.184366693712136,2.8162200058405915,13.555367041497579,589.4358404488962,500.46415955110393,544.95,496.04,-0.016260162601625994,0
2025-01-21,491.0,508.0,482.0,489.0,664736612017,1358130659,12580,496.0,496.0,39.928027131572314,0.03355809399010923,10.851005251996085,589.6225025345891,493.277497465411,541.45,498.0,-0.020161290322580627,0
2025-01-22,498.0,503.0,497.0,503.0,485507743911,965781590,7781,489.0,503.0,42.960268679148065,-1.5885679975621088,8.363090602084448,584.9059922337751,490.1940077662248,537.55,500.14,-0.05765407554671964,0
2025-01-25,514.0,518.0,502.0,510.0,366443890111,718926662,7901,503.0,509.0,45.49965649928787,-2.362728690401582,6.217926743587243,581.3478341791966,487.8521658208034,534.6,502.14,-0.06679764243614927,0
2025-01-26,508.0,514.0,495.0,498.0,466921991464,937459667,9045,510.0,495.0,40.92174706748931,-4.059148279487658,4.162511738972263,580.800484201952,482.69951579804797,531.75,503.68,-0.05252525252525253,0
2025-01-27,486.0,497.0,484.0,485.0,575209782486,1184835750,10996,498.0,484.0,37.71120189121852,-6.219486723592297,2.086112046459351,581.9316886441138,475.86831135588614,528.9,505.04,-0.006198347107438051,0
2025-01-29,484.0,499.0,476.0,488.0,373442651497,765417887,7608,485.0,486.0,38.65360275400573,-7.681638077536434,0.13256202166019393,583.1384210344354,470.6615789655645,526.9,506.14,-0.016460905349794275,0
2025-02-01,486.0,488.0,474.0,475.0,525345910830,1106737956,10624,488.0,474.0,35.21133860720961,-9.696923177321253,-1.8333350181360955,583.864094542211,463.23590545778893,523.55,507.22,-0.006329113924050667,0
2025-02-02,479.0,479.0,466.0,472.0,313023827631,663178688,7106,475.0,475.0,35.725026767648785,-11.0855719229952,-3.6837823991079164,581.5773326884782,457.5226673115217,519.55,508.36,-0.010526315789473717,0
2025-02-03,482.0,482.0,463.0,467.0,318573203257,681599694,6688,472.0,469.0,33.983978912524066,-12.525845761651567,-5.4521950716166465,576.6099345860392,452.79006541396086,514.7,509.16,-0.02558635394456288,0
2025-02-04,472.0,481.0,469.0,480.0,517089797861,1077378895,8416,467.0,481.0,40.2552107745941,-12.55425579750306,-6.87260721679393,571.8594565051194,450.24054349488057,511.05,510.0,-0.07692307692307687,0
2025-02-05,482.0,485.0,466.0,477.0,361773466694,758635926,7273,480.0,478.0,39.25132899718834,-12.672762169779787,-8.032638207391102,566.3224131930327,448.1775868069672,507.25,510.54,-0.09832635983263593,0
2025-02-09,466.0,491.0,466.0,484.0,737783177831,1524269712,13281,477.0,471.0,36.93670683500581,-13.179594658945064,-9.062029497701895,557.2947714439366,447.8052285560634,502.55,511.06,-0.04458598726114649,0
2025-02-11,480.0,482.0,470.0,471.0,332086781059,704711622,5787,484.0,470.0,36.604622555141134,-13.506262909328711,-9.950876180027258,546.1594871814139,449.44051281858617,497.8,511.34,-0.04893617021276597,0
2025-02-15,457.0,459.0,457.0,457.0,154896311099,338928150,2823,471.0,457.0,32.51233333443676,-14.64531908373948,-10.889764760769703,538.3175768715766,447.98242312842325,493.15,511.76,-0.05032822757111599,0
2025-02-16,444.0,444.0,444.0,444.0,129982845708,292754157,2716,457.0,444.0,29.01858727282763,-16.407880826269434,-11.993387973869648,534.0625257533599,443.03747424664016,488.55,512.02,0.013513513513513598,0
2025-02-17,439.0,449.0,431.0,437.0,945601417471,2165749174,18124,444.0,431.0,26.008723015273006,-18.638857908578984,-13.322481960811515,528.7679318608889,437.4320681391112,483.1,511.76,0.07424593967517401,1
2025-02-18,431.0,450.0,430.0,441.0,509074426372,1155273688,10556,437.0,450.0,36.392881297110264,-18.65869627325361,-14.389724823299936,522.9081220950944,435.79187790490556,479.35,511.64,0.05333333333333323,1
2025-02-19,451.0,454.0,440.0,447.0,348803403532,780489404,7347,441.0,447.0,35.544644156262464,-18.700920675511497,-15.25196399374225,518.4492941170967,433.45070588290326,475.95,511.2,0.04921700223713654,0
2025-02-22,449.0,449.0,434.0,437.0,421742288612,965358391,9083,447.0,434.0,32.05773625856774,-19.557923604055304,-16.11315591580486,516.0268796102793,428.5731203897208,472.3,510.76,0.08064516129032251,1
2025-02-23,444.0,450.0,443.0,450.0,383884036030,853701841,6142,437.0,450.0,39.87544512671385,-18.730129048309777,-16.636550542305844,513.9748786457719,426.42512135422805,470.2,510.36,0.07777777777777772,1
2025-02-24,460.0,463.0,456.0,463.0,286275142303,618667905,4070,450.0,463.0,45.37513165997103,-16.831086259069764,-16.67545768565863,510.7707295111326,426.32927048886745,468.55,510.04,0.012958963282937441,0
2025-02-25,476.0,476.0,467.0,475.0,889786762101,1873315496,13443,463.0,474.0,49.57794963115178,-14.273932093607357,-16.195152567248375,506.37798366072735,427.8220163392727,467.1,509.66,-0.04008438818565396,0
2025-02-26,475.0,484.0,461.0,471.0,616502773200,1309841995,11646,475.0,469.0,47.77848004986312,-12.50665823640918,-15.457453701080537,499.3981049105131,430.80189508948695,465.1,508.9,-0.017057569296375252,0
2025-03-01,471.0,479.0,459.0,471.0,361398138860,768085092,7205,471.0,469.0,47.77848004986313,-10.979515946736399,-14.56186615021171,495.32522800001124,432.2747719999888,463.8,507.86,-0.05330490405117272,0
2025-03-02,477.0,485.0,468.0,483.0,709230377597,1467353084,10856,471.0,485.0,53.97778260310097,-8.381560979650999,-13.325805116099568,495.5061210582201,432.19387894177993,463.85,506.84,-0.10721649484536078,0
2025-03-03,469.0,469.0,469.0,469.0,135836194228,289629412,2237,483.0,469.0,47.85929225199463,-7.526963088291893,-12.166036710538034,493.1064777158134,432.8935222841866,463.0,505.62,-0.0788912579957356,0
2025-03-04,464.0,483.0,455.0,463.0,657269616452,1419338493,12048,469.0,455.0,43.24065129224527,-7.888438095480069,-11.310516987526443,491.9061551518755,432.1938448481245,462.05,504.1,-0.07472527472527468,0
2025-03-05,452.0,469.0,450.0,457.0,424414212471,929695773,8116,463.0,461.0,45.66094413859244,-7.603115800878413,-10.569036750196837,490.609357485306,432.090642514694,461.35,502.68,-0.06290672451193058,0
2025-03-08,450.0,459.0,444.0,446.0,630158467533,1412923245,11384,457.0,444.0,40.40395856580163,-8.649052854385616,-10.185039971034593,490.0726542110147,430.12734578898534,460.1,500.8,-0.018018018018018056,0
2025-03-09,433.0,444.0,433.0,434.0,468398699611,1080114913,9302,446.0,433.0,37.40321247228407,-10.247447379448147,-10.197521452717304,488.27515331855744,427.12484668144253,457.7,498.5,0.036951501154734334,0
2025-03-10,430.0,441.0,427.0,433.0,433408648401,1001610456,8997,434.0,432.0,37.133214886208734,-11.462742834930793,-10.450565729160003,486.4380411826121,424.36195881738786,455.4,495.82,0.03472222222222232,0
2025-03-11,432.0,439.0,421.0,422.0,370498446962,877793249,8312,433.0,421.0,34.20801083233816,-13.161760723586042,-10.992804728045211,486.4612872287964,419.3387127712036,452.9,492.62,0.052256532066508266,1
2025-03-12,417.0,433.0,410.0,424.0,504245347770,1189450329,9804,422.0,432.0,39.35303447689595,-13.465415642349171,-11.487326910906003,484.77573093885553,417.22426906114447,451.0,489.9,0.0625,1
2025-03-15,435.0,436.0,433.0,436.0,170414712274,390899247,2641,424.0,436.0,41.1551185147072,-13.230781568532848,-11.836017842431373,484.21645590740405,415.6835440925959,449.95,487.58,0.029816513761467878,0
2025-03-16,449.0,449.0,439.0,448.0,710181881515,1584050526,10964,436.0,449.0,46.69848465183417,-11.859136279149311,-11.84064152977496,484.3619671631193,416.0380328368807,450.2,485.74,-0.008908685968819552,0
2025-03-17,448.0,461.0,436.0,456.0,599419380819,1315175235,10627,448.0,447.0,45.980834066191136,-10.808882718758753,-11.634289767571719,484.05752562509724,417.94247437490276,451.0,484.16,0.02684563758389258,0
2025-03-18,443.0,443.0,443.0,446.0,86687375852,195682564,1899,456.0,443.0,44.507641509683616,-10.181944656130781,-11.343820745283532,483.890186528568,417.40981347143196,450.65,482.2,0.020316027088036037,0
2025-03-25,449.0,459.0,449.0,459.0,313223286287,683015670,4808,446.0,459.0,51.237600447150655,-8.298367032634417,-10.73473000275371,484.637872056391,417.862127943609,451.25,480.28,-0.03703703703703709,0
2025-03-26,464.0,468.0,447.0,454.0,396512947940,873152720,7891,459.0,449.0,47.370776202759416,-7.5257820907767154,-10.09294042035831,484.4653661684858,419.5346338315142,452.0,477.94,-0.03786191536748329,0
2025-03-29,447.0,454.0,441.0,446.0,402971209831,904107629,7890,454.0,445.0,45.8792641454487,-7.1538049187711295,-9.505113320040875,484.34984663236753,419.15015336763247,451.75,475.76,0.0,0
2025-03-30,441.0,459.0,440.0,456.0,352514580874,772255626,6172,446.0,459.0,51.620795232559615,-5.664035853310622,-8.736897826694825,483.91958449615794,419.1804155038421,451.55,473.86,-0.04357298474945537,0
2025-04-05,461.0,464.0,448.0,455.0,336784526154,739605184,6573,456.0,452.0,48.831352384643466,-4.990695008823764,-7.987657263120614,481.14511362503833,419.75488637496164,450.45,471.6,-0.004424778761061954,0
2025-04-06,459.0,459.0,442.0,445.0,255020405828,573539603,5483,455.0,442.0,45.08338393067445,-5.203995543669464,-7.430924919230384,478.77086113435456,419.4291388656455,449.1,469.14,0.04977375565610864,0
2025-04-07,441.0,443.0,432.0,433.0,362310808910,835932602,7418,445.0,432.0,41.64141213883212,-6.109527352523855,-7.16664540588908,476.3352196219031,418.1647803780969,447.25,466.78,0.10416666666666674,1
2025-04-08,445.0,445.0,445.0,445.0,123955250180,278551124,1736,433.0,445.0,47.27676231630145,-5.71232831555767,-6.875781987822799,468.615572975096,421.884427024904,445.25,464.96,0.04269662921348316,0
2025-04-09,457.0,457.0,436.0,444.0,573364722652,1291236678,9898,445.0,439.0,45.111569144941676,-5.814667208925414,-6.663559032043322,464.5334068538987,422.9665931461013,443.75,462.94,0.09567198177676528,1
2025-04-12,451.0,456.0,443.0,451.0,425025474936,941491516,7635,444.0,450.0,49.6631385878339,-4.951090362316904,-6.321065298098039,463.8519040989955,423.1480959010045,443.5,461.44,0.09777777777777774,1
2025-04-13,464.0,464.0,464.0,464.0,176463206176,380308634,2318,451.0,464.0,54.80043523781762,-3.101267016827933,-5.677105641844017,464.5523922184685,422.7476077815314,443.65,460.42,0.09482758620689657,1
2025-04-14,477.0,477.0,470.0,477.0,860870281491,1805143576,12650,464.0,477.0,58.986232386344604,-0.5795961106263121,-4.657603735600476,470.764485081276,419.835514918724,445.3,459.82,0.07966457023060802,1
2025-04-15,480.0,480.0,463.0,467.0,845114334676,1808683621,13933,477.0,464.0,53.636981833039,0.36564002512272964,-3.652954983455835,472.8982245163538,420.8017754836462,446.85,459.26,0.13577586206896552,1
2025-04-16,463.0,481.0,460.0,480.0,430533359221,897432691,6369,467.0,481.0,58.8875456297954,2.4581681653806413,-2.43073035368854,478.3454815841316,420.2545184158684,449.3,458.96,0.1288981288981288,1
2025-04-19,494.0,494.0,490.0,494.0,481928717639,975653622,6396,480.0,494.0,62.39475561719943,5.106637014125397,-0.9232568801257526,485.0403412330527,420.8596587669473,452.95,458.78,0.10931174089068829,1
2025-04-20,508.0,508.0,508.0,508.0,220904568604,434851513,2856,494.0,508.0,65.7803384318417,8.240262043607743,0.9094469046209466,495.3550514888062,418.1449485111938,456.75,458.76,0.03543307086614167,0
2025-04-21,523.0,523.0,502.0,518.0,1271004310129,2454504714,18424,508.0,515.0,67.3625200408481,11.159879806950187,2.959533485086795,505.64930478275477,415.7506952172452,460.7,459.16,0.021359223300970953,0
2025-04-22,519.0,533.0,506.0,529.0,1600306099050,3027738865,24869,518.0,527.0,69.92931856655395,14.277416461341545,5.2231100803377455,517.6222594808312,411.57774051916886,464.6,460.02,0.032258064516129004,0
2025-04-23,532.0,543.0,514.0,533.0,1297449895926,2433547942,19567,529.0,543.0,72.98054960623254,17.833578609809535,7.745203786232104,531.7422810013566,407.0577189986434,469.4,461.16,0.025782688766114115,0
2025-04-26,548.0,548.0,520.0,542.0,1263103035168,2329238383,18499,533.0,548.0,73.87274566794477,20.815374269038728,10.35923788279343,544.4533666842193,404.84663331578065,474.65,462.64,-0.01642335766423353,0
2025-04-27,526.0,541.0,526.0,530.0,786734760875,1485259174,12748,542.0,526.0,63.87798579609714,21.15934096195008,12.519258498624762,550.8422954089947,405.1577045910053,478.0,463.66,0.0,0
2025-04-28,529.0,544.0,519.0,529.0,564811101506,1068464138,9775,530.0,526.0,63.87798579609714,21.187698445433966,14.252946487986605,556.2765409679293,407.4234590320707,481.85,464.8,-0.009505703422053258,0
2025-04-29,532.0,544.0,524.0,541.0,981975574713,1816210805,13457,529.0,544.0,67.98780542848277,22.404358029981893,15.883228796385664,563.885926085443,409.7140739145571,486.8,466.06,-0.014705882352941124,0
2025-04-30,556.0,557.0,547.0,555.0,813637369014,1466114384,11548,541.0,557.0,70.59033906609528,24.139298068815947,17.53444265087172,573.4143806220783,409.9856193779217,491.7,467.64,-0.04308797127468578,0
2025-05-03,539.0,539.0,539.0,539.0,344827285803,639753777,4352,555.0,539.0,62.958187970379164,23.78759242324361,18.7850726053461,578.1096734117889,413.99032658821113,496.05,469.0,-0.0278293135435993,0
2025-05-04,523.0,533.0,523.0,524.0,1331912386887,2541775024,18296,539.0,526.0,58.074554005783945,22.20391885564993,19.46884185540687,579.3597339171927,421.1402660828073,500.25,470.12,-0.020912547528517123,0
2025-05-05,526.0,535.0,511.0,523.0,750007884220,1434983616,10895,524.0,521.0,56.266739080906696,20.311252455334056,19.637323975392306,577.7317739100495,431.66822608995045,504.7,471.4,0.007677543186180413,0
2025-05-06,523.0,536.0,512.0,527.0,541157027489,1027207063,8833,523.0,536.0,60.26312761233547,19.79350809662128,19.6685607996381,578.0537062987754,440.44629370122465,509.25,473.24,-0.013059701492537323,0
2025-05-07,540.0,542.0,531.0,540.0,696520289620,1289553287,9497,527.0,533.0,59.09991952940165,18.922984646386226,19.519445568987727,575.36164385072,452.53835614928005,513.95,475.28,-0.022514071294559068,0
2025-05-10,525.0,530.0,524.0,524.0,489379629462,933696360,6490,540.0,524.0,55.63074192606542,17.30735533755376,19.077027522700934,571.6769377296854,463.62306227031456,517.65,476.76,-0.01908396946564883,0
2025-05-11,509.0,522.0,509.0,510.0,669261620340,1312577001,10976,524.0,515.0,52.323104968264296,15.126365362399497,18.286895090640648,568.3522585186516,472.0477414813485,520.2,478.12,0.029126213592232997,0
2025-05-12,525.0,525.0,525.0,525.0,241856208300,460678492,2903,510.0,525.0,55.489789536029306,14.042953098533417,17.438106692219204,566.4971525323319,478.7028474676681,522.6,479.94,-0.017142857142857126,0
2025-05-13,535.0,539.0,521.0,531.0,783463867622,1476652790,10906,525.0,529.0,56.727872545777515,13.353180491817398,16.621121452138844,560.5790944374669,491.1209055625332,525.85,481.52,-0.03969754253308133,0
2025-05-14,526.0,537.0,520.0,527.0,901453113665,1710094471,12453,531.0,521.0,53.52136702136031,12.022410723116081,15.701379306334292,556.0015541390932,499.69844586090693,527.85,482.68,-0.040307101727447225,0
2025-05-17,519.0,525.0,512.0,515.0,1129597935590,2195056057,16571,527.0,514.0,50.81480196979157,10.28437274794419,14.617977994656272,553.2981083204037,504.40189167959636,528.85,483.48,-0.017509727626459193,0
2025-05-18,511.0,530.0,511.0,525.0,819700867330,1560082797,11899,515.0,530.0,56.25958744471413,10.081814530952556,13.71074530191553,552.4486666370717,507.4513333629284,529.95,484.7,-0.0811320754716981,0
2025-05-19,530.0,535.0,514.0,523.0,449796826403,860722745,7541,525.0,516.0,50.94532029980702,8.691413483099382,12.7068789381523,552.3696222687392,507.6303777312607,530.0,485.64,-0.05232558139534882,0
2025-05-20,510.0,521.0,508.0,511.0,1157702943323,2267045676,14689,523.0,508.0,48.1466024377817,6.864843847509519,11.538471920023746,553.3767342741719,504.723265725828,529.05,486.1,-0.047244094488189003,0
2025-05-21,496.0,502.0,496.0,497.0,658036220232,1325099611,10411,511.0,500.0,45.45727955498957,4.717362294298027,10.174249994878602,553.4171642610288,500.38283573897115,526.9,486.72,-0.040000000000000036,0
2025-05-24,510.0,511.0,489.0,502.0,357178030240,711748691,6613,497.0,505.0,47.43356874842017,3.3799637862912277,8.81539275316113,551.0473382768408,498.45266172315917,524.75,487.72,-0.06336633663366331,0
2025-05-25,501.0,504.0,487.0,490.0,325258704782,663902665,5686,502.0,487.0,41.59104228141029,0.8577289006871638,7.223859982666337,553.8006451617831,491.7993548382168,522.8,488.24,-0.03285420944558526,0
2025-05-26,490.0,498.0,476.0,483.0,425196790147,881116256,8335,490.0,489.0,42.43940646499086,-0.9686115812041862,5.585365669892233,555.2106187983663,486.68938120163375,520.95,489.14,-0.05112474437627812,0
2025-05-27,490.0,492.0,477.0,484.0,267462707832,552435364,5340,483.0,484.0,40.842286254263826,-2.7873272113902203,3.910827093635742,554.0691085223219,481.83089147767816,517.95,490.16,-0.06198347107438018,0
2025-05-28,488.0,491.0,478.0,482.0,230926635588,479425353,4679,484.0,480.0,39.55967316036156,-4.499570771092806,2.2287475206900327,549.1479671371628,479.05203286283717,514.1,491.12,-0.07916666666666672,0
2025-05-31,488.0,488.0,469.0,478.0,340629519803,713250660,7095,482.0,473.0,37.34917878770294,-6.348199534152116,0.5133581097216031,548.1983956935051,473.40160430649496,510.8,492.16,-0.08245243128964064,0
2025-06-01,475.0,475.0,464.0,465.0,474719287715,1021114061,8773,478.0,471.0,36.717885715235425,-7.883755407954766,-1.166064593813671,548.5344414614831,467.56555853851694,508.05,492.94,-0.10615711252653925,0
2025-06-02,465.0,476.0,463.0,467.0,369807831972,791928247,6346,465.0,464.0,34.51872275668332,-9.555387441185246,-2.843929163287986,549.4836312924824,460.91636870751756,505.2,493.5,-0.06465517241379315,0
2025-06-03,462.0,470.0,453.0,455.0,426346040109,936929924,8516,467.0,454.0,31.606388224471928,-11.553898151651424,-4.585922960960674,548.3055081579357,453.89449184206427,501.1,493.6,-0.07268722466960353,0
2025-06-07,443.0,454.0,442.0,443.0,296901215184,670339810,5180,455.0,442.0,28.499086597900344,-13.945279498579112,-6.457794268484362,547.9366714280015,445.1633285719985,496.55,493.5,-0.06561085972850678,0
2025-06-08,434.0,440.0,430.0,434.0,369428853463,851136567,7490,443.0,434.0,26.62014862985683,-16.29812494704288,-8.425860404196065,548.5423888718634,435.5576111281366,492.05,493.32,-0.06682027649769584,0
2025-06-09,436.0,437.0,421.0,423.0,396484465193,937652734,8428,434.0,421.0,23.866501352349303,-18.992825797582384,-10.53925348287333,550.6533174521708,424.04668254782933,487.35,492.56,-0.061757719714964354,0
2025-06-10,423.0,435.0,417.0,428.0,308860934597,722378924,5977,423.0,434.0,31.497619549401776,-19.850579161422957,-12.401518618583255,547.6863622069442,417.91363779305584,482.8,492.26,-0.09447004608294929,0
2025-06-11,435.0,437.0,420.0,425.0,316652637400,744552916,6159,428.0,421.0,28.428900435964962,-21.3334277608829,-14.187900447043184,543.9624518813068,410.8375481186931,477.4,491.78,-0.05700712589073631,0
2025-06-28,413.0,413.0,413.0,417.0,75813909857,183568789,1274,425.0,413.0,26.704660184031283,-22.890264381418433,-15.928373233918235,541.0159401910299,402.98405980897,472.0,490.86,-0.07748184019370463,0
2025-06-29,405.0,405.0,405.0,407.0,92978675685,229576977,1533,417.0,405.0,25.067350488550474,-24.48732709686459,-17.640164006507508,538.5874208342607,394.51257916573934,466.55,489.92,-0.07407407407407407,0
2025-06-30,395.0,395.0,395.0,405.0,18919207560,47896728,647,407.0,395.0,23.156155771043842,-26.25724999817578,-19.36358120484116,532.0899716451255,387.5100283548746,459.8,488.98,-0.07341772151898729,0
2025-07-01,393.0,393.0,393.0,403.0,14334451776,36474432,546,405.0,393.0,22.782041885181968,-27.50425796930932,-20.991716557734794,526.6932063949389,380.606793605061,453.65,488.2,-0.04580152671755722,0
2025-07-02,391.0,410.0,391.0,392.0,3288472017487,8393461447,46323,403.0,397.0,25.378700478414046,-27.848731360148292,-22.363119518217495,520.6476395236551,375.5523604763449,448.1,487.24,-0.06045340050377834,0
2025-07-07,393.0,402.0,381.0,386.0,590146023969,1526920716,11841,392.0,381.0,22.1675612819526,-29.077606736331006,-23.7060169618402,516.199375422449,368.10062457755095,442.15,486.08,-0.023622047244094446,0
2025-07-08,380.0,386.0,375.0,376.0,164489899392,437959946,3652,386.0,375.0,21.089904855396313,-30.187664575376346,-25.00234648454743,509.31213410196204,361.9878658980379,435.65,484.58,-0.013333333333333308,0
2025-07-09,365.0,367.0,365.0,365.0,235463964355,645096615,5124,376.0,366.0,19.5542962461882,-31.431297758954543,-26.288136739428854,505.2476040628918,353.95239593710824,429.6,482.62,0.016393442622950838,0
2025-07-12,375.0,375.0,370.0,374.0,290706978476,777225487,6405,365.0,375.0,25.403653646403527,-31.329514096413845,-27.296412210825853,497.94836257782214,349.8516374221778,423.9,480.58,-0.002666666666666706,0
2025-07-13,376.0,380.0,365.0,372.0,421037365543,1131729941,7998,374.0,373.0,24.969161991957677,-31.052281721529653,-28.047586112966616,490.1532729090894,346.5467270909106,418.35,478.76,-0.002680965147453085,0
2025-07-14,375.0,377.0,369.0,372.0,298851468109,802885300,5694,372.0,372.0,24.741304902672013,-30.56097679281379,-28.550264248936053,481.56916642205516,344.3308335779448,412.95,476.58,0.021505376344086002,0
2025-07-15,370.0,377.0,367.0,372.0,238630707530,641416841,4944,372.0,370.0,24.26438812432926,-29.987322198602612,-28.837675838869366,472.9938647455282,342.60613525447184,407.8,474.1,0.002702702702702675,0
2025-07-16,375.0,376.0,370.0,372.0,250135120003,671653750,5251,372.0,372.0,25.80460415670322,-29.03659769090325,-28.877460209276144,462.93086218138615,342.7691378186139,402.85,471.38,-0.016129032258064502,0
2025-07-19,377.0,383.0,373.0,377.0,199763493937,530163907,4308,372.0,374.0,27.394740152133835,-27.801282504632752,-28.66222466834747,452.6391333552044,344.0608666447956,398.35,468.56,-0.0401069518716578,0
2025-07-20,377.0,381.0,366.0,373.0,287670084591,771307887,5946,377.0,372.0,26.77672453929459,-26.676163398527535,-28.265012414383484,443.23520185177944,345.26479814822056,394.25,465.46,-0.05913978494623651,0
2025-07-21,373.0,383.0,372.0,378.0,369785649403,977486628,6730,373.0,380.0,33.26229529958849,-24.852481325100086,-27.582506196526808,435.26020290658255,347.0397970934174,391.15,462.2,-0.09999999999999998,0
2025-07-22,380.0,385.0,371.0,377.0,355846780969,944846095,6652,378.0,371.0,30.038855005869394,-23.858400141359482,-26.837684985493347,428.2492236007131,347.7507763992869,388.0,458.66,-0.10512129380053903,0
2025-07-23,370.0,377.0,366.0,368.0,624928076455,1697130899,11218,377.0,366.0,28.392644250762984,-23.20653140604867,-26.111454269604412,423.5742742978973,346.9257257021027,385.25,455.46,-0.11202185792349728,0
2025-07-26,363.0,370.0,357.0,360.0,509719846077,1415690109,9947,368.0,359.0,26.225727054288214,-22.989750699966976,-25.487113555676927,414.2871926285378,348.7128073714622,381.5,452.12,-0.12256267409470756,0
2025-07-27,357.0,361.0,350.0,352.0,328596752411,933151386,7080,360.0,350.0,23.719235137303883,-23.275865523407617,-25.044863949223068,408.1326108953682,347.7673891046318,377.95,448.24,-0.10285714285714287,0
2025-07-28,345.0,348.0,342.0,342.0,150039557127,438114755,3467,352.0,342.0,21.731071723731603,-23.87295416828664,-24.810481993035783,403.95266486226836,344.8473351377316,374.4,443.94,-0.06725146198830412,0
2025-07-29,332.0,332.0,332.0,332.0,94246520916,283875063,2162,342.0,332.0,19.52765707046663,-24.866423002100305,-24.82167019484869,402.25158726892846,339.24841273107154,370.75,439.8,-0.0662650602409639,0
2025-07-30,323.0,329.0,323.0,324.0,402513096081,1243608591,9463,332.0,325.0,18.14102976712458,-25.91980829352582,-25.04129781458412,402.5253455045059,331.9746544954941,367.25,435.78,-0.0707692307692308,0
2025-08-02,320.0,323.0,315.0,315.0,345975539073,1096854953,7720,324.0,315.0,16.35441371792912,-27.247448527052597,-25.482527957077817,403.3113563391266,323.38864366087347,363.35,431.66,-0.06666666666666665,0
2025-08-03,311.0,324.0,311.0,319.0,255635478194,802305133,6325,315.0,314.0,16.182778240968688,-28.056882345034523,-25.997398834669163,401.49231609244237,316.9076839075576,359.2,427.22,-0.08917197452229297,0
2025-08-09,320.0,324.0,313.0,319.0,90886723030,285344302,2083,319.0,319.0,20.66595993430532,-27.972457189948727,-26.392410505725078,400.57875898070193,311.6212410192981,356.1,422.94,-0.11912225705329149,0
2025-08-10,314.0,323.0,310.0,311.0,265609501575,852681803,6569,319.0,310.0,18.724532142442925,-28.305486402460474,-26.77502568507216,400.7009143116795,304.9990856883205,352.85,418.66,-0.06774193548387097,0
2025-08-11,310.0,310.0,302.0,303.0,176240028715,582015635,4630,311.0,302.0,17.17959523766187,-28.882013718218047,-27.196423291701336,401.91193644005176,297.3880635599482,349.65,414.4,-0.019867549668874163,0
2025-08-12,298.0,298.0,294.0,294.0,232854660612,791006436,5757,303.0,294.0,15.777662677170099,-29.642745789330434,-27.685687791227156,401.78327153579096,289.4167284642091,345.6,409.78,0.013605442176870763,0
2025-08-13,286.0,290.0,286.0,286.0,212696473072,743432611,5406,294.0,286.0,14.503103984295635,-30.53912851411269,-28.256375935804265,401.591942299406,280.908057700594,341.25,404.92,0.020979020979021046,0
2025-08-16,278.0,289.0,278.0,281.0,365229413120,1299347115,8788,286.0,281.0,13.755195204759474,-31.292258813994977,-28.863552511442407,400.6940622281888,272.7059377718112,336.7,400.12,0.028469750889679624,0
2025-08-17,286.0,289.0,282.0,288.0,96597358026,335184283,2204,281.0,289.0,20.793278078597993,-30.887534589526695,-29.268348927059268,397.94096415634937,267.3590358436506,332.65,395.62,-0.02768166089965396,0
2025-08-18,296.0,296.0,288.0,295.0,410080570318,1391781913,9222,288.0,296.0,26.44917780342253,-29.660043706088288,-29.346687882865073,393.3799155467143,264.32008445328574,328.85,390.94,-0.04729729729729726,0
2025-08-19,299.0,303.0,291.0,301.0,236838876465,787355201,5953,295.0,298.0,28.03044448749492,-28.20078396885208,-29.117507100062475,387.4117671371366,262.6882328628634,325.05,386.58,-0.06040268456375841,0
2025-08-20,299.0,300.0,292.0,293.0,251536291183,859837038,5830,301.0,292.0,26.209948623252657,-27.214745326073285,-28.73695474526464,381.07157945661584,261.0284205433842,321.05,382.26,-0.04109589041095896,0
2025-08-23,290.0,296.0,285.0,289.0,106481385421,367917766,3150,293.0,289.0,25.324318920066872,-26.37138461932551,-28.263840720076814,371.54725243340755,261.45274756659245,316.5,378.04,-0.01384083044982698,0
2025-08-25,289.0,289.0,281.0,282.0,114215438442,405719870,3602,289.0,281.0,23.084279110336865,-26.048279967379813,-27.820728569537415,363.06074813854315,260.93925186145685,312.0,373.56,0.04270462633451966,0
2025-08-26,276.0,283.0,274.0,279.0,111134680020,398984446,3346,282.0,282.0,23.98935928545029,-25.41851672192513,-27.34028620001496,353.9891762263428,261.6108237736572,307.8,369.46,0.06737588652482263,1
2025-08-27,277.0,287.0,276.0,284.0,129906862482,457247248,3676,279.0,280.0,23.396385645433725,-24.794986923099714,-26.831226344631908,345.0969392860676,262.60306071393245,303.85,365.28,0.05714285714285716,1
2025-08-30,276.0,282.0,276.0,277.0,187048046893,675081282,5050,284.0,280.0,23.396385645433725,-24.023902471904876,-26.2697615700865,336.95751289652014,263.7424871034799,300.35,361.2,0.1071428571428572,1
2025-08-31,282.0,285.0,282.0,285.0,196358425798,689130290,4315,277.0,285.0,28.519275957804396,-22.747139412172032,-25.565237138503612,329.24586587997203,265.75413412002797,297.5,357.3,0.11578947368421044,1
2025-09-02,290.0,293.0,288.0,293.0,126910486601,433627360,2568,285.0,293.0,35.90502343873297,-20.84942317549053,-24.622074345900998,323.0925126026905,268.00748739730955,295.55,353.7,0.08191126279863492,1
2025-09-03,301.0,301.0,296.0,300.0,355134117037,1182083121,7290,293.0,301.0,42.322929942467375,-18.486831557857045,-23.39502578829221,318.54318086712624,270.1568191328738,294.35,350.3,0.03322259136212624,0
2025-09-06,308.0,308.0,291.0,301.0,251329554095,833887201,6211,300.0,296.0,39.6506358601351,-16.823982494949178,-22.080817129623604,315.6925996794805,271.10740032051945,293.4,346.94,0.08783783783783794,1
2025-09-07,295.0,310.0,295.0,309.0,325051260189,1052744724,6969,301.0,310.0,49.30299630917612,-14.212645109537618,-20.50718272560641,314.81110826564884,271.58889173435114,293.2,344.06,0.022580645161290214,0
2025-09-08,315.0,318.0,311.0,318.0,296364004164,932864272,5574,309.0,318.0,53.84574976923177,-11.366581401770304,-18.679062460839187,314.5254532225541,271.77454677744583,293.15,341.58,-0.01572327044025157,0
2025-09-09,325.0,325.0,312.0,319.0,318210640257,996471785,7049,318.0,317.0,53.20398520120942,-9.086997797089111,-16.760649528089175,316.158331811269,270.841668188731,293.5,339.24,-0.034700315457413256,0
2025-09-13,318.0,320.0,310.0,313.0,242845471631,776508712,5586,319.0,311.0,49.39960659001927,-7.676076194594316,-14.943734861390205,317.60142702818416,270.2985729718158,293.95,337.04,-0.03858520900321538,0
2025-09-14,311.0,322.0,311.0,322.0,390991594763,1215795298,7285,313.0,322.0,55.659491578099754,-5.60568375737364,-13.076124640586892,321.9753638560938,268.72463614390625,295.35,334.8,-0.08074534161490687,0
2025-09-15,328.0,330.0,314.0,322.0,263297857090,817234778,6043,322.0,317.0,52.48130707274485,-4.3185593833987355,-11.324611589149262,324.7488779032339,269.05112209676605,296.9,332.72,-0.04731861198738174,0
2025-09-16,314.0,319.0,313.0,313.0,249062709542,794931847,5129,322.0,313.0,50.02058098705851,-3.5800025732087875,-9.775689785961168,326.1875423334949,270.8124576665051,298.5,330.72,-0.054313099041533586,0
2025-09-17,309.0,315.0,304.0,308.0,182077248572,591550841,4514,313.0,306.0,45.95937105850842,-3.5189680059863804,-8.52434542996621,326.86199739148344,271.8380026085166,299.35,328.74,-0.05228758169934644,0
2025-09-20,299.0,299.0,299.0,303.0,43693673413,146132687,816,308.0,299.0,42.2639692064664,-3.9894512595188303,-7.617366595876735,326.96998362702413,272.03001637297587,299.5,326.82,-0.006688963210702337,0
2025-09-21,294.0,297.0,294.0,294.0,213792197179,726652566,4982,303.0,296.0,40.75165932324185,-4.5519159024913165,-7.004276457199651,326.90563579466914,271.8943642053308,299.4,324.88,0.023648648648648685,0
2025-09-22,298.0,302.0,296.0,301.0,203940793947,677867296,4875,294.0,302.0,44.991186882482154,-4.462087165190667,-6.495838598797855,327.2122683142381,272.58773168576187,299.9,322.98,0.0331125827814569,0
2025-09-23,303.0,303.0,292.0,296.0,218211242329,737714542,5245,301.0,296.0,41.772240629234126,-4.819491007303327,-6.1605690804989495,327.17118126065236,273.32881873934764,300.25,321.28,0.060810810810810745,1
2025-09-24,289.0,293.0,288.0,289.0,210646013469,729132470,5480,296.0,290.0,38.78394895313444,-5.523217766710104,-6.03309881774118,326.60057915315514,274.79942084684484,300.7,319.58,0.06896551724137923,1
2025-09-27,281.0,297.0,281.0,295.0,147124214466,498206285,3129,289.0,297.0,43.832340322690136,-5.453223429872594,-5.9171237401674635,325.9732542797399,276.9267457202601,301.45,318.2,0.07407407407407418,1
2025-09-28,303.0,303.0,303.0,303.0,79120528368,261123856,1434,295.0,303.0,47.805621751808275,-4.8576070869956425,-5.7052204095331,325.062413059791,280.137586940209,302.6,316.76,0.07920792079207928,1
2025-09-29,312.0,312.0,312.0,312.0,79374068592,254404066,1445,303.0,312.0,53.15830498808644,-3.6176500424396068,-5.287706336114401,324.4445054389706,283.95549456102935,304.2,315.54,0.019230769230769162,0
2025-09-30,320.0,321.0,308.0,316.0,544562008166,1724937543,11112,312.0,314.0,54.28038177901704,-2.4454027848252053,-4.719245625856562,324.27552013953886,287.0244798604611,305.65,314.38,0.0573248407643312,1
2025-10-01,309.0,319.0,307.0,310.0,378936322620,1224002567,8767,316.0,310.0,51.61720998310502,-1.8181959273230746,-4.139035686149865,324.27076251791925,288.72923748208075,306.5,313.18,0.06774193548387086,1
2025-10-04,319.0,319.0,319.0,319.0,148398724397,465199763,2508,310.0,319.0,56.75799363453885,-0.588125643783485,-3.428853677676589,325.77824802499396,289.021751975006,307.4,312.12,0.056426332288401326,1
2025-10-05,328.0,328.0,323.0,327.0,657487001466,2008458323,12634,319.0,327.0,60.75015865519711,1.0204835600584374,-2.538986230129584,328.41766551151017,289.4823344884898,308.95,311.18,0.05810397553516822,1
2025-10-06,331.0,335.0,318.0,323.0,679050377197,2103738622,14281,327.0,318.0,54.63875905228003,1.5512117561162313,-1.720946632880421,329.2122758129073,289.48772418709274,309.35,310.1,0.11006289308176109,1
2025-10-07,317.0,332.0,316.0,330.0,678699459397,2056573127,12807,323.0,332.0,61.18075871888157,3.0661559352940913,-0.7635261192455187,331.9632380187852,288.1367619812148,310.05,309.14,0.07228915662650603,1
2025-10-08,334.0,338.0,321.0,328.0,490857965184,1494317773,10044,330.0,331.0,60.50947575043482,4.138363985244894,0.21685190165256374,334.33707274054717,287.16292725945283,310.75,308.34,0.09667673716012093,1
2025-10-11,334.0,337.0,329.0,336.0,361241846548,1073692569,6137,328.0,337.0,63.12387540520951,5.4098846627250055,1.2554584538670521,338.2681235115661,285.8318764884339,312.05,307.76,0.08902077151335308,1
2025-10-12,346.0,346.0,346.0,343.0,67561293138,195263853,1089,336.0,346.0,66.68653870016891,7.062387932400554,2.4168443495737524,343.1222279126887,283.3777720873113,313.25,307.5,0.06647398843930641,1
2025-10-13,353.0,353.0,353.0,353.0,222152714812,629327804,3497,343.0,353.0,69.18052974210259,8.835005731349781,3.7004766259289585,349.583896398574,280.51610360142604,315.05,307.56,0.03399433427762033,0
2025-10-14,363.0,363.0,351.0,361.0,1976731486529,5468936065,31244,353.0,356.0,70.2098619095259,10.362441263502546,5.0328695534436765,356.0412152290222,278.35878477097776,317.2,307.84,0.022471910112359605,0
2025-10-15,353.0,366.0,351.0,357.0,661314921156,1853732189,11899,361.0,363.0,72.51642367723285,11.999464073439924,6.426188457442926,363.3003179233049,276.79968207669515,320.05,308.46,0.02203856749311295,0
2025-10-18,367.0,367.0,365.0,367.0,197540337007,538385277,3077,357.0,367.0,73.76638712393778,13.464374091784691,7.833825584311279,370.10393874547583,276.79606125452415,323.45,309.3,0.027247956403269713,0
2025-10-19,378.0,378.0,369.0,376.0,904311865212,2403748843,15216,367.0,369.0,74.39347640475998,14.618199615082915,9.190700390465608,375.962664688556,278.23733531144404,327.1,310.38,0.013550135501354976,0
2025-10-20,370.0,375.0,365.0,367.0,400915034609,1091427434,7968,376.0,365.0,70.75082621937615,15.036516482452384,10.359863608862963,380.34141643501357,280.15858356498643,330.25,311.4,0.0547945205479452,1
2025-10-21,359.0,374.0,356.0,361.0,389561148145,1077915607,7377,367.0,364.0,69.83026851525102,15.113129224893328,11.310516732069036,383.20915657540604,284.0908434245939,333.65,312.3,0.07967032967032961,1
2025-10-22,367.0,371.0,359.0,368.0,334279058079,907472676,6382,361.0,371.0,72.52513804240485,15.559328618829852,12.1602791094212,385.5376420872226,289.8623579127774,337.7,313.52,0.04851752021563338,0
2025-10-25,362.0,378.0,357.0,364.0,637482451656,1750395108,12128,368.0,377.0,74.6179530255148,16.210233230958636,12.970269933728689,388.62589903736335,294.7741009626366,341.7,315.02,0.0053050397877985045,0
2025-10-26,374.0,374.0,371.0,374.0,215312637641,575729299,3573,364.0,374.0,71.67802931362228,16.296152989966004,13.635446544976153,390.64548436204274,299.85451563795726,345.25,316.62,0.010695187165775444,0
2025-10-27,380.0,385.0,372.0,382.0,512956317741,1344351528,9549,374.0,385.0,75.49108334132619,17.055250772778436,14.31940739053661,394.7514994352868,303.04850056471315,348.9,318.6,-0.007792207792207795,0
2025-10-28,389.0,393.0,376.0,389.0,737380254324,1894901504,12517,382.0,393.0,77.8289402567795,18.093800308910374,15.074285974211362,399.5972993921972,306.10270060780283,352.85,320.84,-0.04834605597964381,0
2025-10-29,396.0,396.0,383.0,390.0,381188428079,978193079,7975,389.0,389.0,74.02672220049851,18.382193246803922,15.735867428729875,401.7114684736909,311.8885315263091,356.8,322.84,-0.05655526992287918,0
2025-11-01,390.0,396.0,379.0,384.0,549418028545,1431960408,10783,390.0,379.0,65.42186766185425,17.600937648323907,16.108881472648683,402.1537483637875,317.44625163621254,359.8,324.5,-0.05013192612137207,0
2025-11-02,374.0,385.0,373.0,378.0,480585968930,1271352647,9738,384.0,378.0,64.61303287097417,16.708490240417063,16.22880322620236,402.5856806884484,322.11431931155164,362.35,326.1,-0.05555555555555558,0
2025-11-03,380.0,389.0,377.0,385.0,550446220628,1429041791,11677,378.0,382.0,66.40236229142269,16.13795748219468,16.210634077400822,401.07168352517186,330.02831647482816,365.55,327.9,-0.08115183246073299,0
2025-11-04,378.0,382.0,374.0,375.0,408322721616,1087546624,8401,385.0,374.0,59.88083268801196,14.868873896895707,15.9422820412998,399.79513960869133,335.5048603913086,367.65,329.6,-0.07486631016042777,0
2025-11-05,364.0,369.0,364.0,364.0,439417994430,1205611187,9075,375.0,367.0,54.80851216125528,13.14672722582793,15.383171078205427,396.8687891866523,342.0312108133477,369.45,331.32,-0.05722070844686644,0
2025-11-08,370.0,374.0,357.0,368.0,341278321105,927655595,7280,364.0,360.0,50.22669123805697,11.089242201762488,14.52438530291684,394.1321057379481,347.06789426205194,370.6,332.88,-0.02777777777777779,0
2025-11-09,360.0,360.0,357.0,357.0,315769465729,884313881,5942,368.0,357.0,48.36077870565161,9.111563140722467,13.441820870477967,392.79509183306726,349.5049081669327,371.15,334.42,0.0,0
2025-11-10,349.0,367.0,347.0,350.0,445716792432,1273017382,9426,357.0,351.0,44.7778770253156,6.979631532890892,12.149383002960553,393.0452267654127,349.05477323458734,371.05,335.84,0.005698005698005604,0
2025-11-11,354.0,356.0,341.0,347.0,224019236248,645168729,5305,350.0,346.0,41.986281726289086,4.830914386779114,10.685689279724267,394.27741031933266,346.82258968066736,370.55,337.06,0.00867052023121384,0
2025-11-12,349.0,351.0,340.0,346.0,239119266482,692022795,5142,347.0,346.0,41.986281726289086,3.092393381856425,9.167030100150699,395.5696733737026,343.8303266262974,369.7,338.12,0.0,0
2025-11-15,348.0,353.0,342.0,347.0,173819518043,500598204,4303,346.0,350.0,45.15846254178343,2.01415164430324,7.736454408981207,396.09903668870044,341.6009633112996,368.85,339.1,-0.011428571428571455,0
2025-11-16,353.0,357.0,348.0,355.0,243079905313,684831890,4726,347.0,357.0,50.281932610714435,1.704826617510264,6.530128850687019,395.9835536933549,340.5164463066451,368.25,340.32,0.0056022408963585235,0
2025-11-17,360.0,365.0,352.0,359.0,321044942168,893352922,6446,355.0,353.0,47.54832342770792,1.1239614071452593,5.448895361978667,396.14754376191496,339.152456238085,367.65,341.18,0.04249291784702547,0
2025-11-18,352.0,356.0,349.0,350.0,320959453270,916973666,6889,359.0,349.0,44.91845537098711,0.3369705852678635,4.426510406636506,396.51013340838455,337.2898665916154,366.9,341.8,0.08595988538681953,1
2025-11-19,350.0,351.0,341.0,347.0,156238095486,450039579,3882,350.0,346.0,42.99762435455347,-0.5227740254368314,3.4366535202218387,396.54514525718326,334.7548547428167,365.65,342.38,0.12427745664739875,1
2025-11-22,343.0,355.0,343.0,349.0,184046606511,527333987,4340,347.0,346.0,42.99762435455348,-1.1904055691463782,2.5112417023481957,395.6651706864165,332.53482931358354,364.1,343.08,0.09537572254335269,1
2025-11-23,350.0,359.0,345.0,358.0,454024322892,1268159076,8781,349.0,359.0,53.08097345881837,-0.6628758034584621,1.8764182011868642,394.65031949457835,332.0496805054217,363.35,343.82,0.04456824512534818,0
2025-11-25,368.0,368.0,368.0,368.0,150635739264,409336248,2048,358.0,368.0,58.54788873484517,0.47593385117977505,1.5963213311854465,392.28925981730265,332.71074018269735,362.5,344.84,0.016304347826086918,0
2025-11-26,379.0,379.0,376.0,379.0,1032908178124,2725385577,15322,368.0,379.0,64.0598713257182,2.2402327674783464,1.7251036184440265,389.25614686118274,334.3438531388173,361.8,346.16,0.005277044854881341,0
2025-11-29,380.0,390.0,380.0,388.0,1251739478581,3225421609,20198,379.0,389.0,68.19971711303495,4.394709322783683,2.259024759311958,389.25614686118274,334.3438531388173,361.8,347.82,-0.010282776349614386,0
2025-11-30,382.0,386.0,377.0,378.0,659388167470,1742777637,12074,388.0,379.0,60.67332231194767,5.2348865746864135,2.854197122386849,389.25614686118274,334.3438531388173,361.8,349.42,0.0158311345646438,0
2025-12-01,387.0,388.0,370.0,378.0,432181657622,1144074874,8382,378.0,375.0,57.91987534760953,5.514399959229138,3.3862376897553075,388.7813471921843,334.51865280781567,361.65,351.0,0.058666666666666645,1
2025-12-02,378.0,385.0,371.0,377.0,301434743670,799644793,6019,378.0,374.0,57.22074661422378,5.59077768262614,3.827145688329474,387.3871383372948,335.1128616627052,361.25,352.44,0.0802139037433156,1
2025-12-03,374.0,385.0,370.0,380.0,390267723813,1026923509,7479,377.0,381.0,60.7887325729282,6.14530977152549,4.290778504968677,388.584439969413,334.61556003058706,361.6,354.14,0.07611548556430447,1
2025-12-06,387.0,389.0,380.0,385.0,543129610975,1410508124,9327,380.0,385.0,62.7030329608764,6.8288285332383225,4.7983885106226065,391.2854129805838,333.7145870194162,362.5,356.04,0.08311688311688314,1
2025-12-07,387.0,393.0,380.0,386.0,714815414790,1852750859,11494,385.0,385.0,62.7030329608764,7.286527522805443,5.296016313059174,394.12021568021277,333.37978431978723,363.75,357.8,0.08831168831168834,1
2025-12-08,385.0,397.0,383.0,396.0,952195857255,2405338706,14574,386.0,397.0,68.11842174338099,8.519351203830354,5.940683291213411,399.191740392247,332.308259607753,365.75,359.68,0.08312342569269515,1
2025-12-09,407.0,407.0,397.0,406.0,1435700715394,3536987464,20703,396.0,404.0,70.78336404614834,9.946556638207994,6.741857960612328,404.99726766388693,331.802732336113,368.4,361.52,0.02970297029702973,0
2025-12-10,409.0,413.0,399.0,409.0,669186126520,1634181976,11112,406.0,410.0,72.87620553769764,11.430018939920217,7.679490156473906,410.89580130830615,332.3041986916939,371.6,363.44,0.017073170731707332,0
2025-12-13,411.0,421.0,411.0,420.0,1112542035040,2649819367,16543,409.0,417.0,75.11576167342722,13.020423661319569,8.74767685744304,417.27968075432716,333.0203192456728,375.15,365.58,0.033573141486810565,0
2025-12-14,417.0,427.0,408.0,418.0,652304653939,1558836365,11914,420.0,419.0,75.73229541085752,14.277630509580433,9.853667587870518,423.15737874315755,334.0426212568425,378.6,367.58,0.014319809069212486,0
2025-12-15,420.0,430.0,416.0,428.0,681224416712,1591954002,11188,418.0,430.0,78.83785304422031,15.977406467510377,11.07841536379849,430.90336576703436,333.59663423296564,382.25,369.64,-0.027906976744186074,0
2025-12-16,435.0,440.0,416.0,426.0,1001860093980,2354225923,16664,428.0,416.0,67.0731808604036,16.01025194489125,12.064782680017043,434.2278609040015,336.57213909599847,385.4,371.6,0.02163461538461542,0
2025-12-17,417.0,427.0,415.0,419.0,498550260916,1190679900,9638,426.0,417.0,67.4468563598775,15.933304647170985,12.838487073447832,436.47221413423324,341.1277858657668,388.8,373.3,0.0383693045563549,0
2025-12-20,423.0,431.0,420.0,430.0,634114213440,1473234650,10026,419.0,431.0,72.20300495047002,16.808251298277128,13.632439918413692,439.8494658138293,346.25053418617074,393.05,375.3,0.03248259860788871,0
2025-12-21,440.0,440.0,420.0,428.0,498736143299,1164674398,9531,430.0,425.0,67.64174148823184,16.823571309277327,14.270666196586419,440.4649283958847,353.5350716041153,397.0,377.06,0.0776470588235294,1
2025-12-22,423.0,434.0,416.0,421.0,693745722557,1647900189,13228,428.0,418.0,62.667745509483865,16.08544799813194,14.633622556895524,440.6168169452577,359.28318305474227,399.95,378.5,0.12200956937799035,1
2025-12-23,418.0,428.0,409.0,421.0,539459502648,1281648760,9819,421.0,425.0,65.4071822243084,15.882240868338386,14.883346219184098,442.07645605778123,363.5235439422188,402.8,379.94,0.07058823529411762,1
2025-12-24,428.0,433.0,426.0,433.0,617042618567,1425462795,9502,421.0,433.0,68.27260131853996,16.18021544336233,15.142720064019745,445.28190544026967,365.71809455973033,405.5,381.48,0.07390300230946889,1
2025-12-27,445.0,445.0,435.0,445.0,941859885524,2118167518,12889,433.0,445.0,72.0169265637964,17.186546344667534,15.551485320149304,450.83045967842673,365.7695403215733,408.3,383.12,-0.006741573033707815,0
2025-12-28,455.0,458.0,448.0,458.0,1046537132083,2286653207,13435,445.0,458.0,75.40349112462137,18.816161195038717,16.204420495127188,457.7335135016843,366.7664864983157,412.25,384.94,-0.004366812227074246,0
2025-12-29,471.0,471.0,449.0,469.0,4220912160982,8995964977,52302,458.0,469.0,77.84657735744447,20.75598865678205,17.114734127458163,465.39574285174535,368.5042571482546,416.95,386.94,-0.002132196162046962,0
2025-12-30,457.0,465.0,455.0,456.0,404881580633,888520778,5535,469.0,455.0,68.51847979846883,20.92245189710195,17.876277681386924,467.92547283147013,374.07452716852987,421.0,388.74,-0.00219780219780219,0
2025-12-31,443.0,469.0,443.0,455.0,1461115303404,3212200353,20454,456.0,465.0,71.17537189594759,21.612160112200456,18.62345416754963,472.0896577131528,378.3103422868472,425.2,390.76,-0.04086021505376347,0
2026-01-04,446.0,462.0,442.0,443.0,1492033279008,3366610610,19754,455.0,442.0,58.86929614559786,20.071479538705546,18.913059241780815,471.63199169905334,384.4680083009467,428.05,392.18,-0.013574660633484115,0
2026-01-05,441.0,456.0,441.0,455.0,1019695407215,2239175021,13317,443.0,456.0,63.05640175283032,19.752467926551958,19.080940978735043,472.029692064818,391.17030793518205,431.6,393.76,-0.01754385964912286,0
2026-01-06,467.0,468.0,460.0,468.0,531307043162,1136055704,6613,455.0,468.0,66.22976474812916,20.234695661456612,19.311691915279358,475.2711914137112,395.02880858628873,435.15,395.64,-0.05769230769230771,0
2026-01-07,475.0,478.0,454.0,459.0,1154491226754,2516477381,17797,468.0,454.0,59.778336670358364,19.265105474712925,19.302374627166074,475.8823161795805,399.4176838204194,437.65,397.02,-0.037444933920704804,0
2026-01-10,446.0,450.0,446.0,446.0,1372528802341,3077377631,17497,459.0,446.0,56.39761056907504,17.647733043791618,18.97144631049118,475.6410209921638,403.25897900783616,439.45,398.08,-0.020179372197309364,0
2026-01-11,433.0,446.0,433.0,435.0,1130714076469,2600102006,16940,446.0,436.0,52.40776150678082,15.38172634670184,18.253502317733314,475.1528416169836,405.64715838301635,440.4,399.02,0.029816513761467878,0
2026-01-12,438.0,448.0,435.0,443.0,1050178958137,2368910661,15688,435.0,448.0,56.39437562890119,14.388339602865699,17.48046977475979,475.30609063317183,408.3939093668282,441.85,400.4,-0.011160714285714302,0
2026-01-13,453.0,456.0,436.0,450.0,906099847348,2014086915,13599,443.0,441.0,53.575130840395495,12.887670904955712,16.561910000798974,475.4175710865435,409.38242891345647,442.4,401.66,-0.0022675736961451642,0
2026-01-14,437.0,439.0,437.0,437.0,162683375924,372263652,2433,450.0,437.0,51.97613401397094,11.245976957533856,15.498723392145951,474.3075760625304,412.59242393746956,443.45,402.76,-0.022883295194508046,0
2026-01-18,428.0,446.0,428.0,436.0,548512984676,1258117188,9192,437.0,437.0,51.976134013970956,9.83159022428265,14.365296758573292,473.0260389217042,415.8739610782958,444.45,404.02,-0.05034324942791757,0
2026-01-19,449.0,449.0,434.0,446.0,1154069171001,2587644691,15604,436.0,449.0,56.493913243865634,9.568676513339142,13.405972709526463,473.3019230189028,417.39807698109723,445.35,405.66,-0.10244988864142535,0
2026-01-20,450.0,457.0,433.0,446.0,502896862493,1127485042,8359,446.0,443.0,53.77018302921056,8.775012762447886,12.479780720110748,472.6384444493149,419.8615555506851,446.25,407.32,-0.11738148984198649,0
2026-01-21,442.0,452.0,433.0,440.0,649932382345,1478129008,10883,446.0,440.0,52.409591104779246,7.813880048644762,11.546600585817552,470.5816594425467,424.11834055745334,447.35,408.98,-0.13636363636363635,0
2026-01-24,430.0,430.0,427.0,427.0,643538464792,1506903265,8810,440.0,427.0,46.87444266484088,5.934771739555231,10.424234816565088,470.3102274803743,424.5897725196257,447.45,410.5,-0.13583138173302112,0
2026-01-25,415.0,415.0,415.0,415.0,564074914315,1359216661,7858,427.0,415.0,42.420757647159434,3.4376382012137583,9.026915493494823,472.78337569689705,420.31662430310297,446.55,411.88,-0.10843373493975905,0
2026-01-26,403.0,403.0,403.0,403.0,465664772742,1155495714,6132,415.0,403.0,38.48309868449077,0.48475422443669913,7.318483239683198,476.84428962725923,412.05571037274075,444.45,413.02,-0.07444168734491319,0
2026-01-27,391.0,391.0,391.0,391.0,113904482101,291315811,1928,403.0,391.0,34.98577476707712,-2.7915480847127583,5.2964769748040075,480.33212969563453,401.8678703043655,441.1,413.84,-0.06905370843989767,0
2026-01-28,380.0,380.0,380.0,380.0,238080348540,626527233,4650,391.0,380.0,32.10545457270972,-6.204131966984107,2.9963551864463844,481.9369738496129,391.36302615038704,436.65,414.3,-0.018421052631578894,0
2026-01-31,369.0,380.0,369.0,370.0,363954732201,984626000,5803,380.0,369.0,29.4907657725511,-9.68459931671822,0.46016428581346336,485.4998824124377,379.2001175875623,432.35,414.62,0.0027100271002709064,0
2026-02-01,361.0,374.0,359.0,363.0,647846012888,1783892489,12508,370.0,370.0,30.048503714887204,-12.221323316461849,-2.076133234641599,485.0365737179406,370.16342628205945,427.6,415.04,-0.008108108108108136,0
2026-02-02,372.0,373.0,363.0,372.0,364261731143,979260276,7477,363.0,373.0,31.79162588891859,-13.830194560517896,-4.426945499816859,485.84367877227584,362.4563212277241,424.15,415.58,-0.024128686327077764,0
2026-02-03,380.0,380.0,361.0,363.0,406603069270,1120855190,8267,372.0,364.0,29.422862514471845,-15.651045882094309,-6.67176557627235,484.68209654584456,354.41790345415546,419.55,415.94,-0.030219780219780223,0
2026-02-07,373.0,373.0,370.0,373.0,162271706109,435048952,2628,363.0,373.0,34.66534765431044,-16.181330582678754,-8.57367857755363,478.9548127614576,350.6451872385424,414.8,416.22,-0.06434316353887404,0
2026-02-08,384.0,384.0,366.0,378.0,402424399597,1063705764,7259,373.0,370.0,33.76501390588544,-16.65170941552782,-10.18928474514847,474.93785822094253,346.2621417790575,410.6,416.26,-0.05135135135135138,0
2026-02-09,368.0,370.0,367.0,367.0,174728440612,476024736,3353,378.0,367.0,32.84630243200884,-17.069793009178397,-11.565386397954455,471.5076132806202,341.79238671937975,406.65,416.02,-0.02997275204359673,0
2026-02-10,356.0,371.0,356.0,363.0,290920186712,801571457,5956,367.0,364.0,31.911240078760642,-17.442140063928264,-12.740737131149217,468.9756399321147,337.12436006788533,403.05,415.52,-0.06043956043956045,0
2026-02-14,368.0,371.0,353.0,359.0,375491959370,1046839286,7910,363.0,353.0,28.68654640931065,-18.412587014926828,-13.87510710790474,464.27605626634033,332.3239437336597,398.3,415.0,-0.04532577903682722,0
2026-02-15,349.0,355.0,349.0,349.0,132759712792,380304937,2941,359.0,349.0,27.59455271113484,-19.28216696781834,-14.95651907988746,459.9543583506757,327.4456416493243,393.7,414.48,-0.054441260744985676,0
2026-02-16,344.0,351.0,341.0,347.0,152594688903,440148623,3762,349.0,351.0,29.048859181089895,-19.5841778486556,-15.882050833641088,455.0152421351942,323.7847578648057,389.4,414.02,-0.04843304843304841,0
2026-02-17,355.0,357.0,347.0,352.0,167631801337,475552058,3840,347.0,356.0,32.68881906710499,-19.19875414733258,-16.545391496379388,448.6722709673348,322.02772903266526,385.35,413.52,-0.0814606741573034,0
2026-02-18,360.0,362.0,342.0,347.0,206873884219,595614448,4941,352.0,342.0,28.30945161684801,-19.794803906725235,-17.195273978448558,438.82856449430915,321.17143550569085,380.0,412.66,-0.0292397660818714,0
2026-02-21,337.0,337.0,337.0,337.0,67248100620,199549260,1678,347.0,337.0,26.922217881783396,-20.435073046913544,-17.843233792141557,428.77809168657495,320.621908313425,374.7,411.7,0.014836795252225476,0
2026-02-22,327.0,334.0,327.0,329.0,283389148193,862486895,6323,337.0,330.0,25.070027144223445,-21.26223464624161,-18.527033962961568,417.6792739267219,320.72072607327806,369.2,410.36,0.06363636363636371,1
2026-02-23,332.0,338.0,329.0,333.0,152726794233,458133373,3573,329.0,334.0,28.11349606426323,-21.34890274091464,-19.091407718552183,407.48471789196475,321.6152821080353,364.55,408.96,0.0748502994011977,1
2026-02-24,330.0,333.0,324.0,329.0,221293278818,672852465,4456,333.0,327.0,26.114475184956262,-21.731917313767667,-19.619509637595282,399.37894340232765,320.9210565976723,360.15,407.3,0.12844036697247696,1
2026-02-25,327.0,337.0,327.0,333.0,206151974289,618661720,4357,329.0,332.0,29.946170794171252,-21.385482380091105,-19.972704186094447,392.37373338726866,320.8262666127314,356.6,405.6,0.14457831325301207,1
2026-05-19,342.0,342.0,336.0,341.0,1656345893014,4851354546,28217,333.0,342.0,36.98485174871494,-20.072629000371933,-19.992689148949946,386.7338917329348,321.56610826706515,354.15,404.06,0.14327485380116967,1
2026-05-20,348.0,351.0,340.0,349.0,510697765704,1465125566,9282,341.0,351.0,42.57692719832945,-18.09734354332278,-19.613620027824513,383.058524345952,322.341475654048,352.7,402.48,0.14245014245014254,1
2026-05-23,359.0,359.0,359.0,359.0,147822106378,411760742,2459,349.0,359.0,47.073039735167264,-15.705341050839024,-18.831964232427417,381.7878353460304,322.61216465396956,352.2,401.34,0.1504178272980501,1
2026-05-24,369.0,369.0,369.0,369.0,143234746605,388170045,1707,359.0,369.0,52.11968143670052,-12.854565980649852,-17.636484582071905,381.620493726163,322.679506273837,352.15,400.38,0.1517615176151761,1
2026-05-25,380.0,380.0,380.0,380.0,162209181080,426866266,2227,369.0,380.0,56.97908061441452,-9.597069091121,-16.028601483881722,383.0973855168016,321.9026144831984,352.5,399.36,0.08421052631578951,1
2026-05-26,391.0,391.0,380.0,390.0,689792813992,1766581985,9239,380.0,391.0,61.217870419259654,-6.058037977203867,-14.034488782546152,388.47527978895835,319.2247202110417,353.85,398.68,0.03324808184143224,0
2026-05-30,401.0,401.0,401.0,401.0,137103878935,341904935,1779,390.0,401.0,64.62974016052618,-2.418534534936043,-11.711297933024131,394.7765733458329,315.7234266541671,355.25,398.34,-0.0024937655860348684,0
2026-05-31,413.0,413.0,413.0,413.0,130544520764,316088428,1528,401.0,413.0,68.24051322678659,1.4177548803443187,-9.085487370350442,403.9549138165167,310.84508618348326,357.4,398.1,-0.014527845036319653,0
2026-06-01,425.0,425.0,414.0,424.0,1672777630268,3947134092,25203,413.0,425.0,71.38624364733855,5.364502942112836,-6.195489307857787,415.33853196137244,305.2614680386276,360.3,397.94,-0.07058823529411762,0
2026-06-02,430.0,430.0,412.0,416.0,1188890875604,2854955320,20602,424.0,412.0,63.9915918297999,7.358513498289142,-3.484688746628401,422.18142567611153,303.21857432388845,362.7,397.28,-0.014563106796116498,0
2026-06-03,404.0,409.0,404.0,404.0,231335692652,572541273,3835,416.0,404.0,59.88082987582553,8.198738139187412,-1.1480033694652387,427.1721285201222,303.3278714798778,365.25,396.2,0.034653465346534684,0
